Outlet_ID,model_prediction
OUT_00001,743.86
OUT_00002,782.68
OUT_00003,753.38
OUT_00004,698.06
OUT_00005,834.46
OUT_00006,691.75
OUT_00007,760.13
OUT_00008,815.2
OUT_00009,566.37
OUT_00010,773.66
OUT_00011,658.89
OUT_00012,692.12
OUT_00013,637.79
OUT_00014,616.74
OUT_00015,764.93
OUT_00016,691.82
OUT_00017,785.7
OUT_00018,672.31
OUT_00019,840.7
OUT_00020,794.05
OUT_00021,715.3
OUT_00022,785.86
OUT_00023,786.62
OUT_00024,811.38
OUT_00025,829.54
OUT_00026,822.48
OUT_00027,871.17
OUT_00028,625.23
OUT_00029,652.21
OUT_00030,708.31
OUT_00031,806.67
OUT_00032,851.25
OUT_00033,830.62
OUT_00034,789.38
OUT_00035,869.15
OUT_00036,816.05
OUT_00037,831.16
OUT_00038,817.3
OUT_00039,741.55
OUT_00040,822.74
OUT_00041,766.72
OUT_00042,784.77
OUT_00043,647.65
OUT_00044,856.78
OUT_00045,835.75
OUT_00046,582.79
OUT_00047,848.93
OUT_00048,578.38
OUT_00049,839.01
OUT_00050,683.5
OUT_00051,781.31
OUT_00052,795.23
OUT_00053,605.17
OUT_00054,824.25
OUT_00055,826.56
OUT_00056,780.89
OUT_00057,670.76
OUT_00058,541.31
OUT_00059,630.08
OUT_00060,796.15
OUT_00061,614.13
OUT_00062,617.61
OUT_00063,652.39
OUT_00064,635.7
OUT_00065,653.07
OUT_00066,748.01
OUT_00067,654.79
OUT_00068,607.29
OUT_00069,688.11
OUT_00070,647.06
OUT_00071,668.97
OUT_00072,643.7
OUT_00073,662.02
OUT_00074,736.54
OUT_00075,643.62
OUT_00076,665.37
OUT_00077,638.24
OUT_00078,816.37
OUT_00079,726.89
OUT_00080,661.61
OUT_00081,666.86
OUT_00082,643.95
OUT_00083,635.39
OUT_00084,620.87
OUT_00085,571.53
OUT_00086,636.43
OUT_00087,720.0
OUT_00088,692.19
OUT_00089,603.2
OUT_00090,664.22
OUT_00091,605.03
OUT_00092,715.76
OUT_00093,712.6
OUT_00094,613.09
OUT_00095,685.43
OUT_00096,644.43
OUT_00097,597.61
OUT_00098,617.36
OUT_00099,649.28
OUT_00100,638.65
OUT_00101,647.22
OUT_00102,648.24
OUT_00103,660.91
OUT_00104,688.56
OUT_00105,683.22
OUT_00106,633.59
OUT_00107,708.24
OUT_00108,669.79
OUT_00109,703.59
OUT_00110,675.21
OUT_00111,705.61
OUT_00112,696.5
OUT_00113,761.71
OUT_00114,636.0
OUT_00115,614.53
OUT_00116,706.82
OUT_00117,697.45
OUT_00118,685.1
OUT_00119,633.91
OUT_00120,728.86
OUT_00121,673.13
OUT_00122,684.25
OUT_00123,657.76
OUT_00124,620.97
OUT_00125,620.88
OUT_00126,604.2
OUT_00127,643.7
OUT_00128,604.51
OUT_00129,615.69
OUT_00130,642.84
OUT_00131,719.75
OUT_00132,610.46
OUT_00133,611.86
OUT_00134,642.19
OUT_00135,670.05
OUT_00136,720.68
OUT_00137,759.15
OUT_00138,590.9
OUT_00139,679.09
OUT_00140,614.15
OUT_00141,744.78
OUT_00142,696.25
OUT_00143,586.42
OUT_00144,704.78
OUT_00145,605.5
OUT_00146,670.36
OUT_00147,661.83
OUT_00148,624.18
OUT_00149,603.02
OUT_00150,555.21
OUT_00151,629.13
OUT_00152,659.12
OUT_00153,539.02
OUT_00154,610.19
OUT_00155,743.43
OUT_00156,647.92
OUT_00157,690.57
OUT_00158,660.64
OUT_00159,628.18
OUT_00160,672.86
OUT_00161,617.86
OUT_00162,614.97
OUT_00163,613.51
OUT_00164,735.57
OUT_00165,729.77
OUT_00166,668.9
OUT_00167,724.08
OUT_00168,727.86
OUT_00169,659.98
OUT_00170,621.18
OUT_00171,591.71
OUT_00172,637.08
OUT_00173,641.9
OUT_00174,618.79
OUT_00175,753.73
OUT_00176,629.81
OUT_00177,594.97
OUT_00178,682.07
OUT_00179,594.4
OUT_00180,641.15
OUT_00181,608.32
OUT_00182,720.32
OUT_00183,689.14
OUT_00184,629.6
OUT_00185,644.96
OUT_00186,748.84
OUT_00187,633.88
OUT_00188,685.9
OUT_00189,557.41
OUT_00190,668.61
OUT_00191,597.41
OUT_00192,688.48
OUT_00193,659.59
OUT_00194,684.41
OUT_00195,463.04
OUT_00196,679.77
OUT_00197,607.75
OUT_00198,716.39
OUT_00199,653.64
OUT_00200,589.93
OUT_00201,558.68
OUT_00202,661.83
OUT_00203,657.86
OUT_00204,608.55
OUT_00205,746.69
OUT_00206,659.47
OUT_00207,668.91
OUT_00208,625.41
OUT_00209,624.97
OUT_00210,642.1
OUT_00211,643.21
OUT_00212,648.48
OUT_00213,638.21
OUT_00214,774.07
OUT_00215,766.51
OUT_00216,684.0
OUT_00217,723.1
OUT_00218,648.9
OUT_00219,625.77
OUT_00220,618.02
OUT_00221,642.74
OUT_00222,699.07
OUT_00223,639.87
OUT_00224,604.81
OUT_00225,673.75
OUT_00226,645.07
OUT_00227,627.0
OUT_00228,614.68
OUT_00229,608.51
OUT_00230,635.58
OUT_00231,629.42
OUT_00232,685.34
OUT_00233,664.64
OUT_00234,718.95
OUT_00235,644.79
OUT_00236,610.64
OUT_00237,706.15
OUT_00238,620.99
OUT_00239,630.86
OUT_00240,610.86
OUT_00241,553.73
OUT_00242,639.94
OUT_00243,624.53
OUT_00244,594.28
OUT_00245,662.07
OUT_00246,711.05
OUT_00247,711.52
OUT_00248,616.6
OUT_00249,686.2
OUT_00250,633.73
OUT_00251,636.77
OUT_00252,645.18
OUT_00253,655.98
OUT_00254,595.17
OUT_00255,750.42
OUT_00256,612.79
OUT_00257,794.42
OUT_00258,773.04
OUT_00259,630.44
OUT_00260,600.24
OUT_00261,648.87
OUT_00262,647.22
OUT_00263,668.01
OUT_00264,716.47
OUT_00265,632.22
OUT_00266,629.33
OUT_00267,725.35
OUT_00268,621.89
OUT_00269,656.37
OUT_00270,609.61
OUT_00271,639.22
OUT_00272,699.0
OUT_00273,629.26
OUT_00274,666.74
OUT_00275,632.4
OUT_00276,579.12
OUT_00277,649.52
OUT_00278,738.19
OUT_00279,854.89
OUT_00280,616.16
OUT_00281,622.82
OUT_00282,606.82
OUT_00283,618.9
OUT_00284,619.41
OUT_00285,600.01
OUT_00286,643.5
OUT_00287,631.31
OUT_00288,723.6
OUT_00289,660.47
OUT_00290,720.04
OUT_00291,662.34
OUT_00292,610.73
OUT_00293,639.67
OUT_00294,632.47
OUT_00295,629.67
OUT_00296,649.24
OUT_00297,745.4
OUT_00298,652.78
OUT_00299,636.46
OUT_00300,596.39
OUT_00301,667.19
OUT_00302,658.77
OUT_00303,759.63
OUT_00304,645.55
OUT_00305,605.35
OUT_00306,596.38
OUT_00307,692.51
OUT_00308,642.72
OUT_00309,721.74
OUT_00310,677.26
OUT_00311,718.18
OUT_00312,589.39
OUT_00313,612.0
OUT_00314,608.79
OUT_00315,555.17
OUT_00316,606.14
OUT_00317,696.45
OUT_00318,678.51
OUT_00319,632.01
OUT_00320,625.64
OUT_00321,583.82
OUT_00322,622.26
OUT_00323,648.5
OUT_00324,556.32
OUT_00325,589.25
OUT_00326,663.04
OUT_00327,644.15
OUT_00328,709.41
OUT_00329,685.67
OUT_00330,692.73
OUT_00331,524.06
OUT_00332,610.3
OUT_00333,601.38
OUT_00334,665.82
OUT_00335,698.49
OUT_00336,675.44
OUT_00337,597.68
OUT_00338,691.96
OUT_00339,692.84
OUT_00340,677.88
OUT_00341,641.7
OUT_00342,645.54
OUT_00343,627.84
OUT_00344,663.52
OUT_00345,619.27
OUT_00346,701.05
OUT_00347,691.96
OUT_00348,722.58
OUT_00349,718.0
OUT_00350,654.25
OUT_00351,765.45
OUT_00352,638.29
OUT_00353,600.61
OUT_00354,680.44
OUT_00355,705.42
OUT_00356,649.88
OUT_00357,613.27
OUT_00358,626.16
OUT_00359,607.34
OUT_00360,597.34
OUT_00361,686.26
OUT_00362,675.33
OUT_00363,690.93
OUT_00364,621.6
OUT_00365,655.19
OUT_00366,659.05
OUT_00367,856.45
OUT_00368,670.97
OUT_00369,731.21
OUT_00370,687.77
OUT_00371,610.13
OUT_00372,645.71
OUT_00373,616.42
OUT_00374,575.24
OUT_00375,468.25
OUT_00376,596.37
OUT_00377,613.49
OUT_00378,660.72
OUT_00379,635.29
OUT_00380,589.5
OUT_00381,701.0
OUT_00382,613.01
OUT_00383,674.26
OUT_00384,700.7
OUT_00385,608.55
OUT_00386,675.47
OUT_00387,700.63
OUT_00388,605.93
OUT_00389,599.79
OUT_00390,631.1
OUT_00391,415.18
OUT_00392,612.94
OUT_00393,677.18
OUT_00394,751.36
OUT_00395,711.81
OUT_00396,615.38
OUT_00397,745.13
OUT_00398,654.48
OUT_00399,514.43
OUT_00400,691.46
OUT_00401,46.12
OUT_00402,626.32
OUT_00403,196.46
OUT_00404,52.61
OUT_00405,198.66
OUT_00406,39.06
OUT_00407,63.44
OUT_00408,54.05
OUT_00409,195.22
OUT_00410,200.32
OUT_00411,64.49
OUT_00412,59.71
OUT_00413,609.0
OUT_00414,56.58
OUT_00415,60.43
OUT_00416,195.42
OUT_00417,612.3
OUT_00418,190.29
OUT_00419,36.95
OUT_00420,47.69
OUT_00421,186.42
OUT_00422,176.32
OUT_00423,648.05
OUT_00424,619.82
OUT_00425,64.79
OUT_00426,195.99
OUT_00427,180.88
OUT_00428,1682.76
OUT_00429,190.16
OUT_00430,38.79
OUT_00431,55.82
OUT_00432,1633.23
OUT_00433,196.5
OUT_00434,1674.69
OUT_00435,192.85
OUT_00436,64.84
OUT_00437,67.62
OUT_00438,186.76
OUT_00439,192.07
OUT_00440,56.77
OUT_00441,73.58
OUT_00442,56.61
OUT_00443,195.75
OUT_00444,196.92
OUT_00445,668.2
OUT_00446,71.51
OUT_00447,50.41
OUT_00448,62.07
OUT_00449,1660.92
OUT_00450,663.5
OUT_00451,49.12
OUT_00452,62.82
OUT_00453,173.7
OUT_00454,197.22
OUT_00455,1643.8
OUT_00456,192.47
OUT_00457,642.1
OUT_00458,68.89
OUT_00459,184.48
OUT_00460,183.89
OUT_00461,45.32
OUT_00462,54.24
OUT_00463,653.23
OUT_00464,66.16
OUT_00465,197.94
OUT_00466,647.33
OUT_00467,53.92
OUT_00468,679.2
OUT_00469,64.72
OUT_00470,63.53
OUT_00471,181.97
OUT_00472,193.48
OUT_00473,52.36
OUT_00474,48.12
OUT_00475,48.25
OUT_00476,200.89
OUT_00477,68.25
OUT_00478,190.98
OUT_00479,69.31
OUT_00480,77.01
OUT_00481,61.01
OUT_00482,203.31
OUT_00483,68.89
OUT_00484,53.05
OUT_00485,173.68
OUT_00486,195.24
OUT_00487,62.3
OUT_00488,62.82
OUT_00489,199.13
OUT_00490,45.99
OUT_00491,57.91
OUT_00492,644.62
OUT_00493,250.25
OUT_00494,49.03
OUT_00495,57.99
OUT_00496,69.54
OUT_00497,194.93
OUT_00498,202.2
OUT_00499,195.24
OUT_00500,67.26
OUT_00501,197.64
OUT_00502,187.45
OUT_00503,685.11
OUT_00504,185.32
OUT_00505,71.17
OUT_00506,1626.6
OUT_00507,1565.6
OUT_00508,208.74
OUT_00509,187.54
OUT_00510,195.26
OUT_00511,193.3
OUT_00512,37.33
OUT_00513,56.4
OUT_00514,62.11
OUT_00515,664.92
OUT_00516,67.22
OUT_00517,193.9
OUT_00518,190.05
OUT_00519,67.8
OUT_00520,39.55
OUT_00521,68.56
OUT_00522,57.35
OUT_00523,54.19
OUT_00524,80.92
OUT_00525,660.26
OUT_00526,193.53
OUT_00527,194.01
OUT_00528,193.33
OUT_00529,199.2
OUT_00530,690.55
OUT_00531,27.28
OUT_00532,65.6
OUT_00533,61.49
OUT_00534,728.38
OUT_00535,54.24
OUT_00536,48.03
OUT_00537,47.86
OUT_00538,60.66
OUT_00539,654.36
OUT_00540,62.45
OUT_00541,203.51
OUT_00542,64.56
OUT_00543,60.15
OUT_00544,46.71
OUT_00545,191.43
OUT_00546,193.75
OUT_00547,61.53
OUT_00548,56.53
OUT_00549,55.24
OUT_00550,190.54
OUT_00551,765.73
OUT_00552,58.96
OUT_00553,178.17
OUT_00554,66.67
OUT_00555,58.4
OUT_00556,188.21
OUT_00557,52.21
OUT_00558,50.39
OUT_00559,40.86
OUT_00560,198.46
OUT_00561,68.47
OUT_00562,59.85
OUT_00563,79.84
OUT_00564,66.33
OUT_00565,190.72
OUT_00566,79.43
OUT_00567,678.72
OUT_00568,1665.45
OUT_00569,66.49
OUT_00570,624.08
OUT_00571,55.72
OUT_00572,52.39
OUT_00573,622.41
OUT_00574,204.76
OUT_00575,57.54
OUT_00576,185.66
OUT_00577,683.68
OUT_00578,57.37
OUT_00579,1638.27
OUT_00580,647.04
OUT_00581,633.36
OUT_00582,190.09
OUT_00583,71.13
OUT_00584,63.5
OUT_00585,196.0
OUT_00586,181.33
OUT_00587,179.08
OUT_00588,31.88
OUT_00589,761.1
OUT_00590,191.48
OUT_00591,619.86
OUT_00592,56.8
OUT_00593,54.63
OUT_00594,190.3
OUT_00595,197.49
OUT_00596,57.21
OUT_00597,42.2
OUT_00598,57.33
OUT_00599,67.02
OUT_00600,673.62
OUT_00601,202.08
OUT_00602,72.84
OUT_00603,720.45
OUT_00604,202.99
OUT_00605,62.18
OUT_00606,660.29
OUT_00607,632.83
OUT_00608,210.42
OUT_00609,180.92
OUT_00610,648.89
OUT_00611,71.48
OUT_00612,68.39
OUT_00613,68.37
OUT_00614,677.07
OUT_00615,44.79
OUT_00616,193.72
OUT_00617,191.54
OUT_00618,197.67
OUT_00619,1638.82
OUT_00620,199.2
OUT_00621,194.08
OUT_00622,65.5
OUT_00623,63.86
OUT_00624,201.96
OUT_00625,196.67
OUT_00626,675.19
OUT_00627,158.28
OUT_00628,63.84
OUT_00629,186.4
OUT_00630,54.65
OUT_00631,56.46
OUT_00632,38.82
OUT_00633,666.22
OUT_00634,216.27
OUT_00635,200.87
OUT_00636,181.16
OUT_00637,192.67
OUT_00638,203.49
OUT_00639,688.74
OUT_00640,184.61
OUT_00641,60.66
OUT_00642,190.83
OUT_00643,174.54
OUT_00644,194.37
OUT_00645,184.96
OUT_00646,67.92
OUT_00647,50.75
OUT_00648,197.3
OUT_00649,754.52
OUT_00650,194.25
OUT_00651,48.45
OUT_00652,189.53
OUT_00653,55.06
OUT_00654,62.98
OUT_00655,61.29
OUT_00656,191.56
OUT_00657,62.92
OUT_00658,196.27
OUT_00659,52.54
OUT_00660,684.83
OUT_00661,189.52
OUT_00662,202.59
OUT_00663,195.75
OUT_00664,60.7
OUT_00665,61.29
OUT_00666,734.48
OUT_00667,184.1
OUT_00668,49.14
OUT_00669,66.56
OUT_00670,197.42
OUT_00671,205.06
OUT_00672,67.84
OUT_00673,202.22
OUT_00674,602.9
OUT_00675,69.36
OUT_00676,41.46
OUT_00677,207.25
OUT_00678,57.2
OUT_00679,60.86
OUT_00680,188.8
OUT_00681,57.96
OUT_00682,57.31
OUT_00683,190.94
OUT_00684,1657.72
OUT_00685,58.58
OUT_00686,715.72
OUT_00687,720.89
OUT_00688,70.64
OUT_00689,1728.67
OUT_00690,60.85
OUT_00691,1683.98
OUT_00692,40.07
OUT_00693,231.94
OUT_00694,804.08
OUT_00695,69.31
OUT_00696,56.24
OUT_00697,206.54
OUT_00698,698.91
OUT_00699,670.67
OUT_00700,56.28
OUT_00701,42.83
OUT_00702,62.17
OUT_00703,189.94
OUT_00704,192.39
OUT_00705,58.91
OUT_00706,187.96
OUT_00707,50.42
OUT_00708,47.23
OUT_00709,65.34
OUT_00710,186.57
OUT_00711,67.25
OUT_00712,664.67
OUT_00713,69.76
OUT_00714,47.08
OUT_00715,196.73
OUT_00716,55.73
OUT_00717,680.02
OUT_00718,53.2
OUT_00719,62.94
OUT_00720,688.75
OUT_00721,67.99
OUT_00722,192.8
OUT_00723,72.46
OUT_00724,50.23
OUT_00725,41.67
OUT_00726,659.2
OUT_00727,210.5
OUT_00728,667.66
OUT_00729,51.65
OUT_00730,187.31
OUT_00731,603.72
OUT_00732,195.73
OUT_00733,189.36
OUT_00734,616.43
OUT_00735,62.39
OUT_00736,624.47
OUT_00737,660.08
OUT_00738,25.76
OUT_00739,71.36
OUT_00740,189.3
OUT_00741,75.1
OUT_00742,1695.34
OUT_00743,69.98
OUT_00744,183.08
OUT_00745,189.18
OUT_00746,622.99
OUT_00747,199.16
OUT_00748,76.72
OUT_00749,182.93
OUT_00750,183.99
OUT_00751,61.52
OUT_00752,52.85
OUT_00753,607.22
OUT_00754,68.37
OUT_00755,628.82
OUT_00756,175.94
OUT_00757,179.31
OUT_00758,61.63
OUT_00759,52.04
OUT_00760,44.37
OUT_00761,194.02
OUT_00762,57.65
OUT_00763,44.16
OUT_00764,200.55
OUT_00765,45.96
OUT_00766,53.45
OUT_00767,193.97
OUT_00768,51.79
OUT_00769,189.25
OUT_00770,54.61
OUT_00771,200.18
OUT_00772,188.99
OUT_00773,683.79
OUT_00774,67.34
OUT_00775,187.48
OUT_00776,64.01
OUT_00777,57.29
OUT_00778,1704.6
OUT_00779,182.04
OUT_00780,53.16
OUT_00781,61.32
OUT_00782,34.08
OUT_00783,62.99
OUT_00784,56.54
OUT_00785,196.28
OUT_00786,83.77
OUT_00787,200.98
OUT_00788,199.99
OUT_00789,624.6
OUT_00790,62.46
OUT_00791,1678.37
OUT_00792,730.43
OUT_00793,181.61
OUT_00794,60.86
OUT_00795,669.8
OUT_00796,56.58
OUT_00797,191.29
OUT_00798,188.31
OUT_00799,635.72
OUT_00800,620.93
OUT_00801,54.36
OUT_00802,52.06
OUT_00803,193.64
OUT_00804,61.54
OUT_00805,63.37
OUT_00806,66.66
OUT_00807,66.97
OUT_00808,185.25
OUT_00809,195.0
OUT_00810,63.06
OUT_00811,59.25
OUT_00812,58.6
OUT_00813,56.47
OUT_00814,57.01
OUT_00815,1656.68
OUT_00816,67.13
OUT_00817,66.01
OUT_00818,62.71
OUT_00819,37.04
OUT_00820,46.59
OUT_00821,53.59
OUT_00822,182.94
OUT_00823,662.18
OUT_00824,53.63
OUT_00825,188.03
OUT_00826,197.21
OUT_00827,72.04
OUT_00828,195.41
OUT_00829,45.94
OUT_00830,66.77
OUT_00831,63.47
OUT_00832,53.57
OUT_00833,186.89
OUT_00834,194.86
OUT_00835,190.16
OUT_00836,193.35
OUT_00837,677.37
OUT_00838,186.11
OUT_00839,52.4
OUT_00840,1603.43
OUT_00841,37.35
OUT_00842,69.35
OUT_00843,212.77
OUT_00844,60.9
OUT_00845,195.09
OUT_00846,38.84
OUT_00847,175.31
OUT_00848,192.92
OUT_00849,202.75
OUT_00850,64.82
OUT_00851,60.8
OUT_00852,195.85
OUT_00853,1642.64
OUT_00854,190.18
OUT_00855,69.75
OUT_00856,1655.84
OUT_00857,652.26
OUT_00858,66.66
OUT_00859,68.53
OUT_00860,48.12
OUT_00861,64.24
OUT_00862,59.75
OUT_00863,65.47
OUT_00864,56.18
OUT_00865,218.16
OUT_00866,199.9
OUT_00867,190.68
OUT_00868,58.59
OUT_00869,51.84
OUT_00870,188.57
OUT_00871,625.65
OUT_00872,66.11
OUT_00873,628.15
OUT_00874,192.86
OUT_00875,64.21
OUT_00876,61.69
OUT_00877,698.75
OUT_00878,198.49
OUT_00879,194.55
OUT_00880,54.89
OUT_00881,658.96
OUT_00882,72.83
OUT_00883,69.78
OUT_00884,218.35
OUT_00885,200.32
OUT_00886,1648.2
OUT_00887,56.49
OUT_00888,57.75
OUT_00889,207.37
OUT_00890,177.77
OUT_00891,212.51
OUT_00892,59.08
OUT_00893,66.57
OUT_00894,65.44
OUT_00895,182.69
OUT_00896,63.85
OUT_00897,206.58
OUT_00898,41.55
OUT_00899,52.98
OUT_00900,76.45
OUT_00901,64.69
OUT_00902,47.52
OUT_00903,661.9
OUT_00904,54.24
OUT_00905,45.82
OUT_00906,656.13
OUT_00907,73.19
OUT_00908,69.18
OUT_00909,56.97
OUT_00910,69.38
OUT_00911,67.69
OUT_00912,602.37
OUT_00913,194.91
OUT_00914,198.53
OUT_00915,48.7
OUT_00916,195.75
OUT_00917,186.37
OUT_00918,632.33
OUT_00919,65.94
OUT_00920,184.46
OUT_00921,192.34
OUT_00922,61.37
OUT_00923,664.32
OUT_00924,177.78
OUT_00925,64.74
OUT_00926,58.69
OUT_00927,52.99
OUT_00928,56.75
OUT_00929,194.61
OUT_00930,182.06
OUT_00931,61.84
OUT_00932,73.83
OUT_00933,622.81
OUT_00934,604.76
OUT_00935,197.06
OUT_00936,67.21
OUT_00937,611.52
OUT_00938,180.57
OUT_00939,54.72
OUT_00940,67.38
OUT_00941,183.16
OUT_00942,194.7
OUT_00943,599.99
OUT_00944,67.0
OUT_00945,197.76
OUT_00946,58.92
OUT_00947,56.03
OUT_00948,64.74
OUT_00949,58.68
OUT_00950,47.06
OUT_00951,196.28
OUT_00952,597.13
OUT_00953,66.44
OUT_00954,622.55
OUT_00955,190.34
OUT_00956,177.8
OUT_00957,52.41
OUT_00958,60.03
OUT_00959,61.93
OUT_00960,610.21
OUT_00961,24.67
OUT_00962,190.73
OUT_00963,179.68
OUT_00964,47.05
OUT_00965,1671.29
OUT_00966,55.8
OUT_00967,70.21
OUT_00968,47.13
OUT_00969,194.02
OUT_00970,48.15
OUT_00971,62.28
OUT_00972,195.2
OUT_00973,650.05
OUT_00974,53.22
OUT_00975,64.55
OUT_00976,193.05
OUT_00977,66.43
OUT_00978,60.97
OUT_00979,54.51
OUT_00980,65.21
OUT_00981,192.65
OUT_00982,57.3
OUT_00983,44.15
OUT_00984,69.09
OUT_00985,181.64
OUT_00986,634.1
OUT_00987,44.54
OUT_00988,187.17
OUT_00989,75.82
OUT_00990,680.94
OUT_00991,53.54
OUT_00992,196.06
OUT_00993,66.8
OUT_00994,710.76
OUT_00995,675.36
OUT_00996,1669.93
OUT_00997,191.09
OUT_00998,188.71
OUT_00999,195.97
OUT_01000,64.37
OUT_01001,57.34
OUT_01002,48.1
OUT_01003,59.57
OUT_01004,63.44
OUT_01005,191.16
OUT_01006,1682.29
OUT_01007,54.37
OUT_01008,206.09
OUT_01009,65.46
OUT_01010,192.7
OUT_01011,190.73
OUT_01012,201.64
OUT_01013,68.18
OUT_01014,192.4
OUT_01015,188.4
OUT_01016,189.05
OUT_01017,49.99
OUT_01018,672.52
OUT_01019,57.93
OUT_01020,62.74
OUT_01021,65.61
OUT_01022,67.21
OUT_01023,616.62
OUT_01024,69.01
OUT_01025,195.3
OUT_01026,178.1
OUT_01027,58.56
OUT_01028,65.88
OUT_01029,51.75
OUT_01030,57.67
OUT_01031,40.85
OUT_01032,1693.8
OUT_01033,67.43
OUT_01034,59.74
OUT_01035,203.63
OUT_01036,682.91
OUT_01037,195.95
OUT_01038,188.75
OUT_01039,380.36
OUT_01040,194.61
OUT_01041,206.93
OUT_01042,55.66
OUT_01043,57.33
OUT_01044,1620.72
OUT_01045,60.01
OUT_01046,60.52
OUT_01047,55.53
OUT_01048,53.29
OUT_01049,200.23
OUT_01050,70.44
OUT_01051,198.49
OUT_01052,39.22
OUT_01053,73.37
OUT_01054,198.45
OUT_01055,32.4
OUT_01056,161.35
OUT_01057,56.9
OUT_01058,190.69
OUT_01059,205.52
OUT_01060,190.31
OUT_01061,1687.04
OUT_01062,60.55
OUT_01063,38.74
OUT_01064,62.41
OUT_01065,53.1
OUT_01066,62.64
OUT_01067,58.85
OUT_01068,60.92
OUT_01069,190.19
OUT_01070,62.24
OUT_01071,62.85
OUT_01072,193.38
OUT_01073,615.62
OUT_01074,180.67
OUT_01075,196.79
OUT_01076,196.29
OUT_01077,56.54
OUT_01078,47.93
OUT_01079,659.9
OUT_01080,178.41
OUT_01081,67.91
OUT_01082,57.91
OUT_01083,58.24
OUT_01084,54.77
OUT_01085,595.49
OUT_01086,187.72
OUT_01087,44.05
OUT_01088,68.67
OUT_01089,36.22
OUT_01090,724.76
OUT_01091,45.64
OUT_01092,72.27
OUT_01093,185.01
OUT_01094,70.77
OUT_01095,68.07
OUT_01096,69.55
OUT_01097,201.52
OUT_01098,54.55
OUT_01099,674.56
OUT_01100,1637.37
OUT_01101,54.87
OUT_01102,188.61
OUT_01103,68.17
OUT_01104,50.0
OUT_01105,619.53
OUT_01106,61.31
OUT_01107,704.96
OUT_01108,1684.12
OUT_01109,200.61
OUT_01110,197.83
OUT_01111,192.56
OUT_01112,59.38
OUT_01113,55.76
OUT_01114,53.07
OUT_01115,194.64
OUT_01116,202.54
OUT_01117,26.47
OUT_01118,63.75
OUT_01119,39.85
OUT_01120,57.5
OUT_01121,190.19
OUT_01122,54.19
OUT_01123,185.4
OUT_01124,1659.56
OUT_01125,43.64
OUT_01126,67.22
OUT_01127,60.7
OUT_01128,67.27
OUT_01129,72.61
OUT_01130,678.12
OUT_01131,66.93
OUT_01132,57.34
OUT_01133,592.47
OUT_01134,657.0
OUT_01135,613.23
OUT_01136,68.69
OUT_01137,184.94
OUT_01138,195.86
OUT_01139,60.55
OUT_01140,53.7
OUT_01141,60.13
OUT_01142,200.97
OUT_01143,51.61
OUT_01144,67.01
OUT_01145,202.54
OUT_01146,1613.94
OUT_01147,59.43
OUT_01148,166.25
OUT_01149,192.61
OUT_01150,53.82
OUT_01151,54.32
OUT_01152,1637.91
OUT_01153,689.92
OUT_01154,55.86
OUT_01155,43.41
OUT_01156,187.82
OUT_01157,183.15
OUT_01158,64.35
OUT_01159,59.92
OUT_01160,36.16
OUT_01161,61.76
OUT_01162,58.11
OUT_01163,55.0
OUT_01164,677.98
OUT_01165,71.09
OUT_01166,189.95
OUT_01167,58.7
OUT_01168,63.95
OUT_01169,58.5
OUT_01170,66.05
OUT_01171,71.73
OUT_01172,60.59
OUT_01173,189.3
OUT_01174,62.84
OUT_01175,637.97
OUT_01176,209.87
OUT_01177,54.57
OUT_01178,657.44
OUT_01179,190.45
OUT_01180,189.12
OUT_01181,61.84
OUT_01182,193.95
OUT_01183,55.53
OUT_01184,65.33
OUT_01185,54.53
OUT_01186,40.73
OUT_01187,39.83
OUT_01188,66.49
OUT_01189,59.36
OUT_01190,64.03
OUT_01191,187.14
OUT_01192,68.49
OUT_01193,60.72
OUT_01194,62.28
OUT_01195,185.43
OUT_01196,45.22
OUT_01197,672.85
OUT_01198,186.99
OUT_01199,49.97
OUT_01200,37.5
OUT_01201,54.22
OUT_01202,48.63
OUT_01203,665.72
OUT_01204,197.97
OUT_01205,56.71
OUT_01206,60.95
OUT_01207,1678.59
OUT_01208,50.23
OUT_01209,61.86
OUT_01210,202.7
OUT_01211,202.44
OUT_01212,1709.19
OUT_01213,50.25
OUT_01214,672.25
OUT_01215,627.72
OUT_01216,62.19
OUT_01217,688.6
OUT_01218,285.44
OUT_01219,68.02
OUT_01220,197.53
OUT_01221,1660.22
OUT_01222,50.66
OUT_01223,181.55
OUT_01224,176.11
OUT_01225,189.69
OUT_01226,64.05
OUT_01227,57.74
OUT_01228,56.98
OUT_01229,64.06
OUT_01230,189.16
OUT_01231,64.61
OUT_01232,62.74
OUT_01233,188.68
OUT_01234,66.89
OUT_01235,182.03
OUT_01236,679.57
OUT_01237,55.69
OUT_01238,183.22
OUT_01239,693.53
OUT_01240,55.49
OUT_01241,1593.33
OUT_01242,70.51
OUT_01243,68.31
OUT_01244,66.01
OUT_01245,46.83
OUT_01246,624.94
OUT_01247,49.47
OUT_01248,45.35
OUT_01249,70.68
OUT_01250,191.75
OUT_01251,66.65
OUT_01252,66.02
OUT_01253,603.39
OUT_01254,65.09
OUT_01255,58.67
OUT_01256,71.61
OUT_01257,61.6
OUT_01258,176.96
OUT_01259,37.25
OUT_01260,41.29
OUT_01261,48.83
OUT_01262,646.11
OUT_01263,627.84
OUT_01264,78.23
OUT_01265,193.97
OUT_01266,196.84
OUT_01267,637.29
OUT_01268,190.73
OUT_01269,57.52
OUT_01270,630.91
OUT_01271,46.09
OUT_01272,206.5
OUT_01273,695.24
OUT_01274,67.01
OUT_01275,67.61
OUT_01276,37.59
OUT_01277,38.91
OUT_01278,59.61
OUT_01279,189.8
OUT_01280,59.29
OUT_01281,193.44
OUT_01282,68.21
OUT_01283,41.16
OUT_01284,194.04
OUT_01285,65.25
OUT_01286,52.83
OUT_01287,599.54
OUT_01288,625.39
OUT_01289,61.25
OUT_01290,196.67
OUT_01291,654.16
OUT_01292,664.04
OUT_01293,194.81
OUT_01294,68.89
OUT_01295,185.29
OUT_01296,43.96
OUT_01297,47.18
OUT_01298,191.21
OUT_01299,1659.95
OUT_01300,183.1
OUT_01301,57.71
OUT_01302,53.71
OUT_01303,67.15
OUT_01304,649.96
OUT_01305,70.13
OUT_01306,178.96
OUT_01307,204.38
OUT_01308,36.91
OUT_01309,65.78
OUT_01310,64.56
OUT_01311,49.1
OUT_01312,74.71
OUT_01313,72.91
OUT_01314,268.31
OUT_01315,42.16
OUT_01316,1700.1
OUT_01317,64.76
OUT_01318,53.78
OUT_01319,55.42
OUT_01320,71.2
OUT_01321,54.21
OUT_01322,73.02
OUT_01323,188.35
OUT_01324,46.83
OUT_01325,178.48
OUT_01326,64.68
OUT_01327,59.44
OUT_01328,54.81
OUT_01329,64.31
OUT_01330,44.15
OUT_01331,654.65
OUT_01332,195.29
OUT_01333,66.32
OUT_01334,188.31
OUT_01335,44.29
OUT_01336,59.46
OUT_01337,75.53
OUT_01338,601.6
OUT_01339,61.64
OUT_01340,63.86
OUT_01341,71.02
OUT_01342,196.32
OUT_01343,50.23
OUT_01344,60.71
OUT_01345,29.43
OUT_01346,189.92
OUT_01347,192.22
OUT_01348,196.94
OUT_01349,64.03
OUT_01350,189.61
OUT_01351,49.1
OUT_01352,727.44
OUT_01353,67.09
OUT_01354,52.29
OUT_01355,619.95
OUT_01356,193.21
OUT_01357,60.2
OUT_01358,191.82
OUT_01359,69.28
OUT_01360,192.73
OUT_01361,53.11
OUT_01362,1607.73
OUT_01363,73.22
OUT_01364,183.25
OUT_01365,55.34
OUT_01366,192.74
OUT_01367,196.68
OUT_01368,71.77
OUT_01369,668.98
OUT_01370,61.37
OUT_01371,45.72
OUT_01372,180.31
OUT_01373,188.46
OUT_01374,204.6
OUT_01375,733.17
OUT_01376,1747.43
OUT_01377,174.86
OUT_01378,57.39
OUT_01379,62.66
OUT_01380,209.56
OUT_01381,43.1
OUT_01382,629.43
OUT_01383,172.66
OUT_01384,66.33
OUT_01385,193.12
OUT_01386,192.27
OUT_01387,58.85
OUT_01388,67.26
OUT_01389,672.54
OUT_01390,77.15
OUT_01391,698.87
OUT_01392,62.42
OUT_01393,65.6
OUT_01394,67.82
OUT_01395,197.04
OUT_01396,681.1
OUT_01397,56.2
OUT_01398,52.95
OUT_01399,62.11
OUT_01400,678.47
OUT_01401,182.19
OUT_01402,71.37
OUT_01403,193.48
OUT_01404,72.07
OUT_01405,49.62
OUT_01406,47.27
OUT_01407,54.1
OUT_01408,190.45
OUT_01409,617.13
OUT_01410,695.64
OUT_01411,601.94
OUT_01412,193.55
OUT_01413,194.12
OUT_01414,67.5
OUT_01415,47.27
OUT_01416,36.36
OUT_01417,188.57
OUT_01418,207.96
OUT_01419,196.99
OUT_01420,608.08
OUT_01421,42.15
OUT_01422,64.69
OUT_01423,41.68
OUT_01424,61.06
OUT_01425,201.76
OUT_01426,61.38
OUT_01427,65.83
OUT_01428,175.67
OUT_01429,55.88
OUT_01430,60.94
OUT_01431,51.02
OUT_01432,60.09
OUT_01433,60.55
OUT_01434,51.38
OUT_01435,50.31
OUT_01436,182.65
OUT_01437,641.49
OUT_01438,73.31
OUT_01439,190.11
OUT_01440,1704.44
OUT_01441,194.16
OUT_01442,171.08
OUT_01443,60.13
OUT_01444,194.81
OUT_01445,183.72
OUT_01446,69.47
OUT_01447,636.91
OUT_01448,178.18
OUT_01449,192.79
OUT_01450,54.47
OUT_01451,200.82
OUT_01452,56.3
OUT_01453,680.42
OUT_01454,63.04
OUT_01455,58.97
OUT_01456,72.05
OUT_01457,51.6
OUT_01458,204.36
OUT_01459,47.95
OUT_01460,187.11
OUT_01461,602.66
OUT_01462,41.38
OUT_01463,35.8
OUT_01464,57.99
OUT_01465,74.82
OUT_01466,56.58
OUT_01467,36.99
OUT_01468,62.82
OUT_01469,54.1
OUT_01470,189.87
OUT_01471,1707.83
OUT_01472,1661.13
OUT_01473,630.25
OUT_01474,66.88
OUT_01475,55.68
OUT_01476,169.36
OUT_01477,69.17
OUT_01478,58.03
OUT_01479,38.79
OUT_01480,66.74
OUT_01481,582.11
OUT_01482,56.1
OUT_01483,184.8
OUT_01484,71.17
OUT_01485,677.74
OUT_01486,56.72
OUT_01487,69.59
OUT_01488,53.55
OUT_01489,43.03
OUT_01490,188.58
OUT_01491,62.54
OUT_01492,47.03
OUT_01493,51.82
OUT_01494,49.53
OUT_01495,185.01
OUT_01496,59.77
OUT_01497,182.08
OUT_01498,176.27
OUT_01499,190.45
OUT_01500,647.8
OUT_01501,72.8
OUT_01502,191.81
OUT_01503,719.67
OUT_01504,189.9
OUT_01505,1662.93
OUT_01506,709.46
OUT_01507,704.41
OUT_01508,48.53
OUT_01509,55.69
OUT_01510,201.02
OUT_01511,52.36
OUT_01512,55.75
OUT_01513,49.42
OUT_01514,1629.35
OUT_01515,52.54
OUT_01516,66.02
OUT_01517,58.5
OUT_01518,195.81
OUT_01519,58.0
OUT_01520,702.97
OUT_01521,205.27
OUT_01522,63.36
OUT_01523,192.88
OUT_01524,195.93
OUT_01525,68.76
OUT_01526,192.13
OUT_01527,684.6
OUT_01528,1566.93
OUT_01529,68.68
OUT_01530,54.26
OUT_01531,56.07
OUT_01532,699.64
OUT_01533,43.0
OUT_01534,68.97
OUT_01535,61.45
OUT_01536,67.33
OUT_01537,73.7
OUT_01538,70.78
OUT_01539,58.91
OUT_01540,670.57
OUT_01541,74.08
OUT_01542,59.23
OUT_01543,60.2
OUT_01544,69.88
OUT_01545,188.35
OUT_01546,196.42
OUT_01547,203.51
OUT_01548,48.49
OUT_01549,196.96
OUT_01550,155.9
OUT_01551,59.83
OUT_01552,188.53
OUT_01553,193.28
OUT_01554,1614.63
OUT_01555,40.7
OUT_01556,62.72
OUT_01557,1653.28
OUT_01558,37.25
OUT_01559,685.83
OUT_01560,692.75
OUT_01561,67.02
OUT_01562,52.87
OUT_01563,187.5
OUT_01564,69.7
OUT_01565,191.09
OUT_01566,49.96
OUT_01567,1540.44
OUT_01568,59.56
OUT_01569,63.13
OUT_01570,686.72
OUT_01571,53.46
OUT_01572,203.75
OUT_01573,60.26
OUT_01574,71.64
OUT_01575,55.02
OUT_01576,57.76
OUT_01577,194.25
OUT_01578,191.72
OUT_01579,55.73
OUT_01580,58.66
OUT_01581,185.81
OUT_01582,624.76
OUT_01583,185.9
OUT_01584,59.23
OUT_01585,59.32
OUT_01586,61.67
OUT_01587,44.34
OUT_01588,196.11
OUT_01589,199.3
OUT_01590,48.71
OUT_01591,67.62
OUT_01592,62.48
OUT_01593,706.2
OUT_01594,195.48
OUT_01595,1701.79
OUT_01596,193.17
OUT_01597,59.74
OUT_01598,201.71
OUT_01599,62.57
OUT_01600,73.83
OUT_01601,47.12
OUT_01602,194.6
OUT_01603,56.17
OUT_01604,66.44
OUT_01605,679.24
OUT_01606,65.19
OUT_01607,35.02
OUT_01608,76.44
OUT_01609,171.68
OUT_01610,179.14
OUT_01611,44.23
OUT_01612,39.17
OUT_01613,55.79
OUT_01614,58.34
OUT_01615,38.6
OUT_01616,58.86
OUT_01617,43.86
OUT_01618,60.67
OUT_01619,227.64
OUT_01620,195.42
OUT_01621,608.93
OUT_01622,53.86
OUT_01623,65.73
OUT_01624,1688.38
OUT_01625,51.45
OUT_01626,55.88
OUT_01627,45.05
OUT_01628,53.24
OUT_01629,608.79
OUT_01630,54.0
OUT_01631,61.07
OUT_01632,61.36
OUT_01633,51.68
OUT_01634,698.05
OUT_01635,196.18
OUT_01636,182.46
OUT_01637,65.07
OUT_01638,189.12
OUT_01639,679.48
OUT_01640,1702.81
OUT_01641,1709.19
OUT_01642,46.61
OUT_01643,63.98
OUT_01644,73.8
OUT_01645,58.58
OUT_01646,54.26
OUT_01647,37.71
OUT_01648,64.92
OUT_01649,59.5
OUT_01650,1650.57
OUT_01651,59.71
OUT_01652,57.21
OUT_01653,186.5
OUT_01654,626.06
OUT_01655,58.46
OUT_01656,614.47
OUT_01657,66.24
OUT_01658,83.78
OUT_01659,60.35
OUT_01660,197.69
OUT_01661,191.59
OUT_01662,200.33
OUT_01663,61.47
OUT_01664,53.21
OUT_01665,1688.74
OUT_01666,677.4
OUT_01667,203.34
OUT_01668,75.98
OUT_01669,61.53
OUT_01670,54.01
OUT_01671,66.92
OUT_01672,172.37
OUT_01673,47.28
OUT_01674,51.04
OUT_01675,177.47
OUT_01676,209.46
OUT_01677,52.54
OUT_01678,48.78
OUT_01679,648.63
OUT_01680,63.18
OUT_01681,58.29
OUT_01682,62.74
OUT_01683,68.65
OUT_01684,59.39
OUT_01685,63.01
OUT_01686,183.99
OUT_01687,66.61
OUT_01688,187.65
OUT_01689,60.5
OUT_01690,59.23
OUT_01691,1551.39
OUT_01692,203.67
OUT_01693,62.03
OUT_01694,695.77
OUT_01695,193.72
OUT_01696,60.67
OUT_01697,60.31
OUT_01698,64.38
OUT_01699,49.96
OUT_01700,72.05
OUT_01701,190.59
OUT_01702,51.41
OUT_01703,64.1
OUT_01704,194.88
OUT_01705,662.12
OUT_01706,58.37
OUT_01707,65.29
OUT_01708,195.1
OUT_01709,59.44
OUT_01710,198.77
OUT_01711,38.22
OUT_01712,1695.65
OUT_01713,51.95
OUT_01714,47.33
OUT_01715,181.77
OUT_01716,1659.16
OUT_01717,51.09
OUT_01718,197.82
OUT_01719,58.73
OUT_01720,69.47
OUT_01721,65.72
OUT_01722,78.14
OUT_01723,188.17
OUT_01724,72.97
OUT_01725,1707.86
OUT_01726,58.94
OUT_01727,61.18
OUT_01728,56.25
OUT_01729,74.03
OUT_01730,203.45
OUT_01731,186.0
OUT_01732,205.98
OUT_01733,55.65
OUT_01734,189.14
OUT_01735,632.1
OUT_01736,1631.85
OUT_01737,680.52
OUT_01738,182.49
OUT_01739,190.83
OUT_01740,610.31
OUT_01741,191.82
OUT_01742,186.4
OUT_01743,50.02
OUT_01744,67.38
OUT_01745,64.32
OUT_01746,189.89
OUT_01747,53.72
OUT_01748,72.38
OUT_01749,736.9
OUT_01750,58.85
OUT_01751,67.35
OUT_01752,60.36
OUT_01753,50.07
OUT_01754,199.43
OUT_01755,211.31
OUT_01756,202.61
OUT_01757,736.57
OUT_01758,729.25
OUT_01759,79.4
OUT_01760,1673.58
OUT_01761,72.53
OUT_01762,56.7
OUT_01763,202.77
OUT_01764,68.3
OUT_01765,70.44
OUT_01766,605.48
OUT_01767,684.1
OUT_01768,202.83
OUT_01769,55.46
OUT_01770,186.06
OUT_01771,66.72
OUT_01772,198.2
OUT_01773,73.2
OUT_01774,201.06
OUT_01775,628.22
OUT_01776,64.33
OUT_01777,42.93
OUT_01778,190.91
OUT_01779,70.46
OUT_01780,196.85
OUT_01781,52.31
OUT_01782,1663.44
OUT_01783,71.86
OUT_01784,58.52
OUT_01785,674.98
OUT_01786,68.74
OUT_01787,35.69
OUT_01788,196.54
OUT_01789,40.1
OUT_01790,69.86
OUT_01791,52.24
OUT_01792,61.74
OUT_01793,58.08
OUT_01794,203.47
OUT_01795,197.51
OUT_01796,56.8
OUT_01797,50.44
OUT_01798,176.44
OUT_01799,46.32
OUT_01800,180.73
OUT_01801,681.54
OUT_01802,702.39
OUT_01803,662.72
OUT_01804,202.71
OUT_01805,194.33
OUT_01806,643.71
OUT_01807,75.4
OUT_01808,197.39
OUT_01809,196.26
OUT_01810,44.76
OUT_01811,67.23
OUT_01812,49.28
OUT_01813,197.05
OUT_01814,193.25
OUT_01815,62.26
OUT_01816,70.65
OUT_01817,72.98
OUT_01818,69.72
OUT_01819,59.92
OUT_01820,184.55
OUT_01821,1652.32
OUT_01822,69.61
OUT_01823,65.29
OUT_01824,68.49
OUT_01825,727.49
OUT_01826,774.96
OUT_01827,725.19
OUT_01828,188.71
OUT_01829,63.45
OUT_01830,64.13
OUT_01831,44.74
OUT_01832,54.53
OUT_01833,58.57
OUT_01834,683.33
OUT_01835,626.33
OUT_01836,63.56
OUT_01837,63.67
OUT_01838,187.99
OUT_01839,198.24
OUT_01840,65.29
OUT_01841,1642.73
OUT_01842,174.54
OUT_01843,59.63
OUT_01844,625.52
OUT_01845,71.03
OUT_01846,49.94
OUT_01847,636.0
OUT_01848,189.52
OUT_01849,68.34
OUT_01850,208.17
OUT_01851,688.4
OUT_01852,714.24
OUT_01853,189.88
OUT_01854,676.08
OUT_01855,56.18
OUT_01856,199.3
OUT_01857,59.92
OUT_01858,55.81
OUT_01859,74.67
OUT_01860,185.9
OUT_01861,201.29
OUT_01862,67.43
OUT_01863,191.18
OUT_01864,193.18
OUT_01865,67.95
OUT_01866,61.18
OUT_01867,65.4
OUT_01868,150.15
OUT_01869,1691.47
OUT_01870,62.45
OUT_01871,62.97
OUT_01872,178.62
OUT_01873,180.94
OUT_01874,51.91
OUT_01875,192.43
OUT_01876,203.04
OUT_01877,668.25
OUT_01878,636.32
OUT_01879,1688.37
OUT_01880,178.17
OUT_01881,64.54
OUT_01882,68.16
OUT_01883,63.86
OUT_01884,53.67
OUT_01885,193.63
OUT_01886,56.59
OUT_01887,686.41
OUT_01888,57.0
OUT_01889,192.98
OUT_01890,56.06
OUT_01891,637.16
OUT_01892,189.09
OUT_01893,37.22
OUT_01894,190.51
OUT_01895,65.12
OUT_01896,66.39
OUT_01897,676.99
OUT_01898,196.03
OUT_01899,683.61
OUT_01900,54.84
OUT_01901,1622.64
OUT_01902,56.73
OUT_01903,1738.21
OUT_01904,61.5
OUT_01905,51.8
OUT_01906,1651.98
OUT_01907,643.68
OUT_01908,606.01
OUT_01909,73.6
OUT_01910,57.17
OUT_01911,191.87
OUT_01912,69.29
OUT_01913,206.7
OUT_01914,66.02
OUT_01915,52.6
OUT_01916,63.15
OUT_01917,173.44
OUT_01918,49.17
OUT_01919,61.02
OUT_01920,68.03
OUT_01921,43.23
OUT_01922,58.54
OUT_01923,57.93
OUT_01924,59.47
OUT_01925,665.3
OUT_01926,648.16
OUT_01927,205.0
OUT_01928,677.17
OUT_01929,184.78
OUT_01930,54.37
OUT_01931,59.21
OUT_01932,180.24
OUT_01933,54.23
OUT_01934,62.39
OUT_01935,46.91
OUT_01936,57.09
OUT_01937,1718.93
OUT_01938,186.32
OUT_01939,198.79
OUT_01940,69.34
OUT_01941,214.28
OUT_01942,37.08
OUT_01943,47.69
OUT_01944,1692.25
OUT_01945,57.22
OUT_01946,200.44
OUT_01947,49.29
OUT_01948,207.26
OUT_01949,64.7
OUT_01950,58.0
OUT_01951,623.12
OUT_01952,52.01
OUT_01953,636.5
OUT_01954,204.81
OUT_01955,673.63
OUT_01956,61.58
OUT_01957,65.43
OUT_01958,195.42
OUT_01959,58.06
OUT_01960,57.53
OUT_01961,603.38
OUT_01962,59.5
OUT_01963,659.03
OUT_01964,58.43
OUT_01965,190.96
OUT_01966,65.84
OUT_01967,628.75
OUT_01968,189.71
OUT_01969,63.26
OUT_01970,1459.92
OUT_01971,195.9
OUT_01972,62.31
OUT_01973,66.94
OUT_01974,67.08
OUT_01975,180.44
OUT_01976,187.18
OUT_01977,62.2
OUT_01978,60.95
OUT_01979,211.61
OUT_01980,184.49
OUT_01981,195.58
OUT_01982,745.59
OUT_01983,219.73
OUT_01984,588.84
OUT_01985,663.79
OUT_01986,52.41
OUT_01987,44.38
OUT_01988,192.38
OUT_01989,185.64
OUT_01990,68.12
OUT_01991,627.61
OUT_01992,191.47
OUT_01993,42.72
OUT_01994,184.08
OUT_01995,67.68
OUT_01996,608.57
OUT_01997,649.04
OUT_01998,49.56
OUT_01999,704.48
OUT_02000,197.23
OUT_02001,61.49
OUT_02002,50.01
OUT_02003,65.96
OUT_02004,42.36
OUT_02005,189.89
OUT_02006,193.15
OUT_02007,187.59
OUT_02008,187.76
OUT_02009,177.94
OUT_02010,60.65
OUT_02011,56.43
OUT_02012,198.12
OUT_02013,57.49
OUT_02014,647.71
OUT_02015,62.57
OUT_02016,599.64
OUT_02017,650.8
OUT_02018,197.46
OUT_02019,53.15
OUT_02020,63.05
OUT_02021,60.58
OUT_02022,1660.35
OUT_02023,48.56
OUT_02024,180.02
OUT_02025,1689.96
OUT_02026,209.98
OUT_02027,181.42
OUT_02028,211.36
OUT_02029,190.15
OUT_02030,260.66
OUT_02031,41.6
OUT_02032,196.39
OUT_02033,46.77
OUT_02034,1682.37
OUT_02035,47.67
OUT_02036,48.77
OUT_02037,64.58
OUT_02038,51.39
OUT_02039,69.64
OUT_02040,175.73
OUT_02041,43.54
OUT_02042,64.52
OUT_02043,175.13
OUT_02044,635.02
OUT_02045,189.3
OUT_02046,68.81
OUT_02047,684.69
OUT_02048,71.79
OUT_02049,54.48
OUT_02050,57.56
OUT_02051,198.14
OUT_02052,62.94
OUT_02053,60.72
OUT_02054,617.64
OUT_02055,194.97
OUT_02056,1693.02
OUT_02057,189.89
OUT_02058,665.04
OUT_02059,169.0
OUT_02060,74.91
OUT_02061,51.65
OUT_02062,76.84
OUT_02063,55.72
OUT_02064,49.76
OUT_02065,64.57
OUT_02066,682.39
OUT_02067,63.01
OUT_02068,668.32
OUT_02069,60.97
OUT_02070,46.43
OUT_02071,67.22
OUT_02072,722.03
OUT_02073,1651.02
OUT_02074,60.09
OUT_02075,52.39
OUT_02076,63.02
OUT_02077,62.31
OUT_02078,1702.13
OUT_02079,187.27
OUT_02080,43.51
OUT_02081,50.19
OUT_02082,66.69
OUT_02083,1665.38
OUT_02084,189.21
OUT_02085,682.36
OUT_02086,198.51
OUT_02087,185.1
OUT_02088,628.54
OUT_02089,63.84
OUT_02090,66.55
OUT_02091,55.21
OUT_02092,200.83
OUT_02093,22.32
OUT_02094,608.14
OUT_02095,191.11
OUT_02096,1662.05
OUT_02097,610.72
OUT_02098,171.24
OUT_02099,189.35
OUT_02100,52.68
OUT_02101,58.77
OUT_02102,58.39
OUT_02103,179.26
OUT_02104,230.59
OUT_02105,58.14
OUT_02106,58.0
OUT_02107,55.17
OUT_02108,55.94
OUT_02109,68.44
OUT_02110,73.26
OUT_02111,53.72
OUT_02112,53.49
OUT_02113,198.06
OUT_02114,204.16
OUT_02115,51.58
OUT_02116,54.5
OUT_02117,51.7
OUT_02118,195.34
OUT_02119,185.01
OUT_02120,68.16
OUT_02121,628.74
OUT_02122,51.49
OUT_02123,188.48
OUT_02124,196.67
OUT_02125,48.28
OUT_02126,75.22
OUT_02127,64.53
OUT_02128,638.38
OUT_02129,66.26
OUT_02130,50.45
OUT_02131,595.61
OUT_02132,198.99
OUT_02133,640.2
OUT_02134,189.71
OUT_02135,189.37
OUT_02136,616.59
OUT_02137,202.33
OUT_02138,665.57
OUT_02139,682.5
OUT_02140,61.72
OUT_02141,185.42
OUT_02142,50.02
OUT_02143,193.19
OUT_02144,48.46
OUT_02145,61.32
OUT_02146,621.86
OUT_02147,203.28
OUT_02148,191.23
OUT_02149,66.9
OUT_02150,65.44
OUT_02151,184.29
OUT_02152,1626.93
OUT_02153,66.41
OUT_02154,51.22
OUT_02155,184.23
OUT_02156,67.21
OUT_02157,199.56
OUT_02158,61.93
OUT_02159,44.14
OUT_02160,66.05
OUT_02161,77.01
OUT_02162,192.65
OUT_02163,63.15
OUT_02164,172.14
OUT_02165,41.49
OUT_02166,32.69
OUT_02167,68.71
OUT_02168,64.28
OUT_02169,45.28
OUT_02170,65.19
OUT_02171,53.88
OUT_02172,183.91
OUT_02173,51.32
OUT_02174,69.41
OUT_02175,45.97
OUT_02176,1664.32
OUT_02177,184.86
OUT_02178,48.78
OUT_02179,206.21
OUT_02180,1698.49
OUT_02181,635.52
OUT_02182,67.76
OUT_02183,183.62
OUT_02184,207.18
OUT_02185,193.74
OUT_02186,69.27
OUT_02187,191.62
OUT_02188,64.05
OUT_02189,66.5
OUT_02190,1680.15
OUT_02191,201.11
OUT_02192,193.32
OUT_02193,207.34
OUT_02194,65.3
OUT_02195,56.18
OUT_02196,191.39
OUT_02197,59.59
OUT_02198,63.97
OUT_02199,58.15
OUT_02200,192.72
OUT_02201,647.68
OUT_02202,53.79
OUT_02203,604.96
OUT_02204,180.85
OUT_02205,686.75
OUT_02206,64.85
OUT_02207,635.58
OUT_02208,60.9
OUT_02209,64.86
OUT_02210,68.46
OUT_02211,59.28
OUT_02212,185.89
OUT_02213,48.02
OUT_02214,30.43
OUT_02215,189.27
OUT_02216,197.88
OUT_02217,649.76
OUT_02218,193.9
OUT_02219,183.43
OUT_02220,50.84
OUT_02221,49.16
OUT_02222,64.16
OUT_02223,212.42
OUT_02224,196.14
OUT_02225,47.68
OUT_02226,172.89
OUT_02227,58.19
OUT_02228,193.75
OUT_02229,204.89
OUT_02230,182.4
OUT_02231,60.95
OUT_02232,48.5
OUT_02233,68.47
OUT_02234,189.6
OUT_02235,54.94
OUT_02236,1643.39
OUT_02237,57.68
OUT_02238,681.59
OUT_02239,32.04
OUT_02240,65.73
OUT_02241,64.99
OUT_02242,621.39
OUT_02243,695.14
OUT_02244,195.84
OUT_02245,42.55
OUT_02246,745.47
OUT_02247,54.0
OUT_02248,199.62
OUT_02249,186.7
OUT_02250,62.15
OUT_02251,39.16
OUT_02252,60.11
OUT_02253,182.61
OUT_02254,195.04
OUT_02255,196.3
OUT_02256,47.96
OUT_02257,211.05
OUT_02258,45.61
OUT_02259,57.81
OUT_02260,62.91
OUT_02261,68.01
OUT_02262,53.7
OUT_02263,189.65
OUT_02264,38.96
OUT_02265,76.2
OUT_02266,72.46
OUT_02267,610.04
OUT_02268,59.85
OUT_02269,190.19
OUT_02270,65.56
OUT_02271,46.27
OUT_02272,217.3
OUT_02273,177.78
OUT_02274,34.13
OUT_02275,200.52
OUT_02276,56.45
OUT_02277,187.25
OUT_02278,51.71
OUT_02279,604.51
OUT_02280,196.24
OUT_02281,50.44
OUT_02282,51.79
OUT_02283,61.73
OUT_02284,186.92
OUT_02285,67.7
OUT_02286,585.38
OUT_02287,190.21
OUT_02288,214.4
OUT_02289,67.12
OUT_02290,52.76
OUT_02291,38.32
OUT_02292,64.75
OUT_02293,71.44
OUT_02294,38.47
OUT_02295,197.11
OUT_02296,147.35
OUT_02297,58.91
OUT_02298,682.2
OUT_02299,64.82
OUT_02300,50.79
OUT_02301,628.12
OUT_02302,52.68
OUT_02303,617.87
OUT_02304,191.36
OUT_02305,192.98
OUT_02306,69.17
OUT_02307,62.85
OUT_02308,650.79
OUT_02309,63.58
OUT_02310,659.15
OUT_02311,208.14
OUT_02312,190.36
OUT_02313,199.38
OUT_02314,207.44
OUT_02315,72.86
OUT_02316,61.33
OUT_02317,37.33
OUT_02318,193.52
OUT_02319,55.94
OUT_02320,185.17
OUT_02321,73.27
OUT_02322,1672.37
OUT_02323,64.47
OUT_02324,175.17
OUT_02325,68.18
OUT_02326,55.36
OUT_02327,54.95
OUT_02328,68.41
OUT_02329,68.13
OUT_02330,29.04
OUT_02331,63.74
OUT_02332,174.35
OUT_02333,70.84
OUT_02334,674.23
OUT_02335,63.2
OUT_02336,75.45
OUT_02337,66.26
OUT_02338,63.53
OUT_02339,51.41
OUT_02340,65.87
OUT_02341,193.95
OUT_02342,72.77
OUT_02343,187.0
OUT_02344,647.94
OUT_02345,67.64
OUT_02346,662.91
OUT_02347,197.73
OUT_02348,65.93
OUT_02349,197.42
OUT_02350,191.64
OUT_02351,1670.73
OUT_02352,185.19
OUT_02353,201.3
OUT_02354,206.4
OUT_02355,183.17
OUT_02356,44.87
OUT_02357,56.42
OUT_02358,617.11
OUT_02359,42.05
OUT_02360,46.05
OUT_02361,192.48
OUT_02362,49.37
OUT_02363,67.16
OUT_02364,199.96
OUT_02365,210.43
OUT_02366,55.56
OUT_02367,72.3
OUT_02368,57.07
OUT_02369,607.87
OUT_02370,41.68
OUT_02371,1650.48
OUT_02372,66.48
OUT_02373,1704.42
OUT_02374,206.07
OUT_02375,187.19
OUT_02376,76.37
OUT_02377,66.76
OUT_02378,63.65
OUT_02379,198.95
OUT_02380,53.9
OUT_02381,46.33
OUT_02382,64.84
OUT_02383,1662.34
OUT_02384,207.76
OUT_02385,697.51
OUT_02386,601.88
OUT_02387,605.88
OUT_02388,72.52
OUT_02389,38.05
OUT_02390,191.98
OUT_02391,186.29
OUT_02392,46.17
OUT_02393,48.54
OUT_02394,184.16
OUT_02395,65.91
OUT_02396,199.17
OUT_02397,74.32
OUT_02398,64.93
OUT_02399,644.9
OUT_02400,26.75
OUT_02401,1686.23
OUT_02402,54.44
OUT_02403,48.91
OUT_02404,709.3
OUT_02405,740.42
OUT_02406,48.35
OUT_02407,175.46
OUT_02408,205.65
OUT_02409,190.02
OUT_02410,56.97
OUT_02411,57.11
OUT_02412,63.13
OUT_02413,34.2
OUT_02414,68.18
OUT_02415,669.65
OUT_02416,677.88
OUT_02417,58.17
OUT_02418,620.69
OUT_02419,176.22
OUT_02420,60.54
OUT_02421,49.36
OUT_02422,1670.71
OUT_02423,227.07
OUT_02424,51.68
OUT_02425,187.0
OUT_02426,56.76
OUT_02427,203.56
OUT_02428,204.32
OUT_02429,69.63
OUT_02430,192.6
OUT_02431,1675.79
OUT_02432,58.55
OUT_02433,51.45
OUT_02434,49.12
OUT_02435,66.54
OUT_02436,664.14
OUT_02437,1683.31
OUT_02438,58.24
OUT_02439,209.04
OUT_02440,37.44
OUT_02441,54.79
OUT_02442,185.79
OUT_02443,55.03
OUT_02444,634.21
OUT_02445,210.91
OUT_02446,186.39
OUT_02447,53.05
OUT_02448,58.08
OUT_02449,61.26
OUT_02450,48.65
OUT_02451,216.84
OUT_02452,626.35
OUT_02453,75.57
OUT_02454,207.82
OUT_02455,68.97
OUT_02456,66.59
OUT_02457,196.66
OUT_02458,719.13
OUT_02459,1708.4
OUT_02460,184.84
OUT_02461,78.28
OUT_02462,66.72
OUT_02463,61.51
OUT_02464,63.33
OUT_02465,66.47
OUT_02466,59.05
OUT_02467,59.67
OUT_02468,54.04
OUT_02469,189.92
OUT_02470,195.59
OUT_02471,1683.76
OUT_02472,165.08
OUT_02473,59.48
OUT_02474,57.5
OUT_02475,1634.48
OUT_02476,57.4
OUT_02477,70.02
OUT_02478,49.36
OUT_02479,651.19
OUT_02480,59.97
OUT_02481,57.9
OUT_02482,727.43
OUT_02483,44.81
OUT_02484,195.19
OUT_02485,56.01
OUT_02486,196.47
OUT_02487,43.41
OUT_02488,62.85
OUT_02489,51.88
OUT_02490,176.31
OUT_02491,72.81
OUT_02492,191.08
OUT_02493,70.5
OUT_02494,185.43
OUT_02495,57.49
OUT_02496,194.89
OUT_02497,62.7
OUT_02498,693.87
OUT_02499,64.26
OUT_02500,192.04
OUT_02501,622.13
OUT_02502,189.34
OUT_02503,47.1
OUT_02504,60.13
OUT_02505,61.34
OUT_02506,68.39
OUT_02507,46.3
OUT_02508,73.19
OUT_02509,187.23
OUT_02510,198.33
OUT_02511,234.28
OUT_02512,174.42
OUT_02513,68.53
OUT_02514,615.16
OUT_02515,636.65
OUT_02516,635.81
OUT_02517,205.85
OUT_02518,52.82
OUT_02519,64.01
OUT_02520,193.19
OUT_02521,57.74
OUT_02522,197.29
OUT_02523,207.79
OUT_02524,760.98
OUT_02525,617.15
OUT_02526,64.85
OUT_02527,187.56
OUT_02528,192.37
OUT_02529,65.63
OUT_02530,195.04
OUT_02531,194.06
OUT_02532,63.08
OUT_02533,45.3
OUT_02534,190.91
OUT_02535,69.24
OUT_02536,58.41
OUT_02537,63.96
OUT_02538,604.9
OUT_02539,63.07
OUT_02540,43.4
OUT_02541,612.2
OUT_02542,61.9
OUT_02543,177.45
OUT_02544,193.62
OUT_02545,196.91
OUT_02546,66.97
OUT_02547,69.54
OUT_02548,190.5
OUT_02549,190.43
OUT_02550,66.06
OUT_02551,52.17
OUT_02552,644.1
OUT_02553,53.31
OUT_02554,59.54
OUT_02555,196.18
OUT_02556,64.79
OUT_02557,53.4
OUT_02558,57.76
OUT_02559,59.52
OUT_02560,50.66
OUT_02561,68.0
OUT_02562,43.63
OUT_02563,178.59
OUT_02564,58.8
OUT_02565,192.02
OUT_02566,210.47
OUT_02567,56.18
OUT_02568,182.41
OUT_02569,65.33
OUT_02570,198.71
OUT_02571,193.35
OUT_02572,67.45
OUT_02573,59.25
OUT_02574,201.53
OUT_02575,70.93
OUT_02576,1696.53
OUT_02577,75.84
OUT_02578,611.53
OUT_02579,164.4
OUT_02580,56.95
OUT_02581,195.91
OUT_02582,1634.43
OUT_02583,53.24
OUT_02584,44.04
OUT_02585,65.1
OUT_02586,1631.75
OUT_02587,45.94
OUT_02588,58.13
OUT_02589,42.5
OUT_02590,190.23
OUT_02591,672.4
OUT_02592,194.14
OUT_02593,619.34
OUT_02594,46.1
OUT_02595,69.95
OUT_02596,753.25
OUT_02597,668.95
OUT_02598,617.96
OUT_02599,1689.47
OUT_02600,194.64
OUT_02601,186.26
OUT_02602,59.41
OUT_02603,692.94
OUT_02604,42.01
OUT_02605,193.54
OUT_02606,605.89
OUT_02607,68.38
OUT_02608,192.86
OUT_02609,52.75
OUT_02610,192.51
OUT_02611,176.0
OUT_02612,188.74
OUT_02613,187.67
OUT_02614,50.95
OUT_02615,598.14
OUT_02616,633.34
OUT_02617,1738.22
OUT_02618,51.74
OUT_02619,184.38
OUT_02620,49.28
OUT_02621,182.63
OUT_02622,46.84
OUT_02623,67.74
OUT_02624,55.7
OUT_02625,190.4
OUT_02626,599.44
OUT_02627,54.38
OUT_02628,201.1
OUT_02629,45.27
OUT_02630,59.97
OUT_02631,52.39
OUT_02632,184.98
OUT_02633,66.7
OUT_02634,35.38
OUT_02635,63.25
OUT_02636,1606.02
OUT_02637,73.83
OUT_02638,188.16
OUT_02639,55.19
OUT_02640,194.69
OUT_02641,669.82
OUT_02642,50.08
OUT_02643,687.85
OUT_02644,187.14
OUT_02645,66.8
OUT_02646,66.4
OUT_02647,678.78
OUT_02648,58.75
OUT_02649,71.85
OUT_02650,176.53
OUT_02651,191.33
OUT_02652,64.97
OUT_02653,62.86
OUT_02654,738.19
OUT_02655,65.57
OUT_02656,57.91
OUT_02657,56.06
OUT_02658,53.76
OUT_02659,58.61
OUT_02660,66.02
OUT_02661,186.55
OUT_02662,54.65
OUT_02663,189.43
OUT_02664,733.57
OUT_02665,627.7
OUT_02666,173.6
OUT_02667,42.32
OUT_02668,663.04
OUT_02669,60.4
OUT_02670,48.2
OUT_02671,71.31
OUT_02672,57.64
OUT_02673,63.55
OUT_02674,39.17
OUT_02675,64.83
OUT_02676,191.31
OUT_02677,61.78
OUT_02678,65.71
OUT_02679,67.98
OUT_02680,57.63
OUT_02681,63.52
OUT_02682,66.99
OUT_02683,64.28
OUT_02684,596.38
OUT_02685,50.14
OUT_02686,186.17
OUT_02687,67.35
OUT_02688,218.81
OUT_02689,51.08
OUT_02690,186.19
OUT_02691,637.8
OUT_02692,181.37
OUT_02693,56.55
OUT_02694,55.35
OUT_02695,56.75
OUT_02696,193.47
OUT_02697,188.16
OUT_02698,192.0
OUT_02699,187.82
OUT_02700,40.95
OUT_02701,608.59
OUT_02702,67.87
OUT_02703,196.83
OUT_02704,57.65
OUT_02705,52.34
OUT_02706,68.4
OUT_02707,62.0
OUT_02708,70.03
OUT_02709,53.39
OUT_02710,207.23
OUT_02711,53.54
OUT_02712,43.56
OUT_02713,82.31
OUT_02714,192.63
OUT_02715,61.2
OUT_02716,57.2
OUT_02717,629.23
OUT_02718,63.09
OUT_02719,52.9
OUT_02720,33.08
OUT_02721,1586.87
OUT_02722,197.61
OUT_02723,62.12
OUT_02724,52.85
OUT_02725,54.93
OUT_02726,60.49
OUT_02727,62.43
OUT_02728,617.99
OUT_02729,46.59
OUT_02730,62.62
OUT_02731,197.66
OUT_02732,66.02
OUT_02733,68.2
OUT_02734,604.13
OUT_02735,42.11
OUT_02736,194.23
OUT_02737,194.87
OUT_02738,49.4
OUT_02739,190.1
OUT_02740,200.04
OUT_02741,43.82
OUT_02742,61.57
OUT_02743,61.59
OUT_02744,195.48
OUT_02745,60.94
OUT_02746,198.39
OUT_02747,64.3
OUT_02748,61.18
OUT_02749,56.28
OUT_02750,68.24
OUT_02751,651.85
OUT_02752,59.95
OUT_02753,183.75
OUT_02754,62.79
OUT_02755,1592.34
OUT_02756,64.12
OUT_02757,63.9
OUT_02758,1726.4
OUT_02759,59.15
OUT_02760,622.25
OUT_02761,62.54
OUT_02762,62.03
OUT_02763,64.1
OUT_02764,69.13
OUT_02765,615.25
OUT_02766,178.04
OUT_02767,186.32
OUT_02768,61.99
OUT_02769,63.32
OUT_02770,191.67
OUT_02771,66.91
OUT_02772,62.12
OUT_02773,180.95
OUT_02774,178.56
OUT_02775,199.23
OUT_02776,725.44
OUT_02777,72.06
OUT_02778,47.5
OUT_02779,68.03
OUT_02780,188.16
OUT_02781,199.35
OUT_02782,715.2
OUT_02783,1747.45
OUT_02784,196.0
OUT_02785,45.52
OUT_02786,61.78
OUT_02787,63.49
OUT_02788,194.52
OUT_02789,54.5
OUT_02790,49.62
OUT_02791,186.66
OUT_02792,607.88
OUT_02793,193.23
OUT_02794,67.04
OUT_02795,59.77
OUT_02796,42.59
OUT_02797,185.25
OUT_02798,199.3
OUT_02799,55.64
OUT_02800,176.31
OUT_02801,44.41
OUT_02802,53.59
OUT_02803,52.82
OUT_02804,56.6
OUT_02805,39.54
OUT_02806,180.18
OUT_02807,188.48
OUT_02808,208.66
OUT_02809,65.18
OUT_02810,203.81
OUT_02811,72.97
OUT_02812,55.7
OUT_02813,49.27
OUT_02814,60.74
OUT_02815,55.3
OUT_02816,68.73
OUT_02817,191.1
OUT_02818,184.34
OUT_02819,181.44
OUT_02820,689.49
OUT_02821,191.59
OUT_02822,64.79
OUT_02823,47.14
OUT_02824,196.4
OUT_02825,29.78
OUT_02826,88.59
OUT_02827,184.41
OUT_02828,57.83
OUT_02829,636.98
OUT_02830,176.32
OUT_02831,59.04
OUT_02832,617.47
OUT_02833,207.9
OUT_02834,194.78
OUT_02835,51.12
OUT_02836,1719.88
OUT_02837,73.57
OUT_02838,192.02
OUT_02839,69.43
OUT_02840,646.31
OUT_02841,1693.12
OUT_02842,220.41
OUT_02843,45.72
OUT_02844,49.11
OUT_02845,69.63
OUT_02846,179.82
OUT_02847,42.92
OUT_02848,24.06
OUT_02849,194.47
OUT_02850,52.2
OUT_02851,29.11
OUT_02852,195.47
OUT_02853,190.71
OUT_02854,1696.0
OUT_02855,51.5
OUT_02856,54.2
OUT_02857,197.18
OUT_02858,648.94
OUT_02859,55.87
OUT_02860,1679.25
OUT_02861,63.39
OUT_02862,50.57
OUT_02863,179.37
OUT_02864,188.67
OUT_02865,1682.38
OUT_02866,65.33
OUT_02867,58.95
OUT_02868,37.09
OUT_02869,52.67
OUT_02870,71.15
OUT_02871,55.61
OUT_02872,76.6
OUT_02873,195.35
OUT_02874,200.97
OUT_02875,192.3
OUT_02876,184.69
OUT_02877,58.29
OUT_02878,209.56
OUT_02879,44.18
OUT_02880,62.59
OUT_02881,68.08
OUT_02882,54.54
OUT_02883,1680.71
OUT_02884,41.7
OUT_02885,68.26
OUT_02886,52.63
OUT_02887,194.53
OUT_02888,47.65
OUT_02889,66.8
OUT_02890,727.86
OUT_02891,61.3
OUT_02892,1727.32
OUT_02893,73.36
OUT_02894,57.47
OUT_02895,633.94
OUT_02896,623.83
OUT_02897,194.15
OUT_02898,55.14
OUT_02899,53.12
OUT_02900,181.27
OUT_02901,214.1
OUT_02902,197.22
OUT_02903,49.08
OUT_02904,67.88
OUT_02905,57.77
OUT_02906,664.25
OUT_02907,58.08
OUT_02908,64.2
OUT_02909,203.14
OUT_02910,188.89
OUT_02911,1718.76
OUT_02912,53.58
OUT_02913,200.37
OUT_02914,56.07
OUT_02915,53.93
OUT_02916,41.96
OUT_02917,58.74
OUT_02918,59.43
OUT_02919,616.13
OUT_02920,181.05
OUT_02921,54.54
OUT_02922,604.73
OUT_02923,181.07
OUT_02924,186.08
OUT_02925,193.6
OUT_02926,55.37
OUT_02927,57.74
OUT_02928,46.03
OUT_02929,69.49
OUT_02930,755.16
OUT_02931,51.84
OUT_02932,173.08
OUT_02933,57.06
OUT_02934,51.17
OUT_02935,62.81
OUT_02936,1700.6
OUT_02937,52.83
OUT_02938,61.34
OUT_02939,196.88
OUT_02940,68.62
OUT_02941,1674.49
OUT_02942,66.51
OUT_02943,66.11
OUT_02944,60.67
OUT_02945,51.79
OUT_02946,43.2
OUT_02947,68.95
OUT_02948,53.1
OUT_02949,188.35
OUT_02950,1715.66
OUT_02951,54.58
OUT_02952,195.61
OUT_02953,185.46
OUT_02954,201.65
OUT_02955,74.08
OUT_02956,689.95
OUT_02957,56.03
OUT_02958,196.14
OUT_02959,188.42
OUT_02960,166.77
OUT_02961,53.53
OUT_02962,1725.18
OUT_02963,206.79
OUT_02964,1645.5
OUT_02965,56.75
OUT_02966,580.94
OUT_02967,44.02
OUT_02968,64.59
OUT_02969,691.26
OUT_02970,658.6
OUT_02971,199.53
OUT_02972,223.21
OUT_02973,195.8
OUT_02974,612.13
OUT_02975,54.32
OUT_02976,53.49
OUT_02977,199.09
OUT_02978,203.18
OUT_02979,56.06
OUT_02980,64.0
OUT_02981,68.26
OUT_02982,59.29
OUT_02983,202.07
OUT_02984,79.22
OUT_02985,186.67
OUT_02986,185.25
OUT_02987,44.54
OUT_02988,52.67
OUT_02989,187.53
OUT_02990,188.21
OUT_02991,55.74
OUT_02992,68.5
OUT_02993,187.84
OUT_02994,646.27
OUT_02995,70.29
OUT_02996,660.58
OUT_02997,680.6
OUT_02998,68.86
OUT_02999,50.74
OUT_03000,191.62
OUT_03001,185.01
OUT_03002,303.09
OUT_03003,62.66
OUT_03004,694.11
OUT_03005,48.39
OUT_03006,192.74
OUT_03007,63.38
OUT_03008,64.61
OUT_03009,182.93
OUT_03010,64.63
OUT_03011,50.47
OUT_03012,63.09
OUT_03013,211.01
OUT_03014,196.7
OUT_03015,189.5
OUT_03016,56.38
OUT_03017,182.03
OUT_03018,613.48
OUT_03019,189.11
OUT_03020,1599.69
OUT_03021,617.77
OUT_03022,69.67
OUT_03023,67.5
OUT_03024,190.66
OUT_03025,59.53
OUT_03026,29.44
OUT_03027,54.95
OUT_03028,195.19
OUT_03029,60.41
OUT_03030,62.6
OUT_03031,191.75
OUT_03032,61.56
OUT_03033,66.86
OUT_03034,65.11
OUT_03035,70.32
OUT_03036,705.55
OUT_03037,1608.46
OUT_03038,598.72
OUT_03039,188.81
OUT_03040,636.11
OUT_03041,188.68
OUT_03042,56.08
OUT_03043,186.72
OUT_03044,37.42
OUT_03045,69.65
OUT_03046,63.57
OUT_03047,60.54
OUT_03048,202.69
OUT_03049,49.04
OUT_03050,59.03
OUT_03051,67.52
OUT_03052,627.18
OUT_03053,265.02
OUT_03054,57.26
OUT_03055,198.55
OUT_03056,612.38
OUT_03057,75.24
OUT_03058,47.56
OUT_03059,197.27
OUT_03060,64.38
OUT_03061,749.55
OUT_03062,62.69
OUT_03063,65.46
OUT_03064,1737.9
OUT_03065,1677.22
OUT_03066,55.1
OUT_03067,75.79
OUT_03068,43.2
OUT_03069,175.54
OUT_03070,729.69
OUT_03071,70.18
OUT_03072,191.34
OUT_03073,66.04
OUT_03074,205.82
OUT_03075,1724.48
OUT_03076,199.31
OUT_03077,1692.52
OUT_03078,1635.77
OUT_03079,50.02
OUT_03080,58.69
OUT_03081,206.84
OUT_03082,80.56
OUT_03083,63.07
OUT_03084,586.2
OUT_03085,47.52
OUT_03086,43.18
OUT_03087,64.32
OUT_03088,623.35
OUT_03089,192.82
OUT_03090,183.23
OUT_03091,53.32
OUT_03092,43.37
OUT_03093,738.62
OUT_03094,69.49
OUT_03095,61.27
OUT_03096,58.11
OUT_03097,698.12
OUT_03098,64.26
OUT_03099,625.3
OUT_03100,64.59
OUT_03101,67.01
OUT_03102,197.1
OUT_03103,187.8
OUT_03104,63.3
OUT_03105,44.47
OUT_03106,47.47
OUT_03107,52.33
OUT_03108,53.88
OUT_03109,57.83
OUT_03110,62.0
OUT_03111,58.67
OUT_03112,177.71
OUT_03113,201.12
OUT_03114,55.24
OUT_03115,68.71
OUT_03116,178.05
OUT_03117,49.92
OUT_03118,61.52
OUT_03119,57.76
OUT_03120,65.78
OUT_03121,23.97
OUT_03122,61.62
OUT_03123,47.87
OUT_03124,62.73
OUT_03125,193.47
OUT_03126,50.89
OUT_03127,57.96
OUT_03128,36.99
OUT_03129,623.71
OUT_03130,64.87
OUT_03131,1626.82
OUT_03132,63.2
OUT_03133,63.65
OUT_03134,669.8
OUT_03135,67.29
OUT_03136,186.92
OUT_03137,52.77
OUT_03138,52.65
OUT_03139,172.11
OUT_03140,60.69
OUT_03141,69.06
OUT_03142,186.15
OUT_03143,58.58
OUT_03144,70.81
OUT_03145,46.21
OUT_03146,193.95
OUT_03147,203.49
OUT_03148,1660.04
OUT_03149,60.79
OUT_03150,197.43
OUT_03151,46.72
OUT_03152,60.0
OUT_03153,215.1
OUT_03154,611.22
OUT_03155,194.84
OUT_03156,190.86
OUT_03157,651.25
OUT_03158,64.44
OUT_03159,47.67
OUT_03160,188.76
OUT_03161,186.65
OUT_03162,83.26
OUT_03163,65.76
OUT_03164,669.43
OUT_03165,196.7
OUT_03166,62.59
OUT_03167,1680.86
OUT_03168,68.17
OUT_03169,50.01
OUT_03170,192.89
OUT_03171,190.43
OUT_03172,35.27
OUT_03173,67.58
OUT_03174,69.8
OUT_03175,195.99
OUT_03176,56.23
OUT_03177,60.94
OUT_03178,43.62
OUT_03179,185.81
OUT_03180,56.81
OUT_03181,71.77
OUT_03182,40.52
OUT_03183,623.62
OUT_03184,196.47
OUT_03185,65.46
OUT_03186,189.61
OUT_03187,65.22
OUT_03188,50.4
OUT_03189,187.89
OUT_03190,70.29
OUT_03191,677.88
OUT_03192,52.16
OUT_03193,54.27
OUT_03194,186.41
OUT_03195,61.3
OUT_03196,188.09
OUT_03197,61.75
OUT_03198,68.09
OUT_03199,194.75
OUT_03200,186.09
OUT_03201,197.74
OUT_03202,61.8
OUT_03203,65.23
OUT_03204,196.59
OUT_03205,63.7
OUT_03206,200.12
OUT_03207,56.99
OUT_03208,1678.07
OUT_03209,62.63
OUT_03210,66.19
OUT_03211,191.1
OUT_03212,68.39
OUT_03213,178.99
OUT_03214,195.65
OUT_03215,196.97
OUT_03216,61.41
OUT_03217,195.61
OUT_03218,195.04
OUT_03219,70.02
OUT_03220,192.63
OUT_03221,196.26
OUT_03222,188.75
OUT_03223,62.63
OUT_03224,199.5
OUT_03225,37.02
OUT_03226,54.52
OUT_03227,187.6
OUT_03228,1436.29
OUT_03229,1738.92
OUT_03230,62.69
OUT_03231,195.53
OUT_03232,34.64
OUT_03233,634.21
OUT_03234,181.05
OUT_03235,75.97
OUT_03236,54.98
OUT_03237,54.09
OUT_03238,63.47
OUT_03239,70.1
OUT_03240,194.55
OUT_03241,53.8
OUT_03242,625.16
OUT_03243,37.29
OUT_03244,50.76
OUT_03245,179.1
OUT_03246,56.83
OUT_03247,64.09
OUT_03248,241.16
OUT_03249,69.55
OUT_03250,62.77
OUT_03251,606.51
OUT_03252,652.31
OUT_03253,66.7
OUT_03254,43.94
OUT_03255,200.87
OUT_03256,202.3
OUT_03257,62.63
OUT_03258,172.68
OUT_03259,207.73
OUT_03260,634.56
OUT_03261,53.0
OUT_03262,194.43
OUT_03263,49.9
OUT_03264,1635.27
OUT_03265,199.84
OUT_03266,45.67
OUT_03267,64.58
OUT_03268,187.76
OUT_03269,172.99
OUT_03270,58.95
OUT_03271,616.23
OUT_03272,182.83
OUT_03273,622.31
OUT_03274,1698.21
OUT_03275,59.33
OUT_03276,41.66
OUT_03277,69.56
OUT_03278,62.46
OUT_03279,64.18
OUT_03280,70.31
OUT_03281,1655.47
OUT_03282,184.0
OUT_03283,627.45
OUT_03284,60.45
OUT_03285,43.51
OUT_03286,68.86
OUT_03287,1619.72
OUT_03288,172.5
OUT_03289,65.2
OUT_03290,65.26
OUT_03291,70.4
OUT_03292,43.16
OUT_03293,185.75
OUT_03294,71.79
OUT_03295,60.17
OUT_03296,1582.63
OUT_03297,630.86
OUT_03298,58.93
OUT_03299,188.91
OUT_03300,191.95
OUT_03301,191.07
OUT_03302,622.84
OUT_03303,71.05
OUT_03304,66.94
OUT_03305,60.69
OUT_03306,68.44
OUT_03307,67.41
OUT_03308,196.51
OUT_03309,51.36
OUT_03310,48.95
OUT_03311,59.36
OUT_03312,661.32
OUT_03313,60.13
OUT_03314,59.56
OUT_03315,1689.46
OUT_03316,650.48
OUT_03317,37.32
OUT_03318,67.8
OUT_03319,194.72
OUT_03320,46.96
OUT_03321,183.72
OUT_03322,197.82
OUT_03323,193.61
OUT_03324,658.85
OUT_03325,1708.69
OUT_03326,71.46
OUT_03327,688.61
OUT_03328,739.13
OUT_03329,187.55
OUT_03330,1616.72
OUT_03331,69.87
OUT_03332,57.76
OUT_03333,691.64
OUT_03334,625.19
OUT_03335,207.81
OUT_03336,195.71
OUT_03337,199.65
OUT_03338,65.15
OUT_03339,60.58
OUT_03340,188.09
OUT_03341,619.27
OUT_03342,62.04
OUT_03343,65.21
OUT_03344,642.5
OUT_03345,645.64
OUT_03346,1623.67
OUT_03347,71.94
OUT_03348,55.05
OUT_03349,194.28
OUT_03350,190.99
OUT_03351,66.29
OUT_03352,187.47
OUT_03353,1718.29
OUT_03354,56.51
OUT_03355,55.16
OUT_03356,51.38
OUT_03357,184.37
OUT_03358,1723.46
OUT_03359,630.15
OUT_03360,52.66
OUT_03361,183.07
OUT_03362,64.08
OUT_03363,63.47
OUT_03364,61.65
OUT_03365,62.35
OUT_03366,195.6
OUT_03367,180.99
OUT_03368,666.84
OUT_03369,54.95
OUT_03370,200.56
OUT_03371,181.5
OUT_03372,56.43
OUT_03373,210.01
OUT_03374,51.87
OUT_03375,67.23
OUT_03376,52.08
OUT_03377,197.03
OUT_03378,50.6
OUT_03379,194.35
OUT_03380,42.38
OUT_03381,1635.7
OUT_03382,63.68
OUT_03383,631.45
OUT_03384,62.92
OUT_03385,56.53
OUT_03386,72.33
OUT_03387,613.11
OUT_03388,587.96
OUT_03389,54.33
OUT_03390,65.47
OUT_03391,732.31
OUT_03392,72.13
OUT_03393,198.39
OUT_03394,72.31
OUT_03395,665.41
OUT_03396,173.32
OUT_03397,65.94
OUT_03398,56.43
OUT_03399,59.18
OUT_03400,201.83
OUT_03401,189.16
OUT_03402,1528.34
OUT_03403,58.97
OUT_03404,65.31
OUT_03405,59.05
OUT_03406,670.01
OUT_03407,193.59
OUT_03408,58.86
OUT_03409,191.79
OUT_03410,56.6
OUT_03411,1675.91
OUT_03412,37.97
OUT_03413,633.88
OUT_03414,656.32
OUT_03415,1688.78
OUT_03416,59.87
OUT_03417,79.27
OUT_03418,626.24
OUT_03419,57.26
OUT_03420,70.99
OUT_03421,48.8
OUT_03422,58.06
OUT_03423,632.86
OUT_03424,669.63
OUT_03425,204.99
OUT_03426,62.57
OUT_03427,178.1
OUT_03428,62.17
OUT_03429,57.13
OUT_03430,187.63
OUT_03431,56.79
OUT_03432,45.48
OUT_03433,62.43
OUT_03434,186.18
OUT_03435,59.86
OUT_03436,626.73
OUT_03437,42.31
OUT_03438,194.17
OUT_03439,192.71
OUT_03440,43.66
OUT_03441,42.9
OUT_03442,183.81
OUT_03443,662.22
OUT_03444,726.41
OUT_03445,192.12
OUT_03446,637.06
OUT_03447,67.82
OUT_03448,188.29
OUT_03449,44.12
OUT_03450,213.42
OUT_03451,614.4
OUT_03452,67.11
OUT_03453,188.4
OUT_03454,43.44
OUT_03455,67.53
OUT_03456,55.13
OUT_03457,201.69
OUT_03458,1637.82
OUT_03459,71.14
OUT_03460,65.98
OUT_03461,67.95
OUT_03462,71.13
OUT_03463,61.5
OUT_03464,64.4
OUT_03465,202.38
OUT_03466,191.52
OUT_03467,642.99
OUT_03468,195.86
OUT_03469,54.6
OUT_03470,53.02
OUT_03471,51.33
OUT_03472,58.0
OUT_03473,58.19
OUT_03474,72.29
OUT_03475,60.44
OUT_03476,196.39
OUT_03477,192.23
OUT_03478,52.85
OUT_03479,72.18
OUT_03480,200.94
OUT_03481,53.78
OUT_03482,599.84
OUT_03483,67.17
OUT_03484,1655.19
OUT_03485,63.6
OUT_03486,65.3
OUT_03487,64.22
OUT_03488,45.99
OUT_03489,190.59
OUT_03490,64.16
OUT_03491,193.65
OUT_03492,766.65
OUT_03493,1743.73
OUT_03494,194.46
OUT_03495,53.07
OUT_03496,38.91
OUT_03497,198.45
OUT_03498,179.56
OUT_03499,190.72
OUT_03500,62.81
OUT_03501,192.97
OUT_03502,62.76
OUT_03503,197.54
OUT_03504,59.21
OUT_03505,205.02
OUT_03506,197.3
OUT_03507,61.92
OUT_03508,636.94
OUT_03509,56.65
OUT_03510,45.53
OUT_03511,56.34
OUT_03512,39.19
OUT_03513,654.65
OUT_03514,52.82
OUT_03515,53.12
OUT_03516,54.49
OUT_03517,64.15
OUT_03518,192.82
OUT_03519,682.34
OUT_03520,54.17
OUT_03521,200.01
OUT_03522,81.88
OUT_03523,53.64
OUT_03524,214.32
OUT_03525,42.45
OUT_03526,53.09
OUT_03527,31.04
OUT_03528,50.56
OUT_03529,192.14
OUT_03530,57.56
OUT_03531,191.63
OUT_03532,60.16
OUT_03533,666.09
OUT_03534,217.79
OUT_03535,61.92
OUT_03536,52.97
OUT_03537,195.08
OUT_03538,61.62
OUT_03539,53.71
OUT_03540,46.12
OUT_03541,182.47
OUT_03542,192.64
OUT_03543,67.52
OUT_03544,55.93
OUT_03545,189.8
OUT_03546,59.02
OUT_03547,196.3
OUT_03548,65.08
OUT_03549,1688.82
OUT_03550,187.82
OUT_03551,686.35
OUT_03552,188.65
OUT_03553,60.05
OUT_03554,216.71
OUT_03555,634.89
OUT_03556,1553.03
OUT_03557,71.45
OUT_03558,206.24
OUT_03559,1681.47
OUT_03560,188.69
OUT_03561,197.3
OUT_03562,67.61
OUT_03563,204.75
OUT_03564,200.83
OUT_03565,197.17
OUT_03566,70.61
OUT_03567,185.22
OUT_03568,53.95
OUT_03569,661.87
OUT_03570,1706.93
OUT_03571,721.04
OUT_03572,634.28
OUT_03573,73.83
OUT_03574,188.4
OUT_03575,669.43
OUT_03576,58.65
OUT_03577,1666.57
OUT_03578,205.18
OUT_03579,717.6
OUT_03580,52.34
OUT_03581,68.47
OUT_03582,195.68
OUT_03583,65.96
OUT_03584,66.53
OUT_03585,54.54
OUT_03586,64.14
OUT_03587,202.4
OUT_03588,66.63
OUT_03589,54.75
OUT_03590,57.86
OUT_03591,1619.47
OUT_03592,59.87
OUT_03593,72.44
OUT_03594,192.94
OUT_03595,187.82
OUT_03596,192.12
OUT_03597,698.32
OUT_03598,716.28
OUT_03599,65.02
OUT_03600,63.66
OUT_03601,185.06
OUT_03602,179.98
OUT_03603,44.1
OUT_03604,196.13
OUT_03605,69.09
OUT_03606,782.68
OUT_03607,191.75
OUT_03608,84.44
OUT_03609,66.62
OUT_03610,65.26
OUT_03611,65.18
OUT_03612,50.51
OUT_03613,53.05
OUT_03614,69.1
OUT_03615,681.47
OUT_03616,661.56
OUT_03617,66.79
OUT_03618,73.33
OUT_03619,195.07
OUT_03620,219.09
OUT_03621,54.1
OUT_03622,616.72
OUT_03623,191.88
OUT_03624,61.06
OUT_03625,59.33
OUT_03626,60.48
OUT_03627,43.87
OUT_03628,50.88
OUT_03629,668.49
OUT_03630,200.96
OUT_03631,628.96
OUT_03632,68.0
OUT_03633,53.85
OUT_03634,626.11
OUT_03635,1705.26
OUT_03636,62.17
OUT_03637,194.36
OUT_03638,45.59
OUT_03639,43.32
OUT_03640,68.07
OUT_03641,201.5
OUT_03642,66.78
OUT_03643,196.72
OUT_03644,645.86
OUT_03645,196.04
OUT_03646,59.85
OUT_03647,69.26
OUT_03648,192.05
OUT_03649,185.03
OUT_03650,61.92
OUT_03651,620.69
OUT_03652,62.25
OUT_03653,1690.63
OUT_03654,70.65
OUT_03655,187.07
OUT_03656,55.84
OUT_03657,59.97
OUT_03658,60.38
OUT_03659,51.81
OUT_03660,62.61
OUT_03661,60.01
OUT_03662,36.9
OUT_03663,184.68
OUT_03664,181.29
OUT_03665,742.71
OUT_03666,55.84
OUT_03667,732.75
OUT_03668,199.84
OUT_03669,740.76
OUT_03670,70.09
OUT_03671,188.66
OUT_03672,65.39
OUT_03673,65.39
OUT_03674,190.55
OUT_03675,81.04
OUT_03676,1727.23
OUT_03677,54.79
OUT_03678,181.66
OUT_03679,52.81
OUT_03680,1690.35
OUT_03681,42.59
OUT_03682,49.16
OUT_03683,56.33
OUT_03684,59.88
OUT_03685,62.92
OUT_03686,1681.83
OUT_03687,32.73
OUT_03688,55.72
OUT_03689,60.29
OUT_03690,75.71
OUT_03691,61.01
OUT_03692,55.28
OUT_03693,57.0
OUT_03694,58.41
OUT_03695,195.21
OUT_03696,62.66
OUT_03697,186.56
OUT_03698,179.32
OUT_03699,724.58
OUT_03700,185.31
OUT_03701,620.33
OUT_03702,68.65
OUT_03703,194.53
OUT_03704,190.51
OUT_03705,65.77
OUT_03706,46.27
OUT_03707,45.05
OUT_03708,46.13
OUT_03709,653.51
OUT_03710,186.99
OUT_03711,68.62
OUT_03712,60.47
OUT_03713,64.63
OUT_03714,191.61
OUT_03715,198.45
OUT_03716,58.55
OUT_03717,24.85
OUT_03718,192.75
OUT_03719,1723.32
OUT_03720,57.79
OUT_03721,196.3
OUT_03722,51.09
OUT_03723,694.9
OUT_03724,1620.49
OUT_03725,66.82
OUT_03726,191.06
OUT_03727,57.38
OUT_03728,61.41
OUT_03729,222.36
OUT_03730,185.74
OUT_03731,189.45
OUT_03732,61.12
OUT_03733,45.67
OUT_03734,180.16
OUT_03735,202.29
OUT_03736,205.28
OUT_03737,70.68
OUT_03738,187.57
OUT_03739,689.27
OUT_03740,49.06
OUT_03741,1699.75
OUT_03742,66.31
OUT_03743,201.5
OUT_03744,68.39
OUT_03745,50.32
OUT_03746,186.39
OUT_03747,63.31
OUT_03748,177.75
OUT_03749,65.2
OUT_03750,71.71
OUT_03751,69.83
OUT_03752,59.88
OUT_03753,53.01
OUT_03754,599.84
OUT_03755,70.77
OUT_03756,191.6
OUT_03757,1635.17
OUT_03758,52.9
OUT_03759,64.62
OUT_03760,189.84
OUT_03761,56.68
OUT_03762,194.73
OUT_03763,63.99
OUT_03764,612.53
OUT_03765,59.47
OUT_03766,1643.04
OUT_03767,197.81
OUT_03768,75.95
OUT_03769,196.17
OUT_03770,189.65
OUT_03771,196.11
OUT_03772,625.13
OUT_03773,695.53
OUT_03774,53.68
OUT_03775,59.72
OUT_03776,48.39
OUT_03777,65.76
OUT_03778,23.8
OUT_03779,60.58
OUT_03780,80.39
OUT_03781,195.84
OUT_03782,184.27
OUT_03783,61.63
OUT_03784,47.62
OUT_03785,58.25
OUT_03786,1725.85
OUT_03787,171.48
OUT_03788,59.68
OUT_03789,185.82
OUT_03790,63.06
OUT_03791,614.59
OUT_03792,178.77
OUT_03793,61.41
OUT_03794,80.3
OUT_03795,191.16
OUT_03796,674.58
OUT_03797,65.33
OUT_03798,193.91
OUT_03799,184.27
OUT_03800,661.28
OUT_03801,182.72
OUT_03802,194.05
OUT_03803,658.04
OUT_03804,201.8
OUT_03805,66.33
OUT_03806,68.32
OUT_03807,59.67
OUT_03808,72.79
OUT_03809,63.39
OUT_03810,70.91
OUT_03811,62.23
OUT_03812,49.76
OUT_03813,53.96
OUT_03814,1608.08
OUT_03815,619.0
OUT_03816,41.34
OUT_03817,44.62
OUT_03818,77.22
OUT_03819,178.93
OUT_03820,70.61
OUT_03821,66.45
OUT_03822,61.17
OUT_03823,179.87
OUT_03824,679.38
OUT_03825,189.32
OUT_03826,63.33
OUT_03827,51.89
OUT_03828,605.48
OUT_03829,1693.86
OUT_03830,68.86
OUT_03831,202.54
OUT_03832,187.15
OUT_03833,584.51
OUT_03834,58.82
OUT_03835,53.24
OUT_03836,60.14
OUT_03837,65.13
OUT_03838,68.69
OUT_03839,56.92
OUT_03840,736.7
OUT_03841,607.63
OUT_03842,183.62
OUT_03843,200.43
OUT_03844,646.43
OUT_03845,60.45
OUT_03846,194.2
OUT_03847,745.83
OUT_03848,208.69
OUT_03849,679.93
OUT_03850,608.97
OUT_03851,43.88
OUT_03852,47.49
OUT_03853,167.82
OUT_03854,89.51
OUT_03855,56.45
OUT_03856,184.28
OUT_03857,65.81
OUT_03858,60.87
OUT_03859,54.05
OUT_03860,200.04
OUT_03861,713.7
OUT_03862,74.2
OUT_03863,673.0
OUT_03864,605.57
OUT_03865,62.59
OUT_03866,1654.19
OUT_03867,64.27
OUT_03868,59.72
OUT_03869,184.89
OUT_03870,49.12
OUT_03871,62.59
OUT_03872,50.44
OUT_03873,193.73
OUT_03874,63.03
OUT_03875,170.61
OUT_03876,655.35
OUT_03877,210.86
OUT_03878,657.98
OUT_03879,74.62
OUT_03880,45.22
OUT_03881,61.32
OUT_03882,61.74
OUT_03883,66.08
OUT_03884,56.55
OUT_03885,1671.89
OUT_03886,210.55
OUT_03887,67.26
OUT_03888,66.34
OUT_03889,179.8
OUT_03890,715.67
OUT_03891,180.16
OUT_03892,72.42
OUT_03893,605.24
OUT_03894,52.92
OUT_03895,644.56
OUT_03896,68.52
OUT_03897,194.64
OUT_03898,214.53
OUT_03899,193.08
OUT_03900,707.19
OUT_03901,62.64
OUT_03902,647.62
OUT_03903,66.45
OUT_03904,57.88
OUT_03905,192.25
OUT_03906,647.36
OUT_03907,192.06
OUT_03908,71.26
OUT_03909,193.95
OUT_03910,616.76
OUT_03911,1727.04
OUT_03912,69.09
OUT_03913,47.41
OUT_03914,63.91
OUT_03915,60.29
OUT_03916,741.08
OUT_03917,58.01
OUT_03918,680.52
OUT_03919,76.51
OUT_03920,644.99
OUT_03921,74.38
OUT_03922,195.59
OUT_03923,1697.63
OUT_03924,73.15
OUT_03925,62.55
OUT_03926,641.02
OUT_03927,624.08
OUT_03928,1644.8
OUT_03929,55.95
OUT_03930,182.52
OUT_03931,202.02
OUT_03932,188.29
OUT_03933,54.41
OUT_03934,204.63
OUT_03935,196.09
OUT_03936,62.93
OUT_03937,179.74
OUT_03938,43.96
OUT_03939,714.26
OUT_03940,179.11
OUT_03941,65.6
OUT_03942,199.67
OUT_03943,46.26
OUT_03944,1676.36
OUT_03945,57.11
OUT_03946,61.63
OUT_03947,221.25
OUT_03948,58.35
OUT_03949,67.68
OUT_03950,54.61
OUT_03951,40.93
OUT_03952,61.86
OUT_03953,195.78
OUT_03954,1682.42
OUT_03955,198.03
OUT_03956,59.17
OUT_03957,1531.25
OUT_03958,199.08
OUT_03959,1656.04
OUT_03960,624.66
OUT_03961,63.32
OUT_03962,47.29
OUT_03963,202.68
OUT_03964,188.52
OUT_03965,733.98
OUT_03966,62.17
OUT_03967,1676.16
OUT_03968,61.68
OUT_03969,59.93
OUT_03970,42.0
OUT_03971,51.18
OUT_03972,601.71
OUT_03973,54.11
OUT_03974,194.21
OUT_03975,223.49
OUT_03976,44.81
OUT_03977,54.62
OUT_03978,70.94
OUT_03979,174.12
OUT_03980,678.37
OUT_03981,221.88
OUT_03982,656.22
OUT_03983,1684.85
OUT_03984,61.76
OUT_03985,292.91
OUT_03986,691.16
OUT_03987,56.15
OUT_03988,631.22
OUT_03989,63.87
OUT_03990,62.0
OUT_03991,622.95
OUT_03992,208.61
OUT_03993,199.35
OUT_03994,651.02
OUT_03995,71.63
OUT_03996,61.03
OUT_03997,199.77
OUT_03998,66.57
OUT_03999,1703.18
OUT_04000,64.39
OUT_04001,47.41
OUT_04002,64.99
OUT_04003,66.28
OUT_04004,47.41
OUT_04005,616.93
OUT_04006,195.22
OUT_04007,193.1
OUT_04008,36.86
OUT_04009,678.97
OUT_04010,63.57
OUT_04011,188.34
OUT_04012,57.0
OUT_04013,609.28
OUT_04014,58.93
OUT_04015,63.61
OUT_04016,59.45
OUT_04017,188.13
OUT_04018,192.32
OUT_04019,62.81
OUT_04020,46.85
OUT_04021,646.68
OUT_04022,51.03
OUT_04023,189.49
OUT_04024,47.55
OUT_04025,190.87
OUT_04026,670.21
OUT_04027,1708.25
OUT_04028,75.29
OUT_04029,61.24
OUT_04030,64.61
OUT_04031,189.34
OUT_04032,199.32
OUT_04033,203.05
OUT_04034,196.92
OUT_04035,59.18
OUT_04036,69.36
OUT_04037,187.14
OUT_04038,57.38
OUT_04039,171.78
OUT_04040,58.74
OUT_04041,51.13
OUT_04042,60.89
OUT_04043,52.8
OUT_04044,619.38
OUT_04045,185.76
OUT_04046,189.82
OUT_04047,63.26
OUT_04048,664.34
OUT_04049,37.12
OUT_04050,724.11
OUT_04051,63.71
OUT_04052,640.15
OUT_04053,58.99
OUT_04054,67.31
OUT_04055,40.49
OUT_04056,1667.41
OUT_04057,200.91
OUT_04058,24.57
OUT_04059,661.03
OUT_04060,200.2
OUT_04061,662.41
OUT_04062,667.32
OUT_04063,636.17
OUT_04064,617.15
OUT_04065,50.2
OUT_04066,57.75
OUT_04067,195.53
OUT_04068,613.38
OUT_04069,187.14
OUT_04070,199.12
OUT_04071,653.13
OUT_04072,63.18
OUT_04073,64.75
OUT_04074,68.56
OUT_04075,191.07
OUT_04076,197.15
OUT_04077,64.12
OUT_04078,60.47
OUT_04079,71.3
OUT_04080,191.86
OUT_04081,52.53
OUT_04082,66.68
OUT_04083,180.29
OUT_04084,60.87
OUT_04085,50.34
OUT_04086,78.71
OUT_04087,196.24
OUT_04088,201.8
OUT_04089,59.87
OUT_04090,189.82
OUT_04091,58.23
OUT_04092,185.58
OUT_04093,58.9
OUT_04094,189.09
OUT_04095,70.7
OUT_04096,51.68
OUT_04097,670.89
OUT_04098,184.75
OUT_04099,194.76
OUT_04100,45.78
OUT_04101,53.51
OUT_04102,674.92
OUT_04103,63.73
OUT_04104,60.91
OUT_04105,187.49
OUT_04106,191.51
OUT_04107,199.75
OUT_04108,627.0
OUT_04109,65.57
OUT_04110,196.54
OUT_04111,646.96
OUT_04112,66.39
OUT_04113,53.29
OUT_04114,186.81
OUT_04115,192.51
OUT_04116,60.1
OUT_04117,56.83
OUT_04118,66.43
OUT_04119,621.3
OUT_04120,1632.02
OUT_04121,193.94
OUT_04122,195.74
OUT_04123,219.16
OUT_04124,69.2
OUT_04125,61.72
OUT_04126,189.89
OUT_04127,57.19
OUT_04128,1623.65
OUT_04129,66.48
OUT_04130,67.08
OUT_04131,646.81
OUT_04132,64.02
OUT_04133,191.59
OUT_04134,50.29
OUT_04135,201.05
OUT_04136,1710.5
OUT_04137,198.25
OUT_04138,64.91
OUT_04139,635.18
OUT_04140,50.04
OUT_04141,65.14
OUT_04142,614.77
OUT_04143,582.1
OUT_04144,67.23
OUT_04145,55.02
OUT_04146,40.16
OUT_04147,44.27
OUT_04148,52.08
OUT_04149,49.57
OUT_04150,191.19
OUT_04151,193.56
OUT_04152,58.87
OUT_04153,63.67
OUT_04154,685.28
OUT_04155,601.63
OUT_04156,55.99
OUT_04157,61.72
OUT_04158,58.16
OUT_04159,55.79
OUT_04160,64.58
OUT_04161,1715.18
OUT_04162,58.72
OUT_04163,44.6
OUT_04164,62.42
OUT_04165,614.71
OUT_04166,70.88
OUT_04167,71.98
OUT_04168,48.48
OUT_04169,55.86
OUT_04170,154.84
OUT_04171,1724.58
OUT_04172,63.58
OUT_04173,192.11
OUT_04174,656.45
OUT_04175,60.74
OUT_04176,190.89
OUT_04177,59.8
OUT_04178,65.45
OUT_04179,73.51
OUT_04180,200.89
OUT_04181,186.52
OUT_04182,51.17
OUT_04183,68.42
OUT_04184,45.18
OUT_04185,190.89
OUT_04186,50.81
OUT_04187,191.66
OUT_04188,32.67
OUT_04189,205.39
OUT_04190,624.3
OUT_04191,62.32
OUT_04192,77.03
OUT_04193,671.29
OUT_04194,739.85
OUT_04195,65.25
OUT_04196,654.71
OUT_04197,38.53
OUT_04198,195.99
OUT_04199,1659.15
OUT_04200,192.99
OUT_04201,63.27
OUT_04202,53.01
OUT_04203,195.78
OUT_04204,51.62
OUT_04205,182.97
OUT_04206,1679.56
OUT_04207,191.28
OUT_04208,58.88
OUT_04209,69.79
OUT_04210,147.98
OUT_04211,67.02
OUT_04212,192.93
OUT_04213,71.78
OUT_04214,207.72
OUT_04215,184.92
OUT_04216,185.61
OUT_04217,646.47
OUT_04218,49.37
OUT_04219,44.82
OUT_04220,70.29
OUT_04221,611.86
OUT_04222,56.33
OUT_04223,66.71
OUT_04224,180.46
OUT_04225,59.88
OUT_04226,675.11
OUT_04227,193.97
OUT_04228,53.88
OUT_04229,186.35
OUT_04230,69.37
OUT_04231,202.34
OUT_04232,640.63
OUT_04233,633.67
OUT_04234,68.55
OUT_04235,65.46
OUT_04236,164.18
OUT_04237,1664.51
OUT_04238,192.23
OUT_04239,1665.31
OUT_04240,74.86
OUT_04241,184.26
OUT_04242,61.38
OUT_04243,61.38
OUT_04244,47.31
OUT_04245,192.72
OUT_04246,52.08
OUT_04247,52.42
OUT_04248,64.59
OUT_04249,192.5
OUT_04250,656.84
OUT_04251,1628.05
OUT_04252,49.39
OUT_04253,54.58
OUT_04254,693.74
OUT_04255,51.61
OUT_04256,192.27
OUT_04257,53.46
OUT_04258,194.91
OUT_04259,621.65
OUT_04260,1731.19
OUT_04261,736.4
OUT_04262,55.81
OUT_04263,201.82
OUT_04264,65.61
OUT_04265,38.49
OUT_04266,75.85
OUT_04267,71.2
OUT_04268,58.33
OUT_04269,607.85
OUT_04270,209.47
OUT_04271,194.39
OUT_04272,190.23
OUT_04273,34.03
OUT_04274,192.63
OUT_04275,60.59
OUT_04276,191.53
OUT_04277,51.63
OUT_04278,47.95
OUT_04279,71.02
OUT_04280,193.15
OUT_04281,188.08
OUT_04282,653.2
OUT_04283,183.97
OUT_04284,51.72
OUT_04285,55.94
OUT_04286,190.82
OUT_04287,187.14
OUT_04288,65.06
OUT_04289,73.58
OUT_04290,66.82
OUT_04291,201.93
OUT_04292,69.02
OUT_04293,648.85
OUT_04294,190.0
OUT_04295,1601.74
OUT_04296,62.8
OUT_04297,65.01
OUT_04298,181.56
OUT_04299,194.67
OUT_04300,60.09
OUT_04301,70.95
OUT_04302,64.27
OUT_04303,70.04
OUT_04304,615.61
OUT_04305,175.51
OUT_04306,61.17
OUT_04307,60.81
OUT_04308,60.35
OUT_04309,712.95
OUT_04310,67.57
OUT_04311,62.74
OUT_04312,657.39
OUT_04313,52.74
OUT_04314,62.42
OUT_04315,56.51
OUT_04316,50.84
OUT_04317,198.1
OUT_04318,184.47
OUT_04319,66.41
OUT_04320,734.59
OUT_04321,67.22
OUT_04322,613.5
OUT_04323,23.67
OUT_04324,183.72
OUT_04325,70.54
OUT_04326,198.07
OUT_04327,61.14
OUT_04328,648.91
OUT_04329,45.37
OUT_04330,200.96
OUT_04331,153.26
OUT_04332,61.63
OUT_04333,195.3
OUT_04334,196.1
OUT_04335,696.0
OUT_04336,66.24
OUT_04337,63.06
OUT_04338,69.53
OUT_04339,67.38
OUT_04340,44.9
OUT_04341,60.39
OUT_04342,637.86
OUT_04343,49.59
OUT_04344,43.32
OUT_04345,60.78
OUT_04346,57.43
OUT_04347,665.75
OUT_04348,60.62
OUT_04349,705.23
OUT_04350,199.39
OUT_04351,602.38
OUT_04352,183.78
OUT_04353,174.83
OUT_04354,54.47
OUT_04355,43.92
OUT_04356,688.18
OUT_04357,676.03
OUT_04358,188.92
OUT_04359,1683.23
OUT_04360,191.38
OUT_04361,191.73
OUT_04362,68.74
OUT_04363,68.24
OUT_04364,64.78
OUT_04365,45.84
OUT_04366,72.87
OUT_04367,51.01
OUT_04368,1681.21
OUT_04369,196.32
OUT_04370,190.95
OUT_04371,54.32
OUT_04372,41.65
OUT_04373,189.08
OUT_04374,62.16
OUT_04375,62.12
OUT_04376,69.42
OUT_04377,46.75
OUT_04378,73.81
OUT_04379,41.74
OUT_04380,54.99
OUT_04381,21.93
OUT_04382,638.75
OUT_04383,45.05
OUT_04384,62.96
OUT_04385,643.07
OUT_04386,65.43
OUT_04387,198.18
OUT_04388,192.54
OUT_04389,50.48
OUT_04390,188.57
OUT_04391,174.61
OUT_04392,189.39
OUT_04393,1632.55
OUT_04394,65.33
OUT_04395,57.53
OUT_04396,51.55
OUT_04397,59.23
OUT_04398,52.06
OUT_04399,666.0
OUT_04400,656.63
OUT_04401,54.39
OUT_04402,597.11
OUT_04403,51.3
OUT_04404,739.38
OUT_04405,586.47
OUT_04406,66.1
OUT_04407,191.87
OUT_04408,60.32
OUT_04409,1704.37
OUT_04410,73.36
OUT_04411,58.54
OUT_04412,59.76
OUT_04413,663.72
OUT_04414,670.68
OUT_04415,629.37
OUT_04416,65.29
OUT_04417,200.79
OUT_04418,189.73
OUT_04419,49.73
OUT_04420,64.67
OUT_04421,44.42
OUT_04422,728.22
OUT_04423,189.91
OUT_04424,183.88
OUT_04425,59.32
OUT_04426,65.24
OUT_04427,58.36
OUT_04428,46.81
OUT_04429,201.71
OUT_04430,195.15
OUT_04431,51.87
OUT_04432,176.21
OUT_04433,719.02
OUT_04434,186.03
OUT_04435,646.04
OUT_04436,624.8
OUT_04437,621.26
OUT_04438,653.82
OUT_04439,760.22
OUT_04440,178.05
OUT_04441,57.47
OUT_04442,599.48
OUT_04443,48.34
OUT_04444,190.77
OUT_04445,49.4
OUT_04446,197.05
OUT_04447,53.37
OUT_04448,186.95
OUT_04449,708.59
OUT_04450,193.15
OUT_04451,192.21
OUT_04452,51.17
OUT_04453,155.75
OUT_04454,197.59
OUT_04455,55.94
OUT_04456,57.31
OUT_04457,199.62
OUT_04458,207.13
OUT_04459,62.14
OUT_04460,189.14
OUT_04461,63.16
OUT_04462,63.16
OUT_04463,60.62
OUT_04464,61.94
OUT_04465,191.24
OUT_04466,189.05
OUT_04467,193.09
OUT_04468,77.4
OUT_04469,45.37
OUT_04470,58.49
OUT_04471,769.71
OUT_04472,204.77
OUT_04473,52.29
OUT_04474,163.3
OUT_04475,57.39
OUT_04476,200.34
OUT_04477,55.24
OUT_04478,610.02
OUT_04479,192.14
OUT_04480,635.87
OUT_04481,47.53
OUT_04482,195.87
OUT_04483,77.72
OUT_04484,198.47
OUT_04485,69.05
OUT_04486,52.48
OUT_04487,632.41
OUT_04488,71.28
OUT_04489,674.79
OUT_04490,59.61
OUT_04491,38.31
OUT_04492,703.82
OUT_04493,64.73
OUT_04494,60.35
OUT_04495,67.24
OUT_04496,49.25
OUT_04497,189.64
OUT_04498,195.13
OUT_04499,69.24
OUT_04500,1716.37
OUT_04501,63.08
OUT_04502,185.23
OUT_04503,47.63
OUT_04504,57.93
OUT_04505,52.31
OUT_04506,197.08
OUT_04507,616.36
OUT_04508,53.33
OUT_04509,595.93
OUT_04510,189.5
OUT_04511,48.15
OUT_04512,49.71
OUT_04513,61.32
OUT_04514,652.68
OUT_04515,191.96
OUT_04516,188.7
OUT_04517,202.61
OUT_04518,158.57
OUT_04519,42.9
OUT_04520,657.81
OUT_04521,58.16
OUT_04522,59.97
OUT_04523,732.67
OUT_04524,34.87
OUT_04525,188.12
OUT_04526,736.85
OUT_04527,56.38
OUT_04528,626.59
OUT_04529,70.84
OUT_04530,50.36
OUT_04531,62.02
OUT_04532,58.59
OUT_04533,661.65
OUT_04534,52.22
OUT_04535,197.34
OUT_04536,203.15
OUT_04537,72.63
OUT_04538,52.5
OUT_04539,60.78
OUT_04540,197.75
OUT_04541,193.28
OUT_04542,53.4
OUT_04543,50.93
OUT_04544,199.37
OUT_04545,69.12
OUT_04546,62.9
OUT_04547,184.45
OUT_04548,67.96
OUT_04549,62.8
OUT_04550,67.47
OUT_04551,196.75
OUT_04552,212.26
OUT_04553,190.46
OUT_04554,68.27
OUT_04555,61.68
OUT_04556,740.41
OUT_04557,54.57
OUT_04558,194.32
OUT_04559,60.02
OUT_04560,680.96
OUT_04561,220.36
OUT_04562,53.35
OUT_04563,57.11
OUT_04564,61.01
OUT_04565,199.31
OUT_04566,176.84
OUT_04567,68.5
OUT_04568,618.07
OUT_04569,1644.93
OUT_04570,67.63
OUT_04571,211.03
OUT_04572,61.87
OUT_04573,200.33
OUT_04574,65.2
OUT_04575,180.36
OUT_04576,673.34
OUT_04577,60.73
OUT_04578,55.04
OUT_04579,45.48
OUT_04580,187.26
OUT_04581,183.34
OUT_04582,69.28
OUT_04583,183.86
OUT_04584,61.17
OUT_04585,62.23
OUT_04586,194.45
OUT_04587,62.83
OUT_04588,56.67
OUT_04589,48.79
OUT_04590,212.38
OUT_04591,64.45
OUT_04592,191.42
OUT_04593,1671.36
OUT_04594,727.4
OUT_04595,190.73
OUT_04596,68.3
OUT_04597,57.16
OUT_04598,624.64
OUT_04599,186.68
OUT_04600,61.87
OUT_04601,52.89
OUT_04602,51.92
OUT_04603,205.38
OUT_04604,77.47
OUT_04605,43.88
OUT_04606,626.13
OUT_04607,195.68
OUT_04608,44.66
OUT_04609,1695.01
OUT_04610,727.11
OUT_04611,708.94
OUT_04612,655.82
OUT_04613,658.38
OUT_04614,54.77
OUT_04615,679.7
OUT_04616,30.48
OUT_04617,181.89
OUT_04618,212.69
OUT_04619,192.29
OUT_04620,626.63
OUT_04621,195.38
OUT_04622,52.26
OUT_04623,64.9
OUT_04624,62.21
OUT_04625,75.25
OUT_04626,707.69
OUT_04627,263.85
OUT_04628,179.28
OUT_04629,184.73
OUT_04630,180.78
OUT_04631,59.68
OUT_04632,66.58
OUT_04633,191.73
OUT_04634,195.4
OUT_04635,63.79
OUT_04636,71.08
OUT_04637,64.35
OUT_04638,47.56
OUT_04639,54.59
OUT_04640,1762.13
OUT_04641,199.46
OUT_04642,58.28
OUT_04643,58.83
OUT_04644,747.75
OUT_04645,66.95
OUT_04646,60.14
OUT_04647,61.65
OUT_04648,189.74
OUT_04649,65.85
OUT_04650,52.56
OUT_04651,602.29
OUT_04652,50.16
OUT_04653,63.3
OUT_04654,54.66
OUT_04655,48.98
OUT_04656,54.79
OUT_04657,52.3
OUT_04658,55.2
OUT_04659,67.45
OUT_04660,47.18
OUT_04661,180.9
OUT_04662,66.44
OUT_04663,63.23
OUT_04664,661.23
OUT_04665,40.2
OUT_04666,78.07
OUT_04667,619.36
OUT_04668,51.69
OUT_04669,205.99
OUT_04670,57.44
OUT_04671,183.13
OUT_04672,166.44
OUT_04673,60.15
OUT_04674,61.98
OUT_04675,184.59
OUT_04676,698.65
OUT_04677,61.18
OUT_04678,1675.83
OUT_04679,664.83
OUT_04680,61.21
OUT_04681,200.57
OUT_04682,43.35
OUT_04683,181.82
OUT_04684,65.09
OUT_04685,188.84
OUT_04686,193.67
OUT_04687,56.87
OUT_04688,48.84
OUT_04689,60.52
OUT_04690,74.49
OUT_04691,51.34
OUT_04692,65.23
OUT_04693,62.12
OUT_04694,616.19
OUT_04695,200.02
OUT_04696,71.92
OUT_04697,191.98
OUT_04698,77.77
OUT_04699,198.66
OUT_04700,193.03
OUT_04701,610.48
OUT_04702,208.47
OUT_04703,631.66
OUT_04704,670.22
OUT_04705,54.47
OUT_04706,598.13
OUT_04707,192.66
OUT_04708,55.39
OUT_04709,64.19
OUT_04710,192.91
OUT_04711,55.5
OUT_04712,64.73
OUT_04713,619.79
OUT_04714,608.73
OUT_04715,67.38
OUT_04716,186.4
OUT_04717,65.52
OUT_04718,651.09
OUT_04719,74.02
OUT_04720,80.1
OUT_04721,190.76
OUT_04722,63.08
OUT_04723,176.63
OUT_04724,621.84
OUT_04725,61.14
OUT_04726,195.08
OUT_04727,58.58
OUT_04728,191.24
OUT_04729,193.36
OUT_04730,59.97
OUT_04731,184.28
OUT_04732,65.23
OUT_04733,604.88
OUT_04734,750.84
OUT_04735,59.68
OUT_04736,219.58
OUT_04737,609.33
OUT_04738,58.26
OUT_04739,47.66
OUT_04740,42.98
OUT_04741,66.63
OUT_04742,642.13
OUT_04743,182.32
OUT_04744,187.68
OUT_04745,61.32
OUT_04746,613.94
OUT_04747,188.74
OUT_04748,61.11
OUT_04749,33.76
OUT_04750,30.98
OUT_04751,660.12
OUT_04752,1613.09
OUT_04753,186.54
OUT_04754,200.8
OUT_04755,158.6
OUT_04756,195.83
OUT_04757,58.38
OUT_04758,662.53
OUT_04759,66.4
OUT_04760,69.93
OUT_04761,194.21
OUT_04762,68.18
OUT_04763,56.97
OUT_04764,57.66
OUT_04765,202.09
OUT_04766,590.24
OUT_04767,66.51
OUT_04768,722.09
OUT_04769,54.44
OUT_04770,66.62
OUT_04771,41.13
OUT_04772,727.51
OUT_04773,53.93
OUT_04774,191.62
OUT_04775,64.71
OUT_04776,194.03
OUT_04777,54.26
OUT_04778,64.2
OUT_04779,193.44
OUT_04780,67.06
OUT_04781,194.86
OUT_04782,196.24
OUT_04783,183.64
OUT_04784,182.37
OUT_04785,183.31
OUT_04786,182.68
OUT_04787,50.09
OUT_04788,190.0
OUT_04789,72.8
OUT_04790,1691.71
OUT_04791,625.87
OUT_04792,61.1
OUT_04793,63.41
OUT_04794,68.66
OUT_04795,755.9
OUT_04796,178.45
OUT_04797,65.42
OUT_04798,626.81
OUT_04799,66.42
OUT_04800,61.37
OUT_04801,51.96
OUT_04802,66.8
OUT_04803,75.12
OUT_04804,689.11
OUT_04805,48.87
OUT_04806,62.38
OUT_04807,201.19
OUT_04808,704.03
OUT_04809,69.21
OUT_04810,204.04
OUT_04811,682.89
OUT_04812,1649.86
OUT_04813,63.77
OUT_04814,711.42
OUT_04815,41.49
OUT_04816,59.62
OUT_04817,66.13
OUT_04818,193.2
OUT_04819,1673.25
OUT_04820,78.35
OUT_04821,70.92
OUT_04822,66.38
OUT_04823,202.18
OUT_04824,64.03
OUT_04825,61.1
OUT_04826,64.38
OUT_04827,51.38
OUT_04828,39.36
OUT_04829,56.1
OUT_04830,666.13
OUT_04831,64.74
OUT_04832,180.66
OUT_04833,198.86
OUT_04834,60.61
OUT_04835,1784.07
OUT_04836,196.26
OUT_04837,65.93
OUT_04838,50.99
OUT_04839,52.74
OUT_04840,58.52
OUT_04841,68.75
OUT_04842,60.53
OUT_04843,62.98
OUT_04844,666.49
OUT_04845,49.79
OUT_04846,57.52
OUT_04847,60.29
OUT_04848,188.16
OUT_04849,186.8
OUT_04850,70.57
OUT_04851,192.91
OUT_04852,186.63
OUT_04853,1688.84
OUT_04854,590.99
OUT_04855,73.35
OUT_04856,192.37
OUT_04857,626.09
OUT_04858,74.82
OUT_04859,197.33
OUT_04860,184.47
OUT_04861,195.87
OUT_04862,181.46
OUT_04863,54.52
OUT_04864,188.4
OUT_04865,184.54
OUT_04866,195.15
OUT_04867,56.72
OUT_04868,185.9
OUT_04869,619.33
OUT_04870,62.32
OUT_04871,70.25
OUT_04872,190.09
OUT_04873,614.91
OUT_04874,42.86
OUT_04875,64.21
OUT_04876,184.09
OUT_04877,72.16
OUT_04878,59.44
OUT_04879,1659.92
OUT_04880,67.89
OUT_04881,72.24
OUT_04882,174.44
OUT_04883,71.36
OUT_04884,68.83
OUT_04885,647.82
OUT_04886,184.84
OUT_04887,611.57
OUT_04888,57.76
OUT_04889,58.43
OUT_04890,49.57
OUT_04891,199.55
OUT_04892,608.64
OUT_04893,182.17
OUT_04894,52.23
OUT_04895,54.0
OUT_04896,53.98
OUT_04897,45.63
OUT_04898,635.43
OUT_04899,197.88
OUT_04900,59.76
OUT_04901,198.34
OUT_04902,44.11
OUT_04903,207.54
OUT_04904,184.84
OUT_04905,66.44
OUT_04906,57.8
OUT_04907,58.93
OUT_04908,59.57
OUT_04909,49.42
OUT_04910,192.39
OUT_04911,58.81
OUT_04912,170.9
OUT_04913,600.92
OUT_04914,185.04
OUT_04915,62.66
OUT_04916,51.19
OUT_04917,197.66
OUT_04918,67.13
OUT_04919,1619.05
OUT_04920,192.51
OUT_04921,74.22
OUT_04922,196.96
OUT_04923,59.56
OUT_04924,632.89
OUT_04925,704.24
OUT_04926,48.19
OUT_04927,170.63
OUT_04928,182.63
OUT_04929,191.27
OUT_04930,66.53
OUT_04931,68.69
OUT_04932,198.02
OUT_04933,52.0
OUT_04934,68.14
OUT_04935,63.51
OUT_04936,203.6
OUT_04937,197.69
OUT_04938,41.04
OUT_04939,64.63
OUT_04940,58.94
OUT_04941,624.4
OUT_04942,646.08
OUT_04943,56.26
OUT_04944,656.48
OUT_04945,201.54
OUT_04946,50.47
OUT_04947,639.83
OUT_04948,48.79
OUT_04949,185.17
OUT_04950,216.37
OUT_04951,62.82
OUT_04952,200.55
OUT_04953,625.8
OUT_04954,184.36
OUT_04955,45.71
OUT_04956,64.45
OUT_04957,59.44
OUT_04958,46.78
OUT_04959,193.24
OUT_04960,61.8
OUT_04961,48.34
OUT_04962,1685.36
OUT_04963,208.73
OUT_04964,56.91
OUT_04965,49.08
OUT_04966,65.03
OUT_04967,57.3
OUT_04968,191.89
OUT_04969,191.58
OUT_04970,62.67
OUT_04971,687.6
OUT_04972,186.12
OUT_04973,646.87
OUT_04974,181.38
OUT_04975,66.68
OUT_04976,61.27
OUT_04977,52.57
OUT_04978,188.5
OUT_04979,1667.34
OUT_04980,183.4
OUT_04981,60.4
OUT_04982,187.8
OUT_04983,630.19
OUT_04984,54.08
OUT_04985,673.05
OUT_04986,200.55
OUT_04987,63.4
OUT_04988,68.43
OUT_04989,69.77
OUT_04990,192.99
OUT_04991,44.57
OUT_04992,663.82
OUT_04993,62.84
OUT_04994,195.69
OUT_04995,56.75
OUT_04996,186.04
OUT_04997,68.47
OUT_04998,53.9
OUT_04999,229.86
OUT_05000,65.74
OUT_05001,56.91
OUT_05002,66.29
OUT_05003,54.86
OUT_05004,69.02
OUT_05005,183.01
OUT_05006,26.81
OUT_05007,1475.6
OUT_05008,61.33
OUT_05009,58.58
OUT_05010,72.49
OUT_05011,205.43
OUT_05012,54.0
OUT_05013,39.57
OUT_05014,214.95
OUT_05015,168.61
OUT_05016,200.36
OUT_05017,65.86
OUT_05018,182.88
OUT_05019,29.08
OUT_05020,60.32
OUT_05021,186.76
OUT_05022,37.94
OUT_05023,62.33
OUT_05024,197.05
OUT_05025,67.21
OUT_05026,190.12
OUT_05027,55.73
OUT_05028,53.88
OUT_05029,181.6
OUT_05030,59.11
OUT_05031,58.91
OUT_05032,65.07
OUT_05033,69.58
OUT_05034,183.6
OUT_05035,51.89
OUT_05036,51.79
OUT_05037,67.94
OUT_05038,38.51
OUT_05039,51.26
OUT_05040,65.87
OUT_05041,63.13
OUT_05042,60.8
OUT_05043,65.11
OUT_05044,193.27
OUT_05045,606.08
OUT_05046,629.06
OUT_05047,65.24
OUT_05048,67.84
OUT_05049,65.6
OUT_05050,1642.17
OUT_05051,51.17
OUT_05052,628.5
OUT_05053,70.67
OUT_05054,65.26
OUT_05055,60.74
OUT_05056,194.35
OUT_05057,199.27
OUT_05058,69.06
OUT_05059,186.43
OUT_05060,60.59
OUT_05061,56.53
OUT_05062,67.93
OUT_05063,67.63
OUT_05064,194.63
OUT_05065,183.83
OUT_05066,195.85
OUT_05067,75.87
OUT_05068,53.65
OUT_05069,67.28
OUT_05070,177.83
OUT_05071,1721.03
OUT_05072,69.43
OUT_05073,183.7
OUT_05074,54.59
OUT_05075,58.75
OUT_05076,55.0
OUT_05077,65.32
OUT_05078,192.51
OUT_05079,675.47
OUT_05080,192.79
OUT_05081,60.1
OUT_05082,177.51
OUT_05083,187.84
OUT_05084,182.96
OUT_05085,168.05
OUT_05086,34.91
OUT_05087,183.46
OUT_05088,73.11
OUT_05089,166.89
OUT_05090,194.58
OUT_05091,620.86
OUT_05092,1705.22
OUT_05093,190.35
OUT_05094,191.97
OUT_05095,1689.12
OUT_05096,55.74
OUT_05097,624.36
OUT_05098,61.36
OUT_05099,63.68
OUT_05100,66.06
OUT_05101,604.78
OUT_05102,193.15
OUT_05103,69.21
OUT_05104,732.31
OUT_05105,41.33
OUT_05106,69.1
OUT_05107,185.18
OUT_05108,63.49
OUT_05109,60.14
OUT_05110,61.89
OUT_05111,63.58
OUT_05112,192.05
OUT_05113,68.47
OUT_05114,65.75
OUT_05115,676.02
OUT_05116,179.49
OUT_05117,59.89
OUT_05118,170.12
OUT_05119,59.35
OUT_05120,1707.7
OUT_05121,70.93
OUT_05122,694.7
OUT_05123,182.59
OUT_05124,204.58
OUT_05125,54.1
OUT_05126,57.1
OUT_05127,52.78
OUT_05128,193.3
OUT_05129,199.03
OUT_05130,662.15
OUT_05131,191.31
OUT_05132,52.67
OUT_05133,1628.8
OUT_05134,205.25
OUT_05135,64.8
OUT_05136,187.82
OUT_05137,55.05
OUT_05138,68.95
OUT_05139,56.79
OUT_05140,41.16
OUT_05141,197.99
OUT_05142,636.94
OUT_05143,185.78
OUT_05144,66.11
OUT_05145,60.45
OUT_05146,69.27
OUT_05147,189.8
OUT_05148,57.39
OUT_05149,181.74
OUT_05150,198.87
OUT_05151,69.27
OUT_05152,69.16
OUT_05153,63.2
OUT_05154,64.02
OUT_05155,196.79
OUT_05156,1640.38
OUT_05157,1653.0
OUT_05158,49.25
OUT_05159,185.35
OUT_05160,56.76
OUT_05161,604.89
OUT_05162,676.99
OUT_05163,200.56
OUT_05164,47.98
OUT_05165,59.71
OUT_05166,618.34
OUT_05167,204.7
OUT_05168,681.01
OUT_05169,62.7
OUT_05170,674.28
OUT_05171,67.08
OUT_05172,37.15
OUT_05173,57.65
OUT_05174,199.56
OUT_05175,626.05
OUT_05176,660.03
OUT_05177,64.27
OUT_05178,618.74
OUT_05179,41.92
OUT_05180,65.32
OUT_05181,1649.59
OUT_05182,69.99
OUT_05183,190.52
OUT_05184,41.33
OUT_05185,717.38
OUT_05186,644.03
OUT_05187,203.41
OUT_05188,721.84
OUT_05189,64.22
OUT_05190,30.08
OUT_05191,55.92
OUT_05192,195.48
OUT_05193,39.86
OUT_05194,188.81
OUT_05195,193.92
OUT_05196,63.31
OUT_05197,631.37
OUT_05198,1614.05
OUT_05199,185.76
OUT_05200,59.96
OUT_05201,714.23
OUT_05202,58.48
OUT_05203,191.28
OUT_05204,1729.66
OUT_05205,1534.29
OUT_05206,70.01
OUT_05207,135.18
OUT_05208,61.23
OUT_05209,58.83
OUT_05210,70.84
OUT_05211,197.22
OUT_05212,64.02
OUT_05213,54.86
OUT_05214,67.43
OUT_05215,60.93
OUT_05216,605.01
OUT_05217,37.76
OUT_05218,190.27
OUT_05219,62.8
OUT_05220,194.43
OUT_05221,51.87
OUT_05222,717.85
OUT_05223,74.93
OUT_05224,56.73
OUT_05225,178.2
OUT_05226,60.22
OUT_05227,49.78
OUT_05228,59.31
OUT_05229,50.58
OUT_05230,1694.66
OUT_05231,622.24
OUT_05232,189.15
OUT_05233,611.13
OUT_05234,197.58
OUT_05235,50.5
OUT_05236,39.58
OUT_05237,192.86
OUT_05238,40.62
OUT_05239,187.75
OUT_05240,202.0
OUT_05241,65.03
OUT_05242,51.53
OUT_05243,176.46
OUT_05244,211.67
OUT_05245,62.43
OUT_05246,51.33
OUT_05247,49.63
OUT_05248,186.51
OUT_05249,208.05
OUT_05250,1569.41
OUT_05251,46.19
OUT_05252,63.48
OUT_05253,192.07
OUT_05254,62.57
OUT_05255,680.22
OUT_05256,669.74
OUT_05257,644.96
OUT_05258,46.01
OUT_05259,649.19
OUT_05260,182.06
OUT_05261,56.63
OUT_05262,62.06
OUT_05263,67.55
OUT_05264,622.73
OUT_05265,246.41
OUT_05266,64.85
OUT_05267,195.96
OUT_05268,51.0
OUT_05269,1676.31
OUT_05270,217.96
OUT_05271,634.3
OUT_05272,623.64
OUT_05273,54.99
OUT_05274,191.7
OUT_05275,75.06
OUT_05276,62.72
OUT_05277,52.3
OUT_05278,59.7
OUT_05279,33.22
OUT_05280,1730.32
OUT_05281,192.34
OUT_05282,185.64
OUT_05283,199.13
OUT_05284,61.68
OUT_05285,68.41
OUT_05286,631.35
OUT_05287,664.21
OUT_05288,64.76
OUT_05289,198.76
OUT_05290,201.4
OUT_05291,38.88
OUT_05292,626.16
OUT_05293,54.16
OUT_05294,56.56
OUT_05295,210.63
OUT_05296,39.64
OUT_05297,1651.51
OUT_05298,61.78
OUT_05299,637.35
OUT_05300,189.98
OUT_05301,197.62
OUT_05302,687.43
OUT_05303,65.13
OUT_05304,67.19
OUT_05305,209.35
OUT_05306,63.95
OUT_05307,64.06
OUT_05308,66.51
OUT_05309,60.8
OUT_05310,69.69
OUT_05311,185.78
OUT_05312,53.0
OUT_05313,72.08
OUT_05314,189.85
OUT_05315,41.72
OUT_05316,213.27
OUT_05317,66.48
OUT_05318,652.32
OUT_05319,202.22
OUT_05320,195.92
OUT_05321,187.51
OUT_05322,33.12
OUT_05323,54.57
OUT_05324,191.16
OUT_05325,715.56
OUT_05326,57.18
OUT_05327,69.14
OUT_05328,190.81
OUT_05329,629.08
OUT_05330,63.86
OUT_05331,63.9
OUT_05332,665.19
OUT_05333,712.15
OUT_05334,43.92
OUT_05335,183.65
OUT_05336,188.56
OUT_05337,193.25
OUT_05338,62.66
OUT_05339,63.78
OUT_05340,731.32
OUT_05341,49.76
OUT_05342,167.58
OUT_05343,197.7
OUT_05344,195.88
OUT_05345,66.34
OUT_05346,66.7
OUT_05347,66.27
OUT_05348,64.86
OUT_05349,601.19
OUT_05350,197.32
OUT_05351,717.64
OUT_05352,190.85
OUT_05353,49.38
OUT_05354,177.88
OUT_05355,1701.11
OUT_05356,67.06
OUT_05357,731.6
OUT_05358,642.56
OUT_05359,67.8
OUT_05360,183.1
OUT_05361,39.03
OUT_05362,190.06
OUT_05363,63.77
OUT_05364,71.4
OUT_05365,55.14
OUT_05366,1688.97
OUT_05367,187.31
OUT_05368,58.51
OUT_05369,180.06
OUT_05370,75.88
OUT_05371,61.44
OUT_05372,185.0
OUT_05373,201.44
OUT_05374,64.86
OUT_05375,622.82
OUT_05376,67.39
OUT_05377,676.78
OUT_05378,40.24
OUT_05379,199.84
OUT_05380,44.54
OUT_05381,44.11
OUT_05382,60.3
OUT_05383,49.66
OUT_05384,654.88
OUT_05385,198.24
OUT_05386,64.11
OUT_05387,1696.29
OUT_05388,66.69
OUT_05389,54.07
OUT_05390,50.18
OUT_05391,46.11
OUT_05392,201.04
OUT_05393,200.43
OUT_05394,52.28
OUT_05395,67.49
OUT_05396,270.71
OUT_05397,62.02
OUT_05398,65.92
OUT_05399,56.81
OUT_05400,61.38
OUT_05401,205.33
OUT_05402,191.28
OUT_05403,627.81
OUT_05404,199.34
OUT_05405,183.46
OUT_05406,196.76
OUT_05407,618.46
OUT_05408,43.18
OUT_05409,210.42
OUT_05410,594.19
OUT_05411,71.71
OUT_05412,667.47
OUT_05413,66.82
OUT_05414,52.06
OUT_05415,191.23
OUT_05416,198.03
OUT_05417,64.1
OUT_05418,674.81
OUT_05419,194.84
OUT_05420,54.59
OUT_05421,77.79
OUT_05422,68.88
OUT_05423,63.2
OUT_05424,201.95
OUT_05425,64.95
OUT_05426,1679.02
OUT_05427,609.81
OUT_05428,744.81
OUT_05429,62.59
OUT_05430,1683.34
OUT_05431,182.84
OUT_05432,71.22
OUT_05433,59.07
OUT_05434,53.03
OUT_05435,192.47
OUT_05436,55.32
OUT_05437,70.24
OUT_05438,59.12
OUT_05439,184.33
OUT_05440,67.75
OUT_05441,65.48
OUT_05442,640.43
OUT_05443,191.68
OUT_05444,63.51
OUT_05445,194.39
OUT_05446,64.8
OUT_05447,199.58
OUT_05448,601.29
OUT_05449,54.96
OUT_05450,191.7
OUT_05451,198.62
OUT_05452,635.89
OUT_05453,1695.39
OUT_05454,186.11
OUT_05455,70.42
OUT_05456,191.96
OUT_05457,69.39
OUT_05458,198.02
OUT_05459,638.31
OUT_05460,66.0
OUT_05461,197.96
OUT_05462,190.36
OUT_05463,54.41
OUT_05464,55.39
OUT_05465,1641.87
OUT_05466,236.45
OUT_05467,60.33
OUT_05468,70.25
OUT_05469,51.7
OUT_05470,1703.88
OUT_05471,53.55
OUT_05472,62.87
OUT_05473,188.99
OUT_05474,64.61
OUT_05475,58.65
OUT_05476,60.1
OUT_05477,56.61
OUT_05478,619.84
OUT_05479,57.61
OUT_05480,64.36
OUT_05481,56.0
OUT_05482,760.65
OUT_05483,601.59
OUT_05484,61.61
OUT_05485,1617.24
OUT_05486,708.86
OUT_05487,198.72
OUT_05488,199.38
OUT_05489,43.84
OUT_05490,630.98
OUT_05491,65.42
OUT_05492,191.03
OUT_05493,685.23
OUT_05494,199.05
OUT_05495,655.9
OUT_05496,74.27
OUT_05497,620.28
OUT_05498,62.36
OUT_05499,65.14
OUT_05500,177.39
OUT_05501,618.04
OUT_05502,56.61
OUT_05503,35.11
OUT_05504,185.56
OUT_05505,167.81
OUT_05506,189.97
OUT_05507,33.86
OUT_05508,619.53
OUT_05509,206.24
OUT_05510,71.68
OUT_05511,698.86
OUT_05512,196.77
OUT_05513,55.16
OUT_05514,644.38
OUT_05515,61.15
OUT_05516,185.74
OUT_05517,52.77
OUT_05518,68.0
OUT_05519,66.01
OUT_05520,54.04
OUT_05521,62.91
OUT_05522,191.22
OUT_05523,593.59
OUT_05524,59.38
OUT_05525,185.33
OUT_05526,51.88
OUT_05527,44.67
OUT_05528,68.44
OUT_05529,70.24
OUT_05530,198.68
OUT_05531,80.84
OUT_05532,176.41
OUT_05533,64.24
OUT_05534,66.11
OUT_05535,192.1
OUT_05536,189.5
OUT_05537,631.31
OUT_05538,180.46
OUT_05539,45.92
OUT_05540,720.22
OUT_05541,59.48
OUT_05542,625.11
OUT_05543,622.22
OUT_05544,56.54
OUT_05545,200.28
OUT_05546,44.35
OUT_05547,68.89
OUT_05548,62.52
OUT_05549,48.97
OUT_05550,55.76
OUT_05551,608.51
OUT_05552,636.26
OUT_05553,205.6
OUT_05554,60.93
OUT_05555,659.73
OUT_05556,57.51
OUT_05557,41.89
OUT_05558,60.03
OUT_05559,64.06
OUT_05560,189.12
OUT_05561,59.48
OUT_05562,180.54
OUT_05563,189.75
OUT_05564,1507.24
OUT_05565,654.23
OUT_05566,56.76
OUT_05567,70.05
OUT_05568,190.44
OUT_05569,625.62
OUT_05570,61.39
OUT_05571,617.44
OUT_05572,46.73
OUT_05573,173.51
OUT_05574,64.59
OUT_05575,632.46
OUT_05576,626.55
OUT_05577,606.89
OUT_05578,1716.83
OUT_05579,634.55
OUT_05580,200.49
OUT_05581,55.06
OUT_05582,67.36
OUT_05583,57.61
OUT_05584,161.97
OUT_05585,180.9
OUT_05586,191.38
OUT_05587,187.7
OUT_05588,183.65
OUT_05589,65.75
OUT_05590,191.0
OUT_05591,195.03
OUT_05592,1649.97
OUT_05593,728.83
OUT_05594,194.6
OUT_05595,62.15
OUT_05596,70.06
OUT_05597,1609.3
OUT_05598,193.91
OUT_05599,55.04
OUT_05600,65.53
OUT_05601,55.84
OUT_05602,48.11
OUT_05603,61.89
OUT_05604,648.98
OUT_05605,60.07
OUT_05606,1667.09
OUT_05607,197.26
OUT_05608,187.88
OUT_05609,191.89
OUT_05610,71.2
OUT_05611,50.61
OUT_05612,66.25
OUT_05613,680.79
OUT_05614,66.89
OUT_05615,182.08
OUT_05616,190.34
OUT_05617,53.61
OUT_05618,187.57
OUT_05619,581.61
OUT_05620,736.33
OUT_05621,690.93
OUT_05622,32.41
OUT_05623,64.85
OUT_05624,69.52
OUT_05625,27.63
OUT_05626,644.66
OUT_05627,49.01
OUT_05628,62.26
OUT_05629,51.72
OUT_05630,189.97
OUT_05631,76.24
OUT_05632,184.97
OUT_05633,195.76
OUT_05634,57.27
OUT_05635,52.9
OUT_05636,52.94
OUT_05637,46.46
OUT_05638,200.52
OUT_05639,596.12
OUT_05640,623.54
OUT_05641,58.98
OUT_05642,63.24
OUT_05643,63.75
OUT_05644,193.03
OUT_05645,183.68
OUT_05646,70.22
OUT_05647,192.13
OUT_05648,65.72
OUT_05649,38.9
OUT_05650,46.17
OUT_05651,184.24
OUT_05652,201.71
OUT_05653,59.24
OUT_05654,44.29
OUT_05655,624.31
OUT_05656,203.71
OUT_05657,593.22
OUT_05658,692.39
OUT_05659,57.99
OUT_05660,53.0
OUT_05661,187.47
OUT_05662,74.42
OUT_05663,70.19
OUT_05664,624.19
OUT_05665,69.02
OUT_05666,64.03
OUT_05667,184.7
OUT_05668,44.09
OUT_05669,47.07
OUT_05670,206.07
OUT_05671,201.43
OUT_05672,57.02
OUT_05673,62.58
OUT_05674,71.19
OUT_05675,37.6
OUT_05676,190.83
OUT_05677,177.49
OUT_05678,44.06
OUT_05679,193.21
OUT_05680,53.66
OUT_05681,57.36
OUT_05682,662.67
OUT_05683,55.21
OUT_05684,198.44
OUT_05685,182.5
OUT_05686,58.37
OUT_05687,60.57
OUT_05688,195.38
OUT_05689,179.2
OUT_05690,189.17
OUT_05691,645.58
OUT_05692,637.19
OUT_05693,182.91
OUT_05694,1742.56
OUT_05695,37.39
OUT_05696,61.87
OUT_05697,61.13
OUT_05698,190.07
OUT_05699,1690.9
OUT_05700,70.12
OUT_05701,52.83
OUT_05702,65.56
OUT_05703,685.63
OUT_05704,59.27
OUT_05705,30.8
OUT_05706,70.78
OUT_05707,66.02
OUT_05708,65.83
OUT_05709,181.98
OUT_05710,64.75
OUT_05711,662.89
OUT_05712,69.81
OUT_05713,64.02
OUT_05714,185.09
OUT_05715,51.27
OUT_05716,724.54
OUT_05717,64.38
OUT_05718,648.48
OUT_05719,182.12
OUT_05720,54.42
OUT_05721,63.2
OUT_05722,185.97
OUT_05723,59.12
OUT_05724,54.6
OUT_05725,53.42
OUT_05726,193.6
OUT_05727,1683.18
OUT_05728,71.51
OUT_05729,68.73
OUT_05730,53.85
OUT_05731,68.37
OUT_05732,677.09
OUT_05733,668.94
OUT_05734,59.39
OUT_05735,63.49
OUT_05736,182.14
OUT_05737,68.87
OUT_05738,63.26
OUT_05739,199.97
OUT_05740,194.34
OUT_05741,51.85
OUT_05742,187.41
OUT_05743,1660.82
OUT_05744,191.08
OUT_05745,57.89
OUT_05746,57.3
OUT_05747,62.65
OUT_05748,56.88
OUT_05749,174.26
OUT_05750,196.39
OUT_05751,71.99
OUT_05752,196.65
OUT_05753,52.34
OUT_05754,187.6
OUT_05755,60.59
OUT_05756,208.22
OUT_05757,1724.27
OUT_05758,194.05
OUT_05759,57.31
OUT_05760,62.96
OUT_05761,191.31
OUT_05762,191.0
OUT_05763,49.62
OUT_05764,194.02
OUT_05765,184.84
OUT_05766,66.21
OUT_05767,63.25
OUT_05768,73.02
OUT_05769,193.99
OUT_05770,195.34
OUT_05771,62.31
OUT_05772,171.62
OUT_05773,205.95
OUT_05774,197.36
OUT_05775,60.23
OUT_05776,1705.28
OUT_05777,679.13
OUT_05778,185.85
OUT_05779,66.52
OUT_05780,60.12
OUT_05781,73.3
OUT_05782,162.39
OUT_05783,187.73
OUT_05784,55.36
OUT_05785,68.5
OUT_05786,629.01
OUT_05787,54.91
OUT_05788,56.91
OUT_05789,25.7
OUT_05790,195.79
OUT_05791,55.18
OUT_05792,196.65
OUT_05793,64.75
OUT_05794,93.69
OUT_05795,59.15
OUT_05796,62.57
OUT_05797,189.75
OUT_05798,204.52
OUT_05799,63.67
OUT_05800,180.15
OUT_05801,198.27
OUT_05802,188.26
OUT_05803,686.6
OUT_05804,639.97
OUT_05805,49.05
OUT_05806,190.81
OUT_05807,63.47
OUT_05808,57.36
OUT_05809,200.88
OUT_05810,60.95
OUT_05811,185.61
OUT_05812,63.07
OUT_05813,671.98
OUT_05814,629.6
OUT_05815,203.61
OUT_05816,215.55
OUT_05817,67.53
OUT_05818,184.74
OUT_05819,58.27
OUT_05820,62.01
OUT_05821,44.51
OUT_05822,172.72
OUT_05823,56.19
OUT_05824,599.49
OUT_05825,1697.28
OUT_05826,50.13
OUT_05827,47.2
OUT_05828,51.61
OUT_05829,198.56
OUT_05830,219.01
OUT_05831,189.45
OUT_05832,66.37
OUT_05833,61.51
OUT_05834,178.44
OUT_05835,46.15
OUT_05836,189.37
OUT_05837,187.4
OUT_05838,1689.77
OUT_05839,53.28
OUT_05840,46.46
OUT_05841,52.84
OUT_05842,63.08
OUT_05843,637.46
OUT_05844,57.71
OUT_05845,181.21
OUT_05846,718.07
OUT_05847,616.06
OUT_05848,57.69
OUT_05849,729.12
OUT_05850,190.74
OUT_05851,51.64
OUT_05852,617.81
OUT_05853,58.34
OUT_05854,648.99
OUT_05855,182.34
OUT_05856,192.76
OUT_05857,53.55
OUT_05858,59.79
OUT_05859,64.5
OUT_05860,63.72
OUT_05861,61.78
OUT_05862,56.33
OUT_05863,45.24
OUT_05864,59.73
OUT_05865,28.21
OUT_05866,51.26
OUT_05867,195.44
OUT_05868,201.89
OUT_05869,69.24
OUT_05870,640.44
OUT_05871,190.71
OUT_05872,37.66
OUT_05873,181.62
OUT_05874,67.08
OUT_05875,198.3
OUT_05876,63.66
OUT_05877,186.23
OUT_05878,68.06
OUT_05879,699.2
OUT_05880,67.19
OUT_05881,55.23
OUT_05882,196.17
OUT_05883,180.22
OUT_05884,181.47
OUT_05885,192.81
OUT_05886,185.64
OUT_05887,200.6
OUT_05888,51.51
OUT_05889,201.0
OUT_05890,621.28
OUT_05891,60.34
OUT_05892,679.13
OUT_05893,193.34
OUT_05894,632.02
OUT_05895,51.27
OUT_05896,47.4
OUT_05897,38.87
OUT_05898,57.38
OUT_05899,654.39
OUT_05900,196.95
OUT_05901,62.44
OUT_05902,203.15
OUT_05903,1704.74
OUT_05904,61.26
OUT_05905,62.33
OUT_05906,50.53
OUT_05907,198.73
OUT_05908,43.36
OUT_05909,627.99
OUT_05910,58.68
OUT_05911,43.95
OUT_05912,58.69
OUT_05913,67.88
OUT_05914,47.5
OUT_05915,190.19
OUT_05916,191.72
OUT_05917,48.73
OUT_05918,192.26
OUT_05919,50.26
OUT_05920,65.25
OUT_05921,61.07
OUT_05922,180.12
OUT_05923,46.48
OUT_05924,189.9
OUT_05925,194.74
OUT_05926,62.3
OUT_05927,1724.42
OUT_05928,56.49
OUT_05929,191.52
OUT_05930,71.48
OUT_05931,67.27
OUT_05932,177.17
OUT_05933,171.29
OUT_05934,59.65
OUT_05935,43.64
OUT_05936,1701.7
OUT_05937,612.1
OUT_05938,1663.11
OUT_05939,200.22
OUT_05940,1592.54
OUT_05941,61.96
OUT_05942,47.99
OUT_05943,656.92
OUT_05944,65.1
OUT_05945,65.67
OUT_05946,79.66
OUT_05947,1635.15
OUT_05948,678.92
OUT_05949,198.5
OUT_05950,60.23
OUT_05951,56.81
OUT_05952,69.09
OUT_05953,59.83
OUT_05954,46.0
OUT_05955,67.3
OUT_05956,586.41
OUT_05957,75.31
OUT_05958,198.45
OUT_05959,66.33
OUT_05960,654.91
OUT_05961,68.11
OUT_05962,191.45
OUT_05963,47.5
OUT_05964,27.56
OUT_05965,187.33
OUT_05966,183.71
OUT_05967,40.18
OUT_05968,62.99
OUT_05969,187.85
OUT_05970,214.02
OUT_05971,189.63
OUT_05972,56.63
OUT_05973,186.96
OUT_05974,79.12
OUT_05975,215.99
OUT_05976,56.49
OUT_05977,56.86
OUT_05978,215.19
OUT_05979,191.06
OUT_05980,69.58
OUT_05981,1661.49
OUT_05982,201.46
OUT_05983,75.65
OUT_05984,611.6
OUT_05985,43.43
OUT_05986,109.75
OUT_05987,57.19
OUT_05988,197.28
OUT_05989,57.45
OUT_05990,69.99
OUT_05991,47.39
OUT_05992,625.78
OUT_05993,49.59
OUT_05994,62.76
OUT_05995,69.58
OUT_05996,59.43
OUT_05997,57.6
OUT_05998,203.84
OUT_05999,61.36
OUT_06000,53.14
OUT_06001,56.09
OUT_06002,189.96
OUT_06003,53.99
OUT_06004,67.67
OUT_06005,186.69
OUT_06006,201.24
OUT_06007,68.72
OUT_06008,202.02
OUT_06009,192.22
OUT_06010,65.16
OUT_06011,67.86
OUT_06012,597.86
OUT_06013,588.45
OUT_06014,192.7
OUT_06015,65.55
OUT_06016,670.76
OUT_06017,61.87
OUT_06018,55.07
OUT_06019,32.0
OUT_06020,199.94
OUT_06021,69.23
OUT_06022,67.46
OUT_06023,1663.93
OUT_06024,67.69
OUT_06025,187.82
OUT_06026,752.87
OUT_06027,187.97
OUT_06028,63.39
OUT_06029,58.18
OUT_06030,1676.3
OUT_06031,34.41
OUT_06032,616.18
OUT_06033,1697.43
OUT_06034,183.09
OUT_06035,49.53
OUT_06036,48.28
OUT_06037,198.02
OUT_06038,198.83
OUT_06039,187.24
OUT_06040,195.16
OUT_06041,649.51
OUT_06042,194.94
OUT_06043,44.27
OUT_06044,1728.04
OUT_06045,54.97
OUT_06046,56.45
OUT_06047,646.62
OUT_06048,61.35
OUT_06049,708.05
OUT_06050,615.58
OUT_06051,67.28
OUT_06052,190.19
OUT_06053,198.54
OUT_06054,58.91
OUT_06055,192.43
OUT_06056,50.7
OUT_06057,212.87
OUT_06058,68.68
OUT_06059,195.94
OUT_06060,60.91
OUT_06061,189.61
OUT_06062,669.78
OUT_06063,190.75
OUT_06064,191.49
OUT_06065,193.07
OUT_06066,78.72
OUT_06067,51.01
OUT_06068,69.89
OUT_06069,64.81
OUT_06070,58.44
OUT_06071,66.82
OUT_06072,670.13
OUT_06073,61.41
OUT_06074,57.43
OUT_06075,199.52
OUT_06076,72.23
OUT_06077,63.54
OUT_06078,28.67
OUT_06079,115.65
OUT_06080,58.2
OUT_06081,1555.82
OUT_06082,678.34
OUT_06083,1688.7
OUT_06084,66.02
OUT_06085,64.75
OUT_06086,656.89
OUT_06087,208.7
OUT_06088,703.34
OUT_06089,64.63
OUT_06090,198.86
OUT_06091,70.94
OUT_06092,43.82
OUT_06093,1693.55
OUT_06094,202.95
OUT_06095,47.36
OUT_06096,698.92
OUT_06097,715.05
OUT_06098,55.73
OUT_06099,64.46
OUT_06100,664.41
OUT_06101,196.85
OUT_06102,197.06
OUT_06103,686.22
OUT_06104,261.07
OUT_06105,66.77
OUT_06106,196.75
OUT_06107,608.83
OUT_06108,50.62
OUT_06109,672.2
OUT_06110,54.78
OUT_06111,52.81
OUT_06112,198.66
OUT_06113,64.7
OUT_06114,195.32
OUT_06115,185.21
OUT_06116,70.56
OUT_06117,34.93
OUT_06118,72.79
OUT_06119,1503.25
OUT_06120,50.16
OUT_06121,59.3
OUT_06122,63.59
OUT_06123,191.56
OUT_06124,202.58
OUT_06125,68.12
OUT_06126,47.23
OUT_06127,189.6
OUT_06128,201.55
OUT_06129,55.56
OUT_06130,183.88
OUT_06131,76.48
OUT_06132,58.45
OUT_06133,64.57
OUT_06134,184.21
OUT_06135,614.31
OUT_06136,680.68
OUT_06137,187.29
OUT_06138,65.46
OUT_06139,46.93
OUT_06140,73.83
OUT_06141,60.09
OUT_06142,645.96
OUT_06143,69.07
OUT_06144,198.66
OUT_06145,197.15
OUT_06146,61.95
OUT_06147,198.77
OUT_06148,200.23
OUT_06149,188.53
OUT_06150,181.93
OUT_06151,1695.67
OUT_06152,52.72
OUT_06153,64.71
OUT_06154,71.18
OUT_06155,646.21
OUT_06156,50.96
OUT_06157,611.83
OUT_06158,195.14
OUT_06159,1700.45
OUT_06160,191.77
OUT_06161,189.27
OUT_06162,196.96
OUT_06163,54.89
OUT_06164,53.99
OUT_06165,190.37
OUT_06166,59.8
OUT_06167,192.89
OUT_06168,636.67
OUT_06169,41.07
OUT_06170,639.91
OUT_06171,55.09
OUT_06172,1699.69
OUT_06173,58.35
OUT_06174,185.2
OUT_06175,63.06
OUT_06176,194.76
OUT_06177,53.7
OUT_06178,51.16
OUT_06179,65.75
OUT_06180,50.54
OUT_06181,190.72
OUT_06182,700.95
OUT_06183,64.17
OUT_06184,52.14
OUT_06185,195.85
OUT_06186,620.29
OUT_06187,60.69
OUT_06188,72.36
OUT_06189,1595.74
OUT_06190,55.67
OUT_06191,46.68
OUT_06192,198.25
OUT_06193,184.6
OUT_06194,58.1
OUT_06195,63.92
OUT_06196,53.71
OUT_06197,199.99
OUT_06198,54.72
OUT_06199,72.17
OUT_06200,188.18
OUT_06201,64.77
OUT_06202,64.85
OUT_06203,634.89
OUT_06204,40.99
OUT_06205,1639.45
OUT_06206,195.44
OUT_06207,57.48
OUT_06208,43.77
OUT_06209,183.37
OUT_06210,1545.0
OUT_06211,48.51
OUT_06212,191.64
OUT_06213,71.98
OUT_06214,194.98
OUT_06215,671.52
OUT_06216,50.78
OUT_06217,194.6
OUT_06218,190.77
OUT_06219,62.88
OUT_06220,53.8
OUT_06221,42.13
OUT_06222,54.6
OUT_06223,74.11
OUT_06224,201.01
OUT_06225,46.63
OUT_06226,62.8
OUT_06227,210.5
OUT_06228,615.92
OUT_06229,194.48
OUT_06230,64.83
OUT_06231,65.04
OUT_06232,647.69
OUT_06233,197.66
OUT_06234,69.0
OUT_06235,42.01
OUT_06236,188.37
OUT_06237,189.7
OUT_06238,192.2
OUT_06239,57.03
OUT_06240,62.02
OUT_06241,36.28
OUT_06242,652.01
OUT_06243,70.67
OUT_06244,199.06
OUT_06245,59.18
OUT_06246,661.02
OUT_06247,66.56
OUT_06248,70.28
OUT_06249,63.47
OUT_06250,241.21
OUT_06251,190.53
OUT_06252,627.49
OUT_06253,66.34
OUT_06254,56.44
OUT_06255,703.22
OUT_06256,48.29
OUT_06257,628.64
OUT_06258,51.74
OUT_06259,211.69
OUT_06260,65.72
OUT_06261,184.02
OUT_06262,677.77
OUT_06263,61.94
OUT_06264,1633.73
OUT_06265,43.63
OUT_06266,180.17
OUT_06267,56.06
OUT_06268,71.66
OUT_06269,53.09
OUT_06270,64.58
OUT_06271,681.24
OUT_06272,193.04
OUT_06273,65.71
OUT_06274,57.63
OUT_06275,186.4
OUT_06276,201.45
OUT_06277,189.98
OUT_06278,1728.54
OUT_06279,644.21
OUT_06280,204.99
OUT_06281,189.8
OUT_06282,53.76
OUT_06283,60.9
OUT_06284,654.38
OUT_06285,62.6
OUT_06286,66.02
OUT_06287,38.83
OUT_06288,66.8
OUT_06289,625.32
OUT_06290,38.39
OUT_06291,73.66
OUT_06292,66.96
OUT_06293,187.76
OUT_06294,54.87
OUT_06295,65.93
OUT_06296,195.11
OUT_06297,47.99
OUT_06298,58.78
OUT_06299,217.3
OUT_06300,193.94
OUT_06301,177.4
OUT_06302,65.03
OUT_06303,61.8
OUT_06304,1684.47
OUT_06305,48.34
OUT_06306,57.23
OUT_06307,59.3
OUT_06308,196.77
OUT_06309,66.57
OUT_06310,65.55
OUT_06311,184.67
OUT_06312,66.29
OUT_06313,52.98
OUT_06314,63.64
OUT_06315,654.78
OUT_06316,189.28
OUT_06317,62.73
OUT_06318,43.35
OUT_06319,190.56
OUT_06320,190.21
OUT_06321,1648.49
OUT_06322,60.52
OUT_06323,635.42
OUT_06324,40.35
OUT_06325,63.52
OUT_06326,194.72
OUT_06327,723.84
OUT_06328,181.92
OUT_06329,64.0
OUT_06330,58.55
OUT_06331,183.43
OUT_06332,609.91
OUT_06333,64.23
OUT_06334,46.34
OUT_06335,48.64
OUT_06336,649.38
OUT_06337,62.93
OUT_06338,54.03
OUT_06339,211.65
OUT_06340,725.11
OUT_06341,173.31
OUT_06342,188.62
OUT_06343,51.57
OUT_06344,50.37
OUT_06345,42.24
OUT_06346,66.96
OUT_06347,195.53
OUT_06348,193.09
OUT_06349,185.46
OUT_06350,183.96
OUT_06351,197.47
OUT_06352,195.75
OUT_06353,183.26
OUT_06354,52.69
OUT_06355,72.37
OUT_06356,1674.99
OUT_06357,61.74
OUT_06358,1725.84
OUT_06359,193.71
OUT_06360,47.96
OUT_06361,615.69
OUT_06362,41.71
OUT_06363,63.17
OUT_06364,69.72
OUT_06365,184.28
OUT_06366,67.44
OUT_06367,630.2
OUT_06368,54.66
OUT_06369,227.21
OUT_06370,612.32
OUT_06371,73.96
OUT_06372,217.2
OUT_06373,1578.67
OUT_06374,67.16
OUT_06375,635.5
OUT_06376,184.89
OUT_06377,192.61
OUT_06378,54.24
OUT_06379,190.28
OUT_06380,46.08
OUT_06381,1673.09
OUT_06382,333.49
OUT_06383,70.69
OUT_06384,65.95
OUT_06385,57.51
OUT_06386,644.95
OUT_06387,1658.11
OUT_06388,71.05
OUT_06389,64.08
OUT_06390,169.34
OUT_06391,49.83
OUT_06392,1688.5
OUT_06393,41.0
OUT_06394,62.49
OUT_06395,58.0
OUT_06396,59.36
OUT_06397,55.97
OUT_06398,63.85
OUT_06399,174.78
OUT_06400,186.33
OUT_06401,45.17
OUT_06402,631.76
OUT_06403,665.44
OUT_06404,636.82
OUT_06405,191.43
OUT_06406,688.66
OUT_06407,60.84
OUT_06408,45.8
OUT_06409,37.55
OUT_06410,1637.74
OUT_06411,35.5
OUT_06412,36.13
OUT_06413,190.16
OUT_06414,1577.38
OUT_06415,179.89
OUT_06416,188.95
OUT_06417,1696.06
OUT_06418,71.88
OUT_06419,66.79
OUT_06420,1516.85
OUT_06421,46.62
OUT_06422,60.56
OUT_06423,65.66
OUT_06424,197.21
OUT_06425,66.63
OUT_06426,70.81
OUT_06427,686.17
OUT_06428,68.34
OUT_06429,56.07
OUT_06430,184.59
OUT_06431,202.27
OUT_06432,645.49
OUT_06433,165.53
OUT_06434,181.42
OUT_06435,56.67
OUT_06436,626.25
OUT_06437,68.03
OUT_06438,72.45
OUT_06439,1644.83
OUT_06440,211.56
OUT_06441,190.51
OUT_06442,184.25
OUT_06443,63.11
OUT_06444,71.17
OUT_06445,204.2
OUT_06446,60.29
OUT_06447,57.24
OUT_06448,62.88
OUT_06449,54.86
OUT_06450,53.41
OUT_06451,58.48
OUT_06452,57.14
OUT_06453,69.22
OUT_06454,197.27
OUT_06455,63.63
OUT_06456,74.1
OUT_06457,59.62
OUT_06458,67.57
OUT_06459,38.47
OUT_06460,184.61
OUT_06461,75.97
OUT_06462,679.11
OUT_06463,68.32
OUT_06464,74.94
OUT_06465,200.38
OUT_06466,623.63
OUT_06467,191.16
OUT_06468,51.29
OUT_06469,57.35
OUT_06470,51.72
OUT_06471,202.54
OUT_06472,732.35
OUT_06473,182.69
OUT_06474,67.61
OUT_06475,185.25
OUT_06476,183.96
OUT_06477,67.1
OUT_06478,57.03
OUT_06479,58.01
OUT_06480,193.1
OUT_06481,196.52
OUT_06482,66.91
OUT_06483,58.28
OUT_06484,67.02
OUT_06485,60.85
OUT_06486,63.46
OUT_06487,183.02
OUT_06488,77.32
OUT_06489,64.81
OUT_06490,623.8
OUT_06491,53.7
OUT_06492,197.16
OUT_06493,181.07
OUT_06494,64.23
OUT_06495,62.48
OUT_06496,196.57
OUT_06497,65.97
OUT_06498,65.36
OUT_06499,1739.5
OUT_06500,64.6
OUT_06501,603.81
OUT_06502,660.27
OUT_06503,53.53
OUT_06504,47.28
OUT_06505,58.26
OUT_06506,61.12
OUT_06507,631.05
OUT_06508,45.59
OUT_06509,183.26
OUT_06510,61.71
OUT_06511,55.43
OUT_06512,200.79
OUT_06513,60.09
OUT_06514,185.09
OUT_06515,188.34
OUT_06516,66.41
OUT_06517,54.51
OUT_06518,650.09
OUT_06519,187.29
OUT_06520,41.55
OUT_06521,43.27
OUT_06522,188.51
OUT_06523,196.55
OUT_06524,57.79
OUT_06525,47.84
OUT_06526,190.86
OUT_06527,54.3
OUT_06528,40.68
OUT_06529,621.34
OUT_06530,41.28
OUT_06531,186.26
OUT_06532,191.08
OUT_06533,65.54
OUT_06534,180.14
OUT_06535,598.91
OUT_06536,184.52
OUT_06537,52.45
OUT_06538,649.17
OUT_06539,56.36
OUT_06540,646.27
OUT_06541,56.75
OUT_06542,57.5
OUT_06543,182.19
OUT_06544,54.87
OUT_06545,619.01
OUT_06546,68.04
OUT_06547,60.98
OUT_06548,49.35
OUT_06549,42.07
OUT_06550,198.39
OUT_06551,189.31
OUT_06552,175.04
OUT_06553,191.37
OUT_06554,60.92
OUT_06555,224.99
OUT_06556,1603.85
OUT_06557,171.85
OUT_06558,163.79
OUT_06559,636.88
OUT_06560,37.2
OUT_06561,182.55
OUT_06562,61.11
OUT_06563,74.79
OUT_06564,61.09
OUT_06565,606.03
OUT_06566,59.9
OUT_06567,64.57
OUT_06568,200.45
OUT_06569,59.38
OUT_06570,54.27
OUT_06571,176.83
OUT_06572,62.92
OUT_06573,43.64
OUT_06574,631.54
OUT_06575,199.14
OUT_06576,60.93
OUT_06577,73.32
OUT_06578,67.58
OUT_06579,693.75
OUT_06580,64.65
OUT_06581,57.79
OUT_06582,66.33
OUT_06583,53.66
OUT_06584,49.52
OUT_06585,52.98
OUT_06586,166.24
OUT_06587,602.77
OUT_06588,54.2
OUT_06589,1675.58
OUT_06590,742.58
OUT_06591,75.9
OUT_06592,51.45
OUT_06593,184.61
OUT_06594,64.95
OUT_06595,61.46
OUT_06596,188.72
OUT_06597,65.12
OUT_06598,68.49
OUT_06599,669.44
OUT_06600,196.43
OUT_06601,64.02
OUT_06602,43.82
OUT_06603,191.13
OUT_06604,203.26
OUT_06605,69.18
OUT_06606,48.11
OUT_06607,47.86
OUT_06608,707.49
OUT_06609,189.82
OUT_06610,66.89
OUT_06611,54.9
OUT_06612,201.12
OUT_06613,664.16
OUT_06614,65.38
OUT_06615,682.82
OUT_06616,190.77
OUT_06617,192.25
OUT_06618,56.08
OUT_06619,68.23
OUT_06620,65.52
OUT_06621,69.19
OUT_06622,65.01
OUT_06623,42.28
OUT_06624,197.84
OUT_06625,1669.89
OUT_06626,196.97
OUT_06627,45.5
OUT_06628,181.42
OUT_06629,635.63
OUT_06630,210.64
OUT_06631,690.57
OUT_06632,62.85
OUT_06633,64.54
OUT_06634,193.54
OUT_06635,68.34
OUT_06636,52.32
OUT_06637,192.18
OUT_06638,49.48
OUT_06639,70.52
OUT_06640,62.57
OUT_06641,65.01
OUT_06642,62.33
OUT_06643,61.71
OUT_06644,65.96
OUT_06645,687.04
OUT_06646,189.17
OUT_06647,196.38
OUT_06648,619.1
OUT_06649,182.09
OUT_06650,58.32
OUT_06651,183.36
OUT_06652,67.43
OUT_06653,58.98
OUT_06654,61.76
OUT_06655,680.14
OUT_06656,68.26
OUT_06657,194.54
OUT_06658,1675.62
OUT_06659,61.99
OUT_06660,1624.15
OUT_06661,64.45
OUT_06662,189.82
OUT_06663,1662.06
OUT_06664,188.48
OUT_06665,66.06
OUT_06666,186.14
OUT_06667,49.52
OUT_06668,198.96
OUT_06669,41.86
OUT_06670,51.22
OUT_06671,63.48
OUT_06672,77.03
OUT_06673,63.49
OUT_06674,66.98
OUT_06675,53.01
OUT_06676,64.21
OUT_06677,649.47
OUT_06678,178.29
OUT_06679,202.39
OUT_06680,61.57
OUT_06681,64.07
OUT_06682,700.68
OUT_06683,41.76
OUT_06684,192.28
OUT_06685,58.05
OUT_06686,211.59
OUT_06687,68.08
OUT_06688,64.11
OUT_06689,60.81
OUT_06690,179.7
OUT_06691,43.17
OUT_06692,193.63
OUT_06693,65.79
OUT_06694,177.27
OUT_06695,197.99
OUT_06696,630.87
OUT_06697,64.74
OUT_06698,633.26
OUT_06699,1677.71
OUT_06700,60.54
OUT_06701,196.09
OUT_06702,200.73
OUT_06703,197.28
OUT_06704,192.92
OUT_06705,35.02
OUT_06706,204.18
OUT_06707,199.61
OUT_06708,56.79
OUT_06709,68.3
OUT_06710,188.97
OUT_06711,630.14
OUT_06712,49.6
OUT_06713,59.35
OUT_06714,61.84
OUT_06715,55.36
OUT_06716,52.88
OUT_06717,185.75
OUT_06718,674.44
OUT_06719,54.75
OUT_06720,794.64
OUT_06721,194.93
OUT_06722,49.41
OUT_06723,51.06
OUT_06724,708.04
OUT_06725,620.27
OUT_06726,184.78
OUT_06727,190.7
OUT_06728,58.61
OUT_06729,50.84
OUT_06730,64.66
OUT_06731,58.29
OUT_06732,32.51
OUT_06733,1646.52
OUT_06734,153.81
OUT_06735,50.31
OUT_06736,592.4
OUT_06737,52.34
OUT_06738,48.83
OUT_06739,197.54
OUT_06740,65.77
OUT_06741,189.73
OUT_06742,51.83
OUT_06743,70.16
OUT_06744,655.46
OUT_06745,195.16
OUT_06746,196.1
OUT_06747,621.01
OUT_06748,52.39
OUT_06749,196.07
OUT_06750,32.05
OUT_06751,190.53
OUT_06752,48.65
OUT_06753,193.31
OUT_06754,58.9
OUT_06755,52.2
OUT_06756,49.94
OUT_06757,52.59
OUT_06758,205.94
OUT_06759,46.75
OUT_06760,690.79
OUT_06761,71.69
OUT_06762,53.17
OUT_06763,710.27
OUT_06764,641.77
OUT_06765,195.0
OUT_06766,173.18
OUT_06767,198.45
OUT_06768,64.07
OUT_06769,61.01
OUT_06770,60.41
OUT_06771,57.46
OUT_06772,66.58
OUT_06773,196.13
OUT_06774,185.42
OUT_06775,192.38
OUT_06776,55.97
OUT_06777,664.75
OUT_06778,57.2
OUT_06779,71.09
OUT_06780,59.97
OUT_06781,62.98
OUT_06782,56.01
OUT_06783,60.63
OUT_06784,203.31
OUT_06785,185.35
OUT_06786,64.01
OUT_06787,51.94
OUT_06788,37.95
OUT_06789,58.1
OUT_06790,196.82
OUT_06791,57.61
OUT_06792,188.28
OUT_06793,197.1
OUT_06794,58.62
OUT_06795,182.18
OUT_06796,28.67
OUT_06797,623.5
OUT_06798,608.99
OUT_06799,52.31
OUT_06800,185.09
OUT_06801,41.28
OUT_06802,195.05
OUT_06803,234.46
OUT_06804,46.19
OUT_06805,65.61
OUT_06806,67.71
OUT_06807,49.67
OUT_06808,197.2
OUT_06809,61.36
OUT_06810,1517.46
OUT_06811,68.73
OUT_06812,62.02
OUT_06813,69.34
OUT_06814,51.19
OUT_06815,670.3
OUT_06816,201.99
OUT_06817,692.09
OUT_06818,1709.95
OUT_06819,192.46
OUT_06820,70.32
OUT_06821,188.65
OUT_06822,56.75
OUT_06823,198.08
OUT_06824,65.17
OUT_06825,190.8
OUT_06826,638.32
OUT_06827,57.59
OUT_06828,50.84
OUT_06829,52.77
OUT_06830,731.74
OUT_06831,179.84
OUT_06832,195.07
OUT_06833,179.65
OUT_06834,189.71
OUT_06835,57.21
OUT_06836,77.79
OUT_06837,183.46
OUT_06838,70.61
OUT_06839,607.21
OUT_06840,201.79
OUT_06841,187.23
OUT_06842,68.08
OUT_06843,730.35
OUT_06844,63.1
OUT_06845,188.53
OUT_06846,67.19
OUT_06847,65.03
OUT_06848,58.59
OUT_06849,202.2
OUT_06850,54.1
OUT_06851,191.87
OUT_06852,63.46
OUT_06853,61.44
OUT_06854,59.1
OUT_06855,187.86
OUT_06856,175.41
OUT_06857,64.37
OUT_06858,48.82
OUT_06859,45.07
OUT_06860,637.59
OUT_06861,66.98
OUT_06862,64.4
OUT_06863,701.33
OUT_06864,59.8
OUT_06865,199.82
OUT_06866,196.01
OUT_06867,599.35
OUT_06868,66.26
OUT_06869,61.66
OUT_06870,60.43
OUT_06871,47.68
OUT_06872,57.77
OUT_06873,64.16
OUT_06874,56.43
OUT_06875,33.41
OUT_06876,58.08
OUT_06877,77.01
OUT_06878,72.49
OUT_06879,678.05
OUT_06880,636.65
OUT_06881,700.05
OUT_06882,664.75
OUT_06883,66.24
OUT_06884,186.02
OUT_06885,57.77
OUT_06886,184.73
OUT_06887,55.47
OUT_06888,660.7
OUT_06889,53.65
OUT_06890,52.85
OUT_06891,188.87
OUT_06892,55.86
OUT_06893,174.07
OUT_06894,239.49
OUT_06895,70.05
OUT_06896,70.69
OUT_06897,192.36
OUT_06898,63.48
OUT_06899,66.3
OUT_06900,61.28
OUT_06901,191.66
OUT_06902,54.9
OUT_06903,51.36
OUT_06904,191.64
OUT_06905,178.66
OUT_06906,667.88
OUT_06907,52.58
OUT_06908,53.26
OUT_06909,55.99
OUT_06910,192.08
OUT_06911,51.18
OUT_06912,29.63
OUT_06913,69.21
OUT_06914,192.95
OUT_06915,619.12
OUT_06916,61.39
OUT_06917,58.62
OUT_06918,58.15
OUT_06919,76.38
OUT_06920,65.87
OUT_06921,57.94
OUT_06922,628.07
OUT_06923,65.3
OUT_06924,68.08
OUT_06925,62.22
OUT_06926,65.12
OUT_06927,69.91
OUT_06928,71.86
OUT_06929,64.69
OUT_06930,218.21
OUT_06931,42.82
OUT_06932,195.02
OUT_06933,193.82
OUT_06934,62.24
OUT_06935,65.13
OUT_06936,196.02
OUT_06937,72.35
OUT_06938,656.48
OUT_06939,200.57
OUT_06940,1697.87
OUT_06941,193.99
OUT_06942,195.73
OUT_06943,196.72
OUT_06944,57.41
OUT_06945,54.61
OUT_06946,69.07
OUT_06947,188.71
OUT_06948,621.64
OUT_06949,188.34
OUT_06950,58.56
OUT_06951,67.16
OUT_06952,694.47
OUT_06953,42.93
OUT_06954,68.77
OUT_06955,67.37
OUT_06956,186.32
OUT_06957,71.47
OUT_06958,38.77
OUT_06959,41.71
OUT_06960,61.1
OUT_06961,59.53
OUT_06962,50.17
OUT_06963,191.26
OUT_06964,68.61
OUT_06965,49.06
OUT_06966,62.29
OUT_06967,190.84
OUT_06968,61.16
OUT_06969,57.23
OUT_06970,25.8
OUT_06971,47.24
OUT_06972,66.36
OUT_06973,64.0
OUT_06974,210.58
OUT_06975,51.85
OUT_06976,686.55
OUT_06977,192.8
OUT_06978,52.35
OUT_06979,61.04
OUT_06980,60.77
OUT_06981,1724.24
OUT_06982,60.42
OUT_06983,57.29
OUT_06984,191.54
OUT_06985,1719.15
OUT_06986,57.56
OUT_06987,42.43
OUT_06988,200.95
OUT_06989,170.17
OUT_06990,720.76
OUT_06991,63.57
OUT_06992,38.47
OUT_06993,64.25
OUT_06994,64.02
OUT_06995,70.52
OUT_06996,627.9
OUT_06997,198.57
OUT_06998,57.87
OUT_06999,197.31
OUT_07000,766.8
OUT_07001,182.35
OUT_07002,693.06
OUT_07003,193.86
OUT_07004,64.39
OUT_07005,33.21
OUT_07006,58.8
OUT_07007,190.77
OUT_07008,1651.55
OUT_07009,206.16
OUT_07010,205.66
OUT_07011,68.59
OUT_07012,604.78
OUT_07013,1639.61
OUT_07014,202.2
OUT_07015,57.55
OUT_07016,1687.05
OUT_07017,62.74
OUT_07018,183.42
OUT_07019,51.0
OUT_07020,623.18
OUT_07021,208.71
OUT_07022,55.95
OUT_07023,60.85
OUT_07024,193.41
OUT_07025,57.69
OUT_07026,1596.32
OUT_07027,1632.21
OUT_07028,56.99
OUT_07029,631.44
OUT_07030,63.22
OUT_07031,635.94
OUT_07032,184.51
OUT_07033,197.45
OUT_07034,63.65
OUT_07035,50.94
OUT_07036,65.02
OUT_07037,187.77
OUT_07038,54.11
OUT_07039,66.78
OUT_07040,204.9
OUT_07041,59.54
OUT_07042,188.88
OUT_07043,61.93
OUT_07044,185.34
OUT_07045,192.88
OUT_07046,186.52
OUT_07047,55.68
OUT_07048,632.0
OUT_07049,47.6
OUT_07050,183.46
OUT_07051,198.35
OUT_07052,42.68
OUT_07053,59.13
OUT_07054,202.13
OUT_07055,47.87
OUT_07056,733.56
OUT_07057,600.08
OUT_07058,183.0
OUT_07059,51.22
OUT_07060,76.09
OUT_07061,634.23
OUT_07062,212.58
OUT_07063,50.98
OUT_07064,188.95
OUT_07065,664.72
OUT_07066,73.76
OUT_07067,193.49
OUT_07068,1691.34
OUT_07069,63.67
OUT_07070,209.36
OUT_07071,61.73
OUT_07072,65.82
OUT_07073,66.89
OUT_07074,70.77
OUT_07075,66.0
OUT_07076,73.4
OUT_07077,44.92
OUT_07078,185.94
OUT_07079,56.61
OUT_07080,1611.08
OUT_07081,207.61
OUT_07082,42.84
OUT_07083,77.03
OUT_07084,52.89
OUT_07085,195.36
OUT_07086,43.54
OUT_07087,42.73
OUT_07088,192.89
OUT_07089,1650.37
OUT_07090,202.97
OUT_07091,187.28
OUT_07092,63.37
OUT_07093,684.66
OUT_07094,195.38
OUT_07095,28.41
OUT_07096,189.18
OUT_07097,187.55
OUT_07098,54.98
OUT_07099,194.02
OUT_07100,74.62
OUT_07101,709.69
OUT_07102,57.17
OUT_07103,71.2
OUT_07104,52.09
OUT_07105,185.8
OUT_07106,73.35
OUT_07107,63.96
OUT_07108,697.7
OUT_07109,58.28
OUT_07110,70.17
OUT_07111,209.59
OUT_07112,215.47
OUT_07113,189.89
OUT_07114,201.87
OUT_07115,195.81
OUT_07116,69.06
OUT_07117,49.75
OUT_07118,59.77
OUT_07119,188.27
OUT_07120,198.27
OUT_07121,758.77
OUT_07122,611.74
OUT_07123,56.76
OUT_07124,744.37
OUT_07125,57.43
OUT_07126,185.96
OUT_07127,63.22
OUT_07128,39.07
OUT_07129,200.47
OUT_07130,43.16
OUT_07131,61.47
OUT_07132,230.29
OUT_07133,54.09
OUT_07134,60.46
OUT_07135,1724.27
OUT_07136,54.86
OUT_07137,63.42
OUT_07138,675.17
OUT_07139,69.88
OUT_07140,70.43
OUT_07141,701.57
OUT_07142,68.05
OUT_07143,55.03
OUT_07144,715.45
OUT_07145,56.05
OUT_07146,68.55
OUT_07147,637.27
OUT_07148,737.99
OUT_07149,187.14
OUT_07150,606.09
OUT_07151,72.59
OUT_07152,65.51
OUT_07153,54.95
OUT_07154,49.62
OUT_07155,195.58
OUT_07156,714.98
OUT_07157,184.56
OUT_07158,46.24
OUT_07159,64.89
OUT_07160,69.68
OUT_07161,1713.59
OUT_07162,22.48
OUT_07163,63.8
OUT_07164,62.33
OUT_07165,73.28
OUT_07166,187.25
OUT_07167,51.38
OUT_07168,62.87
OUT_07169,192.2
OUT_07170,62.4
OUT_07171,60.47
OUT_07172,56.98
OUT_07173,60.52
OUT_07174,55.17
OUT_07175,64.46
OUT_07176,72.49
OUT_07177,1636.09
OUT_07178,187.88
OUT_07179,67.07
OUT_07180,50.08
OUT_07181,209.81
OUT_07182,36.69
OUT_07183,704.38
OUT_07184,197.22
OUT_07185,71.78
OUT_07186,50.73
OUT_07187,685.12
OUT_07188,48.09
OUT_07189,70.85
OUT_07190,51.24
OUT_07191,62.64
OUT_07192,67.9
OUT_07193,208.12
OUT_07194,628.53
OUT_07195,605.73
OUT_07196,187.5
OUT_07197,67.3
OUT_07198,76.0
OUT_07199,184.27
OUT_07200,69.31
OUT_07201,205.97
OUT_07202,61.81
OUT_07203,199.85
OUT_07204,62.71
OUT_07205,60.84
OUT_07206,59.52
OUT_07207,192.46
OUT_07208,58.78
OUT_07209,193.37
OUT_07210,58.68
OUT_07211,63.15
OUT_07212,196.85
OUT_07213,39.26
OUT_07214,690.57
OUT_07215,1674.19
OUT_07216,58.44
OUT_07217,48.51
OUT_07218,189.45
OUT_07219,665.08
OUT_07220,74.33
OUT_07221,60.08
OUT_07222,63.6
OUT_07223,50.77
OUT_07224,33.1
OUT_07225,1709.74
OUT_07226,39.46
OUT_07227,688.07
OUT_07228,61.45
OUT_07229,38.73
OUT_07230,69.88
OUT_07231,51.17
OUT_07232,192.52
OUT_07233,1661.66
OUT_07234,56.57
OUT_07235,199.55
OUT_07236,71.21
OUT_07237,50.64
OUT_07238,72.91
OUT_07239,197.76
OUT_07240,58.8
OUT_07241,74.43
OUT_07242,67.33
OUT_07243,195.9
OUT_07244,63.61
OUT_07245,191.54
OUT_07246,68.67
OUT_07247,200.65
OUT_07248,58.24
OUT_07249,62.61
OUT_07250,1625.79
OUT_07251,193.23
OUT_07252,196.43
OUT_07253,63.72
OUT_07254,67.2
OUT_07255,52.15
OUT_07256,162.61
OUT_07257,189.79
OUT_07258,613.44
OUT_07259,656.57
OUT_07260,56.63
OUT_07261,78.08
OUT_07262,195.83
OUT_07263,729.73
OUT_07264,61.07
OUT_07265,51.89
OUT_07266,696.59
OUT_07267,69.68
OUT_07268,192.59
OUT_07269,207.59
OUT_07270,62.85
OUT_07271,60.4
OUT_07272,221.22
OUT_07273,644.5
OUT_07274,615.32
OUT_07275,70.9
OUT_07276,1681.43
OUT_07277,62.91
OUT_07278,46.96
OUT_07279,65.73
OUT_07280,216.65
OUT_07281,669.81
OUT_07282,186.63
OUT_07283,62.27
OUT_07284,189.02
OUT_07285,1736.34
OUT_07286,185.98
OUT_07287,58.03
OUT_07288,57.47
OUT_07289,633.22
OUT_07290,43.14
OUT_07291,66.48
OUT_07292,70.64
OUT_07293,65.41
OUT_07294,81.5
OUT_07295,62.38
OUT_07296,206.96
OUT_07297,71.66
OUT_07298,665.67
OUT_07299,57.29
OUT_07300,677.12
OUT_07301,62.55
OUT_07302,194.64
OUT_07303,71.44
OUT_07304,38.01
OUT_07305,701.85
OUT_07306,55.43
OUT_07307,696.25
OUT_07308,52.83
OUT_07309,57.89
OUT_07310,72.87
OUT_07311,189.64
OUT_07312,53.01
OUT_07313,65.14
OUT_07314,615.21
OUT_07315,192.25
OUT_07316,1668.68
OUT_07317,630.73
OUT_07318,194.89
OUT_07319,36.63
OUT_07320,64.66
OUT_07321,1676.61
OUT_07322,190.23
OUT_07323,46.12
OUT_07324,670.08
OUT_07325,65.53
OUT_07326,37.53
OUT_07327,679.25
OUT_07328,192.89
OUT_07329,186.18
OUT_07330,204.19
OUT_07331,674.98
OUT_07332,47.36
OUT_07333,193.77
OUT_07334,204.67
OUT_07335,742.72
OUT_07336,65.8
OUT_07337,66.05
OUT_07338,38.97
OUT_07339,71.17
OUT_07340,71.18
OUT_07341,706.1
OUT_07342,66.57
OUT_07343,194.47
OUT_07344,70.91
OUT_07345,75.56
OUT_07346,50.29
OUT_07347,200.01
OUT_07348,193.01
OUT_07349,601.21
OUT_07350,58.45
OUT_07351,177.24
OUT_07352,78.89
OUT_07353,44.04
OUT_07354,657.67
OUT_07355,57.74
OUT_07356,185.56
OUT_07357,198.28
OUT_07358,71.61
OUT_07359,58.34
OUT_07360,50.17
OUT_07361,39.14
OUT_07362,182.43
OUT_07363,69.43
OUT_07364,189.67
OUT_07365,49.02
OUT_07366,60.13
OUT_07367,635.82
OUT_07368,672.07
OUT_07369,60.84
OUT_07370,44.55
OUT_07371,193.84
OUT_07372,61.76
OUT_07373,56.46
OUT_07374,707.46
OUT_07375,56.25
OUT_07376,210.16
OUT_07377,45.22
OUT_07378,618.22
OUT_07379,56.48
OUT_07380,622.31
OUT_07381,60.27
OUT_07382,187.81
OUT_07383,183.27
OUT_07384,69.41
OUT_07385,65.3
OUT_07386,666.53
OUT_07387,56.35
OUT_07388,1697.96
OUT_07389,68.17
OUT_07390,620.72
OUT_07391,1673.9
OUT_07392,29.36
OUT_07393,651.17
OUT_07394,65.09
OUT_07395,62.89
OUT_07396,187.84
OUT_07397,50.25
OUT_07398,48.78
OUT_07399,69.53
OUT_07400,207.66
OUT_07401,69.4
OUT_07402,182.52
OUT_07403,65.95
OUT_07404,71.59
OUT_07405,45.3
OUT_07406,60.77
OUT_07407,52.85
OUT_07408,1602.93
OUT_07409,65.55
OUT_07410,183.62
OUT_07411,53.43
OUT_07412,58.46
OUT_07413,208.77
OUT_07414,192.72
OUT_07415,184.76
OUT_07416,193.52
OUT_07417,1757.51
OUT_07418,647.48
OUT_07419,49.4
OUT_07420,202.85
OUT_07421,62.21
OUT_07422,687.88
OUT_07423,208.18
OUT_07424,71.01
OUT_07425,183.62
OUT_07426,212.83
OUT_07427,57.92
OUT_07428,185.0
OUT_07429,192.22
OUT_07430,57.65
OUT_07431,63.44
OUT_07432,677.61
OUT_07433,58.58
OUT_07434,65.27
OUT_07435,68.46
OUT_07436,63.25
OUT_07437,53.52
OUT_07438,67.85
OUT_07439,21.41
OUT_07440,181.64
OUT_07441,70.29
OUT_07442,65.24
OUT_07443,734.7
OUT_07444,170.02
OUT_07445,60.26
OUT_07446,73.17
OUT_07447,192.35
OUT_07448,184.76
OUT_07449,26.18
OUT_07450,46.43
OUT_07451,617.78
OUT_07452,189.27
OUT_07453,184.97
OUT_07454,46.25
OUT_07455,173.23
OUT_07456,773.45
OUT_07457,53.21
OUT_07458,192.35
OUT_07459,72.81
OUT_07460,64.39
OUT_07461,23.97
OUT_07462,199.2
OUT_07463,195.42
OUT_07464,192.58
OUT_07465,61.09
OUT_07466,641.16
OUT_07467,186.17
OUT_07468,48.82
OUT_07469,597.18
OUT_07470,60.13
OUT_07471,180.54
OUT_07472,640.26
OUT_07473,66.21
OUT_07474,1614.92
OUT_07475,173.45
OUT_07476,61.2
OUT_07477,53.78
OUT_07478,62.57
OUT_07479,54.04
OUT_07480,671.0
OUT_07481,194.46
OUT_07482,52.59
OUT_07483,650.82
OUT_07484,194.07
OUT_07485,141.73
OUT_07486,190.49
OUT_07487,169.73
OUT_07488,200.42
OUT_07489,199.36
OUT_07490,630.62
OUT_07491,186.97
OUT_07492,1710.5
OUT_07493,200.4
OUT_07494,191.3
OUT_07495,195.57
OUT_07496,50.55
OUT_07497,192.31
OUT_07498,190.46
OUT_07499,198.26
OUT_07500,53.74
OUT_07501,192.94
OUT_07502,58.16
OUT_07503,185.25
OUT_07504,1700.55
OUT_07505,627.76
OUT_07506,63.0
OUT_07507,43.97
OUT_07508,52.94
OUT_07509,40.36
OUT_07510,72.27
OUT_07511,61.02
OUT_07512,201.55
OUT_07513,195.45
OUT_07514,60.88
OUT_07515,737.22
OUT_07516,62.94
OUT_07517,58.03
OUT_07518,57.54
OUT_07519,1735.17
OUT_07520,199.23
OUT_07521,60.31
OUT_07522,187.93
OUT_07523,57.89
OUT_07524,184.11
OUT_07525,67.01
OUT_07526,64.81
OUT_07527,53.15
OUT_07528,50.15
OUT_07529,53.03
OUT_07530,197.58
OUT_07531,63.08
OUT_07532,198.99
OUT_07533,174.63
OUT_07534,61.83
OUT_07535,181.39
OUT_07536,600.22
OUT_07537,52.71
OUT_07538,56.59
OUT_07539,172.45
OUT_07540,55.89
OUT_07541,48.58
OUT_07542,64.15
OUT_07543,72.3
OUT_07544,61.39
OUT_07545,198.61
OUT_07546,1726.47
OUT_07547,183.52
OUT_07548,51.9
OUT_07549,45.17
OUT_07550,68.1
OUT_07551,56.65
OUT_07552,197.42
OUT_07553,1663.48
OUT_07554,62.3
OUT_07555,63.83
OUT_07556,57.16
OUT_07557,664.42
OUT_07558,36.56
OUT_07559,57.22
OUT_07560,67.35
OUT_07561,192.57
OUT_07562,40.62
OUT_07563,186.97
OUT_07564,72.35
OUT_07565,67.86
OUT_07566,72.37
OUT_07567,63.58
OUT_07568,68.7
OUT_07569,67.42
OUT_07570,59.93
OUT_07571,192.64
OUT_07572,70.22
OUT_07573,54.66
OUT_07574,610.89
OUT_07575,45.71
OUT_07576,194.81
OUT_07577,63.02
OUT_07578,618.19
OUT_07579,55.2
OUT_07580,70.34
OUT_07581,671.32
OUT_07582,42.96
OUT_07583,63.7
OUT_07584,57.57
OUT_07585,64.29
OUT_07586,166.53
OUT_07587,577.91
OUT_07588,48.42
OUT_07589,64.3
OUT_07590,679.15
OUT_07591,731.37
OUT_07592,56.39
OUT_07593,198.31
OUT_07594,64.69
OUT_07595,47.69
OUT_07596,65.79
OUT_07597,63.93
OUT_07598,209.39
OUT_07599,52.25
OUT_07600,738.88
OUT_07601,74.43
OUT_07602,74.66
OUT_07603,66.77
OUT_07604,1685.06
OUT_07605,712.73
OUT_07606,71.56
OUT_07607,63.02
OUT_07608,53.49
OUT_07609,192.69
OUT_07610,52.52
OUT_07611,188.86
OUT_07612,46.58
OUT_07613,61.85
OUT_07614,51.25
OUT_07615,191.47
OUT_07616,58.24
OUT_07617,741.7
OUT_07618,62.89
OUT_07619,200.35
OUT_07620,199.11
OUT_07621,200.46
OUT_07622,192.07
OUT_07623,63.64
OUT_07624,65.47
OUT_07625,604.02
OUT_07626,24.91
OUT_07627,663.17
OUT_07628,65.38
OUT_07629,631.36
OUT_07630,61.55
OUT_07631,70.43
OUT_07632,64.0
OUT_07633,681.08
OUT_07634,64.44
OUT_07635,703.63
OUT_07636,701.99
OUT_07637,54.68
OUT_07638,199.89
OUT_07639,1667.45
OUT_07640,49.67
OUT_07641,185.38
OUT_07642,75.11
OUT_07643,216.63
OUT_07644,57.96
OUT_07645,58.55
OUT_07646,193.17
OUT_07647,76.76
OUT_07648,54.04
OUT_07649,187.71
OUT_07650,193.75
OUT_07651,64.47
OUT_07652,70.94
OUT_07653,50.41
OUT_07654,184.13
OUT_07655,1684.24
OUT_07656,53.89
OUT_07657,71.36
OUT_07658,1733.11
OUT_07659,184.14
OUT_07660,65.11
OUT_07661,183.64
OUT_07662,204.17
OUT_07663,50.53
OUT_07664,191.35
OUT_07665,63.12
OUT_07666,59.07
OUT_07667,201.03
OUT_07668,64.4
OUT_07669,40.95
OUT_07670,63.84
OUT_07671,673.26
OUT_07672,56.2
OUT_07673,61.14
OUT_07674,597.21
OUT_07675,55.1
OUT_07676,66.16
OUT_07677,612.35
OUT_07678,618.68
OUT_07679,654.49
OUT_07680,56.2
OUT_07681,195.36
OUT_07682,687.66
OUT_07683,55.65
OUT_07684,202.88
OUT_07685,727.41
OUT_07686,75.14
OUT_07687,1774.51
OUT_07688,1633.91
OUT_07689,188.13
OUT_07690,51.09
OUT_07691,70.75
OUT_07692,46.22
OUT_07693,192.42
OUT_07694,58.86
OUT_07695,69.34
OUT_07696,59.65
OUT_07697,63.13
OUT_07698,47.97
OUT_07699,53.19
OUT_07700,48.86
OUT_07701,59.93
OUT_07702,703.66
OUT_07703,1694.26
OUT_07704,643.42
OUT_07705,200.68
OUT_07706,188.67
OUT_07707,59.48
OUT_07708,194.38
OUT_07709,188.7
OUT_07710,54.72
OUT_07711,61.73
OUT_07712,202.46
OUT_07713,186.45
OUT_07714,181.32
OUT_07715,196.25
OUT_07716,50.19
OUT_07717,66.41
OUT_07718,185.75
OUT_07719,66.62
OUT_07720,1682.49
OUT_07721,195.96
OUT_07722,673.24
OUT_07723,48.43
OUT_07724,196.19
OUT_07725,185.41
OUT_07726,54.85
OUT_07727,72.74
OUT_07728,66.85
OUT_07729,59.78
OUT_07730,186.74
OUT_07731,54.76
OUT_07732,191.43
OUT_07733,58.01
OUT_07734,736.09
OUT_07735,62.93
OUT_07736,1580.62
OUT_07737,64.48
OUT_07738,70.22
OUT_07739,212.6
OUT_07740,181.48
OUT_07741,61.08
OUT_07742,645.46
OUT_07743,59.35
OUT_07744,66.09
OUT_07745,39.49
OUT_07746,649.53
OUT_07747,195.2
OUT_07748,64.74
OUT_07749,183.66
OUT_07750,188.21
OUT_07751,73.76
OUT_07752,65.58
OUT_07753,203.7
OUT_07754,66.46
OUT_07755,200.22
OUT_07756,70.16
OUT_07757,51.64
OUT_07758,53.31
OUT_07759,63.22
OUT_07760,196.83
OUT_07761,50.72
OUT_07762,1696.51
OUT_07763,207.57
OUT_07764,75.01
OUT_07765,1642.01
OUT_07766,57.93
OUT_07767,65.7
OUT_07768,56.97
OUT_07769,604.56
OUT_07770,67.18
OUT_07771,180.65
OUT_07772,644.95
OUT_07773,169.18
OUT_07774,219.4
OUT_07775,704.68
OUT_07776,62.85
OUT_07777,65.08
OUT_07778,50.71
OUT_07779,72.88
OUT_07780,61.04
OUT_07781,219.19
OUT_07782,192.18
OUT_07783,59.41
OUT_07784,364.71
OUT_07785,214.2
OUT_07786,599.66
OUT_07787,675.14
OUT_07788,62.03
OUT_07789,53.82
OUT_07790,191.39
OUT_07791,607.58
OUT_07792,656.43
OUT_07793,672.08
OUT_07794,49.07
OUT_07795,659.23
OUT_07796,1678.19
OUT_07797,65.25
OUT_07798,199.7
OUT_07799,45.12
OUT_07800,36.36
OUT_07801,708.63
OUT_07802,43.7
OUT_07803,57.84
OUT_07804,63.09
OUT_07805,44.4
OUT_07806,192.24
OUT_07807,66.61
OUT_07808,65.5
OUT_07809,187.34
OUT_07810,1645.15
OUT_07811,57.31
OUT_07812,63.65
OUT_07813,57.33
OUT_07814,71.31
OUT_07815,1632.52
OUT_07816,65.57
OUT_07817,599.61
OUT_07818,35.62
OUT_07819,169.05
OUT_07820,63.68
OUT_07821,41.84
OUT_07822,56.2
OUT_07823,673.56
OUT_07824,59.51
OUT_07825,202.41
OUT_07826,55.84
OUT_07827,186.25
OUT_07828,58.15
OUT_07829,54.6
OUT_07830,644.49
OUT_07831,182.85
OUT_07832,676.22
OUT_07833,173.44
OUT_07834,213.99
OUT_07835,66.26
OUT_07836,200.92
OUT_07837,1690.5
OUT_07838,194.7
OUT_07839,59.0
OUT_07840,192.35
OUT_07841,59.93
OUT_07842,62.1
OUT_07843,67.7
OUT_07844,68.07
OUT_07845,686.93
OUT_07846,191.24
OUT_07847,200.44
OUT_07848,58.19
OUT_07849,69.88
OUT_07850,61.92
OUT_07851,53.23
OUT_07852,44.41
OUT_07853,63.18
OUT_07854,57.38
OUT_07855,218.16
OUT_07856,185.7
OUT_07857,196.82
OUT_07858,769.06
OUT_07859,635.39
OUT_07860,189.65
OUT_07861,203.59
OUT_07862,51.86
OUT_07863,189.18
OUT_07864,188.1
OUT_07865,35.21
OUT_07866,61.94
OUT_07867,673.72
OUT_07868,55.75
OUT_07869,183.45
OUT_07870,197.86
OUT_07871,59.31
OUT_07872,37.79
OUT_07873,56.29
OUT_07874,60.7
OUT_07875,629.57
OUT_07876,1649.61
OUT_07877,1679.34
OUT_07878,59.54
OUT_07879,606.28
OUT_07880,1718.28
OUT_07881,63.84
OUT_07882,54.0
OUT_07883,641.47
OUT_07884,191.62
OUT_07885,50.09
OUT_07886,191.38
OUT_07887,61.67
OUT_07888,194.97
OUT_07889,51.71
OUT_07890,56.13
OUT_07891,75.27
OUT_07892,73.66
OUT_07893,623.32
OUT_07894,66.76
OUT_07895,51.65
OUT_07896,1646.49
OUT_07897,712.54
OUT_07898,191.03
OUT_07899,195.32
OUT_07900,73.12
OUT_07901,605.15
OUT_07902,70.41
OUT_07903,57.63
OUT_07904,67.29
OUT_07905,55.62
OUT_07906,65.11
OUT_07907,49.96
OUT_07908,641.14
OUT_07909,185.96
OUT_07910,187.88
OUT_07911,628.92
OUT_07912,90.27
OUT_07913,58.09
OUT_07914,44.78
OUT_07915,198.47
OUT_07916,1658.36
OUT_07917,67.71
OUT_07918,55.45
OUT_07919,68.49
OUT_07920,190.36
OUT_07921,36.79
OUT_07922,62.44
OUT_07923,1677.18
OUT_07924,605.66
OUT_07925,1661.58
OUT_07926,71.41
OUT_07927,73.5
OUT_07928,40.15
OUT_07929,64.08
OUT_07930,686.27
OUT_07931,62.09
OUT_07932,180.39
OUT_07933,56.71
OUT_07934,62.49
OUT_07935,780.27
OUT_07936,64.7
OUT_07937,70.94
OUT_07938,700.11
OUT_07939,182.81
OUT_07940,39.97
OUT_07941,193.79
OUT_07942,64.61
OUT_07943,191.24
OUT_07944,67.71
OUT_07945,192.54
OUT_07946,54.45
OUT_07947,182.87
OUT_07948,171.77
OUT_07949,764.15
OUT_07950,68.88
OUT_07951,63.69
OUT_07952,58.27
OUT_07953,55.47
OUT_07954,198.57
OUT_07955,184.98
OUT_07956,163.19
OUT_07957,191.73
OUT_07958,58.93
OUT_07959,69.65
OUT_07960,58.84
OUT_07961,63.19
OUT_07962,193.51
OUT_07963,65.97
OUT_07964,19.57
OUT_07965,192.82
OUT_07966,181.93
OUT_07967,671.19
OUT_07968,59.21
OUT_07969,193.11
OUT_07970,589.23
OUT_07971,718.49
OUT_07972,197.11
OUT_07973,62.35
OUT_07974,182.0
OUT_07975,61.85
OUT_07976,59.4
OUT_07977,42.55
OUT_07978,212.29
OUT_07979,63.56
OUT_07980,1707.34
OUT_07981,72.85
OUT_07982,67.65
OUT_07983,42.35
OUT_07984,62.49
OUT_07985,640.07
OUT_07986,54.46
OUT_07987,66.14
OUT_07988,73.19
OUT_07989,67.16
OUT_07990,65.54
OUT_07991,689.7
OUT_07992,58.48
OUT_07993,635.36
OUT_07994,46.0
OUT_07995,46.23
OUT_07996,40.84
OUT_07997,205.82
OUT_07998,69.99
OUT_07999,75.92
OUT_08000,60.97
OUT_08001,736.65
OUT_08002,187.43
OUT_08003,72.02
OUT_08004,61.0
OUT_08005,67.33
OUT_08006,55.17
OUT_08007,63.22
OUT_08008,192.65
OUT_08009,50.88
OUT_08010,179.72
OUT_08011,63.13
OUT_08012,64.55
OUT_08013,190.64
OUT_08014,186.32
OUT_08015,610.93
OUT_08016,67.61
OUT_08017,66.0
OUT_08018,62.97
OUT_08019,197.75
OUT_08020,45.76
OUT_08021,49.83
OUT_08022,188.99
OUT_08023,168.13
OUT_08024,58.83
OUT_08025,615.14
OUT_08026,226.3
OUT_08027,66.26
OUT_08028,46.12
OUT_08029,677.62
OUT_08030,617.12
OUT_08031,73.96
OUT_08032,1711.58
OUT_08033,1697.11
OUT_08034,59.71
OUT_08035,198.47
OUT_08036,59.44
OUT_08037,633.97
OUT_08038,206.49
OUT_08039,733.07
OUT_08040,51.0
OUT_08041,610.87
OUT_08042,194.45
OUT_08043,75.08
OUT_08044,56.28
OUT_08045,1659.6
OUT_08046,59.48
OUT_08047,1633.1
OUT_08048,67.4
OUT_08049,68.57
OUT_08050,624.28
OUT_08051,80.84
OUT_08052,198.91
OUT_08053,50.79
OUT_08054,62.23
OUT_08055,625.84
OUT_08056,59.6
OUT_08057,179.25
OUT_08058,190.03
OUT_08059,599.62
OUT_08060,61.93
OUT_08061,65.01
OUT_08062,724.06
OUT_08063,189.25
OUT_08064,44.58
OUT_08065,201.29
OUT_08066,662.64
OUT_08067,683.28
OUT_08068,57.37
OUT_08069,192.97
OUT_08070,187.96
OUT_08071,59.77
OUT_08072,182.17
OUT_08073,61.61
OUT_08074,67.07
OUT_08075,178.44
OUT_08076,184.12
OUT_08077,60.06
OUT_08078,190.75
OUT_08079,1632.42
OUT_08080,201.65
OUT_08081,62.22
OUT_08082,178.15
OUT_08083,701.42
OUT_08084,56.12
OUT_08085,58.44
OUT_08086,54.32
OUT_08087,51.94
OUT_08088,190.15
OUT_08089,62.04
OUT_08090,1700.61
OUT_08091,223.56
OUT_08092,75.82
OUT_08093,181.9
OUT_08094,54.33
OUT_08095,68.49
OUT_08096,72.15
OUT_08097,652.99
OUT_08098,191.13
OUT_08099,602.18
OUT_08100,1682.39
OUT_08101,65.3
OUT_08102,193.6
OUT_08103,65.48
OUT_08104,58.37
OUT_08105,185.94
OUT_08106,64.82
OUT_08107,181.45
OUT_08108,61.07
OUT_08109,1713.23
OUT_08110,54.05
OUT_08111,196.48
OUT_08112,551.37
OUT_08113,60.88
OUT_08114,670.61
OUT_08115,68.04
OUT_08116,193.29
OUT_08117,56.2
OUT_08118,643.39
OUT_08119,67.1
OUT_08120,643.5
OUT_08121,68.09
OUT_08122,55.29
OUT_08123,190.19
OUT_08124,56.02
OUT_08125,194.77
OUT_08126,651.01
OUT_08127,616.15
OUT_08128,624.98
OUT_08129,631.63
OUT_08130,66.99
OUT_08131,627.57
OUT_08132,53.21
OUT_08133,71.19
OUT_08134,177.68
OUT_08135,190.45
OUT_08136,30.46
OUT_08137,178.97
OUT_08138,597.24
OUT_08139,186.64
OUT_08140,630.61
OUT_08141,55.87
OUT_08142,68.33
OUT_08143,211.73
OUT_08144,48.34
OUT_08145,619.51
OUT_08146,68.53
OUT_08147,64.31
OUT_08148,197.22
OUT_08149,55.55
OUT_08150,62.38
OUT_08151,185.21
OUT_08152,50.75
OUT_08153,194.17
OUT_08154,179.64
OUT_08155,64.18
OUT_08156,88.15
OUT_08157,54.69
OUT_08158,677.16
OUT_08159,1674.28
OUT_08160,622.66
OUT_08161,62.8
OUT_08162,61.13
OUT_08163,56.82
OUT_08164,59.93
OUT_08165,196.6
OUT_08166,57.87
OUT_08167,200.46
OUT_08168,49.37
OUT_08169,67.05
OUT_08170,70.22
OUT_08171,50.54
OUT_08172,185.06
OUT_08173,194.4
OUT_08174,59.7
OUT_08175,672.8
OUT_08176,52.07
OUT_08177,655.98
OUT_08178,192.97
OUT_08179,652.38
OUT_08180,61.12
OUT_08181,171.52
OUT_08182,188.91
OUT_08183,77.38
OUT_08184,62.24
OUT_08185,37.11
OUT_08186,612.0
OUT_08187,695.92
OUT_08188,195.83
OUT_08189,43.29
OUT_08190,214.18
OUT_08191,49.48
OUT_08192,193.44
OUT_08193,65.54
OUT_08194,48.96
OUT_08195,718.92
OUT_08196,173.92
OUT_08197,31.45
OUT_08198,189.38
OUT_08199,182.72
OUT_08200,60.32
OUT_08201,1684.69
OUT_08202,52.82
OUT_08203,55.9
OUT_08204,68.39
OUT_08205,42.76
OUT_08206,597.31
OUT_08207,56.49
OUT_08208,180.94
OUT_08209,201.3
OUT_08210,59.86
OUT_08211,62.22
OUT_08212,60.57
OUT_08213,66.9
OUT_08214,51.35
OUT_08215,201.69
OUT_08216,706.02
OUT_08217,616.8
OUT_08218,1600.8
OUT_08219,190.16
OUT_08220,42.27
OUT_08221,681.25
OUT_08222,653.52
OUT_08223,78.31
OUT_08224,62.39
OUT_08225,657.04
OUT_08226,1725.29
OUT_08227,609.61
OUT_08228,638.06
OUT_08229,70.89
OUT_08230,194.43
OUT_08231,1636.87
OUT_08232,57.5
OUT_08233,662.01
OUT_08234,626.31
OUT_08235,70.79
OUT_08236,54.26
OUT_08237,668.65
OUT_08238,195.52
OUT_08239,195.67
OUT_08240,56.68
OUT_08241,635.57
OUT_08242,71.51
OUT_08243,604.89
OUT_08244,60.95
OUT_08245,61.67
OUT_08246,64.87
OUT_08247,214.33
OUT_08248,71.16
OUT_08249,57.82
OUT_08250,61.13
OUT_08251,198.82
OUT_08252,60.28
OUT_08253,48.78
OUT_08254,185.26
OUT_08255,315.05
OUT_08256,30.39
OUT_08257,195.87
OUT_08258,197.32
OUT_08259,191.67
OUT_08260,539.33
OUT_08261,653.0
OUT_08262,198.37
OUT_08263,65.19
OUT_08264,193.28
OUT_08265,46.72
OUT_08266,50.46
OUT_08267,194.21
OUT_08268,59.04
OUT_08269,60.3
OUT_08270,188.5
OUT_08271,755.79
OUT_08272,212.11
OUT_08273,668.51
OUT_08274,35.67
OUT_08275,620.27
OUT_08276,62.44
OUT_08277,185.39
OUT_08278,1616.79
OUT_08279,195.94
OUT_08280,729.63
OUT_08281,648.14
OUT_08282,37.36
OUT_08283,59.4
OUT_08284,59.0
OUT_08285,59.68
OUT_08286,191.54
OUT_08287,191.9
OUT_08288,201.04
OUT_08289,62.4
OUT_08290,55.2
OUT_08291,68.86
OUT_08292,716.21
OUT_08293,59.07
OUT_08294,190.41
OUT_08295,57.23
OUT_08296,1677.03
OUT_08297,66.97
OUT_08298,1726.27
OUT_08299,53.95
OUT_08300,193.07
OUT_08301,49.42
OUT_08302,65.4
OUT_08303,210.18
OUT_08304,1651.95
OUT_08305,611.68
OUT_08306,57.25
OUT_08307,696.71
OUT_08308,207.86
OUT_08309,177.75
OUT_08310,204.14
OUT_08311,73.3
OUT_08312,45.42
OUT_08313,673.31
OUT_08314,77.69
OUT_08315,55.18
OUT_08316,52.87
OUT_08317,66.83
OUT_08318,63.28
OUT_08319,195.74
OUT_08320,199.25
OUT_08321,187.92
OUT_08322,66.15
OUT_08323,205.65
OUT_08324,54.01
OUT_08325,190.01
OUT_08326,195.02
OUT_08327,640.79
OUT_08328,198.39
OUT_08329,184.46
OUT_08330,674.42
OUT_08331,655.84
OUT_08332,730.17
OUT_08333,64.72
OUT_08334,69.54
OUT_08335,163.59
OUT_08336,49.68
OUT_08337,59.73
OUT_08338,197.65
OUT_08339,63.23
OUT_08340,193.01
OUT_08341,56.19
OUT_08342,189.54
OUT_08343,68.55
OUT_08344,47.7
OUT_08345,50.45
OUT_08346,199.58
OUT_08347,613.03
OUT_08348,620.48
OUT_08349,33.2
OUT_08350,65.7
OUT_08351,171.18
OUT_08352,60.43
OUT_08353,71.39
OUT_08354,69.19
OUT_08355,669.46
OUT_08356,189.98
OUT_08357,188.6
OUT_08358,184.67
OUT_08359,67.36
OUT_08360,740.46
OUT_08361,237.6
OUT_08362,698.35
OUT_08363,59.97
OUT_08364,67.65
OUT_08365,61.9
OUT_08366,63.61
OUT_08367,40.05
OUT_08368,45.78
OUT_08369,63.47
OUT_08370,71.45
OUT_08371,196.77
OUT_08372,46.72
OUT_08373,64.19
OUT_08374,39.5
OUT_08375,59.33
OUT_08376,57.45
OUT_08377,188.8
OUT_08378,198.38
OUT_08379,50.31
OUT_08380,185.57
OUT_08381,64.28
OUT_08382,635.23
OUT_08383,52.52
OUT_08384,55.75
OUT_08385,64.81
OUT_08386,187.32
OUT_08387,181.77
OUT_08388,179.16
OUT_08389,66.07
OUT_08390,187.51
OUT_08391,65.6
OUT_08392,60.69
OUT_08393,54.19
OUT_08394,55.55
OUT_08395,50.5
OUT_08396,190.42
OUT_08397,64.61
OUT_08398,193.78
OUT_08399,67.53
OUT_08400,724.25
OUT_08401,58.94
OUT_08402,1683.04
OUT_08403,62.97
OUT_08404,52.52
OUT_08405,66.27
OUT_08406,212.42
OUT_08407,72.35
OUT_08408,624.13
OUT_08409,62.78
OUT_08410,53.6
OUT_08411,194.96
OUT_08412,56.29
OUT_08413,193.4
OUT_08414,185.87
OUT_08415,70.72
OUT_08416,36.74
OUT_08417,56.39
OUT_08418,62.76
OUT_08419,57.37
OUT_08420,51.14
OUT_08421,184.11
OUT_08422,264.19
OUT_08423,63.83
OUT_08424,50.2
OUT_08425,33.85
OUT_08426,67.4
OUT_08427,615.23
OUT_08428,64.02
OUT_08429,62.27
OUT_08430,58.08
OUT_08431,68.04
OUT_08432,1638.67
OUT_08433,62.93
OUT_08434,65.73
OUT_08435,57.06
OUT_08436,188.02
OUT_08437,705.45
OUT_08438,662.46
OUT_08439,52.61
OUT_08440,59.69
OUT_08441,58.25
OUT_08442,1688.1
OUT_08443,194.92
OUT_08444,188.63
OUT_08445,63.3
OUT_08446,200.9
OUT_08447,52.12
OUT_08448,196.5
OUT_08449,619.19
OUT_08450,64.83
OUT_08451,200.25
OUT_08452,1621.75
OUT_08453,56.4
OUT_08454,67.05
OUT_08455,666.1
OUT_08456,47.95
OUT_08457,637.33
OUT_08458,629.35
OUT_08459,188.59
OUT_08460,57.03
OUT_08461,188.12
OUT_08462,67.23
OUT_08463,194.64
OUT_08464,611.44
OUT_08465,187.16
OUT_08466,182.83
OUT_08467,62.84
OUT_08468,203.19
OUT_08469,191.1
OUT_08470,189.36
OUT_08471,38.16
OUT_08472,196.2
OUT_08473,207.06
OUT_08474,655.34
OUT_08475,57.6
OUT_08476,69.51
OUT_08477,657.84
OUT_08478,42.17
OUT_08479,152.87
OUT_08480,175.4
OUT_08481,61.71
OUT_08482,205.82
OUT_08483,51.45
OUT_08484,1661.74
OUT_08485,1687.21
OUT_08486,61.01
OUT_08487,56.18
OUT_08488,62.85
OUT_08489,697.27
OUT_08490,188.1
OUT_08491,182.85
OUT_08492,205.31
OUT_08493,636.99
OUT_08494,57.75
OUT_08495,51.67
OUT_08496,687.43
OUT_08497,66.35
OUT_08498,52.06
OUT_08499,62.43
OUT_08500,58.47
OUT_08501,70.13
OUT_08502,613.18
OUT_08503,46.09
OUT_08504,202.06
OUT_08505,47.08
OUT_08506,661.26
OUT_08507,71.01
OUT_08508,187.91
OUT_08509,52.38
OUT_08510,39.27
OUT_08511,28.67
OUT_08512,630.77
OUT_08513,56.13
OUT_08514,53.25
OUT_08515,199.84
OUT_08516,54.05
OUT_08517,598.99
OUT_08518,186.55
OUT_08519,60.67
OUT_08520,60.92
OUT_08521,73.66
OUT_08522,63.66
OUT_08523,193.57
OUT_08524,237.68
OUT_08525,199.91
OUT_08526,1691.01
OUT_08527,76.79
OUT_08528,53.32
OUT_08529,54.07
OUT_08530,210.49
OUT_08531,55.58
OUT_08532,189.47
OUT_08533,51.26
OUT_08534,56.09
OUT_08535,55.79
OUT_08536,63.43
OUT_08537,641.64
OUT_08538,24.81
OUT_08539,191.21
OUT_08540,619.34
OUT_08541,203.25
OUT_08542,55.22
OUT_08543,279.56
OUT_08544,619.48
OUT_08545,65.0
OUT_08546,45.56
OUT_08547,76.38
OUT_08548,46.07
OUT_08549,1718.06
OUT_08550,608.71
OUT_08551,65.56
OUT_08552,620.59
OUT_08553,183.35
OUT_08554,44.33
OUT_08555,734.2
OUT_08556,195.73
OUT_08557,52.77
OUT_08558,71.39
OUT_08559,608.88
OUT_08560,189.92
OUT_08561,182.32
OUT_08562,53.05
OUT_08563,191.48
OUT_08564,676.13
OUT_08565,734.96
OUT_08566,190.14
OUT_08567,59.46
OUT_08568,655.12
OUT_08569,66.17
OUT_08570,56.93
OUT_08571,71.76
OUT_08572,62.84
OUT_08573,212.08
OUT_08574,189.18
OUT_08575,228.7
OUT_08576,68.38
OUT_08577,165.49
OUT_08578,203.44
OUT_08579,56.31
OUT_08580,56.0
OUT_08581,183.44
OUT_08582,194.79
OUT_08583,1643.83
OUT_08584,59.21
OUT_08585,50.99
OUT_08586,62.23
OUT_08587,53.89
OUT_08588,186.5
OUT_08589,66.19
OUT_08590,195.37
OUT_08591,46.81
OUT_08592,191.83
OUT_08593,55.73
OUT_08594,70.33
OUT_08595,192.85
OUT_08596,195.68
OUT_08597,36.06
OUT_08598,59.55
OUT_08599,67.32
OUT_08600,56.75
OUT_08601,60.8
OUT_08602,198.01
OUT_08603,626.88
OUT_08604,38.22
OUT_08605,70.17
OUT_08606,684.46
OUT_08607,74.45
OUT_08608,199.41
OUT_08609,65.74
OUT_08610,53.47
OUT_08611,190.98
OUT_08612,62.35
OUT_08613,198.41
OUT_08614,1693.77
OUT_08615,66.94
OUT_08616,73.12
OUT_08617,70.4
OUT_08618,190.96
OUT_08619,659.24
OUT_08620,46.42
OUT_08621,67.1
OUT_08622,63.92
OUT_08623,185.28
OUT_08624,62.68
OUT_08625,1629.99
OUT_08626,181.58
OUT_08627,57.64
OUT_08628,54.62
OUT_08629,73.35
OUT_08630,648.64
OUT_08631,673.01
OUT_08632,60.16
OUT_08633,47.65
OUT_08634,42.69
OUT_08635,65.27
OUT_08636,1658.21
OUT_08637,57.51
OUT_08638,201.98
OUT_08639,61.57
OUT_08640,192.6
OUT_08641,194.81
OUT_08642,687.7
OUT_08643,177.46
OUT_08644,62.14
OUT_08645,64.62
OUT_08646,62.57
OUT_08647,677.36
OUT_08648,189.93
OUT_08649,50.04
OUT_08650,195.22
OUT_08651,1602.84
OUT_08652,651.67
OUT_08653,593.56
OUT_08654,62.57
OUT_08655,189.4
OUT_08656,182.23
OUT_08657,188.22
OUT_08658,701.22
OUT_08659,58.23
OUT_08660,1765.26
OUT_08661,51.61
OUT_08662,61.75
OUT_08663,61.32
OUT_08664,46.5
OUT_08665,702.4
OUT_08666,1679.53
OUT_08667,55.88
OUT_08668,62.89
OUT_08669,65.4
OUT_08670,656.3
OUT_08671,65.4
OUT_08672,54.66
OUT_08673,705.17
OUT_08674,194.28
OUT_08675,72.34
OUT_08676,1676.49
OUT_08677,63.34
OUT_08678,54.94
OUT_08679,193.67
OUT_08680,200.36
OUT_08681,38.51
OUT_08682,649.53
OUT_08683,59.51
OUT_08684,56.83
OUT_08685,67.88
OUT_08686,221.83
OUT_08687,74.78
OUT_08688,67.6
OUT_08689,58.97
OUT_08690,57.71
OUT_08691,191.8
OUT_08692,167.84
OUT_08693,189.91
OUT_08694,205.27
OUT_08695,675.73
OUT_08696,75.36
OUT_08697,65.86
OUT_08698,189.76
OUT_08699,210.3
OUT_08700,194.53
OUT_08701,194.78
OUT_08702,198.24
OUT_08703,68.36
OUT_08704,622.45
OUT_08705,176.2
OUT_08706,70.22
OUT_08707,48.63
OUT_08708,624.46
OUT_08709,51.25
OUT_08710,68.76
OUT_08711,51.9
OUT_08712,60.05
OUT_08713,68.82
OUT_08714,197.32
OUT_08715,65.05
OUT_08716,1697.28
OUT_08717,193.21
OUT_08718,59.54
OUT_08719,177.55
OUT_08720,69.78
OUT_08721,722.23
OUT_08722,186.04
OUT_08723,196.29
OUT_08724,46.92
OUT_08725,59.58
OUT_08726,56.57
OUT_08727,60.14
OUT_08728,205.96
OUT_08729,66.52
OUT_08730,65.14
OUT_08731,63.64
OUT_08732,47.6
OUT_08733,47.22
OUT_08734,69.46
OUT_08735,192.25
OUT_08736,628.65
OUT_08737,62.44
OUT_08738,183.76
OUT_08739,1612.95
OUT_08740,63.87
OUT_08741,61.55
OUT_08742,64.83
OUT_08743,67.08
OUT_08744,63.66
OUT_08745,172.58
OUT_08746,63.37
OUT_08747,68.76
OUT_08748,48.45
OUT_08749,202.82
OUT_08750,201.21
OUT_08751,195.91
OUT_08752,69.71
OUT_08753,637.49
OUT_08754,64.07
OUT_08755,54.97
OUT_08756,645.52
OUT_08757,56.2
OUT_08758,56.88
OUT_08759,648.91
OUT_08760,71.43
OUT_08761,619.91
OUT_08762,71.7
OUT_08763,210.27
OUT_08764,629.82
OUT_08765,55.33
OUT_08766,61.23
OUT_08767,615.01
OUT_08768,54.62
OUT_08769,63.59
OUT_08770,189.72
OUT_08771,186.2
OUT_08772,176.27
OUT_08773,62.75
OUT_08774,56.77
OUT_08775,186.95
OUT_08776,631.99
OUT_08777,65.98
OUT_08778,62.9
OUT_08779,66.31
OUT_08780,617.61
OUT_08781,193.5
OUT_08782,200.57
OUT_08783,665.05
OUT_08784,188.86
OUT_08785,634.14
OUT_08786,67.63
OUT_08787,185.47
OUT_08788,56.92
OUT_08789,628.06
OUT_08790,57.03
OUT_08791,191.56
OUT_08792,54.88
OUT_08793,59.51
OUT_08794,201.5
OUT_08795,65.77
OUT_08796,79.76
OUT_08797,67.55
OUT_08798,54.97
OUT_08799,68.11
OUT_08800,69.39
OUT_08801,182.2
OUT_08802,48.81
OUT_08803,190.58
OUT_08804,59.09
OUT_08805,1694.5
OUT_08806,35.55
OUT_08807,194.29
OUT_08808,185.52
OUT_08809,52.54
OUT_08810,56.27
OUT_08811,65.29
OUT_08812,52.43
OUT_08813,69.85
OUT_08814,73.56
OUT_08815,630.95
OUT_08816,61.48
OUT_08817,186.15
OUT_08818,197.56
OUT_08819,192.92
OUT_08820,65.26
OUT_08821,188.44
OUT_08822,190.04
OUT_08823,182.45
OUT_08824,64.72
OUT_08825,70.76
OUT_08826,679.57
OUT_08827,1658.13
OUT_08828,60.2
OUT_08829,45.36
OUT_08830,58.93
OUT_08831,1678.19
OUT_08832,77.18
OUT_08833,57.13
OUT_08834,85.3
OUT_08835,1683.67
OUT_08836,43.78
OUT_08837,186.04
OUT_08838,206.79
OUT_08839,65.84
OUT_08840,639.85
OUT_08841,620.58
OUT_08842,61.42
OUT_08843,664.42
OUT_08844,195.07
OUT_08845,192.17
OUT_08846,228.71
OUT_08847,193.08
OUT_08848,191.88
OUT_08849,199.32
OUT_08850,667.13
OUT_08851,76.24
OUT_08852,59.97
OUT_08853,663.22
OUT_08854,67.6
OUT_08855,698.45
OUT_08856,67.16
OUT_08857,190.19
OUT_08858,198.73
OUT_08859,54.46
OUT_08860,626.45
OUT_08861,34.39
OUT_08862,31.93
OUT_08863,45.61
OUT_08864,57.66
OUT_08865,192.09
OUT_08866,55.97
OUT_08867,50.38
OUT_08868,66.44
OUT_08869,198.6
OUT_08870,67.13
OUT_08871,636.55
OUT_08872,1605.38
OUT_08873,64.67
OUT_08874,57.78
OUT_08875,174.8
OUT_08876,57.4
OUT_08877,630.69
OUT_08878,163.8
OUT_08879,207.17
OUT_08880,65.61
OUT_08881,65.0
OUT_08882,68.04
OUT_08883,615.35
OUT_08884,621.47
OUT_08885,56.41
OUT_08886,657.52
OUT_08887,185.67
OUT_08888,53.23
OUT_08889,25.03
OUT_08890,61.59
OUT_08891,640.49
OUT_08892,192.91
OUT_08893,186.62
OUT_08894,79.22
OUT_08895,731.55
OUT_08896,66.39
OUT_08897,194.38
OUT_08898,618.54
OUT_08899,183.64
OUT_08900,51.1
OUT_08901,61.84
OUT_08902,188.75
OUT_08903,37.83
OUT_08904,76.94
OUT_08905,36.2
OUT_08906,198.41
OUT_08907,198.35
OUT_08908,58.88
OUT_08909,56.73
OUT_08910,607.31
OUT_08911,60.07
OUT_08912,192.04
OUT_08913,709.52
OUT_08914,626.48
OUT_08915,71.49
OUT_08916,41.15
OUT_08917,66.25
OUT_08918,193.8
OUT_08919,63.58
OUT_08920,71.07
OUT_08921,692.96
OUT_08922,191.54
OUT_08923,46.74
OUT_08924,212.5
OUT_08925,698.52
OUT_08926,74.17
OUT_08927,210.79
OUT_08928,641.9
OUT_08929,1692.71
OUT_08930,69.48
OUT_08931,61.29
OUT_08932,65.09
OUT_08933,198.27
OUT_08934,208.88
OUT_08935,184.12
OUT_08936,62.05
OUT_08937,71.5
OUT_08938,666.31
OUT_08939,60.87
OUT_08940,46.75
OUT_08941,66.97
OUT_08942,74.04
OUT_08943,61.27
OUT_08944,591.12
OUT_08945,62.22
OUT_08946,630.84
OUT_08947,651.24
OUT_08948,61.97
OUT_08949,192.58
OUT_08950,191.89
OUT_08951,67.19
OUT_08952,57.81
OUT_08953,47.09
OUT_08954,61.44
OUT_08955,37.05
OUT_08956,65.34
OUT_08957,56.96
OUT_08958,716.68
OUT_08959,182.89
OUT_08960,47.81
OUT_08961,60.77
OUT_08962,66.01
OUT_08963,34.97
OUT_08964,653.48
OUT_08965,665.67
OUT_08966,188.28
OUT_08967,64.84
OUT_08968,182.76
OUT_08969,617.78
OUT_08970,194.58
OUT_08971,73.5
OUT_08972,61.38
OUT_08973,58.44
OUT_08974,189.5
OUT_08975,61.12
OUT_08976,68.84
OUT_08977,53.48
OUT_08978,689.03
OUT_08979,728.18
OUT_08980,69.17
OUT_08981,70.91
OUT_08982,49.5
OUT_08983,198.04
OUT_08984,73.71
OUT_08985,68.17
OUT_08986,674.02
OUT_08987,189.96
OUT_08988,65.45
OUT_08989,70.76
OUT_08990,56.99
OUT_08991,191.5
OUT_08992,708.14
OUT_08993,47.79
OUT_08994,190.44
OUT_08995,1657.55
OUT_08996,56.66
OUT_08997,176.74
OUT_08998,201.5
OUT_08999,181.49
OUT_09000,61.23
OUT_09001,58.23
OUT_09002,74.55
OUT_09003,58.25
OUT_09004,70.68
OUT_09005,68.76
OUT_09006,1723.23
OUT_09007,1755.56
OUT_09008,63.57
OUT_09009,55.32
OUT_09010,762.73
OUT_09011,791.87
OUT_09012,1700.18
OUT_09013,75.02
OUT_09014,710.08
OUT_09015,1752.27
OUT_09016,73.01
OUT_09017,60.74
OUT_09018,72.17
OUT_09019,70.0
OUT_09020,49.34
OUT_09021,72.96
OUT_09022,234.99
OUT_09023,61.41
OUT_09024,1741.96
OUT_09025,209.8
OUT_09026,61.5
OUT_09027,66.75
OUT_09028,209.08
OUT_09029,44.75
OUT_09030,65.76
OUT_09031,61.9
OUT_09032,207.54
OUT_09033,63.77
OUT_09034,213.15
OUT_09035,205.52
OUT_09036,1717.74
OUT_09037,65.19
OUT_09038,213.94
OUT_09039,668.3
OUT_09040,71.3
OUT_09041,203.86
OUT_09042,720.38
OUT_09043,707.86
OUT_09044,205.13
OUT_09045,217.27
OUT_09046,59.92
OUT_09047,682.23
OUT_09048,683.92
OUT_09049,38.69
OUT_09050,627.02
OUT_09051,750.52
OUT_09052,66.83
OUT_09053,224.55
OUT_09054,206.02
OUT_09055,58.39
OUT_09056,195.67
OUT_09057,199.22
OUT_09058,666.38
OUT_09059,77.53
OUT_09060,63.61
OUT_09061,71.47
OUT_09062,73.64
OUT_09063,72.56
OUT_09064,733.52
OUT_09065,208.34
OUT_09066,33.91
OUT_09067,60.9
OUT_09068,794.04
OUT_09069,219.85
OUT_09070,761.69
OUT_09071,760.98
OUT_09072,1734.66
OUT_09073,219.99
OUT_09074,759.22
OUT_09075,84.27
OUT_09076,208.44
OUT_09077,70.93
OUT_09078,200.37
OUT_09079,197.64
OUT_09080,69.42
OUT_09081,766.78
OUT_09082,80.63
OUT_09083,203.54
OUT_09084,56.3
OUT_09085,72.29
OUT_09086,66.48
OUT_09087,58.91
OUT_09088,73.22
OUT_09089,627.31
OUT_09090,219.78
OUT_09091,200.74
OUT_09092,60.63
OUT_09093,665.89
OUT_09094,204.48
OUT_09095,235.06
OUT_09096,192.45
OUT_09097,738.06
OUT_09098,73.58
OUT_09099,201.22
OUT_09100,219.46
OUT_09101,215.55
OUT_09102,208.42
OUT_09103,67.36
OUT_09104,723.98
OUT_09105,69.21
OUT_09106,203.93
OUT_09107,56.32
OUT_09108,190.71
OUT_09109,72.81
OUT_09110,638.68
OUT_09111,1723.3
OUT_09112,205.8
OUT_09113,84.22
OUT_09114,212.69
OUT_09115,60.14
OUT_09116,71.54
OUT_09117,204.29
OUT_09118,66.75
OUT_09119,185.2
OUT_09120,656.59
OUT_09121,78.87
OUT_09122,783.25
OUT_09123,196.06
OUT_09124,67.34
OUT_09125,48.47
OUT_09126,71.92
OUT_09127,67.33
OUT_09128,212.25
OUT_09129,61.91
OUT_09130,62.3
OUT_09131,228.92
OUT_09132,61.72
OUT_09133,68.63
OUT_09134,775.49
OUT_09135,67.73
OUT_09136,79.23
OUT_09137,65.71
OUT_09138,72.64
OUT_09139,215.75
OUT_09140,69.86
OUT_09141,68.13
OUT_09142,211.04
OUT_09143,207.52
OUT_09144,72.93
OUT_09145,53.24
OUT_09146,218.94
OUT_09147,68.27
OUT_09148,70.56
OUT_09149,52.98
OUT_09150,67.11
OUT_09151,753.08
OUT_09152,57.96
OUT_09153,66.13
OUT_09154,219.79
OUT_09155,62.46
OUT_09156,71.11
OUT_09157,69.5
OUT_09158,195.67
OUT_09159,197.44
OUT_09160,32.41
OUT_09161,48.9
OUT_09162,67.25
OUT_09163,53.63
OUT_09164,206.39
OUT_09165,196.58
OUT_09166,55.53
OUT_09167,207.26
OUT_09168,80.3
OUT_09169,59.82
OUT_09170,694.87
OUT_09171,65.49
OUT_09172,203.86
OUT_09173,67.12
OUT_09174,202.06
OUT_09175,203.29
OUT_09176,49.88
OUT_09177,63.29
OUT_09178,77.75
OUT_09179,59.29
OUT_09180,203.15
OUT_09181,190.45
OUT_09182,217.54
OUT_09183,651.38
OUT_09184,63.1
OUT_09185,624.13
OUT_09186,736.11
OUT_09187,196.37
OUT_09188,200.66
OUT_09189,70.72
OUT_09190,203.55
OUT_09191,752.31
OUT_09192,212.39
OUT_09193,43.89
OUT_09194,73.36
OUT_09195,69.02
OUT_09196,51.75
OUT_09197,203.3
OUT_09198,726.41
OUT_09199,71.64
OUT_09200,682.32
OUT_09201,205.69
OUT_09202,64.39
OUT_09203,62.31
OUT_09204,193.28
OUT_09205,59.35
OUT_09206,68.45
OUT_09207,783.92
OUT_09208,55.55
OUT_09209,56.25
OUT_09210,220.2
OUT_09211,217.75
OUT_09212,75.63
OUT_09213,220.98
OUT_09214,1732.36
OUT_09215,692.5
OUT_09216,1723.54
OUT_09217,790.32
OUT_09218,57.2
OUT_09219,187.56
OUT_09220,196.56
OUT_09221,1760.93
OUT_09222,61.72
OUT_09223,75.27
OUT_09224,187.72
OUT_09225,53.55
OUT_09226,72.42
OUT_09227,56.57
OUT_09228,59.21
OUT_09229,210.85
OUT_09230,73.11
OUT_09231,57.56
OUT_09232,719.25
OUT_09233,728.34
OUT_09234,76.28
OUT_09235,53.45
OUT_09236,792.41
OUT_09237,76.55
OUT_09238,226.52
OUT_09239,66.97
OUT_09240,65.55
OUT_09241,198.81
OUT_09242,71.46
OUT_09243,718.3
OUT_09244,209.37
OUT_09245,72.23
OUT_09246,60.59
OUT_09247,63.62
OUT_09248,56.03
OUT_09249,68.04
OUT_09250,192.95
OUT_09251,59.47
OUT_09252,56.19
OUT_09253,204.84
OUT_09254,66.21
OUT_09255,206.64
OUT_09256,188.58
OUT_09257,1762.13
OUT_09258,65.93
OUT_09259,738.29
OUT_09260,68.46
OUT_09261,61.13
OUT_09262,678.74
OUT_09263,732.05
OUT_09264,40.22
OUT_09265,700.85
OUT_09266,58.27
OUT_09267,209.05
OUT_09268,43.27
OUT_09269,76.53
OUT_09270,73.77
OUT_09271,209.81
OUT_09272,203.81
OUT_09273,62.91
OUT_09274,1729.87
OUT_09275,1733.77
OUT_09276,67.7
OUT_09277,204.68
OUT_09278,76.23
OUT_09279,59.25
OUT_09280,72.47
OUT_09281,64.2
OUT_09282,67.91
OUT_09283,207.96
OUT_09284,215.96
OUT_09285,53.21
OUT_09286,202.72
OUT_09287,58.71
OUT_09288,619.37
OUT_09289,77.21
OUT_09290,64.13
OUT_09291,215.15
OUT_09292,58.76
OUT_09293,189.41
OUT_09294,200.53
OUT_09295,55.38
OUT_09296,66.3
OUT_09297,664.12
OUT_09298,58.03
OUT_09299,59.08
OUT_09300,62.42
OUT_09301,200.66
OUT_09302,203.01
OUT_09303,1730.35
OUT_09304,796.03
OUT_09305,70.64
OUT_09306,71.5
OUT_09307,766.28
OUT_09308,59.11
OUT_09309,71.37
OUT_09310,1711.79
OUT_09311,62.42
OUT_09312,74.2
OUT_09313,68.82
OUT_09314,204.56
OUT_09315,194.14
OUT_09316,206.53
OUT_09317,780.91
OUT_09318,638.66
OUT_09319,204.9
OUT_09320,733.95
OUT_09321,64.66
OUT_09322,70.73
OUT_09323,1621.63
OUT_09324,182.71
OUT_09325,36.01
OUT_09326,75.12
OUT_09327,53.92
OUT_09328,67.54
OUT_09329,41.06
OUT_09330,74.63
OUT_09331,198.56
OUT_09332,773.57
OUT_09333,60.27
OUT_09334,73.25
OUT_09335,53.56
OUT_09336,801.0
OUT_09337,63.11
OUT_09338,80.14
OUT_09339,71.04
OUT_09340,690.42
OUT_09341,66.87
OUT_09342,723.38
OUT_09343,203.61
OUT_09344,58.49
OUT_09345,65.13
OUT_09346,63.2
OUT_09347,203.27
OUT_09348,70.74
OUT_09349,205.65
OUT_09350,69.18
OUT_09351,200.53
OUT_09352,56.59
OUT_09353,66.87
OUT_09354,739.88
OUT_09355,204.79
OUT_09356,65.08
OUT_09357,624.8
OUT_09358,56.65
OUT_09359,71.81
OUT_09360,44.89
OUT_09361,56.29
OUT_09362,80.6
OUT_09363,69.4
OUT_09364,27.15
OUT_09365,719.61
OUT_09366,62.49
OUT_09367,66.6
OUT_09368,75.03
OUT_09369,1730.76
OUT_09370,195.27
OUT_09371,75.91
OUT_09372,212.91
OUT_09373,205.81
OUT_09374,60.67
OUT_09375,69.25
OUT_09376,67.54
OUT_09377,758.5
OUT_09378,58.7
OUT_09379,195.97
OUT_09380,211.13
OUT_09381,76.09
OUT_09382,192.42
OUT_09383,212.12
OUT_09384,63.1
OUT_09385,222.48
OUT_09386,223.73
OUT_09387,76.67
OUT_09388,208.5
OUT_09389,55.77
OUT_09390,1754.89
OUT_09391,218.97
OUT_09392,45.02
OUT_09393,71.5
OUT_09394,186.1
OUT_09395,59.3
OUT_09396,205.16
OUT_09397,197.46
OUT_09398,195.92
OUT_09399,218.9
OUT_09400,749.44
OUT_09401,207.9
OUT_09402,65.05
OUT_09403,71.29
OUT_09404,207.16
OUT_09405,201.5
OUT_09406,61.5
OUT_09407,734.67
OUT_09408,66.05
OUT_09409,67.46
OUT_09410,755.88
OUT_09411,201.33
OUT_09412,59.86
OUT_09413,65.65
OUT_09414,209.77
OUT_09415,69.48
OUT_09416,39.94
OUT_09417,201.54
OUT_09418,213.22
OUT_09419,70.62
OUT_09420,69.44
OUT_09421,77.11
OUT_09422,1700.75
OUT_09423,188.13
OUT_09424,214.92
OUT_09425,202.35
OUT_09426,45.94
OUT_09427,193.04
OUT_09428,65.29
OUT_09429,208.32
OUT_09430,211.08
OUT_09431,53.08
OUT_09432,57.07
OUT_09433,62.91
OUT_09434,62.6
OUT_09435,63.6
OUT_09436,218.57
OUT_09437,71.35
OUT_09438,71.55
OUT_09439,183.63
OUT_09440,68.71
OUT_09441,69.46
OUT_09442,215.39
OUT_09443,71.45
OUT_09444,67.97
OUT_09445,1733.02
OUT_09446,198.53
OUT_09447,214.81
OUT_09448,704.69
OUT_09449,63.28
OUT_09450,654.3
OUT_09451,73.74
OUT_09452,65.87
OUT_09453,79.97
OUT_09454,74.57
OUT_09455,203.34
OUT_09456,72.42
OUT_09457,67.41
OUT_09458,203.76
OUT_09459,63.64
OUT_09460,70.74
OUT_09461,196.97
OUT_09462,63.79
OUT_09463,715.45
OUT_09464,71.34
OUT_09465,71.98
OUT_09466,194.82
OUT_09467,70.72
OUT_09468,60.63
OUT_09469,633.86
OUT_09470,206.53
OUT_09471,224.08
OUT_09472,69.68
OUT_09473,64.43
OUT_09474,57.66
OUT_09475,63.3
OUT_09476,741.46
OUT_09477,746.8
OUT_09478,62.23
OUT_09479,200.41
OUT_09480,200.78
OUT_09481,212.45
OUT_09482,1703.15
OUT_09483,64.09
OUT_09484,658.79
OUT_09485,36.75
OUT_09486,64.83
OUT_09487,738.21
OUT_09488,40.01
OUT_09489,72.45
OUT_09490,67.09
OUT_09491,722.81
OUT_09492,214.56
OUT_09493,64.05
OUT_09494,68.22
OUT_09495,202.18
OUT_09496,66.48
OUT_09497,64.8
OUT_09498,195.33
OUT_09499,62.49
OUT_09500,43.1
OUT_09501,1727.45
OUT_09502,68.43
OUT_09503,64.06
OUT_09504,69.18
OUT_09505,201.82
OUT_09506,56.2
OUT_09507,212.17
OUT_09508,213.46
OUT_09509,788.6
OUT_09510,197.33
OUT_09511,66.49
OUT_09512,55.63
OUT_09513,61.87
OUT_09514,61.35
OUT_09515,729.59
OUT_09516,67.39
OUT_09517,63.69
OUT_09518,197.67
OUT_09519,663.15
OUT_09520,200.07
OUT_09521,80.27
OUT_09522,55.77
OUT_09523,1698.67
OUT_09524,191.45
OUT_09525,215.01
OUT_09526,70.76
OUT_09527,72.95
OUT_09528,79.44
OUT_09529,205.03
OUT_09530,49.88
OUT_09531,70.09
OUT_09532,40.61
OUT_09533,1744.84
OUT_09534,70.12
OUT_09535,66.91
OUT_09536,72.64
OUT_09537,195.15
OUT_09538,77.54
OUT_09539,74.72
OUT_09540,727.84
OUT_09541,198.89
OUT_09542,194.62
OUT_09543,195.76
OUT_09544,66.23
OUT_09545,201.3
OUT_09546,72.71
OUT_09547,217.24
OUT_09548,647.98
OUT_09549,42.0
OUT_09550,201.72
OUT_09551,211.72
OUT_09552,748.11
OUT_09553,198.28
OUT_09554,66.97
OUT_09555,65.79
OUT_09556,69.39
OUT_09557,61.84
OUT_09558,61.59
OUT_09559,221.86
OUT_09560,59.28
OUT_09561,53.77
OUT_09562,56.02
OUT_09563,45.44
OUT_09564,55.51
OUT_09565,71.15
OUT_09566,67.08
OUT_09567,218.82
OUT_09568,661.68
OUT_09569,225.19
OUT_09570,709.13
OUT_09571,60.1
OUT_09572,211.13
OUT_09573,196.06
OUT_09574,54.5
OUT_09575,44.8
OUT_09576,634.21
OUT_09577,55.38
OUT_09578,208.43
OUT_09579,683.14
OUT_09580,69.59
OUT_09581,777.32
OUT_09582,1751.72
OUT_09583,694.19
OUT_09584,57.11
OUT_09585,713.65
OUT_09586,1705.0
OUT_09587,66.2
OUT_09588,196.23
OUT_09589,206.7
OUT_09590,213.43
OUT_09591,205.44
OUT_09592,1688.73
OUT_09593,75.04
OUT_09594,200.16
OUT_09595,202.67
OUT_09596,74.86
OUT_09597,198.89
OUT_09598,55.47
OUT_09599,57.35
OUT_09600,764.0
OUT_09601,69.17
OUT_09602,67.49
OUT_09603,749.53
OUT_09604,66.82
OUT_09605,229.34
OUT_09606,206.82
OUT_09607,698.28
OUT_09608,1726.24
OUT_09609,73.31
OUT_09610,216.14
OUT_09611,76.45
OUT_09612,77.07
OUT_09613,57.75
OUT_09614,643.79
OUT_09615,209.46
OUT_09616,45.55
OUT_09617,65.04
OUT_09618,192.03
OUT_09619,66.56
OUT_09620,193.3
OUT_09621,45.67
OUT_09622,205.97
OUT_09623,61.2
OUT_09624,70.42
OUT_09625,53.58
OUT_09626,205.57
OUT_09627,216.2
OUT_09628,82.98
OUT_09629,191.88
OUT_09630,66.24
OUT_09631,199.73
OUT_09632,61.82
OUT_09633,209.15
OUT_09634,1663.89
OUT_09635,202.19
OUT_09636,744.47
OUT_09637,771.86
OUT_09638,70.44
OUT_09639,73.67
OUT_09640,75.14
OUT_09641,55.63
OUT_09642,58.37
OUT_09643,205.01
OUT_09644,64.05
OUT_09645,67.01
OUT_09646,66.75
OUT_09647,208.17
OUT_09648,659.87
OUT_09649,197.79
OUT_09650,63.29
OUT_09651,59.14
OUT_09652,78.19
OUT_09653,201.81
OUT_09654,209.48
OUT_09655,59.89
OUT_09656,739.96
OUT_09657,54.24
OUT_09658,68.01
OUT_09659,60.4
OUT_09660,204.98
OUT_09661,202.9
OUT_09662,37.96
OUT_09663,79.06
OUT_09664,63.08
OUT_09665,205.5
OUT_09666,44.23
OUT_09667,206.58
OUT_09668,218.25
OUT_09669,67.89
OUT_09670,198.21
OUT_09671,196.04
OUT_09672,71.33
OUT_09673,188.92
OUT_09674,45.48
OUT_09675,65.83
OUT_09676,260.36
OUT_09677,77.97
OUT_09678,70.77
OUT_09679,59.13
OUT_09680,207.37
OUT_09681,60.74
OUT_09682,725.16
OUT_09683,202.64
OUT_09684,66.79
OUT_09685,66.17
OUT_09686,68.93
OUT_09687,64.81
OUT_09688,209.71
OUT_09689,64.29
OUT_09690,71.18
OUT_09691,72.21
OUT_09692,67.06
OUT_09693,215.4
OUT_09694,721.44
OUT_09695,195.02
OUT_09696,70.87
OUT_09697,204.53
OUT_09698,203.94
OUT_09699,68.47
OUT_09700,57.3
OUT_09701,66.9
OUT_09702,63.89
OUT_09703,63.37
OUT_09704,66.18
OUT_09705,200.85
OUT_09706,63.04
OUT_09707,1768.92
OUT_09708,72.32
OUT_09709,32.81
OUT_09710,1713.73
OUT_09711,220.4
OUT_09712,202.38
OUT_09713,74.08
OUT_09714,61.19
OUT_09715,1692.32
OUT_09716,665.05
OUT_09717,721.58
OUT_09718,639.15
OUT_09719,764.47
OUT_09720,68.43
OUT_09721,198.58
OUT_09722,69.3
OUT_09723,208.47
OUT_09724,62.98
OUT_09725,72.14
OUT_09726,68.47
OUT_09727,1697.38
OUT_09728,72.76
OUT_09729,71.99
OUT_09730,67.14
OUT_09731,1737.79
OUT_09732,69.16
OUT_09733,58.78
OUT_09734,64.42
OUT_09735,72.56
OUT_09736,208.21
OUT_09737,69.47
OUT_09738,68.61
OUT_09739,65.72
OUT_09740,67.77
OUT_09741,48.35
OUT_09742,206.89
OUT_09743,72.43
OUT_09744,72.73
OUT_09745,83.07
OUT_09746,52.35
OUT_09747,58.78
OUT_09748,726.52
OUT_09749,50.81
OUT_09750,1729.97
OUT_09751,37.89
OUT_09752,65.81
OUT_09753,69.51
OUT_09754,213.32
OUT_09755,725.36
OUT_09756,207.57
OUT_09757,61.29
OUT_09758,207.0
OUT_09759,66.43
OUT_09760,69.12
OUT_09761,68.96
OUT_09762,777.25
OUT_09763,759.24
OUT_09764,211.68
OUT_09765,74.26
OUT_09766,201.41
OUT_09767,74.39
OUT_09768,763.75
OUT_09769,68.28
OUT_09770,201.21
OUT_09771,71.24
OUT_09772,687.36
OUT_09773,194.03
OUT_09774,758.61
OUT_09775,33.35
OUT_09776,69.93
OUT_09777,199.81
OUT_09778,1695.92
OUT_09779,212.73
OUT_09780,1729.11
OUT_09781,59.14
OUT_09782,202.36
OUT_09783,763.91
OUT_09784,213.35
OUT_09785,59.2
OUT_09786,202.71
OUT_09787,763.8
OUT_09788,724.06
OUT_09789,59.59
OUT_09790,64.77
OUT_09791,66.66
OUT_09792,793.09
OUT_09793,72.21
OUT_09794,42.99
OUT_09795,701.15
OUT_09796,77.13
OUT_09797,65.54
OUT_09798,238.2
OUT_09799,202.22
OUT_09800,74.0
OUT_09801,65.88
OUT_09802,203.24
OUT_09803,75.99
OUT_09804,54.58
OUT_09805,69.37
OUT_09806,621.04
OUT_09807,209.83
OUT_09808,757.75
OUT_09809,66.09
OUT_09810,62.08
OUT_09811,732.21
OUT_09812,1715.27
OUT_09813,633.0
OUT_09814,50.11
OUT_09815,233.99
OUT_09816,68.66
OUT_09817,1703.73
OUT_09818,45.93
OUT_09819,68.95
OUT_09820,72.09
OUT_09821,74.11
OUT_09822,66.74
OUT_09823,201.7
OUT_09824,54.19
OUT_09825,77.49
OUT_09826,74.95
OUT_09827,205.03
OUT_09828,219.75
OUT_09829,668.46
OUT_09830,190.54
OUT_09831,50.17
OUT_09832,57.85
OUT_09833,59.23
OUT_09834,73.1
OUT_09835,199.38
OUT_09836,66.58
OUT_09837,1770.95
OUT_09838,63.87
OUT_09839,78.18
OUT_09840,771.73
OUT_09841,74.44
OUT_09842,75.88
OUT_09843,59.17
OUT_09844,78.16
OUT_09845,72.78
OUT_09846,65.4
OUT_09847,201.29
OUT_09848,200.59
OUT_09849,82.21
OUT_09850,65.17
OUT_09851,207.58
OUT_09852,216.55
OUT_09853,75.79
OUT_09854,48.09
OUT_09855,73.22
OUT_09856,58.32
OUT_09857,210.32
OUT_09858,56.47
OUT_09859,744.97
OUT_09860,62.23
OUT_09861,744.87
OUT_09862,223.72
OUT_09863,196.57
OUT_09864,74.38
OUT_09865,70.54
OUT_09866,66.51
OUT_09867,209.81
OUT_09868,777.23
OUT_09869,49.22
OUT_09870,199.22
OUT_09871,194.0
OUT_09872,78.52
OUT_09873,64.27
OUT_09874,773.2
OUT_09875,69.88
OUT_09876,198.32
OUT_09877,769.35
OUT_09878,46.33
OUT_09879,76.13
OUT_09880,70.32
OUT_09881,206.26
OUT_09882,209.57
OUT_09883,195.61
OUT_09884,75.07
OUT_09885,69.69
OUT_09886,67.65
OUT_09887,205.82
OUT_09888,70.94
OUT_09889,59.78
OUT_09890,196.87
OUT_09891,71.56
OUT_09892,35.91
OUT_09893,198.82
OUT_09894,82.92
OUT_09895,70.05
OUT_09896,203.38
OUT_09897,69.23
OUT_09898,64.77
OUT_09899,52.62
OUT_09900,202.78
OUT_09901,41.95
OUT_09902,58.29
OUT_09903,1689.88
OUT_09904,32.44
OUT_09905,64.18
OUT_09906,73.61
OUT_09907,215.24
OUT_09908,209.92
OUT_09909,66.53
OUT_09910,68.24
OUT_09911,649.88
OUT_09912,713.2
OUT_09913,208.46
OUT_09914,756.41
OUT_09915,204.99
OUT_09916,199.47
OUT_09917,194.69
OUT_09918,57.82
OUT_09919,76.81
OUT_09920,75.5
OUT_09921,71.54
OUT_09922,1693.06
OUT_09923,65.03
OUT_09924,208.99
OUT_09925,205.03
OUT_09926,72.9
OUT_09927,203.23
OUT_09928,59.36
OUT_09929,201.46
OUT_09930,210.67
OUT_09931,69.18
OUT_09932,242.72
OUT_09933,1735.07
OUT_09934,736.11
OUT_09935,744.56
OUT_09936,68.97
OUT_09937,782.03
OUT_09938,55.65
OUT_09939,200.21
OUT_09940,70.49
OUT_09941,65.07
OUT_09942,62.92
OUT_09943,188.75
OUT_09944,65.39
OUT_09945,53.12
OUT_09946,734.76
OUT_09947,204.43
OUT_09948,75.35
OUT_09949,67.19
OUT_09950,63.86
OUT_09951,68.88
OUT_09952,730.81
OUT_09953,207.09
OUT_09954,49.74
OUT_09955,68.4
OUT_09956,205.96
OUT_09957,194.14
OUT_09958,72.41
OUT_09959,204.62
OUT_09960,77.45
OUT_09961,761.56
OUT_09962,69.35
OUT_09963,685.42
OUT_09964,180.23
OUT_09965,65.02
OUT_09966,788.73
OUT_09967,73.77
OUT_09968,195.5
OUT_09969,69.94
OUT_09970,66.53
OUT_09971,46.24
OUT_09972,228.0
OUT_09973,64.13
OUT_09974,62.78
OUT_09975,64.36
OUT_09976,53.59
OUT_09977,712.96
OUT_09978,207.2
OUT_09979,742.63
OUT_09980,69.73
OUT_09981,69.28
OUT_09982,1744.56
OUT_09983,74.05
OUT_09984,193.13
OUT_09985,225.15
OUT_09986,211.04
OUT_09987,621.11
OUT_09988,209.98
OUT_09989,759.59
OUT_09990,197.13
OUT_09991,62.79
OUT_09992,63.66
OUT_09993,71.89
OUT_09994,74.82
OUT_09995,63.14
OUT_09996,203.66
OUT_09997,182.29
OUT_09998,212.44
OUT_09999,58.64
OUT_10000,186.44
OUT_10001,64.24
OUT_10002,206.03
OUT_10003,206.56
OUT_10004,78.4
OUT_10005,57.32
OUT_10006,668.87
OUT_10007,1797.08
OUT_10008,43.8
OUT_10009,196.21
OUT_10010,69.41
OUT_10011,678.87
OUT_10012,60.67
OUT_10013,75.34
OUT_10014,70.32
OUT_10015,42.75
OUT_10016,82.14
OUT_10017,240.47
OUT_10018,59.91
OUT_10019,208.84
OUT_10020,63.4
OUT_10021,216.52
OUT_10022,191.57
OUT_10023,1720.96
OUT_10024,77.78
OUT_10025,197.88
OUT_10026,209.49
OUT_10027,60.25
OUT_10028,67.46
OUT_10029,36.55
OUT_10030,199.51
OUT_10031,67.19
OUT_10032,71.19
OUT_10033,80.95
OUT_10034,738.97
OUT_10035,73.1
OUT_10036,219.85
OUT_10037,210.78
OUT_10038,215.15
OUT_10039,59.14
OUT_10040,192.14
OUT_10041,798.18
OUT_10042,728.95
OUT_10043,199.35
OUT_10044,60.32
OUT_10045,63.07
OUT_10046,211.84
OUT_10047,67.43
OUT_10048,734.8
OUT_10049,59.47
OUT_10050,72.65
OUT_10051,1754.26
OUT_10052,63.38
OUT_10053,52.96
OUT_10054,65.24
OUT_10055,760.12
OUT_10056,66.51
OUT_10057,228.85
OUT_10058,667.28
OUT_10059,69.4
OUT_10060,777.31
OUT_10061,64.44
OUT_10062,70.81
OUT_10063,199.82
OUT_10064,238.45
OUT_10065,70.7
OUT_10066,64.06
OUT_10067,204.23
OUT_10068,211.25
OUT_10069,187.45
OUT_10070,57.9
OUT_10071,82.14
OUT_10072,57.69
OUT_10073,76.15
OUT_10074,205.0
OUT_10075,53.44
OUT_10076,743.38
OUT_10077,62.13
OUT_10078,194.59
OUT_10079,38.12
OUT_10080,75.32
OUT_10081,67.6
OUT_10082,218.79
OUT_10083,204.72
OUT_10084,69.28
OUT_10085,76.6
OUT_10086,200.75
OUT_10087,64.43
OUT_10088,759.29
OUT_10089,203.4
OUT_10090,665.21
OUT_10091,209.81
OUT_10092,64.44
OUT_10093,76.39
OUT_10094,53.18
OUT_10095,185.58
OUT_10096,673.98
OUT_10097,60.35
OUT_10098,62.34
OUT_10099,61.64
OUT_10100,72.05
OUT_10101,213.05
OUT_10102,62.36
OUT_10103,192.04
OUT_10104,783.83
OUT_10105,1657.93
OUT_10106,44.27
OUT_10107,750.7
OUT_10108,733.44
OUT_10109,54.75
OUT_10110,220.77
OUT_10111,213.63
OUT_10112,52.62
OUT_10113,59.44
OUT_10114,207.62
OUT_10115,68.79
OUT_10116,1677.02
OUT_10117,66.72
OUT_10118,72.83
OUT_10119,192.44
OUT_10120,207.49
OUT_10121,199.13
OUT_10122,66.26
OUT_10123,195.15
OUT_10124,750.98
OUT_10125,66.37
OUT_10126,46.55
OUT_10127,240.34
OUT_10128,204.45
OUT_10129,77.19
OUT_10130,664.45
OUT_10131,1749.39
OUT_10132,198.41
OUT_10133,192.46
OUT_10134,739.46
OUT_10135,45.34
OUT_10136,69.1
OUT_10137,56.13
OUT_10138,74.63
OUT_10139,193.78
OUT_10140,811.0
OUT_10141,201.25
OUT_10142,1760.74
OUT_10143,60.91
OUT_10144,192.56
OUT_10145,193.96
OUT_10146,208.41
OUT_10147,70.1
OUT_10148,210.56
OUT_10149,188.07
OUT_10150,67.35
OUT_10151,63.09
OUT_10152,70.86
OUT_10153,192.53
OUT_10154,193.78
OUT_10155,204.91
OUT_10156,62.88
OUT_10157,720.97
OUT_10158,77.21
OUT_10159,790.23
OUT_10160,189.55
OUT_10161,196.58
OUT_10162,65.96
OUT_10163,171.83
OUT_10164,693.96
OUT_10165,688.8
OUT_10166,76.59
OUT_10167,693.47
OUT_10168,695.19
OUT_10169,72.6
OUT_10170,70.71
OUT_10171,200.22
OUT_10172,79.34
OUT_10173,196.14
OUT_10174,1708.98
OUT_10175,187.2
OUT_10176,62.59
OUT_10177,225.29
OUT_10178,676.71
OUT_10179,73.43
OUT_10180,185.86
OUT_10181,726.8
OUT_10182,208.89
OUT_10183,724.29
OUT_10184,653.52
OUT_10185,714.36
OUT_10186,74.39
OUT_10187,206.42
OUT_10188,219.06
OUT_10189,61.44
OUT_10190,709.77
OUT_10191,63.19
OUT_10192,201.91
OUT_10193,669.78
OUT_10194,68.62
OUT_10195,198.14
OUT_10196,692.01
OUT_10197,60.26
OUT_10198,75.85
OUT_10199,207.86
OUT_10200,55.13
OUT_10201,72.21
OUT_10202,176.64
OUT_10203,57.88
OUT_10204,192.92
OUT_10205,64.34
OUT_10206,751.41
OUT_10207,207.84
OUT_10208,773.07
OUT_10209,205.81
OUT_10210,212.6
OUT_10211,200.07
OUT_10212,202.02
OUT_10213,1720.87
OUT_10214,192.89
OUT_10215,1730.9
OUT_10216,67.44
OUT_10217,225.41
OUT_10218,752.94
OUT_10219,57.07
OUT_10220,78.89
OUT_10221,52.05
OUT_10222,221.59
OUT_10223,57.09
OUT_10224,53.54
OUT_10225,69.88
OUT_10226,198.38
OUT_10227,743.18
OUT_10228,53.43
OUT_10229,692.01
OUT_10230,63.99
OUT_10231,695.77
OUT_10232,56.57
OUT_10233,190.21
OUT_10234,209.71
OUT_10235,759.08
OUT_10236,73.31
OUT_10237,194.61
OUT_10238,218.53
OUT_10239,205.08
OUT_10240,59.63
OUT_10241,58.09
OUT_10242,194.08
OUT_10243,709.8
OUT_10244,1704.05
OUT_10245,74.77
OUT_10246,203.59
OUT_10247,208.7
OUT_10248,774.52
OUT_10249,210.15
OUT_10250,749.76
OUT_10251,74.15
OUT_10252,90.83
OUT_10253,211.22
OUT_10254,683.6
OUT_10255,51.19
OUT_10256,198.98
OUT_10257,45.74
OUT_10258,65.74
OUT_10259,721.94
OUT_10260,780.29
OUT_10261,58.35
OUT_10262,800.35
OUT_10263,213.16
OUT_10264,62.95
OUT_10265,209.2
OUT_10266,198.27
OUT_10267,200.27
OUT_10268,729.61
OUT_10269,81.97
OUT_10270,45.96
OUT_10271,72.66
OUT_10272,61.51
OUT_10273,69.85
OUT_10274,789.16
OUT_10275,201.36
OUT_10276,54.51
OUT_10277,51.97
OUT_10278,68.84
OUT_10279,205.8
OUT_10280,66.61
OUT_10281,67.16
OUT_10282,741.51
OUT_10283,782.89
OUT_10284,219.34
OUT_10285,59.31
OUT_10286,215.5
OUT_10287,76.64
OUT_10288,201.56
OUT_10289,59.72
OUT_10290,73.01
OUT_10291,731.96
OUT_10292,201.31
OUT_10293,68.69
OUT_10294,1702.6
OUT_10295,55.32
OUT_10296,211.78
OUT_10297,204.16
OUT_10298,201.09
OUT_10299,1724.63
OUT_10300,49.27
OUT_10301,203.57
OUT_10302,697.09
OUT_10303,684.43
OUT_10304,212.69
OUT_10305,73.11
OUT_10306,66.81
OUT_10307,73.02
OUT_10308,718.98
OUT_10309,68.32
OUT_10310,765.75
OUT_10311,207.76
OUT_10312,217.26
OUT_10313,81.58
OUT_10314,189.3
OUT_10315,77.02
OUT_10316,720.24
OUT_10317,204.93
OUT_10318,195.59
OUT_10319,202.25
OUT_10320,57.08
OUT_10321,63.18
OUT_10322,68.81
OUT_10323,183.25
OUT_10324,43.34
OUT_10325,206.34
OUT_10326,71.29
OUT_10327,738.46
OUT_10328,190.8
OUT_10329,38.15
OUT_10330,72.61
OUT_10331,72.73
OUT_10332,71.49
OUT_10333,58.91
OUT_10334,790.93
OUT_10335,670.09
OUT_10336,222.33
OUT_10337,72.96
OUT_10338,65.79
OUT_10339,66.38
OUT_10340,234.29
OUT_10341,65.23
OUT_10342,198.49
OUT_10343,1741.71
OUT_10344,60.92
OUT_10345,196.67
OUT_10346,728.07
OUT_10347,66.56
OUT_10348,70.18
OUT_10349,760.32
OUT_10350,700.6
OUT_10351,62.18
OUT_10352,634.42
OUT_10353,45.95
OUT_10354,71.05
OUT_10355,782.8
OUT_10356,63.22
OUT_10357,67.79
OUT_10358,197.86
OUT_10359,68.99
OUT_10360,208.37
OUT_10361,198.4
OUT_10362,209.59
OUT_10363,200.8
OUT_10364,199.65
OUT_10365,203.07
OUT_10366,197.78
OUT_10367,70.71
OUT_10368,67.93
OUT_10369,71.77
OUT_10370,199.79
OUT_10371,29.55
OUT_10372,714.3
OUT_10373,65.58
OUT_10374,715.35
OUT_10375,687.58
OUT_10376,60.89
OUT_10377,65.55
OUT_10378,62.4
OUT_10379,69.52
OUT_10380,196.95
OUT_10381,730.56
OUT_10382,678.96
OUT_10383,76.62
OUT_10384,74.08
OUT_10385,194.76
OUT_10386,63.13
OUT_10387,191.83
OUT_10388,199.41
OUT_10389,64.4
OUT_10390,198.68
OUT_10391,1773.62
OUT_10392,66.82
OUT_10393,64.22
OUT_10394,178.31
OUT_10395,70.7
OUT_10396,717.38
OUT_10397,1763.02
OUT_10398,58.4
OUT_10399,745.74
OUT_10400,203.92
OUT_10401,239.0
OUT_10402,207.32
OUT_10403,194.85
OUT_10404,50.76
OUT_10405,61.82
OUT_10406,75.22
OUT_10407,686.93
OUT_10408,75.03
OUT_10409,76.92
OUT_10410,74.8
OUT_10411,74.06
OUT_10412,661.41
OUT_10413,59.89
OUT_10414,45.06
OUT_10415,197.43
OUT_10416,64.61
OUT_10417,61.3
OUT_10418,218.9
OUT_10419,60.46
OUT_10420,73.04
OUT_10421,64.67
OUT_10422,72.58
OUT_10423,729.62
OUT_10424,67.18
OUT_10425,61.79
OUT_10426,53.32
OUT_10427,35.42
OUT_10428,699.07
OUT_10429,194.35
OUT_10430,60.76
OUT_10431,708.26
OUT_10432,671.62
OUT_10433,755.86
OUT_10434,770.5
OUT_10435,65.52
OUT_10436,57.15
OUT_10437,63.66
OUT_10438,687.84
OUT_10439,65.23
OUT_10440,215.97
OUT_10441,209.3
OUT_10442,77.67
OUT_10443,78.25
OUT_10444,220.56
OUT_10445,200.97
OUT_10446,210.32
OUT_10447,232.06
OUT_10448,677.79
OUT_10449,207.08
OUT_10450,221.3
OUT_10451,79.38
OUT_10452,79.26
OUT_10453,77.07
OUT_10454,66.14
OUT_10455,69.79
OUT_10456,704.65
OUT_10457,782.6
OUT_10458,196.55
OUT_10459,750.81
OUT_10460,210.35
OUT_10461,70.06
OUT_10462,67.88
OUT_10463,66.36
OUT_10464,69.07
OUT_10465,67.98
OUT_10466,47.58
OUT_10467,201.28
OUT_10468,212.54
OUT_10469,208.98
OUT_10470,82.23
OUT_10471,67.73
OUT_10472,203.66
OUT_10473,213.95
OUT_10474,75.61
OUT_10475,62.24
OUT_10476,195.46
OUT_10477,73.25
OUT_10478,80.66
OUT_10479,676.6
OUT_10480,66.24
OUT_10481,61.56
OUT_10482,775.64
OUT_10483,198.66
OUT_10484,197.01
OUT_10485,57.24
OUT_10486,67.99
OUT_10487,48.63
OUT_10488,68.24
OUT_10489,739.62
OUT_10490,208.17
OUT_10491,67.14
OUT_10492,66.51
OUT_10493,687.68
OUT_10494,757.19
OUT_10495,77.67
OUT_10496,219.4
OUT_10497,39.32
OUT_10498,209.3
OUT_10499,69.83
OUT_10500,49.23
OUT_10501,720.5
OUT_10502,52.7
OUT_10503,768.92
OUT_10504,1710.55
OUT_10505,745.18
OUT_10506,75.33
OUT_10507,1707.12
OUT_10508,1723.71
OUT_10509,195.03
OUT_10510,759.06
OUT_10511,45.92
OUT_10512,69.15
OUT_10513,67.82
OUT_10514,211.44
OUT_10515,67.0
OUT_10516,619.76
OUT_10517,75.78
OUT_10518,62.39
OUT_10519,66.07
OUT_10520,738.25
OUT_10521,775.15
OUT_10522,764.35
OUT_10523,72.13
OUT_10524,220.24
OUT_10525,214.29
OUT_10526,75.35
OUT_10527,73.69
OUT_10528,219.27
OUT_10529,194.8
OUT_10530,713.78
OUT_10531,43.12
OUT_10532,68.93
OUT_10533,765.0
OUT_10534,61.99
OUT_10535,192.23
OUT_10536,53.94
OUT_10537,212.72
OUT_10538,62.8
OUT_10539,49.01
OUT_10540,53.61
OUT_10541,746.98
OUT_10542,196.72
OUT_10543,213.71
OUT_10544,194.99
OUT_10545,1729.39
OUT_10546,68.6
OUT_10547,195.43
OUT_10548,66.41
OUT_10549,212.13
OUT_10550,708.79
OUT_10551,50.96
OUT_10552,56.05
OUT_10553,171.05
OUT_10554,208.74
OUT_10555,62.91
OUT_10556,64.8
OUT_10557,210.24
OUT_10558,69.57
OUT_10559,57.46
OUT_10560,76.94
OUT_10561,54.05
OUT_10562,68.27
OUT_10563,58.74
OUT_10564,767.05
OUT_10565,219.09
OUT_10566,207.99
OUT_10567,198.1
OUT_10568,67.05
OUT_10569,736.96
OUT_10570,205.0
OUT_10571,204.8
OUT_10572,212.52
OUT_10573,65.96
OUT_10574,189.31
OUT_10575,56.04
OUT_10576,218.93
OUT_10577,65.67
OUT_10578,75.57
OUT_10579,207.14
OUT_10580,202.64
OUT_10581,196.08
OUT_10582,69.51
OUT_10583,766.19
OUT_10584,56.47
OUT_10585,66.8
OUT_10586,201.74
OUT_10587,198.18
OUT_10588,59.07
OUT_10589,203.46
OUT_10590,48.62
OUT_10591,69.09
OUT_10592,229.01
OUT_10593,630.01
OUT_10594,208.41
OUT_10595,67.86
OUT_10596,70.61
OUT_10597,208.07
OUT_10598,760.49
OUT_10599,59.27
OUT_10600,690.03
OUT_10601,199.21
OUT_10602,49.23
OUT_10603,62.45
OUT_10604,200.58
OUT_10605,69.05
OUT_10606,56.89
OUT_10607,78.57
OUT_10608,192.2
OUT_10609,54.6
OUT_10610,213.4
OUT_10611,194.03
OUT_10612,53.49
OUT_10613,222.75
OUT_10614,227.49
OUT_10615,69.12
OUT_10616,213.74
OUT_10617,679.12
OUT_10618,73.61
OUT_10619,59.78
OUT_10620,70.56
OUT_10621,205.15
OUT_10622,199.93
OUT_10623,70.35
OUT_10624,204.32
OUT_10625,69.75
OUT_10626,211.84
OUT_10627,69.56
OUT_10628,54.55
OUT_10629,71.5
OUT_10630,672.14
OUT_10631,56.05
OUT_10632,684.3
OUT_10633,652.45
OUT_10634,63.09
OUT_10635,57.55
OUT_10636,735.22
OUT_10637,71.95
OUT_10638,59.1
OUT_10639,182.36
OUT_10640,69.88
OUT_10641,185.73
OUT_10642,1751.96
OUT_10643,50.63
OUT_10644,718.28
OUT_10645,217.1
OUT_10646,68.41
OUT_10647,50.94
OUT_10648,213.95
OUT_10649,49.87
OUT_10650,69.34
OUT_10651,73.17
OUT_10652,197.44
OUT_10653,1699.17
OUT_10654,72.84
OUT_10655,67.6
OUT_10656,68.33
OUT_10657,1769.11
OUT_10658,65.83
OUT_10659,198.57
OUT_10660,1717.86
OUT_10661,41.58
OUT_10662,62.69
OUT_10663,202.1
OUT_10664,207.52
OUT_10665,185.35
OUT_10666,209.53
OUT_10667,213.3
OUT_10668,60.16
OUT_10669,1753.46
OUT_10670,787.55
OUT_10671,196.98
OUT_10672,201.8
OUT_10673,72.51
OUT_10674,201.69
OUT_10675,70.2
OUT_10676,214.45
OUT_10677,84.98
OUT_10678,62.41
OUT_10679,210.47
OUT_10680,64.5
OUT_10681,60.38
OUT_10682,62.31
OUT_10683,740.99
OUT_10684,68.6
OUT_10685,205.49
OUT_10686,197.65
OUT_10687,64.02
OUT_10688,197.86
OUT_10689,205.82
OUT_10690,66.57
OUT_10691,206.61
OUT_10692,210.59
OUT_10693,77.05
OUT_10694,207.84
OUT_10695,79.86
OUT_10696,711.36
OUT_10697,58.76
OUT_10698,59.09
OUT_10699,1728.14
OUT_10700,64.28
OUT_10701,64.95
OUT_10702,70.81
OUT_10703,29.64
OUT_10704,61.91
OUT_10705,1736.0
OUT_10706,71.41
OUT_10707,62.66
OUT_10708,1700.0
OUT_10709,200.32
OUT_10710,1715.07
OUT_10711,726.35
OUT_10712,28.23
OUT_10713,61.95
OUT_10714,213.64
OUT_10715,207.25
OUT_10716,208.11
OUT_10717,744.06
OUT_10718,67.09
OUT_10719,1758.23
OUT_10720,190.33
OUT_10721,207.37
OUT_10722,215.5
OUT_10723,199.11
OUT_10724,65.55
OUT_10725,68.65
OUT_10726,47.59
OUT_10727,200.94
OUT_10728,1602.49
OUT_10729,73.72
OUT_10730,1718.81
OUT_10731,68.88
OUT_10732,51.0
OUT_10733,67.3
OUT_10734,229.89
OUT_10735,197.41
OUT_10736,70.25
OUT_10737,208.14
OUT_10738,78.07
OUT_10739,70.18
OUT_10740,52.53
OUT_10741,33.68
OUT_10742,69.19
OUT_10743,73.94
OUT_10744,62.58
OUT_10745,69.86
OUT_10746,57.96
OUT_10747,756.42
OUT_10748,79.41
OUT_10749,66.6
OUT_10750,69.1
OUT_10751,55.08
OUT_10752,207.12
OUT_10753,65.17
OUT_10754,73.91
OUT_10755,67.59
OUT_10756,67.75
OUT_10757,73.29
OUT_10758,1705.91
OUT_10759,56.71
OUT_10760,785.41
OUT_10761,202.75
OUT_10762,197.66
OUT_10763,205.87
OUT_10764,200.34
OUT_10765,60.35
OUT_10766,58.4
OUT_10767,39.23
OUT_10768,191.06
OUT_10769,26.25
OUT_10770,775.09
OUT_10771,65.57
OUT_10772,68.29
OUT_10773,194.41
OUT_10774,49.13
OUT_10775,198.7
OUT_10776,745.75
OUT_10777,53.94
OUT_10778,75.56
OUT_10779,714.99
OUT_10780,206.45
OUT_10781,1722.9
OUT_10782,219.21
OUT_10783,227.9
OUT_10784,42.24
OUT_10785,61.83
OUT_10786,53.3
OUT_10787,64.72
OUT_10788,702.32
OUT_10789,62.47
OUT_10790,229.82
OUT_10791,73.08
OUT_10792,198.98
OUT_10793,642.06
OUT_10794,1741.01
OUT_10795,66.65
OUT_10796,211.22
OUT_10797,67.29
OUT_10798,1699.75
OUT_10799,72.97
OUT_10800,75.97
OUT_10801,705.25
OUT_10802,65.79
OUT_10803,660.85
OUT_10804,1741.03
OUT_10805,747.32
OUT_10806,73.98
OUT_10807,64.9
OUT_10808,67.26
OUT_10809,64.35
OUT_10810,219.35
OUT_10811,48.63
OUT_10812,76.4
OUT_10813,49.05
OUT_10814,80.01
OUT_10815,215.09
OUT_10816,203.79
OUT_10817,210.53
OUT_10818,1721.0
OUT_10819,204.7
OUT_10820,75.94
OUT_10821,209.04
OUT_10822,61.96
OUT_10823,44.63
OUT_10824,51.38
OUT_10825,194.28
OUT_10826,781.16
OUT_10827,671.29
OUT_10828,1738.99
OUT_10829,91.89
OUT_10830,66.76
OUT_10831,58.36
OUT_10832,79.29
OUT_10833,205.12
OUT_10834,1733.66
OUT_10835,76.92
OUT_10836,68.18
OUT_10837,61.25
OUT_10838,195.27
OUT_10839,208.39
OUT_10840,74.4
OUT_10841,797.77
OUT_10842,204.44
OUT_10843,57.69
OUT_10844,215.56
OUT_10845,755.29
OUT_10846,67.1
OUT_10847,66.71
OUT_10848,55.37
OUT_10849,1679.17
OUT_10850,72.08
OUT_10851,29.87
OUT_10852,194.75
OUT_10853,48.49
OUT_10854,784.54
OUT_10855,68.74
OUT_10856,70.59
OUT_10857,191.79
OUT_10858,67.63
OUT_10859,709.42
OUT_10860,71.51
OUT_10861,200.65
OUT_10862,65.54
OUT_10863,69.06
OUT_10864,196.61
OUT_10865,217.17
OUT_10866,57.09
OUT_10867,207.83
OUT_10868,71.57
OUT_10869,52.07
OUT_10870,75.44
OUT_10871,205.25
OUT_10872,759.08
OUT_10873,56.84
OUT_10874,56.48
OUT_10875,660.29
OUT_10876,759.74
OUT_10877,192.54
OUT_10878,71.38
OUT_10879,205.12
OUT_10880,215.33
OUT_10881,64.56
OUT_10882,654.33
OUT_10883,746.08
OUT_10884,80.55
OUT_10885,67.4
OUT_10886,68.63
OUT_10887,764.67
OUT_10888,53.35
OUT_10889,57.04
OUT_10890,215.73
OUT_10891,716.83
OUT_10892,58.07
OUT_10893,59.36
OUT_10894,721.65
OUT_10895,68.78
OUT_10896,69.9
OUT_10897,42.37
OUT_10898,73.42
OUT_10899,65.92
OUT_10900,68.44
OUT_10901,66.15
OUT_10902,648.21
OUT_10903,745.1
OUT_10904,70.84
OUT_10905,69.99
OUT_10906,63.96
OUT_10907,66.03
OUT_10908,55.41
OUT_10909,60.21
OUT_10910,668.93
OUT_10911,45.46
OUT_10912,60.06
OUT_10913,204.26
OUT_10914,728.31
OUT_10915,67.48
OUT_10916,194.25
OUT_10917,208.51
OUT_10918,49.72
OUT_10919,67.2
OUT_10920,71.02
OUT_10921,726.43
OUT_10922,213.16
OUT_10923,739.43
OUT_10924,730.9
OUT_10925,1697.82
OUT_10926,49.23
OUT_10927,65.51
OUT_10928,66.89
OUT_10929,750.62
OUT_10930,737.46
OUT_10931,72.42
OUT_10932,667.08
OUT_10933,197.15
OUT_10934,73.26
OUT_10935,741.12
OUT_10936,50.01
OUT_10937,66.33
OUT_10938,771.71
OUT_10939,196.31
OUT_10940,766.07
OUT_10941,711.2
OUT_10942,67.67
OUT_10943,639.05
OUT_10944,64.31
OUT_10945,68.15
OUT_10946,59.32
OUT_10947,70.25
OUT_10948,55.69
OUT_10949,50.05
OUT_10950,58.02
OUT_10951,72.55
OUT_10952,761.91
OUT_10953,201.52
OUT_10954,1702.68
OUT_10955,50.5
OUT_10956,72.85
OUT_10957,628.59
OUT_10958,38.1
OUT_10959,746.9
OUT_10960,201.56
OUT_10961,66.99
OUT_10962,1788.59
OUT_10963,1684.4
OUT_10964,1731.67
OUT_10965,54.46
OUT_10966,1719.69
OUT_10967,682.45
OUT_10968,763.36
OUT_10969,59.93
OUT_10970,203.99
OUT_10971,65.21
OUT_10972,68.6
OUT_10973,56.4
OUT_10974,193.82
OUT_10975,210.01
OUT_10976,52.39
OUT_10977,65.45
OUT_10978,70.04
OUT_10979,67.64
OUT_10980,678.68
OUT_10981,71.22
OUT_10982,183.7
OUT_10983,208.33
OUT_10984,45.33
OUT_10985,199.11
OUT_10986,69.03
OUT_10987,194.49
OUT_10988,210.94
OUT_10989,762.95
OUT_10990,691.26
OUT_10991,77.06
OUT_10992,73.35
OUT_10993,713.49
OUT_10994,67.48
OUT_10995,62.96
OUT_10996,1685.86
OUT_10997,1720.97
OUT_10998,73.65
OUT_10999,731.79
OUT_11000,67.3
OUT_11001,211.3
OUT_11002,42.04
OUT_11003,1746.17
OUT_11004,69.14
OUT_11005,209.84
OUT_11006,218.92
OUT_11007,39.04
OUT_11008,755.89
OUT_11009,202.68
OUT_11010,206.6
OUT_11011,35.9
OUT_11012,41.02
OUT_11013,196.2
OUT_11014,55.08
OUT_11015,766.29
OUT_11016,60.64
OUT_11017,774.52
OUT_11018,49.09
OUT_11019,54.96
OUT_11020,66.97
OUT_11021,820.3
OUT_11022,74.02
OUT_11023,67.98
OUT_11024,74.8
OUT_11025,201.88
OUT_11026,66.31
OUT_11027,207.52
OUT_11028,188.21
OUT_11029,1704.63
OUT_11030,65.05
OUT_11031,73.53
OUT_11032,66.86
OUT_11033,201.67
OUT_11034,200.06
OUT_11035,76.03
OUT_11036,206.23
OUT_11037,68.53
OUT_11038,193.6
OUT_11039,654.32
OUT_11040,57.35
OUT_11041,76.08
OUT_11042,212.83
OUT_11043,752.09
OUT_11044,72.92
OUT_11045,191.79
OUT_11046,205.11
OUT_11047,78.39
OUT_11048,214.57
OUT_11049,204.08
OUT_11050,205.6
OUT_11051,220.58
OUT_11052,749.91
OUT_11053,68.04
OUT_11054,245.11
OUT_11055,208.21
OUT_11056,1720.09
OUT_11057,206.58
OUT_11058,74.37
OUT_11059,61.83
OUT_11060,198.68
OUT_11061,69.0
OUT_11062,69.18
OUT_11063,727.01
OUT_11064,204.64
OUT_11065,50.17
OUT_11066,77.19
OUT_11067,62.23
OUT_11068,740.22
OUT_11069,641.27
OUT_11070,198.76
OUT_11071,55.48
OUT_11072,69.43
OUT_11073,71.35
OUT_11074,59.36
OUT_11075,49.56
OUT_11076,209.26
OUT_11077,737.68
OUT_11078,71.52
OUT_11079,60.93
OUT_11080,68.72
OUT_11081,207.85
OUT_11082,75.53
OUT_11083,188.02
OUT_11084,197.44
OUT_11085,73.07
OUT_11086,69.88
OUT_11087,51.72
OUT_11088,65.1
OUT_11089,204.14
OUT_11090,734.05
OUT_11091,70.78
OUT_11092,203.44
OUT_11093,66.29
OUT_11094,1678.86
OUT_11095,61.5
OUT_11096,50.12
OUT_11097,211.27
OUT_11098,749.85
OUT_11099,57.97
OUT_11100,80.32
OUT_11101,761.33
OUT_11102,70.58
OUT_11103,45.53
OUT_11104,60.71
OUT_11105,718.26
OUT_11106,691.46
OUT_11107,197.03
OUT_11108,1698.26
OUT_11109,202.75
OUT_11110,202.2
OUT_11111,65.5
OUT_11112,718.0
OUT_11113,203.33
OUT_11114,211.77
OUT_11115,56.55
OUT_11116,40.92
OUT_11117,222.62
OUT_11118,66.65
OUT_11119,203.36
OUT_11120,712.81
OUT_11121,56.73
OUT_11122,71.69
OUT_11123,641.05
OUT_11124,781.48
OUT_11125,198.48
OUT_11126,75.32
OUT_11127,68.52
OUT_11128,1735.96
OUT_11129,67.75
OUT_11130,53.39
OUT_11131,741.17
OUT_11132,194.6
OUT_11133,214.11
OUT_11134,66.55
OUT_11135,63.55
OUT_11136,74.04
OUT_11137,62.57
OUT_11138,189.67
OUT_11139,208.63
OUT_11140,731.59
OUT_11141,204.51
OUT_11142,58.36
OUT_11143,1682.1
OUT_11144,79.57
OUT_11145,200.49
OUT_11146,60.81
OUT_11147,69.27
OUT_11148,73.86
OUT_11149,56.26
OUT_11150,734.06
OUT_11151,221.18
OUT_11152,722.47
OUT_11153,202.95
OUT_11154,56.61
OUT_11155,72.59
OUT_11156,61.13
OUT_11157,206.25
OUT_11158,193.76
OUT_11159,63.26
OUT_11160,205.0
OUT_11161,66.17
OUT_11162,70.46
OUT_11163,193.82
OUT_11164,36.59
OUT_11165,1718.29
OUT_11166,67.16
OUT_11167,213.88
OUT_11168,1721.94
OUT_11169,73.1
OUT_11170,52.13
OUT_11171,77.12
OUT_11172,211.14
OUT_11173,71.72
OUT_11174,59.89
OUT_11175,200.7
OUT_11176,203.14
OUT_11177,747.47
OUT_11178,65.95
OUT_11179,201.1
OUT_11180,49.38
OUT_11181,71.78
OUT_11182,653.93
OUT_11183,224.57
OUT_11184,55.36
OUT_11185,69.65
OUT_11186,206.17
OUT_11187,794.39
OUT_11188,71.31
OUT_11189,202.15
OUT_11190,63.63
OUT_11191,75.97
OUT_11192,225.0
OUT_11193,61.49
OUT_11194,66.05
OUT_11195,212.65
OUT_11196,67.49
OUT_11197,199.38
OUT_11198,208.17
OUT_11199,685.52
OUT_11200,53.0
OUT_11201,198.81
OUT_11202,60.85
OUT_11203,69.68
OUT_11204,1682.32
OUT_11205,65.36
OUT_11206,57.69
OUT_11207,67.78
OUT_11208,755.39
OUT_11209,54.47
OUT_11210,58.74
OUT_11211,79.14
OUT_11212,239.52
OUT_11213,206.95
OUT_11214,1723.88
OUT_11215,68.48
OUT_11216,60.49
OUT_11217,1769.93
OUT_11218,203.83
OUT_11219,753.21
OUT_11220,62.4
OUT_11221,49.88
OUT_11222,1716.83
OUT_11223,55.88
OUT_11224,70.72
OUT_11225,1716.97
OUT_11226,76.61
OUT_11227,53.65
OUT_11228,63.64
OUT_11229,191.37
OUT_11230,62.53
OUT_11231,201.29
OUT_11232,1719.79
OUT_11233,720.24
OUT_11234,62.72
OUT_11235,34.36
OUT_11236,204.27
OUT_11237,60.81
OUT_11238,53.79
OUT_11239,694.14
OUT_11240,211.94
OUT_11241,65.07
OUT_11242,54.34
OUT_11243,51.02
OUT_11244,74.54
OUT_11245,189.7
OUT_11246,68.19
OUT_11247,74.13
OUT_11248,63.3
OUT_11249,197.63
OUT_11250,222.08
OUT_11251,1740.64
OUT_11252,71.38
OUT_11253,774.47
OUT_11254,207.15
OUT_11255,203.08
OUT_11256,193.28
OUT_11257,66.53
OUT_11258,66.66
OUT_11259,78.82
OUT_11260,676.13
OUT_11261,1676.74
OUT_11262,60.65
OUT_11263,60.4
OUT_11264,70.22
OUT_11265,747.65
OUT_11266,68.63
OUT_11267,68.08
OUT_11268,203.75
OUT_11269,1738.21
OUT_11270,86.98
OUT_11271,69.91
OUT_11272,55.02
OUT_11273,210.4
OUT_11274,59.09
OUT_11275,63.86
OUT_11276,179.05
OUT_11277,61.62
OUT_11278,65.6
OUT_11279,63.06
OUT_11280,785.39
OUT_11281,63.79
OUT_11282,67.46
OUT_11283,69.28
OUT_11284,70.42
OUT_11285,72.86
OUT_11286,214.27
OUT_11287,56.91
OUT_11288,792.88
OUT_11289,53.82
OUT_11290,208.39
OUT_11291,771.76
OUT_11292,68.1
OUT_11293,200.73
OUT_11294,41.92
OUT_11295,64.46
OUT_11296,773.9
OUT_11297,192.38
OUT_11298,210.07
OUT_11299,42.59
OUT_11300,71.17
OUT_11301,69.19
OUT_11302,67.6
OUT_11303,756.52
OUT_11304,65.41
OUT_11305,1729.71
OUT_11306,203.16
OUT_11307,1691.72
OUT_11308,198.54
OUT_11309,741.25
OUT_11310,202.98
OUT_11311,67.95
OUT_11312,62.6
OUT_11313,70.48
OUT_11314,606.61
OUT_11315,225.29
OUT_11316,1749.74
OUT_11317,750.25
OUT_11318,738.2
OUT_11319,65.37
OUT_11320,38.27
OUT_11321,202.0
OUT_11322,715.96
OUT_11323,224.5
OUT_11324,66.64
OUT_11325,65.81
OUT_11326,211.77
OUT_11327,68.45
OUT_11328,679.03
OUT_11329,61.66
OUT_11330,703.59
OUT_11331,208.28
OUT_11332,66.48
OUT_11333,211.0
OUT_11334,78.11
OUT_11335,54.74
OUT_11336,221.88
OUT_11337,194.92
OUT_11338,191.52
OUT_11339,60.9
OUT_11340,194.35
OUT_11341,76.26
OUT_11342,210.9
OUT_11343,71.99
OUT_11344,59.35
OUT_11345,40.18
OUT_11346,205.83
OUT_11347,210.53
OUT_11348,61.55
OUT_11349,55.38
OUT_11350,216.01
OUT_11351,49.2
OUT_11352,215.78
OUT_11353,69.82
OUT_11354,712.16
OUT_11355,69.47
OUT_11356,68.73
OUT_11357,188.84
OUT_11358,75.94
OUT_11359,1691.19
OUT_11360,207.87
OUT_11361,200.5
OUT_11362,201.2
OUT_11363,63.83
OUT_11364,55.83
OUT_11365,205.41
OUT_11366,63.46
OUT_11367,74.92
OUT_11368,1733.13
OUT_11369,67.05
OUT_11370,71.32
OUT_11371,205.72
OUT_11372,737.22
OUT_11373,200.15
OUT_11374,72.88
OUT_11375,217.81
OUT_11376,193.33
OUT_11377,53.98
OUT_11378,215.77
OUT_11379,80.61
OUT_11380,69.06
OUT_11381,208.41
OUT_11382,65.1
OUT_11383,210.86
OUT_11384,212.64
OUT_11385,207.94
OUT_11386,212.15
OUT_11387,64.64
OUT_11388,205.6
OUT_11389,67.44
OUT_11390,40.52
OUT_11391,68.32
OUT_11392,767.44
OUT_11393,54.85
OUT_11394,739.3
OUT_11395,206.44
OUT_11396,202.95
OUT_11397,755.66
OUT_11398,200.67
OUT_11399,72.59
OUT_11400,55.0
OUT_11401,206.48
OUT_11402,78.87
OUT_11403,1729.57
OUT_11404,65.65
OUT_11405,61.41
OUT_11406,724.26
OUT_11407,71.97
OUT_11408,64.96
OUT_11409,195.11
OUT_11410,206.31
OUT_11411,71.95
OUT_11412,45.74
OUT_11413,710.65
OUT_11414,74.62
OUT_11415,57.66
OUT_11416,774.68
OUT_11417,68.91
OUT_11418,70.08
OUT_11419,69.54
OUT_11420,192.31
OUT_11421,733.45
OUT_11422,197.67
OUT_11423,214.52
OUT_11424,196.2
OUT_11425,80.49
OUT_11426,1741.8
OUT_11427,218.92
OUT_11428,207.48
OUT_11429,74.11
OUT_11430,65.79
OUT_11431,201.94
OUT_11432,212.51
OUT_11433,77.35
OUT_11434,703.73
OUT_11435,65.19
OUT_11436,76.36
OUT_11437,749.45
OUT_11438,728.35
OUT_11439,206.01
OUT_11440,73.6
OUT_11441,69.38
OUT_11442,41.73
OUT_11443,67.34
OUT_11444,63.5
OUT_11445,62.67
OUT_11446,211.64
OUT_11447,666.49
OUT_11448,50.22
OUT_11449,198.71
OUT_11450,52.76
OUT_11451,71.27
OUT_11452,77.64
OUT_11453,213.66
OUT_11454,194.0
OUT_11455,210.27
OUT_11456,71.34
OUT_11457,213.01
OUT_11458,1748.16
OUT_11459,65.95
OUT_11460,1740.14
OUT_11461,70.3
OUT_11462,70.66
OUT_11463,39.27
OUT_11464,205.42
OUT_11465,1752.52
OUT_11466,71.42
OUT_11467,61.6
OUT_11468,198.26
OUT_11469,73.41
OUT_11470,36.62
OUT_11471,215.02
OUT_11472,73.46
OUT_11473,205.81
OUT_11474,73.18
OUT_11475,703.54
OUT_11476,58.04
OUT_11477,63.3
OUT_11478,64.75
OUT_11479,196.05
OUT_11480,39.22
OUT_11481,50.32
OUT_11482,197.61
OUT_11483,210.78
OUT_11484,211.77
OUT_11485,51.73
OUT_11486,215.4
OUT_11487,197.78
OUT_11488,225.36
OUT_11489,205.36
OUT_11490,192.14
OUT_11491,203.77
OUT_11492,212.11
OUT_11493,220.23
OUT_11494,64.19
OUT_11495,196.22
OUT_11496,63.69
OUT_11497,1786.1
OUT_11498,64.44
OUT_11499,68.36
OUT_11500,656.33
OUT_11501,33.69
OUT_11502,720.79
OUT_11503,192.19
OUT_11504,796.47
OUT_11505,72.14
OUT_11506,206.5
OUT_11507,63.02
OUT_11508,206.72
OUT_11509,45.89
OUT_11510,187.27
OUT_11511,211.57
OUT_11512,648.23
OUT_11513,193.12
OUT_11514,55.51
OUT_11515,756.07
OUT_11516,64.72
OUT_11517,219.71
OUT_11518,72.82
OUT_11519,40.27
OUT_11520,197.47
OUT_11521,76.01
OUT_11522,201.97
OUT_11523,1753.66
OUT_11524,55.23
OUT_11525,73.3
OUT_11526,62.63
OUT_11527,77.82
OUT_11528,62.62
OUT_11529,71.24
OUT_11530,39.96
OUT_11531,201.44
OUT_11532,766.6
OUT_11533,49.13
OUT_11534,718.26
OUT_11535,203.47
OUT_11536,199.04
OUT_11537,74.22
OUT_11538,68.84
OUT_11539,198.75
OUT_11540,718.11
OUT_11541,202.43
OUT_11542,75.37
OUT_11543,69.76
OUT_11544,52.21
OUT_11545,726.42
OUT_11546,62.91
OUT_11547,713.36
OUT_11548,58.44
OUT_11549,212.59
OUT_11550,60.64
OUT_11551,68.88
OUT_11552,67.54
OUT_11553,72.07
OUT_11554,48.68
OUT_11555,55.51
OUT_11556,75.73
OUT_11557,192.65
OUT_11558,60.94
OUT_11559,786.89
OUT_11560,208.24
OUT_11561,66.56
OUT_11562,61.04
OUT_11563,707.47
OUT_11564,76.31
OUT_11565,204.45
OUT_11566,54.39
OUT_11567,709.16
OUT_11568,73.24
OUT_11569,827.78
OUT_11570,65.65
OUT_11571,210.3
OUT_11572,79.76
OUT_11573,174.52
OUT_11574,199.69
OUT_11575,73.08
OUT_11576,209.44
OUT_11577,66.0
OUT_11578,201.44
OUT_11579,65.62
OUT_11580,76.75
OUT_11581,64.63
OUT_11582,72.76
OUT_11583,197.77
OUT_11584,755.94
OUT_11585,224.49
OUT_11586,71.93
OUT_11587,204.19
OUT_11588,1575.16
OUT_11589,223.5
OUT_11590,1665.24
OUT_11591,70.28
OUT_11592,63.05
OUT_11593,58.57
OUT_11594,56.7
OUT_11595,47.72
OUT_11596,57.44
OUT_11597,67.91
OUT_11598,217.37
OUT_11599,640.51
OUT_11600,42.71
OUT_11601,1706.8
OUT_11602,67.2
OUT_11603,80.99
OUT_11604,69.85
OUT_11605,1729.1
OUT_11606,209.18
OUT_11607,217.84
OUT_11608,67.26
OUT_11609,64.59
OUT_11610,76.42
OUT_11611,753.38
OUT_11612,64.67
OUT_11613,688.86
OUT_11614,62.85
OUT_11615,189.41
OUT_11616,214.85
OUT_11617,194.35
OUT_11618,213.52
OUT_11619,1730.13
OUT_11620,70.36
OUT_11621,72.22
OUT_11622,776.47
OUT_11623,70.19
OUT_11624,44.23
OUT_11625,69.66
OUT_11626,53.11
OUT_11627,76.59
OUT_11628,230.32
OUT_11629,67.18
OUT_11630,692.62
OUT_11631,209.09
OUT_11632,179.98
OUT_11633,739.19
OUT_11634,65.54
OUT_11635,63.81
OUT_11636,1710.25
OUT_11637,717.76
OUT_11638,75.64
OUT_11639,72.29
OUT_11640,212.05
OUT_11641,66.89
OUT_11642,759.75
OUT_11643,1715.71
OUT_11644,1716.78
OUT_11645,69.41
OUT_11646,761.55
OUT_11647,61.78
OUT_11648,210.65
OUT_11649,69.1
OUT_11650,32.88
OUT_11651,56.1
OUT_11652,786.1
OUT_11653,65.73
OUT_11654,48.83
OUT_11655,55.79
OUT_11656,56.6
OUT_11657,75.6
OUT_11658,75.3
OUT_11659,69.76
OUT_11660,59.39
OUT_11661,64.5
OUT_11662,654.2
OUT_11663,65.63
OUT_11664,68.8
OUT_11665,1711.64
OUT_11666,669.56
OUT_11667,202.23
OUT_11668,198.96
OUT_11669,45.0
OUT_11670,36.9
OUT_11671,49.89
OUT_11672,762.47
OUT_11673,195.98
OUT_11674,781.46
OUT_11675,62.34
OUT_11676,213.32
OUT_11677,67.65
OUT_11678,64.6
OUT_11679,57.98
OUT_11680,679.16
OUT_11681,192.03
OUT_11682,47.01
OUT_11683,722.72
OUT_11684,63.15
OUT_11685,62.77
OUT_11686,753.35
OUT_11687,75.31
OUT_11688,778.36
OUT_11689,200.65
OUT_11690,78.25
OUT_11691,55.01
OUT_11692,809.65
OUT_11693,204.9
OUT_11694,68.28
OUT_11695,64.57
OUT_11696,666.68
OUT_11697,1775.55
OUT_11698,64.39
OUT_11699,207.99
OUT_11700,68.87
OUT_11701,63.45
OUT_11702,214.91
OUT_11703,70.74
OUT_11704,756.54
OUT_11705,68.72
OUT_11706,70.63
OUT_11707,208.36
OUT_11708,66.39
OUT_11709,66.12
OUT_11710,62.18
OUT_11711,212.77
OUT_11712,73.04
OUT_11713,206.4
OUT_11714,64.32
OUT_11715,199.48
OUT_11716,211.49
OUT_11717,681.49
OUT_11718,206.29
OUT_11719,194.03
OUT_11720,1739.99
OUT_11721,197.39
OUT_11722,69.72
OUT_11723,67.86
OUT_11724,73.69
OUT_11725,67.35
OUT_11726,69.15
OUT_11727,190.46
OUT_11728,64.98
OUT_11729,57.03
OUT_11730,73.98
OUT_11731,71.45
OUT_11732,59.67
OUT_11733,793.94
OUT_11734,73.16
OUT_11735,49.36
OUT_11736,53.04
OUT_11737,63.96
OUT_11738,58.57
OUT_11739,46.23
OUT_11740,58.02
OUT_11741,74.48
OUT_11742,211.36
OUT_11743,201.0
OUT_11744,42.61
OUT_11745,55.1
OUT_11746,750.74
OUT_11747,204.85
OUT_11748,69.69
OUT_11749,206.34
OUT_11750,193.05
OUT_11751,67.2
OUT_11752,56.13
OUT_11753,210.33
OUT_11754,51.08
OUT_11755,804.84
OUT_11756,39.73
OUT_11757,735.9
OUT_11758,43.49
OUT_11759,65.11
OUT_11760,62.34
OUT_11761,232.1
OUT_11762,736.79
OUT_11763,228.89
OUT_11764,207.06
OUT_11765,60.87
OUT_11766,69.05
OUT_11767,1732.7
OUT_11768,53.36
OUT_11769,741.13
OUT_11770,1756.59
OUT_11771,204.95
OUT_11772,227.05
OUT_11773,60.77
OUT_11774,55.89
OUT_11775,211.23
OUT_11776,67.55
OUT_11777,51.09
OUT_11778,77.0
OUT_11779,60.03
OUT_11780,773.75
OUT_11781,63.89
OUT_11782,74.76
OUT_11783,201.26
OUT_11784,202.26
OUT_11785,59.38
OUT_11786,48.99
OUT_11787,75.26
OUT_11788,1695.01
OUT_11789,696.99
OUT_11790,180.21
OUT_11791,637.11
OUT_11792,212.31
OUT_11793,69.49
OUT_11794,76.26
OUT_11795,52.28
OUT_11796,199.88
OUT_11797,770.04
OUT_11798,207.61
OUT_11799,209.57
OUT_11800,201.34
OUT_11801,188.47
OUT_11802,79.71
OUT_11803,82.64
OUT_11804,1691.57
OUT_11805,70.7
OUT_11806,56.37
OUT_11807,212.5
OUT_11808,207.07
OUT_11809,69.68
OUT_11810,61.74
OUT_11811,63.48
OUT_11812,68.09
OUT_11813,202.89
OUT_11814,196.36
OUT_11815,66.03
OUT_11816,689.98
OUT_11817,208.22
OUT_11818,61.58
OUT_11819,700.23
OUT_11820,753.54
OUT_11821,64.29
OUT_11822,60.45
OUT_11823,789.42
OUT_11824,209.07
OUT_11825,186.45
OUT_11826,63.37
OUT_11827,71.98
OUT_11828,61.9
OUT_11829,68.89
OUT_11830,55.69
OUT_11831,69.41
OUT_11832,63.53
OUT_11833,208.95
OUT_11834,210.9
OUT_11835,36.48
OUT_11836,84.21
OUT_11837,190.4
OUT_11838,197.19
OUT_11839,74.04
OUT_11840,36.51
OUT_11841,48.64
OUT_11842,195.61
OUT_11843,1702.49
OUT_11844,62.0
OUT_11845,661.54
OUT_11846,70.0
OUT_11847,203.61
OUT_11848,740.25
OUT_11849,43.28
OUT_11850,55.56
OUT_11851,71.03
OUT_11852,712.19
OUT_11853,1746.12
OUT_11854,58.57
OUT_11855,217.16
OUT_11856,212.41
OUT_11857,798.7
OUT_11858,193.58
OUT_11859,729.99
OUT_11860,53.25
OUT_11861,210.44
OUT_11862,207.29
OUT_11863,69.27
OUT_11864,41.99
OUT_11865,64.17
OUT_11866,214.16
OUT_11867,77.51
OUT_11868,649.46
OUT_11869,56.14
OUT_11870,218.28
OUT_11871,58.4
OUT_11872,205.97
OUT_11873,68.54
OUT_11874,75.07
OUT_11875,206.01
OUT_11876,203.08
OUT_11877,68.62
OUT_11878,59.93
OUT_11879,200.16
OUT_11880,69.66
OUT_11881,205.08
OUT_11882,205.31
OUT_11883,755.71
OUT_11884,58.37
OUT_11885,202.64
OUT_11886,208.26
OUT_11887,57.65
OUT_11888,77.27
OUT_11889,211.45
OUT_11890,65.62
OUT_11891,56.4
OUT_11892,47.97
OUT_11893,75.93
OUT_11894,755.12
OUT_11895,53.28
OUT_11896,54.97
OUT_11897,662.75
OUT_11898,673.0
OUT_11899,70.43
OUT_11900,661.95
OUT_11901,49.71
OUT_11902,50.61
OUT_11903,53.39
OUT_11904,65.26
OUT_11905,78.56
OUT_11906,67.54
OUT_11907,60.8
OUT_11908,79.42
OUT_11909,695.55
OUT_11910,192.54
OUT_11911,705.15
OUT_11912,229.17
OUT_11913,76.16
OUT_11914,220.54
OUT_11915,62.95
OUT_11916,63.29
OUT_11917,76.2
OUT_11918,42.03
OUT_11919,33.14
OUT_11920,733.0
OUT_11921,50.17
OUT_11922,786.39
OUT_11923,71.72
OUT_11924,64.84
OUT_11925,67.32
OUT_11926,55.76
OUT_11927,74.33
OUT_11928,64.27
OUT_11929,757.58
OUT_11930,63.87
OUT_11931,62.02
OUT_11932,68.1
OUT_11933,57.68
OUT_11934,229.07
OUT_11935,73.71
OUT_11936,73.82
OUT_11937,49.42
OUT_11938,76.34
OUT_11939,201.87
OUT_11940,244.88
OUT_11941,64.43
OUT_11942,236.83
OUT_11943,768.06
OUT_11944,630.81
OUT_11945,65.81
OUT_11946,57.4
OUT_11947,200.95
OUT_11948,56.09
OUT_11949,1751.22
OUT_11950,1718.44
OUT_11951,773.19
OUT_11952,69.41
OUT_11953,71.49
OUT_11954,203.92
OUT_11955,65.45
OUT_11956,48.12
OUT_11957,70.81
OUT_11958,729.58
OUT_11959,68.82
OUT_11960,731.46
OUT_11961,726.86
OUT_11962,206.06
OUT_11963,733.64
OUT_11964,75.43
OUT_11965,193.71
OUT_11966,70.01
OUT_11967,51.13
OUT_11968,654.32
OUT_11969,742.71
OUT_11970,741.43
OUT_11971,71.95
OUT_11972,206.49
OUT_11973,63.75
OUT_11974,71.24
OUT_11975,203.14
OUT_11976,735.43
OUT_11977,73.49
OUT_11978,205.0
OUT_11979,79.35
OUT_11980,70.5
OUT_11981,1751.56
OUT_11982,59.35
OUT_11983,201.56
OUT_11984,62.49
OUT_11985,60.97
OUT_11986,207.5
OUT_11987,202.27
OUT_11988,187.33
OUT_11989,198.68
OUT_11990,59.79
OUT_11991,224.24
OUT_11992,213.01
OUT_11993,209.07
OUT_11994,69.13
OUT_11995,191.24
OUT_11996,211.37
OUT_11997,61.81
OUT_11998,206.76
OUT_11999,67.76
OUT_12000,210.74
OUT_12001,71.41
OUT_12002,213.96
OUT_12003,201.35
OUT_12004,1732.6
OUT_12005,55.73
OUT_12006,201.42
OUT_12007,208.8
OUT_12008,742.77
OUT_12009,58.35
OUT_12010,53.37
OUT_12011,63.89
OUT_12012,745.27
OUT_12013,197.08
OUT_12014,55.59
OUT_12015,1716.01
OUT_12016,59.42
OUT_12017,71.06
OUT_12018,64.28
OUT_12019,63.88
OUT_12020,28.61
OUT_12021,195.4
OUT_12022,198.96
OUT_12023,70.63
OUT_12024,76.56
OUT_12025,76.53
OUT_12026,1722.52
OUT_12027,67.73
OUT_12028,217.97
OUT_12029,75.88
OUT_12030,737.72
OUT_12031,57.69
OUT_12032,203.83
OUT_12033,190.29
OUT_12034,46.57
OUT_12035,218.63
OUT_12036,709.08
OUT_12037,71.14
OUT_12038,79.73
OUT_12039,73.13
OUT_12040,76.97
OUT_12041,230.01
OUT_12042,187.94
OUT_12043,184.75
OUT_12044,79.94
OUT_12045,207.96
OUT_12046,73.49
OUT_12047,60.46
OUT_12048,62.84
OUT_12049,746.24
OUT_12050,65.35
OUT_12051,49.2
OUT_12052,74.56
OUT_12053,58.47
OUT_12054,206.96
OUT_12055,780.87
OUT_12056,74.5
OUT_12057,63.73
OUT_12058,689.34
OUT_12059,50.38
OUT_12060,1734.7
OUT_12061,60.14
OUT_12062,218.93
OUT_12063,205.39
OUT_12064,194.81
OUT_12065,69.81
OUT_12066,60.44
OUT_12067,54.43
OUT_12068,75.91
OUT_12069,58.62
OUT_12070,216.44
OUT_12071,668.24
OUT_12072,60.52
OUT_12073,77.48
OUT_12074,738.9
OUT_12075,72.7
OUT_12076,58.23
OUT_12077,68.61
OUT_12078,67.35
OUT_12079,55.0
OUT_12080,49.92
OUT_12081,738.55
OUT_12082,191.94
OUT_12083,705.89
OUT_12084,203.36
OUT_12085,57.82
OUT_12086,73.65
OUT_12087,65.28
OUT_12088,75.95
OUT_12089,54.15
OUT_12090,195.21
OUT_12091,705.94
OUT_12092,46.26
OUT_12093,67.63
OUT_12094,51.18
OUT_12095,187.9
OUT_12096,203.53
OUT_12097,67.33
OUT_12098,212.09
OUT_12099,63.74
OUT_12100,70.22
OUT_12101,65.88
OUT_12102,67.3
OUT_12103,55.75
OUT_12104,70.06
OUT_12105,67.38
OUT_12106,45.07
OUT_12107,68.28
OUT_12108,1730.29
OUT_12109,213.11
OUT_12110,193.98
OUT_12111,68.58
OUT_12112,46.88
OUT_12113,690.86
OUT_12114,52.28
OUT_12115,698.53
OUT_12116,202.68
OUT_12117,63.18
OUT_12118,202.04
OUT_12119,65.69
OUT_12120,202.5
OUT_12121,207.88
OUT_12122,74.36
OUT_12123,221.62
OUT_12124,202.61
OUT_12125,201.49
OUT_12126,61.71
OUT_12127,63.46
OUT_12128,214.66
OUT_12129,56.36
OUT_12130,63.28
OUT_12131,1722.89
OUT_12132,62.33
OUT_12133,65.84
OUT_12134,209.51
OUT_12135,63.27
OUT_12136,181.7
OUT_12137,207.27
OUT_12138,748.86
OUT_12139,723.49
OUT_12140,72.82
OUT_12141,1731.08
OUT_12142,1714.45
OUT_12143,69.85
OUT_12144,75.3
OUT_12145,742.09
OUT_12146,68.79
OUT_12147,44.14
OUT_12148,653.54
OUT_12149,73.41
OUT_12150,71.49
OUT_12151,64.0
OUT_12152,772.11
OUT_12153,223.31
OUT_12154,226.29
OUT_12155,61.52
OUT_12156,74.86
OUT_12157,198.62
OUT_12158,83.25
OUT_12159,1733.86
OUT_12160,212.08
OUT_12161,60.22
OUT_12162,1713.15
OUT_12163,56.1
OUT_12164,68.05
OUT_12165,65.52
OUT_12166,49.61
OUT_12167,44.53
OUT_12168,74.75
OUT_12169,68.65
OUT_12170,206.55
OUT_12171,67.37
OUT_12172,219.14
OUT_12173,212.65
OUT_12174,206.65
OUT_12175,71.41
OUT_12176,194.74
OUT_12177,64.44
OUT_12178,66.87
OUT_12179,79.24
OUT_12180,67.6
OUT_12181,72.43
OUT_12182,207.42
OUT_12183,61.64
OUT_12184,227.12
OUT_12185,202.76
OUT_12186,74.83
OUT_12187,208.45
OUT_12188,75.37
OUT_12189,196.86
OUT_12190,45.69
OUT_12191,66.09
OUT_12192,66.3
OUT_12193,76.63
OUT_12194,218.99
OUT_12195,66.96
OUT_12196,61.56
OUT_12197,256.01
OUT_12198,218.79
OUT_12199,75.15
OUT_12200,765.56
OUT_12201,58.47
OUT_12202,66.64
OUT_12203,712.59
OUT_12204,72.5
OUT_12205,1701.99
OUT_12206,1719.25
OUT_12207,218.65
OUT_12208,213.44
OUT_12209,77.5
OUT_12210,72.5
OUT_12211,69.91
OUT_12212,72.91
OUT_12213,67.16
OUT_12214,200.97
OUT_12215,728.38
OUT_12216,185.63
OUT_12217,65.25
OUT_12218,56.06
OUT_12219,80.38
OUT_12220,713.9
OUT_12221,29.41
OUT_12222,71.23
OUT_12223,221.71
OUT_12224,749.33
OUT_12225,42.53
OUT_12226,75.49
OUT_12227,37.46
OUT_12228,72.54
OUT_12229,67.44
OUT_12230,65.94
OUT_12231,45.47
OUT_12232,85.55
OUT_12233,62.44
OUT_12234,65.48
OUT_12235,205.33
OUT_12236,73.61
OUT_12237,755.6
OUT_12238,73.48
OUT_12239,202.34
OUT_12240,56.84
OUT_12241,52.07
OUT_12242,788.7
OUT_12243,75.48
OUT_12244,210.12
OUT_12245,59.38
OUT_12246,77.16
OUT_12247,73.35
OUT_12248,211.96
OUT_12249,1699.96
OUT_12250,822.83
OUT_12251,50.47
OUT_12252,67.92
OUT_12253,190.05
OUT_12254,60.45
OUT_12255,741.73
OUT_12256,699.09
OUT_12257,46.67
OUT_12258,1721.91
OUT_12259,202.72
OUT_12260,67.34
OUT_12261,66.71
OUT_12262,206.79
OUT_12263,1726.95
OUT_12264,1691.43
OUT_12265,204.27
OUT_12266,68.53
OUT_12267,206.97
OUT_12268,1759.66
OUT_12269,76.33
OUT_12270,189.84
OUT_12271,68.76
OUT_12272,211.97
OUT_12273,194.17
OUT_12274,66.9
OUT_12275,197.62
OUT_12276,62.16
OUT_12277,1734.03
OUT_12278,64.48
OUT_12279,203.61
OUT_12280,205.1
OUT_12281,203.17
OUT_12282,211.78
OUT_12283,787.52
OUT_12284,64.18
OUT_12285,212.72
OUT_12286,75.04
OUT_12287,70.0
OUT_12288,74.11
OUT_12289,73.76
OUT_12290,75.51
OUT_12291,762.46
OUT_12292,206.61
OUT_12293,69.14
OUT_12294,199.39
OUT_12295,769.29
OUT_12296,61.55
OUT_12297,201.05
OUT_12298,203.94
OUT_12299,71.76
OUT_12300,34.65
OUT_12301,702.93
OUT_12302,68.25
OUT_12303,67.55
OUT_12304,74.69
OUT_12305,66.35
OUT_12306,1689.75
OUT_12307,69.26
OUT_12308,185.42
OUT_12309,69.14
OUT_12310,227.38
OUT_12311,225.82
OUT_12312,201.88
OUT_12313,60.91
OUT_12314,209.59
OUT_12315,80.51
OUT_12316,67.35
OUT_12317,66.58
OUT_12318,71.36
OUT_12319,60.7
OUT_12320,62.51
OUT_12321,69.65
OUT_12322,62.38
OUT_12323,59.48
OUT_12324,180.54
OUT_12325,215.78
OUT_12326,68.72
OUT_12327,724.97
OUT_12328,180.71
OUT_12329,68.48
OUT_12330,68.64
OUT_12331,745.35
OUT_12332,195.97
OUT_12333,199.67
OUT_12334,1684.82
OUT_12335,217.38
OUT_12336,66.7
OUT_12337,73.89
OUT_12338,220.67
OUT_12339,77.68
OUT_12340,197.46
OUT_12341,70.16
OUT_12342,60.07
OUT_12343,735.92
OUT_12344,190.08
OUT_12345,1761.99
OUT_12346,756.94
OUT_12347,203.82
OUT_12348,1700.55
OUT_12349,204.71
OUT_12350,64.86
OUT_12351,72.74
OUT_12352,54.66
OUT_12353,50.07
OUT_12354,59.07
OUT_12355,202.24
OUT_12356,58.69
OUT_12357,62.66
OUT_12358,71.4
OUT_12359,51.56
OUT_12360,714.14
OUT_12361,63.92
OUT_12362,50.67
OUT_12363,51.83
OUT_12364,66.55
OUT_12365,40.13
OUT_12366,78.18
OUT_12367,193.73
OUT_12368,1716.34
OUT_12369,714.12
OUT_12370,205.43
OUT_12371,653.29
OUT_12372,1701.32
OUT_12373,188.77
OUT_12374,204.47
OUT_12375,219.55
OUT_12376,703.79
OUT_12377,68.73
OUT_12378,224.32
OUT_12379,68.83
OUT_12380,60.96
OUT_12381,655.49
OUT_12382,45.98
OUT_12383,58.89
OUT_12384,754.71
OUT_12385,64.0
OUT_12386,74.47
OUT_12387,203.17
OUT_12388,647.11
OUT_12389,200.15
OUT_12390,99.65
OUT_12391,214.57
OUT_12392,65.44
OUT_12393,203.52
OUT_12394,690.74
OUT_12395,68.49
OUT_12396,674.88
OUT_12397,65.98
OUT_12398,1707.52
OUT_12399,217.68
OUT_12400,1761.57
OUT_12401,786.7
OUT_12402,202.58
OUT_12403,73.7
OUT_12404,35.55
OUT_12405,48.24
OUT_12406,208.55
OUT_12407,65.78
OUT_12408,72.03
OUT_12409,203.8
OUT_12410,201.93
OUT_12411,57.43
OUT_12412,205.75
OUT_12413,226.29
OUT_12414,781.71
OUT_12415,207.72
OUT_12416,215.28
OUT_12417,761.07
OUT_12418,210.42
OUT_12419,70.21
OUT_12420,201.64
OUT_12421,208.84
OUT_12422,69.97
OUT_12423,202.79
OUT_12424,705.36
OUT_12425,1714.85
OUT_12426,69.15
OUT_12427,75.68
OUT_12428,76.28
OUT_12429,205.7
OUT_12430,198.82
OUT_12431,76.4
OUT_12432,73.52
OUT_12433,60.27
OUT_12434,203.25
OUT_12435,200.17
OUT_12436,781.36
OUT_12437,67.07
OUT_12438,52.77
OUT_12439,76.42
OUT_12440,697.38
OUT_12441,68.9
OUT_12442,204.67
OUT_12443,36.44
OUT_12444,755.33
OUT_12445,1769.09
OUT_12446,218.51
OUT_12447,56.8
OUT_12448,198.18
OUT_12449,78.32
OUT_12450,199.81
OUT_12451,71.38
OUT_12452,51.91
OUT_12453,46.58
OUT_12454,74.19
OUT_12455,52.16
OUT_12456,647.74
OUT_12457,71.68
OUT_12458,56.09
OUT_12459,205.75
OUT_12460,736.78
OUT_12461,65.48
OUT_12462,67.66
OUT_12463,760.83
OUT_12464,209.02
OUT_12465,53.16
OUT_12466,61.48
OUT_12467,62.11
OUT_12468,72.54
OUT_12469,718.71
OUT_12470,197.93
OUT_12471,50.18
OUT_12472,42.73
OUT_12473,201.76
OUT_12474,67.38
OUT_12475,55.73
OUT_12476,211.17
OUT_12477,70.14
OUT_12478,68.03
OUT_12479,201.1
OUT_12480,786.95
OUT_12481,49.71
OUT_12482,779.31
OUT_12483,635.92
OUT_12484,1746.33
OUT_12485,758.21
OUT_12486,89.14
OUT_12487,49.19
OUT_12488,718.44
OUT_12489,46.39
OUT_12490,66.56
OUT_12491,60.04
OUT_12492,1729.61
OUT_12493,61.7
OUT_12494,1743.83
OUT_12495,209.7
OUT_12496,200.38
OUT_12497,62.23
OUT_12498,199.05
OUT_12499,68.23
OUT_12500,68.09
OUT_12501,198.84
OUT_12502,763.97
OUT_12503,199.76
OUT_12504,58.65
OUT_12505,68.71
OUT_12506,36.2
OUT_12507,749.62
OUT_12508,203.97
OUT_12509,752.48
OUT_12510,59.12
OUT_12511,42.88
OUT_12512,204.34
OUT_12513,196.1
OUT_12514,1716.9
OUT_12515,199.35
OUT_12516,62.98
OUT_12517,75.54
OUT_12518,725.11
OUT_12519,67.09
OUT_12520,58.23
OUT_12521,65.96
OUT_12522,741.4
OUT_12523,203.26
OUT_12524,59.23
OUT_12525,63.75
OUT_12526,65.5
OUT_12527,63.99
OUT_12528,70.55
OUT_12529,758.58
OUT_12530,790.11
OUT_12531,794.01
OUT_12532,68.49
OUT_12533,46.5
OUT_12534,64.46
OUT_12535,77.45
OUT_12536,740.13
OUT_12537,76.05
OUT_12538,205.76
OUT_12539,75.95
OUT_12540,65.68
OUT_12541,72.83
OUT_12542,212.66
OUT_12543,55.23
OUT_12544,219.08
OUT_12545,64.86
OUT_12546,63.6
OUT_12547,69.13
OUT_12548,69.16
OUT_12549,75.57
OUT_12550,72.38
OUT_12551,73.16
OUT_12552,631.19
OUT_12553,200.85
OUT_12554,66.24
OUT_12555,58.28
OUT_12556,55.31
OUT_12557,67.54
OUT_12558,54.71
OUT_12559,42.8
OUT_12560,72.94
OUT_12561,1693.75
OUT_12562,774.65
OUT_12563,663.86
OUT_12564,215.75
OUT_12565,56.89
OUT_12566,64.82
OUT_12567,71.03
OUT_12568,72.18
OUT_12569,737.89
OUT_12570,211.31
OUT_12571,49.99
OUT_12572,734.3
OUT_12573,79.52
OUT_12574,67.88
OUT_12575,188.67
OUT_12576,72.62
OUT_12577,55.32
OUT_12578,206.02
OUT_12579,213.32
OUT_12580,757.08
OUT_12581,778.26
OUT_12582,733.12
OUT_12583,66.7
OUT_12584,65.55
OUT_12585,68.53
OUT_12586,60.65
OUT_12587,752.69
OUT_12588,1726.15
OUT_12589,59.17
OUT_12590,59.94
OUT_12591,197.7
OUT_12592,1765.07
OUT_12593,217.27
OUT_12594,733.45
OUT_12595,214.41
OUT_12596,739.91
OUT_12597,35.27
OUT_12598,752.6
OUT_12599,69.4
OUT_12600,213.59
OUT_12601,69.42
OUT_12602,63.94
OUT_12603,773.97
OUT_12604,209.07
OUT_12605,193.67
OUT_12606,201.44
OUT_12607,199.44
OUT_12608,75.1
OUT_12609,66.34
OUT_12610,55.83
OUT_12611,214.77
OUT_12612,56.69
OUT_12613,79.16
OUT_12614,70.57
OUT_12615,217.36
OUT_12616,80.56
OUT_12617,46.09
OUT_12618,184.88
OUT_12619,71.88
OUT_12620,57.35
OUT_12621,655.9
OUT_12622,64.63
OUT_12623,721.69
OUT_12624,1686.01
OUT_12625,1726.38
OUT_12626,71.39
OUT_12627,62.57
OUT_12628,231.98
OUT_12629,779.08
OUT_12630,208.93
OUT_12631,62.93
OUT_12632,713.47
OUT_12633,59.31
OUT_12634,72.7
OUT_12635,207.43
OUT_12636,70.35
OUT_12637,67.54
OUT_12638,1756.92
OUT_12639,66.37
OUT_12640,67.79
OUT_12641,750.62
OUT_12642,1687.68
OUT_12643,207.41
OUT_12644,202.07
OUT_12645,74.18
OUT_12646,71.99
OUT_12647,68.09
OUT_12648,56.49
OUT_12649,59.19
OUT_12650,55.92
OUT_12651,45.87
OUT_12652,206.89
OUT_12653,206.4
OUT_12654,686.04
OUT_12655,53.87
OUT_12656,64.47
OUT_12657,57.11
OUT_12658,1729.64
OUT_12659,65.65
OUT_12660,196.23
OUT_12661,42.0
OUT_12662,68.12
OUT_12663,65.47
OUT_12664,203.95
OUT_12665,63.6
OUT_12666,701.89
OUT_12667,51.41
OUT_12668,194.32
OUT_12669,68.93
OUT_12670,200.63
OUT_12671,77.59
OUT_12672,699.29
OUT_12673,70.8
OUT_12674,67.16
OUT_12675,1747.25
OUT_12676,53.91
OUT_12677,216.94
OUT_12678,202.67
OUT_12679,57.13
OUT_12680,66.14
OUT_12681,58.7
OUT_12682,712.65
OUT_12683,1724.38
OUT_12684,78.99
OUT_12685,63.42
OUT_12686,62.67
OUT_12687,70.75
OUT_12688,68.58
OUT_12689,226.36
OUT_12690,213.41
OUT_12691,1730.84
OUT_12692,202.44
OUT_12693,212.2
OUT_12694,62.64
OUT_12695,67.49
OUT_12696,68.84
OUT_12697,763.03
OUT_12698,196.47
OUT_12699,46.73
OUT_12700,66.87
OUT_12701,60.81
OUT_12702,692.93
OUT_12703,63.75
OUT_12704,638.61
OUT_12705,754.41
OUT_12706,213.67
OUT_12707,206.65
OUT_12708,72.73
OUT_12709,204.14
OUT_12710,39.82
OUT_12711,28.19
OUT_12712,197.69
OUT_12713,63.82
OUT_12714,198.12
OUT_12715,73.63
OUT_12716,218.67
OUT_12717,195.31
OUT_12718,67.0
OUT_12719,193.83
OUT_12720,82.48
OUT_12721,59.14
OUT_12722,201.33
OUT_12723,51.95
OUT_12724,59.1
OUT_12725,68.08
OUT_12726,66.17
OUT_12727,48.44
OUT_12728,1745.3
OUT_12729,199.18
OUT_12730,708.02
OUT_12731,210.76
OUT_12732,58.18
OUT_12733,75.16
OUT_12734,705.69
OUT_12735,222.33
OUT_12736,67.42
OUT_12737,67.84
OUT_12738,73.53
OUT_12739,68.52
OUT_12740,763.63
OUT_12741,67.45
OUT_12742,1752.42
OUT_12743,230.29
OUT_12744,208.32
OUT_12745,763.13
OUT_12746,66.18
OUT_12747,66.19
OUT_12748,83.12
OUT_12749,61.45
OUT_12750,195.84
OUT_12751,67.71
OUT_12752,68.53
OUT_12753,216.93
OUT_12754,719.49
OUT_12755,225.8
OUT_12756,69.76
OUT_12757,43.28
OUT_12758,53.7
OUT_12759,65.99
OUT_12760,66.0
OUT_12761,68.87
OUT_12762,82.41
OUT_12763,188.73
OUT_12764,65.83
OUT_12765,49.95
OUT_12766,51.24
OUT_12767,72.79
OUT_12768,47.82
OUT_12769,731.4
OUT_12770,58.96
OUT_12771,63.07
OUT_12772,68.02
OUT_12773,48.57
OUT_12774,78.98
OUT_12775,71.74
OUT_12776,64.82
OUT_12777,211.16
OUT_12778,65.65
OUT_12779,68.22
OUT_12780,69.95
OUT_12781,76.23
OUT_12782,217.35
OUT_12783,675.05
OUT_12784,170.97
OUT_12785,211.81
OUT_12786,65.34
OUT_12787,76.14
OUT_12788,211.08
OUT_12789,229.62
OUT_12790,206.9
OUT_12791,71.78
OUT_12792,193.12
OUT_12793,205.68
OUT_12794,71.03
OUT_12795,44.04
OUT_12796,62.2
OUT_12797,66.12
OUT_12798,57.17
OUT_12799,54.04
OUT_12800,68.85
OUT_12801,213.94
OUT_12802,68.09
OUT_12803,64.7
OUT_12804,710.03
OUT_12805,70.54
OUT_12806,202.95
OUT_12807,766.07
OUT_12808,74.06
OUT_12809,186.63
OUT_12810,214.39
OUT_12811,199.65
OUT_12812,71.24
OUT_12813,206.31
OUT_12814,211.15
OUT_12815,694.41
OUT_12816,226.33
OUT_12817,202.16
OUT_12818,68.76
OUT_12819,78.36
OUT_12820,644.78
OUT_12821,202.99
OUT_12822,34.05
OUT_12823,34.22
OUT_12824,73.01
OUT_12825,74.99
OUT_12826,62.39
OUT_12827,71.69
OUT_12828,70.81
OUT_12829,69.22
OUT_12830,51.72
OUT_12831,59.05
OUT_12832,205.78
OUT_12833,207.45
OUT_12834,1750.93
OUT_12835,67.95
OUT_12836,216.25
OUT_12837,61.96
OUT_12838,56.78
OUT_12839,70.84
OUT_12840,74.7
OUT_12841,42.56
OUT_12842,640.12
OUT_12843,203.56
OUT_12844,222.17
OUT_12845,225.4
OUT_12846,61.8
OUT_12847,64.58
OUT_12848,1716.85
OUT_12849,211.07
OUT_12850,70.07
OUT_12851,197.54
OUT_12852,71.92
OUT_12853,80.58
OUT_12854,66.17
OUT_12855,1722.81
OUT_12856,56.26
OUT_12857,736.12
OUT_12858,67.82
OUT_12859,66.33
OUT_12860,72.74
OUT_12861,210.58
OUT_12862,208.2
OUT_12863,710.04
OUT_12864,72.46
OUT_12865,1738.07
OUT_12866,67.22
OUT_12867,227.58
OUT_12868,66.52
OUT_12869,55.31
OUT_12870,56.68
OUT_12871,73.0
OUT_12872,68.86
OUT_12873,1703.53
OUT_12874,1776.95
OUT_12875,751.58
OUT_12876,199.7
OUT_12877,65.19
OUT_12878,70.05
OUT_12879,211.67
OUT_12880,66.14
OUT_12881,197.17
OUT_12882,1726.42
OUT_12883,218.29
OUT_12884,66.25
OUT_12885,204.76
OUT_12886,183.42
OUT_12887,64.04
OUT_12888,68.48
OUT_12889,205.78
OUT_12890,1742.47
OUT_12891,203.01
OUT_12892,196.81
OUT_12893,54.71
OUT_12894,74.09
OUT_12895,57.84
OUT_12896,198.1
OUT_12897,65.64
OUT_12898,57.31
OUT_12899,63.16
OUT_12900,751.85
OUT_12901,66.31
OUT_12902,51.41
OUT_12903,62.73
OUT_12904,196.47
OUT_12905,767.77
OUT_12906,767.77
OUT_12907,708.14
OUT_12908,75.56
OUT_12909,198.86
OUT_12910,62.92
OUT_12911,660.93
OUT_12912,64.58
OUT_12913,186.11
OUT_12914,72.07
OUT_12915,203.86
OUT_12916,62.57
OUT_12917,71.35
OUT_12918,199.43
OUT_12919,65.46
OUT_12920,54.72
OUT_12921,191.0
OUT_12922,72.8
OUT_12923,713.63
OUT_12924,223.46
OUT_12925,207.5
OUT_12926,699.66
OUT_12927,52.97
OUT_12928,61.93
OUT_12929,49.87
OUT_12930,227.27
OUT_12931,72.8
OUT_12932,1734.56
OUT_12933,224.46
OUT_12934,238.74
OUT_12935,749.7
OUT_12936,59.96
OUT_12937,63.13
OUT_12938,55.64
OUT_12939,1708.92
OUT_12940,65.66
OUT_12941,713.65
OUT_12942,206.63
OUT_12943,75.41
OUT_12944,204.76
OUT_12945,206.04
OUT_12946,209.36
OUT_12947,64.7
OUT_12948,60.27
OUT_12949,728.57
OUT_12950,203.77
OUT_12951,238.46
OUT_12952,38.63
OUT_12953,730.76
OUT_12954,61.49
OUT_12955,59.98
OUT_12956,60.97
OUT_12957,56.03
OUT_12958,211.6
OUT_12959,72.1
OUT_12960,207.34
OUT_12961,754.74
OUT_12962,65.2
OUT_12963,204.04
OUT_12964,60.02
OUT_12965,768.7
OUT_12966,69.64
OUT_12967,70.12
OUT_12968,43.26
OUT_12969,1714.72
OUT_12970,197.38
OUT_12971,667.53
OUT_12972,193.96
OUT_12973,58.43
OUT_12974,1720.91
OUT_12975,75.33
OUT_12976,737.13
OUT_12977,739.73
OUT_12978,1693.13
OUT_12979,219.21
OUT_12980,68.24
OUT_12981,62.64
OUT_12982,212.08
OUT_12983,69.13
OUT_12984,72.17
OUT_12985,707.99
OUT_12986,736.23
OUT_12987,1692.18
OUT_12988,43.51
OUT_12989,58.5
OUT_12990,203.12
OUT_12991,708.22
OUT_12992,203.37
OUT_12993,788.58
OUT_12994,211.07
OUT_12995,69.62
OUT_12996,216.56
OUT_12997,209.54
OUT_12998,63.93
OUT_12999,64.92
OUT_13000,196.29
OUT_13001,60.5
OUT_13002,64.55
OUT_13003,50.77
OUT_13004,196.33
OUT_13005,66.87
OUT_13006,63.47
OUT_13007,50.02
OUT_13008,1696.94
OUT_13009,42.95
OUT_13010,631.84
OUT_13011,60.51
OUT_13012,74.91
OUT_13013,70.06
OUT_13014,50.99
OUT_13015,209.55
OUT_13016,66.41
OUT_13017,661.47
OUT_13018,196.43
OUT_13019,690.69
OUT_13020,200.0
OUT_13021,74.48
OUT_13022,60.21
OUT_13023,1733.52
OUT_13024,65.73
OUT_13025,64.36
OUT_13026,613.19
OUT_13027,181.49
OUT_13028,65.71
OUT_13029,193.37
OUT_13030,65.4
OUT_13031,63.76
OUT_13032,615.72
OUT_13033,43.65
OUT_13034,50.35
OUT_13035,1543.04
OUT_13036,186.6
OUT_13037,66.23
OUT_13038,62.1
OUT_13039,215.57
OUT_13040,65.14
OUT_13041,69.12
OUT_13042,65.69
OUT_13043,66.4
OUT_13044,196.62
OUT_13045,55.9
OUT_13046,64.86
OUT_13047,68.89
OUT_13048,62.91
OUT_13049,68.17
OUT_13050,62.38
OUT_13051,67.55
OUT_13052,682.72
OUT_13053,191.4
OUT_13054,65.37
OUT_13055,1617.98
OUT_13056,189.1
OUT_13057,639.2
OUT_13058,34.18
OUT_13059,62.77
OUT_13060,75.02
OUT_13061,55.15
OUT_13062,52.84
OUT_13063,632.54
OUT_13064,66.16
OUT_13065,66.25
OUT_13066,184.4
OUT_13067,59.73
OUT_13068,52.58
OUT_13069,49.52
OUT_13070,61.73
OUT_13071,38.67
OUT_13072,649.66
OUT_13073,69.19
OUT_13074,63.75
OUT_13075,197.76
OUT_13076,189.06
OUT_13077,63.81
OUT_13078,70.77
OUT_13079,62.42
OUT_13080,68.04
OUT_13081,59.44
OUT_13082,60.9
OUT_13083,54.4
OUT_13084,65.77
OUT_13085,61.01
OUT_13086,53.07
OUT_13087,64.36
OUT_13088,662.86
OUT_13089,62.14
OUT_13090,68.71
OUT_13091,193.24
OUT_13092,192.88
OUT_13093,194.28
OUT_13094,63.71
OUT_13095,192.93
OUT_13096,195.49
OUT_13097,654.38
OUT_13098,65.42
OUT_13099,48.39
OUT_13100,70.72
OUT_13101,196.66
OUT_13102,53.71
OUT_13103,60.51
OUT_13104,196.4
OUT_13105,616.61
OUT_13106,63.57
OUT_13107,60.14
OUT_13108,67.18
OUT_13109,194.42
OUT_13110,71.36
OUT_13111,206.58
OUT_13112,69.91
OUT_13113,1736.62
OUT_13114,65.68
OUT_13115,68.38
OUT_13116,187.7
OUT_13117,53.49
OUT_13118,1604.26
OUT_13119,194.63
OUT_13120,194.44
OUT_13121,66.38
OUT_13122,67.38
OUT_13123,44.11
OUT_13124,52.74
OUT_13125,205.84
OUT_13126,75.36
OUT_13127,59.38
OUT_13128,614.43
OUT_13129,190.76
OUT_13130,190.65
OUT_13131,77.27
OUT_13132,65.13
OUT_13133,55.06
OUT_13134,68.81
OUT_13135,675.73
OUT_13136,68.69
OUT_13137,56.11
OUT_13138,66.06
OUT_13139,71.64
OUT_13140,1637.7
OUT_13141,203.92
OUT_13142,74.7
OUT_13143,74.25
OUT_13144,640.04
OUT_13145,50.08
OUT_13146,58.35
OUT_13147,62.87
OUT_13148,192.06
OUT_13149,691.3
OUT_13150,190.07
OUT_13151,197.17
OUT_13152,191.23
OUT_13153,187.53
OUT_13154,68.98
OUT_13155,57.7
OUT_13156,68.84
OUT_13157,195.75
OUT_13158,692.16
OUT_13159,64.47
OUT_13160,75.2
OUT_13161,65.0
OUT_13162,77.09
OUT_13163,61.73
OUT_13164,65.73
OUT_13165,202.79
OUT_13166,66.67
OUT_13167,211.62
OUT_13168,649.36
OUT_13169,53.74
OUT_13170,187.28
OUT_13171,196.06
OUT_13172,195.51
OUT_13173,678.69
OUT_13174,71.25
OUT_13175,48.51
OUT_13176,64.78
OUT_13177,210.35
OUT_13178,65.37
OUT_13179,62.73
OUT_13180,200.97
OUT_13181,53.52
OUT_13182,73.24
OUT_13183,62.4
OUT_13184,196.13
OUT_13185,200.22
OUT_13186,196.54
OUT_13187,62.55
OUT_13188,204.69
OUT_13189,195.26
OUT_13190,77.23
OUT_13191,51.7
OUT_13192,34.98
OUT_13193,52.67
OUT_13194,217.62
OUT_13195,73.08
OUT_13196,61.8
OUT_13197,70.2
OUT_13198,196.83
OUT_13199,61.11
OUT_13200,50.94
OUT_13201,193.46
OUT_13202,73.99
OUT_13203,212.67
OUT_13204,58.32
OUT_13205,82.24
OUT_13206,634.64
OUT_13207,62.98
OUT_13208,63.84
OUT_13209,72.11
OUT_13210,192.21
OUT_13211,66.09
OUT_13212,58.76
OUT_13213,198.56
OUT_13214,33.15
OUT_13215,49.16
OUT_13216,67.92
OUT_13217,63.5
OUT_13218,62.48
OUT_13219,47.68
OUT_13220,710.56
OUT_13221,67.29
OUT_13222,69.93
OUT_13223,202.02
OUT_13224,71.46
OUT_13225,68.51
OUT_13226,60.85
OUT_13227,198.52
OUT_13228,766.49
OUT_13229,65.75
OUT_13230,1691.8
OUT_13231,703.37
OUT_13232,1642.08
OUT_13233,61.08
OUT_13234,1663.39
OUT_13235,70.7
OUT_13236,69.7
OUT_13237,1659.83
OUT_13238,656.8
OUT_13239,57.81
OUT_13240,1664.12
OUT_13241,205.67
OUT_13242,70.58
OUT_13243,195.4
OUT_13244,57.45
OUT_13245,52.75
OUT_13246,192.31
OUT_13247,65.75
OUT_13248,72.24
OUT_13249,65.55
OUT_13250,52.96
OUT_13251,53.97
OUT_13252,723.82
OUT_13253,47.9
OUT_13254,1655.55
OUT_13255,63.39
OUT_13256,619.92
OUT_13257,59.62
OUT_13258,197.89
OUT_13259,68.23
OUT_13260,75.31
OUT_13261,66.34
OUT_13262,66.88
OUT_13263,53.33
OUT_13264,206.76
OUT_13265,61.14
OUT_13266,1707.34
OUT_13267,74.03
OUT_13268,76.31
OUT_13269,759.86
OUT_13270,622.85
OUT_13271,715.91
OUT_13272,619.34
OUT_13273,62.66
OUT_13274,77.16
OUT_13275,58.13
OUT_13276,63.63
OUT_13277,204.37
OUT_13278,59.68
OUT_13279,180.49
OUT_13280,198.43
OUT_13281,700.2
OUT_13282,56.65
OUT_13283,39.62
OUT_13284,703.68
OUT_13285,699.53
OUT_13286,195.4
OUT_13287,59.56
OUT_13288,623.29
OUT_13289,723.85
OUT_13290,55.84
OUT_13291,62.19
OUT_13292,196.36
OUT_13293,192.54
OUT_13294,191.11
OUT_13295,54.83
OUT_13296,1639.37
OUT_13297,192.56
OUT_13298,191.61
OUT_13299,61.48
OUT_13300,69.58
OUT_13301,73.75
OUT_13302,197.0
OUT_13303,205.09
OUT_13304,69.06
OUT_13305,63.87
OUT_13306,55.41
OUT_13307,56.88
OUT_13308,48.38
OUT_13309,190.55
OUT_13310,70.55
OUT_13311,205.67
OUT_13312,76.57
OUT_13313,60.23
OUT_13314,1698.22
OUT_13315,59.5
OUT_13316,55.84
OUT_13317,67.06
OUT_13318,619.74
OUT_13319,721.49
OUT_13320,723.31
OUT_13321,67.8
OUT_13322,60.37
OUT_13323,63.05
OUT_13324,186.42
OUT_13325,60.91
OUT_13326,73.05
OUT_13327,67.25
OUT_13328,63.79
OUT_13329,59.59
OUT_13330,52.85
OUT_13331,59.15
OUT_13332,70.18
OUT_13333,1640.77
OUT_13334,194.78
OUT_13335,1721.25
OUT_13336,57.59
OUT_13337,50.17
OUT_13338,642.2
OUT_13339,642.99
OUT_13340,62.04
OUT_13341,64.35
OUT_13342,68.73
OUT_13343,602.14
OUT_13344,63.9
OUT_13345,57.03
OUT_13346,56.8
OUT_13347,1583.88
OUT_13348,45.64
OUT_13349,63.71
OUT_13350,699.46
OUT_13351,199.74
OUT_13352,201.76
OUT_13353,198.12
OUT_13354,66.21
OUT_13355,186.17
OUT_13356,42.65
OUT_13357,63.79
OUT_13358,54.02
OUT_13359,79.4
OUT_13360,196.93
OUT_13361,67.84
OUT_13362,51.37
OUT_13363,65.36
OUT_13364,195.74
OUT_13365,64.09
OUT_13366,200.3
OUT_13367,68.02
OUT_13368,194.13
OUT_13369,207.84
OUT_13370,748.85
OUT_13371,59.78
OUT_13372,66.99
OUT_13373,55.42
OUT_13374,63.36
OUT_13375,54.07
OUT_13376,225.21
OUT_13377,217.07
OUT_13378,64.29
OUT_13379,1660.69
OUT_13380,190.13
OUT_13381,65.93
OUT_13382,72.84
OUT_13383,68.33
OUT_13384,199.49
OUT_13385,196.58
OUT_13386,60.96
OUT_13387,180.19
OUT_13388,188.06
OUT_13389,188.12
OUT_13390,710.47
OUT_13391,183.5
OUT_13392,697.57
OUT_13393,62.16
OUT_13394,73.44
OUT_13395,624.57
OUT_13396,68.97
OUT_13397,69.34
OUT_13398,67.55
OUT_13399,63.91
OUT_13400,67.85
OUT_13401,190.31
OUT_13402,222.02
OUT_13403,1611.09
OUT_13404,62.86
OUT_13405,201.11
OUT_13406,57.33
OUT_13407,64.83
OUT_13408,67.73
OUT_13409,184.27
OUT_13410,695.82
OUT_13411,69.63
OUT_13412,1587.13
OUT_13413,198.3
OUT_13414,649.03
OUT_13415,62.94
OUT_13416,191.71
OUT_13417,644.01
OUT_13418,67.91
OUT_13419,40.91
OUT_13420,33.54
OUT_13421,70.52
OUT_13422,54.28
OUT_13423,66.02
OUT_13424,66.85
OUT_13425,67.3
OUT_13426,70.87
OUT_13427,64.64
OUT_13428,62.2
OUT_13429,72.75
OUT_13430,678.7
OUT_13431,62.58
OUT_13432,63.18
OUT_13433,63.77
OUT_13434,75.42
OUT_13435,60.5
OUT_13436,65.81
OUT_13437,66.45
OUT_13438,57.07
OUT_13439,72.37
OUT_13440,669.08
OUT_13441,66.82
OUT_13442,656.45
OUT_13443,198.6
OUT_13444,60.25
OUT_13445,64.93
OUT_13446,646.05
OUT_13447,207.9
OUT_13448,697.35
OUT_13449,58.69
OUT_13450,199.05
OUT_13451,58.14
OUT_13452,67.09
OUT_13453,633.6
OUT_13454,72.09
OUT_13455,203.6
OUT_13456,78.69
OUT_13457,190.93
OUT_13458,699.05
OUT_13459,42.51
OUT_13460,75.02
OUT_13461,63.88
OUT_13462,214.17
OUT_13463,65.37
OUT_13464,192.96
OUT_13465,71.93
OUT_13466,46.1
OUT_13467,70.0
OUT_13468,664.71
OUT_13469,654.35
OUT_13470,195.91
OUT_13471,61.49
OUT_13472,201.87
OUT_13473,67.7
OUT_13474,68.99
OUT_13475,27.3
OUT_13476,183.34
OUT_13477,639.94
OUT_13478,189.01
OUT_13479,41.39
OUT_13480,62.37
OUT_13481,1687.61
OUT_13482,199.27
OUT_13483,37.97
OUT_13484,173.32
OUT_13485,617.81
OUT_13486,64.21
OUT_13487,61.61
OUT_13488,196.5
OUT_13489,194.88
OUT_13490,207.11
OUT_13491,68.16
OUT_13492,48.77
OUT_13493,56.54
OUT_13494,57.48
OUT_13495,68.95
OUT_13496,630.65
OUT_13497,55.4
OUT_13498,199.65
OUT_13499,197.78
OUT_13500,193.41
OUT_13501,210.15
OUT_13502,67.97
OUT_13503,63.36
OUT_13504,637.18
OUT_13505,702.43
OUT_13506,723.71
OUT_13507,184.96
OUT_13508,63.33
OUT_13509,196.55
OUT_13510,72.18
OUT_13511,62.53
OUT_13512,78.99
OUT_13513,74.07
OUT_13514,1725.3
OUT_13515,200.1
OUT_13516,648.59
OUT_13517,193.48
OUT_13518,53.26
OUT_13519,63.48
OUT_13520,685.12
OUT_13521,67.33
OUT_13522,734.92
OUT_13523,56.0
OUT_13524,198.27
OUT_13525,52.31
OUT_13526,700.0
OUT_13527,731.49
OUT_13528,67.73
OUT_13529,59.16
OUT_13530,628.88
OUT_13531,194.53
OUT_13532,55.51
OUT_13533,196.41
OUT_13534,1639.75
OUT_13535,66.94
OUT_13536,711.37
OUT_13537,70.16
OUT_13538,64.19
OUT_13539,208.51
OUT_13540,1666.1
OUT_13541,64.26
OUT_13542,81.98
OUT_13543,207.78
OUT_13544,197.42
OUT_13545,198.4
OUT_13546,195.52
OUT_13547,186.85
OUT_13548,64.25
OUT_13549,194.83
OUT_13550,66.65
OUT_13551,186.71
OUT_13552,67.2
OUT_13553,62.22
OUT_13554,202.3
OUT_13555,73.43
OUT_13556,709.36
OUT_13557,74.64
OUT_13558,54.84
OUT_13559,58.45
OUT_13560,1658.72
OUT_13561,59.68
OUT_13562,650.27
OUT_13563,633.18
OUT_13564,71.78
OUT_13565,67.46
OUT_13566,62.55
OUT_13567,52.61
OUT_13568,205.41
OUT_13569,59.68
OUT_13570,50.63
OUT_13571,50.4
OUT_13572,59.52
OUT_13573,63.7
OUT_13574,740.52
OUT_13575,738.26
OUT_13576,50.86
OUT_13577,67.29
OUT_13578,66.25
OUT_13579,618.73
OUT_13580,185.28
OUT_13581,68.22
OUT_13582,200.34
OUT_13583,38.39
OUT_13584,73.09
OUT_13585,67.74
OUT_13586,76.17
OUT_13587,69.19
OUT_13588,50.96
OUT_13589,69.93
OUT_13590,207.83
OUT_13591,58.37
OUT_13592,202.01
OUT_13593,66.37
OUT_13594,53.96
OUT_13595,630.35
OUT_13596,598.6
OUT_13597,46.71
OUT_13598,62.66
OUT_13599,1613.43
OUT_13600,59.42
OUT_13601,70.69
OUT_13602,194.83
OUT_13603,652.1
OUT_13604,66.3
OUT_13605,203.09
OUT_13606,48.73
OUT_13607,203.54
OUT_13608,198.1
OUT_13609,43.67
OUT_13610,74.3
OUT_13611,613.14
OUT_13612,62.27
OUT_13613,1514.59
OUT_13614,183.23
OUT_13615,39.25
OUT_13616,60.4
OUT_13617,185.75
OUT_13618,1715.67
OUT_13619,194.8
OUT_13620,712.43
OUT_13621,61.78
OUT_13622,195.45
OUT_13623,195.26
OUT_13624,197.79
OUT_13625,201.29
OUT_13626,206.74
OUT_13627,193.63
OUT_13628,56.15
OUT_13629,69.59
OUT_13630,63.41
OUT_13631,190.51
OUT_13632,70.53
OUT_13633,188.01
OUT_13634,662.46
OUT_13635,67.81
OUT_13636,62.57
OUT_13637,60.37
OUT_13638,194.21
OUT_13639,1699.6
OUT_13640,186.11
OUT_13641,204.3
OUT_13642,677.0
OUT_13643,62.29
OUT_13644,719.21
OUT_13645,631.46
OUT_13646,39.86
OUT_13647,1672.03
OUT_13648,1667.24
OUT_13649,652.87
OUT_13650,66.89
OUT_13651,204.99
OUT_13652,60.2
OUT_13653,29.19
OUT_13654,204.31
OUT_13655,65.52
OUT_13656,65.29
OUT_13657,206.65
OUT_13658,50.62
OUT_13659,65.61
OUT_13660,191.47
OUT_13661,38.99
OUT_13662,200.37
OUT_13663,194.31
OUT_13664,604.17
OUT_13665,1699.08
OUT_13666,57.45
OUT_13667,75.52
OUT_13668,189.19
OUT_13669,78.34
OUT_13670,648.25
OUT_13671,180.64
OUT_13672,199.71
OUT_13673,58.44
OUT_13674,68.24
OUT_13675,63.25
OUT_13676,64.56
OUT_13677,685.66
OUT_13678,625.72
OUT_13679,64.33
OUT_13680,77.14
OUT_13681,59.19
OUT_13682,57.22
OUT_13683,188.91
OUT_13684,193.2
OUT_13685,67.01
OUT_13686,67.05
OUT_13687,191.89
OUT_13688,64.94
OUT_13689,64.68
OUT_13690,52.68
OUT_13691,196.21
OUT_13692,58.68
OUT_13693,197.9
OUT_13694,1730.66
OUT_13695,75.42
OUT_13696,194.88
OUT_13697,198.24
OUT_13698,67.53
OUT_13699,205.93
OUT_13700,69.81
OUT_13701,56.99
OUT_13702,196.47
OUT_13703,68.74
OUT_13704,57.76
OUT_13705,63.22
OUT_13706,70.27
OUT_13707,54.7
OUT_13708,63.94
OUT_13709,67.36
OUT_13710,74.41
OUT_13711,76.56
OUT_13712,66.35
OUT_13713,73.16
OUT_13714,69.53
OUT_13715,754.84
OUT_13716,655.47
OUT_13717,200.35
OUT_13718,636.39
OUT_13719,188.38
OUT_13720,64.42
OUT_13721,207.72
OUT_13722,193.7
OUT_13723,202.45
OUT_13724,73.41
OUT_13725,73.1
OUT_13726,192.67
OUT_13727,65.44
OUT_13728,58.6
OUT_13729,69.68
OUT_13730,64.84
OUT_13731,62.61
OUT_13732,193.78
OUT_13733,66.6
OUT_13734,690.03
OUT_13735,54.18
OUT_13736,656.26
OUT_13737,688.74
OUT_13738,71.81
OUT_13739,67.84
OUT_13740,47.88
OUT_13741,64.01
OUT_13742,667.96
OUT_13743,71.69
OUT_13744,66.11
OUT_13745,55.59
OUT_13746,55.28
OUT_13747,195.26
OUT_13748,70.16
OUT_13749,69.27
OUT_13750,203.43
OUT_13751,74.8
OUT_13752,186.03
OUT_13753,1684.2
OUT_13754,64.93
OUT_13755,197.98
OUT_13756,66.18
OUT_13757,675.22
OUT_13758,613.79
OUT_13759,74.29
OUT_13760,185.5
OUT_13761,718.81
OUT_13762,623.0
OUT_13763,624.12
OUT_13764,60.89
OUT_13765,63.11
OUT_13766,50.73
OUT_13767,199.36
OUT_13768,194.48
OUT_13769,53.04
OUT_13770,51.98
OUT_13771,59.35
OUT_13772,76.55
OUT_13773,195.19
OUT_13774,55.53
OUT_13775,67.26
OUT_13776,206.52
OUT_13777,195.75
OUT_13778,62.11
OUT_13779,58.06
OUT_13780,621.76
OUT_13781,64.22
OUT_13782,78.21
OUT_13783,79.47
OUT_13784,71.97
OUT_13785,49.97
OUT_13786,189.93
OUT_13787,73.7
OUT_13788,72.86
OUT_13789,193.94
OUT_13790,213.86
OUT_13791,730.18
OUT_13792,54.91
OUT_13793,179.43
OUT_13794,66.96
OUT_13795,67.25
OUT_13796,195.07
OUT_13797,57.27
OUT_13798,53.49
OUT_13799,70.63
OUT_13800,611.97
OUT_13801,1555.14
OUT_13802,632.16
OUT_13803,31.67
OUT_13804,61.5
OUT_13805,45.86
OUT_13806,194.09
OUT_13807,192.4
OUT_13808,1701.97
OUT_13809,53.82
OUT_13810,47.61
OUT_13811,196.39
OUT_13812,629.0
OUT_13813,1701.83
OUT_13814,78.42
OUT_13815,649.56
OUT_13816,82.19
OUT_13817,180.68
OUT_13818,197.54
OUT_13819,198.56
OUT_13820,65.77
OUT_13821,679.3
OUT_13822,54.19
OUT_13823,193.51
OUT_13824,53.8
OUT_13825,54.38
OUT_13826,188.89
OUT_13827,192.12
OUT_13828,1719.04
OUT_13829,202.32
OUT_13830,59.76
OUT_13831,199.23
OUT_13832,53.84
OUT_13833,201.76
OUT_13834,206.65
OUT_13835,188.55
OUT_13836,63.04
OUT_13837,63.26
OUT_13838,63.77
OUT_13839,200.63
OUT_13840,201.01
OUT_13841,60.54
OUT_13842,59.98
OUT_13843,200.82
OUT_13844,73.62
OUT_13845,48.31
OUT_13846,78.0
OUT_13847,187.9
OUT_13848,66.84
OUT_13849,60.57
OUT_13850,66.02
OUT_13851,680.93
OUT_13852,68.38
OUT_13853,56.96
OUT_13854,54.68
OUT_13855,41.78
OUT_13856,70.58
OUT_13857,742.4
OUT_13858,616.42
OUT_13859,64.06
OUT_13860,56.15
OUT_13861,73.53
OUT_13862,66.72
OUT_13863,68.18
OUT_13864,67.63
OUT_13865,61.68
OUT_13866,72.71
OUT_13867,73.17
OUT_13868,69.32
OUT_13869,50.98
OUT_13870,61.11
OUT_13871,194.96
OUT_13872,65.47
OUT_13873,201.28
OUT_13874,24.0
OUT_13875,703.07
OUT_13876,208.06
OUT_13877,635.36
OUT_13878,199.47
OUT_13879,196.25
OUT_13880,1696.16
OUT_13881,194.02
OUT_13882,51.78
OUT_13883,1696.73
OUT_13884,654.14
OUT_13885,73.94
OUT_13886,65.96
OUT_13887,60.14
OUT_13888,64.15
OUT_13889,57.3
OUT_13890,63.29
OUT_13891,192.95
OUT_13892,54.28
OUT_13893,64.57
OUT_13894,196.46
OUT_13895,49.29
OUT_13896,196.88
OUT_13897,187.42
OUT_13898,61.23
OUT_13899,78.19
OUT_13900,195.48
OUT_13901,57.77
OUT_13902,198.21
OUT_13903,74.66
OUT_13904,644.08
OUT_13905,1654.81
OUT_13906,71.84
OUT_13907,190.43
OUT_13908,1691.77
OUT_13909,69.1
OUT_13910,70.03
OUT_13911,58.28
OUT_13912,643.22
OUT_13913,200.91
OUT_13914,215.58
OUT_13915,199.88
OUT_13916,185.04
OUT_13917,197.86
OUT_13918,193.79
OUT_13919,198.7
OUT_13920,80.78
OUT_13921,1666.07
OUT_13922,67.77
OUT_13923,63.39
OUT_13924,196.03
OUT_13925,632.75
OUT_13926,185.62
OUT_13927,66.75
OUT_13928,63.43
OUT_13929,64.59
OUT_13930,64.03
OUT_13931,204.61
OUT_13932,199.56
OUT_13933,195.39
OUT_13934,72.55
OUT_13935,186.5
OUT_13936,60.33
OUT_13937,664.8
OUT_13938,202.49
OUT_13939,66.12
OUT_13940,202.08
OUT_13941,59.41
OUT_13942,62.57
OUT_13943,682.07
OUT_13944,615.35
OUT_13945,66.65
OUT_13946,198.99
OUT_13947,197.0
OUT_13948,65.8
OUT_13949,59.71
OUT_13950,633.52
OUT_13951,190.12
OUT_13952,70.79
OUT_13953,199.03
OUT_13954,1645.59
OUT_13955,73.93
OUT_13956,632.53
OUT_13957,67.88
OUT_13958,200.12
OUT_13959,190.46
OUT_13960,43.67
OUT_13961,200.13
OUT_13962,67.46
OUT_13963,660.61
OUT_13964,66.45
OUT_13965,190.25
OUT_13966,54.86
OUT_13967,58.77
OUT_13968,59.83
OUT_13969,194.64
OUT_13970,718.09
OUT_13971,67.3
OUT_13972,646.86
OUT_13973,192.11
OUT_13974,74.81
OUT_13975,648.4
OUT_13976,71.94
OUT_13977,645.77
OUT_13978,66.89
OUT_13979,185.67
OUT_13980,212.14
OUT_13981,1669.62
OUT_13982,1740.77
OUT_13983,69.6
OUT_13984,77.19
OUT_13985,64.03
OUT_13986,1677.66
OUT_13987,70.27
OUT_13988,191.31
OUT_13989,53.57
OUT_13990,63.34
OUT_13991,186.92
OUT_13992,733.94
OUT_13993,62.73
OUT_13994,198.93
OUT_13995,77.77
OUT_13996,1718.99
OUT_13997,67.94
OUT_13998,1654.06
OUT_13999,64.06
OUT_14000,66.27
OUT_14001,43.59
OUT_14002,69.21
OUT_14003,69.57
OUT_14004,67.88
OUT_14005,195.35
OUT_14006,60.87
OUT_14007,193.93
OUT_14008,200.04
OUT_14009,192.45
OUT_14010,63.72
OUT_14011,200.73
OUT_14012,36.1
OUT_14013,72.89
OUT_14014,746.91
OUT_14015,688.02
OUT_14016,59.85
OUT_14017,192.19
OUT_14018,43.72
OUT_14019,190.08
OUT_14020,49.12
OUT_14021,197.51
OUT_14022,77.46
OUT_14023,1676.9
OUT_14024,613.4
OUT_14025,650.86
OUT_14026,59.28
OUT_14027,73.19
OUT_14028,75.75
OUT_14029,667.17
OUT_14030,661.15
OUT_14031,193.84
OUT_14032,678.18
OUT_14033,677.72
OUT_14034,1691.84
OUT_14035,66.59
OUT_14036,621.3
OUT_14037,653.97
OUT_14038,63.22
OUT_14039,193.58
OUT_14040,196.72
OUT_14041,61.21
OUT_14042,57.11
OUT_14043,64.79
OUT_14044,47.45
OUT_14045,186.64
OUT_14046,43.49
OUT_14047,204.16
OUT_14048,71.53
OUT_14049,58.87
OUT_14050,1716.83
OUT_14051,205.16
OUT_14052,66.64
OUT_14053,72.6
OUT_14054,71.65
OUT_14055,60.14
OUT_14056,195.17
OUT_14057,659.47
OUT_14058,189.22
OUT_14059,58.45
OUT_14060,192.03
OUT_14061,188.11
OUT_14062,674.02
OUT_14063,1506.1
OUT_14064,62.12
OUT_14065,648.25
OUT_14066,68.79
OUT_14067,66.98
OUT_14068,190.44
OUT_14069,62.1
OUT_14070,185.32
OUT_14071,63.81
OUT_14072,194.24
OUT_14073,59.51
OUT_14074,623.04
OUT_14075,68.23
OUT_14076,622.03
OUT_14077,66.01
OUT_14078,200.61
OUT_14079,65.3
OUT_14080,188.13
OUT_14081,40.41
OUT_14082,637.19
OUT_14083,60.35
OUT_14084,67.94
OUT_14085,190.3
OUT_14086,716.47
OUT_14087,66.76
OUT_14088,212.74
OUT_14089,758.68
OUT_14090,618.4
OUT_14091,65.8
OUT_14092,57.31
OUT_14093,1660.73
OUT_14094,73.71
OUT_14095,208.16
OUT_14096,62.48
OUT_14097,36.82
OUT_14098,195.87
OUT_14099,204.83
OUT_14100,52.23
OUT_14101,57.38
OUT_14102,194.05
OUT_14103,69.76
OUT_14104,60.64
OUT_14105,62.99
OUT_14106,185.66
OUT_14107,65.92
OUT_14108,65.24
OUT_14109,735.52
OUT_14110,199.24
OUT_14111,635.38
OUT_14112,64.47
OUT_14113,59.92
OUT_14114,675.56
OUT_14115,66.86
OUT_14116,65.49
OUT_14117,195.72
OUT_14118,1645.17
OUT_14119,194.38
OUT_14120,44.85
OUT_14121,67.51
OUT_14122,52.3
OUT_14123,54.58
OUT_14124,53.95
OUT_14125,60.01
OUT_14126,199.25
OUT_14127,636.88
OUT_14128,57.44
OUT_14129,57.75
OUT_14130,61.93
OUT_14131,678.52
OUT_14132,230.84
OUT_14133,628.63
OUT_14134,72.87
OUT_14135,181.17
OUT_14136,62.51
OUT_14137,45.28
OUT_14138,65.95
OUT_14139,1656.3
OUT_14140,64.53
OUT_14141,60.11
OUT_14142,187.15
OUT_14143,69.15
OUT_14144,194.46
OUT_14145,152.54
OUT_14146,203.08
OUT_14147,179.3
OUT_14148,68.14
OUT_14149,60.78
OUT_14150,69.54
OUT_14151,57.16
OUT_14152,198.18
OUT_14153,45.28
OUT_14154,183.41
OUT_14155,67.35
OUT_14156,200.7
OUT_14157,74.15
OUT_14158,65.24
OUT_14159,198.87
OUT_14160,45.96
OUT_14161,54.91
OUT_14162,193.87
OUT_14163,66.0
OUT_14164,196.07
OUT_14165,189.7
OUT_14166,194.36
OUT_14167,49.37
OUT_14168,69.67
OUT_14169,188.79
OUT_14170,200.59
OUT_14171,67.04
OUT_14172,192.9
OUT_14173,198.15
OUT_14174,67.01
OUT_14175,676.72
OUT_14176,71.53
OUT_14177,62.97
OUT_14178,73.25
OUT_14179,193.15
OUT_14180,82.48
OUT_14181,48.08
OUT_14182,197.83
OUT_14183,76.89
OUT_14184,59.46
OUT_14185,66.98
OUT_14186,622.19
OUT_14187,66.41
OUT_14188,66.12
OUT_14189,198.25
OUT_14190,61.6
OUT_14191,630.71
OUT_14192,637.21
OUT_14193,75.22
OUT_14194,60.5
OUT_14195,631.2
OUT_14196,60.75
OUT_14197,625.83
OUT_14198,59.28
OUT_14199,69.29
OUT_14200,1683.37
OUT_14201,73.65
OUT_14202,67.51
OUT_14203,199.61
OUT_14204,70.66
OUT_14205,64.83
OUT_14206,65.87
OUT_14207,189.95
OUT_14208,1674.66
OUT_14209,199.94
OUT_14210,189.64
OUT_14211,77.06
OUT_14212,201.78
OUT_14213,67.73
OUT_14214,49.98
OUT_14215,191.08
OUT_14216,75.0
OUT_14217,1656.56
OUT_14218,59.72
OUT_14219,66.44
OUT_14220,57.36
OUT_14221,184.88
OUT_14222,1693.35
OUT_14223,61.44
OUT_14224,73.66
OUT_14225,602.74
OUT_14226,615.4
OUT_14227,68.5
OUT_14228,188.46
OUT_14229,188.96
OUT_14230,70.53
OUT_14231,664.69
OUT_14232,55.07
OUT_14233,207.84
OUT_14234,67.07
OUT_14235,34.32
OUT_14236,217.3
OUT_14237,198.91
OUT_14238,206.52
OUT_14239,66.93
OUT_14240,1644.92
OUT_14241,651.05
OUT_14242,619.96
OUT_14243,211.92
OUT_14244,70.23
OUT_14245,62.8
OUT_14246,51.91
OUT_14247,198.41
OUT_14248,188.08
OUT_14249,191.11
OUT_14250,50.55
OUT_14251,685.77
OUT_14252,203.65
OUT_14253,191.5
OUT_14254,67.19
OUT_14255,57.09
OUT_14256,40.54
OUT_14257,203.09
OUT_14258,201.7
OUT_14259,56.81
OUT_14260,193.5
OUT_14261,59.54
OUT_14262,627.92
OUT_14263,195.73
OUT_14264,64.75
OUT_14265,193.77
OUT_14266,206.19
OUT_14267,191.3
OUT_14268,174.0
OUT_14269,197.04
OUT_14270,68.73
OUT_14271,191.65
OUT_14272,202.81
OUT_14273,195.15
OUT_14274,1670.13
OUT_14275,193.59
OUT_14276,56.71
OUT_14277,198.74
OUT_14278,61.04
OUT_14279,64.67
OUT_14280,648.62
OUT_14281,1597.96
OUT_14282,634.19
OUT_14283,197.47
OUT_14284,61.88
OUT_14285,53.84
OUT_14286,69.15
OUT_14287,217.33
OUT_14288,61.26
OUT_14289,66.9
OUT_14290,190.96
OUT_14291,195.44
OUT_14292,613.75
OUT_14293,65.29
OUT_14294,1687.88
OUT_14295,52.1
OUT_14296,68.1
OUT_14297,616.42
OUT_14298,195.32
OUT_14299,192.98
OUT_14300,618.85
OUT_14301,57.19
OUT_14302,66.1
OUT_14303,201.75
OUT_14304,67.16
OUT_14305,647.47
OUT_14306,65.66
OUT_14307,72.88
OUT_14308,66.44
OUT_14309,68.02
OUT_14310,192.08
OUT_14311,58.04
OUT_14312,63.58
OUT_14313,41.75
OUT_14314,199.34
OUT_14315,67.2
OUT_14316,198.15
OUT_14317,70.73
OUT_14318,701.39
OUT_14319,198.78
OUT_14320,73.37
OUT_14321,57.12
OUT_14322,190.95
OUT_14323,650.69
OUT_14324,63.32
OUT_14325,64.24
OUT_14326,203.33
OUT_14327,66.2
OUT_14328,723.62
OUT_14329,53.23
OUT_14330,46.57
OUT_14331,78.08
OUT_14332,192.25
OUT_14333,71.61
OUT_14334,703.17
OUT_14335,59.15
OUT_14336,700.46
OUT_14337,1657.07
OUT_14338,198.32
OUT_14339,62.74
OUT_14340,196.68
OUT_14341,192.49
OUT_14342,191.04
OUT_14343,198.57
OUT_14344,63.17
OUT_14345,64.41
OUT_14346,631.0
OUT_14347,61.9
OUT_14348,73.01
OUT_14349,200.31
OUT_14350,659.02
OUT_14351,618.81
OUT_14352,667.65
OUT_14353,68.92
OUT_14354,61.52
OUT_14355,624.06
OUT_14356,200.83
OUT_14357,666.41
OUT_14358,72.58
OUT_14359,662.95
OUT_14360,50.61
OUT_14361,659.95
OUT_14362,72.05
OUT_14363,191.01
OUT_14364,674.19
OUT_14365,196.64
OUT_14366,62.19
OUT_14367,1663.62
OUT_14368,198.07
OUT_14369,51.35
OUT_14370,198.36
OUT_14371,65.49
OUT_14372,56.84
OUT_14373,696.26
OUT_14374,684.73
OUT_14375,194.23
OUT_14376,631.89
OUT_14377,58.67
OUT_14378,61.57
OUT_14379,211.27
OUT_14380,187.11
OUT_14381,197.39
OUT_14382,68.07
OUT_14383,196.52
OUT_14384,689.36
OUT_14385,35.38
OUT_14386,172.71
OUT_14387,67.12
OUT_14388,195.65
OUT_14389,205.81
OUT_14390,193.52
OUT_14391,637.87
OUT_14392,72.14
OUT_14393,186.29
OUT_14394,60.13
OUT_14395,75.31
OUT_14396,201.47
OUT_14397,56.19
OUT_14398,183.98
OUT_14399,56.16
OUT_14400,56.68
OUT_14401,50.4
OUT_14402,63.69
OUT_14403,66.43
OUT_14404,42.94
OUT_14405,59.55
OUT_14406,67.81
OUT_14407,27.53
OUT_14408,220.04
OUT_14409,71.3
OUT_14410,36.71
OUT_14411,66.48
OUT_14412,70.2
OUT_14413,67.24
OUT_14414,207.62
OUT_14415,683.42
OUT_14416,59.04
OUT_14417,63.33
OUT_14418,52.22
OUT_14419,49.51
OUT_14420,66.13
OUT_14421,40.85
OUT_14422,56.42
OUT_14423,588.43
OUT_14424,177.78
OUT_14425,65.03
OUT_14426,62.92
OUT_14427,60.65
OUT_14428,51.13
OUT_14429,617.88
OUT_14430,186.56
OUT_14431,69.1
OUT_14432,39.88
OUT_14433,669.68
OUT_14434,55.64
OUT_14435,194.97
OUT_14436,1650.98
OUT_14437,59.1
OUT_14438,689.43
OUT_14439,67.62
OUT_14440,173.8
OUT_14441,737.57
OUT_14442,664.91
OUT_14443,44.11
OUT_14444,194.5
OUT_14445,68.53
OUT_14446,66.25
OUT_14447,72.18
OUT_14448,71.8
OUT_14449,59.34
OUT_14450,629.15
OUT_14451,209.52
OUT_14452,58.94
OUT_14453,1669.83
OUT_14454,191.36
OUT_14455,57.23
OUT_14456,73.66
OUT_14457,214.43
OUT_14458,205.13
OUT_14459,196.54
OUT_14460,58.39
OUT_14461,197.45
OUT_14462,193.17
OUT_14463,192.17
OUT_14464,72.06
OUT_14465,66.78
OUT_14466,67.49
OUT_14467,717.86
OUT_14468,1721.4
OUT_14469,198.52
OUT_14470,202.54
OUT_14471,179.93
OUT_14472,209.05
OUT_14473,70.38
OUT_14474,54.96
OUT_14475,50.07
OUT_14476,596.26
OUT_14477,68.95
OUT_14478,62.28
OUT_14479,193.09
OUT_14480,66.92
OUT_14481,68.83
OUT_14482,727.99
OUT_14483,200.65
OUT_14484,65.43
OUT_14485,614.52
OUT_14486,57.2
OUT_14487,68.02
OUT_14488,207.38
OUT_14489,62.79
OUT_14490,200.61
OUT_14491,72.44
OUT_14492,61.86
OUT_14493,1595.64
OUT_14494,193.27
OUT_14495,195.47
OUT_14496,64.45
OUT_14497,59.7
OUT_14498,40.41
OUT_14499,32.37
OUT_14500,70.29
OUT_14501,61.69
OUT_14502,637.5
OUT_14503,53.4
OUT_14504,65.23
OUT_14505,705.57
OUT_14506,69.43
OUT_14507,76.97
OUT_14508,1651.3
OUT_14509,45.19
OUT_14510,200.92
OUT_14511,63.54
OUT_14512,66.29
OUT_14513,636.63
OUT_14514,1694.24
OUT_14515,197.76
OUT_14516,194.18
OUT_14517,60.01
OUT_14518,195.39
OUT_14519,689.22
OUT_14520,194.92
OUT_14521,222.64
OUT_14522,197.93
OUT_14523,75.83
OUT_14524,643.02
OUT_14525,1720.58
OUT_14526,627.81
OUT_14527,61.79
OUT_14528,63.35
OUT_14529,199.36
OUT_14530,210.53
OUT_14531,204.71
OUT_14532,62.12
OUT_14533,66.56
OUT_14534,60.96
OUT_14535,199.45
OUT_14536,624.12
OUT_14537,208.24
OUT_14538,207.05
OUT_14539,44.56
OUT_14540,191.23
OUT_14541,69.26
OUT_14542,57.26
OUT_14543,76.93
OUT_14544,68.6
OUT_14545,66.39
OUT_14546,75.72
OUT_14547,1703.0
OUT_14548,61.23
OUT_14549,47.85
OUT_14550,38.23
OUT_14551,1621.27
OUT_14552,62.95
OUT_14553,647.3
OUT_14554,64.47
OUT_14555,196.46
OUT_14556,710.94
OUT_14557,196.16
OUT_14558,633.37
OUT_14559,49.19
OUT_14560,61.03
OUT_14561,187.49
OUT_14562,59.04
OUT_14563,59.79
OUT_14564,192.96
OUT_14565,71.73
OUT_14566,697.56
OUT_14567,74.49
OUT_14568,194.14
OUT_14569,68.12
OUT_14570,62.5
OUT_14571,194.17
OUT_14572,194.02
OUT_14573,197.91
OUT_14574,51.16
OUT_14575,77.63
OUT_14576,212.17
OUT_14577,619.02
OUT_14578,64.47
OUT_14579,66.89
OUT_14580,73.58
OUT_14581,64.53
OUT_14582,45.56
OUT_14583,52.98
OUT_14584,662.38
OUT_14585,60.89
OUT_14586,1665.02
OUT_14587,54.97
OUT_14588,605.7
OUT_14589,189.53
OUT_14590,202.75
OUT_14591,67.08
OUT_14592,35.54
OUT_14593,60.26
OUT_14594,198.97
OUT_14595,71.72
OUT_14596,63.99
OUT_14597,49.44
OUT_14598,63.47
OUT_14599,64.92
OUT_14600,628.78
OUT_14601,656.63
OUT_14602,1680.58
OUT_14603,203.52
OUT_14604,65.5
OUT_14605,64.08
OUT_14606,195.71
OUT_14607,195.47
OUT_14608,711.3
OUT_14609,41.49
OUT_14610,65.93
OUT_14611,191.68
OUT_14612,632.1
OUT_14613,178.91
OUT_14614,191.5
OUT_14615,1665.3
OUT_14616,69.26
OUT_14617,62.61
OUT_14618,59.76
OUT_14619,649.44
OUT_14620,72.72
OUT_14621,50.48
OUT_14622,200.74
OUT_14623,191.16
OUT_14624,56.97
OUT_14625,41.69
OUT_14626,193.05
OUT_14627,64.98
OUT_14628,196.13
OUT_14629,191.13
OUT_14630,1581.67
OUT_14631,690.73
OUT_14632,65.44
OUT_14633,75.04
OUT_14634,59.74
OUT_14635,669.62
OUT_14636,196.46
OUT_14637,67.24
OUT_14638,190.96
OUT_14639,203.27
OUT_14640,67.92
OUT_14641,199.79
OUT_14642,33.7
OUT_14643,62.27
OUT_14644,189.23
OUT_14645,661.99
OUT_14646,69.59
OUT_14647,62.13
OUT_14648,56.52
OUT_14649,191.67
OUT_14650,65.82
OUT_14651,196.53
OUT_14652,68.91
OUT_14653,66.17
OUT_14654,61.06
OUT_14655,51.14
OUT_14656,68.55
OUT_14657,64.4
OUT_14658,56.43
OUT_14659,76.15
OUT_14660,63.75
OUT_14661,57.13
OUT_14662,632.31
OUT_14663,1675.08
OUT_14664,729.05
OUT_14665,55.2
OUT_14666,67.64
OUT_14667,46.8
OUT_14668,70.7
OUT_14669,60.39
OUT_14670,194.37
OUT_14671,1703.46
OUT_14672,674.7
OUT_14673,197.72
OUT_14674,197.93
OUT_14675,50.27
OUT_14676,62.83
OUT_14677,52.04
OUT_14678,65.58
OUT_14679,185.37
OUT_14680,193.32
OUT_14681,680.04
OUT_14682,71.8
OUT_14683,635.93
OUT_14684,56.27
OUT_14685,187.48
OUT_14686,188.96
OUT_14687,199.45
OUT_14688,199.25
OUT_14689,65.98
OUT_14690,200.24
OUT_14691,62.7
OUT_14692,26.69
OUT_14693,198.64
OUT_14694,635.63
OUT_14695,61.6
OUT_14696,88.84
OUT_14697,52.05
OUT_14698,643.85
OUT_14699,652.33
OUT_14700,73.79
OUT_14701,69.3
OUT_14702,57.33
OUT_14703,59.46
OUT_14704,59.44
OUT_14705,202.83
OUT_14706,66.55
OUT_14707,52.68
OUT_14708,634.83
OUT_14709,642.45
OUT_14710,191.58
OUT_14711,59.79
OUT_14712,646.98
OUT_14713,59.72
OUT_14714,196.81
OUT_14715,67.14
OUT_14716,64.17
OUT_14717,59.86
OUT_14718,71.72
OUT_14719,203.62
OUT_14720,1667.22
OUT_14721,217.42
OUT_14722,200.88
OUT_14723,202.88
OUT_14724,179.65
OUT_14725,613.83
OUT_14726,195.5
OUT_14727,59.97
OUT_14728,192.36
OUT_14729,60.68
OUT_14730,195.78
OUT_14731,59.73
OUT_14732,60.04
OUT_14733,71.59
OUT_14734,56.68
OUT_14735,200.66
OUT_14736,195.62
OUT_14737,55.65
OUT_14738,194.32
OUT_14739,199.74
OUT_14740,50.32
OUT_14741,616.07
OUT_14742,67.84
OUT_14743,653.48
OUT_14744,53.5
OUT_14745,190.3
OUT_14746,73.33
OUT_14747,63.83
OUT_14748,68.02
OUT_14749,607.72
OUT_14750,188.47
OUT_14751,201.08
OUT_14752,645.54
OUT_14753,188.3
OUT_14754,709.07
OUT_14755,180.07
OUT_14756,192.87
OUT_14757,704.72
OUT_14758,186.2
OUT_14759,198.97
OUT_14760,719.17
OUT_14761,68.59
OUT_14762,204.63
OUT_14763,68.8
OUT_14764,64.69
OUT_14765,184.89
OUT_14766,214.17
OUT_14767,712.48
OUT_14768,193.02
OUT_14769,59.16
OUT_14770,203.51
OUT_14771,1651.54
OUT_14772,74.26
OUT_14773,670.68
OUT_14774,674.02
OUT_14775,60.14
OUT_14776,66.09
OUT_14777,206.49
OUT_14778,640.31
OUT_14779,66.18
OUT_14780,63.94
OUT_14781,72.56
OUT_14782,686.98
OUT_14783,198.26
OUT_14784,64.14
OUT_14785,63.93
OUT_14786,59.59
OUT_14787,617.3
OUT_14788,67.51
OUT_14789,70.15
OUT_14790,76.41
OUT_14791,192.33
OUT_14792,69.51
OUT_14793,50.9
OUT_14794,66.11
OUT_14795,56.57
OUT_14796,57.56
OUT_14797,70.24
OUT_14798,202.92
OUT_14799,660.14
OUT_14800,640.38
OUT_14801,79.42
OUT_14802,208.17
OUT_14803,189.31
OUT_14804,67.87
OUT_14805,63.31
OUT_14806,63.93
OUT_14807,50.26
OUT_14808,61.23
OUT_14809,1647.34
OUT_14810,201.87
OUT_14811,195.55
OUT_14812,64.82
OUT_14813,45.01
OUT_14814,179.9
OUT_14815,61.34
OUT_14816,41.66
OUT_14817,68.67
OUT_14818,749.65
OUT_14819,67.09
OUT_14820,690.43
OUT_14821,67.22
OUT_14822,1717.97
OUT_14823,682.9
OUT_14824,42.44
OUT_14825,203.06
OUT_14826,52.82
OUT_14827,45.93
OUT_14828,66.35
OUT_14829,57.97
OUT_14830,1730.21
OUT_14831,63.2
OUT_14832,47.27
OUT_14833,1679.06
OUT_14834,667.92
OUT_14835,54.1
OUT_14836,197.84
OUT_14837,54.54
OUT_14838,66.13
OUT_14839,191.74
OUT_14840,67.26
OUT_14841,59.84
OUT_14842,213.79
OUT_14843,209.44
OUT_14844,63.45
OUT_14845,69.1
OUT_14846,701.2
OUT_14847,203.59
OUT_14848,70.89
OUT_14849,75.21
OUT_14850,68.54
OUT_14851,61.89
OUT_14852,66.96
OUT_14853,203.79
OUT_14854,69.04
OUT_14855,80.86
OUT_14856,681.9
OUT_14857,206.91
OUT_14858,201.79
OUT_14859,706.91
OUT_14860,56.43
OUT_14861,72.44
OUT_14862,190.11
OUT_14863,193.9
OUT_14864,619.7
OUT_14865,190.3
OUT_14866,62.92
OUT_14867,66.06
OUT_14868,627.93
OUT_14869,673.68
OUT_14870,197.16
OUT_14871,187.92
OUT_14872,1685.26
OUT_14873,64.85
OUT_14874,1709.41
OUT_14875,1737.18
OUT_14876,626.03
OUT_14877,61.49
OUT_14878,190.71
OUT_14879,67.58
OUT_14880,69.75
OUT_14881,614.45
OUT_14882,643.32
OUT_14883,199.46
OUT_14884,649.95
OUT_14885,621.42
OUT_14886,58.03
OUT_14887,194.91
OUT_14888,66.75
OUT_14889,198.48
OUT_14890,64.17
OUT_14891,65.56
OUT_14892,55.05
OUT_14893,69.05
OUT_14894,187.21
OUT_14895,58.12
OUT_14896,62.65
OUT_14897,211.77
OUT_14898,75.08
OUT_14899,49.31
OUT_14900,65.41
OUT_14901,198.24
OUT_14902,185.97
OUT_14903,59.63
OUT_14904,200.27
OUT_14905,196.16
OUT_14906,55.08
OUT_14907,67.66
OUT_14908,204.5
OUT_14909,64.72
OUT_14910,69.22
OUT_14911,682.27
OUT_14912,60.07
OUT_14913,198.41
OUT_14914,720.3
OUT_14915,69.22
OUT_14916,194.65
OUT_14917,53.99
OUT_14918,59.2
OUT_14919,62.05
OUT_14920,60.54
OUT_14921,69.17
OUT_14922,1730.86
OUT_14923,191.58
OUT_14924,199.1
OUT_14925,190.35
OUT_14926,193.0
OUT_14927,194.93
OUT_14928,700.56
OUT_14929,194.96
OUT_14930,666.94
OUT_14931,61.3
OUT_14932,59.82
OUT_14933,73.64
OUT_14934,199.53
OUT_14935,198.05
OUT_14936,200.55
OUT_14937,624.61
OUT_14938,194.57
OUT_14939,70.29
OUT_14940,658.04
OUT_14941,617.03
OUT_14942,65.61
OUT_14943,65.81
OUT_14944,67.07
OUT_14945,53.17
OUT_14946,646.69
OUT_14947,704.94
OUT_14948,70.52
OUT_14949,55.0
OUT_14950,73.75
OUT_14951,65.87
OUT_14952,60.73
OUT_14953,194.82
OUT_14954,199.77
OUT_14955,65.36
OUT_14956,181.48
OUT_14957,63.99
OUT_14958,599.23
OUT_14959,1657.33
OUT_14960,193.75
OUT_14961,62.49
OUT_14962,192.38
OUT_14963,190.0
OUT_14964,64.82
OUT_14965,192.6
OUT_14966,76.03
OUT_14967,196.08
OUT_14968,191.42
OUT_14969,69.51
OUT_14970,66.38
OUT_14971,200.57
OUT_14972,181.11
OUT_14973,50.06
OUT_14974,658.93
OUT_14975,66.36
OUT_14976,182.1
OUT_14977,191.11
OUT_14978,68.64
OUT_14979,73.24
OUT_14980,42.35
OUT_14981,719.59
OUT_14982,200.07
OUT_14983,196.79
OUT_14984,72.58
OUT_14985,64.83
OUT_14986,673.1
OUT_14987,188.11
OUT_14988,187.93
OUT_14989,199.34
OUT_14990,198.33
OUT_14991,660.01
OUT_14992,661.57
OUT_14993,670.42
OUT_14994,682.31
OUT_14995,63.39
OUT_14996,69.5
OUT_14997,66.53
OUT_14998,198.02
OUT_14999,76.46
OUT_15000,60.63
OUT_15001,196.95
OUT_15002,65.02
OUT_15003,73.98
OUT_15004,195.09
OUT_15005,1633.64
OUT_15006,194.75
OUT_15007,1706.55
OUT_15008,187.72
OUT_15009,55.99
OUT_15010,64.03
OUT_15011,58.88
OUT_15012,188.72
OUT_15013,185.6
OUT_15014,68.57
OUT_15015,62.66
OUT_15016,68.11
OUT_15017,58.41
OUT_15018,36.88
OUT_15019,193.01
OUT_15020,632.09
OUT_15021,70.69
OUT_15022,186.74
OUT_15023,64.32
OUT_15024,191.55
OUT_15025,610.76
OUT_15026,56.83
OUT_15027,208.73
OUT_15028,206.23
OUT_15029,64.6
OUT_15030,65.56
OUT_15031,70.58
OUT_15032,59.67
OUT_15033,195.77
OUT_15034,66.11
OUT_15035,208.92
OUT_15036,60.89
OUT_15037,62.5
OUT_15038,194.13
OUT_15039,171.35
OUT_15040,62.92
OUT_15041,640.07
OUT_15042,663.06
OUT_15043,195.29
OUT_15044,66.5
OUT_15045,60.78
OUT_15046,656.2
OUT_15047,1720.02
OUT_15048,63.29
OUT_15049,655.72
OUT_15050,52.95
OUT_15051,697.8
OUT_15052,668.11
OUT_15053,609.09
OUT_15054,194.52
OUT_15055,1711.44
OUT_15056,63.98
OUT_15057,1546.43
OUT_15058,64.53
OUT_15059,64.59
OUT_15060,63.41
OUT_15061,699.71
OUT_15062,196.01
OUT_15063,621.21
OUT_15064,61.07
OUT_15065,651.66
OUT_15066,63.48
OUT_15067,203.67
OUT_15068,66.3
OUT_15069,58.64
OUT_15070,200.51
OUT_15071,69.39
OUT_15072,199.98
OUT_15073,73.61
OUT_15074,66.97
OUT_15075,55.49
OUT_15076,625.28
OUT_15077,51.82
OUT_15078,740.34
OUT_15079,66.32
OUT_15080,65.89
OUT_15081,683.94
OUT_15082,741.82
OUT_15083,710.44
OUT_15084,65.42
OUT_15085,201.48
OUT_15086,42.9
OUT_15087,58.61
OUT_15088,58.48
OUT_15089,1691.68
OUT_15090,58.71
OUT_15091,645.07
OUT_15092,193.45
OUT_15093,647.43
OUT_15094,76.91
OUT_15095,66.83
OUT_15096,198.07
OUT_15097,66.97
OUT_15098,748.94
OUT_15099,66.39
OUT_15100,217.67
OUT_15101,196.17
OUT_15102,66.18
OUT_15103,662.74
OUT_15104,196.95
OUT_15105,70.07
OUT_15106,67.44
OUT_15107,60.75
OUT_15108,605.95
OUT_15109,62.96
OUT_15110,60.5
OUT_15111,194.93
OUT_15112,66.41
OUT_15113,75.58
OUT_15114,745.97
OUT_15115,196.32
OUT_15116,197.52
OUT_15117,70.82
OUT_15118,57.46
OUT_15119,32.9
OUT_15120,59.31
OUT_15121,58.19
OUT_15122,627.59
OUT_15123,63.89
OUT_15124,47.04
OUT_15125,624.56
OUT_15126,62.51
OUT_15127,47.15
OUT_15128,63.64
OUT_15129,191.2
OUT_15130,69.12
OUT_15131,61.43
OUT_15132,676.17
OUT_15133,66.75
OUT_15134,201.03
OUT_15135,706.92
OUT_15136,73.1
OUT_15137,64.04
OUT_15138,66.25
OUT_15139,199.83
OUT_15140,75.04
OUT_15141,64.53
OUT_15142,71.71
OUT_15143,67.21
OUT_15144,71.46
OUT_15145,1621.2
OUT_15146,200.27
OUT_15147,602.18
OUT_15148,189.06
OUT_15149,193.28
OUT_15150,65.96
OUT_15151,65.32
OUT_15152,69.9
OUT_15153,199.33
OUT_15154,627.72
OUT_15155,206.04
OUT_15156,664.08
OUT_15157,73.33
OUT_15158,684.61
OUT_15159,670.22
OUT_15160,1681.79
OUT_15161,192.23
OUT_15162,56.0
OUT_15163,613.7
OUT_15164,73.2
OUT_15165,186.72
OUT_15166,210.13
OUT_15167,192.47
OUT_15168,646.74
OUT_15169,54.49
OUT_15170,206.99
OUT_15171,67.46
OUT_15172,56.34
OUT_15173,193.9
OUT_15174,45.85
OUT_15175,55.3
OUT_15176,190.59
OUT_15177,200.92
OUT_15178,66.29
OUT_15179,1695.9
OUT_15180,57.67
OUT_15181,195.14
OUT_15182,64.64
OUT_15183,673.98
OUT_15184,694.05
OUT_15185,662.71
OUT_15186,73.49
OUT_15187,191.18
OUT_15188,57.93
OUT_15189,194.43
OUT_15190,65.54
OUT_15191,78.15
OUT_15192,59.21
OUT_15193,199.01
OUT_15194,193.01
OUT_15195,65.47
OUT_15196,196.15
OUT_15197,57.75
OUT_15198,679.7
OUT_15199,195.02
OUT_15200,194.58
OUT_15201,76.93
OUT_15202,608.98
OUT_15203,190.03
OUT_15204,200.87
OUT_15205,66.23
OUT_15206,55.96
OUT_15207,69.86
OUT_15208,648.49
OUT_15209,51.79
OUT_15210,46.59
OUT_15211,67.38
OUT_15212,656.52
OUT_15213,70.32
OUT_15214,199.81
OUT_15215,208.5
OUT_15216,196.78
OUT_15217,68.49
OUT_15218,188.79
OUT_15219,200.24
OUT_15220,212.24
OUT_15221,68.21
OUT_15222,718.01
OUT_15223,66.01
OUT_15224,197.37
OUT_15225,79.55
OUT_15226,57.31
OUT_15227,64.26
OUT_15228,674.69
OUT_15229,60.91
OUT_15230,61.82
OUT_15231,197.43
OUT_15232,1637.09
OUT_15233,195.13
OUT_15234,70.37
OUT_15235,1756.49
OUT_15236,600.31
OUT_15237,60.93
OUT_15238,1668.77
OUT_15239,61.29
OUT_15240,178.21
OUT_15241,47.45
OUT_15242,60.49
OUT_15243,187.98
OUT_15244,67.43
OUT_15245,51.86
OUT_15246,675.53
OUT_15247,71.89
OUT_15248,64.27
OUT_15249,680.71
OUT_15250,620.52
OUT_15251,167.99
OUT_15252,1645.27
OUT_15253,193.0
OUT_15254,43.6
OUT_15255,642.53
OUT_15256,676.64
OUT_15257,67.08
OUT_15258,66.35
OUT_15259,627.37
OUT_15260,769.79
OUT_15261,66.22
OUT_15262,66.61
OUT_15263,196.96
OUT_15264,185.52
OUT_15265,55.45
OUT_15266,1638.79
OUT_15267,670.04
OUT_15268,74.48
OUT_15269,74.44
OUT_15270,50.1
OUT_15271,72.25
OUT_15272,642.3
OUT_15273,188.33
OUT_15274,183.88
OUT_15275,36.71
OUT_15276,68.34
OUT_15277,204.45
OUT_15278,63.8
OUT_15279,70.48
OUT_15280,202.86
OUT_15281,62.08
OUT_15282,192.6
OUT_15283,1684.69
OUT_15284,75.32
OUT_15285,1661.93
OUT_15286,60.38
OUT_15287,204.62
OUT_15288,44.11
OUT_15289,206.01
OUT_15290,179.39
OUT_15291,624.88
OUT_15292,53.75
OUT_15293,55.59
OUT_15294,1704.4
OUT_15295,46.56
OUT_15296,60.15
OUT_15297,65.57
OUT_15298,202.74
OUT_15299,647.9
OUT_15300,186.58
OUT_15301,193.84
OUT_15302,70.55
OUT_15303,205.65
OUT_15304,197.51
OUT_15305,69.34
OUT_15306,61.88
OUT_15307,65.39
OUT_15308,199.14
OUT_15309,72.74
OUT_15310,189.27
OUT_15311,191.37
OUT_15312,36.22
OUT_15313,193.54
OUT_15314,51.66
OUT_15315,1701.82
OUT_15316,634.13
OUT_15317,639.71
OUT_15318,201.27
OUT_15319,194.59
OUT_15320,186.73
OUT_15321,46.3
OUT_15322,679.35
OUT_15323,212.61
OUT_15324,196.13
OUT_15325,72.96
OUT_15326,62.88
OUT_15327,656.5
OUT_15328,63.31
OUT_15329,650.77
OUT_15330,74.81
OUT_15331,187.98
OUT_15332,69.46
OUT_15333,619.62
OUT_15334,198.65
OUT_15335,710.41
OUT_15336,60.62
OUT_15337,595.79
OUT_15338,54.62
OUT_15339,39.82
OUT_15340,681.03
OUT_15341,215.81
OUT_15342,1726.6
OUT_15343,205.98
OUT_15344,692.26
OUT_15345,66.99
OUT_15346,201.81
OUT_15347,69.18
OUT_15348,60.19
OUT_15349,213.24
OUT_15350,60.24
OUT_15351,194.96
OUT_15352,197.4
OUT_15353,1674.13
OUT_15354,54.69
OUT_15355,68.84
OUT_15356,1596.93
OUT_15357,74.24
OUT_15358,626.74
OUT_15359,49.64
OUT_15360,66.53
OUT_15361,199.05
OUT_15362,195.81
OUT_15363,204.93
OUT_15364,194.85
OUT_15365,62.65
OUT_15366,60.19
OUT_15367,69.88
OUT_15368,51.71
OUT_15369,195.03
OUT_15370,198.12
OUT_15371,66.97
OUT_15372,1697.8
OUT_15373,168.16
OUT_15374,57.32
OUT_15375,206.21
OUT_15376,616.11
OUT_15377,223.72
OUT_15378,75.11
OUT_15379,190.12
OUT_15380,54.0
OUT_15381,194.29
OUT_15382,194.92
OUT_15383,61.82
OUT_15384,73.0
OUT_15385,65.97
OUT_15386,68.77
OUT_15387,197.12
OUT_15388,74.16
OUT_15389,58.88
OUT_15390,680.58
OUT_15391,195.58
OUT_15392,197.49
OUT_15393,54.64
OUT_15394,63.22
OUT_15395,64.66
OUT_15396,65.97
OUT_15397,639.56
OUT_15398,683.4
OUT_15399,716.81
OUT_15400,662.88
OUT_15401,67.46
OUT_15402,199.61
OUT_15403,73.26
OUT_15404,43.58
OUT_15405,68.23
OUT_15406,63.78
OUT_15407,189.69
OUT_15408,52.44
OUT_15409,197.59
OUT_15410,188.72
OUT_15411,197.71
OUT_15412,606.89
OUT_15413,69.25
OUT_15414,70.43
OUT_15415,1654.41
OUT_15416,202.01
OUT_15417,624.95
OUT_15418,641.54
OUT_15419,203.91
OUT_15420,189.7
OUT_15421,64.66
OUT_15422,54.15
OUT_15423,182.06
OUT_15424,636.2
OUT_15425,191.95
OUT_15426,57.01
OUT_15427,59.1
OUT_15428,1642.85
OUT_15429,186.92
OUT_15430,63.8
OUT_15431,198.78
OUT_15432,64.63
OUT_15433,61.91
OUT_15434,65.65
OUT_15435,672.74
OUT_15436,67.46
OUT_15437,202.51
OUT_15438,194.19
OUT_15439,188.88
OUT_15440,70.59
OUT_15441,69.39
OUT_15442,636.96
OUT_15443,66.76
OUT_15444,199.96
OUT_15445,64.05
OUT_15446,187.54
OUT_15447,200.91
OUT_15448,62.26
OUT_15449,623.67
OUT_15450,187.91
OUT_15451,665.54
OUT_15452,188.03
OUT_15453,60.41
OUT_15454,190.93
OUT_15455,601.33
OUT_15456,65.87
OUT_15457,66.56
OUT_15458,665.75
OUT_15459,74.12
OUT_15460,201.07
OUT_15461,699.11
OUT_15462,658.19
OUT_15463,199.33
OUT_15464,188.57
OUT_15465,74.21
OUT_15466,627.56
OUT_15467,198.78
OUT_15468,1652.21
OUT_15469,176.2
OUT_15470,621.77
OUT_15471,49.57
OUT_15472,746.73
OUT_15473,54.75
OUT_15474,200.99
OUT_15475,64.16
OUT_15476,70.26
OUT_15477,195.3
OUT_15478,74.06
OUT_15479,46.79
OUT_15480,662.11
OUT_15481,642.32
OUT_15482,58.79
OUT_15483,200.55
OUT_15484,196.13
OUT_15485,245.65
OUT_15486,67.82
OUT_15487,644.85
OUT_15488,74.04
OUT_15489,631.27
OUT_15490,65.91
OUT_15491,63.42
OUT_15492,69.76
OUT_15493,674.38
OUT_15494,189.65
OUT_15495,65.26
OUT_15496,1680.11
OUT_15497,663.49
OUT_15498,636.11
OUT_15499,74.12
OUT_15500,50.56
OUT_15501,67.35
OUT_15502,638.9
OUT_15503,32.81
OUT_15504,682.46
OUT_15505,189.49
OUT_15506,699.44
OUT_15507,201.89
OUT_15508,72.45
OUT_15509,706.75
OUT_15510,66.05
OUT_15511,1668.41
OUT_15512,658.99
OUT_15513,1666.46
OUT_15514,1685.39
OUT_15515,56.14
OUT_15516,196.0
OUT_15517,627.75
OUT_15518,184.88
OUT_15519,216.69
OUT_15520,76.76
OUT_15521,643.01
OUT_15522,673.0
OUT_15523,193.31
OUT_15524,204.73
OUT_15525,61.19
OUT_15526,210.16
OUT_15527,200.04
OUT_15528,612.57
OUT_15529,57.77
OUT_15530,67.82
OUT_15531,71.14
OUT_15532,700.65
OUT_15533,48.41
OUT_15534,1677.68
OUT_15535,199.67
OUT_15536,61.21
OUT_15537,192.62
OUT_15538,661.54
OUT_15539,70.64
OUT_15540,70.15
OUT_15541,63.25
OUT_15542,64.83
OUT_15543,691.05
OUT_15544,78.5
OUT_15545,199.47
OUT_15546,63.98
OUT_15547,195.17
OUT_15548,666.69
OUT_15549,191.27
OUT_15550,65.5
OUT_15551,204.22
OUT_15552,1665.64
OUT_15553,54.91
OUT_15554,57.71
OUT_15555,58.52
OUT_15556,62.57
OUT_15557,68.39
OUT_15558,70.4
OUT_15559,51.95
OUT_15560,197.66
OUT_15561,53.02
OUT_15562,1648.48
OUT_15563,45.28
OUT_15564,65.78
OUT_15565,648.12
OUT_15566,69.74
OUT_15567,60.31
OUT_15568,68.35
OUT_15569,67.41
OUT_15570,46.35
OUT_15571,76.25
OUT_15572,70.61
OUT_15573,52.56
OUT_15574,198.15
OUT_15575,72.71
OUT_15576,65.33
OUT_15577,28.4
OUT_15578,594.61
OUT_15579,204.63
OUT_15580,197.29
OUT_15581,199.24
OUT_15582,194.09
OUT_15583,1754.27
OUT_15584,663.4
OUT_15585,66.77
OUT_15586,188.57
OUT_15587,195.31
OUT_15588,77.89
OUT_15589,70.49
OUT_15590,29.42
OUT_15591,59.15
OUT_15592,1661.81
OUT_15593,638.63
OUT_15594,63.75
OUT_15595,198.63
OUT_15596,726.69
OUT_15597,53.44
OUT_15598,1664.76
OUT_15599,55.69
OUT_15600,194.06
OUT_15601,666.05
OUT_15602,69.11
OUT_15603,186.36
OUT_15604,196.68
OUT_15605,57.71
OUT_15606,203.87
OUT_15607,635.16
OUT_15608,198.34
OUT_15609,206.62
OUT_15610,63.66
OUT_15611,60.06
OUT_15612,52.05
OUT_15613,1681.2
OUT_15614,63.5
OUT_15615,200.65
OUT_15616,64.0
OUT_15617,73.56
OUT_15618,63.86
OUT_15619,200.42
OUT_15620,64.33
OUT_15621,196.44
OUT_15622,66.02
OUT_15623,195.34
OUT_15624,715.95
OUT_15625,201.2
OUT_15626,704.54
OUT_15627,1663.72
OUT_15628,1662.32
OUT_15629,667.28
OUT_15630,45.87
OUT_15631,32.17
OUT_15632,67.3
OUT_15633,59.09
OUT_15634,199.1
OUT_15635,64.74
OUT_15636,29.99
OUT_15637,1708.84
OUT_15638,195.34
OUT_15639,70.46
OUT_15640,68.92
OUT_15641,66.48
OUT_15642,57.04
OUT_15643,49.58
OUT_15644,63.72
OUT_15645,54.51
OUT_15646,198.27
OUT_15647,61.99
OUT_15648,195.51
OUT_15649,203.66
OUT_15650,1657.11
OUT_15651,192.47
OUT_15652,77.56
OUT_15653,71.56
OUT_15654,68.04
OUT_15655,59.13
OUT_15656,45.54
OUT_15657,59.18
OUT_15658,64.61
OUT_15659,207.55
OUT_15660,64.17
OUT_15661,62.16
OUT_15662,195.5
OUT_15663,61.75
OUT_15664,739.08
OUT_15665,1662.31
OUT_15666,195.07
OUT_15667,664.62
OUT_15668,191.66
OUT_15669,699.73
OUT_15670,193.05
OUT_15671,75.01
OUT_15672,200.87
OUT_15673,717.12
OUT_15674,706.77
OUT_15675,200.73
OUT_15676,50.39
OUT_15677,189.68
OUT_15678,206.32
OUT_15679,61.6
OUT_15680,612.89
OUT_15681,57.97
OUT_15682,63.87
OUT_15683,64.1
OUT_15684,65.62
OUT_15685,197.45
OUT_15686,71.39
OUT_15687,66.78
OUT_15688,1702.08
OUT_15689,66.89
OUT_15690,199.36
OUT_15691,200.09
OUT_15692,55.81
OUT_15693,721.12
OUT_15694,200.75
OUT_15695,78.4
OUT_15696,194.55
OUT_15697,1678.21
OUT_15698,65.95
OUT_15699,70.77
OUT_15700,201.03
OUT_15701,193.71
OUT_15702,619.16
OUT_15703,75.24
OUT_15704,66.24
OUT_15705,76.62
OUT_15706,211.39
OUT_15707,636.58
OUT_15708,713.85
OUT_15709,55.19
OUT_15710,71.91
OUT_15711,56.0
OUT_15712,194.44
OUT_15713,68.51
OUT_15714,65.18
OUT_15715,69.19
OUT_15716,193.37
OUT_15717,1685.5
OUT_15718,68.85
OUT_15719,616.24
OUT_15720,60.97
OUT_15721,68.15
OUT_15722,203.3
OUT_15723,45.79
OUT_15724,645.93
OUT_15725,67.46
OUT_15726,69.84
OUT_15727,195.37
OUT_15728,1659.38
OUT_15729,648.06
OUT_15730,193.11
OUT_15731,625.79
OUT_15732,52.97
OUT_15733,630.5
OUT_15734,74.46
OUT_15735,67.9
OUT_15736,187.33
OUT_15737,196.61
OUT_15738,196.27
OUT_15739,636.64
OUT_15740,193.45
OUT_15741,69.37
OUT_15742,74.07
OUT_15743,66.1
OUT_15744,63.62
OUT_15745,699.81
OUT_15746,712.39
OUT_15747,40.41
OUT_15748,626.96
OUT_15749,60.18
OUT_15750,757.73
OUT_15751,718.11
OUT_15752,68.09
OUT_15753,75.9
OUT_15754,200.36
OUT_15755,657.14
OUT_15756,634.71
OUT_15757,187.17
OUT_15758,228.51
OUT_15759,37.94
OUT_15760,198.18
OUT_15761,40.02
OUT_15762,224.3
OUT_15763,197.09
OUT_15764,191.5
OUT_15765,57.96
OUT_15766,67.9
OUT_15767,63.42
OUT_15768,50.99
OUT_15769,169.19
OUT_15770,68.86
OUT_15771,52.68
OUT_15772,192.29
OUT_15773,196.57
OUT_15774,188.33
OUT_15775,74.21
OUT_15776,67.58
OUT_15777,194.09
OUT_15778,206.12
OUT_15779,194.99
OUT_15780,649.62
OUT_15781,190.82
OUT_15782,1585.18
OUT_15783,205.22
OUT_15784,59.42
OUT_15785,37.82
OUT_15786,66.36
OUT_15787,698.17
OUT_15788,195.4
OUT_15789,65.64
OUT_15790,1647.75
OUT_15791,55.54
OUT_15792,199.77
OUT_15793,1632.39
OUT_15794,203.74
OUT_15795,215.51
OUT_15796,75.9
OUT_15797,690.51
OUT_15798,201.42
OUT_15799,679.85
OUT_15800,719.01
OUT_15801,714.54
OUT_15802,1653.64
OUT_15803,59.93
OUT_15804,55.6
OUT_15805,68.2
OUT_15806,85.04
OUT_15807,66.53
OUT_15808,208.67
OUT_15809,197.35
OUT_15810,52.51
OUT_15811,63.62
OUT_15812,192.96
OUT_15813,64.97
OUT_15814,658.95
OUT_15815,54.1
OUT_15816,66.72
OUT_15817,63.16
OUT_15818,68.89
OUT_15819,64.58
OUT_15820,67.35
OUT_15821,60.58
OUT_15822,49.0
OUT_15823,38.83
OUT_15824,61.24
OUT_15825,612.1
OUT_15826,201.93
OUT_15827,59.09
OUT_15828,668.95
OUT_15829,203.82
OUT_15830,204.57
OUT_15831,49.13
OUT_15832,211.72
OUT_15833,50.67
OUT_15834,662.59
OUT_15835,39.45
OUT_15836,61.46
OUT_15837,1743.87
OUT_15838,667.93
OUT_15839,641.24
OUT_15840,638.03
OUT_15841,221.67
OUT_15842,57.12
OUT_15843,194.24
OUT_15844,37.6
OUT_15845,627.11
OUT_15846,192.33
OUT_15847,1700.28
OUT_15848,633.3
OUT_15849,705.77
OUT_15850,50.84
OUT_15851,45.19
OUT_15852,702.96
OUT_15853,1720.08
OUT_15854,183.78
OUT_15855,57.12
OUT_15856,66.08
OUT_15857,74.14
OUT_15858,72.63
OUT_15859,190.95
OUT_15860,67.12
OUT_15861,1703.72
OUT_15862,657.43
OUT_15863,67.92
OUT_15864,63.93
OUT_15865,193.71
OUT_15866,190.21
OUT_15867,208.12
OUT_15868,68.62
OUT_15869,198.06
OUT_15870,36.98
OUT_15871,1687.25
OUT_15872,190.73
OUT_15873,67.3
OUT_15874,613.18
OUT_15875,70.73
OUT_15876,67.76
OUT_15877,1664.6
OUT_15878,196.95
OUT_15879,64.33
OUT_15880,189.15
OUT_15881,61.78
OUT_15882,624.85
OUT_15883,64.79
OUT_15884,67.95
OUT_15885,57.61
OUT_15886,662.71
OUT_15887,58.81
OUT_15888,69.73
OUT_15889,70.43
OUT_15890,1663.46
OUT_15891,63.15
OUT_15892,54.79
OUT_15893,60.31
OUT_15894,71.0
OUT_15895,708.32
OUT_15896,69.39
OUT_15897,76.19
OUT_15898,72.54
OUT_15899,607.97
OUT_15900,208.6
OUT_15901,200.52
OUT_15902,67.86
OUT_15903,69.46
OUT_15904,70.41
OUT_15905,191.49
OUT_15906,1672.5
OUT_15907,62.69
OUT_15908,202.02
OUT_15909,188.19
OUT_15910,68.68
OUT_15911,188.16
OUT_15912,682.26
OUT_15913,65.66
OUT_15914,64.09
OUT_15915,56.65
OUT_15916,68.18
OUT_15917,51.09
OUT_15918,61.04
OUT_15919,744.7
OUT_15920,195.74
OUT_15921,709.42
OUT_15922,646.77
OUT_15923,61.31
OUT_15924,197.12
OUT_15925,65.21
OUT_15926,735.83
OUT_15927,48.67
OUT_15928,59.32
OUT_15929,192.18
OUT_15930,641.9
OUT_15931,657.79
OUT_15932,73.44
OUT_15933,62.38
OUT_15934,699.57
OUT_15935,194.7
OUT_15936,51.66
OUT_15937,67.73
OUT_15938,56.1
OUT_15939,58.87
OUT_15940,64.31
OUT_15941,71.58
OUT_15942,736.7
OUT_15943,70.15
OUT_15944,74.86
OUT_15945,216.37
OUT_15946,27.18
OUT_15947,66.49
OUT_15948,46.82
OUT_15949,62.37
OUT_15950,70.73
OUT_15951,1599.99
OUT_15952,625.48
OUT_15953,195.46
OUT_15954,166.02
OUT_15955,720.69
OUT_15956,55.72
OUT_15957,55.94
OUT_15958,615.84
OUT_15959,197.2
OUT_15960,71.7
OUT_15961,179.04
OUT_15962,183.59
OUT_15963,60.13
OUT_15964,56.75
OUT_15965,62.06
OUT_15966,220.72
OUT_15967,62.33
OUT_15968,701.05
OUT_15969,60.15
OUT_15970,66.47
OUT_15971,1678.12
OUT_15972,191.0
OUT_15973,206.39
OUT_15974,191.3
OUT_15975,194.97
OUT_15976,68.95
OUT_15977,63.85
OUT_15978,219.67
OUT_15979,634.79
OUT_15980,70.23
OUT_15981,62.8
OUT_15982,45.27
OUT_15983,30.37
OUT_15984,50.68
OUT_15985,641.46
OUT_15986,201.77
OUT_15987,70.56
OUT_15988,61.85
OUT_15989,616.34
OUT_15990,185.49
OUT_15991,62.16
OUT_15992,56.88
OUT_15993,196.55
OUT_15994,197.47
OUT_15995,66.79
OUT_15996,630.25
OUT_15997,43.25
OUT_15998,205.12
OUT_15999,56.02
OUT_16000,676.12
OUT_16001,207.9
OUT_16002,46.44
OUT_16003,199.77
OUT_16004,639.08
OUT_16005,60.11
OUT_16006,188.94
OUT_16007,71.17
OUT_16008,203.8
OUT_16009,66.4
OUT_16010,69.37
OUT_16011,70.32
OUT_16012,62.32
OUT_16013,48.44
OUT_16014,63.05
OUT_16015,39.88
OUT_16016,669.56
OUT_16017,70.01
OUT_16018,62.81
OUT_16019,195.57
OUT_16020,208.34
OUT_16021,53.19
OUT_16022,65.77
OUT_16023,201.86
OUT_16024,45.0
OUT_16025,187.13
OUT_16026,197.74
OUT_16027,64.57
OUT_16028,64.43
OUT_16029,198.99
OUT_16030,67.68
OUT_16031,199.22
OUT_16032,72.97
OUT_16033,47.81
OUT_16034,667.52
OUT_16035,199.86
OUT_16036,201.75
OUT_16037,70.74
OUT_16038,60.8
OUT_16039,66.22
OUT_16040,64.67
OUT_16041,1696.25
OUT_16042,203.33
OUT_16043,680.47
OUT_16044,54.13
OUT_16045,195.39
OUT_16046,193.38
OUT_16047,63.12
OUT_16048,194.84
OUT_16049,611.08
OUT_16050,70.23
OUT_16051,63.19
OUT_16052,71.62
OUT_16053,64.39
OUT_16054,192.71
OUT_16055,629.21
OUT_16056,65.11
OUT_16057,74.54
OUT_16058,202.46
OUT_16059,66.9
OUT_16060,66.33
OUT_16061,45.72
OUT_16062,209.89
OUT_16063,206.08
OUT_16064,649.67
OUT_16065,66.12
OUT_16066,65.06
OUT_16067,45.68
OUT_16068,56.63
OUT_16069,206.81
OUT_16070,57.0
OUT_16071,1665.67
OUT_16072,64.8
OUT_16073,68.21
OUT_16074,72.9
OUT_16075,1677.73
OUT_16076,64.58
OUT_16077,206.12
OUT_16078,194.65
OUT_16079,199.32
OUT_16080,65.38
OUT_16081,42.87
OUT_16082,197.61
OUT_16083,679.55
OUT_16084,192.11
OUT_16085,1702.53
OUT_16086,651.51
OUT_16087,192.7
OUT_16088,655.92
OUT_16089,59.37
OUT_16090,74.92
OUT_16091,69.27
OUT_16092,60.45
OUT_16093,194.03
OUT_16094,1655.79
OUT_16095,66.98
OUT_16096,62.92
OUT_16097,696.07
OUT_16098,49.6
OUT_16099,189.57
OUT_16100,63.87
OUT_16101,59.43
OUT_16102,183.32
OUT_16103,186.81
OUT_16104,195.54
OUT_16105,197.71
OUT_16106,191.84
OUT_16107,202.35
OUT_16108,1613.51
OUT_16109,60.82
OUT_16110,68.42
OUT_16111,54.82
OUT_16112,204.99
OUT_16113,648.92
OUT_16114,634.3
OUT_16115,67.34
OUT_16116,718.12
OUT_16117,51.58
OUT_16118,61.96
OUT_16119,65.1
OUT_16120,66.19
OUT_16121,67.8
OUT_16122,48.36
OUT_16123,678.8
OUT_16124,193.2
OUT_16125,72.05
OUT_16126,183.92
OUT_16127,59.94
OUT_16128,199.72
OUT_16129,69.64
OUT_16130,188.47
OUT_16131,56.75
OUT_16132,75.77
OUT_16133,71.83
OUT_16134,70.25
OUT_16135,653.22
OUT_16136,626.88
OUT_16137,67.72
OUT_16138,60.84
OUT_16139,65.45
OUT_16140,205.81
OUT_16141,68.76
OUT_16142,645.55
OUT_16143,686.75
OUT_16144,611.77
OUT_16145,46.14
OUT_16146,679.63
OUT_16147,190.65
OUT_16148,44.13
OUT_16149,52.3
OUT_16150,623.7
OUT_16151,61.75
OUT_16152,62.88
OUT_16153,650.99
OUT_16154,191.89
OUT_16155,59.4
OUT_16156,198.6
OUT_16157,47.9
OUT_16158,197.21
OUT_16159,65.99
OUT_16160,58.16
OUT_16161,199.73
OUT_16162,206.38
OUT_16163,68.3
OUT_16164,617.7
OUT_16165,60.21
OUT_16166,59.02
OUT_16167,68.29
OUT_16168,72.17
OUT_16169,1663.88
OUT_16170,704.99
OUT_16171,194.71
OUT_16172,628.17
OUT_16173,199.36
OUT_16174,39.5
OUT_16175,69.44
OUT_16176,671.19
OUT_16177,189.44
OUT_16178,52.06
OUT_16179,221.05
OUT_16180,1641.6
OUT_16181,194.07
OUT_16182,62.59
OUT_16183,1637.77
OUT_16184,675.62
OUT_16185,609.24
OUT_16186,69.88
OUT_16187,71.26
OUT_16188,40.77
OUT_16189,194.75
OUT_16190,701.17
OUT_16191,68.76
OUT_16192,194.21
OUT_16193,205.35
OUT_16194,627.24
OUT_16195,1710.89
OUT_16196,201.63
OUT_16197,65.83
OUT_16198,63.81
OUT_16199,1645.83
OUT_16200,41.14
OUT_16201,698.3
OUT_16202,65.87
OUT_16203,57.07
OUT_16204,198.0
OUT_16205,66.55
OUT_16206,68.0
OUT_16207,192.38
OUT_16208,60.46
OUT_16209,613.05
OUT_16210,60.36
OUT_16211,49.3
OUT_16212,68.13
OUT_16213,62.9
OUT_16214,68.17
OUT_16215,592.46
OUT_16216,618.45
OUT_16217,198.59
OUT_16218,65.68
OUT_16219,728.11
OUT_16220,65.22
OUT_16221,59.54
OUT_16222,56.34
OUT_16223,1541.79
OUT_16224,72.08
OUT_16225,190.49
OUT_16226,28.15
OUT_16227,60.19
OUT_16228,1680.32
OUT_16229,1706.77
OUT_16230,201.73
OUT_16231,68.88
OUT_16232,60.12
OUT_16233,61.18
OUT_16234,198.79
OUT_16235,193.05
OUT_16236,63.17
OUT_16237,194.43
OUT_16238,1721.98
OUT_16239,48.22
OUT_16240,197.96
OUT_16241,54.44
OUT_16242,187.94
OUT_16243,644.43
OUT_16244,633.96
OUT_16245,679.56
OUT_16246,65.28
OUT_16247,59.18
OUT_16248,198.11
OUT_16249,65.56
OUT_16250,62.08
OUT_16251,67.65
OUT_16252,625.04
OUT_16253,54.94
OUT_16254,640.73
OUT_16255,644.94
OUT_16256,192.14
OUT_16257,78.96
OUT_16258,687.92
OUT_16259,50.46
OUT_16260,73.81
OUT_16261,197.18
OUT_16262,60.15
OUT_16263,62.1
OUT_16264,64.46
OUT_16265,63.66
OUT_16266,65.39
OUT_16267,70.55
OUT_16268,54.17
OUT_16269,190.56
OUT_16270,67.23
OUT_16271,725.2
OUT_16272,205.58
OUT_16273,651.85
OUT_16274,79.33
OUT_16275,670.69
OUT_16276,37.82
OUT_16277,60.27
OUT_16278,190.28
OUT_16279,195.64
OUT_16280,44.75
OUT_16281,59.58
OUT_16282,68.42
OUT_16283,205.38
OUT_16284,641.47
OUT_16285,63.82
OUT_16286,58.53
OUT_16287,194.74
OUT_16288,190.21
OUT_16289,66.58
OUT_16290,56.02
OUT_16291,61.28
OUT_16292,193.97
OUT_16293,195.08
OUT_16294,64.85
OUT_16295,66.27
OUT_16296,193.53
OUT_16297,199.47
OUT_16298,61.13
OUT_16299,189.83
OUT_16300,719.37
OUT_16301,69.53
OUT_16302,651.24
OUT_16303,1698.74
OUT_16304,1615.14
OUT_16305,62.18
OUT_16306,56.32
OUT_16307,59.98
OUT_16308,67.91
OUT_16309,243.52
OUT_16310,204.29
OUT_16311,710.71
OUT_16312,68.95
OUT_16313,48.97
OUT_16314,1653.59
OUT_16315,714.07
OUT_16316,66.54
OUT_16317,671.04
OUT_16318,677.0
OUT_16319,63.21
OUT_16320,58.02
OUT_16321,204.24
OUT_16322,628.78
OUT_16323,201.99
OUT_16324,63.5
OUT_16325,54.01
OUT_16326,649.83
OUT_16327,185.06
OUT_16328,705.63
OUT_16329,1657.26
OUT_16330,692.76
OUT_16331,1696.82
OUT_16332,65.49
OUT_16333,70.33
OUT_16334,657.62
OUT_16335,189.78
OUT_16336,1701.03
OUT_16337,69.07
OUT_16338,66.84
OUT_16339,49.72
OUT_16340,60.25
OUT_16341,196.4
OUT_16342,41.78
OUT_16343,667.9
OUT_16344,63.16
OUT_16345,55.75
OUT_16346,34.15
OUT_16347,63.92
OUT_16348,212.01
OUT_16349,607.88
OUT_16350,70.49
OUT_16351,633.32
OUT_16352,68.65
OUT_16353,63.22
OUT_16354,67.49
OUT_16355,72.04
OUT_16356,66.55
OUT_16357,69.09
OUT_16358,47.03
OUT_16359,203.31
OUT_16360,55.24
OUT_16361,57.01
OUT_16362,700.38
OUT_16363,51.78
OUT_16364,685.29
OUT_16365,68.68
OUT_16366,59.49
OUT_16367,203.95
OUT_16368,62.15
OUT_16369,59.48
OUT_16370,192.72
OUT_16371,58.03
OUT_16372,72.76
OUT_16373,59.59
OUT_16374,67.02
OUT_16375,229.57
OUT_16376,71.85
OUT_16377,60.39
OUT_16378,65.2
OUT_16379,55.21
OUT_16380,79.27
OUT_16381,64.2
OUT_16382,695.78
OUT_16383,634.2
OUT_16384,201.69
OUT_16385,64.54
OUT_16386,67.24
OUT_16387,205.39
OUT_16388,1701.58
OUT_16389,630.01
OUT_16390,203.24
OUT_16391,64.07
OUT_16392,56.84
OUT_16393,73.31
OUT_16394,621.53
OUT_16395,58.8
OUT_16396,72.62
OUT_16397,673.28
OUT_16398,198.19
OUT_16399,54.25
OUT_16400,67.5
OUT_16401,60.49
OUT_16402,200.89
OUT_16403,708.74
OUT_16404,193.68
OUT_16405,62.4
OUT_16406,74.06
OUT_16407,192.35
OUT_16408,68.35
OUT_16409,192.52
OUT_16410,47.04
OUT_16411,207.91
OUT_16412,71.37
OUT_16413,669.84
OUT_16414,662.13
OUT_16415,64.68
OUT_16416,61.71
OUT_16417,665.3
OUT_16418,74.15
OUT_16419,194.25
OUT_16420,60.56
OUT_16421,206.63
OUT_16422,63.42
OUT_16423,201.88
OUT_16424,635.57
OUT_16425,188.93
OUT_16426,676.91
OUT_16427,50.14
OUT_16428,62.98
OUT_16429,190.2
OUT_16430,54.98
OUT_16431,60.2
OUT_16432,36.37
OUT_16433,184.01
OUT_16434,67.15
OUT_16435,614.83
OUT_16436,196.63
OUT_16437,1682.49
OUT_16438,76.33
OUT_16439,187.8
OUT_16440,65.94
OUT_16441,1716.07
OUT_16442,50.35
OUT_16443,66.19
OUT_16444,202.87
OUT_16445,66.13
OUT_16446,47.66
OUT_16447,64.73
OUT_16448,199.7
OUT_16449,186.75
OUT_16450,59.1
OUT_16451,639.13
OUT_16452,193.06
OUT_16453,59.62
OUT_16454,205.71
OUT_16455,201.83
OUT_16456,63.32
OUT_16457,199.94
OUT_16458,63.98
OUT_16459,634.1
OUT_16460,1722.17
OUT_16461,204.08
OUT_16462,62.76
OUT_16463,196.09
OUT_16464,67.5
OUT_16465,184.6
OUT_16466,60.48
OUT_16467,627.83
OUT_16468,197.41
OUT_16469,62.01
OUT_16470,650.86
OUT_16471,62.42
OUT_16472,57.81
OUT_16473,30.67
OUT_16474,63.88
OUT_16475,60.73
OUT_16476,63.62
OUT_16477,186.16
OUT_16478,194.73
OUT_16479,207.29
OUT_16480,185.49
OUT_16481,71.79
OUT_16482,49.83
OUT_16483,197.56
OUT_16484,193.96
OUT_16485,59.83
OUT_16486,66.72
OUT_16487,195.03
OUT_16488,1664.86
OUT_16489,188.33
OUT_16490,45.9
OUT_16491,76.33
OUT_16492,1685.22
OUT_16493,54.89
OUT_16494,198.74
OUT_16495,76.86
OUT_16496,191.14
OUT_16497,643.81
OUT_16498,69.34
OUT_16499,198.03
OUT_16500,51.66
OUT_16501,188.01
OUT_16502,647.76
OUT_16503,70.96
OUT_16504,65.0
OUT_16505,69.69
OUT_16506,52.98
OUT_16507,70.04
OUT_16508,60.68
OUT_16509,66.4
OUT_16510,65.1
OUT_16511,617.14
OUT_16512,67.98
OUT_16513,197.63
OUT_16514,220.77
OUT_16515,195.14
OUT_16516,194.07
OUT_16517,180.67
OUT_16518,55.54
OUT_16519,73.55
OUT_16520,1663.83
OUT_16521,208.11
OUT_16522,64.4
OUT_16523,67.91
OUT_16524,196.79
OUT_16525,189.51
OUT_16526,58.99
OUT_16527,62.68
OUT_16528,62.54
OUT_16529,200.96
OUT_16530,697.4
OUT_16531,661.32
OUT_16532,67.68
OUT_16533,186.87
OUT_16534,75.87
OUT_16535,63.64
OUT_16536,607.49
OUT_16537,190.59
OUT_16538,1677.24
OUT_16539,194.31
OUT_16540,621.65
OUT_16541,70.63
OUT_16542,198.3
OUT_16543,198.17
OUT_16544,188.21
OUT_16545,62.56
OUT_16546,67.45
OUT_16547,58.91
OUT_16548,1723.31
OUT_16549,50.04
OUT_16550,73.12
OUT_16551,193.67
OUT_16552,71.51
OUT_16553,193.09
OUT_16554,62.06
OUT_16555,65.51
OUT_16556,60.56
OUT_16557,55.73
OUT_16558,194.33
OUT_16559,202.14
OUT_16560,63.78
OUT_16561,66.54
OUT_16562,63.81
OUT_16563,68.08
OUT_16564,62.94
OUT_16565,67.79
OUT_16566,49.65
OUT_16567,75.4
OUT_16568,64.37
OUT_16569,193.65
OUT_16570,1628.01
OUT_16571,69.09
OUT_16572,73.38
OUT_16573,1663.18
OUT_16574,32.82
OUT_16575,70.63
OUT_16576,623.67
OUT_16577,51.5
OUT_16578,194.89
OUT_16579,196.44
OUT_16580,60.3
OUT_16581,65.39
OUT_16582,62.2
OUT_16583,669.15
OUT_16584,58.95
OUT_16585,69.74
OUT_16586,584.92
OUT_16587,74.1
OUT_16588,195.73
OUT_16589,59.11
OUT_16590,640.46
OUT_16591,63.88
OUT_16592,193.58
OUT_16593,633.24
OUT_16594,65.5
OUT_16595,66.94
OUT_16596,1679.35
OUT_16597,1647.79
OUT_16598,747.4
OUT_16599,63.87
OUT_16600,36.59
OUT_16601,191.16
OUT_16602,608.32
OUT_16603,58.7
OUT_16604,65.18
OUT_16605,1651.72
OUT_16606,68.08
OUT_16607,196.78
OUT_16608,68.09
OUT_16609,197.29
OUT_16610,40.03
OUT_16611,68.81
OUT_16612,185.26
OUT_16613,53.96
OUT_16614,68.49
OUT_16615,58.82
OUT_16616,202.84
OUT_16617,197.61
OUT_16618,63.66
OUT_16619,198.41
OUT_16620,197.34
OUT_16621,65.39
OUT_16622,189.49
OUT_16623,614.9
OUT_16624,51.56
OUT_16625,73.64
OUT_16626,51.41
OUT_16627,68.45
OUT_16628,54.85
OUT_16629,51.84
OUT_16630,37.15
OUT_16631,186.65
OUT_16632,195.73
OUT_16633,701.95
OUT_16634,57.37
OUT_16635,78.83
OUT_16636,72.15
OUT_16637,63.54
OUT_16638,63.96
OUT_16639,1707.28
OUT_16640,191.69
OUT_16641,612.33
OUT_16642,197.73
OUT_16643,172.96
OUT_16644,204.52
OUT_16645,192.12
OUT_16646,198.49
OUT_16647,172.51
OUT_16648,58.88
OUT_16649,720.13
OUT_16650,77.26
OUT_16651,70.7
OUT_16652,199.18
OUT_16653,53.0
OUT_16654,678.03
OUT_16655,68.99
OUT_16656,648.69
OUT_16657,600.19
OUT_16658,59.78
OUT_16659,714.16
OUT_16660,63.94
OUT_16661,57.79
OUT_16662,197.23
OUT_16663,60.96
OUT_16664,65.28
OUT_16665,203.59
OUT_16666,40.38
OUT_16667,61.91
OUT_16668,64.85
OUT_16669,71.8
OUT_16670,590.81
OUT_16671,55.43
OUT_16672,68.98
OUT_16673,193.15
OUT_16674,69.18
OUT_16675,629.96
OUT_16676,710.37
OUT_16677,54.6
OUT_16678,32.02
OUT_16679,64.64
OUT_16680,213.15
OUT_16681,68.73
OUT_16682,68.61
OUT_16683,76.05
OUT_16684,58.77
OUT_16685,210.2
OUT_16686,53.03
OUT_16687,660.57
OUT_16688,1487.86
OUT_16689,71.28
OUT_16690,607.45
OUT_16691,66.58
OUT_16692,190.81
OUT_16693,63.85
OUT_16694,192.39
OUT_16695,80.93
OUT_16696,53.14
OUT_16697,57.89
OUT_16698,205.78
OUT_16699,66.09
OUT_16700,52.38
OUT_16701,53.77
OUT_16702,204.53
OUT_16703,661.13
OUT_16704,75.74
OUT_16705,194.27
OUT_16706,64.37
OUT_16707,680.84
OUT_16708,58.86
OUT_16709,76.12
OUT_16710,66.12
OUT_16711,694.32
OUT_16712,661.6
OUT_16713,69.26
OUT_16714,65.83
OUT_16715,60.14
OUT_16716,217.4
OUT_16717,197.04
OUT_16718,68.59
OUT_16719,202.49
OUT_16720,45.61
OUT_16721,193.51
OUT_16722,68.11
OUT_16723,75.33
OUT_16724,640.61
OUT_16725,185.25
OUT_16726,207.97
OUT_16727,69.35
OUT_16728,734.91
OUT_16729,59.56
OUT_16730,65.57
OUT_16731,192.11
OUT_16732,196.27
OUT_16733,66.86
OUT_16734,65.82
OUT_16735,64.85
OUT_16736,56.15
OUT_16737,186.76
OUT_16738,618.06
OUT_16739,216.02
OUT_16740,216.28
OUT_16741,629.03
OUT_16742,621.97
OUT_16743,66.59
OUT_16744,56.34
OUT_16745,194.34
OUT_16746,201.36
OUT_16747,183.21
OUT_16748,64.73
OUT_16749,637.47
OUT_16750,54.49
OUT_16751,65.96
OUT_16752,51.91
OUT_16753,675.64
OUT_16754,68.73
OUT_16755,60.49
OUT_16756,53.04
OUT_16757,207.69
OUT_16758,63.94
OUT_16759,64.36
OUT_16760,191.36
OUT_16761,53.57
OUT_16762,194.74
OUT_16763,46.61
OUT_16764,64.71
OUT_16765,52.73
OUT_16766,193.76
OUT_16767,42.21
OUT_16768,185.94
OUT_16769,648.57
OUT_16770,195.05
OUT_16771,40.76
OUT_16772,67.65
OUT_16773,42.15
OUT_16774,54.75
OUT_16775,632.76
OUT_16776,191.43
OUT_16777,176.2
OUT_16778,207.71
OUT_16779,60.25
OUT_16780,63.04
OUT_16781,43.18
OUT_16782,53.38
OUT_16783,202.44
OUT_16784,188.36
OUT_16785,641.96
OUT_16786,676.32
OUT_16787,660.6
OUT_16788,43.88
OUT_16789,67.3
OUT_16790,192.93
OUT_16791,619.25
OUT_16792,71.99
OUT_16793,193.92
OUT_16794,196.01
OUT_16795,58.28
OUT_16796,194.54
OUT_16797,60.0
OUT_16798,68.52
OUT_16799,63.09
OUT_16800,52.37
OUT_16801,58.52
OUT_16802,65.34
OUT_16803,65.18
OUT_16804,699.37
OUT_16805,62.7
OUT_16806,745.47
OUT_16807,204.74
OUT_16808,630.52
OUT_16809,1740.56
OUT_16810,182.21
OUT_16811,59.89
OUT_16812,675.86
OUT_16813,621.49
OUT_16814,64.12
OUT_16815,648.12
OUT_16816,73.86
OUT_16817,203.1
OUT_16818,192.03
OUT_16819,71.04
OUT_16820,650.66
OUT_16821,211.65
OUT_16822,63.13
OUT_16823,69.79
OUT_16824,210.9
OUT_16825,64.77
OUT_16826,76.33
OUT_16827,1661.58
OUT_16828,188.74
OUT_16829,67.05
OUT_16830,710.69
OUT_16831,71.78
OUT_16832,616.14
OUT_16833,190.48
OUT_16834,203.29
OUT_16835,61.89
OUT_16836,47.05
OUT_16837,61.85
OUT_16838,630.71
OUT_16839,198.99
OUT_16840,690.33
OUT_16841,611.99
OUT_16842,63.62
OUT_16843,61.26
OUT_16844,189.05
OUT_16845,63.83
OUT_16846,71.39
OUT_16847,54.5
OUT_16848,1657.7
OUT_16849,64.92
OUT_16850,61.51
OUT_16851,603.54
OUT_16852,190.6
OUT_16853,70.45
OUT_16854,59.43
OUT_16855,205.36
OUT_16856,195.37
OUT_16857,205.45
OUT_16858,632.21
OUT_16859,67.78
OUT_16860,176.65
OUT_16861,195.82
OUT_16862,65.05
OUT_16863,685.03
OUT_16864,1675.82
OUT_16865,75.57
OUT_16866,206.76
OUT_16867,54.94
OUT_16868,681.37
OUT_16869,65.07
OUT_16870,198.96
OUT_16871,74.25
OUT_16872,743.83
OUT_16873,197.53
OUT_16874,196.62
OUT_16875,190.91
OUT_16876,595.36
OUT_16877,68.93
OUT_16878,64.26
OUT_16879,61.17
OUT_16880,748.52
OUT_16881,61.12
OUT_16882,199.25
OUT_16883,62.7
OUT_16884,619.45
OUT_16885,55.36
OUT_16886,62.45
OUT_16887,53.54
OUT_16888,211.77
OUT_16889,196.17
OUT_16890,63.91
OUT_16891,697.95
OUT_16892,32.62
OUT_16893,200.93
OUT_16894,219.09
OUT_16895,73.37
OUT_16896,68.53
OUT_16897,71.98
OUT_16898,65.92
OUT_16899,660.65
OUT_16900,635.2
OUT_16901,72.85
OUT_16902,199.77
OUT_16903,76.45
OUT_16904,57.24
OUT_16905,165.91
OUT_16906,65.78
OUT_16907,68.2
OUT_16908,617.71
OUT_16909,619.87
OUT_16910,68.94
OUT_16911,76.2
OUT_16912,70.06
OUT_16913,197.09
OUT_16914,72.01
OUT_16915,70.48
OUT_16916,55.36
OUT_16917,72.18
OUT_16918,55.91
OUT_16919,60.54
OUT_16920,198.39
OUT_16921,189.95
OUT_16922,57.25
OUT_16923,190.31
OUT_16924,645.69
OUT_16925,745.59
OUT_16926,66.95
OUT_16927,200.2
OUT_16928,191.05
OUT_16929,73.31
OUT_16930,196.21
OUT_16931,64.63
OUT_16932,201.1
OUT_16933,49.79
OUT_16934,195.15
OUT_16935,1698.67
OUT_16936,202.16
OUT_16937,632.03
OUT_16938,68.95
OUT_16939,64.29
OUT_16940,48.06
OUT_16941,65.0
OUT_16942,198.71
OUT_16943,40.9
OUT_16944,185.58
OUT_16945,73.36
OUT_16946,1647.74
OUT_16947,64.45
OUT_16948,58.99
OUT_16949,54.96
OUT_16950,72.38
OUT_16951,63.92
OUT_16952,66.83
OUT_16953,56.97
OUT_16954,64.96
OUT_16955,56.24
OUT_16956,45.53
OUT_16957,59.17
OUT_16958,691.5
OUT_16959,1680.89
OUT_16960,69.78
OUT_16961,196.05
OUT_16962,62.96
OUT_16963,57.45
OUT_16964,48.55
OUT_16965,195.83
OUT_16966,59.8
OUT_16967,204.31
OUT_16968,191.6
OUT_16969,196.87
OUT_16970,200.98
OUT_16971,643.96
OUT_16972,69.18
OUT_16973,57.59
OUT_16974,198.03
OUT_16975,191.9
OUT_16976,69.88
OUT_16977,714.26
OUT_16978,72.47
OUT_16979,56.44
OUT_16980,65.04
OUT_16981,59.61
OUT_16982,66.7
OUT_16983,202.17
OUT_16984,50.09
OUT_16985,190.48
OUT_16986,1689.32
OUT_16987,194.11
OUT_16988,197.64
OUT_16989,194.66
OUT_16990,1668.97
OUT_16991,209.57
OUT_16992,50.24
OUT_16993,63.06
OUT_16994,192.56
OUT_16995,55.47
OUT_16996,194.77
OUT_16997,193.16
OUT_16998,50.93
OUT_16999,199.63
OUT_17000,63.88
OUT_17001,83.87
OUT_17002,247.27
OUT_17003,62.43
OUT_17004,274.71
OUT_17005,278.99
OUT_17006,254.86
OUT_17007,276.78
OUT_17008,951.16
OUT_17009,2082.95
OUT_17010,2124.95
OUT_17011,61.26
OUT_17012,48.9
OUT_17013,61.84
OUT_17014,2052.19
OUT_17015,245.88
OUT_17016,62.89
OUT_17017,71.09
OUT_17018,73.8
OUT_17019,277.18
OUT_17020,43.41
OUT_17021,885.84
OUT_17022,47.63
OUT_17023,82.77
OUT_17024,76.31
OUT_17025,947.74
OUT_17026,46.56
OUT_17027,78.81
OUT_17028,976.66
OUT_17029,74.21
OUT_17030,76.56
OUT_17031,70.27
OUT_17032,75.01
OUT_17033,71.71
OUT_17034,233.69
OUT_17035,77.48
OUT_17036,77.21
OUT_17037,247.24
OUT_17038,84.39
OUT_17039,267.1
OUT_17040,61.24
OUT_17041,202.8
OUT_17042,71.9
OUT_17043,40.23
OUT_17044,894.8
OUT_17045,79.36
OUT_17046,60.86
OUT_17047,924.48
OUT_17048,73.71
OUT_17049,2107.21
OUT_17050,248.45
OUT_17051,60.4
OUT_17052,73.39
OUT_17053,253.44
OUT_17054,255.17
OUT_17055,90.14
OUT_17056,253.44
OUT_17057,265.48
OUT_17058,942.76
OUT_17059,261.25
OUT_17060,68.87
OUT_17061,243.43
OUT_17062,86.33
OUT_17063,73.56
OUT_17064,274.68
OUT_17065,79.65
OUT_17066,857.14
OUT_17067,2108.72
OUT_17068,255.48
OUT_17069,233.42
OUT_17070,256.96
OUT_17071,2112.68
OUT_17072,93.54
OUT_17073,250.1
OUT_17074,256.88
OUT_17075,42.65
OUT_17076,80.98
OUT_17077,56.83
OUT_17078,965.01
OUT_17079,75.59
OUT_17080,244.06
OUT_17081,63.49
OUT_17082,2062.76
OUT_17083,80.25
OUT_17084,72.89
OUT_17085,966.28
OUT_17086,63.82
OUT_17087,999.27
OUT_17088,1010.01
OUT_17089,61.13
OUT_17090,57.36
OUT_17091,50.52
OUT_17092,990.44
OUT_17093,83.47
OUT_17094,83.02
OUT_17095,254.61
OUT_17096,79.76
OUT_17097,71.28
OUT_17098,250.39
OUT_17099,263.55
OUT_17100,261.68
OUT_17101,821.33
OUT_17102,258.46
OUT_17103,60.73
OUT_17104,208.81
OUT_17105,66.35
OUT_17106,58.06
OUT_17107,238.42
OUT_17108,81.23
OUT_17109,77.46
OUT_17110,900.58
OUT_17111,262.33
OUT_17112,61.88
OUT_17113,67.71
OUT_17114,87.92
OUT_17115,90.18
OUT_17116,67.35
OUT_17117,70.25
OUT_17118,73.61
OUT_17119,265.49
OUT_17120,96.97
OUT_17121,943.48
OUT_17122,230.57
OUT_17123,956.05
OUT_17124,775.22
OUT_17125,273.35
OUT_17126,61.27
OUT_17127,89.25
OUT_17128,88.45
OUT_17129,943.76
OUT_17130,67.36
OUT_17131,2027.04
OUT_17132,70.79
OUT_17133,60.21
OUT_17134,75.94
OUT_17135,240.94
OUT_17136,236.02
OUT_17137,252.88
OUT_17138,88.77
OUT_17139,77.68
OUT_17140,233.25
OUT_17141,227.55
OUT_17142,213.12
OUT_17143,267.21
OUT_17144,223.45
OUT_17145,36.66
OUT_17146,61.46
OUT_17147,66.53
OUT_17148,253.05
OUT_17149,261.95
OUT_17150,72.52
OUT_17151,80.08
OUT_17152,301.8
OUT_17153,2042.35
OUT_17154,90.78
OUT_17155,89.6
OUT_17156,78.18
OUT_17157,253.34
OUT_17158,227.78
OUT_17159,222.18
OUT_17160,906.43
OUT_17161,247.39
OUT_17162,963.46
OUT_17163,54.5
OUT_17164,80.38
OUT_17165,74.5
OUT_17166,63.15
OUT_17167,870.11
OUT_17168,49.17
OUT_17169,50.57
OUT_17170,55.06
OUT_17171,91.76
OUT_17172,968.92
OUT_17173,282.69
OUT_17174,32.16
OUT_17175,2026.8
OUT_17176,71.69
OUT_17177,231.74
OUT_17178,957.17
OUT_17179,219.86
OUT_17180,87.83
OUT_17181,80.31
OUT_17182,91.82
OUT_17183,871.72
OUT_17184,55.83
OUT_17185,91.87
OUT_17186,237.49
OUT_17187,2134.81
OUT_17188,83.23
OUT_17189,272.24
OUT_17190,84.88
OUT_17191,76.95
OUT_17192,808.4
OUT_17193,250.5
OUT_17194,251.57
OUT_17195,78.85
OUT_17196,66.67
OUT_17197,81.59
OUT_17198,304.96
OUT_17199,86.1
OUT_17200,255.51
OUT_17201,273.25
OUT_17202,263.27
OUT_17203,86.19
OUT_17204,249.53
OUT_17205,64.09
OUT_17206,293.53
OUT_17207,900.32
OUT_17208,915.0
OUT_17209,77.44
OUT_17210,62.19
OUT_17211,72.33
OUT_17212,78.23
OUT_17213,74.41
OUT_17214,265.67
OUT_17215,266.47
OUT_17216,2134.7
OUT_17217,86.75
OUT_17218,89.15
OUT_17219,67.79
OUT_17220,64.07
OUT_17221,68.66
OUT_17222,264.42
OUT_17223,73.39
OUT_17224,246.08
OUT_17225,217.47
OUT_17226,64.79
OUT_17227,69.34
OUT_17228,72.43
OUT_17229,76.85
OUT_17230,58.76
OUT_17231,904.75
OUT_17232,897.92
OUT_17233,229.93
OUT_17234,277.42
OUT_17235,67.9
OUT_17236,86.29
OUT_17237,67.87
OUT_17238,62.92
OUT_17239,256.78
OUT_17240,249.55
OUT_17241,254.05
OUT_17242,254.92
OUT_17243,67.49
OUT_17244,80.57
OUT_17245,271.0
OUT_17246,275.52
OUT_17247,248.19
OUT_17248,248.46
OUT_17249,71.2
OUT_17250,255.62
OUT_17251,61.29
OUT_17252,53.46
OUT_17253,244.35
OUT_17254,72.46
OUT_17255,82.25
OUT_17256,69.51
OUT_17257,258.44
OUT_17258,98.58
OUT_17259,265.69
OUT_17260,242.26
OUT_17261,64.47
OUT_17262,76.08
OUT_17263,937.44
OUT_17264,72.5
OUT_17265,91.01
OUT_17266,77.47
OUT_17267,84.7
OUT_17268,76.48
OUT_17269,256.56
OUT_17270,994.9
OUT_17271,60.27
OUT_17272,286.48
OUT_17273,284.17
OUT_17274,83.23
OUT_17275,288.62
OUT_17276,263.56
OUT_17277,251.97
OUT_17278,80.3
OUT_17279,74.05
OUT_17280,2080.95
OUT_17281,74.67
OUT_17282,223.77
OUT_17283,87.9
OUT_17284,96.35
OUT_17285,247.15
OUT_17286,91.37
OUT_17287,76.15
OUT_17288,85.96
OUT_17289,230.17
OUT_17290,45.55
OUT_17291,74.58
OUT_17292,71.48
OUT_17293,260.34
OUT_17294,104.23
OUT_17295,77.91
OUT_17296,59.89
OUT_17297,60.0
OUT_17298,80.48
OUT_17299,75.02
OUT_17300,61.74
OUT_17301,976.94
OUT_17302,268.0
OUT_17303,242.56
OUT_17304,766.56
OUT_17305,251.59
OUT_17306,85.69
OUT_17307,284.81
OUT_17308,241.32
OUT_17309,71.82
OUT_17310,67.92
OUT_17311,84.31
OUT_17312,959.03
OUT_17313,70.86
OUT_17314,900.83
OUT_17315,882.74
OUT_17316,64.27
OUT_17317,240.35
OUT_17318,973.08
OUT_17319,55.63
OUT_17320,232.87
OUT_17321,933.9
OUT_17322,271.56
OUT_17323,248.62
OUT_17324,918.31
OUT_17325,264.85
OUT_17326,2117.16
OUT_17327,68.91
OUT_17328,254.35
OUT_17329,935.98
OUT_17330,82.84
OUT_17331,56.08
OUT_17332,66.49
OUT_17333,65.15
OUT_17334,933.53
OUT_17335,81.39
OUT_17336,76.78
OUT_17337,76.48
OUT_17338,244.17
OUT_17339,249.61
OUT_17340,83.89
OUT_17341,67.85
OUT_17342,263.26
OUT_17343,248.06
OUT_17344,74.2
OUT_17345,869.42
OUT_17346,97.99
OUT_17347,74.56
OUT_17348,888.01
OUT_17349,82.22
OUT_17350,952.12
OUT_17351,85.96
OUT_17352,82.92
OUT_17353,73.62
OUT_17354,894.98
OUT_17355,55.88
OUT_17356,85.23
OUT_17357,87.51
OUT_17358,76.03
OUT_17359,65.42
OUT_17360,74.06
OUT_17361,85.54
OUT_17362,247.54
OUT_17363,79.65
OUT_17364,260.39
OUT_17365,64.24
OUT_17366,913.67
OUT_17367,89.28
OUT_17368,84.05
OUT_17369,74.05
OUT_17370,75.25
OUT_17371,2132.31
OUT_17372,876.88
OUT_17373,244.87
OUT_17374,847.52
OUT_17375,84.46
OUT_17376,45.99
OUT_17377,48.16
OUT_17378,907.21
OUT_17379,58.95
OUT_17380,72.84
OUT_17381,83.18
OUT_17382,75.61
OUT_17383,98.09
OUT_17384,48.74
OUT_17385,260.45
OUT_17386,253.09
OUT_17387,80.4
OUT_17388,90.79
OUT_17389,2109.36
OUT_17390,73.24
OUT_17391,74.58
OUT_17392,868.2
OUT_17393,68.14
OUT_17394,220.51
OUT_17395,55.85
OUT_17396,254.18
OUT_17397,248.6
OUT_17398,40.79
OUT_17399,80.64
OUT_17400,247.61
OUT_17401,78.53
OUT_17402,245.44
OUT_17403,230.97
OUT_17404,301.13
OUT_17405,918.3
OUT_17406,75.44
OUT_17407,93.81
OUT_17408,975.5
OUT_17409,70.16
OUT_17410,85.54
OUT_17411,47.16
OUT_17412,77.88
OUT_17413,253.06
OUT_17414,248.2
OUT_17415,259.04
OUT_17416,861.46
OUT_17417,57.96
OUT_17418,273.86
OUT_17419,270.4
OUT_17420,241.0
OUT_17421,80.07
OUT_17422,960.61
OUT_17423,910.69
OUT_17424,2064.72
OUT_17425,2085.88
OUT_17426,98.29
OUT_17427,86.41
OUT_17428,70.65
OUT_17429,76.81
OUT_17430,817.43
OUT_17431,86.07
OUT_17432,250.09
OUT_17433,971.05
OUT_17434,80.23
OUT_17435,980.41
OUT_17436,943.38
OUT_17437,2130.18
OUT_17438,72.42
OUT_17439,59.75
OUT_17440,892.55
OUT_17441,88.14
OUT_17442,54.98
OUT_17443,254.04
OUT_17444,52.33
OUT_17445,61.65
OUT_17446,234.01
OUT_17447,743.31
OUT_17448,79.63
OUT_17449,95.32
OUT_17450,236.09
OUT_17451,259.8
OUT_17452,85.04
OUT_17453,249.97
OUT_17454,82.36
OUT_17455,59.76
OUT_17456,70.92
OUT_17457,883.05
OUT_17458,74.89
OUT_17459,980.98
OUT_17460,238.43
OUT_17461,67.4
OUT_17462,75.12
OUT_17463,222.47
OUT_17464,252.0
OUT_17465,91.17
OUT_17466,64.67
OUT_17467,94.75
OUT_17468,277.27
OUT_17469,72.17
OUT_17470,78.66
OUT_17471,252.05
OUT_17472,84.25
OUT_17473,237.22
OUT_17474,984.13
OUT_17475,72.18
OUT_17476,249.72
OUT_17477,930.68
OUT_17478,965.68
OUT_17479,79.83
OUT_17480,73.74
OUT_17481,75.97
OUT_17482,88.51
OUT_17483,245.16
OUT_17484,246.27
OUT_17485,85.93
OUT_17486,75.23
OUT_17487,74.48
OUT_17488,82.63
OUT_17489,93.29
OUT_17490,93.64
OUT_17491,251.49
OUT_17492,936.55
OUT_17493,57.34
OUT_17494,957.23
OUT_17495,950.6
OUT_17496,96.0
OUT_17497,63.71
OUT_17498,89.17
OUT_17499,59.78
OUT_17500,251.34
OUT_17501,258.38
OUT_17502,253.77
OUT_17503,67.78
OUT_17504,70.1
OUT_17505,94.69
OUT_17506,867.36
OUT_17507,69.24
OUT_17508,930.27
OUT_17509,52.17
OUT_17510,90.33
OUT_17511,64.86
OUT_17512,74.49
OUT_17513,66.88
OUT_17514,72.97
OUT_17515,67.9
OUT_17516,284.32
OUT_17517,80.69
OUT_17518,75.94
OUT_17519,258.39
OUT_17520,243.38
OUT_17521,256.04
OUT_17522,937.53
OUT_17523,88.37
OUT_17524,941.7
OUT_17525,94.37
OUT_17526,261.14
OUT_17527,225.21
OUT_17528,255.21
OUT_17529,68.5
OUT_17530,865.86
OUT_17531,59.99
OUT_17532,929.01
OUT_17533,72.23
OUT_17534,66.15
OUT_17535,259.03
OUT_17536,62.01
OUT_17537,66.48
OUT_17538,240.0
OUT_17539,71.27
OUT_17540,978.84
OUT_17541,64.04
OUT_17542,242.63
OUT_17543,64.82
OUT_17544,78.87
OUT_17545,76.42
OUT_17546,80.23
OUT_17547,68.02
OUT_17548,80.28
OUT_17549,2079.83
OUT_17550,233.97
OUT_17551,52.94
OUT_17552,93.31
OUT_17553,91.34
OUT_17554,267.72
OUT_17555,62.98
OUT_17556,183.95
OUT_17557,75.03
OUT_17558,90.23
OUT_17559,255.43
OUT_17560,78.6
OUT_17561,67.85
OUT_17562,45.45
OUT_17563,96.09
OUT_17564,71.81
OUT_17565,92.23
OUT_17566,277.04
OUT_17567,280.9
OUT_17568,237.07
OUT_17569,69.36
OUT_17570,70.64
OUT_17571,48.26
OUT_17572,255.68
OUT_17573,86.52
OUT_17574,875.42
OUT_17575,62.73
OUT_17576,72.44
OUT_17577,265.67
OUT_17578,75.35
OUT_17579,243.82
OUT_17580,69.65
OUT_17581,947.77
OUT_17582,76.7
OUT_17583,234.76
OUT_17584,995.87
OUT_17585,972.35
OUT_17586,72.42
OUT_17587,260.08
OUT_17588,69.37
OUT_17589,268.7
OUT_17590,86.84
OUT_17591,78.27
OUT_17592,76.8
OUT_17593,55.1
OUT_17594,82.1
OUT_17595,95.79
OUT_17596,953.62
OUT_17597,90.88
OUT_17598,2112.04
OUT_17599,41.86
OUT_17600,87.85
OUT_17601,891.61
OUT_17602,847.38
OUT_17603,283.72
OUT_17604,966.69
OUT_17605,204.83
OUT_17606,2074.27
OUT_17607,914.49
OUT_17608,82.58
OUT_17609,65.59
OUT_17610,220.16
OUT_17611,104.52
OUT_17612,77.34
OUT_17613,253.01
OUT_17614,263.55
OUT_17615,275.97
OUT_17616,59.86
OUT_17617,87.48
OUT_17618,2090.49
OUT_17619,257.71
OUT_17620,82.72
OUT_17621,931.36
OUT_17622,954.64
OUT_17623,92.86
OUT_17624,243.05
OUT_17625,244.63
OUT_17626,87.54
OUT_17627,118.16
OUT_17628,80.9
OUT_17629,934.18
OUT_17630,237.41
OUT_17631,63.83
OUT_17632,240.95
OUT_17633,70.38
OUT_17634,83.71
OUT_17635,75.88
OUT_17636,850.39
OUT_17637,73.23
OUT_17638,82.41
OUT_17639,77.49
OUT_17640,224.67
OUT_17641,51.74
OUT_17642,75.09
OUT_17643,49.16
OUT_17644,70.16
OUT_17645,237.31
OUT_17646,942.98
OUT_17647,82.36
OUT_17648,56.54
OUT_17649,81.0
OUT_17650,72.09
OUT_17651,878.91
OUT_17652,2078.83
OUT_17653,285.86
OUT_17654,251.36
OUT_17655,67.16
OUT_17656,926.5
OUT_17657,42.54
OUT_17658,53.86
OUT_17659,271.13
OUT_17660,900.5
OUT_17661,904.87
OUT_17662,911.16
OUT_17663,50.41
OUT_17664,852.58
OUT_17665,80.39
OUT_17666,56.47
OUT_17667,914.64
OUT_17668,953.78
OUT_17669,81.52
OUT_17670,77.42
OUT_17671,229.98
OUT_17672,77.62
OUT_17673,930.78
OUT_17674,77.96
OUT_17675,247.03
OUT_17676,285.34
OUT_17677,904.31
OUT_17678,85.83
OUT_17679,243.15
OUT_17680,67.56
OUT_17681,73.02
OUT_17682,81.04
OUT_17683,259.37
OUT_17684,65.98
OUT_17685,269.37
OUT_17686,70.63
OUT_17687,2120.74
OUT_17688,255.67
OUT_17689,85.04
OUT_17690,53.8
OUT_17691,85.06
OUT_17692,71.32
OUT_17693,71.88
OUT_17694,988.01
OUT_17695,71.72
OUT_17696,257.23
OUT_17697,229.66
OUT_17698,2016.87
OUT_17699,252.99
OUT_17700,58.81
OUT_17701,82.27
OUT_17702,72.54
OUT_17703,237.26
OUT_17704,78.21
OUT_17705,53.87
OUT_17706,69.63
OUT_17707,993.55
OUT_17708,85.96
OUT_17709,272.37
OUT_17710,44.35
OUT_17711,82.84
OUT_17712,86.17
OUT_17713,82.71
OUT_17714,62.8
OUT_17715,79.58
OUT_17716,70.51
OUT_17717,909.52
OUT_17718,876.44
OUT_17719,78.11
OUT_17720,262.43
OUT_17721,245.67
OUT_17722,76.52
OUT_17723,77.33
OUT_17724,76.55
OUT_17725,78.55
OUT_17726,2090.04
OUT_17727,244.77
OUT_17728,64.8
OUT_17729,233.12
OUT_17730,85.02
OUT_17731,78.44
OUT_17732,259.26
OUT_17733,79.07
OUT_17734,102.67
OUT_17735,269.06
OUT_17736,959.07
OUT_17737,892.25
OUT_17738,929.93
OUT_17739,987.66
OUT_17740,233.02
OUT_17741,232.73
OUT_17742,241.56
OUT_17743,69.3
OUT_17744,254.19
OUT_17745,75.85
OUT_17746,63.51
OUT_17747,75.64
OUT_17748,81.67
OUT_17749,91.84
OUT_17750,79.44
OUT_17751,71.19
OUT_17752,1001.72
OUT_17753,305.59
OUT_17754,2123.91
OUT_17755,275.3
OUT_17756,231.44
OUT_17757,86.8
OUT_17758,91.43
OUT_17759,67.91
OUT_17760,91.44
OUT_17761,897.85
OUT_17762,216.54
OUT_17763,260.61
OUT_17764,244.71
OUT_17765,66.13
OUT_17766,65.02
OUT_17767,63.48
OUT_17768,89.81
OUT_17769,2084.7
OUT_17770,953.97
OUT_17771,248.05
OUT_17772,88.33
OUT_17773,77.45
OUT_17774,73.25
OUT_17775,269.21
OUT_17776,808.95
OUT_17777,255.61
OUT_17778,882.22
OUT_17779,73.54
OUT_17780,195.22
OUT_17781,94.82
OUT_17782,252.36
OUT_17783,948.71
OUT_17784,74.35
OUT_17785,88.4
OUT_17786,234.61
OUT_17787,87.26
OUT_17788,87.33
OUT_17789,82.7
OUT_17790,66.25
OUT_17791,884.0
OUT_17792,229.74
OUT_17793,70.21
OUT_17794,85.07
OUT_17795,50.36
OUT_17796,65.35
OUT_17797,64.85
OUT_17798,73.06
OUT_17799,55.36
OUT_17800,977.38
OUT_17801,223.87
OUT_17802,258.99
OUT_17803,81.47
OUT_17804,74.61
OUT_17805,2098.98
OUT_17806,82.82
OUT_17807,64.16
OUT_17808,234.36
OUT_17809,272.22
OUT_17810,79.34
OUT_17811,267.0
OUT_17812,51.11
OUT_17813,76.83
OUT_17814,71.49
OUT_17815,931.8
OUT_17816,89.96
OUT_17817,55.72
OUT_17818,939.52
OUT_17819,61.3
OUT_17820,947.38
OUT_17821,80.64
OUT_17822,67.02
OUT_17823,69.85
OUT_17824,256.24
OUT_17825,67.53
OUT_17826,264.88
OUT_17827,961.23
OUT_17828,93.93
OUT_17829,89.79
OUT_17830,931.62
OUT_17831,904.97
OUT_17832,79.37
OUT_17833,41.31
OUT_17834,260.27
OUT_17835,260.5
OUT_17836,2139.63
OUT_17837,97.68
OUT_17838,908.7
OUT_17839,943.51
OUT_17840,62.3
OUT_17841,78.57
OUT_17842,87.61
OUT_17843,2119.11
OUT_17844,240.97
OUT_17845,938.93
OUT_17846,249.36
OUT_17847,275.16
OUT_17848,88.65
OUT_17849,255.84
OUT_17850,85.77
OUT_17851,286.42
OUT_17852,264.11
OUT_17853,217.35
OUT_17854,2156.83
OUT_17855,896.64
OUT_17856,920.72
OUT_17857,89.6
OUT_17858,253.37
OUT_17859,239.59
OUT_17860,63.56
OUT_17861,71.1
OUT_17862,92.34
OUT_17863,89.07
OUT_17864,73.06
OUT_17865,86.87
OUT_17866,92.72
OUT_17867,266.35
OUT_17868,74.07
OUT_17869,234.11
OUT_17870,70.71
OUT_17871,254.1
OUT_17872,100.46
OUT_17873,88.71
OUT_17874,66.6
OUT_17875,257.49
OUT_17876,254.88
OUT_17877,57.95
OUT_17878,276.31
OUT_17879,99.09
OUT_17880,2090.02
OUT_17881,81.42
OUT_17882,246.91
OUT_17883,247.53
OUT_17884,947.78
OUT_17885,55.23
OUT_17886,272.79
OUT_17887,77.79
OUT_17888,84.98
OUT_17889,267.3
OUT_17890,75.73
OUT_17891,920.4
OUT_17892,83.25
OUT_17893,101.94
OUT_17894,49.85
OUT_17895,80.41
OUT_17896,68.69
OUT_17897,76.37
OUT_17898,59.89
OUT_17899,242.08
OUT_17900,84.26
OUT_17901,48.72
OUT_17902,911.33
OUT_17903,66.01
OUT_17904,71.09
OUT_17905,70.85
OUT_17906,910.19
OUT_17907,238.45
OUT_17908,77.11
OUT_17909,62.75
OUT_17910,2103.36
OUT_17911,52.52
OUT_17912,255.31
OUT_17913,66.29
OUT_17914,81.24
OUT_17915,63.63
OUT_17916,65.94
OUT_17917,51.08
OUT_17918,942.78
OUT_17919,53.93
OUT_17920,86.93
OUT_17921,84.2
OUT_17922,65.83
OUT_17923,2113.29
OUT_17924,87.36
OUT_17925,58.17
OUT_17926,255.07
OUT_17927,255.23
OUT_17928,79.04
OUT_17929,43.05
OUT_17930,83.52
OUT_17931,88.13
OUT_17932,97.07
OUT_17933,863.64
OUT_17934,248.13
OUT_17935,233.06
OUT_17936,965.7
OUT_17937,256.7
OUT_17938,71.11
OUT_17939,67.28
OUT_17940,79.56
OUT_17941,73.16
OUT_17942,81.87
OUT_17943,69.65
OUT_17944,945.76
OUT_17945,72.7
OUT_17946,77.64
OUT_17947,937.81
OUT_17948,90.69
OUT_17949,80.84
OUT_17950,68.81
OUT_17951,85.39
OUT_17952,79.1
OUT_17953,63.38
OUT_17954,67.66
OUT_17955,953.33
OUT_17956,264.06
OUT_17957,231.59
OUT_17958,65.0
OUT_17959,68.48
OUT_17960,73.91
OUT_17961,60.52
OUT_17962,63.36
OUT_17963,272.22
OUT_17964,254.15
OUT_17965,78.07
OUT_17966,66.57
OUT_17967,910.16
OUT_17968,54.41
OUT_17969,83.1
OUT_17970,65.45
OUT_17971,68.16
OUT_17972,292.64
OUT_17973,891.18
OUT_17974,78.92
OUT_17975,858.3
OUT_17976,84.73
OUT_17977,73.37
OUT_17978,66.06
OUT_17979,895.91
OUT_17980,80.19
OUT_17981,82.37
OUT_17982,39.72
OUT_17983,2148.32
OUT_17984,71.32
OUT_17985,61.96
OUT_17986,947.01
OUT_17987,956.32
OUT_17988,920.41
OUT_17989,2061.27
OUT_17990,99.94
OUT_17991,250.54
OUT_17992,77.38
OUT_17993,91.33
OUT_17994,247.76
OUT_17995,936.83
OUT_17996,90.66
OUT_17997,77.83
OUT_17998,71.04
OUT_17999,94.74
OUT_18000,89.02
OUT_18001,61.01
OUT_18002,85.76
OUT_18003,64.08
OUT_18004,263.04
OUT_18005,61.14
OUT_18006,899.86
OUT_18007,82.28
OUT_18008,119.62
OUT_18009,83.48
OUT_18010,105.15
OUT_18011,956.65
OUT_18012,940.89
OUT_18013,80.89
OUT_18014,75.82
OUT_18015,251.48
OUT_18016,85.48
OUT_18017,1013.82
OUT_18018,854.32
OUT_18019,72.73
OUT_18020,235.64
OUT_18021,84.15
OUT_18022,2097.72
OUT_18023,2108.81
OUT_18024,69.06
OUT_18025,292.63
OUT_18026,248.01
OUT_18027,253.53
OUT_18028,247.49
OUT_18029,2125.06
OUT_18030,75.02
OUT_18031,255.0
OUT_18032,77.73
OUT_18033,242.93
OUT_18034,252.33
OUT_18035,931.09
OUT_18036,1003.49
OUT_18037,52.75
OUT_18038,87.13
OUT_18039,73.1
OUT_18040,257.49
OUT_18041,87.36
OUT_18042,78.3
OUT_18043,90.58
OUT_18044,252.49
OUT_18045,259.74
OUT_18046,242.9
OUT_18047,79.07
OUT_18048,82.91
OUT_18049,84.38
OUT_18050,952.97
OUT_18051,240.05
OUT_18052,68.9
OUT_18053,272.61
OUT_18054,72.72
OUT_18055,2115.28
OUT_18056,76.11
OUT_18057,96.76
OUT_18058,264.24
OUT_18059,62.65
OUT_18060,856.75
OUT_18061,237.9
OUT_18062,199.85
OUT_18063,80.53
OUT_18064,64.83
OUT_18065,83.9
OUT_18066,48.53
OUT_18067,269.03
OUT_18068,262.05
OUT_18069,78.95
OUT_18070,68.2
OUT_18071,2111.89
OUT_18072,958.42
OUT_18073,240.48
OUT_18074,68.83
OUT_18075,250.76
OUT_18076,72.19
OUT_18077,70.33
OUT_18078,255.19
OUT_18079,90.71
OUT_18080,68.42
OUT_18081,84.27
OUT_18082,70.52
OUT_18083,86.79
OUT_18084,95.58
OUT_18085,259.68
OUT_18086,952.3
OUT_18087,264.7
OUT_18088,71.8
OUT_18089,50.47
OUT_18090,249.33
OUT_18091,266.04
OUT_18092,232.3
OUT_18093,248.61
OUT_18094,238.42
OUT_18095,279.91
OUT_18096,99.21
OUT_18097,37.82
OUT_18098,60.15
OUT_18099,887.79
OUT_18100,256.08
OUT_18101,74.04
OUT_18102,281.05
OUT_18103,105.75
OUT_18104,305.82
OUT_18105,67.24
OUT_18106,270.66
OUT_18107,78.34
OUT_18108,246.37
OUT_18109,78.82
OUT_18110,881.56
OUT_18111,86.02
OUT_18112,71.69
OUT_18113,52.57
OUT_18114,77.95
OUT_18115,85.18
OUT_18116,51.84
OUT_18117,255.02
OUT_18118,65.28
OUT_18119,55.48
OUT_18120,73.45
OUT_18121,84.92
OUT_18122,81.25
OUT_18123,271.59
OUT_18124,58.8
OUT_18125,2106.59
OUT_18126,66.55
OUT_18127,59.43
OUT_18128,2162.52
OUT_18129,89.35
OUT_18130,931.2
OUT_18131,270.29
OUT_18132,86.56
OUT_18133,72.32
OUT_18134,92.91
OUT_18135,106.64
OUT_18136,221.74
OUT_18137,68.52
OUT_18138,44.85
OUT_18139,85.96
OUT_18140,95.6
OUT_18141,919.56
OUT_18142,78.04
OUT_18143,73.69
OUT_18144,241.34
OUT_18145,237.93
OUT_18146,265.9
OUT_18147,95.65
OUT_18148,74.91
OUT_18149,951.99
OUT_18150,906.37
OUT_18151,73.96
OUT_18152,242.0
OUT_18153,213.97
OUT_18154,274.54
OUT_18155,237.44
OUT_18156,258.64
OUT_18157,1025.4
OUT_18158,902.96
OUT_18159,53.38
OUT_18160,974.85
OUT_18161,55.33
OUT_18162,74.4
OUT_18163,841.44
OUT_18164,66.39
OUT_18165,54.99
OUT_18166,2090.18
OUT_18167,952.47
OUT_18168,60.33
OUT_18169,83.89
OUT_18170,956.35
OUT_18171,66.25
OUT_18172,934.84
OUT_18173,258.01
OUT_18174,237.53
OUT_18175,246.97
OUT_18176,53.65
OUT_18177,69.95
OUT_18178,92.74
OUT_18179,281.47
OUT_18180,99.68
OUT_18181,82.2
OUT_18182,95.17
OUT_18183,249.75
OUT_18184,71.02
OUT_18185,260.14
OUT_18186,261.59
OUT_18187,982.97
OUT_18188,51.08
OUT_18189,262.72
OUT_18190,89.69
OUT_18191,955.4
OUT_18192,261.25
OUT_18193,91.05
OUT_18194,276.38
OUT_18195,248.87
OUT_18196,72.27
OUT_18197,68.6
OUT_18198,33.72
OUT_18199,88.21
OUT_18200,231.54
OUT_18201,90.3
OUT_18202,239.03
OUT_18203,934.99
OUT_18204,269.17
OUT_18205,62.12
OUT_18206,73.28
OUT_18207,949.0
OUT_18208,249.92
OUT_18209,2050.72
OUT_18210,951.85
OUT_18211,264.82
OUT_18212,61.7
OUT_18213,44.0
OUT_18214,89.78
OUT_18215,257.61
OUT_18216,201.08
OUT_18217,282.79
OUT_18218,973.7
OUT_18219,83.9
OUT_18220,849.7
OUT_18221,230.65
OUT_18222,230.34
OUT_18223,885.11
OUT_18224,255.78
OUT_18225,80.93
OUT_18226,913.12
OUT_18227,273.12
OUT_18228,89.43
OUT_18229,86.39
OUT_18230,67.02
OUT_18231,81.24
OUT_18232,68.91
OUT_18233,46.14
OUT_18234,942.57
OUT_18235,72.23
OUT_18236,83.22
OUT_18237,77.34
OUT_18238,88.0
OUT_18239,57.92
OUT_18240,848.02
OUT_18241,2104.56
OUT_18242,990.53
OUT_18243,92.68
OUT_18244,85.26
OUT_18245,255.56
OUT_18246,238.17
OUT_18247,93.72
OUT_18248,236.87
OUT_18249,231.49
OUT_18250,61.23
OUT_18251,62.23
OUT_18252,92.64
OUT_18253,79.08
OUT_18254,873.91
OUT_18255,56.95
OUT_18256,83.55
OUT_18257,920.13
OUT_18258,85.8
OUT_18259,74.14
OUT_18260,94.2
OUT_18261,71.89
OUT_18262,58.78
OUT_18263,937.85
OUT_18264,929.95
OUT_18265,244.5
OUT_18266,66.52
OUT_18267,965.53
OUT_18268,55.23
OUT_18269,53.02
OUT_18270,73.21
OUT_18271,78.25
OUT_18272,52.14
OUT_18273,91.5
OUT_18274,266.29
OUT_18275,975.64
OUT_18276,85.24
OUT_18277,76.05
OUT_18278,89.08
OUT_18279,2080.45
OUT_18280,49.11
OUT_18281,251.57
OUT_18282,53.91
OUT_18283,58.4
OUT_18284,83.36
OUT_18285,236.78
OUT_18286,907.1
OUT_18287,233.58
OUT_18288,77.66
OUT_18289,262.85
OUT_18290,946.93
OUT_18291,831.13
OUT_18292,71.66
OUT_18293,946.87
OUT_18294,72.02
OUT_18295,74.75
OUT_18296,963.03
OUT_18297,277.59
OUT_18298,73.81
OUT_18299,249.53
OUT_18300,253.98
OUT_18301,64.82
OUT_18302,72.1
OUT_18303,43.78
OUT_18304,94.72
OUT_18305,953.48
OUT_18306,260.99
OUT_18307,78.09
OUT_18308,256.52
OUT_18309,263.56
OUT_18310,239.57
OUT_18311,67.28
OUT_18312,82.37
OUT_18313,272.69
OUT_18314,926.98
OUT_18315,70.52
OUT_18316,70.03
OUT_18317,228.23
OUT_18318,60.68
OUT_18319,252.26
OUT_18320,86.35
OUT_18321,924.54
OUT_18322,259.88
OUT_18323,274.93
OUT_18324,240.6
OUT_18325,85.62
OUT_18326,67.15
OUT_18327,40.06
OUT_18328,69.17
OUT_18329,73.37
OUT_18330,905.3
OUT_18331,883.26
OUT_18332,79.9
OUT_18333,62.17
OUT_18334,882.22
OUT_18335,245.98
OUT_18336,87.08
OUT_18337,891.99
OUT_18338,2112.11
OUT_18339,272.21
OUT_18340,76.07
OUT_18341,275.27
OUT_18342,266.1
OUT_18343,268.52
OUT_18344,126.93
OUT_18345,88.37
OUT_18346,264.59
OUT_18347,60.07
OUT_18348,75.81
OUT_18349,88.39
OUT_18350,82.93
OUT_18351,74.69
OUT_18352,2118.43
OUT_18353,57.09
OUT_18354,289.74
OUT_18355,52.06
OUT_18356,63.91
OUT_18357,61.78
OUT_18358,917.48
OUT_18359,80.98
OUT_18360,87.23
OUT_18361,240.74
OUT_18362,264.91
OUT_18363,277.94
OUT_18364,77.62
OUT_18365,246.28
OUT_18366,264.5
OUT_18367,64.06
OUT_18368,887.13
OUT_18369,231.24
OUT_18370,90.32
OUT_18371,81.04
OUT_18372,79.01
OUT_18373,46.01
OUT_18374,84.58
OUT_18375,70.53
OUT_18376,90.72
OUT_18377,2057.49
OUT_18378,243.44
OUT_18379,78.43
OUT_18380,261.09
OUT_18381,85.84
OUT_18382,820.99
OUT_18383,987.38
OUT_18384,72.74
OUT_18385,73.5
OUT_18386,87.03
OUT_18387,975.01
OUT_18388,71.05
OUT_18389,70.03
OUT_18390,72.71
OUT_18391,268.18
OUT_18392,878.78
OUT_18393,91.27
OUT_18394,242.84
OUT_18395,83.27
OUT_18396,74.03
OUT_18397,77.51
OUT_18398,957.82
OUT_18399,262.08
OUT_18400,72.59
OUT_18401,69.06
OUT_18402,69.99
OUT_18403,283.65
OUT_18404,81.91
OUT_18405,252.26
OUT_18406,97.18
OUT_18407,887.73
OUT_18408,2096.96
OUT_18409,229.74
OUT_18410,267.13
OUT_18411,236.74
OUT_18412,81.37
OUT_18413,987.82
OUT_18414,303.13
OUT_18415,77.87
OUT_18416,259.19
OUT_18417,46.34
OUT_18418,76.96
OUT_18419,69.42
OUT_18420,260.0
OUT_18421,244.98
OUT_18422,258.63
OUT_18423,70.34
OUT_18424,66.48
OUT_18425,253.43
OUT_18426,78.34
OUT_18427,280.66
OUT_18428,85.97
OUT_18429,280.6
OUT_18430,73.17
OUT_18431,276.09
OUT_18432,87.08
OUT_18433,74.93
OUT_18434,81.72
OUT_18435,85.44
OUT_18436,71.45
OUT_18437,65.13
OUT_18438,65.41
OUT_18439,276.76
OUT_18440,930.55
OUT_18441,66.36
OUT_18442,76.6
OUT_18443,94.8
OUT_18444,232.05
OUT_18445,90.16
OUT_18446,275.6
OUT_18447,956.67
OUT_18448,47.16
OUT_18449,253.5
OUT_18450,80.18
OUT_18451,81.88
OUT_18452,2118.98
OUT_18453,74.32
OUT_18454,971.26
OUT_18455,90.0
OUT_18456,74.58
OUT_18457,60.6
OUT_18458,70.9
OUT_18459,266.43
OUT_18460,103.83
OUT_18461,254.48
OUT_18462,100.88
OUT_18463,78.36
OUT_18464,74.04
OUT_18465,64.41
OUT_18466,80.28
OUT_18467,88.04
OUT_18468,2049.7
OUT_18469,246.48
OUT_18470,67.37
OUT_18471,80.54
OUT_18472,54.55
OUT_18473,845.56
OUT_18474,85.3
OUT_18475,85.94
OUT_18476,219.33
OUT_18477,2084.33
OUT_18478,55.4
OUT_18479,2121.26
OUT_18480,78.54
OUT_18481,936.11
OUT_18482,245.64
OUT_18483,90.35
OUT_18484,73.63
OUT_18485,264.62
OUT_18486,869.62
OUT_18487,40.01
OUT_18488,93.37
OUT_18489,89.98
OUT_18490,77.9
OUT_18491,987.87
OUT_18492,83.61
OUT_18493,78.69
OUT_18494,68.56
OUT_18495,101.63
OUT_18496,71.27
OUT_18497,296.75
OUT_18498,82.95
OUT_18499,73.72
OUT_18500,91.63
OUT_18501,2120.96
OUT_18502,945.43
OUT_18503,70.19
OUT_18504,915.04
OUT_18505,231.84
OUT_18506,238.32
OUT_18507,877.51
OUT_18508,236.83
OUT_18509,67.38
OUT_18510,90.76
OUT_18511,2079.82
OUT_18512,88.29
OUT_18513,68.67
OUT_18514,69.44
OUT_18515,87.83
OUT_18516,96.98
OUT_18517,85.88
OUT_18518,242.93
OUT_18519,56.78
OUT_18520,75.3
OUT_18521,263.76
OUT_18522,872.91
OUT_18523,993.08
OUT_18524,244.07
OUT_18525,48.25
OUT_18526,86.39
OUT_18527,319.8
OUT_18528,71.7
OUT_18529,82.01
OUT_18530,81.37
OUT_18531,256.68
OUT_18532,912.66
OUT_18533,72.44
OUT_18534,30.29
OUT_18535,97.02
OUT_18536,95.1
OUT_18537,843.52
OUT_18538,295.42
OUT_18539,266.16
OUT_18540,83.1
OUT_18541,240.6
OUT_18542,820.43
OUT_18543,67.78
OUT_18544,91.25
OUT_18545,908.99
OUT_18546,220.32
OUT_18547,265.18
OUT_18548,264.85
OUT_18549,251.78
OUT_18550,89.64
OUT_18551,60.64
OUT_18552,82.15
OUT_18553,77.3
OUT_18554,263.75
OUT_18555,247.98
OUT_18556,959.1
OUT_18557,93.01
OUT_18558,46.43
OUT_18559,220.85
OUT_18560,46.38
OUT_18561,75.48
OUT_18562,281.13
OUT_18563,44.36
OUT_18564,75.57
OUT_18565,48.2
OUT_18566,72.05
OUT_18567,254.16
OUT_18568,49.42
OUT_18569,248.21
OUT_18570,67.37
OUT_18571,47.44
OUT_18572,786.59
OUT_18573,276.32
OUT_18574,77.79
OUT_18575,247.13
OUT_18576,271.53
OUT_18577,247.78
OUT_18578,258.74
OUT_18579,250.02
OUT_18580,79.69
OUT_18581,247.03
OUT_18582,263.89
OUT_18583,73.23
OUT_18584,219.82
OUT_18585,83.72
OUT_18586,66.04
OUT_18587,260.14
OUT_18588,46.22
OUT_18589,932.48
OUT_18590,74.75
OUT_18591,66.61
OUT_18592,87.2
OUT_18593,279.48
OUT_18594,47.0
OUT_18595,80.33
OUT_18596,87.65
OUT_18597,251.67
OUT_18598,82.58
OUT_18599,75.57
OUT_18600,71.49
OUT_18601,76.0
OUT_18602,264.56
OUT_18603,91.13
OUT_18604,904.87
OUT_18605,87.19
OUT_18606,79.21
OUT_18607,932.87
OUT_18608,252.93
OUT_18609,70.69
OUT_18610,65.74
OUT_18611,298.63
OUT_18612,84.68
OUT_18613,89.23
OUT_18614,792.06
OUT_18615,58.7
OUT_18616,66.37
OUT_18617,252.08
OUT_18618,80.75
OUT_18619,232.56
OUT_18620,76.56
OUT_18621,82.11
OUT_18622,217.25
OUT_18623,956.93
OUT_18624,66.19
OUT_18625,86.3
OUT_18626,257.26
OUT_18627,259.71
OUT_18628,234.61
OUT_18629,83.7
OUT_18630,932.01
OUT_18631,935.63
OUT_18632,245.14
OUT_18633,90.77
OUT_18634,74.05
OUT_18635,250.85
OUT_18636,251.71
OUT_18637,961.49
OUT_18638,93.52
OUT_18639,81.07
OUT_18640,78.47
OUT_18641,255.22
OUT_18642,65.68
OUT_18643,90.1
OUT_18644,63.19
OUT_18645,69.1
OUT_18646,247.79
OUT_18647,293.86
OUT_18648,947.04
OUT_18649,245.23
OUT_18650,100.99
OUT_18651,69.24
OUT_18652,263.01
OUT_18653,70.79
OUT_18654,93.09
OUT_18655,81.09
OUT_18656,70.7
OUT_18657,89.7
OUT_18658,215.16
OUT_18659,970.86
OUT_18660,919.96
OUT_18661,81.88
OUT_18662,238.5
OUT_18663,231.22
OUT_18664,66.59
OUT_18665,73.48
OUT_18666,80.07
OUT_18667,808.92
OUT_18668,243.51
OUT_18669,247.14
OUT_18670,231.54
OUT_18671,2140.87
OUT_18672,74.64
OUT_18673,74.03
OUT_18674,904.39
OUT_18675,910.04
OUT_18676,247.76
OUT_18677,64.99
OUT_18678,230.3
OUT_18679,255.95
OUT_18680,256.54
OUT_18681,81.53
OUT_18682,2071.83
OUT_18683,71.41
OUT_18684,936.24
OUT_18685,90.23
OUT_18686,53.3
OUT_18687,69.21
OUT_18688,265.05
OUT_18689,947.93
OUT_18690,74.99
OUT_18691,76.89
OUT_18692,84.31
OUT_18693,246.23
OUT_18694,65.55
OUT_18695,50.99
OUT_18696,264.29
OUT_18697,71.37
OUT_18698,72.34
OUT_18699,74.87
OUT_18700,271.73
OUT_18701,928.01
OUT_18702,237.0
OUT_18703,281.07
OUT_18704,77.08
OUT_18705,76.73
OUT_18706,73.68
OUT_18707,958.67
OUT_18708,73.74
OUT_18709,76.61
OUT_18710,83.06
OUT_18711,53.91
OUT_18712,252.28
OUT_18713,67.97
OUT_18714,929.37
OUT_18715,918.67
OUT_18716,86.69
OUT_18717,84.32
OUT_18718,79.85
OUT_18719,267.18
OUT_18720,92.69
OUT_18721,63.17
OUT_18722,74.62
OUT_18723,98.84
OUT_18724,59.84
OUT_18725,74.98
OUT_18726,54.78
OUT_18727,243.8
OUT_18728,250.61
OUT_18729,271.06
OUT_18730,64.25
OUT_18731,84.91
OUT_18732,937.44
OUT_18733,70.81
OUT_18734,86.63
OUT_18735,247.22
OUT_18736,274.7
OUT_18737,2048.89
OUT_18738,2077.19
OUT_18739,268.23
OUT_18740,893.31
OUT_18741,263.34
OUT_18742,63.21
OUT_18743,71.92
OUT_18744,82.88
OUT_18745,834.22
OUT_18746,66.28
OUT_18747,99.45
OUT_18748,247.91
OUT_18749,47.8
OUT_18750,79.77
OUT_18751,865.31
OUT_18752,68.04
OUT_18753,86.33
OUT_18754,939.66
OUT_18755,251.84
OUT_18756,57.67
OUT_18757,63.35
OUT_18758,77.2
OUT_18759,72.87
OUT_18760,69.71
OUT_18761,983.29
OUT_18762,270.04
OUT_18763,75.64
OUT_18764,57.93
OUT_18765,76.29
OUT_18766,260.67
OUT_18767,946.98
OUT_18768,945.29
OUT_18769,72.79
OUT_18770,77.42
OUT_18771,102.61
OUT_18772,887.89
OUT_18773,59.41
OUT_18774,268.63
OUT_18775,266.15
OUT_18776,83.18
OUT_18777,296.43
OUT_18778,96.23
OUT_18779,241.86
OUT_18780,68.88
OUT_18781,282.09
OUT_18782,242.96
OUT_18783,84.29
OUT_18784,80.14
OUT_18785,84.77
OUT_18786,68.69
OUT_18787,48.78
OUT_18788,2073.47
OUT_18789,243.52
OUT_18790,279.08
OUT_18791,927.64
OUT_18792,71.4
OUT_18793,2096.68
OUT_18794,84.14
OUT_18795,264.66
OUT_18796,2086.39
OUT_18797,72.3
OUT_18798,77.5
OUT_18799,255.93
OUT_18800,233.67
OUT_18801,247.65
OUT_18802,2166.47
OUT_18803,45.01
OUT_18804,73.16
OUT_18805,2060.71
OUT_18806,79.39
OUT_18807,83.1
OUT_18808,66.12
OUT_18809,81.54
OUT_18810,74.27
OUT_18811,85.48
OUT_18812,48.51
OUT_18813,75.03
OUT_18814,229.52
OUT_18815,818.34
OUT_18816,82.75
OUT_18817,57.59
OUT_18818,72.0
OUT_18819,981.89
OUT_18820,65.38
OUT_18821,227.26
OUT_18822,77.09
OUT_18823,296.65
OUT_18824,110.09
OUT_18825,921.62
OUT_18826,277.33
OUT_18827,2063.6
OUT_18828,55.75
OUT_18829,227.02
OUT_18830,72.71
OUT_18831,141.35
OUT_18832,286.73
OUT_18833,255.09
OUT_18834,81.39
OUT_18835,949.77
OUT_18836,81.06
OUT_18837,83.26
OUT_18838,1004.39
OUT_18839,82.9
OUT_18840,227.04
OUT_18841,60.74
OUT_18842,67.05
OUT_18843,220.22
OUT_18844,2056.65
OUT_18845,71.34
OUT_18846,79.8
OUT_18847,41.26
OUT_18848,260.44
OUT_18849,83.29
OUT_18850,2144.76
OUT_18851,57.12
OUT_18852,964.14
OUT_18853,280.62
OUT_18854,79.89
OUT_18855,917.21
OUT_18856,100.56
OUT_18857,57.52
OUT_18858,981.44
OUT_18859,82.1
OUT_18860,245.18
OUT_18861,86.3
OUT_18862,258.0
OUT_18863,933.47
OUT_18864,227.01
OUT_18865,84.05
OUT_18866,750.23
OUT_18867,253.78
OUT_18868,50.55
OUT_18869,73.83
OUT_18870,245.41
OUT_18871,74.97
OUT_18872,219.28
OUT_18873,258.08
OUT_18874,946.2
OUT_18875,92.68
OUT_18876,264.85
OUT_18877,2127.2
OUT_18878,79.73
OUT_18879,57.67
OUT_18880,82.01
OUT_18881,37.0
OUT_18882,256.35
OUT_18883,248.74
OUT_18884,298.01
OUT_18885,908.72
OUT_18886,59.29
OUT_18887,59.07
OUT_18888,243.02
OUT_18889,74.77
OUT_18890,279.54
OUT_18891,59.96
OUT_18892,296.35
OUT_18893,77.95
OUT_18894,250.41
OUT_18895,79.92
OUT_18896,960.58
OUT_18897,241.5
OUT_18898,97.39
OUT_18899,52.9
OUT_18900,240.79
OUT_18901,79.68
OUT_18902,257.23
OUT_18903,889.45
OUT_18904,281.38
OUT_18905,261.99
OUT_18906,66.35
OUT_18907,54.74
OUT_18908,80.08
OUT_18909,911.88
OUT_18910,234.95
OUT_18911,948.02
OUT_18912,910.04
OUT_18913,902.56
OUT_18914,274.66
OUT_18915,252.3
OUT_18916,62.09
OUT_18917,45.18
OUT_18918,89.21
OUT_18919,856.17
OUT_18920,60.55
OUT_18921,288.37
OUT_18922,239.94
OUT_18923,45.04
OUT_18924,268.1
OUT_18925,249.08
OUT_18926,76.3
OUT_18927,88.16
OUT_18928,92.7
OUT_18929,239.94
OUT_18930,950.91
OUT_18931,81.06
OUT_18932,73.39
OUT_18933,230.49
OUT_18934,2052.8
OUT_18935,51.2
OUT_18936,63.0
OUT_18937,52.95
OUT_18938,229.62
OUT_18939,929.84
OUT_18940,67.99
OUT_18941,951.3
OUT_18942,264.85
OUT_18943,87.73
OUT_18944,213.94
OUT_18945,263.89
OUT_18946,65.91
OUT_18947,76.29
OUT_18948,268.27
OUT_18949,80.34
OUT_18950,868.09
OUT_18951,262.1
OUT_18952,251.81
OUT_18953,80.19
OUT_18954,86.32
OUT_18955,54.84
OUT_18956,913.2
OUT_18957,91.22
OUT_18958,966.73
OUT_18959,65.7
OUT_18960,87.96
OUT_18961,62.75
OUT_18962,254.9
OUT_18963,75.26
OUT_18964,60.81
OUT_18965,223.21
OUT_18966,228.95
OUT_18967,81.25
OUT_18968,258.98
OUT_18969,69.34
OUT_18970,265.02
OUT_18971,71.68
OUT_18972,222.22
OUT_18973,245.23
OUT_18974,59.87
OUT_18975,252.0
OUT_18976,59.09
OUT_18977,79.49
OUT_18978,58.68
OUT_18979,259.41
OUT_18980,68.09
OUT_18981,89.36
OUT_18982,980.61
OUT_18983,912.62
OUT_18984,77.37
OUT_18985,2086.25
OUT_18986,939.72
OUT_18987,83.13
OUT_18988,248.43
OUT_18989,79.4
OUT_18990,67.92
OUT_18991,84.41
OUT_18992,953.44
OUT_18993,78.8
OUT_18994,277.0
OUT_18995,1938.8
OUT_18996,223.55
OUT_18997,89.19
OUT_18998,926.31
OUT_18999,74.23
OUT_19000,93.55
OUT_19001,42.56
OUT_19002,251.79
OUT_19003,76.75
OUT_19004,964.73
OUT_19005,80.44
OUT_19006,254.61
OUT_19007,83.11
OUT_19008,57.42
OUT_19009,89.29
OUT_19010,53.02
OUT_19011,77.46
OUT_19012,2078.95
OUT_19013,267.9
OUT_19014,64.77
OUT_19015,82.38
OUT_19016,49.59
OUT_19017,81.04
OUT_19018,993.95
OUT_19019,71.15
OUT_19020,54.29
OUT_19021,53.36
OUT_19022,74.3
OUT_19023,269.75
OUT_19024,2102.41
OUT_19025,1001.43
OUT_19026,264.48
OUT_19027,251.01
OUT_19028,945.75
OUT_19029,251.74
OUT_19030,2096.52
OUT_19031,73.16
OUT_19032,80.8
OUT_19033,255.92
OUT_19034,252.73
OUT_19035,56.25
OUT_19036,88.57
OUT_19037,68.0
OUT_19038,980.55
OUT_19039,2143.96
OUT_19040,2141.54
OUT_19041,236.59
OUT_19042,251.26
OUT_19043,885.31
OUT_19044,227.59
OUT_19045,921.03
OUT_19046,262.2
OUT_19047,79.18
OUT_19048,67.28
OUT_19049,907.22
OUT_19050,240.43
OUT_19051,888.53
OUT_19052,259.35
OUT_19053,90.61
OUT_19054,263.58
OUT_19055,71.68
OUT_19056,63.5
OUT_19057,78.92
OUT_19058,262.72
OUT_19059,84.58
OUT_19060,230.33
OUT_19061,246.48
OUT_19062,267.58
OUT_19063,280.57
OUT_19064,290.48
OUT_19065,81.36
OUT_19066,85.94
OUT_19067,79.46
OUT_19068,2067.27
OUT_19069,241.52
OUT_19070,86.6
OUT_19071,87.18
OUT_19072,243.35
OUT_19073,207.7
OUT_19074,70.9
OUT_19075,964.45
OUT_19076,243.66
OUT_19077,87.12
OUT_19078,80.99
OUT_19079,91.77
OUT_19080,65.14
OUT_19081,101.25
OUT_19082,78.41
OUT_19083,83.86
OUT_19084,56.05
OUT_19085,236.6
OUT_19086,54.71
OUT_19087,75.53
OUT_19088,77.12
OUT_19089,244.88
OUT_19090,231.93
OUT_19091,2147.21
OUT_19092,821.99
OUT_19093,91.71
OUT_19094,913.34
OUT_19095,85.54
OUT_19096,75.23
OUT_19097,87.27
OUT_19098,69.64
OUT_19099,74.02
OUT_19100,248.81
OUT_19101,78.0
OUT_19102,72.03
OUT_19103,234.06
OUT_19104,257.8
OUT_19105,193.6
OUT_19106,72.67
OUT_19107,79.07
OUT_19108,61.57
OUT_19109,46.78
OUT_19110,239.62
OUT_19111,74.82
OUT_19112,80.37
OUT_19113,93.27
OUT_19114,260.36
OUT_19115,887.66
OUT_19116,265.6
OUT_19117,78.95
OUT_19118,70.44
OUT_19119,265.55
OUT_19120,249.43
OUT_19121,2134.22
OUT_19122,246.96
OUT_19123,56.33
OUT_19124,70.23
OUT_19125,898.1
OUT_19126,2058.73
OUT_19127,97.12
OUT_19128,73.52
OUT_19129,250.75
OUT_19130,237.87
OUT_19131,246.68
OUT_19132,254.18
OUT_19133,907.3
OUT_19134,240.86
OUT_19135,267.11
OUT_19136,75.31
OUT_19137,271.84
OUT_19138,82.7
OUT_19139,257.89
OUT_19140,78.09
OUT_19141,95.82
OUT_19142,932.76
OUT_19143,86.94
OUT_19144,88.75
OUT_19145,62.48
OUT_19146,256.14
OUT_19147,89.32
OUT_19148,80.48
OUT_19149,56.51
OUT_19150,75.31
OUT_19151,2124.1
OUT_19152,247.87
OUT_19153,226.88
OUT_19154,897.63
OUT_19155,84.74
OUT_19156,92.09
OUT_19157,55.77
OUT_19158,92.0
OUT_19159,937.01
OUT_19160,268.97
OUT_19161,254.82
OUT_19162,54.18
OUT_19163,260.66
OUT_19164,235.77
OUT_19165,94.12
OUT_19166,71.13
OUT_19167,246.8
OUT_19168,49.09
OUT_19169,259.24
OUT_19170,72.94
OUT_19171,68.63
OUT_19172,83.57
OUT_19173,79.67
OUT_19174,88.38
OUT_19175,83.91
OUT_19176,268.42
OUT_19177,943.27
OUT_19178,67.35
OUT_19179,69.22
OUT_19180,76.73
OUT_19181,66.99
OUT_19182,244.61
OUT_19183,70.49
OUT_19184,78.67
OUT_19185,244.46
OUT_19186,972.28
OUT_19187,2093.17
OUT_19188,75.32
OUT_19189,83.25
OUT_19190,244.46
OUT_19191,54.4
OUT_19192,56.3
OUT_19193,76.69
OUT_19194,256.65
OUT_19195,245.7
OUT_19196,252.55
OUT_19197,80.49
OUT_19198,58.4
OUT_19199,70.58
OUT_19200,61.15
OUT_19201,2113.79
OUT_19202,88.5
OUT_19203,56.73
OUT_19204,949.55
OUT_19205,77.57
OUT_19206,242.67
OUT_19207,241.82
OUT_19208,241.36
OUT_19209,240.33
OUT_19210,237.06
OUT_19211,895.34
OUT_19212,74.91
OUT_19213,59.14
OUT_19214,902.74
OUT_19215,80.4
OUT_19216,255.51
OUT_19217,252.94
OUT_19218,64.76
OUT_19219,69.87
OUT_19220,72.02
OUT_19221,60.71
OUT_19222,85.97
OUT_19223,66.19
OUT_19224,41.6
OUT_19225,294.82
OUT_19226,88.53
OUT_19227,248.77
OUT_19228,78.2
OUT_19229,250.32
OUT_19230,931.55
OUT_19231,59.75
OUT_19232,230.18
OUT_19233,235.29
OUT_19234,78.2
OUT_19235,943.64
OUT_19236,225.73
OUT_19237,78.81
OUT_19238,72.0
OUT_19239,83.55
OUT_19240,265.3
OUT_19241,84.93
OUT_19242,74.9
OUT_19243,241.09
OUT_19244,283.68
OUT_19245,84.34
OUT_19246,253.63
OUT_19247,82.31
OUT_19248,261.59
OUT_19249,260.9
OUT_19250,81.29
OUT_19251,78.37
OUT_19252,881.49
OUT_19253,226.82
OUT_19254,59.67
OUT_19255,240.01
OUT_19256,65.66
OUT_19257,248.57
OUT_19258,2074.04
OUT_19259,54.75
OUT_19260,74.1
OUT_19261,253.78
OUT_19262,78.68
OUT_19263,284.33
OUT_19264,52.17
OUT_19265,252.29
OUT_19266,248.24
OUT_19267,58.75
OUT_19268,229.67
OUT_19269,77.0
OUT_19270,85.76
OUT_19271,281.66
OUT_19272,76.88
OUT_19273,990.87
OUT_19274,86.36
OUT_19275,2109.72
OUT_19276,67.85
OUT_19277,87.76
OUT_19278,905.9
OUT_19279,70.31
OUT_19280,77.06
OUT_19281,82.07
OUT_19282,897.69
OUT_19283,267.24
OUT_19284,929.71
OUT_19285,254.22
OUT_19286,60.14
OUT_19287,91.96
OUT_19288,62.62
OUT_19289,236.97
OUT_19290,86.66
OUT_19291,985.79
OUT_19292,56.95
OUT_19293,62.26
OUT_19294,281.06
OUT_19295,273.57
OUT_19296,247.08
OUT_19297,69.46
OUT_19298,932.13
OUT_19299,73.94
OUT_19300,968.31
OUT_19301,78.97
OUT_19302,87.65
OUT_19303,2133.68
OUT_19304,84.38
OUT_19305,69.94
OUT_19306,85.85
OUT_19307,2129.58
OUT_19308,806.51
OUT_19309,63.72
OUT_19310,2087.64
OUT_19311,2118.18
OUT_19312,2091.14
OUT_19313,82.35
OUT_19314,86.4
OUT_19315,70.46
OUT_19316,281.12
OUT_19317,63.32
OUT_19318,906.3
OUT_19319,249.14
OUT_19320,952.84
OUT_19321,68.04
OUT_19322,76.42
OUT_19323,911.81
OUT_19324,252.22
OUT_19325,907.01
OUT_19326,87.58
OUT_19327,80.03
OUT_19328,72.81
OUT_19329,72.8
OUT_19330,70.14
OUT_19331,244.0
OUT_19332,943.08
OUT_19333,909.17
OUT_19334,77.09
OUT_19335,81.94
OUT_19336,81.24
OUT_19337,48.77
OUT_19338,77.35
OUT_19339,825.14
OUT_19340,57.88
OUT_19341,892.38
OUT_19342,969.9
OUT_19343,60.88
OUT_19344,973.5
OUT_19345,277.27
OUT_19346,55.04
OUT_19347,71.87
OUT_19348,2142.65
OUT_19349,242.18
OUT_19350,920.49
OUT_19351,57.43
OUT_19352,52.76
OUT_19353,255.84
OUT_19354,78.21
OUT_19355,901.12
OUT_19356,906.17
OUT_19357,889.09
OUT_19358,269.52
OUT_19359,73.65
OUT_19360,939.88
OUT_19361,78.55
OUT_19362,260.26
OUT_19363,243.36
OUT_19364,84.88
OUT_19365,2102.45
OUT_19366,2012.0
OUT_19367,258.6
OUT_19368,965.97
OUT_19369,75.77
OUT_19370,82.7
OUT_19371,66.62
OUT_19372,277.66
OUT_19373,69.96
OUT_19374,81.39
OUT_19375,41.21
OUT_19376,80.25
OUT_19377,77.12
OUT_19378,62.43
OUT_19379,92.08
OUT_19380,66.06
OUT_19381,249.26
OUT_19382,922.01
OUT_19383,231.11
OUT_19384,81.91
OUT_19385,69.73
OUT_19386,66.08
OUT_19387,67.68
OUT_19388,254.8
OUT_19389,86.7
OUT_19390,69.98
OUT_19391,77.38
OUT_19392,73.5
OUT_19393,311.84
OUT_19394,301.19
OUT_19395,92.54
OUT_19396,82.63
OUT_19397,945.16
OUT_19398,94.44
OUT_19399,102.29
OUT_19400,75.29
OUT_19401,902.3
OUT_19402,77.91
OUT_19403,260.92
OUT_19404,78.99
OUT_19405,857.58
OUT_19406,92.63
OUT_19407,975.92
OUT_19408,40.22
OUT_19409,256.84
OUT_19410,67.75
OUT_19411,48.96
OUT_19412,58.0
OUT_19413,82.77
OUT_19414,74.85
OUT_19415,243.3
OUT_19416,916.8
OUT_19417,878.86
OUT_19418,270.18
OUT_19419,60.34
OUT_19420,266.93
OUT_19421,57.6
OUT_19422,75.65
OUT_19423,250.91
OUT_19424,84.82
OUT_19425,216.05
OUT_19426,89.3
OUT_19427,73.37
OUT_19428,80.38
OUT_19429,39.17
OUT_19430,80.38
OUT_19431,255.08
OUT_19432,77.32
OUT_19433,84.88
OUT_19434,2113.35
OUT_19435,78.79
OUT_19436,236.04
OUT_19437,271.51
OUT_19438,80.66
OUT_19439,70.54
OUT_19440,260.54
OUT_19441,68.61
OUT_19442,52.77
OUT_19443,245.98
OUT_19444,82.43
OUT_19445,240.52
OUT_19446,78.17
OUT_19447,80.44
OUT_19448,69.48
OUT_19449,952.77
OUT_19450,60.85
OUT_19451,260.39
OUT_19452,247.37
OUT_19453,68.86
OUT_19454,81.38
OUT_19455,78.08
OUT_19456,69.17
OUT_19457,76.1
OUT_19458,227.11
OUT_19459,253.06
OUT_19460,227.87
OUT_19461,46.74
OUT_19462,958.47
OUT_19463,939.74
OUT_19464,64.09
OUT_19465,93.73
OUT_19466,71.52
OUT_19467,258.42
OUT_19468,73.25
OUT_19469,60.09
OUT_19470,72.52
OUT_19471,231.11
OUT_19472,243.36
OUT_19473,993.39
OUT_19474,77.66
OUT_19475,46.66
OUT_19476,246.37
OUT_19477,77.98
OUT_19478,272.46
OUT_19479,74.76
OUT_19480,69.43
OUT_19481,253.37
OUT_19482,265.0
OUT_19483,55.45
OUT_19484,73.55
OUT_19485,75.51
OUT_19486,62.04
OUT_19487,250.46
OUT_19488,78.56
OUT_19489,94.72
OUT_19490,75.75
OUT_19491,78.53
OUT_19492,229.88
OUT_19493,941.14
OUT_19494,53.55
OUT_19495,887.21
OUT_19496,35.0
OUT_19497,99.36
OUT_19498,63.06
OUT_19499,51.67
OUT_19500,93.56
OUT_19501,75.79
OUT_19502,920.41
OUT_19503,71.9
OUT_19504,73.67
OUT_19505,77.52
OUT_19506,216.18
OUT_19507,53.73
OUT_19508,82.13
OUT_19509,254.68
OUT_19510,78.11
OUT_19511,266.59
OUT_19512,211.89
OUT_19513,261.19
OUT_19514,923.12
OUT_19515,67.66
OUT_19516,97.04
OUT_19517,69.97
OUT_19518,95.54
OUT_19519,890.03
OUT_19520,66.8
OUT_19521,930.74
OUT_19522,61.92
OUT_19523,49.14
OUT_19524,96.2
OUT_19525,65.1
OUT_19526,74.77
OUT_19527,76.8
OUT_19528,79.7
OUT_19529,81.68
OUT_19530,83.02
OUT_19531,227.62
OUT_19532,62.6
OUT_19533,72.12
OUT_19534,58.04
OUT_19535,899.59
OUT_19536,64.08
OUT_19537,773.37
OUT_19538,238.74
OUT_19539,290.2
OUT_19540,262.83
OUT_19541,202.26
OUT_19542,74.46
OUT_19543,93.37
OUT_19544,810.8
OUT_19545,86.58
OUT_19546,264.93
OUT_19547,246.82
OUT_19548,2137.06
OUT_19549,253.42
OUT_19550,261.35
OUT_19551,284.13
OUT_19552,934.62
OUT_19553,90.27
OUT_19554,944.81
OUT_19555,92.49
OUT_19556,979.7
OUT_19557,84.35
OUT_19558,81.96
OUT_19559,59.27
OUT_19560,944.78
OUT_19561,232.03
OUT_19562,254.23
OUT_19563,80.96
OUT_19564,71.59
OUT_19565,284.47
OUT_19566,70.07
OUT_19567,74.6
OUT_19568,273.33
OUT_19569,76.88
OUT_19570,901.62
OUT_19571,264.78
OUT_19572,208.75
OUT_19573,62.6
OUT_19574,2128.35
OUT_19575,69.89
OUT_19576,269.19
OUT_19577,215.28
OUT_19578,71.6
OUT_19579,75.33
OUT_19580,56.9
OUT_19581,82.52
OUT_19582,90.77
OUT_19583,232.1
OUT_19584,262.31
OUT_19585,243.43
OUT_19586,73.31
OUT_19587,908.6
OUT_19588,2131.0
OUT_19589,244.39
OUT_19590,229.24
OUT_19591,71.84
OUT_19592,221.97
OUT_19593,174.15
OUT_19594,238.43
OUT_19595,2104.95
OUT_19596,49.57
OUT_19597,278.53
OUT_19598,61.12
OUT_19599,905.91
OUT_19600,261.34
OUT_19601,71.06
OUT_19602,900.23
OUT_19603,59.95
OUT_19604,71.4
OUT_19605,871.11
OUT_19606,47.61
OUT_19607,72.16
OUT_19608,80.31
OUT_19609,93.23
OUT_19610,74.4
OUT_19611,232.91
OUT_19612,72.13
OUT_19613,926.46
OUT_19614,967.9
OUT_19615,798.51
OUT_19616,81.1
OUT_19617,239.12
OUT_19618,52.47
OUT_19619,68.83
OUT_19620,89.36
OUT_19621,46.24
OUT_19622,65.66
OUT_19623,264.07
OUT_19624,72.38
OUT_19625,846.95
OUT_19626,73.16
OUT_19627,255.69
OUT_19628,967.76
OUT_19629,268.53
OUT_19630,54.96
OUT_19631,69.94
OUT_19632,258.58
OUT_19633,238.84
OUT_19634,2047.44
OUT_19635,73.27
OUT_19636,884.04
OUT_19637,2153.13
OUT_19638,68.32
OUT_19639,71.27
OUT_19640,55.95
OUT_19641,935.73
OUT_19642,244.9
OUT_19643,270.84
OUT_19644,875.5
OUT_19645,62.71
OUT_19646,2048.12
OUT_19647,63.6
OUT_19648,2093.0
OUT_19649,60.52
OUT_19650,83.0
OUT_19651,77.59
OUT_19652,915.71
OUT_19653,270.87
OUT_19654,247.92
OUT_19655,58.9
OUT_19656,233.37
OUT_19657,219.18
OUT_19658,67.06
OUT_19659,94.54
OUT_19660,833.37
OUT_19661,947.73
OUT_19662,60.91
OUT_19663,88.2
OUT_19664,75.77
OUT_19665,252.64
OUT_19666,939.67
OUT_19667,78.07
OUT_19668,254.37
OUT_19669,228.45
OUT_19670,236.14
OUT_19671,224.08
OUT_19672,966.19
OUT_19673,66.23
OUT_19674,264.83
OUT_19675,243.05
OUT_19676,251.88
OUT_19677,250.96
OUT_19678,258.09
OUT_19679,83.82
OUT_19680,245.23
OUT_19681,265.87
OUT_19682,60.39
OUT_19683,64.33
OUT_19684,259.88
OUT_19685,80.46
OUT_19686,74.0
OUT_19687,247.06
OUT_19688,53.21
OUT_19689,90.89
OUT_19690,66.83
OUT_19691,924.74
OUT_19692,75.83
OUT_19693,86.77
OUT_19694,36.16
OUT_19695,263.16
OUT_19696,917.23
OUT_19697,254.52
OUT_19698,68.83
OUT_19699,73.53
OUT_19700,115.24
OUT_19701,84.85
OUT_19702,53.96
OUT_19703,924.08
OUT_19704,282.65
OUT_19705,95.56
OUT_19706,78.81
OUT_19707,78.58
OUT_19708,230.66
OUT_19709,932.85
OUT_19710,96.19
OUT_19711,72.23
OUT_19712,63.5
OUT_19713,68.21
OUT_19714,81.06
OUT_19715,215.99
OUT_19716,246.98
OUT_19717,87.79
OUT_19718,72.77
OUT_19719,85.3
OUT_19720,75.36
OUT_19721,80.09
OUT_19722,74.07
OUT_19723,66.92
OUT_19724,62.91
OUT_19725,270.28
OUT_19726,69.04
OUT_19727,80.51
OUT_19728,937.72
OUT_19729,945.63
OUT_19730,944.43
OUT_19731,72.74
OUT_19732,77.52
OUT_19733,76.87
OUT_19734,243.16
OUT_19735,74.51
OUT_19736,74.01
OUT_19737,48.72
OUT_19738,249.3
OUT_19739,85.09
OUT_19740,80.45
OUT_19741,44.6
OUT_19742,259.28
OUT_19743,936.56
OUT_19744,948.64
OUT_19745,238.7
OUT_19746,53.81
OUT_19747,89.8
OUT_19748,74.79
OUT_19749,64.78
OUT_19750,267.0
OUT_19751,76.63
OUT_19752,85.27
OUT_19753,273.69
OUT_19754,68.85
OUT_19755,851.26
OUT_19756,276.67
OUT_19757,944.64
OUT_19758,263.16
OUT_19759,90.62
OUT_19760,71.44
OUT_19761,247.59
OUT_19762,79.27
OUT_19763,42.29
OUT_19764,42.7
OUT_19765,85.64
OUT_19766,71.58
OUT_19767,93.38
OUT_19768,91.64
OUT_19769,2106.63
OUT_19770,91.5
OUT_19771,88.15
OUT_19772,951.85
OUT_19773,51.84
OUT_19774,942.55
OUT_19775,64.17
OUT_19776,204.89
OUT_19777,236.27
OUT_19778,76.39
OUT_19779,80.55
OUT_19780,276.88
OUT_19781,87.91
OUT_19782,34.39
OUT_19783,72.22
OUT_19784,58.96
OUT_19785,239.91
OUT_19786,261.33
OUT_19787,267.04
OUT_19788,942.2
OUT_19789,74.22
OUT_19790,74.87
OUT_19791,88.54
OUT_19792,91.99
OUT_19793,80.1
OUT_19794,231.68
OUT_19795,83.43
OUT_19796,72.14
OUT_19797,93.91
OUT_19798,88.01
OUT_19799,110.92
OUT_19800,250.52
OUT_19801,249.74
OUT_19802,2084.42
OUT_19803,970.92
OUT_19804,240.38
OUT_19805,893.74
OUT_19806,899.73
OUT_19807,65.5
OUT_19808,886.35
OUT_19809,254.2
OUT_19810,266.9
OUT_19811,95.21
OUT_19812,85.52
OUT_19813,78.25
OUT_19814,75.68
OUT_19815,93.48
OUT_19816,71.41
OUT_19817,967.39
OUT_19818,52.75
OUT_19819,70.27
OUT_19820,75.35
OUT_19821,247.99
OUT_19822,81.78
OUT_19823,226.2
OUT_19824,74.32
OUT_19825,55.24
OUT_19826,278.04
OUT_19827,2102.17
OUT_19828,914.43
OUT_19829,71.56
OUT_19830,262.59
OUT_19831,234.5
OUT_19832,83.38
OUT_19833,226.06
OUT_19834,233.41
OUT_19835,73.1
OUT_19836,75.16
OUT_19837,973.2
OUT_19838,78.23
OUT_19839,89.48
OUT_19840,75.53
OUT_19841,99.9
OUT_19842,254.0
OUT_19843,239.21
OUT_19844,85.18
OUT_19845,62.12
OUT_19846,77.01
OUT_19847,92.82
OUT_19848,66.09
OUT_19849,80.25
OUT_19850,2151.5
OUT_19851,82.95
OUT_19852,2056.95
OUT_19853,246.61
OUT_19854,87.0
OUT_19855,48.38
OUT_19856,935.93
OUT_19857,62.35
OUT_19858,58.46
OUT_19859,954.03
OUT_19860,68.84
OUT_19861,66.35
OUT_19862,73.74
OUT_19863,240.28
OUT_19864,92.84
OUT_19865,2050.2
OUT_19866,56.35
OUT_19867,250.46
OUT_19868,65.67
OUT_19869,74.66
OUT_19870,67.67
OUT_19871,287.13
OUT_19872,66.51
OUT_19873,83.04
OUT_19874,258.18
OUT_19875,245.38
OUT_19876,252.59
OUT_19877,223.27
OUT_19878,249.02
OUT_19879,64.85
OUT_19880,80.63
OUT_19881,55.67
OUT_19882,67.41
OUT_19883,63.25
OUT_19884,78.66
OUT_19885,245.39
OUT_19886,68.36
OUT_19887,254.39
OUT_19888,83.33
OUT_19889,82.72
OUT_19890,77.19
OUT_19891,38.37
OUT_19892,277.98
OUT_19893,211.43
OUT_19894,975.59
OUT_19895,82.98
OUT_19896,935.43
OUT_19897,41.55
OUT_19898,906.5
OUT_19899,247.09
OUT_19900,65.56
OUT_19901,71.52
OUT_19902,82.95
OUT_19903,75.64
OUT_19904,76.22
OUT_19905,76.36
OUT_19906,84.95
OUT_19907,242.83
OUT_19908,49.82
OUT_19909,60.52
OUT_19910,40.4
OUT_19911,58.18
OUT_19912,921.83
OUT_19913,79.82
OUT_19914,63.29
OUT_19915,79.62
OUT_19916,70.9
OUT_19917,52.52
OUT_19918,65.77
OUT_19919,76.6
OUT_19920,89.92
OUT_19921,273.19
OUT_19922,78.46
OUT_19923,263.07
OUT_19924,73.43
OUT_19925,251.52
OUT_19926,72.23
OUT_19927,76.2
OUT_19928,275.66
OUT_19929,236.23
OUT_19930,73.34
OUT_19931,324.15
OUT_19932,91.21
OUT_19933,75.31
OUT_19934,862.81
OUT_19935,883.82
OUT_19936,69.75
OUT_19937,265.01
OUT_19938,62.81
OUT_19939,77.2
OUT_19940,955.89
OUT_19941,931.99
OUT_19942,73.48
OUT_19943,923.38
OUT_19944,78.4
OUT_19945,85.16
OUT_19946,72.73
OUT_19947,883.64
OUT_19948,99.72
OUT_19949,70.42
OUT_19950,69.39
OUT_19951,916.66
OUT_19952,69.52
OUT_19953,234.82
OUT_19954,877.57
OUT_19955,80.26
OUT_19956,70.41
OUT_19957,816.89
OUT_19958,76.49
OUT_19959,890.35
OUT_19960,943.92
OUT_19961,84.05
OUT_19962,270.31
OUT_19963,67.07
OUT_19964,232.81
OUT_19965,273.93
OUT_19966,62.84
OUT_19967,64.82
OUT_19968,72.19
OUT_19969,74.76
OUT_19970,257.5
OUT_19971,269.11
OUT_19972,80.13
OUT_19973,76.88
OUT_19974,77.99
OUT_19975,280.04
OUT_19976,78.11
OUT_19977,2125.53
OUT_19978,931.56
OUT_19979,251.91
OUT_19980,63.97
OUT_19981,84.65
OUT_19982,94.29
OUT_19983,76.48
OUT_19984,251.33
OUT_19985,871.38
OUT_19986,269.79
OUT_19987,74.18
OUT_19988,80.51
OUT_19989,70.56
OUT_19990,86.61
OUT_19991,980.47
OUT_19992,259.88
OUT_19993,225.92
OUT_19994,248.97
OUT_19995,255.71
OUT_19996,279.52
OUT_19997,92.5
OUT_19998,249.11
OUT_19999,83.34
OUT_20000,56.25
