Outlet_ID,model_prediction
OUT_00001,582.77
OUT_00002,779.45
OUT_00003,672.51
OUT_00004,505.8
OUT_00005,770.56
OUT_00006,722.35
OUT_00007,751.8
OUT_00008,802.49
OUT_00009,369.15
OUT_00010,790.89
OUT_00011,667.53
OUT_00012,519.46
OUT_00013,654.36
OUT_00014,662.73
OUT_00015,722.98
OUT_00016,738.19
OUT_00017,744.04
OUT_00018,659.53
OUT_00019,804.91
OUT_00020,753.0
OUT_00021,705.13
OUT_00022,773.5
OUT_00023,782.18
OUT_00024,737.53
OUT_00025,769.85
OUT_00026,789.49
OUT_00027,974.72
OUT_00028,428.89
OUT_00029,650.16
OUT_00030,771.53
OUT_00031,760.95
OUT_00032,831.0
OUT_00033,783.11
OUT_00034,781.13
OUT_00035,817.62
OUT_00036,746.97
OUT_00037,787.27
OUT_00038,784.06
OUT_00039,584.62
OUT_00040,753.93
OUT_00041,735.3
OUT_00042,710.73
OUT_00043,644.38
OUT_00044,795.21
OUT_00045,785.28
OUT_00046,583.04
OUT_00047,825.67
OUT_00048,581.97
OUT_00049,820.28
OUT_00050,732.09
OUT_00051,755.89
OUT_00052,743.4
OUT_00053,527.05
OUT_00054,781.25
OUT_00055,776.95
OUT_00056,770.88
OUT_00057,666.13
OUT_00058,321.26
OUT_00059,650.97
OUT_00060,756.72
OUT_00061,631.84
OUT_00062,673.91
OUT_00063,664.9
OUT_00064,588.14
OUT_00065,655.3
OUT_00066,687.05
OUT_00067,665.12
OUT_00068,641.71
OUT_00069,654.97
OUT_00070,644.04
OUT_00071,638.89
OUT_00072,647.77
OUT_00073,663.33
OUT_00074,702.18
OUT_00075,646.95
OUT_00076,686.74
OUT_00077,638.01
OUT_00078,1192.85
OUT_00079,700.93
OUT_00080,657.39
OUT_00081,701.76
OUT_00082,664.44
OUT_00083,659.09
OUT_00084,644.5
OUT_00085,400.07
OUT_00086,636.65
OUT_00087,762.22
OUT_00088,679.61
OUT_00089,631.41
OUT_00090,668.64
OUT_00091,564.31
OUT_00092,693.4
OUT_00093,692.89
OUT_00094,669.94
OUT_00095,669.21
OUT_00096,663.79
OUT_00097,606.65
OUT_00098,650.72
OUT_00099,640.66
OUT_00100,655.82
OUT_00101,714.24
OUT_00102,670.75
OUT_00103,664.56
OUT_00104,674.34
OUT_00105,676.49
OUT_00106,655.88
OUT_00107,677.2
OUT_00108,719.23
OUT_00109,667.07
OUT_00110,655.47
OUT_00111,682.93
OUT_00112,781.55
OUT_00113,686.29
OUT_00114,670.29
OUT_00115,642.13
OUT_00116,676.09
OUT_00117,678.6
OUT_00118,661.57
OUT_00119,652.47
OUT_00120,700.89
OUT_00121,651.91
OUT_00122,680.89
OUT_00123,652.74
OUT_00124,580.83
OUT_00125,653.16
OUT_00126,616.38
OUT_00127,652.27
OUT_00128,625.4
OUT_00129,621.12
OUT_00130,654.09
OUT_00131,683.35
OUT_00132,655.7
OUT_00133,631.51
OUT_00134,691.75
OUT_00135,664.51
OUT_00136,688.72
OUT_00137,681.91
OUT_00138,618.77
OUT_00139,671.59
OUT_00140,642.37
OUT_00141,697.24
OUT_00142,618.78
OUT_00143,611.3
OUT_00144,644.9
OUT_00145,618.5
OUT_00146,733.27
OUT_00147,628.75
OUT_00148,599.56
OUT_00149,635.83
OUT_00150,491.75
OUT_00151,665.42
OUT_00152,670.59
OUT_00153,427.13
OUT_00154,606.94
OUT_00155,680.22
OUT_00156,641.31
OUT_00157,653.95
OUT_00158,665.35
OUT_00159,635.2
OUT_00160,654.37
OUT_00161,595.58
OUT_00162,646.05
OUT_00163,616.88
OUT_00164,687.12
OUT_00165,699.08
OUT_00166,682.4
OUT_00167,661.6
OUT_00168,692.11
OUT_00169,655.52
OUT_00170,643.03
OUT_00171,565.2
OUT_00172,725.59
OUT_00173,689.18
OUT_00174,607.77
OUT_00175,704.2
OUT_00176,573.89
OUT_00177,635.64
OUT_00178,666.56
OUT_00179,618.22
OUT_00180,626.17
OUT_00181,604.5
OUT_00182,671.52
OUT_00183,668.39
OUT_00184,642.38
OUT_00185,640.89
OUT_00186,684.61
OUT_00187,646.04
OUT_00188,666.84
OUT_00189,426.45
OUT_00190,667.81
OUT_00191,625.94
OUT_00192,676.1
OUT_00193,674.44
OUT_00194,667.53
OUT_00195,285.89
OUT_00196,635.29
OUT_00197,612.88
OUT_00198,665.17
OUT_00199,648.92
OUT_00200,557.14
OUT_00201,549.94
OUT_00202,648.5
OUT_00203,661.5
OUT_00204,639.89
OUT_00205,669.88
OUT_00206,660.17
OUT_00207,667.5
OUT_00208,653.65
OUT_00209,651.1
OUT_00210,650.78
OUT_00211,670.43
OUT_00212,654.95
OUT_00213,657.28
OUT_00214,1086.15
OUT_00215,693.44
OUT_00216,671.84
OUT_00217,687.52
OUT_00218,648.09
OUT_00219,653.26
OUT_00220,630.25
OUT_00221,652.38
OUT_00222,683.88
OUT_00223,645.27
OUT_00224,621.49
OUT_00225,661.73
OUT_00226,656.12
OUT_00227,664.13
OUT_00228,647.89
OUT_00229,656.61
OUT_00230,663.47
OUT_00231,654.99
OUT_00232,653.74
OUT_00233,652.33
OUT_00234,684.0
OUT_00235,647.7
OUT_00236,624.05
OUT_00237,688.67
OUT_00238,632.83
OUT_00239,653.45
OUT_00240,632.34
OUT_00241,341.3
OUT_00242,616.13
OUT_00243,653.63
OUT_00244,629.06
OUT_00245,671.52
OUT_00246,709.61
OUT_00247,683.81
OUT_00248,655.05
OUT_00249,685.91
OUT_00250,760.11
OUT_00251,646.0
OUT_00252,691.81
OUT_00253,654.13
OUT_00254,653.06
OUT_00255,702.34
OUT_00256,638.24
OUT_00257,789.03
OUT_00258,754.75
OUT_00259,632.72
OUT_00260,644.35
OUT_00261,649.74
OUT_00262,626.45
OUT_00263,663.27
OUT_00264,673.93
OUT_00265,659.31
OUT_00266,649.28
OUT_00267,671.77
OUT_00268,652.05
OUT_00269,657.21
OUT_00270,637.71
OUT_00271,595.49
OUT_00272,665.44
OUT_00273,650.89
OUT_00274,674.02
OUT_00275,590.17
OUT_00276,565.42
OUT_00277,664.88
OUT_00278,676.15
OUT_00279,1184.01
OUT_00280,626.72
OUT_00281,646.6
OUT_00282,628.67
OUT_00283,627.51
OUT_00284,643.82
OUT_00285,624.34
OUT_00286,661.82
OUT_00287,634.25
OUT_00288,674.5
OUT_00289,644.46
OUT_00290,681.97
OUT_00291,701.87
OUT_00292,624.34
OUT_00293,629.35
OUT_00294,647.75
OUT_00295,632.26
OUT_00296,626.41
OUT_00297,702.08
OUT_00298,648.97
OUT_00299,639.48
OUT_00300,614.97
OUT_00301,606.33
OUT_00302,566.53
OUT_00303,696.62
OUT_00304,647.2
OUT_00305,591.69
OUT_00306,608.0
OUT_00307,684.65
OUT_00308,575.93
OUT_00309,692.49
OUT_00310,677.36
OUT_00311,684.3
OUT_00312,577.08
OUT_00313,623.82
OUT_00314,643.01
OUT_00315,558.74
OUT_00316,637.82
OUT_00317,676.78
OUT_00318,675.38
OUT_00319,554.64
OUT_00320,653.97
OUT_00321,646.56
OUT_00322,633.62
OUT_00323,647.48
OUT_00324,421.72
OUT_00325,574.63
OUT_00326,662.5
OUT_00327,660.01
OUT_00328,675.28
OUT_00329,657.34
OUT_00330,672.06
OUT_00331,411.11
OUT_00332,646.15
OUT_00333,629.94
OUT_00334,654.12
OUT_00335,665.04
OUT_00336,665.83
OUT_00337,609.89
OUT_00338,702.97
OUT_00339,736.01
OUT_00340,659.8
OUT_00341,646.34
OUT_00342,655.66
OUT_00343,651.39
OUT_00344,647.49
OUT_00345,636.2
OUT_00346,691.99
OUT_00347,670.59
OUT_00348,679.05
OUT_00349,704.68
OUT_00350,891.71
OUT_00351,686.35
OUT_00352,653.94
OUT_00353,589.31
OUT_00354,669.62
OUT_00355,668.99
OUT_00356,635.37
OUT_00357,642.92
OUT_00358,647.44
OUT_00359,603.25
OUT_00360,623.1
OUT_00361,756.01
OUT_00362,668.45
OUT_00363,680.54
OUT_00364,633.2
OUT_00365,653.56
OUT_00366,667.19
OUT_00367,1251.31
OUT_00368,665.69
OUT_00369,668.58
OUT_00370,671.8
OUT_00371,596.45
OUT_00372,657.56
OUT_00373,658.74
OUT_00374,574.75
OUT_00375,312.68
OUT_00376,635.86
OUT_00377,543.99
OUT_00378,651.62
OUT_00379,648.95
OUT_00380,626.3
OUT_00381,675.8
OUT_00382,656.25
OUT_00383,668.72
OUT_00384,665.2
OUT_00385,616.22
OUT_00386,670.34
OUT_00387,703.15
OUT_00388,640.7
OUT_00389,619.58
OUT_00390,671.25
OUT_00391,234.35
OUT_00392,557.58
OUT_00393,663.11
OUT_00394,698.41
OUT_00395,688.47
OUT_00396,643.84
OUT_00397,630.59
OUT_00398,658.2
OUT_00399,402.79
OUT_00400,657.66
OUT_00401,48.09
OUT_00402,638.66
OUT_00403,192.87
OUT_00404,60.88
OUT_00405,199.54
OUT_00406,43.89
OUT_00407,60.08
OUT_00408,50.21
OUT_00409,195.13
OUT_00410,193.76
OUT_00411,66.28
OUT_00412,60.75
OUT_00413,641.8
OUT_00414,55.54
OUT_00415,64.56
OUT_00416,189.06
OUT_00417,631.45
OUT_00418,191.28
OUT_00419,49.97
OUT_00420,48.2
OUT_00421,187.52
OUT_00422,177.06
OUT_00423,658.12
OUT_00424,639.89
OUT_00425,65.03
OUT_00426,193.97
OUT_00427,189.24
OUT_00428,1693.65
OUT_00429,189.2
OUT_00430,41.2
OUT_00431,62.15
OUT_00432,1657.45
OUT_00433,200.95
OUT_00434,1677.91
OUT_00435,193.88
OUT_00436,63.17
OUT_00437,63.88
OUT_00438,186.61
OUT_00439,192.82
OUT_00440,53.17
OUT_00441,58.03
OUT_00442,56.13
OUT_00443,192.57
OUT_00444,193.93
OUT_00445,649.98
OUT_00446,69.31
OUT_00447,50.37
OUT_00448,58.07
OUT_00449,1667.07
OUT_00450,654.57
OUT_00451,55.88
OUT_00452,61.33
OUT_00453,253.67
OUT_00454,194.78
OUT_00455,1660.71
OUT_00456,194.51
OUT_00457,653.08
OUT_00458,72.21
OUT_00459,184.33
OUT_00460,185.6
OUT_00461,50.84
OUT_00462,60.09
OUT_00463,654.72
OUT_00464,57.98
OUT_00465,196.78
OUT_00466,643.12
OUT_00467,60.67
OUT_00468,664.36
OUT_00469,62.64
OUT_00470,60.2
OUT_00471,187.65
OUT_00472,199.09
OUT_00473,57.19
OUT_00474,51.41
OUT_00475,49.45
OUT_00476,202.39
OUT_00477,67.46
OUT_00478,186.56
OUT_00479,71.7
OUT_00480,71.11
OUT_00481,65.83
OUT_00482,194.42
OUT_00483,67.72
OUT_00484,54.92
OUT_00485,172.45
OUT_00486,213.86
OUT_00487,63.2
OUT_00488,62.64
OUT_00489,187.19
OUT_00490,50.89
OUT_00491,60.99
OUT_00492,669.41
OUT_00493,388.78
OUT_00494,48.02
OUT_00495,67.2
OUT_00496,61.15
OUT_00497,200.67
OUT_00498,200.87
OUT_00499,188.59
OUT_00500,64.63
OUT_00501,198.1
OUT_00502,189.31
OUT_00503,691.1
OUT_00504,189.34
OUT_00505,68.26
OUT_00506,1659.65
OUT_00507,1575.49
OUT_00508,195.05
OUT_00509,199.39
OUT_00510,190.54
OUT_00511,190.31
OUT_00512,55.8
OUT_00513,57.5
OUT_00514,64.39
OUT_00515,655.09
OUT_00516,62.83
OUT_00517,194.46
OUT_00518,188.32
OUT_00519,66.1
OUT_00520,45.79
OUT_00521,61.24
OUT_00522,55.35
OUT_00523,55.67
OUT_00524,89.21
OUT_00525,650.31
OUT_00526,193.92
OUT_00527,192.89
OUT_00528,190.04
OUT_00529,190.77
OUT_00530,667.21
OUT_00531,31.51
OUT_00532,66.1
OUT_00533,60.99
OUT_00534,679.04
OUT_00535,65.26
OUT_00536,49.34
OUT_00537,51.88
OUT_00538,61.49
OUT_00539,650.76
OUT_00540,64.81
OUT_00541,194.69
OUT_00542,63.98
OUT_00543,60.15
OUT_00544,52.43
OUT_00545,195.72
OUT_00546,192.04
OUT_00547,58.49
OUT_00548,69.22
OUT_00549,57.65
OUT_00550,187.25
OUT_00551,692.53
OUT_00552,54.24
OUT_00553,184.5
OUT_00554,63.04
OUT_00555,55.89
OUT_00556,184.59
OUT_00557,51.78
OUT_00558,52.21
OUT_00559,33.31
OUT_00560,201.33
OUT_00561,67.93
OUT_00562,51.1
OUT_00563,83.08
OUT_00564,67.37
OUT_00565,189.78
OUT_00566,76.58
OUT_00567,678.77
OUT_00568,1677.35
OUT_00569,64.5
OUT_00570,649.91
OUT_00571,63.92
OUT_00572,50.9
OUT_00573,638.28
OUT_00574,193.14
OUT_00575,57.7
OUT_00576,183.15
OUT_00577,663.82
OUT_00578,59.63
OUT_00579,1525.28
OUT_00580,656.35
OUT_00581,638.07
OUT_00582,198.19
OUT_00583,70.55
OUT_00584,62.74
OUT_00585,195.01
OUT_00586,188.12
OUT_00587,193.05
OUT_00588,38.64
OUT_00589,705.52
OUT_00590,189.41
OUT_00591,660.11
OUT_00592,62.41
OUT_00593,61.02
OUT_00594,195.91
OUT_00595,194.62
OUT_00596,51.62
OUT_00597,46.47
OUT_00598,61.33
OUT_00599,64.84
OUT_00600,666.14
OUT_00601,194.02
OUT_00602,70.63
OUT_00603,686.22
OUT_00604,196.41
OUT_00605,60.1
OUT_00606,655.43
OUT_00607,644.58
OUT_00608,197.27
OUT_00609,181.85
OUT_00610,641.78
OUT_00611,70.96
OUT_00612,65.73
OUT_00613,57.05
OUT_00614,666.23
OUT_00615,47.52
OUT_00616,189.27
OUT_00617,192.22
OUT_00618,200.88
OUT_00619,1666.49
OUT_00620,194.27
OUT_00621,187.1
OUT_00622,63.36
OUT_00623,62.78
OUT_00624,198.09
OUT_00625,199.61
OUT_00626,672.04
OUT_00627,182.64
OUT_00628,55.16
OUT_00629,189.69
OUT_00630,55.46
OUT_00631,54.49
OUT_00632,41.86
OUT_00633,678.6
OUT_00634,197.15
OUT_00635,192.73
OUT_00636,190.36
OUT_00637,193.78
OUT_00638,195.2
OUT_00639,671.36
OUT_00640,197.57
OUT_00641,54.2
OUT_00642,192.02
OUT_00643,154.93
OUT_00644,190.35
OUT_00645,190.93
OUT_00646,77.64
OUT_00647,57.21
OUT_00648,192.62
OUT_00649,697.59
OUT_00650,194.87
OUT_00651,50.18
OUT_00652,189.98
OUT_00653,62.64
OUT_00654,62.96
OUT_00655,65.41
OUT_00656,190.67
OUT_00657,62.63
OUT_00658,193.4
OUT_00659,58.77
OUT_00660,664.82
OUT_00661,193.31
OUT_00662,196.7
OUT_00663,191.92
OUT_00664,55.73
OUT_00665,56.1
OUT_00666,697.35
OUT_00667,184.46
OUT_00668,58.05
OUT_00669,67.3
OUT_00670,217.03
OUT_00671,193.09
OUT_00672,64.83
OUT_00673,195.9
OUT_00674,616.26
OUT_00675,65.61
OUT_00676,41.42
OUT_00677,205.48
OUT_00678,58.47
OUT_00679,54.25
OUT_00680,188.85
OUT_00681,55.86
OUT_00682,54.55
OUT_00683,190.38
OUT_00684,1577.64
OUT_00685,63.61
OUT_00686,690.08
OUT_00687,696.28
OUT_00688,65.86
OUT_00689,1689.27
OUT_00690,57.38
OUT_00691,1675.65
OUT_00692,43.21
OUT_00693,271.71
OUT_00694,737.18
OUT_00695,64.81
OUT_00696,59.84
OUT_00697,198.21
OUT_00698,671.71
OUT_00699,668.91
OUT_00700,67.79
OUT_00701,37.46
OUT_00702,72.72
OUT_00703,188.44
OUT_00704,190.83
OUT_00705,55.37
OUT_00706,188.08
OUT_00707,50.73
OUT_00708,53.71
OUT_00709,62.72
OUT_00710,189.54
OUT_00711,63.06
OUT_00712,666.87
OUT_00713,65.24
OUT_00714,55.64
OUT_00715,190.85
OUT_00716,58.17
OUT_00717,676.78
OUT_00718,51.83
OUT_00719,61.77
OUT_00720,647.32
OUT_00721,68.96
OUT_00722,188.67
OUT_00723,69.95
OUT_00724,53.79
OUT_00725,48.64
OUT_00726,664.63
OUT_00727,199.42
OUT_00728,665.87
OUT_00729,49.03
OUT_00730,196.29
OUT_00731,631.54
OUT_00732,197.6
OUT_00733,191.05
OUT_00734,636.56
OUT_00735,61.42
OUT_00736,644.43
OUT_00737,632.73
OUT_00738,32.97
OUT_00739,67.43
OUT_00740,195.52
OUT_00741,72.24
OUT_00742,1697.11
OUT_00743,63.32
OUT_00744,191.64
OUT_00745,191.93
OUT_00746,630.99
OUT_00747,183.77
OUT_00748,70.68
OUT_00749,193.62
OUT_00750,192.44
OUT_00751,56.54
OUT_00752,55.26
OUT_00753,648.76
OUT_00754,75.64
OUT_00755,658.84
OUT_00756,191.16
OUT_00757,189.88
OUT_00758,60.08
OUT_00759,60.97
OUT_00760,48.0
OUT_00761,191.38
OUT_00762,52.99
OUT_00763,48.05
OUT_00764,194.32
OUT_00765,47.37
OUT_00766,56.34
OUT_00767,198.05
OUT_00768,56.59
OUT_00769,199.56
OUT_00770,57.25
OUT_00771,195.04
OUT_00772,192.3
OUT_00773,666.31
OUT_00774,65.2
OUT_00775,190.95
OUT_00776,65.21
OUT_00777,55.48
OUT_00778,1696.58
OUT_00779,188.88
OUT_00780,54.84
OUT_00781,63.6
OUT_00782,45.66
OUT_00783,66.87
OUT_00784,56.34
OUT_00785,193.0
OUT_00786,110.17
OUT_00787,193.83
OUT_00788,189.97
OUT_00789,640.49
OUT_00790,58.1
OUT_00791,1645.4
OUT_00792,688.28
OUT_00793,191.35
OUT_00794,60.85
OUT_00795,679.02
OUT_00796,55.32
OUT_00797,195.45
OUT_00798,189.57
OUT_00799,648.54
OUT_00800,628.4
OUT_00801,55.48
OUT_00802,56.32
OUT_00803,193.31
OUT_00804,64.75
OUT_00805,64.24
OUT_00806,64.59
OUT_00807,62.53
OUT_00808,192.36
OUT_00809,194.24
OUT_00810,61.96
OUT_00811,63.12
OUT_00812,61.14
OUT_00813,51.1
OUT_00814,57.68
OUT_00815,1684.78
OUT_00816,67.83
OUT_00817,73.33
OUT_00818,60.98
OUT_00819,41.66
OUT_00820,51.22
OUT_00821,55.6
OUT_00822,192.48
OUT_00823,651.55
OUT_00824,55.44
OUT_00825,193.01
OUT_00826,192.66
OUT_00827,66.48
OUT_00828,192.9
OUT_00829,51.45
OUT_00830,67.53
OUT_00831,65.03
OUT_00832,52.4
OUT_00833,187.55
OUT_00834,189.99
OUT_00835,192.91
OUT_00836,189.73
OUT_00837,639.36
OUT_00838,193.97
OUT_00839,54.85
OUT_00840,1635.83
OUT_00841,43.97
OUT_00842,62.83
OUT_00843,214.36
OUT_00844,60.09
OUT_00845,196.33
OUT_00846,44.53
OUT_00847,190.24
OUT_00848,191.32
OUT_00849,192.53
OUT_00850,62.1
OUT_00851,61.42
OUT_00852,188.52
OUT_00853,1674.9
OUT_00854,191.25
OUT_00855,73.48
OUT_00856,1656.21
OUT_00857,675.3
OUT_00858,65.0
OUT_00859,72.84
OUT_00860,55.03
OUT_00861,66.8
OUT_00862,56.87
OUT_00863,63.68
OUT_00864,49.46
OUT_00865,202.24
OUT_00866,203.28
OUT_00867,186.35
OUT_00868,58.02
OUT_00869,49.79
OUT_00870,184.37
OUT_00871,654.32
OUT_00872,63.58
OUT_00873,634.45
OUT_00874,190.51
OUT_00875,62.56
OUT_00876,60.62
OUT_00877,669.87
OUT_00878,194.88
OUT_00879,190.98
OUT_00880,55.95
OUT_00881,662.06
OUT_00882,73.81
OUT_00883,67.41
OUT_00884,223.48
OUT_00885,199.64
OUT_00886,1646.95
OUT_00887,55.25
OUT_00888,63.29
OUT_00889,202.63
OUT_00890,189.31
OUT_00891,197.27
OUT_00892,54.11
OUT_00893,65.94
OUT_00894,61.07
OUT_00895,184.32
OUT_00896,62.54
OUT_00897,208.54
OUT_00898,46.0
OUT_00899,50.16
OUT_00900,85.77
OUT_00901,59.18
OUT_00902,52.32
OUT_00903,641.56
OUT_00904,55.82
OUT_00905,50.67
OUT_00906,664.51
OUT_00907,70.29
OUT_00908,61.09
OUT_00909,57.67
OUT_00910,67.75
OUT_00911,64.58
OUT_00912,622.34
OUT_00913,193.34
OUT_00914,201.33
OUT_00915,54.22
OUT_00916,193.7
OUT_00917,189.72
OUT_00918,640.2
OUT_00919,67.82
OUT_00920,189.61
OUT_00921,193.52
OUT_00922,64.83
OUT_00923,654.03
OUT_00924,192.4
OUT_00925,64.82
OUT_00926,61.17
OUT_00927,51.48
OUT_00928,55.51
OUT_00929,191.51
OUT_00930,187.42
OUT_00931,65.11
OUT_00932,69.43
OUT_00933,622.78
OUT_00934,614.41
OUT_00935,199.71
OUT_00936,64.71
OUT_00937,642.63
OUT_00938,198.59
OUT_00939,55.89
OUT_00940,65.08
OUT_00941,187.63
OUT_00942,192.62
OUT_00943,619.98
OUT_00944,56.71
OUT_00945,194.44
OUT_00946,57.9
OUT_00947,56.29
OUT_00948,62.69
OUT_00949,55.07
OUT_00950,51.62
OUT_00951,190.21
OUT_00952,633.63
OUT_00953,67.1
OUT_00954,651.19
OUT_00955,192.84
OUT_00956,189.58
OUT_00957,56.47
OUT_00958,61.25
OUT_00959,65.0
OUT_00960,625.72
OUT_00961,32.04
OUT_00962,192.51
OUT_00963,183.35
OUT_00964,50.92
OUT_00965,1689.87
OUT_00966,52.81
OUT_00967,67.59
OUT_00968,49.05
OUT_00969,211.15
OUT_00970,48.24
OUT_00971,55.79
OUT_00972,193.55
OUT_00973,650.03
OUT_00974,54.23
OUT_00975,63.57
OUT_00976,191.53
OUT_00977,65.01
OUT_00978,56.76
OUT_00979,56.18
OUT_00980,69.87
OUT_00981,196.48
OUT_00982,55.37
OUT_00983,44.99
OUT_00984,61.16
OUT_00985,187.29
OUT_00986,659.33
OUT_00987,51.99
OUT_00988,187.54
OUT_00989,74.04
OUT_00990,658.5
OUT_00991,51.19
OUT_00992,189.2
OUT_00993,63.73
OUT_00994,687.94
OUT_00995,665.1
OUT_00996,1668.36
OUT_00997,190.37
OUT_00998,216.79
OUT_00999,194.59
OUT_01000,61.65
OUT_01001,56.33
OUT_01002,51.25
OUT_01003,51.18
OUT_01004,65.21
OUT_01005,191.81
OUT_01006,1684.7
OUT_01007,54.61
OUT_01008,201.79
OUT_01009,68.73
OUT_01010,186.76
OUT_01011,194.1
OUT_01012,195.49
OUT_01013,66.64
OUT_01014,191.3
OUT_01015,186.83
OUT_01016,188.2
OUT_01017,55.33
OUT_01018,656.57
OUT_01019,54.95
OUT_01020,63.01
OUT_01021,64.23
OUT_01022,64.67
OUT_01023,637.7
OUT_01024,64.93
OUT_01025,198.09
OUT_01026,189.71
OUT_01027,56.97
OUT_01028,58.92
OUT_01029,54.12
OUT_01030,60.32
OUT_01031,44.66
OUT_01032,1686.04
OUT_01033,60.49
OUT_01034,61.88
OUT_01035,196.11
OUT_01036,657.19
OUT_01037,201.01
OUT_01038,193.61
OUT_01039,579.89
OUT_01040,190.53
OUT_01041,200.37
OUT_01042,62.53
OUT_01043,58.64
OUT_01044,1650.97
OUT_01045,50.38
OUT_01046,62.95
OUT_01047,50.96
OUT_01048,55.5
OUT_01049,194.33
OUT_01050,63.01
OUT_01051,200.92
OUT_01052,56.47
OUT_01053,75.44
OUT_01054,196.98
OUT_01055,39.55
OUT_01056,178.79
OUT_01057,64.75
OUT_01058,193.78
OUT_01059,200.4
OUT_01060,194.71
OUT_01061,1679.08
OUT_01062,57.65
OUT_01063,38.18
OUT_01064,59.02
OUT_01065,60.77
OUT_01066,62.52
OUT_01067,62.95
OUT_01068,60.83
OUT_01069,191.37
OUT_01070,64.59
OUT_01071,65.25
OUT_01072,194.33
OUT_01073,637.87
OUT_01074,187.24
OUT_01075,185.85
OUT_01076,187.89
OUT_01077,57.09
OUT_01078,51.52
OUT_01079,654.23
OUT_01080,184.53
OUT_01081,66.6
OUT_01082,61.74
OUT_01083,61.3
OUT_01084,52.93
OUT_01085,617.54
OUT_01086,196.02
OUT_01087,44.03
OUT_01088,67.55
OUT_01089,43.05
OUT_01090,679.66
OUT_01091,52.51
OUT_01092,71.21
OUT_01093,198.69
OUT_01094,64.73
OUT_01095,64.35
OUT_01096,66.52
OUT_01097,193.86
OUT_01098,55.38
OUT_01099,653.97
OUT_01100,1632.6
OUT_01101,55.21
OUT_01102,187.29
OUT_01103,67.59
OUT_01104,53.66
OUT_01105,623.51
OUT_01106,60.17
OUT_01107,670.79
OUT_01108,1669.45
OUT_01109,194.84
OUT_01110,195.91
OUT_01111,190.49
OUT_01112,61.94
OUT_01113,49.56
OUT_01114,56.94
OUT_01115,220.35
OUT_01116,199.9
OUT_01117,32.17
OUT_01118,65.43
OUT_01119,44.57
OUT_01120,53.86
OUT_01121,189.37
OUT_01122,51.02
OUT_01123,200.1
OUT_01124,1664.0
OUT_01125,50.21
OUT_01126,67.0
OUT_01127,55.27
OUT_01128,65.14
OUT_01129,69.36
OUT_01130,673.13
OUT_01131,70.36
OUT_01132,60.09
OUT_01133,637.37
OUT_01134,667.08
OUT_01135,636.37
OUT_01136,69.6
OUT_01137,184.81
OUT_01138,194.04
OUT_01139,64.79
OUT_01140,57.18
OUT_01141,65.96
OUT_01142,191.56
OUT_01143,55.53
OUT_01144,59.94
OUT_01145,194.38
OUT_01146,1542.97
OUT_01147,51.07
OUT_01148,165.79
OUT_01149,187.13
OUT_01150,58.14
OUT_01151,56.44
OUT_01152,1644.98
OUT_01153,667.43
OUT_01154,57.73
OUT_01155,52.31
OUT_01156,188.59
OUT_01157,185.06
OUT_01158,66.25
OUT_01159,65.02
OUT_01160,41.15
OUT_01161,53.34
OUT_01162,59.27
OUT_01163,57.9
OUT_01164,669.83
OUT_01165,69.79
OUT_01166,193.79
OUT_01167,55.86
OUT_01168,62.85
OUT_01169,62.34
OUT_01170,66.11
OUT_01171,75.22
OUT_01172,69.68
OUT_01173,189.37
OUT_01174,63.28
OUT_01175,656.3
OUT_01176,198.33
OUT_01177,54.0
OUT_01178,655.42
OUT_01179,191.87
OUT_01180,192.02
OUT_01181,59.87
OUT_01182,192.19
OUT_01183,63.41
OUT_01184,64.21
OUT_01185,57.82
OUT_01186,50.39
OUT_01187,46.14
OUT_01188,65.57
OUT_01189,60.76
OUT_01190,62.3
OUT_01191,192.01
OUT_01192,71.13
OUT_01193,64.54
OUT_01194,64.89
OUT_01195,188.06
OUT_01196,50.79
OUT_01197,662.82
OUT_01198,188.69
OUT_01199,50.18
OUT_01200,41.74
OUT_01201,55.01
OUT_01202,45.45
OUT_01203,674.55
OUT_01204,206.3
OUT_01205,55.5
OUT_01206,54.32
OUT_01207,1674.59
OUT_01208,51.24
OUT_01209,56.31
OUT_01210,190.17
OUT_01211,198.7
OUT_01212,1676.77
OUT_01213,53.37
OUT_01214,675.13
OUT_01215,655.19
OUT_01216,64.24
OUT_01217,662.86
OUT_01218,444.46
OUT_01219,67.31
OUT_01220,187.25
OUT_01221,1661.97
OUT_01222,43.29
OUT_01223,189.95
OUT_01224,183.01
OUT_01225,192.06
OUT_01226,65.11
OUT_01227,62.71
OUT_01228,60.37
OUT_01229,62.82
OUT_01230,184.32
OUT_01231,61.11
OUT_01232,74.62
OUT_01233,190.19
OUT_01234,74.28
OUT_01235,189.01
OUT_01236,671.34
OUT_01237,56.56
OUT_01238,180.88
OUT_01239,687.11
OUT_01240,55.56
OUT_01241,1651.56
OUT_01242,65.88
OUT_01243,70.33
OUT_01244,64.87
OUT_01245,43.78
OUT_01246,644.52
OUT_01247,55.55
OUT_01248,54.65
OUT_01249,65.26
OUT_01250,201.75
OUT_01251,65.62
OUT_01252,65.06
OUT_01253,624.88
OUT_01254,62.47
OUT_01255,61.44
OUT_01256,71.03
OUT_01257,59.37
OUT_01258,180.04
OUT_01259,44.39
OUT_01260,44.22
OUT_01261,47.18
OUT_01262,657.56
OUT_01263,630.58
OUT_01264,76.58
OUT_01265,194.18
OUT_01266,193.16
OUT_01267,629.53
OUT_01268,195.47
OUT_01269,56.54
OUT_01270,657.49
OUT_01271,48.47
OUT_01272,201.79
OUT_01273,651.53
OUT_01274,71.94
OUT_01275,66.46
OUT_01276,34.06
OUT_01277,41.03
OUT_01278,61.19
OUT_01279,188.58
OUT_01280,57.95
OUT_01281,188.49
OUT_01282,68.93
OUT_01283,48.22
OUT_01284,193.44
OUT_01285,56.45
OUT_01286,53.17
OUT_01287,647.94
OUT_01288,637.28
OUT_01289,60.57
OUT_01290,187.15
OUT_01291,652.33
OUT_01292,663.35
OUT_01293,190.89
OUT_01294,67.71
OUT_01295,188.51
OUT_01296,47.38
OUT_01297,46.94
OUT_01298,197.39
OUT_01299,1663.58
OUT_01300,191.63
OUT_01301,54.42
OUT_01302,54.3
OUT_01303,64.71
OUT_01304,656.45
OUT_01305,68.14
OUT_01306,185.51
OUT_01307,194.47
OUT_01308,46.7
OUT_01309,61.06
OUT_01310,60.85
OUT_01311,46.37
OUT_01312,72.02
OUT_01313,69.84
OUT_01314,324.67
OUT_01315,50.18
OUT_01316,1688.05
OUT_01317,65.08
OUT_01318,55.36
OUT_01319,55.13
OUT_01320,69.32
OUT_01321,51.58
OUT_01322,72.56
OUT_01323,183.37
OUT_01324,52.89
OUT_01325,186.36
OUT_01326,62.81
OUT_01327,61.6
OUT_01328,55.31
OUT_01329,60.43
OUT_01330,48.26
OUT_01331,658.68
OUT_01332,191.21
OUT_01333,62.75
OUT_01334,189.33
OUT_01335,47.63
OUT_01336,56.78
OUT_01337,73.34
OUT_01338,626.84
OUT_01339,58.67
OUT_01340,64.64
OUT_01341,67.17
OUT_01342,186.77
OUT_01343,52.3
OUT_01344,60.24
OUT_01345,36.55
OUT_01346,188.39
OUT_01347,190.34
OUT_01348,192.19
OUT_01349,62.33
OUT_01350,189.98
OUT_01351,44.83
OUT_01352,682.67
OUT_01353,65.72
OUT_01354,56.38
OUT_01355,653.94
OUT_01356,195.28
OUT_01357,62.87
OUT_01358,207.81
OUT_01359,69.9
OUT_01360,193.45
OUT_01361,54.71
OUT_01362,1634.94
OUT_01363,66.87
OUT_01364,198.44
OUT_01365,47.48
OUT_01366,192.84
OUT_01367,194.35
OUT_01368,67.37
OUT_01369,647.79
OUT_01370,65.73
OUT_01371,48.78
OUT_01372,187.15
OUT_01373,197.25
OUT_01374,193.69
OUT_01375,694.39
OUT_01376,1709.94
OUT_01377,188.64
OUT_01378,56.22
OUT_01379,57.23
OUT_01380,263.93
OUT_01381,40.95
OUT_01382,640.27
OUT_01383,178.88
OUT_01384,63.5
OUT_01385,192.87
OUT_01386,195.1
OUT_01387,55.94
OUT_01388,63.07
OUT_01389,678.26
OUT_01390,70.49
OUT_01391,658.9
OUT_01392,64.51
OUT_01393,60.96
OUT_01394,65.53
OUT_01395,209.4
OUT_01396,668.86
OUT_01397,62.45
OUT_01398,56.52
OUT_01399,64.25
OUT_01400,664.94
OUT_01401,188.85
OUT_01402,70.68
OUT_01403,195.11
OUT_01404,72.81
OUT_01405,56.58
OUT_01406,56.47
OUT_01407,50.48
OUT_01408,192.85
OUT_01409,653.84
OUT_01410,659.51
OUT_01411,615.32
OUT_01412,192.3
OUT_01413,191.98
OUT_01414,65.8
OUT_01415,50.75
OUT_01416,38.0
OUT_01417,194.78
OUT_01418,211.59
OUT_01419,203.09
OUT_01420,620.9
OUT_01421,47.58
OUT_01422,65.02
OUT_01423,49.37
OUT_01424,50.78
OUT_01425,190.0
OUT_01426,65.14
OUT_01427,64.13
OUT_01428,187.49
OUT_01429,60.93
OUT_01430,60.44
OUT_01431,49.12
OUT_01432,59.66
OUT_01433,63.23
OUT_01434,57.4
OUT_01435,53.77
OUT_01436,188.13
OUT_01437,676.63
OUT_01438,75.59
OUT_01439,192.42
OUT_01440,1704.19
OUT_01441,193.23
OUT_01442,172.26
OUT_01443,60.19
OUT_01444,190.56
OUT_01445,191.7
OUT_01446,72.17
OUT_01447,672.81
OUT_01448,183.06
OUT_01449,189.29
OUT_01450,57.49
OUT_01451,198.33
OUT_01452,57.38
OUT_01453,672.76
OUT_01454,65.2
OUT_01455,55.58
OUT_01456,72.29
OUT_01457,55.25
OUT_01458,193.45
OUT_01459,45.35
OUT_01460,192.51
OUT_01461,625.87
OUT_01462,48.05
OUT_01463,43.32
OUT_01464,60.35
OUT_01465,75.11
OUT_01466,56.38
OUT_01467,37.29
OUT_01468,63.87
OUT_01469,52.61
OUT_01470,190.15
OUT_01471,1674.58
OUT_01472,1675.24
OUT_01473,656.53
OUT_01474,67.04
OUT_01475,57.64
OUT_01476,158.88
OUT_01477,73.61
OUT_01478,57.81
OUT_01479,39.3
OUT_01480,69.37
OUT_01481,617.25
OUT_01482,54.22
OUT_01483,196.57
OUT_01484,67.59
OUT_01485,675.01
OUT_01486,53.24
OUT_01487,65.95
OUT_01488,55.36
OUT_01489,44.13
OUT_01490,189.87
OUT_01491,58.63
OUT_01492,48.64
OUT_01493,51.13
OUT_01494,46.45
OUT_01495,194.75
OUT_01496,54.08
OUT_01497,187.34
OUT_01498,166.57
OUT_01499,188.71
OUT_01500,636.22
OUT_01501,65.47
OUT_01502,193.28
OUT_01503,698.44
OUT_01504,190.92
OUT_01505,1671.87
OUT_01506,650.03
OUT_01507,677.29
OUT_01508,54.97
OUT_01509,50.99
OUT_01510,194.3
OUT_01511,58.48
OUT_01512,43.62
OUT_01513,53.21
OUT_01514,1654.33
OUT_01515,56.22
OUT_01516,66.83
OUT_01517,62.88
OUT_01518,199.52
OUT_01519,49.92
OUT_01520,664.58
OUT_01521,198.12
OUT_01522,61.42
OUT_01523,192.75
OUT_01524,194.35
OUT_01525,65.34
OUT_01526,193.63
OUT_01527,658.26
OUT_01528,1641.58
OUT_01529,66.87
OUT_01530,55.48
OUT_01531,56.06
OUT_01532,672.72
OUT_01533,44.22
OUT_01534,70.46
OUT_01535,65.22
OUT_01536,65.92
OUT_01537,74.6
OUT_01538,65.6
OUT_01539,59.48
OUT_01540,660.74
OUT_01541,75.89
OUT_01542,60.17
OUT_01543,48.26
OUT_01544,64.51
OUT_01545,188.58
OUT_01546,192.55
OUT_01547,199.23
OUT_01548,48.93
OUT_01549,192.76
OUT_01550,163.28
OUT_01551,60.92
OUT_01552,189.04
OUT_01553,189.72
OUT_01554,1653.27
OUT_01555,47.4
OUT_01556,64.52
OUT_01557,1661.75
OUT_01558,42.2
OUT_01559,668.06
OUT_01560,676.26
OUT_01561,67.34
OUT_01562,59.84
OUT_01563,187.27
OUT_01564,55.87
OUT_01565,194.44
OUT_01566,51.07
OUT_01567,1594.38
OUT_01568,60.53
OUT_01569,61.34
OUT_01570,669.02
OUT_01571,54.13
OUT_01572,194.21
OUT_01573,62.74
OUT_01574,65.01
OUT_01575,56.96
OUT_01576,63.05
OUT_01577,192.95
OUT_01578,187.27
OUT_01579,62.39
OUT_01580,56.19
OUT_01581,185.37
OUT_01582,643.47
OUT_01583,184.85
OUT_01584,56.85
OUT_01585,61.22
OUT_01586,62.63
OUT_01587,44.01
OUT_01588,192.57
OUT_01589,191.53
OUT_01590,42.79
OUT_01591,66.9
OUT_01592,66.8
OUT_01593,646.62
OUT_01594,193.37
OUT_01595,1660.31
OUT_01596,194.6
OUT_01597,62.85
OUT_01598,196.01
OUT_01599,60.77
OUT_01600,72.29
OUT_01601,53.18
OUT_01602,197.42
OUT_01603,64.89
OUT_01604,64.82
OUT_01605,672.96
OUT_01606,67.52
OUT_01607,40.89
OUT_01608,84.95
OUT_01609,185.14
OUT_01610,189.58
OUT_01611,48.4
OUT_01612,45.78
OUT_01613,54.59
OUT_01614,60.31
OUT_01615,44.95
OUT_01616,57.64
OUT_01617,47.54
OUT_01618,60.57
OUT_01619,224.14
OUT_01620,189.41
OUT_01621,634.47
OUT_01622,61.95
OUT_01623,65.97
OUT_01624,1670.57
OUT_01625,50.66
OUT_01626,55.47
OUT_01627,47.38
OUT_01628,54.75
OUT_01629,628.27
OUT_01630,48.99
OUT_01631,60.79
OUT_01632,62.55
OUT_01633,51.13
OUT_01634,680.35
OUT_01635,191.97
OUT_01636,192.81
OUT_01637,68.85
OUT_01638,191.3
OUT_01639,671.61
OUT_01640,1700.94
OUT_01641,1678.57
OUT_01642,44.56
OUT_01643,55.74
OUT_01644,86.28
OUT_01645,60.52
OUT_01646,57.48
OUT_01647,43.91
OUT_01648,64.76
OUT_01649,59.14
OUT_01650,1669.92
OUT_01651,61.0
OUT_01652,60.92
OUT_01653,191.25
OUT_01654,630.15
OUT_01655,65.06
OUT_01656,632.5
OUT_01657,59.58
OUT_01658,72.56
OUT_01659,60.7
OUT_01660,197.4
OUT_01661,192.23
OUT_01662,194.16
OUT_01663,59.95
OUT_01664,61.13
OUT_01665,1667.52
OUT_01666,662.46
OUT_01667,218.84
OUT_01668,77.08
OUT_01669,64.75
OUT_01670,54.02
OUT_01671,64.93
OUT_01672,184.76
OUT_01673,38.33
OUT_01674,56.11
OUT_01675,190.92
OUT_01676,203.51
OUT_01677,57.54
OUT_01678,56.21
OUT_01679,638.89
OUT_01680,61.17
OUT_01681,61.14
OUT_01682,61.51
OUT_01683,63.68
OUT_01684,56.3
OUT_01685,60.53
OUT_01686,186.1
OUT_01687,64.65
OUT_01688,194.26
OUT_01689,58.12
OUT_01690,62.39
OUT_01691,1626.36
OUT_01692,193.64
OUT_01693,61.01
OUT_01694,689.73
OUT_01695,194.15
OUT_01696,60.67
OUT_01697,69.14
OUT_01698,63.37
OUT_01699,55.0
OUT_01700,70.28
OUT_01701,188.89
OUT_01702,46.61
OUT_01703,60.62
OUT_01704,190.35
OUT_01705,676.84
OUT_01706,49.18
OUT_01707,66.76
OUT_01708,194.02
OUT_01709,66.91
OUT_01710,196.75
OUT_01711,43.46
OUT_01712,1695.12
OUT_01713,56.27
OUT_01714,58.82
OUT_01715,193.05
OUT_01716,1671.13
OUT_01717,52.18
OUT_01718,189.52
OUT_01719,61.32
OUT_01720,67.21
OUT_01721,67.41
OUT_01722,73.49
OUT_01723,194.11
OUT_01724,75.12
OUT_01725,1683.58
OUT_01726,53.12
OUT_01727,59.13
OUT_01728,60.16
OUT_01729,64.72
OUT_01730,194.44
OUT_01731,189.42
OUT_01732,214.81
OUT_01733,55.12
OUT_01734,191.89
OUT_01735,652.53
OUT_01736,1665.58
OUT_01737,673.86
OUT_01738,176.78
OUT_01739,186.56
OUT_01740,656.14
OUT_01741,192.15
OUT_01742,189.35
OUT_01743,56.89
OUT_01744,65.35
OUT_01745,60.6
OUT_01746,193.72
OUT_01747,55.09
OUT_01748,67.58
OUT_01749,701.56
OUT_01750,60.99
OUT_01751,64.59
OUT_01752,62.95
OUT_01753,52.03
OUT_01754,198.45
OUT_01755,200.92
OUT_01756,189.96
OUT_01757,689.6
OUT_01758,692.24
OUT_01759,70.96
OUT_01760,1675.82
OUT_01761,73.41
OUT_01762,55.09
OUT_01763,196.21
OUT_01764,57.84
OUT_01765,69.87
OUT_01766,640.03
OUT_01767,677.36
OUT_01768,194.62
OUT_01769,57.93
OUT_01770,192.52
OUT_01771,64.74
OUT_01772,197.5
OUT_01773,72.7
OUT_01774,194.34
OUT_01775,639.12
OUT_01776,60.2
OUT_01777,45.18
OUT_01778,192.3
OUT_01779,70.33
OUT_01780,198.33
OUT_01781,51.21
OUT_01782,1608.34
OUT_01783,72.35
OUT_01784,56.05
OUT_01785,649.79
OUT_01786,68.15
OUT_01787,39.04
OUT_01788,195.82
OUT_01789,49.75
OUT_01790,66.86
OUT_01791,55.65
OUT_01792,67.0
OUT_01793,63.59
OUT_01794,193.24
OUT_01795,200.05
OUT_01796,61.05
OUT_01797,58.57
OUT_01798,189.31
OUT_01799,46.83
OUT_01800,187.03
OUT_01801,667.51
OUT_01802,684.76
OUT_01803,643.4
OUT_01804,190.82
OUT_01805,201.56
OUT_01806,640.85
OUT_01807,72.15
OUT_01808,193.85
OUT_01809,192.76
OUT_01810,47.38
OUT_01811,68.29
OUT_01812,52.77
OUT_01813,189.25
OUT_01814,190.43
OUT_01815,62.7
OUT_01816,67.97
OUT_01817,70.27
OUT_01818,62.84
OUT_01819,54.45
OUT_01820,188.07
OUT_01821,1673.56
OUT_01822,69.6
OUT_01823,61.39
OUT_01824,68.86
OUT_01825,670.94
OUT_01826,696.01
OUT_01827,695.16
OUT_01828,190.86
OUT_01829,64.81
OUT_01830,64.61
OUT_01831,51.38
OUT_01832,56.39
OUT_01833,55.48
OUT_01834,664.64
OUT_01835,644.71
OUT_01836,75.31
OUT_01837,64.69
OUT_01838,193.6
OUT_01839,197.37
OUT_01840,67.09
OUT_01841,1657.89
OUT_01842,186.55
OUT_01843,60.25
OUT_01844,636.19
OUT_01845,71.74
OUT_01846,55.4
OUT_01847,659.13
OUT_01848,198.61
OUT_01849,65.72
OUT_01850,225.26
OUT_01851,677.42
OUT_01852,666.01
OUT_01853,188.3
OUT_01854,657.39
OUT_01855,57.47
OUT_01856,196.68
OUT_01857,57.72
OUT_01858,57.83
OUT_01859,67.49
OUT_01860,193.41
OUT_01861,196.09
OUT_01862,64.6
OUT_01863,189.63
OUT_01864,193.81
OUT_01865,65.36
OUT_01866,62.3
OUT_01867,65.31
OUT_01868,152.4
OUT_01869,1671.59
OUT_01870,60.51
OUT_01871,64.17
OUT_01872,198.55
OUT_01873,195.36
OUT_01874,49.79
OUT_01875,190.75
OUT_01876,197.46
OUT_01877,678.83
OUT_01878,670.84
OUT_01879,1677.95
OUT_01880,188.07
OUT_01881,62.67
OUT_01882,64.66
OUT_01883,62.33
OUT_01884,52.66
OUT_01885,191.75
OUT_01886,56.6
OUT_01887,657.6
OUT_01888,58.88
OUT_01889,193.37
OUT_01890,55.41
OUT_01891,641.95
OUT_01892,188.95
OUT_01893,42.73
OUT_01894,189.69
OUT_01895,65.63
OUT_01896,70.0
OUT_01897,668.73
OUT_01898,192.0
OUT_01899,655.92
OUT_01900,54.15
OUT_01901,1652.17
OUT_01902,56.53
OUT_01903,1689.63
OUT_01904,60.66
OUT_01905,57.27
OUT_01906,1688.81
OUT_01907,643.73
OUT_01908,626.33
OUT_01909,65.63
OUT_01910,61.18
OUT_01911,189.18
OUT_01912,65.3
OUT_01913,206.44
OUT_01914,66.35
OUT_01915,49.67
OUT_01916,63.91
OUT_01917,164.83
OUT_01918,49.67
OUT_01919,59.55
OUT_01920,66.91
OUT_01921,47.41
OUT_01922,60.08
OUT_01923,55.48
OUT_01924,61.49
OUT_01925,658.94
OUT_01926,668.92
OUT_01927,207.69
OUT_01928,669.98
OUT_01929,185.46
OUT_01930,55.04
OUT_01931,62.38
OUT_01932,188.44
OUT_01933,58.91
OUT_01934,61.15
OUT_01935,49.43
OUT_01936,56.46
OUT_01937,1694.49
OUT_01938,189.18
OUT_01939,187.16
OUT_01940,65.21
OUT_01941,200.13
OUT_01942,46.96
OUT_01943,53.05
OUT_01944,1691.28
OUT_01945,61.23
OUT_01946,196.54
OUT_01947,55.09
OUT_01948,199.39
OUT_01949,64.52
OUT_01950,71.29
OUT_01951,639.26
OUT_01952,48.69
OUT_01953,651.68
OUT_01954,198.12
OUT_01955,656.41
OUT_01956,58.17
OUT_01957,65.81
OUT_01958,199.2
OUT_01959,55.72
OUT_01960,55.62
OUT_01961,625.8
OUT_01962,69.15
OUT_01963,650.54
OUT_01964,63.67
OUT_01965,192.43
OUT_01966,64.54
OUT_01967,642.62
OUT_01968,189.39
OUT_01969,64.4
OUT_01970,1538.7
OUT_01971,192.54
OUT_01972,62.88
OUT_01973,61.55
OUT_01974,64.89
OUT_01975,187.74
OUT_01976,193.84
OUT_01977,51.25
OUT_01978,61.28
OUT_01979,196.64
OUT_01980,192.09
OUT_01981,199.63
OUT_01982,702.66
OUT_01983,215.21
OUT_01984,621.32
OUT_01985,668.11
OUT_01986,51.7
OUT_01987,49.18
OUT_01988,193.2
OUT_01989,187.26
OUT_01990,62.28
OUT_01991,631.8
OUT_01992,189.86
OUT_01993,44.21
OUT_01994,193.73
OUT_01995,66.88
OUT_01996,628.76
OUT_01997,672.76
OUT_01998,49.55
OUT_01999,672.36
OUT_02000,193.11
OUT_02001,59.81
OUT_02002,50.94
OUT_02003,60.91
OUT_02004,51.56
OUT_02005,191.68
OUT_02006,193.12
OUT_02007,193.9
OUT_02008,192.22
OUT_02009,178.41
OUT_02010,62.62
OUT_02011,52.14
OUT_02012,196.21
OUT_02013,54.5
OUT_02014,644.93
OUT_02015,62.66
OUT_02016,612.4
OUT_02017,672.16
OUT_02018,194.0
OUT_02019,51.1
OUT_02020,58.15
OUT_02021,55.3
OUT_02022,1630.89
OUT_02023,44.47
OUT_02024,188.86
OUT_02025,1682.03
OUT_02026,200.69
OUT_02027,197.47
OUT_02028,207.93
OUT_02029,194.99
OUT_02030,314.56
OUT_02031,52.13
OUT_02032,193.77
OUT_02033,40.99
OUT_02034,1685.15
OUT_02035,45.94
OUT_02036,48.54
OUT_02037,65.74
OUT_02038,49.65
OUT_02039,81.42
OUT_02040,189.43
OUT_02041,44.91
OUT_02042,61.25
OUT_02043,180.18
OUT_02044,640.4
OUT_02045,193.07
OUT_02046,72.41
OUT_02047,662.07
OUT_02048,70.06
OUT_02049,49.36
OUT_02050,65.42
OUT_02051,195.06
OUT_02052,61.08
OUT_02053,63.01
OUT_02054,657.62
OUT_02055,193.39
OUT_02056,1678.11
OUT_02057,189.61
OUT_02058,671.28
OUT_02059,191.17
OUT_02060,73.4
OUT_02061,56.48
OUT_02062,72.23
OUT_02063,59.9
OUT_02064,47.08
OUT_02065,69.14
OUT_02066,659.02
OUT_02067,64.97
OUT_02068,667.67
OUT_02069,61.15
OUT_02070,48.13
OUT_02071,65.31
OUT_02072,682.74
OUT_02073,1638.66
OUT_02074,64.92
OUT_02075,57.52
OUT_02076,69.73
OUT_02077,70.72
OUT_02078,1678.78
OUT_02079,186.64
OUT_02080,51.06
OUT_02081,59.7
OUT_02082,61.1
OUT_02083,1669.28
OUT_02084,189.23
OUT_02085,681.91
OUT_02086,192.08
OUT_02087,193.33
OUT_02088,638.03
OUT_02089,59.27
OUT_02090,64.83
OUT_02091,49.16
OUT_02092,195.47
OUT_02093,31.34
OUT_02094,640.81
OUT_02095,190.23
OUT_02096,1683.11
OUT_02097,629.91
OUT_02098,184.95
OUT_02099,190.26
OUT_02100,65.23
OUT_02101,49.61
OUT_02102,60.04
OUT_02103,192.71
OUT_02104,217.33
OUT_02105,54.91
OUT_02106,55.2
OUT_02107,56.43
OUT_02108,50.38
OUT_02109,65.97
OUT_02110,69.8
OUT_02111,50.43
OUT_02112,57.92
OUT_02113,194.8
OUT_02114,194.33
OUT_02115,48.01
OUT_02116,55.05
OUT_02117,52.37
OUT_02118,191.99
OUT_02119,190.87
OUT_02120,65.09
OUT_02121,664.65
OUT_02122,51.0
OUT_02123,187.84
OUT_02124,183.65
OUT_02125,48.06
OUT_02126,71.62
OUT_02127,65.54
OUT_02128,664.71
OUT_02129,59.93
OUT_02130,56.46
OUT_02131,629.09
OUT_02132,191.69
OUT_02133,659.22
OUT_02134,193.02
OUT_02135,184.78
OUT_02136,642.62
OUT_02137,192.64
OUT_02138,659.82
OUT_02139,677.97
OUT_02140,56.38
OUT_02141,196.2
OUT_02142,46.08
OUT_02143,194.64
OUT_02144,54.58
OUT_02145,54.39
OUT_02146,643.03
OUT_02147,187.01
OUT_02148,195.24
OUT_02149,64.54
OUT_02150,65.13
OUT_02151,193.39
OUT_02152,1675.74
OUT_02153,62.82
OUT_02154,55.55
OUT_02155,193.54
OUT_02156,65.84
OUT_02157,198.06
OUT_02158,69.59
OUT_02159,49.39
OUT_02160,58.29
OUT_02161,74.17
OUT_02162,191.86
OUT_02163,55.89
OUT_02164,187.61
OUT_02165,41.88
OUT_02166,40.22
OUT_02167,64.97
OUT_02168,64.3
OUT_02169,46.81
OUT_02170,63.28
OUT_02171,48.56
OUT_02172,188.86
OUT_02173,55.25
OUT_02174,69.97
OUT_02175,39.24
OUT_02176,1666.78
OUT_02177,187.9
OUT_02178,56.0
OUT_02179,208.52
OUT_02180,1672.5
OUT_02181,636.17
OUT_02182,65.09
OUT_02183,193.92
OUT_02184,209.57
OUT_02185,193.38
OUT_02186,69.49
OUT_02187,190.17
OUT_02188,65.24
OUT_02189,63.05
OUT_02190,1690.68
OUT_02191,193.96
OUT_02192,197.75
OUT_02193,194.77
OUT_02194,61.44
OUT_02195,54.65
OUT_02196,193.27
OUT_02197,57.48
OUT_02198,69.32
OUT_02199,55.86
OUT_02200,189.84
OUT_02201,652.77
OUT_02202,53.82
OUT_02203,622.98
OUT_02204,188.07
OUT_02205,648.03
OUT_02206,62.3
OUT_02207,641.37
OUT_02208,50.86
OUT_02209,56.73
OUT_02210,61.39
OUT_02211,61.04
OUT_02212,189.12
OUT_02213,51.02
OUT_02214,32.93
OUT_02215,187.76
OUT_02216,198.35
OUT_02217,672.26
OUT_02218,195.04
OUT_02219,189.43
OUT_02220,46.68
OUT_02221,45.21
OUT_02222,64.78
OUT_02223,199.9
OUT_02224,193.61
OUT_02225,57.93
OUT_02226,184.82
OUT_02227,57.45
OUT_02228,193.94
OUT_02229,195.6
OUT_02230,191.97
OUT_02231,61.89
OUT_02232,46.23
OUT_02233,67.56
OUT_02234,194.83
OUT_02235,59.46
OUT_02236,1640.32
OUT_02237,51.31
OUT_02238,683.78
OUT_02239,41.43
OUT_02240,61.04
OUT_02241,62.7
OUT_02242,647.91
OUT_02243,681.88
OUT_02244,197.41
OUT_02245,45.46
OUT_02246,681.38
OUT_02247,52.7
OUT_02248,191.75
OUT_02249,186.61
OUT_02250,60.09
OUT_02251,47.76
OUT_02252,54.63
OUT_02253,196.28
OUT_02254,194.01
OUT_02255,190.25
OUT_02256,51.05
OUT_02257,204.26
OUT_02258,52.11
OUT_02259,61.27
OUT_02260,64.39
OUT_02261,61.27
OUT_02262,51.66
OUT_02263,198.84
OUT_02264,47.79
OUT_02265,75.37
OUT_02266,66.9
OUT_02267,633.51
OUT_02268,56.37
OUT_02269,188.55
OUT_02270,60.17
OUT_02271,44.68
OUT_02272,207.85
OUT_02273,188.59
OUT_02274,45.12
OUT_02275,196.46
OUT_02276,64.08
OUT_02277,195.41
OUT_02278,54.2
OUT_02279,634.08
OUT_02280,193.43
OUT_02281,52.29
OUT_02282,55.44
OUT_02283,64.82
OUT_02284,187.96
OUT_02285,65.52
OUT_02286,611.06
OUT_02287,187.92
OUT_02288,202.26
OUT_02289,64.92
OUT_02290,48.29
OUT_02291,45.68
OUT_02292,57.19
OUT_02293,73.01
OUT_02294,35.6
OUT_02295,192.38
OUT_02296,147.32
OUT_02297,61.41
OUT_02298,680.77
OUT_02299,64.65
OUT_02300,56.48
OUT_02301,627.05
OUT_02302,57.39
OUT_02303,646.7
OUT_02304,189.62
OUT_02305,191.86
OUT_02306,65.94
OUT_02307,67.41
OUT_02308,650.05
OUT_02309,66.98
OUT_02310,679.34
OUT_02311,200.53
OUT_02312,191.53
OUT_02313,192.12
OUT_02314,196.06
OUT_02315,67.91
OUT_02316,64.62
OUT_02317,44.5
OUT_02318,195.98
OUT_02319,55.7
OUT_02320,185.61
OUT_02321,68.17
OUT_02322,1650.66
OUT_02323,66.57
OUT_02324,185.33
OUT_02325,67.62
OUT_02326,53.26
OUT_02327,61.45
OUT_02328,64.06
OUT_02329,62.96
OUT_02330,33.09
OUT_02331,62.79
OUT_02332,191.96
OUT_02333,74.07
OUT_02334,661.25
OUT_02335,60.73
OUT_02336,76.54
OUT_02337,57.93
OUT_02338,64.99
OUT_02339,50.04
OUT_02340,56.8
OUT_02341,187.47
OUT_02342,68.37
OUT_02343,192.49
OUT_02344,673.46
OUT_02345,67.37
OUT_02346,652.47
OUT_02347,192.33
OUT_02348,63.96
OUT_02349,193.61
OUT_02350,191.59
OUT_02351,1677.0
OUT_02352,188.89
OUT_02353,189.68
OUT_02354,193.85
OUT_02355,190.08
OUT_02356,51.01
OUT_02357,57.4
OUT_02358,653.72
OUT_02359,42.02
OUT_02360,49.05
OUT_02361,189.97
OUT_02362,47.31
OUT_02363,64.82
OUT_02364,192.29
OUT_02365,191.13
OUT_02366,49.81
OUT_02367,66.89
OUT_02368,56.84
OUT_02369,626.83
OUT_02370,44.48
OUT_02371,1651.56
OUT_02372,56.65
OUT_02373,1673.65
OUT_02374,204.97
OUT_02375,195.83
OUT_02376,73.26
OUT_02377,60.44
OUT_02378,65.19
OUT_02379,199.8
OUT_02380,56.53
OUT_02381,44.01
OUT_02382,61.24
OUT_02383,1675.36
OUT_02384,202.75
OUT_02385,673.52
OUT_02386,637.24
OUT_02387,661.97
OUT_02388,70.15
OUT_02389,41.6
OUT_02390,199.05
OUT_02391,183.97
OUT_02392,46.09
OUT_02393,53.42
OUT_02394,189.37
OUT_02395,66.56
OUT_02396,199.15
OUT_02397,73.09
OUT_02398,61.36
OUT_02399,668.04
OUT_02400,32.4
OUT_02401,1672.17
OUT_02402,56.53
OUT_02403,53.25
OUT_02404,688.96
OUT_02405,703.23
OUT_02406,49.89
OUT_02407,192.06
OUT_02408,195.86
OUT_02409,192.93
OUT_02410,52.71
OUT_02411,56.46
OUT_02412,60.74
OUT_02413,41.95
OUT_02414,64.65
OUT_02415,635.41
OUT_02416,669.53
OUT_02417,56.84
OUT_02418,638.17
OUT_02419,191.76
OUT_02420,55.44
OUT_02421,55.94
OUT_02422,1675.06
OUT_02423,272.23
OUT_02424,55.65
OUT_02425,190.39
OUT_02426,56.55
OUT_02427,187.53
OUT_02428,194.23
OUT_02429,72.77
OUT_02430,208.66
OUT_02431,1679.56
OUT_02432,56.23
OUT_02433,60.93
OUT_02434,49.94
OUT_02435,64.66
OUT_02436,677.33
OUT_02437,1685.44
OUT_02438,54.51
OUT_02439,200.46
OUT_02440,47.52
OUT_02441,61.48
OUT_02442,189.76
OUT_02443,58.2
OUT_02444,653.98
OUT_02445,217.89
OUT_02446,193.2
OUT_02447,56.29
OUT_02448,52.78
OUT_02449,62.54
OUT_02450,56.67
OUT_02451,197.29
OUT_02452,656.29
OUT_02453,73.23
OUT_02454,195.26
OUT_02455,64.87
OUT_02456,70.18
OUT_02457,192.22
OUT_02458,669.69
OUT_02459,1673.0
OUT_02460,194.69
OUT_02461,74.33
OUT_02462,67.24
OUT_02463,61.45
OUT_02464,57.41
OUT_02465,68.72
OUT_02466,67.4
OUT_02467,56.28
OUT_02468,52.29
OUT_02469,193.17
OUT_02470,194.86
OUT_02471,1677.88
OUT_02472,178.0
OUT_02473,60.31
OUT_02474,48.86
OUT_02475,1653.99
OUT_02476,60.19
OUT_02477,68.15
OUT_02478,58.58
OUT_02479,652.92
OUT_02480,64.61
OUT_02481,61.15
OUT_02482,668.54
OUT_02483,44.97
OUT_02484,193.3
OUT_02485,59.94
OUT_02486,199.5
OUT_02487,50.99
OUT_02488,64.35
OUT_02489,53.3
OUT_02490,189.13
OUT_02491,65.59
OUT_02492,195.83
OUT_02493,69.66
OUT_02494,188.0
OUT_02495,60.75
OUT_02496,196.56
OUT_02497,61.38
OUT_02498,665.73
OUT_02499,64.39
OUT_02500,193.2
OUT_02501,654.62
OUT_02502,239.74
OUT_02503,52.25
OUT_02504,62.53
OUT_02505,55.39
OUT_02506,70.3
OUT_02507,51.17
OUT_02508,67.88
OUT_02509,202.22
OUT_02510,204.45
OUT_02511,317.62
OUT_02512,183.31
OUT_02513,67.63
OUT_02514,658.63
OUT_02515,637.81
OUT_02516,640.18
OUT_02517,214.08
OUT_02518,59.1
OUT_02519,64.65
OUT_02520,193.32
OUT_02521,57.97
OUT_02522,194.57
OUT_02523,196.38
OUT_02524,694.76
OUT_02525,643.19
OUT_02526,63.45
OUT_02527,195.08
OUT_02528,195.19
OUT_02529,65.03
OUT_02530,197.28
OUT_02531,186.62
OUT_02532,63.44
OUT_02533,55.28
OUT_02534,192.72
OUT_02535,64.71
OUT_02536,59.73
OUT_02537,64.84
OUT_02538,628.37
OUT_02539,65.8
OUT_02540,51.21
OUT_02541,633.72
OUT_02542,62.73
OUT_02543,180.74
OUT_02544,193.02
OUT_02545,193.57
OUT_02546,65.35
OUT_02547,54.56
OUT_02548,194.72
OUT_02549,192.9
OUT_02550,66.51
OUT_02551,60.04
OUT_02552,661.02
OUT_02553,59.71
OUT_02554,54.98
OUT_02555,194.48
OUT_02556,64.81
OUT_02557,50.85
OUT_02558,57.72
OUT_02559,64.79
OUT_02560,47.49
OUT_02561,67.36
OUT_02562,61.13
OUT_02563,183.61
OUT_02564,56.82
OUT_02565,191.6
OUT_02566,201.47
OUT_02567,62.5
OUT_02568,184.47
OUT_02569,64.65
OUT_02570,192.62
OUT_02571,188.29
OUT_02572,66.72
OUT_02573,42.01
OUT_02574,194.69
OUT_02575,68.33
OUT_02576,1671.53
OUT_02577,73.29
OUT_02578,640.61
OUT_02579,152.87
OUT_02580,58.26
OUT_02581,190.64
OUT_02582,1656.77
OUT_02583,49.26
OUT_02584,43.38
OUT_02585,67.59
OUT_02586,1662.69
OUT_02587,47.95
OUT_02588,56.91
OUT_02589,47.29
OUT_02590,189.79
OUT_02591,673.77
OUT_02592,196.48
OUT_02593,641.18
OUT_02594,49.26
OUT_02595,73.79
OUT_02596,695.24
OUT_02597,667.77
OUT_02598,630.16
OUT_02599,1669.53
OUT_02600,190.59
OUT_02601,186.84
OUT_02602,61.28
OUT_02603,671.63
OUT_02604,48.32
OUT_02605,193.32
OUT_02606,633.21
OUT_02607,66.67
OUT_02608,190.85
OUT_02609,57.44
OUT_02610,190.35
OUT_02611,196.54
OUT_02612,193.27
OUT_02613,193.24
OUT_02614,55.36
OUT_02615,626.82
OUT_02616,659.67
OUT_02617,1674.79
OUT_02618,55.7
OUT_02619,185.3
OUT_02620,48.66
OUT_02621,186.64
OUT_02622,49.89
OUT_02623,64.64
OUT_02624,46.63
OUT_02625,193.16
OUT_02626,631.31
OUT_02627,48.56
OUT_02628,193.31
OUT_02629,53.15
OUT_02630,58.45
OUT_02631,55.22
OUT_02632,192.04
OUT_02633,63.49
OUT_02634,38.47
OUT_02635,62.64
OUT_02636,1631.21
OUT_02637,72.11
OUT_02638,191.73
OUT_02639,57.1
OUT_02640,186.47
OUT_02641,659.5
OUT_02642,49.29
OUT_02643,662.58
OUT_02644,193.04
OUT_02645,72.04
OUT_02646,64.67
OUT_02647,664.48
OUT_02648,55.69
OUT_02649,66.15
OUT_02650,186.02
OUT_02651,193.39
OUT_02652,62.7
OUT_02653,65.03
OUT_02654,700.53
OUT_02655,64.28
OUT_02656,61.11
OUT_02657,55.25
OUT_02658,52.28
OUT_02659,61.19
OUT_02660,67.17
OUT_02661,188.67
OUT_02662,61.07
OUT_02663,190.06
OUT_02664,706.63
OUT_02665,638.39
OUT_02666,178.37
OUT_02667,46.78
OUT_02668,661.07
OUT_02669,62.36
OUT_02670,49.21
OUT_02671,64.86
OUT_02672,57.27
OUT_02673,64.62
OUT_02674,44.1
OUT_02675,67.54
OUT_02676,192.06
OUT_02677,61.3
OUT_02678,64.65
OUT_02679,70.24
OUT_02680,57.22
OUT_02681,62.47
OUT_02682,61.36
OUT_02683,65.82
OUT_02684,629.85
OUT_02685,50.18
OUT_02686,188.46
OUT_02687,66.85
OUT_02688,205.74
OUT_02689,56.59
OUT_02690,195.46
OUT_02691,663.81
OUT_02692,191.96
OUT_02693,53.36
OUT_02694,60.95
OUT_02695,55.05
OUT_02696,203.61
OUT_02697,189.63
OUT_02698,188.55
OUT_02699,191.54
OUT_02700,44.84
OUT_02701,623.86
OUT_02702,64.76
OUT_02703,194.18
OUT_02704,45.46
OUT_02705,49.56
OUT_02706,67.6
OUT_02707,62.71
OUT_02708,71.61
OUT_02709,46.86
OUT_02710,204.23
OUT_02711,53.53
OUT_02712,46.94
OUT_02713,76.73
OUT_02714,195.38
OUT_02715,61.63
OUT_02716,55.5
OUT_02717,636.05
OUT_02718,63.29
OUT_02719,51.08
OUT_02720,37.95
OUT_02721,1653.31
OUT_02722,195.46
OUT_02723,59.88
OUT_02724,55.38
OUT_02725,56.12
OUT_02726,61.46
OUT_02727,62.18
OUT_02728,655.03
OUT_02729,51.03
OUT_02730,57.87
OUT_02731,193.67
OUT_02732,64.58
OUT_02733,72.84
OUT_02734,629.91
OUT_02735,51.89
OUT_02736,190.83
OUT_02737,195.84
OUT_02738,49.82
OUT_02739,191.94
OUT_02740,194.34
OUT_02741,49.9
OUT_02742,63.31
OUT_02743,59.57
OUT_02744,191.64
OUT_02745,67.23
OUT_02746,194.22
OUT_02747,63.56
OUT_02748,59.85
OUT_02749,56.3
OUT_02750,69.71
OUT_02751,670.09
OUT_02752,61.08
OUT_02753,192.17
OUT_02754,65.0
OUT_02755,1631.18
OUT_02756,60.73
OUT_02757,65.18
OUT_02758,1687.32
OUT_02759,59.66
OUT_02760,643.05
OUT_02761,64.24
OUT_02762,67.78
OUT_02763,64.52
OUT_02764,68.12
OUT_02765,629.7
OUT_02766,183.86
OUT_02767,194.33
OUT_02768,57.92
OUT_02769,65.54
OUT_02770,193.85
OUT_02771,64.99
OUT_02772,61.09
OUT_02773,184.49
OUT_02774,189.84
OUT_02775,203.53
OUT_02776,685.06
OUT_02777,65.6
OUT_02778,56.61
OUT_02779,68.34
OUT_02780,192.56
OUT_02781,194.72
OUT_02782,687.13
OUT_02783,1726.32
OUT_02784,193.09
OUT_02785,47.44
OUT_02786,64.58
OUT_02787,60.43
OUT_02788,206.27
OUT_02789,56.28
OUT_02790,49.69
OUT_02791,183.11
OUT_02792,644.41
OUT_02793,192.35
OUT_02794,67.28
OUT_02795,62.71
OUT_02796,44.57
OUT_02797,193.49
OUT_02798,194.02
OUT_02799,60.32
OUT_02800,200.52
OUT_02801,46.93
OUT_02802,59.78
OUT_02803,50.83
OUT_02804,53.92
OUT_02805,38.9
OUT_02806,174.07
OUT_02807,210.49
OUT_02808,275.0
OUT_02809,64.7
OUT_02810,193.02
OUT_02811,73.72
OUT_02812,58.08
OUT_02813,57.37
OUT_02814,61.45
OUT_02815,41.98
OUT_02816,71.75
OUT_02817,186.45
OUT_02818,191.25
OUT_02819,192.35
OUT_02820,654.78
OUT_02821,192.7
OUT_02822,67.78
OUT_02823,54.46
OUT_02824,188.06
OUT_02825,31.68
OUT_02826,96.69
OUT_02827,193.34
OUT_02828,57.95
OUT_02829,666.47
OUT_02830,193.18
OUT_02831,57.65
OUT_02832,628.69
OUT_02833,212.24
OUT_02834,192.31
OUT_02835,52.66
OUT_02836,1706.02
OUT_02837,66.68
OUT_02838,187.53
OUT_02839,65.73
OUT_02840,631.14
OUT_02841,1683.8
OUT_02842,202.08
OUT_02843,48.71
OUT_02844,52.97
OUT_02845,65.65
OUT_02846,193.36
OUT_02847,40.07
OUT_02848,31.61
OUT_02849,197.5
OUT_02850,54.42
OUT_02851,36.77
OUT_02852,195.07
OUT_02853,194.46
OUT_02854,1670.73
OUT_02855,57.1
OUT_02856,53.73
OUT_02857,192.54
OUT_02858,665.07
OUT_02859,61.26
OUT_02860,1692.57
OUT_02861,61.01
OUT_02862,49.63
OUT_02863,186.88
OUT_02864,195.13
OUT_02865,1682.96
OUT_02866,68.57
OUT_02867,64.62
OUT_02868,39.44
OUT_02869,56.69
OUT_02870,72.15
OUT_02871,66.62
OUT_02872,72.12
OUT_02873,198.28
OUT_02874,194.41
OUT_02875,192.27
OUT_02876,185.84
OUT_02877,57.17
OUT_02878,223.05
OUT_02879,47.36
OUT_02880,63.03
OUT_02881,68.97
OUT_02882,57.69
OUT_02883,1618.85
OUT_02884,43.1
OUT_02885,64.35
OUT_02886,51.53
OUT_02887,192.58
OUT_02888,53.74
OUT_02889,65.57
OUT_02890,686.65
OUT_02891,60.43
OUT_02892,1678.84
OUT_02893,68.16
OUT_02894,54.01
OUT_02895,646.95
OUT_02896,661.85
OUT_02897,201.43
OUT_02898,58.04
OUT_02899,51.51
OUT_02900,187.26
OUT_02901,201.38
OUT_02902,197.4
OUT_02903,55.63
OUT_02904,61.79
OUT_02905,56.8
OUT_02906,673.99
OUT_02907,54.87
OUT_02908,63.31
OUT_02909,208.26
OUT_02910,195.12
OUT_02911,1639.14
OUT_02912,54.06
OUT_02913,194.92
OUT_02914,54.81
OUT_02915,60.63
OUT_02916,44.51
OUT_02917,61.19
OUT_02918,59.75
OUT_02919,650.45
OUT_02920,184.79
OUT_02921,55.15
OUT_02922,635.35
OUT_02923,191.89
OUT_02924,192.98
OUT_02925,187.67
OUT_02926,59.63
OUT_02927,59.75
OUT_02928,48.51
OUT_02929,65.05
OUT_02930,703.58
OUT_02931,44.52
OUT_02932,180.18
OUT_02933,60.23
OUT_02934,54.89
OUT_02935,62.82
OUT_02936,1704.44
OUT_02937,49.77
OUT_02938,56.41
OUT_02939,193.83
OUT_02940,67.05
OUT_02941,1673.04
OUT_02942,66.89
OUT_02943,65.31
OUT_02944,56.56
OUT_02945,53.76
OUT_02946,52.26
OUT_02947,68.37
OUT_02948,52.59
OUT_02949,210.87
OUT_02950,1703.4
OUT_02951,55.18
OUT_02952,192.38
OUT_02953,192.35
OUT_02954,194.96
OUT_02955,65.63
OUT_02956,681.83
OUT_02957,45.66
OUT_02958,200.5
OUT_02959,193.93
OUT_02960,167.6
OUT_02961,56.75
OUT_02962,1703.81
OUT_02963,289.87
OUT_02964,1662.99
OUT_02965,59.99
OUT_02966,616.83
OUT_02967,49.02
OUT_02968,68.01
OUT_02969,678.29
OUT_02970,652.14
OUT_02971,193.38
OUT_02972,225.13
OUT_02973,194.83
OUT_02974,640.52
OUT_02975,55.48
OUT_02976,55.7
OUT_02977,194.82
OUT_02978,198.96
OUT_02979,51.35
OUT_02980,65.14
OUT_02981,55.91
OUT_02982,57.8
OUT_02983,194.65
OUT_02984,89.76
OUT_02985,191.73
OUT_02986,187.18
OUT_02987,47.09
OUT_02988,55.95
OUT_02989,190.03
OUT_02990,194.0
OUT_02991,48.93
OUT_02992,67.74
OUT_02993,193.85
OUT_02994,648.08
OUT_02995,65.95
OUT_02996,650.29
OUT_02997,660.8
OUT_02998,64.89
OUT_02999,47.16
OUT_03000,195.8
OUT_03001,189.67
OUT_03002,431.07
OUT_03003,61.39
OUT_03004,667.08
OUT_03005,57.57
OUT_03006,190.99
OUT_03007,65.05
OUT_03008,62.98
OUT_03009,193.95
OUT_03010,61.08
OUT_03011,56.49
OUT_03012,66.06
OUT_03013,197.58
OUT_03014,207.67
OUT_03015,182.53
OUT_03016,55.07
OUT_03017,176.07
OUT_03018,652.81
OUT_03019,202.77
OUT_03020,1650.27
OUT_03021,661.03
OUT_03022,67.87
OUT_03023,67.24
OUT_03024,191.21
OUT_03025,67.75
OUT_03026,36.73
OUT_03027,59.95
OUT_03028,190.76
OUT_03029,57.94
OUT_03030,64.57
OUT_03031,189.01
OUT_03032,62.41
OUT_03033,68.87
OUT_03034,65.86
OUT_03035,68.26
OUT_03036,670.12
OUT_03037,1642.84
OUT_03038,646.14
OUT_03039,190.34
OUT_03040,653.76
OUT_03041,188.83
OUT_03042,54.16
OUT_03043,193.55
OUT_03044,47.22
OUT_03045,68.81
OUT_03046,63.04
OUT_03047,61.05
OUT_03048,194.86
OUT_03049,54.25
OUT_03050,58.13
OUT_03051,72.77
OUT_03052,630.79
OUT_03053,414.23
OUT_03054,60.46
OUT_03055,194.73
OUT_03056,638.91
OUT_03057,72.77
OUT_03058,48.17
OUT_03059,193.49
OUT_03060,67.3
OUT_03061,699.4
OUT_03062,57.86
OUT_03063,63.12
OUT_03064,1683.33
OUT_03065,1653.31
OUT_03066,54.17
OUT_03067,70.5
OUT_03068,43.77
OUT_03069,180.95
OUT_03070,699.13
OUT_03071,67.55
OUT_03072,193.05
OUT_03073,62.76
OUT_03074,197.41
OUT_03075,1712.16
OUT_03076,197.12
OUT_03077,1674.64
OUT_03078,1658.02
OUT_03079,42.75
OUT_03080,57.81
OUT_03081,196.74
OUT_03082,75.28
OUT_03083,67.61
OUT_03084,614.14
OUT_03085,46.98
OUT_03086,46.67
OUT_03087,59.38
OUT_03088,631.4
OUT_03089,187.28
OUT_03090,195.39
OUT_03091,56.14
OUT_03092,44.07
OUT_03093,671.54
OUT_03094,68.11
OUT_03095,62.42
OUT_03096,61.15
OUT_03097,687.87
OUT_03098,64.98
OUT_03099,644.47
OUT_03100,59.77
OUT_03101,55.84
OUT_03102,195.27
OUT_03103,188.29
OUT_03104,62.63
OUT_03105,47.63
OUT_03106,48.2
OUT_03107,45.6
OUT_03108,49.78
OUT_03109,57.46
OUT_03110,60.92
OUT_03111,60.64
OUT_03112,191.21
OUT_03113,194.12
OUT_03114,53.43
OUT_03115,66.37
OUT_03116,189.88
OUT_03117,55.49
OUT_03118,60.14
OUT_03119,62.41
OUT_03120,55.69
OUT_03121,31.52
OUT_03122,56.74
OUT_03123,55.08
OUT_03124,64.22
OUT_03125,191.42
OUT_03126,52.56
OUT_03127,61.09
OUT_03128,42.27
OUT_03129,651.26
OUT_03130,59.55
OUT_03131,1648.97
OUT_03132,73.41
OUT_03133,64.92
OUT_03134,656.88
OUT_03135,61.0
OUT_03136,193.59
OUT_03137,56.53
OUT_03138,54.13
OUT_03139,189.31
OUT_03140,59.91
OUT_03141,67.14
OUT_03142,191.75
OUT_03143,62.89
OUT_03144,69.96
OUT_03145,49.26
OUT_03146,195.21
OUT_03147,203.2
OUT_03148,1666.38
OUT_03149,55.26
OUT_03150,196.38
OUT_03151,45.65
OUT_03152,61.92
OUT_03153,213.76
OUT_03154,633.14
OUT_03155,193.94
OUT_03156,187.98
OUT_03157,644.85
OUT_03158,63.58
OUT_03159,47.78
OUT_03160,190.2
OUT_03161,187.42
OUT_03162,72.25
OUT_03163,64.7
OUT_03164,657.54
OUT_03165,208.65
OUT_03166,65.94
OUT_03167,1669.33
OUT_03168,64.28
OUT_03169,46.25
OUT_03170,192.15
OUT_03171,188.28
OUT_03172,39.81
OUT_03173,67.69
OUT_03174,70.23
OUT_03175,193.18
OUT_03176,55.14
OUT_03177,65.84
OUT_03178,48.0
OUT_03179,201.68
OUT_03180,55.84
OUT_03181,69.46
OUT_03182,52.44
OUT_03183,657.26
OUT_03184,195.13
OUT_03185,63.38
OUT_03186,196.98
OUT_03187,66.18
OUT_03188,51.11
OUT_03189,194.41
OUT_03190,64.98
OUT_03191,669.51
OUT_03192,50.58
OUT_03193,54.67
OUT_03194,186.09
OUT_03195,56.07
OUT_03196,192.88
OUT_03197,61.29
OUT_03198,64.53
OUT_03199,192.26
OUT_03200,192.74
OUT_03201,185.69
OUT_03202,64.6
OUT_03203,63.06
OUT_03204,191.98
OUT_03205,61.52
OUT_03206,195.33
OUT_03207,54.3
OUT_03208,1615.34
OUT_03209,62.41
OUT_03210,67.08
OUT_03211,189.72
OUT_03212,61.13
OUT_03213,186.29
OUT_03214,197.29
OUT_03215,193.48
OUT_03216,60.18
OUT_03217,197.85
OUT_03218,194.02
OUT_03219,72.41
OUT_03220,193.62
OUT_03221,188.62
OUT_03222,194.87
OUT_03223,59.94
OUT_03224,195.01
OUT_03225,41.15
OUT_03226,51.62
OUT_03227,188.53
OUT_03228,1159.76
OUT_03229,1714.16
OUT_03230,47.44
OUT_03231,189.53
OUT_03232,40.84
OUT_03233,651.22
OUT_03234,187.06
OUT_03235,72.13
OUT_03236,55.49
OUT_03237,52.07
OUT_03238,61.4
OUT_03239,61.63
OUT_03240,192.19
OUT_03241,54.31
OUT_03242,649.83
OUT_03243,44.21
OUT_03244,55.48
OUT_03245,191.29
OUT_03246,62.68
OUT_03247,65.78
OUT_03248,368.74
OUT_03249,70.53
OUT_03250,62.84
OUT_03251,649.84
OUT_03252,656.19
OUT_03253,66.01
OUT_03254,54.15
OUT_03255,208.37
OUT_03256,194.26
OUT_03257,61.23
OUT_03258,184.66
OUT_03259,205.21
OUT_03260,648.83
OUT_03261,55.58
OUT_03262,188.6
OUT_03263,58.09
OUT_03264,1651.92
OUT_03265,208.67
OUT_03266,54.37
OUT_03267,62.81
OUT_03268,188.2
OUT_03269,190.15
OUT_03270,58.26
OUT_03271,658.52
OUT_03272,187.77
OUT_03273,634.46
OUT_03274,1662.14
OUT_03275,60.22
OUT_03276,46.22
OUT_03277,64.76
OUT_03278,58.6
OUT_03279,63.47
OUT_03280,71.93
OUT_03281,1620.48
OUT_03282,184.95
OUT_03283,631.82
OUT_03284,61.13
OUT_03285,46.53
OUT_03286,67.52
OUT_03287,1562.81
OUT_03288,190.02
OUT_03289,65.98
OUT_03290,63.88
OUT_03291,66.75
OUT_03292,48.02
OUT_03293,187.58
OUT_03294,69.8
OUT_03295,56.8
OUT_03296,1651.32
OUT_03297,652.47
OUT_03298,56.7
OUT_03299,187.25
OUT_03300,192.27
OUT_03301,193.57
OUT_03302,638.55
OUT_03303,68.31
OUT_03304,63.41
OUT_03305,58.1
OUT_03306,66.75
OUT_03307,69.95
OUT_03308,201.01
OUT_03309,56.21
OUT_03310,48.35
OUT_03311,57.67
OUT_03312,675.64
OUT_03313,62.12
OUT_03314,62.99
OUT_03315,1680.13
OUT_03316,675.52
OUT_03317,48.3
OUT_03318,71.94
OUT_03319,195.02
OUT_03320,52.49
OUT_03321,190.79
OUT_03322,200.04
OUT_03323,196.83
OUT_03324,654.75
OUT_03325,1690.51
OUT_03326,70.06
OUT_03327,650.98
OUT_03328,723.37
OUT_03329,187.75
OUT_03330,1644.99
OUT_03331,64.91
OUT_03332,53.27
OUT_03333,662.18
OUT_03334,645.94
OUT_03335,210.01
OUT_03336,197.78
OUT_03337,196.24
OUT_03338,62.53
OUT_03339,59.61
OUT_03340,187.8
OUT_03341,634.36
OUT_03342,60.42
OUT_03343,62.97
OUT_03344,647.64
OUT_03345,656.14
OUT_03346,1637.08
OUT_03347,67.52
OUT_03348,54.08
OUT_03349,194.87
OUT_03350,192.89
OUT_03351,65.66
OUT_03352,194.58
OUT_03353,1697.0
OUT_03354,62.26
OUT_03355,45.12
OUT_03356,51.1
OUT_03357,193.68
OUT_03358,1699.9
OUT_03359,670.86
OUT_03360,56.47
OUT_03361,192.19
OUT_03362,66.31
OUT_03363,71.28
OUT_03364,61.08
OUT_03365,65.57
OUT_03366,189.22
OUT_03367,198.89
OUT_03368,668.34
OUT_03369,48.48
OUT_03370,204.61
OUT_03371,189.18
OUT_03372,62.77
OUT_03373,206.55
OUT_03374,57.4
OUT_03375,66.95
OUT_03376,53.75
OUT_03377,194.23
OUT_03378,48.58
OUT_03379,193.0
OUT_03380,46.42
OUT_03381,1659.1
OUT_03382,61.35
OUT_03383,645.23
OUT_03384,63.25
OUT_03385,55.16
OUT_03386,72.51
OUT_03387,628.54
OUT_03388,621.68
OUT_03389,50.3
OUT_03390,65.42
OUT_03391,679.35
OUT_03392,65.61
OUT_03393,195.3
OUT_03394,75.26
OUT_03395,640.83
OUT_03396,181.05
OUT_03397,60.34
OUT_03398,57.6
OUT_03399,62.61
OUT_03400,194.13
OUT_03401,190.32
OUT_03402,1607.89
OUT_03403,59.88
OUT_03404,64.64
OUT_03405,59.18
OUT_03406,670.11
OUT_03407,191.8
OUT_03408,56.39
OUT_03409,191.87
OUT_03410,56.23
OUT_03411,1674.03
OUT_03412,45.09
OUT_03413,639.24
OUT_03414,656.07
OUT_03415,1681.32
OUT_03416,58.0
OUT_03417,75.55
OUT_03418,653.44
OUT_03419,62.54
OUT_03420,69.5
OUT_03421,54.59
OUT_03422,58.22
OUT_03423,639.78
OUT_03424,663.17
OUT_03425,194.59
OUT_03426,62.84
OUT_03427,166.2
OUT_03428,64.47
OUT_03429,53.27
OUT_03430,190.89
OUT_03431,59.08
OUT_03432,48.66
OUT_03433,64.94
OUT_03434,192.64
OUT_03435,52.78
OUT_03436,656.53
OUT_03437,45.16
OUT_03438,193.03
OUT_03439,189.64
OUT_03440,47.18
OUT_03441,54.22
OUT_03442,193.61
OUT_03443,676.49
OUT_03444,674.05
OUT_03445,187.54
OUT_03446,663.02
OUT_03447,72.25
OUT_03448,186.31
OUT_03449,50.12
OUT_03450,271.1
OUT_03451,650.34
OUT_03452,64.59
OUT_03453,193.61
OUT_03454,38.06
OUT_03455,62.53
OUT_03456,61.31
OUT_03457,194.08
OUT_03458,1665.39
OUT_03459,68.18
OUT_03460,64.84
OUT_03461,67.29
OUT_03462,63.32
OUT_03463,59.12
OUT_03464,62.79
OUT_03465,204.25
OUT_03466,201.4
OUT_03467,671.55
OUT_03468,221.16
OUT_03469,52.72
OUT_03470,58.3
OUT_03471,51.38
OUT_03472,65.03
OUT_03473,60.58
OUT_03474,72.56
OUT_03475,65.84
OUT_03476,194.33
OUT_03477,192.55
OUT_03478,56.78
OUT_03479,72.58
OUT_03480,194.56
OUT_03481,51.52
OUT_03482,623.16
OUT_03483,63.26
OUT_03484,1695.08
OUT_03485,63.52
OUT_03486,62.63
OUT_03487,61.52
OUT_03488,46.28
OUT_03489,192.47
OUT_03490,66.21
OUT_03491,193.76
OUT_03492,702.58
OUT_03493,1717.18
OUT_03494,190.27
OUT_03495,55.25
OUT_03496,51.43
OUT_03497,194.54
OUT_03498,187.87
OUT_03499,189.7
OUT_03500,55.47
OUT_03501,193.99
OUT_03502,65.45
OUT_03503,198.27
OUT_03504,55.74
OUT_03505,228.67
OUT_03506,198.14
OUT_03507,62.86
OUT_03508,642.64
OUT_03509,58.03
OUT_03510,49.35
OUT_03511,52.45
OUT_03512,41.91
OUT_03513,655.57
OUT_03514,49.64
OUT_03515,65.55
OUT_03516,55.34
OUT_03517,66.88
OUT_03518,193.47
OUT_03519,672.98
OUT_03520,55.32
OUT_03521,190.97
OUT_03522,75.88
OUT_03523,52.51
OUT_03524,206.15
OUT_03525,46.33
OUT_03526,55.71
OUT_03527,37.02
OUT_03528,57.81
OUT_03529,194.05
OUT_03530,46.53
OUT_03531,189.47
OUT_03532,49.54
OUT_03533,680.41
OUT_03534,198.83
OUT_03535,62.51
OUT_03536,52.24
OUT_03537,193.5
OUT_03538,61.05
OUT_03539,51.44
OUT_03540,53.29
OUT_03541,191.76
OUT_03542,196.27
OUT_03543,64.11
OUT_03544,59.87
OUT_03545,196.29
OUT_03546,62.45
OUT_03547,192.39
OUT_03548,55.05
OUT_03549,1676.54
OUT_03550,190.85
OUT_03551,659.07
OUT_03552,184.64
OUT_03553,60.13
OUT_03554,206.7
OUT_03555,638.42
OUT_03556,1570.58
OUT_03557,66.96
OUT_03558,198.29
OUT_03559,1649.24
OUT_03560,189.92
OUT_03561,186.49
OUT_03562,63.8
OUT_03563,207.1
OUT_03564,198.88
OUT_03565,193.46
OUT_03566,64.42
OUT_03567,188.82
OUT_03568,53.04
OUT_03569,651.78
OUT_03570,1676.66
OUT_03571,672.34
OUT_03572,643.86
OUT_03573,70.54
OUT_03574,196.19
OUT_03575,673.28
OUT_03576,55.18
OUT_03577,1648.11
OUT_03578,200.44
OUT_03579,680.09
OUT_03580,61.5
OUT_03581,67.17
OUT_03582,195.85
OUT_03583,69.39
OUT_03584,65.24
OUT_03585,51.29
OUT_03586,64.41
OUT_03587,210.53
OUT_03588,61.94
OUT_03589,56.86
OUT_03590,58.1
OUT_03591,1640.94
OUT_03592,59.8
OUT_03593,70.16
OUT_03594,191.21
OUT_03595,187.53
OUT_03596,195.46
OUT_03597,672.05
OUT_03598,670.32
OUT_03599,64.91
OUT_03600,61.18
OUT_03601,191.22
OUT_03602,192.64
OUT_03603,43.97
OUT_03604,194.48
OUT_03605,70.1
OUT_03606,714.02
OUT_03607,191.88
OUT_03608,83.59
OUT_03609,64.67
OUT_03610,69.65
OUT_03611,62.15
OUT_03612,39.98
OUT_03613,48.25
OUT_03614,64.6
OUT_03615,674.77
OUT_03616,663.09
OUT_03617,70.3
OUT_03618,70.55
OUT_03619,194.25
OUT_03620,222.07
OUT_03621,51.53
OUT_03622,643.41
OUT_03623,193.39
OUT_03624,57.83
OUT_03625,56.49
OUT_03626,62.47
OUT_03627,49.47
OUT_03628,55.46
OUT_03629,658.59
OUT_03630,214.56
OUT_03631,667.14
OUT_03632,67.4
OUT_03633,56.77
OUT_03634,639.38
OUT_03635,1687.83
OUT_03636,59.42
OUT_03637,194.06
OUT_03638,55.88
OUT_03639,45.25
OUT_03640,66.32
OUT_03641,195.66
OUT_03642,63.9
OUT_03643,189.12
OUT_03644,673.12
OUT_03645,193.14
OUT_03646,50.43
OUT_03647,65.11
OUT_03648,192.99
OUT_03649,185.5
OUT_03650,62.82
OUT_03651,648.06
OUT_03652,62.3
OUT_03653,1671.66
OUT_03654,67.04
OUT_03655,188.16
OUT_03656,52.69
OUT_03657,59.89
OUT_03658,56.57
OUT_03659,53.64
OUT_03660,62.39
OUT_03661,61.44
OUT_03662,40.87
OUT_03663,191.77
OUT_03664,184.38
OUT_03665,683.44
OUT_03666,60.05
OUT_03667,701.9
OUT_03668,194.67
OUT_03669,688.35
OUT_03670,69.68
OUT_03671,191.13
OUT_03672,60.27
OUT_03673,64.54
OUT_03674,191.14
OUT_03675,85.4
OUT_03676,1712.77
OUT_03677,57.45
OUT_03678,184.46
OUT_03679,53.2
OUT_03680,1679.32
OUT_03681,45.47
OUT_03682,46.23
OUT_03683,49.55
OUT_03684,60.36
OUT_03685,64.6
OUT_03686,1689.56
OUT_03687,38.29
OUT_03688,56.6
OUT_03689,57.69
OUT_03690,79.4
OUT_03691,62.72
OUT_03692,51.23
OUT_03693,59.85
OUT_03694,54.76
OUT_03695,192.85
OUT_03696,62.73
OUT_03697,185.95
OUT_03698,185.71
OUT_03699,679.91
OUT_03700,181.03
OUT_03701,647.2
OUT_03702,64.52
OUT_03703,194.71
OUT_03704,193.67
OUT_03705,52.99
OUT_03706,52.91
OUT_03707,43.21
OUT_03708,51.08
OUT_03709,661.56
OUT_03710,191.27
OUT_03711,63.17
OUT_03712,58.44
OUT_03713,62.84
OUT_03714,193.37
OUT_03715,191.55
OUT_03716,63.48
OUT_03717,32.03
OUT_03718,192.57
OUT_03719,1709.01
OUT_03720,64.61
OUT_03721,189.24
OUT_03722,56.49
OUT_03723,694.01
OUT_03724,1584.15
OUT_03725,66.04
OUT_03726,192.89
OUT_03727,54.19
OUT_03728,61.19
OUT_03729,212.57
OUT_03730,190.91
OUT_03731,192.96
OUT_03732,56.96
OUT_03733,49.53
OUT_03734,183.18
OUT_03735,191.02
OUT_03736,207.05
OUT_03737,67.17
OUT_03738,186.67
OUT_03739,671.05
OUT_03740,56.38
OUT_03741,1673.79
OUT_03742,64.1
OUT_03743,195.55
OUT_03744,66.78
OUT_03745,57.5
OUT_03746,185.06
OUT_03747,56.1
OUT_03748,189.46
OUT_03749,68.01
OUT_03750,70.47
OUT_03751,65.43
OUT_03752,65.83
OUT_03753,57.64
OUT_03754,633.76
OUT_03755,70.36
OUT_03756,192.7
OUT_03757,1670.98
OUT_03758,62.54
OUT_03759,63.45
OUT_03760,193.63
OUT_03761,55.58
OUT_03762,192.1
OUT_03763,62.47
OUT_03764,630.76
OUT_03765,42.64
OUT_03766,1666.62
OUT_03767,195.41
OUT_03768,73.14
OUT_03769,194.79
OUT_03770,185.04
OUT_03771,189.48
OUT_03772,638.46
OUT_03773,680.1
OUT_03774,44.56
OUT_03775,62.02
OUT_03776,51.16
OUT_03777,67.48
OUT_03778,31.65
OUT_03779,55.43
OUT_03780,77.36
OUT_03781,191.86
OUT_03782,190.56
OUT_03783,62.29
OUT_03784,53.86
OUT_03785,52.69
OUT_03786,1680.96
OUT_03787,184.95
OUT_03788,61.33
OUT_03789,193.87
OUT_03790,62.08
OUT_03791,642.12
OUT_03792,177.6
OUT_03793,64.62
OUT_03794,74.58
OUT_03795,186.58
OUT_03796,663.58
OUT_03797,64.43
OUT_03798,198.81
OUT_03799,191.09
OUT_03800,673.26
OUT_03801,204.64
OUT_03802,191.29
OUT_03803,667.47
OUT_03804,195.72
OUT_03805,66.28
OUT_03806,64.96
OUT_03807,62.51
OUT_03808,75.99
OUT_03809,66.85
OUT_03810,71.46
OUT_03811,60.3
OUT_03812,50.65
OUT_03813,57.07
OUT_03814,1649.02
OUT_03815,643.24
OUT_03816,49.62
OUT_03817,50.28
OUT_03818,73.04
OUT_03819,188.33
OUT_03820,67.29
OUT_03821,62.19
OUT_03822,56.8
OUT_03823,186.84
OUT_03824,671.01
OUT_03825,190.09
OUT_03826,62.79
OUT_03827,55.01
OUT_03828,631.37
OUT_03829,1678.17
OUT_03830,63.33
OUT_03831,194.85
OUT_03832,186.33
OUT_03833,625.79
OUT_03834,61.04
OUT_03835,56.51
OUT_03836,57.8
OUT_03837,67.85
OUT_03838,65.84
OUT_03839,56.24
OUT_03840,670.77
OUT_03841,636.48
OUT_03842,183.84
OUT_03843,216.72
OUT_03844,661.04
OUT_03845,64.95
OUT_03846,191.87
OUT_03847,709.55
OUT_03848,203.16
OUT_03849,681.87
OUT_03850,652.74
OUT_03851,37.82
OUT_03852,54.8
OUT_03853,185.82
OUT_03854,106.16
OUT_03855,57.03
OUT_03856,191.57
OUT_03857,64.75
OUT_03858,62.98
OUT_03859,61.06
OUT_03860,198.12
OUT_03861,685.05
OUT_03862,69.02
OUT_03863,655.67
OUT_03864,635.02
OUT_03865,60.67
OUT_03866,1650.31
OUT_03867,64.22
OUT_03868,56.57
OUT_03869,180.47
OUT_03870,53.02
OUT_03871,60.74
OUT_03872,52.48
OUT_03873,193.65
OUT_03874,63.3
OUT_03875,187.84
OUT_03876,657.94
OUT_03877,205.06
OUT_03878,642.75
OUT_03879,73.1
OUT_03880,51.62
OUT_03881,59.97
OUT_03882,60.34
OUT_03883,66.8
OUT_03884,62.12
OUT_03885,1662.89
OUT_03886,234.15
OUT_03887,63.07
OUT_03888,67.42
OUT_03889,202.51
OUT_03890,683.47
OUT_03891,186.3
OUT_03892,72.47
OUT_03893,636.68
OUT_03894,54.74
OUT_03895,655.45
OUT_03896,64.91
OUT_03897,191.83
OUT_03898,200.38
OUT_03899,192.23
OUT_03900,675.56
OUT_03901,68.41
OUT_03902,652.65
OUT_03903,65.62
OUT_03904,51.13
OUT_03905,190.07
OUT_03906,652.37
OUT_03907,193.1
OUT_03908,70.61
OUT_03909,189.06
OUT_03910,647.36
OUT_03911,1704.81
OUT_03912,65.79
OUT_03913,42.25
OUT_03914,56.89
OUT_03915,64.61
OUT_03916,694.05
OUT_03917,56.47
OUT_03918,661.44
OUT_03919,69.26
OUT_03920,660.43
OUT_03921,64.78
OUT_03922,193.9
OUT_03923,1674.56
OUT_03924,80.28
OUT_03925,66.92
OUT_03926,649.24
OUT_03927,643.94
OUT_03928,1666.81
OUT_03929,58.77
OUT_03930,190.91
OUT_03931,193.06
OUT_03932,195.65
OUT_03933,60.95
OUT_03934,196.42
OUT_03935,185.42
OUT_03936,59.84
OUT_03937,189.45
OUT_03938,43.21
OUT_03939,663.97
OUT_03940,187.03
OUT_03941,58.05
OUT_03942,197.8
OUT_03943,47.58
OUT_03944,1675.06
OUT_03945,62.39
OUT_03946,67.34
OUT_03947,193.2
OUT_03948,61.14
OUT_03949,67.58
OUT_03950,57.73
OUT_03951,44.61
OUT_03952,64.79
OUT_03953,188.65
OUT_03954,1667.73
OUT_03955,215.9
OUT_03956,58.67
OUT_03957,1617.48
OUT_03958,192.95
OUT_03959,1671.28
OUT_03960,665.07
OUT_03961,67.25
OUT_03962,52.54
OUT_03963,195.67
OUT_03964,189.43
OUT_03965,670.6
OUT_03966,61.02
OUT_03967,1671.63
OUT_03968,64.56
OUT_03969,57.59
OUT_03970,54.13
OUT_03971,53.14
OUT_03972,637.36
OUT_03973,60.67
OUT_03974,194.38
OUT_03975,300.87
OUT_03976,47.99
OUT_03977,58.89
OUT_03978,67.94
OUT_03979,185.14
OUT_03980,673.39
OUT_03981,206.52
OUT_03982,655.49
OUT_03983,1669.76
OUT_03984,61.24
OUT_03985,395.43
OUT_03986,691.67
OUT_03987,55.61
OUT_03988,634.99
OUT_03989,66.97
OUT_03990,61.08
OUT_03991,656.26
OUT_03992,196.66
OUT_03993,199.05
OUT_03994,658.19
OUT_03995,70.48
OUT_03996,65.87
OUT_03997,194.41
OUT_03998,65.33
OUT_03999,1700.91
OUT_04000,64.94
OUT_04001,54.95
OUT_04002,64.25
OUT_04003,63.37
OUT_04004,54.15
OUT_04005,644.74
OUT_04006,193.54
OUT_04007,198.66
OUT_04008,37.49
OUT_04009,656.15
OUT_04010,67.02
OUT_04011,193.08
OUT_04012,56.36
OUT_04013,644.12
OUT_04014,61.19
OUT_04015,63.0
OUT_04016,57.36
OUT_04017,194.29
OUT_04018,195.18
OUT_04019,61.72
OUT_04020,44.34
OUT_04021,657.63
OUT_04022,52.8
OUT_04023,189.51
OUT_04024,50.98
OUT_04025,196.86
OUT_04026,654.38
OUT_04027,1686.01
OUT_04028,72.1
OUT_04029,63.01
OUT_04030,62.63
OUT_04031,187.73
OUT_04032,191.25
OUT_04033,192.83
OUT_04034,200.25
OUT_04035,61.59
OUT_04036,70.49
OUT_04037,190.88
OUT_04038,58.21
OUT_04039,193.16
OUT_04040,62.54
OUT_04041,55.35
OUT_04042,59.79
OUT_04043,56.68
OUT_04044,637.01
OUT_04045,193.37
OUT_04046,193.57
OUT_04047,64.6
OUT_04048,675.21
OUT_04049,35.1
OUT_04050,662.15
OUT_04051,60.34
OUT_04052,667.09
OUT_04053,55.58
OUT_04054,65.62
OUT_04055,44.13
OUT_04056,1647.22
OUT_04057,197.28
OUT_04058,33.22
OUT_04059,660.66
OUT_04060,205.11
OUT_04061,652.62
OUT_04062,638.55
OUT_04063,639.21
OUT_04064,655.33
OUT_04065,54.38
OUT_04066,60.86
OUT_04067,193.9
OUT_04068,635.3
OUT_04069,185.07
OUT_04070,192.05
OUT_04071,641.57
OUT_04072,62.41
OUT_04073,67.15
OUT_04074,65.29
OUT_04075,191.91
OUT_04076,194.37
OUT_04077,65.67
OUT_04078,61.18
OUT_04079,71.85
OUT_04080,197.65
OUT_04081,42.72
OUT_04082,65.37
OUT_04083,263.79
OUT_04084,56.4
OUT_04085,44.55
OUT_04086,81.34
OUT_04087,192.94
OUT_04088,195.03
OUT_04089,58.06
OUT_04090,188.98
OUT_04091,60.85
OUT_04092,193.48
OUT_04093,60.1
OUT_04094,193.72
OUT_04095,72.15
OUT_04096,54.26
OUT_04097,651.24
OUT_04098,187.62
OUT_04099,192.58
OUT_04100,44.46
OUT_04101,59.97
OUT_04102,650.18
OUT_04103,65.18
OUT_04104,57.5
OUT_04105,193.04
OUT_04106,196.69
OUT_04107,199.98
OUT_04108,645.33
OUT_04109,66.79
OUT_04110,191.09
OUT_04111,646.81
OUT_04112,65.69
OUT_04113,51.98
OUT_04114,190.06
OUT_04115,192.93
OUT_04116,67.2
OUT_04117,55.18
OUT_04118,66.04
OUT_04119,644.84
OUT_04120,1664.67
OUT_04121,194.72
OUT_04122,192.98
OUT_04123,295.66
OUT_04124,66.97
OUT_04125,59.96
OUT_04126,190.75
OUT_04127,52.44
OUT_04128,1658.56
OUT_04129,61.43
OUT_04130,67.86
OUT_04131,654.86
OUT_04132,69.63
OUT_04133,191.98
OUT_04134,53.04
OUT_04135,203.26
OUT_04136,1682.37
OUT_04137,194.12
OUT_04138,67.18
OUT_04139,619.93
OUT_04140,50.4
OUT_04141,64.92
OUT_04142,650.19
OUT_04143,612.34
OUT_04144,66.71
OUT_04145,55.59
OUT_04146,44.78
OUT_04147,50.76
OUT_04148,49.71
OUT_04149,55.43
OUT_04150,185.47
OUT_04151,198.39
OUT_04152,56.54
OUT_04153,61.57
OUT_04154,665.08
OUT_04155,636.1
OUT_04156,62.45
OUT_04157,63.0
OUT_04158,53.22
OUT_04159,57.22
OUT_04160,73.26
OUT_04161,1666.06
OUT_04162,57.77
OUT_04163,37.44
OUT_04164,59.45
OUT_04165,641.43
OUT_04166,66.09
OUT_04167,75.38
OUT_04168,52.7
OUT_04169,59.36
OUT_04170,153.33
OUT_04171,1708.73
OUT_04172,69.37
OUT_04173,193.39
OUT_04174,641.59
OUT_04175,66.67
OUT_04176,194.38
OUT_04177,55.74
OUT_04178,67.26
OUT_04179,65.95
OUT_04180,193.04
OUT_04181,185.53
OUT_04182,49.72
OUT_04183,65.27
OUT_04184,48.46
OUT_04185,188.39
OUT_04186,50.39
OUT_04187,194.31
OUT_04188,38.21
OUT_04189,198.32
OUT_04190,649.82
OUT_04191,56.77
OUT_04192,75.18
OUT_04193,663.85
OUT_04194,705.0
OUT_04195,61.01
OUT_04196,666.33
OUT_04197,40.89
OUT_04198,194.39
OUT_04199,1666.72
OUT_04200,188.93
OUT_04201,60.85
OUT_04202,50.54
OUT_04203,192.43
OUT_04204,57.34
OUT_04205,186.55
OUT_04206,1580.45
OUT_04207,194.27
OUT_04208,59.88
OUT_04209,63.72
OUT_04210,150.02
OUT_04211,65.02
OUT_04212,192.99
OUT_04213,67.78
OUT_04214,196.51
OUT_04215,187.35
OUT_04216,189.0
OUT_04217,652.67
OUT_04218,50.8
OUT_04219,45.06
OUT_04220,75.74
OUT_04221,640.04
OUT_04222,60.09
OUT_04223,67.25
OUT_04224,178.21
OUT_04225,60.49
OUT_04226,648.8
OUT_04227,189.31
OUT_04228,60.22
OUT_04229,188.46
OUT_04230,72.32
OUT_04231,197.35
OUT_04232,656.47
OUT_04233,630.68
OUT_04234,67.18
OUT_04235,62.95
OUT_04236,189.26
OUT_04237,1675.17
OUT_04238,186.99
OUT_04239,1589.2
OUT_04240,95.36
OUT_04241,193.9
OUT_04242,57.63
OUT_04243,64.01
OUT_04244,46.24
OUT_04245,193.61
OUT_04246,55.84
OUT_04247,57.22
OUT_04248,60.13
OUT_04249,190.13
OUT_04250,660.57
OUT_04251,1641.91
OUT_04252,54.01
OUT_04253,56.63
OUT_04254,664.27
OUT_04255,52.4
OUT_04256,197.08
OUT_04257,54.35
OUT_04258,191.29
OUT_04259,641.55
OUT_04260,1686.61
OUT_04261,668.45
OUT_04262,60.18
OUT_04263,197.91
OUT_04264,64.65
OUT_04265,35.78
OUT_04266,70.0
OUT_04267,58.74
OUT_04268,61.18
OUT_04269,612.54
OUT_04270,193.8
OUT_04271,228.06
OUT_04272,186.14
OUT_04273,43.36
OUT_04274,193.69
OUT_04275,56.37
OUT_04276,191.02
OUT_04277,51.59
OUT_04278,46.9
OUT_04279,69.67
OUT_04280,195.35
OUT_04281,194.66
OUT_04282,656.38
OUT_04283,192.63
OUT_04284,57.58
OUT_04285,60.63
OUT_04286,192.17
OUT_04287,191.72
OUT_04288,60.36
OUT_04289,72.42
OUT_04290,62.8
OUT_04291,195.21
OUT_04292,68.34
OUT_04293,666.66
OUT_04294,194.0
OUT_04295,1657.44
OUT_04296,66.87
OUT_04297,60.7
OUT_04298,190.73
OUT_04299,188.49
OUT_04300,51.29
OUT_04301,69.53
OUT_04302,61.05
OUT_04303,63.82
OUT_04304,641.88
OUT_04305,192.64
OUT_04306,61.04
OUT_04307,56.49
OUT_04308,65.11
OUT_04309,684.64
OUT_04310,64.96
OUT_04311,75.64
OUT_04312,662.24
OUT_04313,56.86
OUT_04314,59.13
OUT_04315,54.16
OUT_04316,57.86
OUT_04317,192.15
OUT_04318,184.39
OUT_04319,64.66
OUT_04320,679.34
OUT_04321,66.1
OUT_04322,645.64
OUT_04323,31.4
OUT_04324,195.33
OUT_04325,65.45
OUT_04326,193.21
OUT_04327,62.62
OUT_04328,642.29
OUT_04329,46.79
OUT_04330,192.08
OUT_04331,161.77
OUT_04332,68.97
OUT_04333,190.41
OUT_04334,193.19
OUT_04335,678.98
OUT_04336,64.72
OUT_04337,59.5
OUT_04338,58.84
OUT_04339,64.5
OUT_04340,41.74
OUT_04341,61.64
OUT_04342,639.76
OUT_04343,52.45
OUT_04344,46.43
OUT_04345,61.15
OUT_04346,60.19
OUT_04347,661.65
OUT_04348,64.37
OUT_04349,680.7
OUT_04350,194.16
OUT_04351,622.17
OUT_04352,185.05
OUT_04353,190.44
OUT_04354,52.93
OUT_04355,50.11
OUT_04356,663.87
OUT_04357,651.04
OUT_04358,193.77
OUT_04359,1669.07
OUT_04360,195.56
OUT_04361,192.53
OUT_04362,65.65
OUT_04363,65.28
OUT_04364,63.69
OUT_04365,49.98
OUT_04366,70.23
OUT_04367,49.03
OUT_04368,1694.07
OUT_04369,193.89
OUT_04370,192.38
OUT_04371,55.32
OUT_04372,42.71
OUT_04373,192.05
OUT_04374,62.91
OUT_04375,64.78
OUT_04376,64.69
OUT_04377,48.27
OUT_04378,68.44
OUT_04379,42.21
OUT_04380,58.08
OUT_04381,31.31
OUT_04382,640.56
OUT_04383,42.5
OUT_04384,55.71
OUT_04385,667.33
OUT_04386,64.74
OUT_04387,194.38
OUT_04388,193.58
OUT_04389,50.6
OUT_04390,191.27
OUT_04391,189.08
OUT_04392,193.18
OUT_04393,1583.23
OUT_04394,64.61
OUT_04395,55.62
OUT_04396,56.44
OUT_04397,62.33
OUT_04398,56.95
OUT_04399,653.25
OUT_04400,650.78
OUT_04401,55.39
OUT_04402,628.06
OUT_04403,53.4
OUT_04404,697.0
OUT_04405,654.97
OUT_04406,67.33
OUT_04407,191.7
OUT_04408,56.37
OUT_04409,1647.67
OUT_04410,70.47
OUT_04411,57.68
OUT_04412,61.26
OUT_04413,656.37
OUT_04414,653.98
OUT_04415,633.71
OUT_04416,64.8
OUT_04417,196.46
OUT_04418,193.23
OUT_04419,57.8
OUT_04420,67.05
OUT_04421,55.07
OUT_04422,688.49
OUT_04423,188.99
OUT_04424,187.96
OUT_04425,68.8
OUT_04426,55.43
OUT_04427,55.85
OUT_04428,46.21
OUT_04429,195.35
OUT_04430,197.28
OUT_04431,49.95
OUT_04432,180.45
OUT_04433,673.22
OUT_04434,192.66
OUT_04435,654.9
OUT_04436,648.87
OUT_04437,645.69
OUT_04438,644.0
OUT_04439,700.26
OUT_04440,185.65
OUT_04441,57.24
OUT_04442,628.71
OUT_04443,53.81
OUT_04444,191.03
OUT_04445,56.48
OUT_04446,195.84
OUT_04447,49.22
OUT_04448,193.39
OUT_04449,674.32
OUT_04450,192.78
OUT_04451,194.7
OUT_04452,55.87
OUT_04453,153.04
OUT_04454,189.25
OUT_04455,57.52
OUT_04456,58.15
OUT_04457,194.02
OUT_04458,195.59
OUT_04459,63.14
OUT_04460,193.48
OUT_04461,64.68
OUT_04462,64.83
OUT_04463,61.26
OUT_04464,59.32
OUT_04465,193.0
OUT_04466,193.58
OUT_04467,185.54
OUT_04468,68.72
OUT_04469,50.31
OUT_04470,44.17
OUT_04471,684.13
OUT_04472,195.73
OUT_04473,52.57
OUT_04474,177.32
OUT_04475,61.49
OUT_04476,197.94
OUT_04477,67.69
OUT_04478,631.76
OUT_04479,197.75
OUT_04480,627.19
OUT_04481,53.61
OUT_04482,189.77
OUT_04483,73.51
OUT_04484,194.22
OUT_04485,67.9
OUT_04486,55.12
OUT_04487,643.48
OUT_04488,69.87
OUT_04489,673.98
OUT_04490,60.39
OUT_04491,46.96
OUT_04492,693.18
OUT_04493,66.88
OUT_04494,62.35
OUT_04495,63.09
OUT_04496,56.38
OUT_04497,188.67
OUT_04498,196.17
OUT_04499,65.26
OUT_04500,1664.38
OUT_04501,64.53
OUT_04502,186.62
OUT_04503,48.87
OUT_04504,55.28
OUT_04505,55.08
OUT_04506,191.68
OUT_04507,629.49
OUT_04508,56.47
OUT_04509,611.09
OUT_04510,191.11
OUT_04511,46.72
OUT_04512,47.06
OUT_04513,62.23
OUT_04514,665.79
OUT_04515,194.41
OUT_04516,193.61
OUT_04517,185.01
OUT_04518,154.55
OUT_04519,48.75
OUT_04520,659.56
OUT_04521,67.7
OUT_04522,64.98
OUT_04523,703.99
OUT_04524,42.2
OUT_04525,192.65
OUT_04526,681.71
OUT_04527,55.22
OUT_04528,638.6
OUT_04529,68.74
OUT_04530,47.38
OUT_04531,61.47
OUT_04532,65.44
OUT_04533,659.05
OUT_04534,49.63
OUT_04535,193.41
OUT_04536,202.24
OUT_04537,72.03
OUT_04538,56.33
OUT_04539,65.42
OUT_04540,198.58
OUT_04541,192.56
OUT_04542,53.52
OUT_04543,52.38
OUT_04544,193.23
OUT_04545,67.4
OUT_04546,58.24
OUT_04547,189.58
OUT_04548,61.72
OUT_04549,57.87
OUT_04550,62.91
OUT_04551,195.93
OUT_04552,201.28
OUT_04553,192.69
OUT_04554,65.09
OUT_04555,66.12
OUT_04556,676.77
OUT_04557,55.42
OUT_04558,191.26
OUT_04559,64.72
OUT_04560,658.73
OUT_04561,256.14
OUT_04562,51.44
OUT_04563,57.1
OUT_04564,54.05
OUT_04565,194.68
OUT_04566,191.84
OUT_04567,67.22
OUT_04568,641.06
OUT_04569,1671.59
OUT_04570,59.54
OUT_04571,205.08
OUT_04572,61.48
OUT_04573,194.67
OUT_04574,65.64
OUT_04575,188.76
OUT_04576,663.84
OUT_04577,63.2
OUT_04578,65.47
OUT_04579,44.29
OUT_04580,194.02
OUT_04581,180.25
OUT_04582,63.79
OUT_04583,184.31
OUT_04584,62.3
OUT_04585,64.6
OUT_04586,196.31
OUT_04587,61.35
OUT_04588,56.58
OUT_04589,45.14
OUT_04590,205.17
OUT_04591,61.18
OUT_04592,188.07
OUT_04593,1666.6
OUT_04594,701.16
OUT_04595,193.61
OUT_04596,71.53
OUT_04597,61.4
OUT_04598,644.55
OUT_04599,197.14
OUT_04600,60.95
OUT_04601,47.26
OUT_04602,55.06
OUT_04603,201.42
OUT_04604,84.47
OUT_04605,44.3
OUT_04606,660.87
OUT_04607,186.49
OUT_04608,48.19
OUT_04609,1683.88
OUT_04610,688.51
OUT_04611,671.16
OUT_04612,650.66
OUT_04613,657.14
OUT_04614,57.93
OUT_04615,675.03
OUT_04616,36.54
OUT_04617,186.71
OUT_04618,217.59
OUT_04619,196.13
OUT_04620,636.37
OUT_04621,188.75
OUT_04622,51.67
OUT_04623,65.01
OUT_04624,61.34
OUT_04625,76.15
OUT_04626,688.63
OUT_04627,296.29
OUT_04628,193.11
OUT_04629,190.2
OUT_04630,189.2
OUT_04631,61.57
OUT_04632,65.4
OUT_04633,189.65
OUT_04634,194.68
OUT_04635,61.6
OUT_04636,69.5
OUT_04637,61.59
OUT_04638,46.84
OUT_04639,61.1
OUT_04640,1718.4
OUT_04641,192.25
OUT_04642,56.45
OUT_04643,52.64
OUT_04644,709.65
OUT_04645,67.57
OUT_04646,56.63
OUT_04647,57.49
OUT_04648,189.98
OUT_04649,59.9
OUT_04650,54.06
OUT_04651,623.36
OUT_04652,56.58
OUT_04653,62.45
OUT_04654,57.26
OUT_04655,51.53
OUT_04656,57.14
OUT_04657,53.18
OUT_04658,52.98
OUT_04659,67.69
OUT_04660,45.17
OUT_04661,187.48
OUT_04662,64.94
OUT_04663,64.36
OUT_04664,636.85
OUT_04665,49.18
OUT_04666,86.56
OUT_04667,628.69
OUT_04668,49.94
OUT_04669,196.61
OUT_04670,56.63
OUT_04671,173.83
OUT_04672,172.33
OUT_04673,59.38
OUT_04674,60.98
OUT_04675,193.58
OUT_04676,679.34
OUT_04677,57.46
OUT_04678,1664.89
OUT_04679,667.4
OUT_04680,61.04
OUT_04681,198.82
OUT_04682,44.95
OUT_04683,194.83
OUT_04684,66.94
OUT_04685,192.94
OUT_04686,190.6
OUT_04687,59.97
OUT_04688,52.84
OUT_04689,59.92
OUT_04690,76.38
OUT_04691,56.56
OUT_04692,62.68
OUT_04693,63.77
OUT_04694,641.94
OUT_04695,204.64
OUT_04696,67.98
OUT_04697,192.21
OUT_04698,72.9
OUT_04699,195.9
OUT_04700,195.19
OUT_04701,644.48
OUT_04702,191.21
OUT_04703,664.65
OUT_04704,654.95
OUT_04705,55.49
OUT_04706,627.29
OUT_04707,187.0
OUT_04708,50.42
OUT_04709,61.43
OUT_04710,192.64
OUT_04711,59.99
OUT_04712,61.44
OUT_04713,652.38
OUT_04714,657.49
OUT_04715,65.5
OUT_04716,189.63
OUT_04717,64.6
OUT_04718,660.92
OUT_04719,69.69
OUT_04720,76.75
OUT_04721,197.09
OUT_04722,59.82
OUT_04723,190.34
OUT_04724,639.29
OUT_04725,59.85
OUT_04726,193.78
OUT_04727,66.78
OUT_04728,193.44
OUT_04729,192.89
OUT_04730,60.01
OUT_04731,177.36
OUT_04732,65.87
OUT_04733,625.06
OUT_04734,697.52
OUT_04735,62.86
OUT_04736,194.47
OUT_04737,641.52
OUT_04738,56.43
OUT_04739,52.04
OUT_04740,38.12
OUT_04741,65.85
OUT_04742,659.44
OUT_04743,182.42
OUT_04744,192.42
OUT_04745,58.86
OUT_04746,626.83
OUT_04747,187.05
OUT_04748,59.64
OUT_04749,36.89
OUT_04750,35.07
OUT_04751,647.77
OUT_04752,1645.17
OUT_04753,191.48
OUT_04754,190.02
OUT_04755,176.11
OUT_04756,189.94
OUT_04757,58.45
OUT_04758,651.28
OUT_04759,68.35
OUT_04760,68.45
OUT_04761,187.56
OUT_04762,67.15
OUT_04763,55.58
OUT_04764,60.41
OUT_04765,191.09
OUT_04766,613.79
OUT_04767,60.69
OUT_04768,691.6
OUT_04769,60.4
OUT_04770,67.59
OUT_04771,40.54
OUT_04772,689.98
OUT_04773,55.08
OUT_04774,193.62
OUT_04775,62.19
OUT_04776,204.49
OUT_04777,55.21
OUT_04778,64.05
OUT_04779,190.87
OUT_04780,67.02
OUT_04781,194.1
OUT_04782,195.13
OUT_04783,188.62
OUT_04784,187.68
OUT_04785,190.97
OUT_04786,181.77
OUT_04787,56.07
OUT_04788,194.3
OUT_04789,72.62
OUT_04790,1676.16
OUT_04791,650.61
OUT_04792,61.1
OUT_04793,60.08
OUT_04794,66.72
OUT_04795,698.64
OUT_04796,190.45
OUT_04797,66.57
OUT_04798,638.6
OUT_04799,66.32
OUT_04800,64.8
OUT_04801,56.44
OUT_04802,64.74
OUT_04803,70.71
OUT_04804,660.37
OUT_04805,52.57
OUT_04806,59.91
OUT_04807,189.01
OUT_04808,675.16
OUT_04809,65.41
OUT_04810,194.15
OUT_04811,672.61
OUT_04812,1659.91
OUT_04813,78.23
OUT_04814,707.34
OUT_04815,53.23
OUT_04816,62.76
OUT_04817,68.61
OUT_04818,197.71
OUT_04819,1666.66
OUT_04820,77.12
OUT_04821,65.58
OUT_04822,64.93
OUT_04823,202.11
OUT_04824,65.14
OUT_04825,61.6
OUT_04826,65.22
OUT_04827,57.17
OUT_04828,46.39
OUT_04829,62.26
OUT_04830,651.97
OUT_04831,64.72
OUT_04832,182.71
OUT_04833,195.79
OUT_04834,59.38
OUT_04835,1726.57
OUT_04836,187.71
OUT_04837,62.59
OUT_04838,51.68
OUT_04839,52.04
OUT_04840,56.88
OUT_04841,66.53
OUT_04842,62.89
OUT_04843,59.52
OUT_04844,670.51
OUT_04845,54.95
OUT_04846,73.86
OUT_04847,60.14
OUT_04848,193.56
OUT_04849,185.15
OUT_04850,68.29
OUT_04851,191.03
OUT_04852,192.8
OUT_04853,1669.91
OUT_04854,636.17
OUT_04855,69.79
OUT_04856,193.71
OUT_04857,648.12
OUT_04858,76.25
OUT_04859,189.68
OUT_04860,187.61
OUT_04861,189.48
OUT_04862,185.97
OUT_04863,55.78
OUT_04864,192.93
OUT_04865,184.06
OUT_04866,192.08
OUT_04867,52.83
OUT_04868,181.8
OUT_04869,639.23
OUT_04870,67.28
OUT_04871,69.83
OUT_04872,189.19
OUT_04873,659.56
OUT_04874,45.99
OUT_04875,62.57
OUT_04876,193.54
OUT_04877,73.78
OUT_04878,58.74
OUT_04879,1656.0
OUT_04880,67.92
OUT_04881,70.52
OUT_04882,191.97
OUT_04883,69.33
OUT_04884,64.55
OUT_04885,660.44
OUT_04886,191.81
OUT_04887,654.39
OUT_04888,63.42
OUT_04889,61.88
OUT_04890,47.89
OUT_04891,198.34
OUT_04892,644.83
OUT_04893,186.69
OUT_04894,52.56
OUT_04895,65.16
OUT_04896,55.26
OUT_04897,41.14
OUT_04898,636.42
OUT_04899,191.56
OUT_04900,57.72
OUT_04901,191.74
OUT_04902,52.59
OUT_04903,254.5
OUT_04904,189.64
OUT_04905,64.93
OUT_04906,59.48
OUT_04907,65.01
OUT_04908,58.41
OUT_04909,50.22
OUT_04910,191.3
OUT_04911,61.05
OUT_04912,164.09
OUT_04913,628.89
OUT_04914,188.93
OUT_04915,61.36
OUT_04916,55.23
OUT_04917,196.7
OUT_04918,63.73
OUT_04919,1644.79
OUT_04920,189.57
OUT_04921,69.52
OUT_04922,194.1
OUT_04923,64.5
OUT_04924,637.62
OUT_04925,669.31
OUT_04926,45.91
OUT_04927,201.52
OUT_04928,189.59
OUT_04929,205.21
OUT_04930,66.92
OUT_04931,67.64
OUT_04932,194.37
OUT_04933,47.3
OUT_04934,67.27
OUT_04935,62.01
OUT_04936,196.2
OUT_04937,193.38
OUT_04938,45.99
OUT_04939,61.75
OUT_04940,70.58
OUT_04941,627.37
OUT_04942,676.28
OUT_04943,57.64
OUT_04944,655.04
OUT_04945,195.12
OUT_04946,56.46
OUT_04947,644.65
OUT_04948,51.55
OUT_04949,187.09
OUT_04950,205.72
OUT_04951,56.58
OUT_04952,199.72
OUT_04953,652.23
OUT_04954,186.23
OUT_04955,48.91
OUT_04956,64.23
OUT_04957,62.43
OUT_04958,55.13
OUT_04959,192.34
OUT_04960,60.42
OUT_04961,50.66
OUT_04962,1673.81
OUT_04963,198.11
OUT_04964,56.24
OUT_04965,50.94
OUT_04966,64.53
OUT_04967,57.01
OUT_04968,194.52
OUT_04969,192.18
OUT_04970,58.03
OUT_04971,685.68
OUT_04972,185.4
OUT_04973,661.78
OUT_04974,208.92
OUT_04975,64.9
OUT_04976,62.75
OUT_04977,58.02
OUT_04978,188.96
OUT_04979,1665.5
OUT_04980,193.44
OUT_04981,62.41
OUT_04982,186.2
OUT_04983,644.47
OUT_04984,52.39
OUT_04985,673.88
OUT_04986,195.94
OUT_04987,62.56
OUT_04988,69.25
OUT_04989,67.75
OUT_04990,193.88
OUT_04991,45.4
OUT_04992,670.95
OUT_04993,62.31
OUT_04994,204.99
OUT_04995,54.42
OUT_04996,189.3
OUT_04997,64.64
OUT_04998,56.69
OUT_04999,317.06
OUT_05000,67.3
OUT_05001,62.45
OUT_05002,65.15
OUT_05003,54.0
OUT_05004,55.8
OUT_05005,194.13
OUT_05006,31.61
OUT_05007,1514.71
OUT_05008,62.62
OUT_05009,55.39
OUT_05010,72.32
OUT_05011,189.14
OUT_05012,56.6
OUT_05013,36.68
OUT_05014,198.37
OUT_05015,183.03
OUT_05016,195.83
OUT_05017,67.29
OUT_05018,186.39
OUT_05019,32.94
OUT_05020,62.3
OUT_05021,194.09
OUT_05022,43.66
OUT_05023,60.79
OUT_05024,195.15
OUT_05025,64.28
OUT_05026,186.96
OUT_05027,55.9
OUT_05028,49.63
OUT_05029,185.69
OUT_05030,56.88
OUT_05031,59.12
OUT_05032,67.01
OUT_05033,70.58
OUT_05034,190.12
OUT_05035,51.5
OUT_05036,55.54
OUT_05037,65.31
OUT_05038,44.59
OUT_05039,54.82
OUT_05040,65.53
OUT_05041,60.86
OUT_05042,62.88
OUT_05043,64.66
OUT_05044,193.05
OUT_05045,646.93
OUT_05046,702.74
OUT_05047,63.02
OUT_05048,61.86
OUT_05049,61.24
OUT_05050,1618.96
OUT_05051,60.99
OUT_05052,660.49
OUT_05053,64.17
OUT_05054,61.27
OUT_05055,62.45
OUT_05056,191.61
OUT_05057,195.89
OUT_05058,65.14
OUT_05059,186.24
OUT_05060,58.53
OUT_05061,44.45
OUT_05062,64.78
OUT_05063,64.72
OUT_05064,199.92
OUT_05065,195.4
OUT_05066,193.28
OUT_05067,74.69
OUT_05068,50.98
OUT_05069,65.7
OUT_05070,193.05
OUT_05071,1633.07
OUT_05072,69.62
OUT_05073,188.49
OUT_05074,60.11
OUT_05075,62.9
OUT_05076,56.27
OUT_05077,67.19
OUT_05078,226.66
OUT_05079,658.3
OUT_05080,193.23
OUT_05081,59.7
OUT_05082,183.69
OUT_05083,186.32
OUT_05084,198.83
OUT_05085,185.2
OUT_05086,41.48
OUT_05087,186.09
OUT_05088,65.13
OUT_05089,180.95
OUT_05090,194.32
OUT_05091,644.04
OUT_05092,1675.95
OUT_05093,186.46
OUT_05094,186.79
OUT_05095,1680.22
OUT_05096,59.92
OUT_05097,633.12
OUT_05098,61.35
OUT_05099,64.09
OUT_05100,66.78
OUT_05101,629.65
OUT_05102,198.17
OUT_05103,64.42
OUT_05104,676.52
OUT_05105,47.55
OUT_05106,67.71
OUT_05107,188.14
OUT_05108,60.04
OUT_05109,56.94
OUT_05110,60.89
OUT_05111,61.7
OUT_05112,193.82
OUT_05113,66.14
OUT_05114,64.82
OUT_05115,666.63
OUT_05116,162.46
OUT_05117,59.65
OUT_05118,186.33
OUT_05119,62.74
OUT_05120,1701.57
OUT_05121,68.11
OUT_05122,673.81
OUT_05123,189.91
OUT_05124,194.87
OUT_05125,56.48
OUT_05126,55.34
OUT_05127,55.51
OUT_05128,187.91
OUT_05129,188.87
OUT_05130,670.24
OUT_05131,189.7
OUT_05132,56.43
OUT_05133,1654.21
OUT_05134,192.06
OUT_05135,61.43
OUT_05136,195.92
OUT_05137,51.91
OUT_05138,64.55
OUT_05139,60.88
OUT_05140,44.34
OUT_05141,194.58
OUT_05142,645.66
OUT_05143,185.61
OUT_05144,65.47
OUT_05145,60.5
OUT_05146,70.32
OUT_05147,185.24
OUT_05148,59.89
OUT_05149,183.96
OUT_05150,195.56
OUT_05151,64.89
OUT_05152,72.29
OUT_05153,72.5
OUT_05154,65.53
OUT_05155,197.6
OUT_05156,1658.87
OUT_05157,1596.2
OUT_05158,55.53
OUT_05159,192.23
OUT_05160,54.87
OUT_05161,627.02
OUT_05162,687.41
OUT_05163,193.44
OUT_05164,50.47
OUT_05165,57.77
OUT_05166,626.03
OUT_05167,198.77
OUT_05168,664.49
OUT_05169,64.61
OUT_05170,671.92
OUT_05171,67.42
OUT_05172,44.68
OUT_05173,59.94
OUT_05174,198.34
OUT_05175,629.51
OUT_05176,669.83
OUT_05177,62.67
OUT_05178,634.51
OUT_05179,45.93
OUT_05180,65.49
OUT_05181,1658.18
OUT_05182,69.96
OUT_05183,185.77
OUT_05184,45.93
OUT_05185,671.51
OUT_05186,638.24
OUT_05187,195.24
OUT_05188,684.33
OUT_05189,62.79
OUT_05190,37.39
OUT_05191,57.5
OUT_05192,194.06
OUT_05193,46.88
OUT_05194,191.98
OUT_05195,189.4
OUT_05196,60.49
OUT_05197,658.36
OUT_05198,1588.43
OUT_05199,188.94
OUT_05200,56.91
OUT_05201,690.58
OUT_05202,56.45
OUT_05203,192.96
OUT_05204,1690.73
OUT_05205,1635.45
OUT_05206,67.12
OUT_05207,135.14
OUT_05208,65.42
OUT_05209,59.69
OUT_05210,70.02
OUT_05211,192.1
OUT_05212,62.59
OUT_05213,52.03
OUT_05214,64.97
OUT_05215,64.82
OUT_05216,634.75
OUT_05217,43.84
OUT_05218,190.76
OUT_05219,63.62
OUT_05220,194.62
OUT_05221,42.3
OUT_05222,683.71
OUT_05223,67.74
OUT_05224,57.54
OUT_05225,182.46
OUT_05226,60.41
OUT_05227,52.17
OUT_05228,61.11
OUT_05229,54.18
OUT_05230,1697.8
OUT_05231,640.64
OUT_05232,195.48
OUT_05233,640.01
OUT_05234,207.22
OUT_05235,57.44
OUT_05236,46.28
OUT_05237,193.09
OUT_05238,39.12
OUT_05239,188.65
OUT_05240,197.81
OUT_05241,62.99
OUT_05242,51.37
OUT_05243,186.72
OUT_05244,195.48
OUT_05245,57.69
OUT_05246,50.69
OUT_05247,56.52
OUT_05248,191.09
OUT_05249,211.71
OUT_05250,1628.78
OUT_05251,49.18
OUT_05252,63.62
OUT_05253,200.25
OUT_05254,64.94
OUT_05255,665.19
OUT_05256,657.62
OUT_05257,669.54
OUT_05258,43.94
OUT_05259,658.33
OUT_05260,190.96
OUT_05261,57.29
OUT_05262,60.62
OUT_05263,67.05
OUT_05264,628.56
OUT_05265,333.8
OUT_05266,64.61
OUT_05267,194.71
OUT_05268,55.68
OUT_05269,1673.64
OUT_05270,201.12
OUT_05271,645.23
OUT_05272,654.51
OUT_05273,56.39
OUT_05274,186.96
OUT_05275,66.59
OUT_05276,61.67
OUT_05277,55.43
OUT_05278,64.97
OUT_05279,41.38
OUT_05280,1704.8
OUT_05281,194.2
OUT_05282,185.65
OUT_05283,195.16
OUT_05284,60.49
OUT_05285,64.78
OUT_05286,638.26
OUT_05287,669.89
OUT_05288,68.3
OUT_05289,194.69
OUT_05290,192.56
OUT_05291,42.23
OUT_05292,640.97
OUT_05293,54.9
OUT_05294,54.97
OUT_05295,221.82
OUT_05296,44.5
OUT_05297,1664.62
OUT_05298,62.43
OUT_05299,656.06
OUT_05300,191.67
OUT_05301,196.25
OUT_05302,673.13
OUT_05303,63.44
OUT_05304,54.84
OUT_05305,196.66
OUT_05306,62.61
OUT_05307,63.54
OUT_05308,64.73
OUT_05309,61.5
OUT_05310,69.26
OUT_05311,183.32
OUT_05312,60.01
OUT_05313,71.22
OUT_05314,195.75
OUT_05315,38.75
OUT_05316,204.79
OUT_05317,66.97
OUT_05318,678.32
OUT_05319,192.86
OUT_05320,192.1
OUT_05321,192.78
OUT_05322,37.33
OUT_05323,46.8
OUT_05324,192.5
OUT_05325,666.41
OUT_05326,57.99
OUT_05327,57.75
OUT_05328,192.49
OUT_05329,648.57
OUT_05330,62.29
OUT_05331,73.18
OUT_05332,651.99
OUT_05333,670.62
OUT_05334,46.11
OUT_05335,184.85
OUT_05336,192.02
OUT_05337,195.86
OUT_05338,56.59
OUT_05339,67.69
OUT_05340,686.99
OUT_05341,52.42
OUT_05342,176.32
OUT_05343,202.31
OUT_05344,194.53
OUT_05345,63.33
OUT_05346,65.51
OUT_05347,67.03
OUT_05348,71.05
OUT_05349,622.86
OUT_05350,195.08
OUT_05351,679.73
OUT_05352,191.77
OUT_05353,55.97
OUT_05354,180.27
OUT_05355,1679.77
OUT_05356,62.31
OUT_05357,685.08
OUT_05358,657.93
OUT_05359,68.74
OUT_05360,191.61
OUT_05361,52.17
OUT_05362,185.74
OUT_05363,57.19
OUT_05364,67.31
OUT_05365,56.52
OUT_05366,1666.88
OUT_05367,198.84
OUT_05368,56.46
OUT_05369,184.69
OUT_05370,70.02
OUT_05371,59.9
OUT_05372,192.86
OUT_05373,203.24
OUT_05374,60.75
OUT_05375,638.38
OUT_05376,63.49
OUT_05377,673.72
OUT_05378,41.55
OUT_05379,192.68
OUT_05380,53.57
OUT_05381,45.52
OUT_05382,58.68
OUT_05383,42.99
OUT_05384,642.42
OUT_05385,195.11
OUT_05386,61.51
OUT_05387,1705.94
OUT_05388,64.64
OUT_05389,57.21
OUT_05390,54.25
OUT_05391,47.15
OUT_05392,194.2
OUT_05393,194.9
OUT_05394,48.55
OUT_05395,64.71
OUT_05396,424.56
OUT_05397,68.39
OUT_05398,63.93
OUT_05399,61.63
OUT_05400,61.33
OUT_05401,196.42
OUT_05402,198.08
OUT_05403,661.44
OUT_05404,200.96
OUT_05405,187.38
OUT_05406,191.42
OUT_05407,655.11
OUT_05408,54.29
OUT_05409,208.61
OUT_05410,620.97
OUT_05411,72.56
OUT_05412,665.85
OUT_05413,65.35
OUT_05414,57.19
OUT_05415,190.19
OUT_05416,199.14
OUT_05417,64.24
OUT_05418,665.43
OUT_05419,188.69
OUT_05420,55.06
OUT_05421,73.99
OUT_05422,69.35
OUT_05423,61.37
OUT_05424,198.21
OUT_05425,62.21
OUT_05426,1669.12
OUT_05427,644.85
OUT_05428,698.1
OUT_05429,65.86
OUT_05430,1676.8
OUT_05431,194.31
OUT_05432,69.66
OUT_05433,59.61
OUT_05434,55.49
OUT_05435,190.16
OUT_05436,54.93
OUT_05437,64.52
OUT_05438,61.46
OUT_05439,183.96
OUT_05440,65.47
OUT_05441,60.94
OUT_05442,653.37
OUT_05443,193.61
OUT_05444,55.62
OUT_05445,191.26
OUT_05446,60.88
OUT_05447,194.41
OUT_05448,635.23
OUT_05449,47.21
OUT_05450,188.9
OUT_05451,193.97
OUT_05452,668.44
OUT_05453,1675.44
OUT_05454,184.86
OUT_05455,53.34
OUT_05456,191.8
OUT_05457,64.37
OUT_05458,192.23
OUT_05459,644.43
OUT_05460,60.34
OUT_05461,193.08
OUT_05462,191.15
OUT_05463,52.61
OUT_05464,60.11
OUT_05465,1664.42
OUT_05466,286.65
OUT_05467,62.35
OUT_05468,72.13
OUT_05469,52.36
OUT_05470,1707.0
OUT_05471,62.04
OUT_05472,64.9
OUT_05473,191.34
OUT_05474,65.22
OUT_05475,59.75
OUT_05476,55.33
OUT_05477,56.01
OUT_05478,643.07
OUT_05479,54.93
OUT_05480,63.54
OUT_05481,55.92
OUT_05482,704.07
OUT_05483,640.63
OUT_05484,67.26
OUT_05485,1652.86
OUT_05486,684.98
OUT_05487,207.69
OUT_05488,194.55
OUT_05489,44.04
OUT_05490,651.63
OUT_05491,64.65
OUT_05492,189.86
OUT_05493,690.32
OUT_05494,195.06
OUT_05495,660.47
OUT_05496,72.74
OUT_05497,659.97
OUT_05498,59.86
OUT_05499,62.58
OUT_05500,184.31
OUT_05501,647.91
OUT_05502,62.75
OUT_05503,42.28
OUT_05504,187.58
OUT_05505,156.35
OUT_05506,189.78
OUT_05507,42.28
OUT_05508,647.23
OUT_05509,194.23
OUT_05510,60.55
OUT_05511,677.62
OUT_05512,193.74
OUT_05513,54.27
OUT_05514,660.39
OUT_05515,64.42
OUT_05516,191.76
OUT_05517,46.73
OUT_05518,62.8
OUT_05519,59.98
OUT_05520,54.87
OUT_05521,62.94
OUT_05522,202.21
OUT_05523,635.77
OUT_05524,59.65
OUT_05525,186.29
OUT_05526,52.29
OUT_05527,51.51
OUT_05528,64.9
OUT_05529,67.62
OUT_05530,193.7
OUT_05531,74.52
OUT_05532,184.13
OUT_05533,61.93
OUT_05534,65.44
OUT_05535,197.37
OUT_05536,192.89
OUT_05537,660.61
OUT_05538,187.62
OUT_05539,52.17
OUT_05540,691.78
OUT_05541,57.01
OUT_05542,646.28
OUT_05543,640.19
OUT_05544,55.55
OUT_05545,195.69
OUT_05546,44.47
OUT_05547,64.86
OUT_05548,55.87
OUT_05549,48.95
OUT_05550,53.89
OUT_05551,621.61
OUT_05552,655.71
OUT_05553,194.02
OUT_05554,55.09
OUT_05555,670.38
OUT_05556,60.2
OUT_05557,47.75
OUT_05558,47.74
OUT_05559,64.52
OUT_05560,188.42
OUT_05561,55.45
OUT_05562,192.33
OUT_05563,190.18
OUT_05564,1563.7
OUT_05565,660.63
OUT_05566,57.72
OUT_05567,66.97
OUT_05568,184.83
OUT_05569,653.79
OUT_05570,62.52
OUT_05571,634.03
OUT_05572,55.33
OUT_05573,181.14
OUT_05574,62.44
OUT_05575,649.57
OUT_05576,665.48
OUT_05577,630.43
OUT_05578,1696.74
OUT_05579,652.07
OUT_05580,191.04
OUT_05581,59.93
OUT_05582,60.73
OUT_05583,54.96
OUT_05584,183.05
OUT_05585,189.9
OUT_05586,189.75
OUT_05587,190.35
OUT_05588,192.64
OUT_05589,64.96
OUT_05590,191.01
OUT_05591,191.16
OUT_05592,1664.33
OUT_05593,679.18
OUT_05594,197.39
OUT_05595,53.32
OUT_05596,64.94
OUT_05597,1655.0
OUT_05598,197.62
OUT_05599,61.19
OUT_05600,60.9
OUT_05601,45.75
OUT_05602,52.37
OUT_05603,58.96
OUT_05604,665.11
OUT_05605,57.78
OUT_05606,1647.91
OUT_05607,191.8
OUT_05608,189.25
OUT_05609,191.87
OUT_05610,65.61
OUT_05611,46.92
OUT_05612,67.48
OUT_05613,682.74
OUT_05614,65.83
OUT_05615,184.61
OUT_05616,192.19
OUT_05617,55.28
OUT_05618,184.52
OUT_05619,610.75
OUT_05620,688.75
OUT_05621,669.78
OUT_05622,38.7
OUT_05623,60.26
OUT_05624,68.05
OUT_05625,32.33
OUT_05626,653.73
OUT_05627,52.67
OUT_05628,65.52
OUT_05629,55.48
OUT_05630,199.24
OUT_05631,77.01
OUT_05632,189.23
OUT_05633,194.24
OUT_05634,56.65
OUT_05635,50.83
OUT_05636,56.65
OUT_05637,45.7
OUT_05638,203.65
OUT_05639,615.62
OUT_05640,649.27
OUT_05641,57.19
OUT_05642,66.37
OUT_05643,63.02
OUT_05644,190.45
OUT_05645,183.61
OUT_05646,66.93
OUT_05647,192.89
OUT_05648,63.28
OUT_05649,40.9
OUT_05650,42.13
OUT_05651,188.67
OUT_05652,199.45
OUT_05653,58.71
OUT_05654,44.89
OUT_05655,637.23
OUT_05656,196.04
OUT_05657,621.47
OUT_05658,686.63
OUT_05659,60.13
OUT_05660,55.4
OUT_05661,192.18
OUT_05662,70.42
OUT_05663,65.85
OUT_05664,629.4
OUT_05665,65.21
OUT_05666,65.28
OUT_05667,190.01
OUT_05668,40.18
OUT_05669,55.3
OUT_05670,209.74
OUT_05671,210.6
OUT_05672,57.9
OUT_05673,60.46
OUT_05674,71.8
OUT_05675,43.74
OUT_05676,187.97
OUT_05677,189.81
OUT_05678,53.8
OUT_05679,193.44
OUT_05680,57.33
OUT_05681,60.15
OUT_05682,674.59
OUT_05683,60.5
OUT_05684,194.33
OUT_05685,185.55
OUT_05686,57.89
OUT_05687,64.49
OUT_05688,193.9
OUT_05689,195.91
OUT_05690,193.09
OUT_05691,639.64
OUT_05692,642.68
OUT_05693,188.27
OUT_05694,1714.92
OUT_05695,43.59
OUT_05696,56.65
OUT_05697,64.1
OUT_05698,193.46
OUT_05699,1677.04
OUT_05700,65.99
OUT_05701,56.35
OUT_05702,56.77
OUT_05703,683.65
OUT_05704,61.17
OUT_05705,53.85
OUT_05706,66.0
OUT_05707,65.74
OUT_05708,64.64
OUT_05709,181.56
OUT_05710,64.94
OUT_05711,655.51
OUT_05712,64.25
OUT_05713,64.13
OUT_05714,189.87
OUT_05715,53.11
OUT_05716,674.81
OUT_05717,64.73
OUT_05718,658.76
OUT_05719,194.59
OUT_05720,56.45
OUT_05721,66.88
OUT_05722,191.01
OUT_05723,62.98
OUT_05724,54.47
OUT_05725,54.24
OUT_05726,194.08
OUT_05727,1598.79
OUT_05728,69.69
OUT_05729,65.75
OUT_05730,56.57
OUT_05731,64.99
OUT_05732,669.85
OUT_05733,646.38
OUT_05734,55.21
OUT_05735,62.57
OUT_05736,191.4
OUT_05737,62.81
OUT_05738,62.68
OUT_05739,188.98
OUT_05740,189.59
OUT_05741,46.85
OUT_05742,185.1
OUT_05743,1646.35
OUT_05744,192.86
OUT_05745,62.41
OUT_05746,54.28
OUT_05747,65.2
OUT_05748,59.85
OUT_05749,187.78
OUT_05750,201.49
OUT_05751,73.77
OUT_05752,196.6
OUT_05753,48.93
OUT_05754,189.98
OUT_05755,58.25
OUT_05756,207.87
OUT_05757,1707.3
OUT_05758,193.63
OUT_05759,62.84
OUT_05760,60.85
OUT_05761,191.88
OUT_05762,193.21
OUT_05763,51.46
OUT_05764,191.95
OUT_05765,189.49
OUT_05766,64.14
OUT_05767,60.16
OUT_05768,69.77
OUT_05769,193.26
OUT_05770,194.65
OUT_05771,65.31
OUT_05772,176.63
OUT_05773,203.68
OUT_05774,202.63
OUT_05775,62.23
OUT_05776,1704.08
OUT_05777,668.25
OUT_05778,183.41
OUT_05779,70.17
OUT_05780,60.01
OUT_05781,74.95
OUT_05782,149.48
OUT_05783,193.25
OUT_05784,58.01
OUT_05785,70.03
OUT_05786,657.02
OUT_05787,56.5
OUT_05788,58.55
OUT_05789,35.69
OUT_05790,192.66
OUT_05791,55.32
OUT_05792,192.0
OUT_05793,63.93
OUT_05794,108.07
OUT_05795,62.73
OUT_05796,61.15
OUT_05797,189.29
OUT_05798,193.76
OUT_05799,67.77
OUT_05800,185.78
OUT_05801,191.32
OUT_05802,193.82
OUT_05803,679.44
OUT_05804,644.57
OUT_05805,52.41
OUT_05806,191.76
OUT_05807,57.03
OUT_05808,62.61
OUT_05809,219.2
OUT_05810,60.55
OUT_05811,187.69
OUT_05812,62.66
OUT_05813,671.61
OUT_05814,643.77
OUT_05815,192.92
OUT_05816,225.58
OUT_05817,72.35
OUT_05818,186.01
OUT_05819,53.23
OUT_05820,59.95
OUT_05821,46.03
OUT_05822,182.94
OUT_05823,60.04
OUT_05824,614.01
OUT_05825,1693.53
OUT_05826,55.92
OUT_05827,53.74
OUT_05828,64.66
OUT_05829,191.35
OUT_05830,215.18
OUT_05831,192.93
OUT_05832,64.87
OUT_05833,64.97
OUT_05834,184.96
OUT_05835,46.26
OUT_05836,190.37
OUT_05837,189.28
OUT_05838,1678.36
OUT_05839,52.4
OUT_05840,51.19
OUT_05841,55.04
OUT_05842,64.89
OUT_05843,653.51
OUT_05844,61.33
OUT_05845,191.09
OUT_05846,682.06
OUT_05847,626.18
OUT_05848,55.63
OUT_05849,682.15
OUT_05850,192.33
OUT_05851,61.02
OUT_05852,638.72
OUT_05853,60.32
OUT_05854,661.37
OUT_05855,185.32
OUT_05856,189.55
OUT_05857,56.56
OUT_05858,60.2
OUT_05859,66.08
OUT_05860,65.37
OUT_05861,64.55
OUT_05862,55.37
OUT_05863,49.63
OUT_05864,62.95
OUT_05865,32.5
OUT_05866,57.67
OUT_05867,186.26
OUT_05868,198.34
OUT_05869,64.74
OUT_05870,638.99
OUT_05871,193.05
OUT_05872,46.53
OUT_05873,188.5
OUT_05874,66.91
OUT_05875,193.83
OUT_05876,64.8
OUT_05877,186.35
OUT_05878,65.26
OUT_05879,663.01
OUT_05880,64.16
OUT_05881,55.27
OUT_05882,196.78
OUT_05883,191.29
OUT_05884,229.7
OUT_05885,194.15
OUT_05886,188.18
OUT_05887,205.65
OUT_05888,59.07
OUT_05889,188.35
OUT_05890,635.02
OUT_05891,62.18
OUT_05892,664.89
OUT_05893,193.16
OUT_05894,655.25
OUT_05895,46.44
OUT_05896,53.49
OUT_05897,44.52
OUT_05898,60.9
OUT_05899,656.22
OUT_05900,193.55
OUT_05901,66.82
OUT_05902,200.44
OUT_05903,1702.36
OUT_05904,56.76
OUT_05905,59.88
OUT_05906,53.09
OUT_05907,194.15
OUT_05908,44.26
OUT_05909,640.58
OUT_05910,49.85
OUT_05911,49.57
OUT_05912,61.46
OUT_05913,64.72
OUT_05914,62.0
OUT_05915,189.2
OUT_05916,196.08
OUT_05917,52.61
OUT_05918,196.34
OUT_05919,50.35
OUT_05920,66.88
OUT_05921,60.28
OUT_05922,186.22
OUT_05923,43.27
OUT_05924,193.65
OUT_05925,194.14
OUT_05926,60.37
OUT_05927,1681.91
OUT_05928,58.28
OUT_05929,192.86
OUT_05930,73.69
OUT_05931,63.37
OUT_05932,183.04
OUT_05933,173.26
OUT_05934,62.91
OUT_05935,48.95
OUT_05936,1676.37
OUT_05937,633.0
OUT_05938,1665.81
OUT_05939,193.35
OUT_05940,1645.04
OUT_05941,60.93
OUT_05942,50.0
OUT_05943,641.94
OUT_05944,56.65
OUT_05945,65.37
OUT_05946,82.87
OUT_05947,1601.29
OUT_05948,665.52
OUT_05949,192.87
OUT_05950,62.72
OUT_05951,59.22
OUT_05952,66.91
OUT_05953,62.51
OUT_05954,42.15
OUT_05955,63.1
OUT_05956,645.46
OUT_05957,76.81
OUT_05958,213.87
OUT_05959,66.19
OUT_05960,666.22
OUT_05961,65.22
OUT_05962,194.12
OUT_05963,47.25
OUT_05964,32.59
OUT_05965,189.22
OUT_05966,188.46
OUT_05967,40.95
OUT_05968,55.85
OUT_05969,185.66
OUT_05970,204.13
OUT_05971,191.29
OUT_05972,59.99
OUT_05973,190.0
OUT_05974,69.95
OUT_05975,208.67
OUT_05976,55.01
OUT_05977,57.48
OUT_05978,204.68
OUT_05979,186.93
OUT_05980,64.74
OUT_05981,1667.6
OUT_05982,208.71
OUT_05983,68.42
OUT_05984,632.87
OUT_05985,46.74
OUT_05986,123.88
OUT_05987,62.26
OUT_05988,191.05
OUT_05989,54.35
OUT_05990,65.73
OUT_05991,48.63
OUT_05992,661.82
OUT_05993,46.17
OUT_05994,64.71
OUT_05995,70.9
OUT_05996,62.4
OUT_05997,51.15
OUT_05998,198.2
OUT_05999,61.19
OUT_06000,52.92
OUT_06001,56.32
OUT_06002,193.29
OUT_06003,54.92
OUT_06004,55.88
OUT_06005,187.3
OUT_06006,210.4
OUT_06007,77.43
OUT_06008,215.14
OUT_06009,192.16
OUT_06010,56.21
OUT_06011,67.41
OUT_06012,660.64
OUT_06013,610.24
OUT_06014,193.66
OUT_06015,65.48
OUT_06016,655.04
OUT_06017,61.17
OUT_06018,61.12
OUT_06019,38.06
OUT_06020,192.84
OUT_06021,74.29
OUT_06022,63.88
OUT_06023,1689.96
OUT_06024,70.23
OUT_06025,188.23
OUT_06026,692.1
OUT_06027,191.2
OUT_06028,69.21
OUT_06029,58.97
OUT_06030,1657.36
OUT_06031,39.16
OUT_06032,656.3
OUT_06033,1669.15
OUT_06034,186.51
OUT_06035,41.39
OUT_06036,52.77
OUT_06037,193.15
OUT_06038,192.87
OUT_06039,189.91
OUT_06040,192.37
OUT_06041,648.59
OUT_06042,193.68
OUT_06043,49.41
OUT_06044,1688.39
OUT_06045,59.93
OUT_06046,61.55
OUT_06047,641.42
OUT_06048,60.02
OUT_06049,675.02
OUT_06050,656.92
OUT_06051,61.27
OUT_06052,190.55
OUT_06053,197.27
OUT_06054,60.89
OUT_06055,197.74
OUT_06056,53.59
OUT_06057,199.55
OUT_06058,60.54
OUT_06059,193.93
OUT_06060,61.33
OUT_06061,188.43
OUT_06062,644.03
OUT_06063,190.2
OUT_06064,193.57
OUT_06065,192.04
OUT_06066,72.41
OUT_06067,55.02
OUT_06068,67.24
OUT_06069,64.76
OUT_06070,62.62
OUT_06071,59.5
OUT_06072,666.24
OUT_06073,61.58
OUT_06074,54.98
OUT_06075,207.43
OUT_06076,74.74
OUT_06077,58.12
OUT_06078,33.59
OUT_06079,197.7
OUT_06080,51.02
OUT_06081,1527.57
OUT_06082,676.94
OUT_06083,1691.47
OUT_06084,64.85
OUT_06085,63.65
OUT_06086,661.65
OUT_06087,201.56
OUT_06088,670.27
OUT_06089,59.95
OUT_06090,192.31
OUT_06091,67.15
OUT_06092,49.58
OUT_06093,1673.67
OUT_06094,193.95
OUT_06095,51.27
OUT_06096,688.13
OUT_06097,671.44
OUT_06098,56.72
OUT_06099,61.38
OUT_06100,661.5
OUT_06101,195.14
OUT_06102,194.19
OUT_06103,677.75
OUT_06104,381.77
OUT_06105,64.89
OUT_06106,196.11
OUT_06107,625.37
OUT_06108,43.03
OUT_06109,672.12
OUT_06110,61.16
OUT_06111,47.8
OUT_06112,188.2
OUT_06113,60.95
OUT_06114,193.69
OUT_06115,184.6
OUT_06116,63.57
OUT_06117,37.17
OUT_06118,72.1
OUT_06119,1507.27
OUT_06120,48.61
OUT_06121,61.0
OUT_06122,60.73
OUT_06123,193.64
OUT_06124,197.49
OUT_06125,71.42
OUT_06126,46.53
OUT_06127,188.72
OUT_06128,191.26
OUT_06129,57.89
OUT_06130,184.17
OUT_06131,67.25
OUT_06132,49.76
OUT_06133,65.07
OUT_06134,184.85
OUT_06135,624.17
OUT_06136,664.61
OUT_06137,190.96
OUT_06138,65.63
OUT_06139,49.62
OUT_06140,67.04
OUT_06141,65.06
OUT_06142,634.89
OUT_06143,69.57
OUT_06144,198.01
OUT_06145,195.0
OUT_06146,62.57
OUT_06147,191.57
OUT_06148,198.58
OUT_06149,194.22
OUT_06150,180.44
OUT_06151,1701.31
OUT_06152,56.39
OUT_06153,73.24
OUT_06154,69.52
OUT_06155,658.0
OUT_06156,56.31
OUT_06157,636.81
OUT_06158,197.95
OUT_06159,1668.25
OUT_06160,190.63
OUT_06161,194.72
OUT_06162,188.93
OUT_06163,50.49
OUT_06164,52.68
OUT_06165,187.89
OUT_06166,70.48
OUT_06167,192.2
OUT_06168,646.02
OUT_06169,47.74
OUT_06170,649.18
OUT_06171,55.18
OUT_06172,1669.53
OUT_06173,57.81
OUT_06174,206.83
OUT_06175,60.02
OUT_06176,195.25
OUT_06177,56.64
OUT_06178,57.61
OUT_06179,63.41
OUT_06180,52.65
OUT_06181,192.79
OUT_06182,663.14
OUT_06183,65.83
OUT_06184,58.51
OUT_06185,196.52
OUT_06186,662.09
OUT_06187,57.24
OUT_06188,51.4
OUT_06189,1627.81
OUT_06190,56.81
OUT_06191,49.65
OUT_06192,189.92
OUT_06193,196.47
OUT_06194,56.42
OUT_06195,64.72
OUT_06196,57.87
OUT_06197,200.44
OUT_06198,61.16
OUT_06199,76.29
OUT_06200,191.85
OUT_06201,59.32
OUT_06202,64.66
OUT_06203,636.21
OUT_06204,47.58
OUT_06205,1662.1
OUT_06206,204.02
OUT_06207,61.4
OUT_06208,50.76
OUT_06209,188.36
OUT_06210,1567.79
OUT_06211,54.82
OUT_06212,202.16
OUT_06213,70.64
OUT_06214,202.99
OUT_06215,671.01
OUT_06216,48.4
OUT_06217,192.01
OUT_06218,185.14
OUT_06219,62.6
OUT_06220,50.57
OUT_06221,45.97
OUT_06222,55.58
OUT_06223,70.39
OUT_06224,194.54
OUT_06225,49.56
OUT_06226,64.66
OUT_06227,208.61
OUT_06228,642.42
OUT_06229,193.58
OUT_06230,57.89
OUT_06231,67.48
OUT_06232,659.65
OUT_06233,199.44
OUT_06234,67.28
OUT_06235,49.09
OUT_06236,192.53
OUT_06237,195.82
OUT_06238,192.28
OUT_06239,61.47
OUT_06240,57.03
OUT_06241,40.91
OUT_06242,668.52
OUT_06243,68.0
OUT_06244,199.9
OUT_06245,58.21
OUT_06246,663.1
OUT_06247,69.11
OUT_06248,63.69
OUT_06249,64.19
OUT_06250,371.76
OUT_06251,191.0
OUT_06252,639.07
OUT_06253,65.39
OUT_06254,56.96
OUT_06255,689.84
OUT_06256,51.17
OUT_06257,658.64
OUT_06258,52.56
OUT_06259,214.73
OUT_06260,63.22
OUT_06261,188.17
OUT_06262,664.29
OUT_06263,62.78
OUT_06264,1645.79
OUT_06265,45.53
OUT_06266,185.69
OUT_06267,55.57
OUT_06268,63.05
OUT_06269,53.29
OUT_06270,62.43
OUT_06271,664.28
OUT_06272,190.18
OUT_06273,64.61
OUT_06274,56.28
OUT_06275,193.57
OUT_06276,201.72
OUT_06277,188.88
OUT_06278,1700.89
OUT_06279,654.72
OUT_06280,195.59
OUT_06281,184.15
OUT_06282,53.73
OUT_06283,60.29
OUT_06284,671.66
OUT_06285,62.36
OUT_06286,67.44
OUT_06287,42.73
OUT_06288,65.92
OUT_06289,637.08
OUT_06290,45.82
OUT_06291,69.54
OUT_06292,76.35
OUT_06293,189.48
OUT_06294,47.46
OUT_06295,61.72
OUT_06296,192.98
OUT_06297,53.42
OUT_06298,62.81
OUT_06299,210.08
OUT_06300,194.33
OUT_06301,185.23
OUT_06302,67.94
OUT_06303,61.24
OUT_06304,1666.46
OUT_06305,51.07
OUT_06306,60.96
OUT_06307,55.17
OUT_06308,197.72
OUT_06309,64.89
OUT_06310,64.8
OUT_06311,185.01
OUT_06312,62.76
OUT_06313,56.3
OUT_06314,69.32
OUT_06315,654.28
OUT_06316,189.24
OUT_06317,63.17
OUT_06318,51.56
OUT_06319,185.66
OUT_06320,191.67
OUT_06321,1651.0
OUT_06322,63.5
OUT_06323,654.08
OUT_06324,44.34
OUT_06325,64.85
OUT_06326,189.61
OUT_06327,690.09
OUT_06328,188.23
OUT_06329,65.39
OUT_06330,61.15
OUT_06331,193.24
OUT_06332,636.05
OUT_06333,60.87
OUT_06334,53.85
OUT_06335,54.09
OUT_06336,656.41
OUT_06337,59.95
OUT_06338,57.97
OUT_06339,222.88
OUT_06340,698.54
OUT_06341,180.76
OUT_06342,192.3
OUT_06343,55.49
OUT_06344,50.54
OUT_06345,41.16
OUT_06346,63.59
OUT_06347,192.31
OUT_06348,188.84
OUT_06349,189.5
OUT_06350,187.72
OUT_06351,192.7
OUT_06352,192.78
OUT_06353,187.94
OUT_06354,51.32
OUT_06355,75.28
OUT_06356,1674.84
OUT_06357,62.41
OUT_06358,1704.74
OUT_06359,194.57
OUT_06360,52.99
OUT_06361,627.12
OUT_06362,45.97
OUT_06363,62.58
OUT_06364,68.05
OUT_06365,181.18
OUT_06366,63.93
OUT_06367,656.0
OUT_06368,48.91
OUT_06369,229.33
OUT_06370,646.64
OUT_06371,71.1
OUT_06372,201.76
OUT_06373,1492.98
OUT_06374,65.23
OUT_06375,636.63
OUT_06376,179.97
OUT_06377,194.93
OUT_06378,54.29
OUT_06379,192.55
OUT_06380,49.9
OUT_06381,1669.32
OUT_06382,454.17
OUT_06383,71.53
OUT_06384,63.34
OUT_06385,56.73
OUT_06386,663.65
OUT_06387,1676.91
OUT_06388,68.95
OUT_06389,67.33
OUT_06390,176.78
OUT_06391,55.58
OUT_06392,1698.1
OUT_06393,47.19
OUT_06394,55.76
OUT_06395,60.2
OUT_06396,60.37
OUT_06397,55.02
OUT_06398,62.09
OUT_06399,185.86
OUT_06400,190.17
OUT_06401,41.53
OUT_06402,644.67
OUT_06403,675.92
OUT_06404,643.53
OUT_06405,191.81
OUT_06406,683.16
OUT_06407,55.59
OUT_06408,46.85
OUT_06409,37.46
OUT_06410,1592.13
OUT_06411,46.33
OUT_06412,39.71
OUT_06413,193.41
OUT_06414,1634.61
OUT_06415,161.69
OUT_06416,186.46
OUT_06417,1684.91
OUT_06418,66.88
OUT_06419,67.15
OUT_06420,1414.24
OUT_06421,54.17
OUT_06422,52.19
OUT_06423,64.78
OUT_06424,189.14
OUT_06425,63.11
OUT_06426,72.52
OUT_06427,665.72
OUT_06428,69.73
OUT_06429,55.35
OUT_06430,182.91
OUT_06431,198.97
OUT_06432,644.88
OUT_06433,181.48
OUT_06434,182.84
OUT_06435,56.07
OUT_06436,633.27
OUT_06437,63.79
OUT_06438,67.7
OUT_06439,1653.32
OUT_06440,209.7
OUT_06441,187.45
OUT_06442,193.23
OUT_06443,62.76
OUT_06444,71.41
OUT_06445,191.99
OUT_06446,61.05
OUT_06447,55.76
OUT_06448,54.74
OUT_06449,57.14
OUT_06450,54.15
OUT_06451,60.53
OUT_06452,52.54
OUT_06453,61.19
OUT_06454,193.28
OUT_06455,65.63
OUT_06456,75.07
OUT_06457,61.49
OUT_06458,67.51
OUT_06459,44.58
OUT_06460,189.44
OUT_06461,71.98
OUT_06462,682.38
OUT_06463,64.42
OUT_06464,67.77
OUT_06465,194.46
OUT_06466,664.01
OUT_06467,191.37
OUT_06468,55.19
OUT_06469,54.24
OUT_06470,54.07
OUT_06471,195.32
OUT_06472,696.18
OUT_06473,184.71
OUT_06474,62.67
OUT_06475,181.71
OUT_06476,189.81
OUT_06477,64.08
OUT_06478,57.56
OUT_06479,61.24
OUT_06480,189.96
OUT_06481,198.47
OUT_06482,66.82
OUT_06483,59.07
OUT_06484,67.7
OUT_06485,63.96
OUT_06486,64.42
OUT_06487,186.06
OUT_06488,72.9
OUT_06489,56.33
OUT_06490,659.33
OUT_06491,47.41
OUT_06492,195.31
OUT_06493,191.47
OUT_06494,64.65
OUT_06495,58.56
OUT_06496,196.3
OUT_06497,61.28
OUT_06498,63.26
OUT_06499,1686.44
OUT_06500,62.62
OUT_06501,630.61
OUT_06502,645.35
OUT_06503,50.36
OUT_06504,55.93
OUT_06505,56.44
OUT_06506,66.55
OUT_06507,644.61
OUT_06508,55.3
OUT_06509,189.7
OUT_06510,54.63
OUT_06511,61.33
OUT_06512,201.32
OUT_06513,60.56
OUT_06514,191.18
OUT_06515,192.26
OUT_06516,67.72
OUT_06517,59.79
OUT_06518,640.1
OUT_06519,193.47
OUT_06520,46.63
OUT_06521,49.32
OUT_06522,188.07
OUT_06523,195.1
OUT_06524,57.62
OUT_06525,50.25
OUT_06526,191.92
OUT_06527,54.34
OUT_06528,43.8
OUT_06529,645.14
OUT_06530,46.78
OUT_06531,187.59
OUT_06532,193.81
OUT_06533,61.43
OUT_06534,185.81
OUT_06535,637.91
OUT_06536,194.79
OUT_06537,63.0
OUT_06538,673.21
OUT_06539,62.38
OUT_06540,662.48
OUT_06541,50.01
OUT_06542,55.49
OUT_06543,189.8
OUT_06544,51.26
OUT_06545,643.7
OUT_06546,61.34
OUT_06547,61.14
OUT_06548,54.8
OUT_06549,50.08
OUT_06550,194.47
OUT_06551,188.15
OUT_06552,183.09
OUT_06553,193.58
OUT_06554,64.49
OUT_06555,292.03
OUT_06556,1634.24
OUT_06557,195.83
OUT_06558,171.1
OUT_06559,647.65
OUT_06560,47.09
OUT_06561,192.44
OUT_06562,65.1
OUT_06563,70.96
OUT_06564,55.24
OUT_06565,643.65
OUT_06566,57.77
OUT_06567,58.18
OUT_06568,193.3
OUT_06569,59.16
OUT_06570,59.56
OUT_06571,191.7
OUT_06572,61.13
OUT_06573,43.63
OUT_06574,639.24
OUT_06575,191.08
OUT_06576,62.28
OUT_06577,76.2
OUT_06578,71.63
OUT_06579,686.86
OUT_06580,64.15
OUT_06581,62.56
OUT_06582,66.7
OUT_06583,57.3
OUT_06584,46.96
OUT_06585,55.31
OUT_06586,189.86
OUT_06587,623.9
OUT_06588,48.98
OUT_06589,1662.34
OUT_06590,679.09
OUT_06591,67.58
OUT_06592,60.42
OUT_06593,183.98
OUT_06594,61.3
OUT_06595,59.87
OUT_06596,198.76
OUT_06597,62.98
OUT_06598,63.94
OUT_06599,668.94
OUT_06600,193.47
OUT_06601,60.19
OUT_06602,55.81
OUT_06603,186.69
OUT_06604,193.71
OUT_06605,67.4
OUT_06606,53.6
OUT_06607,50.95
OUT_06608,688.1
OUT_06609,187.77
OUT_06610,68.31
OUT_06611,56.39
OUT_06612,194.59
OUT_06613,668.0
OUT_06614,60.48
OUT_06615,674.01
OUT_06616,189.98
OUT_06617,192.38
OUT_06618,60.99
OUT_06619,67.79
OUT_06620,61.68
OUT_06621,73.86
OUT_06622,64.41
OUT_06623,49.3
OUT_06624,198.83
OUT_06625,1680.59
OUT_06626,191.15
OUT_06627,52.52
OUT_06628,184.38
OUT_06629,713.21
OUT_06630,232.11
OUT_06631,680.56
OUT_06632,62.46
OUT_06633,62.69
OUT_06634,187.51
OUT_06635,61.23
OUT_06636,56.78
OUT_06637,193.81
OUT_06638,53.63
OUT_06639,67.86
OUT_06640,62.57
OUT_06641,65.03
OUT_06642,61.44
OUT_06643,55.86
OUT_06644,66.5
OUT_06645,680.9
OUT_06646,188.47
OUT_06647,193.24
OUT_06648,626.24
OUT_06649,192.2
OUT_06650,49.04
OUT_06651,198.93
OUT_06652,51.7
OUT_06653,61.03
OUT_06654,58.15
OUT_06655,653.88
OUT_06656,64.83
OUT_06657,194.64
OUT_06658,1692.62
OUT_06659,64.35
OUT_06660,1718.6
OUT_06661,64.87
OUT_06662,193.39
OUT_06663,1656.07
OUT_06664,190.3
OUT_06665,60.49
OUT_06666,189.37
OUT_06667,57.44
OUT_06668,198.11
OUT_06669,48.41
OUT_06670,52.69
OUT_06671,61.92
OUT_06672,75.88
OUT_06673,58.02
OUT_06674,67.59
OUT_06675,56.19
OUT_06676,65.11
OUT_06677,646.47
OUT_06678,184.2
OUT_06679,208.73
OUT_06680,61.08
OUT_06681,59.02
OUT_06682,673.29
OUT_06683,44.72
OUT_06684,193.9
OUT_06685,61.41
OUT_06686,199.78
OUT_06687,64.27
OUT_06688,62.75
OUT_06689,62.65
OUT_06690,169.17
OUT_06691,51.2
OUT_06692,199.67
OUT_06693,65.14
OUT_06694,194.36
OUT_06695,194.01
OUT_06696,627.47
OUT_06697,54.86
OUT_06698,639.25
OUT_06699,1668.52
OUT_06700,61.12
OUT_06701,191.82
OUT_06702,195.63
OUT_06703,192.51
OUT_06704,198.9
OUT_06705,38.19
OUT_06706,201.69
OUT_06707,198.33
OUT_06708,60.27
OUT_06709,67.05
OUT_06710,193.46
OUT_06711,657.42
OUT_06712,54.98
OUT_06713,61.21
OUT_06714,59.88
OUT_06715,61.24
OUT_06716,49.31
OUT_06717,192.97
OUT_06718,659.31
OUT_06719,60.07
OUT_06720,704.75
OUT_06721,192.95
OUT_06722,54.87
OUT_06723,54.95
OUT_06724,687.51
OUT_06725,656.32
OUT_06726,186.45
OUT_06727,193.31
OUT_06728,51.38
OUT_06729,57.57
OUT_06730,64.78
OUT_06731,61.31
OUT_06732,42.23
OUT_06733,1674.02
OUT_06734,146.06
OUT_06735,55.68
OUT_06736,632.44
OUT_06737,54.18
OUT_06738,46.1
OUT_06739,192.08
OUT_06740,65.15
OUT_06741,192.87
OUT_06742,51.25
OUT_06743,68.23
OUT_06744,658.31
OUT_06745,194.56
OUT_06746,192.29
OUT_06747,644.19
OUT_06748,55.01
OUT_06749,194.21
OUT_06750,37.33
OUT_06751,184.52
OUT_06752,56.11
OUT_06753,192.41
OUT_06754,62.61
OUT_06755,55.58
OUT_06756,52.79
OUT_06757,57.94
OUT_06758,200.2
OUT_06759,50.01
OUT_06760,666.71
OUT_06761,69.3
OUT_06762,55.38
OUT_06763,691.32
OUT_06764,645.8
OUT_06765,199.62
OUT_06766,192.78
OUT_06767,191.13
OUT_06768,60.82
OUT_06769,61.16
OUT_06770,51.15
OUT_06771,51.78
OUT_06772,64.57
OUT_06773,194.32
OUT_06774,184.61
OUT_06775,188.39
OUT_06776,55.83
OUT_06777,661.64
OUT_06778,62.27
OUT_06779,63.8
OUT_06780,60.16
OUT_06781,67.57
OUT_06782,55.41
OUT_06783,54.97
OUT_06784,197.0
OUT_06785,189.64
OUT_06786,64.86
OUT_06787,50.83
OUT_06788,46.49
OUT_06789,61.09
OUT_06790,190.76
OUT_06791,58.19
OUT_06792,196.68
OUT_06793,198.08
OUT_06794,64.61
OUT_06795,184.33
OUT_06796,32.73
OUT_06797,654.83
OUT_06798,609.9
OUT_06799,55.71
OUT_06800,192.95
OUT_06801,44.96
OUT_06802,190.93
OUT_06803,200.28
OUT_06804,50.23
OUT_06805,64.66
OUT_06806,66.07
OUT_06807,53.97
OUT_06808,194.21
OUT_06809,65.29
OUT_06810,1547.02
OUT_06811,64.88
OUT_06812,67.81
OUT_06813,60.16
OUT_06814,47.89
OUT_06815,665.29
OUT_06816,195.32
OUT_06817,686.6
OUT_06818,1686.77
OUT_06819,191.01
OUT_06820,62.57
OUT_06821,193.71
OUT_06822,57.77
OUT_06823,196.05
OUT_06824,64.84
OUT_06825,192.17
OUT_06826,649.99
OUT_06827,49.17
OUT_06828,54.23
OUT_06829,55.58
OUT_06830,691.46
OUT_06831,184.44
OUT_06832,195.29
OUT_06833,186.01
OUT_06834,193.71
OUT_06835,58.17
OUT_06836,72.92
OUT_06837,186.73
OUT_06838,69.21
OUT_06839,631.54
OUT_06840,204.36
OUT_06841,188.72
OUT_06842,61.08
OUT_06843,701.86
OUT_06844,62.33
OUT_06845,186.26
OUT_06846,67.3
OUT_06847,62.9
OUT_06848,61.19
OUT_06849,194.93
OUT_06850,43.9
OUT_06851,202.35
OUT_06852,64.85
OUT_06853,63.47
OUT_06854,57.83
OUT_06855,192.52
OUT_06856,183.78
OUT_06857,61.26
OUT_06858,55.19
OUT_06859,49.24
OUT_06860,648.62
OUT_06861,64.82
OUT_06862,69.32
OUT_06863,686.28
OUT_06864,61.22
OUT_06865,194.28
OUT_06866,193.6
OUT_06867,623.28
OUT_06868,65.93
OUT_06869,61.08
OUT_06870,61.68
OUT_06871,56.7
OUT_06872,58.64
OUT_06873,68.57
OUT_06874,59.81
OUT_06875,40.83
OUT_06876,62.65
OUT_06877,77.24
OUT_06878,72.68
OUT_06879,676.59
OUT_06880,643.57
OUT_06881,691.2
OUT_06882,667.54
OUT_06883,65.03
OUT_06884,190.87
OUT_06885,57.76
OUT_06886,190.28
OUT_06887,64.78
OUT_06888,655.15
OUT_06889,55.4
OUT_06890,55.49
OUT_06891,193.59
OUT_06892,58.37
OUT_06893,179.74
OUT_06894,284.66
OUT_06895,69.95
OUT_06896,72.42
OUT_06897,197.32
OUT_06898,64.77
OUT_06899,62.35
OUT_06900,57.46
OUT_06901,194.24
OUT_06902,55.77
OUT_06903,51.13
OUT_06904,188.59
OUT_06905,190.65
OUT_06906,674.26
OUT_06907,56.71
OUT_06908,57.53
OUT_06909,55.23
OUT_06910,191.83
OUT_06911,55.4
OUT_06912,40.68
OUT_06913,67.47
OUT_06914,198.56
OUT_06915,620.58
OUT_06916,57.88
OUT_06917,57.17
OUT_06918,61.37
OUT_06919,73.13
OUT_06920,54.68
OUT_06921,60.89
OUT_06922,642.93
OUT_06923,65.14
OUT_06924,71.3
OUT_06925,62.23
OUT_06926,63.2
OUT_06927,67.85
OUT_06928,71.08
OUT_06929,64.2
OUT_06930,196.01
OUT_06931,51.11
OUT_06932,191.18
OUT_06933,196.57
OUT_06934,63.22
OUT_06935,65.06
OUT_06936,192.25
OUT_06937,72.04
OUT_06938,637.07
OUT_06939,192.92
OUT_06940,1684.99
OUT_06941,190.25
OUT_06942,193.59
OUT_06943,190.53
OUT_06944,66.98
OUT_06945,52.95
OUT_06946,67.57
OUT_06947,191.85
OUT_06948,631.88
OUT_06949,184.22
OUT_06950,61.45
OUT_06951,65.88
OUT_06952,670.18
OUT_06953,46.07
OUT_06954,58.12
OUT_06955,65.41
OUT_06956,188.95
OUT_06957,67.72
OUT_06958,44.76
OUT_06959,45.05
OUT_06960,62.7
OUT_06961,53.88
OUT_06962,51.16
OUT_06963,192.18
OUT_06964,59.98
OUT_06965,45.35
OUT_06966,65.06
OUT_06967,194.35
OUT_06968,66.75
OUT_06969,55.02
OUT_06970,34.05
OUT_06971,46.54
OUT_06972,67.28
OUT_06973,66.03
OUT_06974,209.19
OUT_06975,64.58
OUT_06976,684.7
OUT_06977,193.37
OUT_06978,56.26
OUT_06979,58.72
OUT_06980,58.31
OUT_06981,1693.53
OUT_06982,60.22
OUT_06983,62.87
OUT_06984,190.93
OUT_06985,1688.69
OUT_06986,60.08
OUT_06987,47.17
OUT_06988,196.78
OUT_06989,195.43
OUT_06990,663.8
OUT_06991,71.94
OUT_06992,46.96
OUT_06993,65.92
OUT_06994,61.95
OUT_06995,67.44
OUT_06996,653.74
OUT_06997,196.53
OUT_06998,56.28
OUT_06999,194.05
OUT_07000,720.13
OUT_07001,184.9
OUT_07002,676.28
OUT_07003,192.78
OUT_07004,63.3
OUT_07005,33.28
OUT_07006,62.66
OUT_07007,185.68
OUT_07008,1655.72
OUT_07009,198.26
OUT_07010,194.59
OUT_07011,64.37
OUT_07012,622.2
OUT_07013,1650.36
OUT_07014,195.87
OUT_07015,55.21
OUT_07016,1665.34
OUT_07017,56.87
OUT_07018,189.36
OUT_07019,53.86
OUT_07020,628.87
OUT_07021,203.08
OUT_07022,47.53
OUT_07023,60.42
OUT_07024,196.67
OUT_07025,65.22
OUT_07026,1642.53
OUT_07027,1655.66
OUT_07028,56.27
OUT_07029,669.15
OUT_07030,62.78
OUT_07031,671.09
OUT_07032,192.62
OUT_07033,191.04
OUT_07034,62.16
OUT_07035,49.34
OUT_07036,64.85
OUT_07037,190.83
OUT_07038,55.73
OUT_07039,67.77
OUT_07040,201.32
OUT_07041,66.2
OUT_07042,192.02
OUT_07043,57.84
OUT_07044,186.73
OUT_07045,181.86
OUT_07046,193.06
OUT_07047,53.9
OUT_07048,654.78
OUT_07049,50.5
OUT_07050,187.64
OUT_07051,195.84
OUT_07052,47.41
OUT_07053,65.08
OUT_07054,188.17
OUT_07055,49.55
OUT_07056,700.46
OUT_07057,638.62
OUT_07058,183.5
OUT_07059,54.05
OUT_07060,74.79
OUT_07061,661.51
OUT_07062,209.05
OUT_07063,48.55
OUT_07064,188.89
OUT_07065,668.75
OUT_07066,71.01
OUT_07067,194.81
OUT_07068,1686.0
OUT_07069,67.47
OUT_07070,200.83
OUT_07071,57.3
OUT_07072,67.54
OUT_07073,67.33
OUT_07074,65.26
OUT_07075,57.26
OUT_07076,71.05
OUT_07077,55.16
OUT_07078,193.71
OUT_07079,55.45
OUT_07080,1640.81
OUT_07081,202.87
OUT_07082,53.63
OUT_07083,70.63
OUT_07084,53.37
OUT_07085,193.98
OUT_07086,48.31
OUT_07087,51.3
OUT_07088,192.36
OUT_07089,1638.53
OUT_07090,194.63
OUT_07091,195.39
OUT_07092,63.05
OUT_07093,657.12
OUT_07094,193.39
OUT_07095,38.94
OUT_07096,189.36
OUT_07097,189.2
OUT_07098,57.83
OUT_07099,194.34
OUT_07100,75.22
OUT_07101,671.26
OUT_07102,59.93
OUT_07103,65.86
OUT_07104,55.64
OUT_07105,188.24
OUT_07106,66.05
OUT_07107,60.34
OUT_07108,668.6
OUT_07109,55.45
OUT_07110,67.71
OUT_07111,200.07
OUT_07112,283.41
OUT_07113,194.64
OUT_07114,197.76
OUT_07115,192.52
OUT_07116,67.01
OUT_07117,61.28
OUT_07118,63.9
OUT_07119,190.68
OUT_07120,191.72
OUT_07121,692.85
OUT_07122,636.69
OUT_07123,57.18
OUT_07124,679.64
OUT_07125,58.69
OUT_07126,186.98
OUT_07127,64.92
OUT_07128,44.04
OUT_07129,204.12
OUT_07130,48.26
OUT_07131,60.24
OUT_07132,224.08
OUT_07133,62.13
OUT_07134,58.12
OUT_07135,1696.32
OUT_07136,55.56
OUT_07137,60.82
OUT_07138,672.75
OUT_07139,67.14
OUT_07140,69.49
OUT_07141,665.46
OUT_07142,64.75
OUT_07143,67.48
OUT_07144,668.82
OUT_07145,48.94
OUT_07146,64.33
OUT_07147,684.53
OUT_07148,693.43
OUT_07149,188.19
OUT_07150,614.37
OUT_07151,62.74
OUT_07152,62.62
OUT_07153,57.97
OUT_07154,50.94
OUT_07155,199.34
OUT_07156,664.51
OUT_07157,193.31
OUT_07158,44.5
OUT_07159,61.92
OUT_07160,66.57
OUT_07161,1711.67
OUT_07162,32.11
OUT_07163,61.05
OUT_07164,61.89
OUT_07165,72.95
OUT_07166,185.76
OUT_07167,50.18
OUT_07168,63.52
OUT_07169,190.49
OUT_07170,62.41
OUT_07171,60.26
OUT_07172,64.45
OUT_07173,57.86
OUT_07174,55.27
OUT_07175,64.87
OUT_07176,64.76
OUT_07177,1650.24
OUT_07178,194.28
OUT_07179,66.04
OUT_07180,55.27
OUT_07181,196.63
OUT_07182,44.73
OUT_07183,690.32
OUT_07184,195.25
OUT_07185,63.58
OUT_07186,48.62
OUT_07187,659.3
OUT_07188,50.15
OUT_07189,69.54
OUT_07190,49.04
OUT_07191,65.01
OUT_07192,66.87
OUT_07193,196.0
OUT_07194,658.04
OUT_07195,633.88
OUT_07196,192.16
OUT_07197,61.31
OUT_07198,73.95
OUT_07199,190.74
OUT_07200,64.89
OUT_07201,204.6
OUT_07202,62.58
OUT_07203,193.15
OUT_07204,68.17
OUT_07205,61.28
OUT_07206,62.67
OUT_07207,195.02
OUT_07208,54.26
OUT_07209,192.98
OUT_07210,62.36
OUT_07211,56.93
OUT_07212,195.25
OUT_07213,41.4
OUT_07214,673.91
OUT_07215,1673.58
OUT_07216,60.01
OUT_07217,57.81
OUT_07218,193.27
OUT_07219,667.56
OUT_07220,72.38
OUT_07221,62.86
OUT_07222,59.81
OUT_07223,43.96
OUT_07224,37.12
OUT_07225,1697.5
OUT_07226,44.29
OUT_07227,663.13
OUT_07228,61.07
OUT_07229,33.87
OUT_07230,68.26
OUT_07231,56.49
OUT_07232,195.94
OUT_07233,1658.72
OUT_07234,55.93
OUT_07235,187.73
OUT_07236,66.13
OUT_07237,55.57
OUT_07238,77.29
OUT_07239,211.93
OUT_07240,65.06
OUT_07241,68.84
OUT_07242,67.04
OUT_07243,189.16
OUT_07244,67.16
OUT_07245,193.17
OUT_07246,67.3
OUT_07247,193.73
OUT_07248,64.46
OUT_07249,60.5
OUT_07250,1609.51
OUT_07251,192.61
OUT_07252,193.27
OUT_07253,61.08
OUT_07254,64.8
OUT_07255,53.79
OUT_07256,189.54
OUT_07257,188.95
OUT_07258,633.42
OUT_07259,657.37
OUT_07260,60.34
OUT_07261,67.33
OUT_07262,195.89
OUT_07263,688.4
OUT_07264,53.42
OUT_07265,52.39
OUT_07266,680.66
OUT_07267,70.16
OUT_07268,192.78
OUT_07269,208.88
OUT_07270,57.87
OUT_07271,64.53
OUT_07272,215.66
OUT_07273,645.63
OUT_07274,641.47
OUT_07275,70.19
OUT_07276,1679.41
OUT_07277,64.6
OUT_07278,48.6
OUT_07279,65.86
OUT_07280,224.26
OUT_07281,666.92
OUT_07282,183.4
OUT_07283,63.23
OUT_07284,193.83
OUT_07285,1679.73
OUT_07286,190.25
OUT_07287,62.62
OUT_07288,56.5
OUT_07289,653.38
OUT_07290,49.44
OUT_07291,64.56
OUT_07292,68.64
OUT_07293,62.47
OUT_07294,73.84
OUT_07295,64.65
OUT_07296,192.72
OUT_07297,67.71
OUT_07298,658.3
OUT_07299,64.2
OUT_07300,645.03
OUT_07301,65.55
OUT_07302,198.85
OUT_07303,71.75
OUT_07304,48.77
OUT_07305,653.43
OUT_07306,53.72
OUT_07307,679.07
OUT_07308,48.72
OUT_07309,60.19
OUT_07310,69.21
OUT_07311,183.81
OUT_07312,56.22
OUT_07313,63.59
OUT_07314,633.88
OUT_07315,195.76
OUT_07316,1653.45
OUT_07317,652.94
OUT_07318,195.04
OUT_07319,45.23
OUT_07320,61.36
OUT_07321,1641.16
OUT_07322,193.49
OUT_07323,47.97
OUT_07324,642.99
OUT_07325,59.89
OUT_07326,46.55
OUT_07327,675.36
OUT_07328,192.16
OUT_07329,184.9
OUT_07330,199.68
OUT_07331,665.82
OUT_07332,51.61
OUT_07333,197.94
OUT_07334,214.41
OUT_07335,697.69
OUT_07336,65.5
OUT_07337,67.32
OUT_07338,43.65
OUT_07339,80.9
OUT_07340,67.31
OUT_07341,685.25
OUT_07342,65.33
OUT_07343,190.32
OUT_07344,72.29
OUT_07345,72.31
OUT_07346,49.54
OUT_07347,193.99
OUT_07348,195.45
OUT_07349,634.49
OUT_07350,58.02
OUT_07351,188.09
OUT_07352,70.2
OUT_07353,56.29
OUT_07354,644.63
OUT_07355,59.87
OUT_07356,189.84
OUT_07357,194.3
OUT_07358,75.17
OUT_07359,56.36
OUT_07360,55.09
OUT_07361,45.68
OUT_07362,193.62
OUT_07363,65.85
OUT_07364,203.14
OUT_07365,46.77
OUT_07366,62.79
OUT_07367,660.64
OUT_07368,662.14
OUT_07369,67.76
OUT_07370,51.19
OUT_07371,189.35
OUT_07372,64.16
OUT_07373,55.5
OUT_07374,673.22
OUT_07375,61.03
OUT_07376,200.46
OUT_07377,47.15
OUT_07378,644.16
OUT_07379,52.42
OUT_07380,643.4
OUT_07381,57.11
OUT_07382,190.46
OUT_07383,186.29
OUT_07384,68.17
OUT_07385,65.33
OUT_07386,654.71
OUT_07387,56.82
OUT_07388,1699.55
OUT_07389,58.46
OUT_07390,653.03
OUT_07391,1679.1
OUT_07392,36.75
OUT_07393,645.0
OUT_07394,67.19
OUT_07395,60.61
OUT_07396,190.37
OUT_07397,44.05
OUT_07398,48.31
OUT_07399,69.98
OUT_07400,212.42
OUT_07401,65.36
OUT_07402,188.6
OUT_07403,64.48
OUT_07404,70.22
OUT_07405,54.06
OUT_07406,54.29
OUT_07407,60.12
OUT_07408,1651.78
OUT_07409,64.74
OUT_07410,192.85
OUT_07411,55.2
OUT_07412,56.12
OUT_07413,194.51
OUT_07414,188.99
OUT_07415,192.41
OUT_07416,191.5
OUT_07417,1721.09
OUT_07418,665.03
OUT_07419,57.1
OUT_07420,199.14
OUT_07421,60.36
OUT_07422,675.11
OUT_07423,202.6
OUT_07424,67.2
OUT_07425,188.57
OUT_07426,210.82
OUT_07427,60.17
OUT_07428,185.8
OUT_07429,190.86
OUT_07430,56.41
OUT_07431,61.21
OUT_07432,670.48
OUT_07433,65.11
OUT_07434,67.21
OUT_07435,64.65
OUT_07436,65.11
OUT_07437,54.95
OUT_07438,57.54
OUT_07439,31.98
OUT_07440,189.75
OUT_07441,69.89
OUT_07442,60.1
OUT_07443,709.42
OUT_07444,168.78
OUT_07445,60.11
OUT_07446,67.92
OUT_07447,195.04
OUT_07448,189.9
OUT_07449,32.32
OUT_07450,53.11
OUT_07451,630.63
OUT_07452,195.18
OUT_07453,193.33
OUT_07454,50.41
OUT_07455,183.98
OUT_07456,702.34
OUT_07457,54.67
OUT_07458,195.98
OUT_07459,73.99
OUT_07460,56.93
OUT_07461,36.13
OUT_07462,194.06
OUT_07463,192.78
OUT_07464,199.62
OUT_07465,64.53
OUT_07466,645.86
OUT_07467,185.59
OUT_07468,52.71
OUT_07469,617.6
OUT_07470,61.4
OUT_07471,186.85
OUT_07472,652.73
OUT_07473,65.04
OUT_07474,1652.22
OUT_07475,182.7
OUT_07476,66.95
OUT_07477,50.31
OUT_07478,67.54
OUT_07479,55.51
OUT_07480,656.08
OUT_07481,188.94
OUT_07482,56.37
OUT_07483,662.41
OUT_07484,195.15
OUT_07485,151.27
OUT_07486,190.73
OUT_07487,188.82
OUT_07488,186.88
OUT_07489,196.68
OUT_07490,644.18
OUT_07491,183.39
OUT_07492,1686.63
OUT_07493,197.11
OUT_07494,193.85
OUT_07495,192.93
OUT_07496,58.24
OUT_07497,195.65
OUT_07498,187.41
OUT_07499,198.35
OUT_07500,55.43
OUT_07501,194.07
OUT_07502,58.05
OUT_07503,189.07
OUT_07504,1688.88
OUT_07505,644.39
OUT_07506,61.81
OUT_07507,52.02
OUT_07508,56.07
OUT_07509,44.18
OUT_07510,73.82
OUT_07511,62.88
OUT_07512,193.37
OUT_07513,188.66
OUT_07514,61.38
OUT_07515,702.49
OUT_07516,61.78
OUT_07517,55.29
OUT_07518,57.62
OUT_07519,1703.23
OUT_07520,194.2
OUT_07521,54.84
OUT_07522,193.31
OUT_07523,57.74
OUT_07524,185.67
OUT_07525,65.78
OUT_07526,64.74
OUT_07527,55.96
OUT_07528,56.18
OUT_07529,56.31
OUT_07530,195.53
OUT_07531,60.43
OUT_07532,196.52
OUT_07533,172.56
OUT_07534,58.82
OUT_07535,186.64
OUT_07536,640.28
OUT_07537,57.65
OUT_07538,54.31
OUT_07539,188.1
OUT_07540,57.61
OUT_07541,54.91
OUT_07542,61.79
OUT_07543,67.57
OUT_07544,63.7
OUT_07545,198.44
OUT_07546,1701.84
OUT_07547,184.75
OUT_07548,54.94
OUT_07549,50.1
OUT_07550,63.57
OUT_07551,56.1
OUT_07552,194.76
OUT_07553,1671.88
OUT_07554,65.19
OUT_07555,65.51
OUT_07556,57.69
OUT_07557,651.33
OUT_07558,41.58
OUT_07559,60.93
OUT_07560,65.67
OUT_07561,189.66
OUT_07562,47.7
OUT_07563,185.2
OUT_07564,65.73
OUT_07565,67.18
OUT_07566,75.8
OUT_07567,64.33
OUT_07568,67.0
OUT_07569,65.21
OUT_07570,56.97
OUT_07571,186.98
OUT_07572,70.1
OUT_07573,52.86
OUT_07574,624.88
OUT_07575,53.79
OUT_07576,192.36
OUT_07577,58.6
OUT_07578,651.58
OUT_07579,56.15
OUT_07580,67.21
OUT_07581,644.98
OUT_07582,48.69
OUT_07583,64.52
OUT_07584,57.19
OUT_07585,64.71
OUT_07586,189.14
OUT_07587,616.69
OUT_07588,44.17
OUT_07589,60.24
OUT_07590,654.87
OUT_07591,680.97
OUT_07592,56.77
OUT_07593,195.67
OUT_07594,64.6
OUT_07595,56.44
OUT_07596,59.86
OUT_07597,63.08
OUT_07598,210.82
OUT_07599,55.61
OUT_07600,710.03
OUT_07601,72.78
OUT_07602,65.43
OUT_07603,65.26
OUT_07604,1693.65
OUT_07605,692.77
OUT_07606,73.62
OUT_07607,60.72
OUT_07608,56.3
OUT_07609,194.73
OUT_07610,53.88
OUT_07611,187.67
OUT_07612,43.08
OUT_07613,67.38
OUT_07614,60.03
OUT_07615,195.09
OUT_07616,56.6
OUT_07617,717.04
OUT_07618,63.13
OUT_07619,193.76
OUT_07620,195.48
OUT_07621,189.99
OUT_07622,189.3
OUT_07623,60.6
OUT_07624,61.39
OUT_07625,638.94
OUT_07626,37.79
OUT_07627,658.93
OUT_07628,66.09
OUT_07629,649.57
OUT_07630,59.9
OUT_07631,68.58
OUT_07632,63.23
OUT_07633,665.07
OUT_07634,63.27
OUT_07635,691.37
OUT_07636,671.6
OUT_07637,60.42
OUT_07638,208.54
OUT_07639,1673.09
OUT_07640,56.32
OUT_07641,183.78
OUT_07642,63.65
OUT_07643,202.7
OUT_07644,55.43
OUT_07645,55.32
OUT_07646,192.59
OUT_07647,70.68
OUT_07648,60.05
OUT_07649,188.48
OUT_07650,191.35
OUT_07651,67.35
OUT_07652,76.58
OUT_07653,55.01
OUT_07654,186.01
OUT_07655,1677.38
OUT_07656,47.34
OUT_07657,64.68
OUT_07658,1698.63
OUT_07659,185.37
OUT_07660,62.55
OUT_07661,184.02
OUT_07662,202.0
OUT_07663,55.02
OUT_07664,192.42
OUT_07665,60.97
OUT_07666,64.67
OUT_07667,198.93
OUT_07668,64.79
OUT_07669,39.65
OUT_07670,59.93
OUT_07671,661.85
OUT_07672,54.8
OUT_07673,57.74
OUT_07674,636.41
OUT_07675,54.59
OUT_07676,67.69
OUT_07677,648.49
OUT_07678,660.22
OUT_07679,666.19
OUT_07680,56.5
OUT_07681,194.33
OUT_07682,675.41
OUT_07683,55.59
OUT_07684,195.23
OUT_07685,695.63
OUT_07686,74.98
OUT_07687,1708.15
OUT_07688,1680.14
OUT_07689,191.76
OUT_07690,54.99
OUT_07691,72.14
OUT_07692,49.01
OUT_07693,192.38
OUT_07694,61.29
OUT_07695,69.98
OUT_07696,61.74
OUT_07697,62.45
OUT_07698,51.99
OUT_07699,55.65
OUT_07700,55.53
OUT_07701,64.67
OUT_07702,668.66
OUT_07703,1674.2
OUT_07704,653.08
OUT_07705,203.56
OUT_07706,192.88
OUT_07707,55.23
OUT_07708,194.15
OUT_07709,191.99
OUT_07710,55.31
OUT_07711,58.51
OUT_07712,194.49
OUT_07713,192.15
OUT_07714,187.42
OUT_07715,195.29
OUT_07716,44.49
OUT_07717,64.48
OUT_07718,186.92
OUT_07719,64.67
OUT_07720,1685.81
OUT_07721,190.24
OUT_07722,658.72
OUT_07723,48.41
OUT_07724,193.3
OUT_07725,188.49
OUT_07726,56.76
OUT_07727,70.25
OUT_07728,64.59
OUT_07729,56.29
OUT_07730,199.56
OUT_07731,54.04
OUT_07732,188.71
OUT_07733,60.98
OUT_07734,683.74
OUT_07735,64.93
OUT_07736,1581.08
OUT_07737,63.11
OUT_07738,65.53
OUT_07739,191.49
OUT_07740,193.18
OUT_07741,60.09
OUT_07742,635.89
OUT_07743,60.38
OUT_07744,64.61
OUT_07745,45.99
OUT_07746,649.8
OUT_07747,189.67
OUT_07748,62.68
OUT_07749,185.99
OUT_07750,184.85
OUT_07751,74.79
OUT_07752,64.79
OUT_07753,190.07
OUT_07754,64.09
OUT_07755,191.11
OUT_07756,66.19
OUT_07757,50.42
OUT_07758,55.67
OUT_07759,55.51
OUT_07760,190.09
OUT_07761,55.47
OUT_07762,1682.95
OUT_07763,199.52
OUT_07764,68.38
OUT_07765,1651.3
OUT_07766,61.43
OUT_07767,62.44
OUT_07768,57.45
OUT_07769,634.78
OUT_07770,62.47
OUT_07771,183.19
OUT_07772,644.77
OUT_07773,183.65
OUT_07774,232.78
OUT_07775,678.33
OUT_07776,61.6
OUT_07777,67.64
OUT_07778,57.82
OUT_07779,70.03
OUT_07780,61.61
OUT_07781,207.4
OUT_07782,186.8
OUT_07783,58.45
OUT_07784,542.32
OUT_07785,197.71
OUT_07786,620.84
OUT_07787,664.9
OUT_07788,62.6
OUT_07789,50.57
OUT_07790,194.18
OUT_07791,636.93
OUT_07792,655.13
OUT_07793,674.33
OUT_07794,56.62
OUT_07795,655.33
OUT_07796,1669.54
OUT_07797,64.45
OUT_07798,194.27
OUT_07799,45.1
OUT_07800,43.83
OUT_07801,671.76
OUT_07802,48.88
OUT_07803,60.14
OUT_07804,58.32
OUT_07805,37.2
OUT_07806,198.72
OUT_07807,62.65
OUT_07808,67.37
OUT_07809,205.05
OUT_07810,1662.85
OUT_07811,58.46
OUT_07812,63.47
OUT_07813,61.37
OUT_07814,67.23
OUT_07815,1664.23
OUT_07816,62.74
OUT_07817,618.0
OUT_07818,43.68
OUT_07819,172.74
OUT_07820,58.64
OUT_07821,48.32
OUT_07822,59.01
OUT_07823,657.3
OUT_07824,56.47
OUT_07825,203.3
OUT_07826,58.93
OUT_07827,193.56
OUT_07828,61.64
OUT_07829,55.46
OUT_07830,650.06
OUT_07831,189.37
OUT_07832,663.61
OUT_07833,179.77
OUT_07834,196.13
OUT_07835,60.69
OUT_07836,200.64
OUT_07837,1666.16
OUT_07838,190.5
OUT_07839,53.38
OUT_07840,186.92
OUT_07841,61.52
OUT_07842,62.73
OUT_07843,64.74
OUT_07844,63.58
OUT_07845,679.48
OUT_07846,185.84
OUT_07847,194.48
OUT_07848,57.98
OUT_07849,71.73
OUT_07850,64.73
OUT_07851,51.41
OUT_07852,44.57
OUT_07853,59.63
OUT_07854,55.51
OUT_07855,206.55
OUT_07856,193.93
OUT_07857,198.26
OUT_07858,694.68
OUT_07859,640.88
OUT_07860,193.92
OUT_07861,201.01
OUT_07862,51.52
OUT_07863,193.69
OUT_07864,199.17
OUT_07865,43.98
OUT_07866,56.81
OUT_07867,655.09
OUT_07868,61.26
OUT_07869,184.0
OUT_07870,201.0
OUT_07871,60.04
OUT_07872,47.58
OUT_07873,61.06
OUT_07874,56.43
OUT_07875,640.13
OUT_07876,1641.18
OUT_07877,1675.33
OUT_07878,60.74
OUT_07879,635.61
OUT_07880,1679.01
OUT_07881,65.67
OUT_07882,55.97
OUT_07883,652.55
OUT_07884,196.16
OUT_07885,55.46
OUT_07886,190.57
OUT_07887,55.18
OUT_07888,194.36
OUT_07889,55.18
OUT_07890,60.21
OUT_07891,69.81
OUT_07892,70.65
OUT_07893,660.0
OUT_07894,61.27
OUT_07895,57.26
OUT_07896,1664.0
OUT_07897,692.36
OUT_07898,189.29
OUT_07899,189.55
OUT_07900,67.08
OUT_07901,639.82
OUT_07902,67.19
OUT_07903,59.67
OUT_07904,66.71
OUT_07905,56.45
OUT_07906,57.38
OUT_07907,55.4
OUT_07908,662.53
OUT_07909,203.67
OUT_07910,188.34
OUT_07911,650.22
OUT_07912,90.23
OUT_07913,57.83
OUT_07914,44.64
OUT_07915,192.39
OUT_07916,1660.91
OUT_07917,60.66
OUT_07918,59.74
OUT_07919,69.15
OUT_07920,187.54
OUT_07921,43.67
OUT_07922,65.1
OUT_07923,1605.16
OUT_07924,628.03
OUT_07925,1666.96
OUT_07926,68.02
OUT_07927,73.69
OUT_07928,46.69
OUT_07929,65.23
OUT_07930,673.21
OUT_07931,65.17
OUT_07932,179.93
OUT_07933,57.95
OUT_07934,55.46
OUT_07935,701.16
OUT_07936,58.67
OUT_07937,69.27
OUT_07938,670.99
OUT_07939,188.16
OUT_07940,47.96
OUT_07941,193.53
OUT_07942,66.94
OUT_07943,189.52
OUT_07944,69.63
OUT_07945,192.56
OUT_07946,52.54
OUT_07947,192.65
OUT_07948,184.39
OUT_07949,694.38
OUT_07950,64.26
OUT_07951,64.98
OUT_07952,64.17
OUT_07953,54.08
OUT_07954,192.74
OUT_07955,181.42
OUT_07956,179.35
OUT_07957,194.09
OUT_07958,60.54
OUT_07959,60.13
OUT_07960,55.55
OUT_07961,61.31
OUT_07962,192.41
OUT_07963,66.82
OUT_07964,31.33
OUT_07965,187.91
OUT_07966,183.97
OUT_07967,645.32
OUT_07968,57.28
OUT_07969,195.65
OUT_07970,627.91
OUT_07971,671.69
OUT_07972,193.71
OUT_07973,51.76
OUT_07974,187.64
OUT_07975,54.3
OUT_07976,57.34
OUT_07977,46.4
OUT_07978,196.7
OUT_07979,66.11
OUT_07980,1694.81
OUT_07981,68.31
OUT_07982,68.88
OUT_07983,37.65
OUT_07984,64.17
OUT_07985,639.1
OUT_07986,55.49
OUT_07987,63.38
OUT_07988,67.5
OUT_07989,64.94
OUT_07990,69.69
OUT_07991,668.84
OUT_07992,56.43
OUT_07993,661.86
OUT_07994,53.11
OUT_07995,49.65
OUT_07996,44.57
OUT_07997,193.33
OUT_07998,67.7
OUT_07999,71.22
OUT_08000,69.92
OUT_08001,690.84
OUT_08002,192.42
OUT_08003,66.54
OUT_08004,48.84
OUT_08005,65.11
OUT_08006,55.6
OUT_08007,70.74
OUT_08008,197.23
OUT_08009,52.08
OUT_08010,188.13
OUT_08011,61.2
OUT_08012,55.71
OUT_08013,193.86
OUT_08014,197.5
OUT_08015,623.04
OUT_08016,62.1
OUT_08017,64.85
OUT_08018,62.84
OUT_08019,194.29
OUT_08020,44.1
OUT_08021,55.04
OUT_08022,191.4
OUT_08023,163.74
OUT_08024,57.43
OUT_08025,637.73
OUT_08026,202.47
OUT_08027,66.8
OUT_08028,52.8
OUT_08029,659.81
OUT_08030,646.9
OUT_08031,70.87
OUT_08032,1706.85
OUT_08033,1677.69
OUT_08034,56.56
OUT_08035,195.12
OUT_08036,59.06
OUT_08037,658.02
OUT_08038,195.6
OUT_08039,681.49
OUT_08040,47.03
OUT_08041,630.92
OUT_08042,206.3
OUT_08043,70.1
OUT_08044,52.93
OUT_08045,1664.12
OUT_08046,61.73
OUT_08047,1656.18
OUT_08048,65.2
OUT_08049,62.83
OUT_08050,642.42
OUT_08051,70.36
OUT_08052,194.66
OUT_08053,51.71
OUT_08054,72.03
OUT_08055,639.94
OUT_08056,56.53
OUT_08057,184.81
OUT_08058,192.31
OUT_08059,633.06
OUT_08060,62.54
OUT_08061,56.97
OUT_08062,674.26
OUT_08063,187.68
OUT_08064,49.33
OUT_08065,209.11
OUT_08066,656.45
OUT_08067,680.72
OUT_08068,57.84
OUT_08069,193.11
OUT_08070,195.83
OUT_08071,61.39
OUT_08072,178.71
OUT_08073,62.71
OUT_08074,67.16
OUT_08075,197.88
OUT_08076,189.01
OUT_08077,61.31
OUT_08078,193.3
OUT_08079,1654.39
OUT_08080,185.31
OUT_08081,56.75
OUT_08082,184.66
OUT_08083,676.11
OUT_08084,58.1
OUT_08085,56.59
OUT_08086,73.73
OUT_08087,50.69
OUT_08088,191.66
OUT_08089,62.33
OUT_08090,1700.84
OUT_08091,223.79
OUT_08092,74.95
OUT_08093,185.49
OUT_08094,57.05
OUT_08095,65.07
OUT_08096,73.95
OUT_08097,635.3
OUT_08098,191.63
OUT_08099,626.31
OUT_08100,1666.09
OUT_08101,60.48
OUT_08102,192.78
OUT_08103,61.08
OUT_08104,56.65
OUT_08105,186.87
OUT_08106,60.16
OUT_08107,185.05
OUT_08108,55.31
OUT_08109,1675.52
OUT_08110,48.9
OUT_08111,193.31
OUT_08112,603.61
OUT_08113,63.68
OUT_08114,675.26
OUT_08115,67.48
OUT_08116,185.16
OUT_08117,51.01
OUT_08118,643.87
OUT_08119,68.8
OUT_08120,647.38
OUT_08121,72.46
OUT_08122,57.95
OUT_08123,189.29
OUT_08124,61.4
OUT_08125,191.54
OUT_08126,649.68
OUT_08127,640.13
OUT_08128,622.24
OUT_08129,673.11
OUT_08130,64.77
OUT_08131,644.94
OUT_08132,56.68
OUT_08133,72.23
OUT_08134,188.45
OUT_08135,190.25
OUT_08136,36.05
OUT_08137,188.84
OUT_08138,614.57
OUT_08139,177.94
OUT_08140,655.82
OUT_08141,64.94
OUT_08142,62.78
OUT_08143,194.75
OUT_08144,44.41
OUT_08145,639.47
OUT_08146,65.74
OUT_08147,52.96
OUT_08148,194.61
OUT_08149,61.51
OUT_08150,58.34
OUT_08151,194.5
OUT_08152,56.52
OUT_08153,193.51
OUT_08154,193.97
OUT_08155,59.69
OUT_08156,145.45
OUT_08157,57.26
OUT_08158,665.06
OUT_08159,1673.37
OUT_08160,645.06
OUT_08161,71.26
OUT_08162,60.85
OUT_08163,57.74
OUT_08164,55.16
OUT_08165,187.44
OUT_08166,62.07
OUT_08167,193.74
OUT_08168,56.39
OUT_08169,57.17
OUT_08170,66.11
OUT_08171,55.46
OUT_08172,186.9
OUT_08173,192.91
OUT_08174,57.13
OUT_08175,673.44
OUT_08176,48.45
OUT_08177,651.91
OUT_08178,187.2
OUT_08179,664.89
OUT_08180,64.76
OUT_08181,180.87
OUT_08182,192.73
OUT_08183,70.68
OUT_08184,60.52
OUT_08185,41.32
OUT_08186,640.44
OUT_08187,648.27
OUT_08188,194.82
OUT_08189,39.3
OUT_08190,206.08
OUT_08191,52.45
OUT_08192,197.96
OUT_08193,60.68
OUT_08194,46.1
OUT_08195,692.49
OUT_08196,187.38
OUT_08197,38.94
OUT_08198,192.64
OUT_08199,189.61
OUT_08200,61.45
OUT_08201,1682.64
OUT_08202,51.06
OUT_08203,59.67
OUT_08204,57.98
OUT_08205,52.0
OUT_08206,628.07
OUT_08207,52.8
OUT_08208,189.5
OUT_08209,191.56
OUT_08210,64.81
OUT_08211,56.18
OUT_08212,55.89
OUT_08213,65.0
OUT_08214,54.22
OUT_08215,195.73
OUT_08216,692.29
OUT_08217,630.09
OUT_08218,1648.6
OUT_08219,189.8
OUT_08220,43.41
OUT_08221,655.85
OUT_08222,670.41
OUT_08223,77.26
OUT_08224,57.03
OUT_08225,642.59
OUT_08226,1674.94
OUT_08227,633.25
OUT_08228,668.4
OUT_08229,67.11
OUT_08230,203.27
OUT_08231,1657.59
OUT_08232,56.58
OUT_08233,664.03
OUT_08234,641.49
OUT_08235,74.41
OUT_08236,47.16
OUT_08237,654.62
OUT_08238,194.74
OUT_08239,196.51
OUT_08240,55.31
OUT_08241,670.83
OUT_08242,69.98
OUT_08243,636.75
OUT_08244,64.55
OUT_08245,52.15
OUT_08246,63.08
OUT_08247,201.09
OUT_08248,71.71
OUT_08249,65.96
OUT_08250,64.46
OUT_08251,197.61
OUT_08252,59.35
OUT_08253,47.62
OUT_08254,187.07
OUT_08255,414.07
OUT_08256,33.26
OUT_08257,185.33
OUT_08258,195.49
OUT_08259,194.86
OUT_08260,631.11
OUT_08261,654.84
OUT_08262,187.87
OUT_08263,64.73
OUT_08264,196.65
OUT_08265,45.4
OUT_08266,54.01
OUT_08267,190.5
OUT_08268,58.23
OUT_08269,57.75
OUT_08270,189.36
OUT_08271,703.08
OUT_08272,197.35
OUT_08273,646.61
OUT_08274,43.68
OUT_08275,638.7
OUT_08276,59.87
OUT_08277,188.47
OUT_08278,1502.47
OUT_08279,209.25
OUT_08280,698.09
OUT_08281,650.88
OUT_08282,42.33
OUT_08283,57.76
OUT_08284,55.53
OUT_08285,55.19
OUT_08286,204.19
OUT_08287,196.44
OUT_08288,197.1
OUT_08289,63.79
OUT_08290,55.61
OUT_08291,69.59
OUT_08292,683.1
OUT_08293,61.07
OUT_08294,193.47
OUT_08295,63.77
OUT_08296,1695.63
OUT_08297,60.08
OUT_08298,1707.38
OUT_08299,52.16
OUT_08300,193.1
OUT_08301,54.52
OUT_08302,61.07
OUT_08303,214.34
OUT_08304,1666.75
OUT_08305,636.88
OUT_08306,58.33
OUT_08307,674.76
OUT_08308,200.87
OUT_08309,184.91
OUT_08310,192.41
OUT_08311,73.66
OUT_08312,50.6
OUT_08313,659.77
OUT_08314,72.75
OUT_08315,56.47
OUT_08316,55.56
OUT_08317,61.67
OUT_08318,64.47
OUT_08319,192.81
OUT_08320,191.22
OUT_08321,196.3
OUT_08322,64.51
OUT_08323,193.9
OUT_08324,57.59
OUT_08325,194.38
OUT_08326,192.67
OUT_08327,660.56
OUT_08328,197.09
OUT_08329,182.63
OUT_08330,676.06
OUT_08331,655.73
OUT_08332,684.6
OUT_08333,58.73
OUT_08334,66.99
OUT_08335,156.85
OUT_08336,41.93
OUT_08337,62.76
OUT_08338,197.57
OUT_08339,58.11
OUT_08340,194.79
OUT_08341,54.36
OUT_08342,185.43
OUT_08343,64.98
OUT_08344,44.25
OUT_08345,55.35
OUT_08346,197.38
OUT_08347,628.77
OUT_08348,641.67
OUT_08349,41.3
OUT_08350,65.14
OUT_08351,188.68
OUT_08352,53.68
OUT_08353,72.29
OUT_08354,67.56
OUT_08355,679.96
OUT_08356,188.83
OUT_08357,185.96
OUT_08358,186.46
OUT_08359,64.67
OUT_08360,695.4
OUT_08361,227.78
OUT_08362,693.79
OUT_08363,60.89
OUT_08364,64.44
OUT_08365,61.53
OUT_08366,62.52
OUT_08367,47.99
OUT_08368,55.21
OUT_08369,63.21
OUT_08370,67.13
OUT_08371,194.68
OUT_08372,45.78
OUT_08373,67.24
OUT_08374,47.87
OUT_08375,51.73
OUT_08376,56.5
OUT_08377,188.76
OUT_08378,195.95
OUT_08379,47.62
OUT_08380,191.99
OUT_08381,65.98
OUT_08382,649.54
OUT_08383,53.46
OUT_08384,56.53
OUT_08385,64.29
OUT_08386,189.33
OUT_08387,180.68
OUT_08388,193.25
OUT_08389,64.78
OUT_08390,186.98
OUT_08391,63.06
OUT_08392,63.41
OUT_08393,57.49
OUT_08394,55.15
OUT_08395,48.27
OUT_08396,194.81
OUT_08397,73.31
OUT_08398,192.81
OUT_08399,71.42
OUT_08400,700.9
OUT_08401,61.16
OUT_08402,1676.4
OUT_08403,67.11
OUT_08404,61.45
OUT_08405,64.38
OUT_08406,214.97
OUT_08407,69.84
OUT_08408,639.78
OUT_08409,64.48
OUT_08410,56.48
OUT_08411,199.37
OUT_08412,63.09
OUT_08413,187.98
OUT_08414,193.81
OUT_08415,69.22
OUT_08416,41.74
OUT_08417,55.28
OUT_08418,61.03
OUT_08419,56.52
OUT_08420,53.22
OUT_08421,186.4
OUT_08422,308.37
OUT_08423,63.49
OUT_08424,50.6
OUT_08425,37.76
OUT_08426,69.02
OUT_08427,627.28
OUT_08428,60.21
OUT_08429,56.27
OUT_08430,55.63
OUT_08431,66.9
OUT_08432,1665.14
OUT_08433,56.7
OUT_08434,70.56
OUT_08435,57.87
OUT_08436,189.1
OUT_08437,649.56
OUT_08438,645.94
OUT_08439,53.8
OUT_08440,55.34
OUT_08441,60.13
OUT_08442,1681.1
OUT_08443,192.67
OUT_08444,190.62
OUT_08445,62.64
OUT_08446,193.78
OUT_08447,53.61
OUT_08448,193.16
OUT_08449,637.57
OUT_08450,62.21
OUT_08451,193.15
OUT_08452,1636.07
OUT_08453,52.82
OUT_08454,69.49
OUT_08455,642.56
OUT_08456,56.22
OUT_08457,667.25
OUT_08458,628.66
OUT_08459,189.26
OUT_08460,64.58
OUT_08461,188.67
OUT_08462,62.17
OUT_08463,194.49
OUT_08464,628.52
OUT_08465,188.42
OUT_08466,185.14
OUT_08467,55.74
OUT_08468,205.04
OUT_08469,188.1
OUT_08470,188.31
OUT_08471,44.34
OUT_08472,193.65
OUT_08473,205.63
OUT_08474,656.01
OUT_08475,62.0
OUT_08476,67.2
OUT_08477,659.21
OUT_08478,45.66
OUT_08479,161.97
OUT_08480,187.4
OUT_08481,65.46
OUT_08482,194.12
OUT_08483,57.89
OUT_08484,1520.27
OUT_08485,1676.28
OUT_08486,61.01
OUT_08487,53.97
OUT_08488,65.25
OUT_08489,673.4
OUT_08490,189.4
OUT_08491,198.89
OUT_08492,194.1
OUT_08493,640.21
OUT_08494,57.26
OUT_08495,47.15
OUT_08496,663.45
OUT_08497,62.05
OUT_08498,56.37
OUT_08499,61.8
OUT_08500,54.18
OUT_08501,69.91
OUT_08502,629.72
OUT_08503,48.91
OUT_08504,195.45
OUT_08505,49.34
OUT_08506,665.17
OUT_08507,65.14
OUT_08508,187.59
OUT_08509,55.23
OUT_08510,43.61
OUT_08511,37.13
OUT_08512,640.71
OUT_08513,55.59
OUT_08514,55.34
OUT_08515,193.44
OUT_08516,66.57
OUT_08517,637.11
OUT_08518,192.42
OUT_08519,57.72
OUT_08520,55.02
OUT_08521,69.09
OUT_08522,64.36
OUT_08523,192.95
OUT_08524,232.04
OUT_08525,192.66
OUT_08526,1649.39
OUT_08527,74.04
OUT_08528,55.31
OUT_08529,49.57
OUT_08530,188.31
OUT_08531,68.85
OUT_08532,189.04
OUT_08533,51.4
OUT_08534,57.78
OUT_08535,55.96
OUT_08536,61.33
OUT_08537,642.78
OUT_08538,31.86
OUT_08539,193.73
OUT_08540,630.28
OUT_08541,195.14
OUT_08542,60.87
OUT_08543,401.96
OUT_08544,662.97
OUT_08545,61.16
OUT_08546,53.3
OUT_08547,58.69
OUT_08548,46.04
OUT_08549,1740.69
OUT_08550,628.73
OUT_08551,65.86
OUT_08552,660.67
OUT_08553,185.48
OUT_08554,48.05
OUT_08555,702.83
OUT_08556,194.03
OUT_08557,57.74
OUT_08558,66.28
OUT_08559,619.94
OUT_08560,192.74
OUT_08561,188.89
OUT_08562,54.25
OUT_08563,193.83
OUT_08564,666.76
OUT_08565,684.99
OUT_08566,189.69
OUT_08567,69.77
OUT_08568,659.75
OUT_08569,73.24
OUT_08570,56.39
OUT_08571,66.8
OUT_08572,66.58
OUT_08573,200.05
OUT_08574,192.8
OUT_08575,244.95
OUT_08576,76.65
OUT_08577,179.46
OUT_08578,194.76
OUT_08579,58.03
OUT_08580,55.03
OUT_08581,185.22
OUT_08582,195.03
OUT_08583,1630.85
OUT_08584,55.32
OUT_08585,59.51
OUT_08586,54.99
OUT_08587,52.31
OUT_08588,191.12
OUT_08589,65.08
OUT_08590,195.05
OUT_08591,50.71
OUT_08592,193.74
OUT_08593,60.11
OUT_08594,64.73
OUT_08595,186.77
OUT_08596,194.46
OUT_08597,48.19
OUT_08598,62.14
OUT_08599,65.81
OUT_08600,59.28
OUT_08601,59.99
OUT_08602,192.91
OUT_08603,687.67
OUT_08604,44.23
OUT_08605,70.38
OUT_08606,667.39
OUT_08607,66.74
OUT_08608,195.32
OUT_08609,62.53
OUT_08610,55.2
OUT_08611,190.26
OUT_08612,60.49
OUT_08613,187.84
OUT_08614,1537.66
OUT_08615,65.22
OUT_08616,70.55
OUT_08617,69.85
OUT_08618,217.98
OUT_08619,659.34
OUT_08620,45.13
OUT_08621,62.6
OUT_08622,64.85
OUT_08623,189.89
OUT_08624,66.79
OUT_08625,1618.81
OUT_08626,184.14
OUT_08627,61.1
OUT_08628,56.94
OUT_08629,65.06
OUT_08630,662.71
OUT_08631,655.78
OUT_08632,64.39
OUT_08633,44.93
OUT_08634,47.76
OUT_08635,65.36
OUT_08636,1689.41
OUT_08637,52.98
OUT_08638,200.51
OUT_08639,61.55
OUT_08640,192.85
OUT_08641,193.2
OUT_08642,666.89
OUT_08643,203.21
OUT_08644,60.33
OUT_08645,71.75
OUT_08646,62.41
OUT_08647,669.62
OUT_08648,186.17
OUT_08649,56.56
OUT_08650,195.9
OUT_08651,1646.75
OUT_08652,649.82
OUT_08653,627.03
OUT_08654,60.47
OUT_08655,187.99
OUT_08656,186.34
OUT_08657,192.1
OUT_08658,669.57
OUT_08659,57.63
OUT_08660,1708.8
OUT_08661,51.47
OUT_08662,59.76
OUT_08663,60.27
OUT_08664,50.12
OUT_08665,675.19
OUT_08666,1677.69
OUT_08667,61.13
OUT_08668,55.87
OUT_08669,64.41
OUT_08670,641.49
OUT_08671,65.0
OUT_08672,62.09
OUT_08673,684.19
OUT_08674,193.05
OUT_08675,70.04
OUT_08676,1670.0
OUT_08677,63.17
OUT_08678,57.63
OUT_08679,190.42
OUT_08680,196.67
OUT_08681,45.23
OUT_08682,651.09
OUT_08683,62.66
OUT_08684,54.41
OUT_08685,63.08
OUT_08686,205.39
OUT_08687,72.1
OUT_08688,68.29
OUT_08689,61.11
OUT_08690,58.18
OUT_08691,192.93
OUT_08692,153.92
OUT_08693,189.98
OUT_08694,204.49
OUT_08695,652.74
OUT_08696,73.89
OUT_08697,63.25
OUT_08698,198.43
OUT_08699,211.36
OUT_08700,192.15
OUT_08701,195.42
OUT_08702,198.63
OUT_08703,64.52
OUT_08704,631.25
OUT_08705,187.89
OUT_08706,67.86
OUT_08707,42.7
OUT_08708,645.04
OUT_08709,50.62
OUT_08710,67.21
OUT_08711,51.63
OUT_08712,63.37
OUT_08713,66.54
OUT_08714,199.09
OUT_08715,65.94
OUT_08716,1671.79
OUT_08717,193.68
OUT_08718,57.33
OUT_08719,189.88
OUT_08720,67.07
OUT_08721,687.38
OUT_08722,187.94
OUT_08723,198.73
OUT_08724,44.53
OUT_08725,61.06
OUT_08726,57.84
OUT_08727,62.72
OUT_08728,194.3
OUT_08729,62.44
OUT_08730,63.23
OUT_08731,68.16
OUT_08732,50.26
OUT_08733,53.19
OUT_08734,67.13
OUT_08735,194.1
OUT_08736,640.69
OUT_08737,57.86
OUT_08738,186.36
OUT_08739,1650.36
OUT_08740,60.19
OUT_08741,62.37
OUT_08742,63.73
OUT_08743,68.99
OUT_08744,55.65
OUT_08745,172.56
OUT_08746,60.22
OUT_08747,65.01
OUT_08748,48.84
OUT_08749,199.87
OUT_08750,191.32
OUT_08751,193.67
OUT_08752,67.83
OUT_08753,653.91
OUT_08754,54.6
OUT_08755,61.54
OUT_08756,676.18
OUT_08757,55.52
OUT_08758,58.13
OUT_08759,651.06
OUT_08760,72.34
OUT_08761,647.86
OUT_08762,72.21
OUT_08763,203.78
OUT_08764,627.21
OUT_08765,56.67
OUT_08766,59.32
OUT_08767,621.23
OUT_08768,60.06
OUT_08769,62.9
OUT_08770,195.13
OUT_08771,192.23
OUT_08772,185.66
OUT_08773,60.92
OUT_08774,62.31
OUT_08775,188.42
OUT_08776,633.16
OUT_08777,64.51
OUT_08778,60.99
OUT_08779,64.17
OUT_08780,650.9
OUT_08781,180.93
OUT_08782,193.09
OUT_08783,651.38
OUT_08784,193.1
OUT_08785,648.52
OUT_08786,65.38
OUT_08787,191.09
OUT_08788,53.64
OUT_08789,634.63
OUT_08790,61.52
OUT_08791,192.92
OUT_08792,58.05
OUT_08793,61.44
OUT_08794,191.73
OUT_08795,63.33
OUT_08796,73.52
OUT_08797,65.99
OUT_08798,58.98
OUT_08799,63.84
OUT_08800,63.45
OUT_08801,190.13
OUT_08802,46.77
OUT_08803,193.1
OUT_08804,55.59
OUT_08805,1683.77
OUT_08806,38.18
OUT_08807,193.85
OUT_08808,184.81
OUT_08809,51.87
OUT_08810,54.16
OUT_08811,65.01
OUT_08812,55.12
OUT_08813,71.84
OUT_08814,70.03
OUT_08815,664.88
OUT_08816,60.48
OUT_08817,193.49
OUT_08818,192.24
OUT_08819,191.83
OUT_08820,63.53
OUT_08821,197.19
OUT_08822,195.83
OUT_08823,186.14
OUT_08824,64.78
OUT_08825,70.43
OUT_08826,664.66
OUT_08827,1655.19
OUT_08828,54.75
OUT_08829,51.03
OUT_08830,61.3
OUT_08831,1674.69
OUT_08832,75.75
OUT_08833,62.86
OUT_08834,86.16
OUT_08835,1676.38
OUT_08836,56.37
OUT_08837,184.4
OUT_08838,204.62
OUT_08839,62.71
OUT_08840,641.42
OUT_08841,644.14
OUT_08842,54.7
OUT_08843,680.67
OUT_08844,194.41
OUT_08845,187.97
OUT_08846,198.63
OUT_08847,185.99
OUT_08848,192.59
OUT_08849,201.92
OUT_08850,671.53
OUT_08851,73.54
OUT_08852,61.16
OUT_08853,663.13
OUT_08854,64.97
OUT_08855,658.85
OUT_08856,64.98
OUT_08857,193.3
OUT_08858,187.58
OUT_08859,60.09
OUT_08860,660.55
OUT_08861,38.79
OUT_08862,40.36
OUT_08863,51.52
OUT_08864,56.73
OUT_08865,189.25
OUT_08866,60.22
OUT_08867,55.41
OUT_08868,66.02
OUT_08869,185.35
OUT_08870,64.49
OUT_08871,643.77
OUT_08872,1648.28
OUT_08873,64.76
OUT_08874,62.02
OUT_08875,192.9
OUT_08876,61.05
OUT_08877,667.81
OUT_08878,154.91
OUT_08879,194.94
OUT_08880,65.03
OUT_08881,65.42
OUT_08882,65.63
OUT_08883,624.86
OUT_08884,639.87
OUT_08885,61.33
OUT_08886,634.83
OUT_08887,190.34
OUT_08888,55.49
OUT_08889,31.65
OUT_08890,62.56
OUT_08891,635.4
OUT_08892,194.65
OUT_08893,186.37
OUT_08894,69.62
OUT_08895,684.95
OUT_08896,71.1
OUT_08897,195.27
OUT_08898,635.67
OUT_08899,190.66
OUT_08900,54.52
OUT_08901,59.88
OUT_08902,189.23
OUT_08903,43.97
OUT_08904,70.53
OUT_08905,40.19
OUT_08906,198.69
OUT_08907,192.83
OUT_08908,57.93
OUT_08909,54.73
OUT_08910,619.8
OUT_08911,62.58
OUT_08912,193.69
OUT_08913,688.06
OUT_08914,652.91
OUT_08915,65.63
OUT_08916,47.07
OUT_08917,66.97
OUT_08918,196.11
OUT_08919,60.14
OUT_08920,58.0
OUT_08921,662.67
OUT_08922,188.17
OUT_08923,42.61
OUT_08924,194.99
OUT_08925,658.73
OUT_08926,73.27
OUT_08927,227.87
OUT_08928,659.64
OUT_08929,1672.88
OUT_08930,67.17
OUT_08931,60.68
OUT_08932,71.49
OUT_08933,195.42
OUT_08934,222.96
OUT_08935,188.01
OUT_08936,61.32
OUT_08937,65.06
OUT_08938,673.84
OUT_08939,62.01
OUT_08940,48.85
OUT_08941,60.84
OUT_08942,73.29
OUT_08943,61.03
OUT_08944,623.82
OUT_08945,61.08
OUT_08946,647.52
OUT_08947,643.33
OUT_08948,56.42
OUT_08949,195.13
OUT_08950,193.71
OUT_08951,70.34
OUT_08952,57.67
OUT_08953,46.38
OUT_08954,60.6
OUT_08955,41.52
OUT_08956,54.32
OUT_08957,55.1
OUT_08958,686.57
OUT_08959,188.86
OUT_08960,53.85
OUT_08961,57.25
OUT_08962,65.0
OUT_08963,42.71
OUT_08964,657.32
OUT_08965,684.56
OUT_08966,186.8
OUT_08967,61.05
OUT_08968,181.51
OUT_08969,635.52
OUT_08970,191.83
OUT_08971,70.3
OUT_08972,65.66
OUT_08973,60.99
OUT_08974,196.32
OUT_08975,65.2
OUT_08976,63.32
OUT_08977,59.73
OUT_08978,664.41
OUT_08979,666.75
OUT_08980,65.88
OUT_08981,69.86
OUT_08982,50.64
OUT_08983,195.22
OUT_08984,72.24
OUT_08985,67.25
OUT_08986,645.27
OUT_08987,194.18
OUT_08988,69.52
OUT_08989,66.53
OUT_08990,57.92
OUT_08991,192.29
OUT_08992,671.55
OUT_08993,59.69
OUT_08994,194.36
OUT_08995,1668.89
OUT_08996,51.27
OUT_08997,186.16
OUT_08998,202.47
OUT_08999,197.28
OUT_09000,66.88
OUT_09001,53.37
OUT_09002,70.32
OUT_09003,63.54
OUT_09004,68.17
OUT_09005,67.54
OUT_09006,1724.67
OUT_09007,1729.98
OUT_09008,60.36
OUT_09009,49.82
OUT_09010,724.22
OUT_09011,747.39
OUT_09012,1712.5
OUT_09013,69.98
OUT_09014,712.23
OUT_09015,1730.76
OUT_09016,70.77
OUT_09017,63.0
OUT_09018,75.25
OUT_09019,70.66
OUT_09020,46.27
OUT_09021,72.82
OUT_09022,216.35
OUT_09023,59.13
OUT_09024,1724.83
OUT_09025,202.67
OUT_09026,65.65
OUT_09027,65.62
OUT_09028,205.16
OUT_09029,51.2
OUT_09030,64.72
OUT_09031,67.04
OUT_09032,209.42
OUT_09033,67.16
OUT_09034,222.8
OUT_09035,202.77
OUT_09036,1725.03
OUT_09037,63.04
OUT_09038,209.45
OUT_09039,674.48
OUT_09040,63.0
OUT_09041,205.37
OUT_09042,728.34
OUT_09043,716.28
OUT_09044,205.81
OUT_09045,217.72
OUT_09046,62.74
OUT_09047,696.21
OUT_09048,721.62
OUT_09049,41.13
OUT_09050,669.15
OUT_09051,735.8
OUT_09052,67.95
OUT_09053,210.51
OUT_09054,204.96
OUT_09055,57.38
OUT_09056,193.8
OUT_09057,198.11
OUT_09058,721.79
OUT_09059,73.59
OUT_09060,70.24
OUT_09061,69.96
OUT_09062,76.06
OUT_09063,70.69
OUT_09064,734.54
OUT_09065,206.17
OUT_09066,32.96
OUT_09067,58.83
OUT_09068,755.67
OUT_09069,218.11
OUT_09070,750.35
OUT_09071,746.52
OUT_09072,1736.91
OUT_09073,210.02
OUT_09074,744.88
OUT_09075,76.85
OUT_09076,204.46
OUT_09077,69.99
OUT_09078,204.45
OUT_09079,196.7
OUT_09080,66.37
OUT_09081,752.35
OUT_09082,72.1
OUT_09083,202.66
OUT_09084,62.56
OUT_09085,67.73
OUT_09086,62.93
OUT_09087,57.57
OUT_09088,73.55
OUT_09089,656.96
OUT_09090,209.44
OUT_09091,203.76
OUT_09092,65.1
OUT_09093,719.18
OUT_09094,205.65
OUT_09095,216.85
OUT_09096,195.81
OUT_09097,745.45
OUT_09098,72.67
OUT_09099,205.62
OUT_09100,215.56
OUT_09101,214.41
OUT_09102,204.57
OUT_09103,65.75
OUT_09104,733.96
OUT_09105,68.29
OUT_09106,210.32
OUT_09107,65.07
OUT_09108,192.74
OUT_09109,72.43
OUT_09110,694.16
OUT_09111,1722.92
OUT_09112,203.93
OUT_09113,77.62
OUT_09114,210.37
OUT_09115,57.32
OUT_09116,73.86
OUT_09117,208.47
OUT_09118,56.79
OUT_09119,193.36
OUT_09120,676.16
OUT_09121,75.65
OUT_09122,758.63
OUT_09123,203.43
OUT_09124,67.26
OUT_09125,56.42
OUT_09126,70.71
OUT_09127,67.98
OUT_09128,209.73
OUT_09129,61.33
OUT_09130,63.02
OUT_09131,239.64
OUT_09132,62.86
OUT_09133,68.32
OUT_09134,736.96
OUT_09135,67.69
OUT_09136,74.88
OUT_09137,67.31
OUT_09138,70.08
OUT_09139,207.14
OUT_09140,68.38
OUT_09141,75.97
OUT_09142,207.3
OUT_09143,210.36
OUT_09144,72.62
OUT_09145,61.17
OUT_09146,218.49
OUT_09147,66.48
OUT_09148,67.2
OUT_09149,60.08
OUT_09150,65.5
OUT_09151,738.07
OUT_09152,67.54
OUT_09153,67.35
OUT_09154,211.86
OUT_09155,62.91
OUT_09156,65.81
OUT_09157,65.4
OUT_09158,198.59
OUT_09159,203.82
OUT_09160,37.34
OUT_09161,55.21
OUT_09162,66.16
OUT_09163,61.05
OUT_09164,203.81
OUT_09165,202.26
OUT_09166,62.77
OUT_09167,201.21
OUT_09168,75.65
OUT_09169,65.11
OUT_09170,696.94
OUT_09171,68.64
OUT_09172,198.52
OUT_09173,68.04
OUT_09174,200.93
OUT_09175,203.92
OUT_09176,56.68
OUT_09177,61.37
OUT_09178,77.14
OUT_09179,58.87
OUT_09180,207.72
OUT_09181,203.99
OUT_09182,224.97
OUT_09183,693.65
OUT_09184,60.47
OUT_09185,664.41
OUT_09186,712.03
OUT_09187,201.32
OUT_09188,201.07
OUT_09189,72.21
OUT_09190,204.86
OUT_09191,742.95
OUT_09192,209.74
OUT_09193,51.52
OUT_09194,69.83
OUT_09195,67.56
OUT_09196,59.52
OUT_09197,204.66
OUT_09198,722.14
OUT_09199,67.23
OUT_09200,705.6
OUT_09201,207.1
OUT_09202,60.46
OUT_09203,55.57
OUT_09204,203.1
OUT_09205,58.37
OUT_09206,67.68
OUT_09207,760.03
OUT_09208,56.46
OUT_09209,63.06
OUT_09210,210.95
OUT_09211,209.34
OUT_09212,72.76
OUT_09213,213.6
OUT_09214,1704.73
OUT_09215,725.53
OUT_09216,1727.32
OUT_09217,750.94
OUT_09218,54.28
OUT_09219,191.94
OUT_09220,198.84
OUT_09221,1731.21
OUT_09222,67.2
OUT_09223,73.01
OUT_09224,192.66
OUT_09225,60.4
OUT_09226,72.78
OUT_09227,62.89
OUT_09228,56.13
OUT_09229,211.18
OUT_09230,72.68
OUT_09231,58.78
OUT_09232,722.31
OUT_09233,697.76
OUT_09234,73.73
OUT_09235,60.59
OUT_09236,743.21
OUT_09237,73.74
OUT_09238,213.65
OUT_09239,67.11
OUT_09240,66.31
OUT_09241,193.23
OUT_09242,72.0
OUT_09243,739.55
OUT_09244,213.45
OUT_09245,70.6
OUT_09246,53.04
OUT_09247,61.41
OUT_09248,52.86
OUT_09249,70.22
OUT_09250,202.75
OUT_09251,63.12
OUT_09252,65.28
OUT_09253,206.04
OUT_09254,68.27
OUT_09255,207.62
OUT_09256,198.54
OUT_09257,1741.86
OUT_09258,67.38
OUT_09259,734.88
OUT_09260,68.15
OUT_09261,61.32
OUT_09262,713.44
OUT_09263,709.9
OUT_09264,44.67
OUT_09265,700.69
OUT_09266,55.81
OUT_09267,205.26
OUT_09268,46.46
OUT_09269,72.38
OUT_09270,72.71
OUT_09271,210.17
OUT_09272,211.63
OUT_09273,68.23
OUT_09274,1714.86
OUT_09275,1730.94
OUT_09276,67.43
OUT_09277,204.37
OUT_09278,71.79
OUT_09279,58.56
OUT_09280,70.38
OUT_09281,57.71
OUT_09282,58.1
OUT_09283,204.43
OUT_09284,197.49
OUT_09285,58.06
OUT_09286,202.48
OUT_09287,60.41
OUT_09288,651.11
OUT_09289,75.41
OUT_09290,67.19
OUT_09291,217.89
OUT_09292,66.01
OUT_09293,197.38
OUT_09294,205.56
OUT_09295,61.65
OUT_09296,65.97
OUT_09297,712.67
OUT_09298,61.55
OUT_09299,64.84
OUT_09300,66.57
OUT_09301,204.61
OUT_09302,202.53
OUT_09303,1722.41
OUT_09304,745.82
OUT_09305,72.22
OUT_09306,71.83
OUT_09307,724.31
OUT_09308,49.1
OUT_09309,62.88
OUT_09310,1727.43
OUT_09311,58.33
OUT_09312,72.25
OUT_09313,70.81
OUT_09314,212.15
OUT_09315,203.62
OUT_09316,205.24
OUT_09317,746.27
OUT_09318,660.9
OUT_09319,204.29
OUT_09320,738.1
OUT_09321,60.46
OUT_09322,72.71
OUT_09323,1673.37
OUT_09324,186.45
OUT_09325,40.14
OUT_09326,72.36
OUT_09327,63.12
OUT_09328,70.59
OUT_09329,47.14
OUT_09330,70.22
OUT_09331,200.22
OUT_09332,750.85
OUT_09333,62.57
OUT_09334,63.04
OUT_09335,55.2
OUT_09336,758.68
OUT_09337,65.76
OUT_09338,67.64
OUT_09339,73.44
OUT_09340,711.64
OUT_09341,70.56
OUT_09342,705.11
OUT_09343,195.79
OUT_09344,55.63
OUT_09345,62.89
OUT_09346,67.55
OUT_09347,199.52
OUT_09348,71.17
OUT_09349,203.44
OUT_09350,68.44
OUT_09351,203.66
OUT_09352,56.65
OUT_09353,68.06
OUT_09354,726.49
OUT_09355,202.15
OUT_09356,60.57
OUT_09357,680.75
OUT_09358,61.18
OUT_09359,72.32
OUT_09360,47.2
OUT_09361,63.08
OUT_09362,75.0
OUT_09363,68.75
OUT_09364,32.35
OUT_09365,741.56
OUT_09366,57.98
OUT_09367,62.88
OUT_09368,74.23
OUT_09369,1723.86
OUT_09370,193.83
OUT_09371,74.12
OUT_09372,208.88
OUT_09373,209.44
OUT_09374,60.63
OUT_09375,66.9
OUT_09376,65.33
OUT_09377,751.11
OUT_09378,61.09
OUT_09379,195.89
OUT_09380,205.99
OUT_09381,72.66
OUT_09382,201.91
OUT_09383,212.38
OUT_09384,67.66
OUT_09385,210.63
OUT_09386,210.97
OUT_09387,72.65
OUT_09388,199.52
OUT_09389,57.97
OUT_09390,1745.65
OUT_09391,211.05
OUT_09392,51.61
OUT_09393,73.88
OUT_09394,193.94
OUT_09395,60.07
OUT_09396,202.05
OUT_09397,199.07
OUT_09398,199.6
OUT_09399,212.79
OUT_09400,740.97
OUT_09401,205.66
OUT_09402,63.36
OUT_09403,67.62
OUT_09404,207.72
OUT_09405,202.78
OUT_09406,61.64
OUT_09407,725.43
OUT_09408,68.2
OUT_09409,68.83
OUT_09410,731.86
OUT_09411,190.82
OUT_09412,63.82
OUT_09413,63.91
OUT_09414,206.72
OUT_09415,70.7
OUT_09416,48.42
OUT_09417,203.99
OUT_09418,209.34
OUT_09419,71.39
OUT_09420,67.76
OUT_09421,72.56
OUT_09422,1721.92
OUT_09423,193.35
OUT_09424,217.69
OUT_09425,203.18
OUT_09426,42.33
OUT_09427,194.12
OUT_09428,65.46
OUT_09429,209.94
OUT_09430,210.93
OUT_09431,60.23
OUT_09432,58.04
OUT_09433,65.04
OUT_09434,68.33
OUT_09435,67.93
OUT_09436,210.87
OUT_09437,67.9
OUT_09438,70.42
OUT_09439,206.72
OUT_09440,65.6
OUT_09441,68.13
OUT_09442,204.2
OUT_09443,74.44
OUT_09444,73.17
OUT_09445,1708.5
OUT_09446,204.13
OUT_09447,207.31
OUT_09448,722.45
OUT_09449,55.41
OUT_09450,692.26
OUT_09451,76.72
OUT_09452,67.41
OUT_09453,75.58
OUT_09454,76.49
OUT_09455,195.61
OUT_09456,70.37
OUT_09457,62.81
OUT_09458,195.13
OUT_09459,60.24
OUT_09460,72.43
OUT_09461,197.28
OUT_09462,63.26
OUT_09463,722.48
OUT_09464,68.86
OUT_09465,65.01
OUT_09466,203.79
OUT_09467,68.19
OUT_09468,67.75
OUT_09469,670.48
OUT_09470,210.77
OUT_09471,209.4
OUT_09472,67.97
OUT_09473,61.15
OUT_09474,61.35
OUT_09475,67.19
OUT_09476,744.22
OUT_09477,745.77
OUT_09478,67.28
OUT_09479,200.4
OUT_09480,204.64
OUT_09481,210.27
OUT_09482,1725.59
OUT_09483,67.52
OUT_09484,691.52
OUT_09485,39.81
OUT_09486,56.09
OUT_09487,737.86
OUT_09488,44.0
OUT_09489,70.62
OUT_09490,67.47
OUT_09491,732.17
OUT_09492,211.66
OUT_09493,65.25
OUT_09494,67.46
OUT_09495,205.36
OUT_09496,62.78
OUT_09497,59.41
OUT_09498,195.94
OUT_09499,61.49
OUT_09500,44.37
OUT_09501,1720.77
OUT_09502,62.71
OUT_09503,67.53
OUT_09504,64.62
OUT_09505,205.21
OUT_09506,62.45
OUT_09507,202.84
OUT_09508,212.37
OUT_09509,755.98
OUT_09510,203.15
OUT_09511,65.27
OUT_09512,55.77
OUT_09513,65.2
OUT_09514,65.04
OUT_09515,727.9
OUT_09516,68.87
OUT_09517,67.42
OUT_09518,208.73
OUT_09519,682.46
OUT_09520,201.4
OUT_09521,75.91
OUT_09522,57.93
OUT_09523,1717.77
OUT_09524,197.39
OUT_09525,210.87
OUT_09526,72.08
OUT_09527,70.16
OUT_09528,76.15
OUT_09529,204.75
OUT_09530,53.01
OUT_09531,62.76
OUT_09532,43.21
OUT_09533,1729.95
OUT_09534,68.07
OUT_09535,63.39
OUT_09536,72.82
OUT_09537,202.2
OUT_09538,71.28
OUT_09539,73.13
OUT_09540,729.71
OUT_09541,202.31
OUT_09542,203.35
OUT_09543,202.64
OUT_09544,69.46
OUT_09545,205.67
OUT_09546,63.71
OUT_09547,210.37
OUT_09548,690.94
OUT_09549,45.65
OUT_09550,210.14
OUT_09551,209.36
OUT_09552,743.88
OUT_09553,204.61
OUT_09554,68.99
OUT_09555,64.66
OUT_09556,67.61
OUT_09557,67.29
OUT_09558,61.55
OUT_09559,212.65
OUT_09560,63.41
OUT_09561,52.08
OUT_09562,61.69
OUT_09563,47.44
OUT_09564,58.46
OUT_09565,72.7
OUT_09566,64.71
OUT_09567,215.14
OUT_09568,676.47
OUT_09569,212.99
OUT_09570,721.29
OUT_09571,60.54
OUT_09572,207.0
OUT_09573,204.26
OUT_09574,61.41
OUT_09575,52.31
OUT_09576,693.61
OUT_09577,63.31
OUT_09578,212.22
OUT_09579,716.81
OUT_09580,70.03
OUT_09581,738.28
OUT_09582,1738.49
OUT_09583,693.33
OUT_09584,62.51
OUT_09585,701.84
OUT_09586,1723.38
OUT_09587,65.68
OUT_09588,202.94
OUT_09589,207.92
OUT_09590,231.25
OUT_09591,196.58
OUT_09592,1714.1
OUT_09593,72.57
OUT_09594,202.43
OUT_09595,208.01
OUT_09596,76.0
OUT_09597,203.91
OUT_09598,62.28
OUT_09599,57.75
OUT_09600,750.89
OUT_09601,67.27
OUT_09602,67.71
OUT_09603,745.83
OUT_09604,62.83
OUT_09605,236.76
OUT_09606,198.59
OUT_09607,733.78
OUT_09608,1718.16
OUT_09609,65.78
OUT_09610,205.55
OUT_09611,73.99
OUT_09612,77.81
OUT_09613,55.02
OUT_09614,679.62
OUT_09615,206.51
OUT_09616,50.51
OUT_09617,67.05
OUT_09618,200.51
OUT_09619,62.55
OUT_09620,204.66
OUT_09621,51.61
OUT_09622,208.43
OUT_09623,52.99
OUT_09624,65.74
OUT_09625,59.88
OUT_09626,205.11
OUT_09627,213.84
OUT_09628,73.13
OUT_09629,196.37
OUT_09630,64.08
OUT_09631,196.95
OUT_09632,65.44
OUT_09633,205.58
OUT_09634,1706.0
OUT_09635,202.52
OUT_09636,741.54
OUT_09637,718.19
OUT_09638,69.88
OUT_09639,72.26
OUT_09640,70.74
OUT_09641,56.67
OUT_09642,63.17
OUT_09643,205.39
OUT_09644,64.89
OUT_09645,70.56
OUT_09646,67.31
OUT_09647,205.37
OUT_09648,682.73
OUT_09649,196.83
OUT_09650,67.17
OUT_09651,61.24
OUT_09652,72.36
OUT_09653,209.67
OUT_09654,206.06
OUT_09655,65.21
OUT_09656,715.59
OUT_09657,60.24
OUT_09658,65.04
OUT_09659,63.77
OUT_09660,203.62
OUT_09661,204.77
OUT_09662,44.44
OUT_09663,72.78
OUT_09664,57.69
OUT_09665,208.64
OUT_09666,61.02
OUT_09667,211.33
OUT_09668,210.85
OUT_09669,69.79
OUT_09670,205.76
OUT_09671,200.83
OUT_09672,70.29
OUT_09673,192.76
OUT_09674,46.61
OUT_09675,62.76
OUT_09676,235.79
OUT_09677,76.9
OUT_09678,70.49
OUT_09679,55.64
OUT_09680,203.32
OUT_09681,60.52
OUT_09682,737.78
OUT_09683,204.65
OUT_09684,62.99
OUT_09685,67.49
OUT_09686,70.31
OUT_09687,63.67
OUT_09688,210.34
OUT_09689,63.21
OUT_09690,70.72
OUT_09691,67.63
OUT_09692,64.62
OUT_09693,204.62
OUT_09694,729.52
OUT_09695,193.02
OUT_09696,70.4
OUT_09697,209.06
OUT_09698,211.14
OUT_09699,68.41
OUT_09700,60.87
OUT_09701,67.24
OUT_09702,64.8
OUT_09703,67.32
OUT_09704,49.08
OUT_09705,200.35
OUT_09706,70.17
OUT_09707,1747.49
OUT_09708,72.48
OUT_09709,34.83
OUT_09710,1708.15
OUT_09711,211.94
OUT_09712,202.15
OUT_09713,73.5
OUT_09714,67.49
OUT_09715,1713.99
OUT_09716,714.99
OUT_09717,737.0
OUT_09718,693.55
OUT_09719,740.91
OUT_09720,73.34
OUT_09721,204.17
OUT_09722,67.79
OUT_09723,202.97
OUT_09724,61.09
OUT_09725,70.33
OUT_09726,67.91
OUT_09727,1721.24
OUT_09728,72.45
OUT_09729,70.88
OUT_09730,63.09
OUT_09731,1735.49
OUT_09732,68.46
OUT_09733,67.66
OUT_09734,61.36
OUT_09735,65.2
OUT_09736,208.66
OUT_09737,70.31
OUT_09738,70.78
OUT_09739,63.59
OUT_09740,67.65
OUT_09741,55.29
OUT_09742,209.24
OUT_09743,72.14
OUT_09744,72.55
OUT_09745,73.23
OUT_09746,46.73
OUT_09747,64.54
OUT_09748,745.03
OUT_09749,59.57
OUT_09750,1729.85
OUT_09751,44.34
OUT_09752,67.66
OUT_09753,67.28
OUT_09754,203.88
OUT_09755,718.25
OUT_09756,208.47
OUT_09757,60.13
OUT_09758,202.47
OUT_09759,62.05
OUT_09760,70.56
OUT_09761,69.25
OUT_09762,745.28
OUT_09763,736.61
OUT_09764,201.82
OUT_09765,72.8
OUT_09766,206.69
OUT_09767,72.55
OUT_09768,726.48
OUT_09769,67.85
OUT_09770,206.26
OUT_09771,63.87
OUT_09772,698.37
OUT_09773,207.54
OUT_09774,740.43
OUT_09775,44.26
OUT_09776,63.44
OUT_09777,205.22
OUT_09778,1710.41
OUT_09779,205.33
OUT_09780,1719.82
OUT_09781,63.2
OUT_09782,209.19
OUT_09783,735.66
OUT_09784,210.69
OUT_09785,62.75
OUT_09786,199.03
OUT_09787,736.69
OUT_09788,721.66
OUT_09789,61.44
OUT_09790,62.82
OUT_09791,65.4
OUT_09792,746.22
OUT_09793,70.45
OUT_09794,45.19
OUT_09795,719.47
OUT_09796,73.07
OUT_09797,67.9
OUT_09798,322.76
OUT_09799,200.19
OUT_09800,75.95
OUT_09801,67.98
OUT_09802,200.45
OUT_09803,73.54
OUT_09804,55.39
OUT_09805,67.31
OUT_09806,676.65
OUT_09807,203.84
OUT_09808,734.33
OUT_09809,65.46
OUT_09810,67.54
OUT_09811,733.94
OUT_09812,1715.51
OUT_09813,667.21
OUT_09814,55.64
OUT_09815,227.23
OUT_09816,68.64
OUT_09817,1721.09
OUT_09818,57.89
OUT_09819,67.67
OUT_09820,73.98
OUT_09821,72.04
OUT_09822,65.79
OUT_09823,202.95
OUT_09824,61.21
OUT_09825,75.92
OUT_09826,73.79
OUT_09827,200.76
OUT_09828,210.72
OUT_09829,711.1
OUT_09830,194.55
OUT_09831,39.87
OUT_09832,65.35
OUT_09833,57.86
OUT_09834,74.17
OUT_09835,203.1
OUT_09836,62.85
OUT_09837,1740.37
OUT_09838,63.25
OUT_09839,73.06
OUT_09840,743.86
OUT_09841,72.71
OUT_09842,75.42
OUT_09843,59.54
OUT_09844,69.56
OUT_09845,76.81
OUT_09846,68.28
OUT_09847,202.96
OUT_09848,191.7
OUT_09849,72.53
OUT_09850,56.14
OUT_09851,208.33
OUT_09852,208.69
OUT_09853,72.76
OUT_09854,54.22
OUT_09855,74.95
OUT_09856,49.41
OUT_09857,206.57
OUT_09858,54.59
OUT_09859,726.39
OUT_09860,67.65
OUT_09861,740.61
OUT_09862,204.34
OUT_09863,193.64
OUT_09864,74.44
OUT_09865,67.57
OUT_09866,67.98
OUT_09867,208.63
OUT_09868,754.95
OUT_09869,61.52
OUT_09870,203.4
OUT_09871,199.06
OUT_09872,74.47
OUT_09873,64.17
OUT_09874,747.95
OUT_09875,68.51
OUT_09876,201.1
OUT_09877,734.56
OUT_09878,54.48
OUT_09879,72.33
OUT_09880,68.2
OUT_09881,200.9
OUT_09882,195.99
OUT_09883,200.57
OUT_09884,77.14
OUT_09885,70.29
OUT_09886,67.89
OUT_09887,195.31
OUT_09888,69.34
OUT_09889,61.03
OUT_09890,200.16
OUT_09891,70.26
OUT_09892,41.67
OUT_09893,201.9
OUT_09894,75.69
OUT_09895,72.49
OUT_09896,199.01
OUT_09897,62.57
OUT_09898,65.43
OUT_09899,51.76
OUT_09900,202.14
OUT_09901,45.28
OUT_09902,65.44
OUT_09903,1707.75
OUT_09904,39.21
OUT_09905,61.83
OUT_09906,70.78
OUT_09907,209.63
OUT_09908,213.96
OUT_09909,71.89
OUT_09910,64.88
OUT_09911,672.46
OUT_09912,697.66
OUT_09913,206.6
OUT_09914,721.86
OUT_09915,204.62
OUT_09916,200.05
OUT_09917,204.88
OUT_09918,55.44
OUT_09919,76.16
OUT_09920,72.88
OUT_09921,73.07
OUT_09922,1723.89
OUT_09923,61.63
OUT_09924,206.67
OUT_09925,204.99
OUT_09926,73.02
OUT_09927,208.45
OUT_09928,59.31
OUT_09929,209.92
OUT_09930,204.1
OUT_09931,73.36
OUT_09932,325.46
OUT_09933,1733.26
OUT_09934,741.88
OUT_09935,733.32
OUT_09936,72.26
OUT_09937,776.23
OUT_09938,58.18
OUT_09939,198.26
OUT_09940,70.16
OUT_09941,58.63
OUT_09942,63.03
OUT_09943,196.68
OUT_09944,61.29
OUT_09945,61.33
OUT_09946,737.4
OUT_09947,205.5
OUT_09948,77.26
OUT_09949,63.07
OUT_09950,69.19
OUT_09951,67.58
OUT_09952,729.02
OUT_09953,207.96
OUT_09954,46.47
OUT_09955,67.65
OUT_09956,203.63
OUT_09957,196.68
OUT_09958,72.44
OUT_09959,196.89
OUT_09960,78.51
OUT_09961,739.91
OUT_09962,70.19
OUT_09963,717.91
OUT_09964,183.67
OUT_09965,64.84
OUT_09966,732.35
OUT_09967,73.24
OUT_09968,194.15
OUT_09969,67.67
OUT_09970,68.11
OUT_09971,51.33
OUT_09972,216.84
OUT_09973,76.18
OUT_09974,60.15
OUT_09975,61.31
OUT_09976,57.7
OUT_09977,738.66
OUT_09978,205.0
OUT_09979,739.44
OUT_09980,68.64
OUT_09981,70.81
OUT_09982,1733.39
OUT_09983,72.06
OUT_09984,199.88
OUT_09985,209.81
OUT_09986,212.09
OUT_09987,654.53
OUT_09988,210.36
OUT_09989,741.4
OUT_09990,201.72
OUT_09991,62.89
OUT_09992,62.84
OUT_09993,67.07
OUT_09994,72.87
OUT_09995,57.94
OUT_09996,205.37
OUT_09997,193.35
OUT_09998,202.44
OUT_09999,47.0
OUT_10000,187.22
OUT_10001,58.94
OUT_10002,210.33
OUT_10003,201.31
OUT_10004,75.91
OUT_10005,61.35
OUT_10006,708.04
OUT_10007,1735.05
OUT_10008,42.27
OUT_10009,208.9
OUT_10010,67.71
OUT_10011,698.92
OUT_10012,58.23
OUT_10013,73.02
OUT_10014,67.66
OUT_10015,51.29
OUT_10016,76.16
OUT_10017,233.96
OUT_10018,61.45
OUT_10019,205.13
OUT_10020,67.38
OUT_10021,213.07
OUT_10022,196.43
OUT_10023,1719.53
OUT_10024,74.66
OUT_10025,204.85
OUT_10026,196.12
OUT_10027,62.73
OUT_10028,66.01
OUT_10029,39.6
OUT_10030,205.6
OUT_10031,70.04
OUT_10032,66.09
OUT_10033,78.37
OUT_10034,731.11
OUT_10035,72.4
OUT_10036,213.46
OUT_10037,206.58
OUT_10038,201.87
OUT_10039,61.47
OUT_10040,201.64
OUT_10041,748.73
OUT_10042,721.58
OUT_10043,204.63
OUT_10044,55.18
OUT_10045,66.81
OUT_10046,202.28
OUT_10047,67.21
OUT_10048,733.05
OUT_10049,65.14
OUT_10050,75.7
OUT_10051,1730.77
OUT_10052,64.14
OUT_10053,55.53
OUT_10054,60.38
OUT_10055,738.14
OUT_10056,70.39
OUT_10057,209.15
OUT_10058,676.0
OUT_10059,69.69
OUT_10060,756.79
OUT_10061,65.24
OUT_10062,72.47
OUT_10063,197.47
OUT_10064,229.89
OUT_10065,64.94
OUT_10066,69.9
OUT_10067,205.58
OUT_10068,214.28
OUT_10069,187.85
OUT_10070,61.31
OUT_10071,77.51
OUT_10072,62.64
OUT_10073,72.5
OUT_10074,205.35
OUT_10075,55.65
OUT_10076,710.8
OUT_10077,67.1
OUT_10078,197.79
OUT_10079,44.48
OUT_10080,74.23
OUT_10081,64.79
OUT_10082,202.83
OUT_10083,202.59
OUT_10084,70.14
OUT_10085,72.93
OUT_10086,197.83
OUT_10087,65.92
OUT_10088,741.64
OUT_10089,203.16
OUT_10090,722.88
OUT_10091,211.7
OUT_10092,63.06
OUT_10093,74.41
OUT_10094,60.56
OUT_10095,194.53
OUT_10096,718.34
OUT_10097,59.33
OUT_10098,65.08
OUT_10099,61.26
OUT_10100,67.79
OUT_10101,207.2
OUT_10102,63.28
OUT_10103,200.57
OUT_10104,745.27
OUT_10105,1701.43
OUT_10106,48.9
OUT_10107,746.66
OUT_10108,733.56
OUT_10109,55.73
OUT_10110,220.27
OUT_10111,203.67
OUT_10112,47.26
OUT_10113,60.49
OUT_10114,205.57
OUT_10115,67.09
OUT_10116,1705.15
OUT_10117,66.01
OUT_10118,71.84
OUT_10119,204.23
OUT_10120,210.12
OUT_10121,197.79
OUT_10122,70.24
OUT_10123,209.33
OUT_10124,737.79
OUT_10125,63.09
OUT_10126,54.07
OUT_10127,239.42
OUT_10128,213.58
OUT_10129,72.44
OUT_10130,680.8
OUT_10131,1732.53
OUT_10132,189.54
OUT_10133,194.33
OUT_10134,690.64
OUT_10135,42.86
OUT_10136,67.37
OUT_10137,62.95
OUT_10138,72.43
OUT_10139,205.44
OUT_10140,762.34
OUT_10141,199.65
OUT_10142,1730.45
OUT_10143,63.13
OUT_10144,189.81
OUT_10145,204.6
OUT_10146,211.89
OUT_10147,70.72
OUT_10148,206.23
OUT_10149,188.7
OUT_10150,64.84
OUT_10151,63.16
OUT_10152,70.6
OUT_10153,198.82
OUT_10154,195.78
OUT_10155,204.7
OUT_10156,61.48
OUT_10157,746.14
OUT_10158,76.07
OUT_10159,754.64
OUT_10160,191.99
OUT_10161,206.24
OUT_10162,69.85
OUT_10163,173.43
OUT_10164,729.96
OUT_10165,729.97
OUT_10166,74.17
OUT_10167,701.9
OUT_10168,731.17
OUT_10169,65.9
OUT_10170,69.67
OUT_10171,197.69
OUT_10172,82.57
OUT_10173,199.1
OUT_10174,1707.86
OUT_10175,192.8
OUT_10176,63.02
OUT_10177,221.12
OUT_10178,720.92
OUT_10179,69.23
OUT_10180,193.65
OUT_10181,738.27
OUT_10182,205.21
OUT_10183,718.08
OUT_10184,688.66
OUT_10185,724.48
OUT_10186,72.83
OUT_10187,197.91
OUT_10188,214.43
OUT_10189,62.35
OUT_10190,705.49
OUT_10191,65.87
OUT_10192,209.7
OUT_10193,709.08
OUT_10194,67.33
OUT_10195,198.04
OUT_10196,699.33
OUT_10197,56.92
OUT_10198,71.08
OUT_10199,210.96
OUT_10200,54.29
OUT_10201,75.27
OUT_10202,185.82
OUT_10203,63.44
OUT_10204,196.56
OUT_10205,63.58
OUT_10206,714.9
OUT_10207,204.06
OUT_10208,760.07
OUT_10209,205.83
OUT_10210,204.98
OUT_10211,208.21
OUT_10212,197.96
OUT_10213,1720.88
OUT_10214,201.22
OUT_10215,1718.68
OUT_10216,72.32
OUT_10217,219.14
OUT_10218,737.18
OUT_10219,61.51
OUT_10220,74.78
OUT_10221,51.0
OUT_10222,211.48
OUT_10223,56.53
OUT_10224,57.1
OUT_10225,65.48
OUT_10226,204.98
OUT_10227,732.63
OUT_10228,54.47
OUT_10229,687.67
OUT_10230,55.64
OUT_10231,730.12
OUT_10232,51.59
OUT_10233,193.15
OUT_10234,207.58
OUT_10235,743.76
OUT_10236,71.31
OUT_10237,196.85
OUT_10238,206.8
OUT_10239,202.77
OUT_10240,53.16
OUT_10241,59.52
OUT_10242,201.88
OUT_10243,706.11
OUT_10244,1717.53
OUT_10245,72.35
OUT_10246,209.3
OUT_10247,210.57
OUT_10248,728.92
OUT_10249,206.05
OUT_10250,729.82
OUT_10251,72.75
OUT_10252,76.15
OUT_10253,210.85
OUT_10254,710.55
OUT_10255,55.13
OUT_10256,194.64
OUT_10257,50.56
OUT_10258,71.39
OUT_10259,726.67
OUT_10260,751.28
OUT_10261,64.98
OUT_10262,756.54
OUT_10263,210.81
OUT_10264,66.06
OUT_10265,203.27
OUT_10266,202.92
OUT_10267,218.61
OUT_10268,725.95
OUT_10269,74.93
OUT_10270,42.14
OUT_10271,72.81
OUT_10272,62.85
OUT_10273,67.79
OUT_10274,764.7
OUT_10275,205.98
OUT_10276,43.02
OUT_10277,60.22
OUT_10278,67.11
OUT_10279,203.7
OUT_10280,64.77
OUT_10281,57.12
OUT_10282,719.63
OUT_10283,754.47
OUT_10284,211.78
OUT_10285,63.83
OUT_10286,215.45
OUT_10287,77.72
OUT_10288,196.84
OUT_10289,56.79
OUT_10290,63.6
OUT_10291,740.46
OUT_10292,198.05
OUT_10293,68.21
OUT_10294,1716.66
OUT_10295,64.79
OUT_10296,209.34
OUT_10297,204.92
OUT_10298,193.65
OUT_10299,1719.31
OUT_10300,53.18
OUT_10301,202.58
OUT_10302,732.54
OUT_10303,719.81
OUT_10304,205.55
OUT_10305,76.81
OUT_10306,68.42
OUT_10307,74.76
OUT_10308,685.99
OUT_10309,64.98
OUT_10310,740.07
OUT_10311,204.54
OUT_10312,202.82
OUT_10313,80.77
OUT_10314,195.36
OUT_10315,73.71
OUT_10316,704.79
OUT_10317,204.59
OUT_10318,198.63
OUT_10319,203.33
OUT_10320,63.36
OUT_10321,65.54
OUT_10322,64.75
OUT_10323,187.56
OUT_10324,46.96
OUT_10325,204.81
OUT_10326,67.54
OUT_10327,743.47
OUT_10328,196.07
OUT_10329,51.53
OUT_10330,73.28
OUT_10331,73.51
OUT_10332,66.07
OUT_10333,63.41
OUT_10334,766.69
OUT_10335,702.83
OUT_10336,217.24
OUT_10337,71.32
OUT_10338,63.32
OUT_10339,67.82
OUT_10340,215.62
OUT_10341,69.38
OUT_10342,205.11
OUT_10343,1732.83
OUT_10344,63.1
OUT_10345,206.36
OUT_10346,740.04
OUT_10347,57.27
OUT_10348,67.43
OUT_10349,734.18
OUT_10350,723.3
OUT_10351,57.3
OUT_10352,690.23
OUT_10353,47.97
OUT_10354,74.55
OUT_10355,724.19
OUT_10356,60.57
OUT_10357,67.81
OUT_10358,199.59
OUT_10359,68.17
OUT_10360,222.7
OUT_10361,205.76
OUT_10362,203.33
OUT_10363,207.23
OUT_10364,195.54
OUT_10365,206.12
OUT_10366,205.19
OUT_10367,65.56
OUT_10368,72.43
OUT_10369,72.4
OUT_10370,204.36
OUT_10371,37.79
OUT_10372,736.63
OUT_10373,67.13
OUT_10374,701.52
OUT_10375,724.35
OUT_10376,64.84
OUT_10377,65.57
OUT_10378,67.49
OUT_10379,67.4
OUT_10380,201.9
OUT_10381,731.12
OUT_10382,701.47
OUT_10383,72.34
OUT_10384,70.37
OUT_10385,200.3
OUT_10386,66.35
OUT_10387,197.28
OUT_10388,196.3
OUT_10389,61.27
OUT_10390,197.45
OUT_10391,1728.52
OUT_10392,65.21
OUT_10393,58.31
OUT_10394,193.65
OUT_10395,69.89
OUT_10396,717.85
OUT_10397,1741.39
OUT_10398,55.5
OUT_10399,748.51
OUT_10400,205.75
OUT_10401,219.97
OUT_10402,208.48
OUT_10403,197.97
OUT_10404,51.58
OUT_10405,56.66
OUT_10406,72.96
OUT_10407,689.46
OUT_10408,75.27
OUT_10409,78.55
OUT_10410,72.94
OUT_10411,70.7
OUT_10412,726.65
OUT_10413,56.81
OUT_10414,48.38
OUT_10415,201.08
OUT_10416,63.72
OUT_10417,58.72
OUT_10418,209.02
OUT_10419,65.8
OUT_10420,74.14
OUT_10421,67.65
OUT_10422,77.26
OUT_10423,725.18
OUT_10424,67.69
OUT_10425,61.44
OUT_10426,58.3
OUT_10427,44.28
OUT_10428,699.06
OUT_10429,196.75
OUT_10430,57.3
OUT_10431,729.94
OUT_10432,700.45
OUT_10433,711.48
OUT_10434,747.11
OUT_10435,68.49
OUT_10436,57.44
OUT_10437,65.02
OUT_10438,731.58
OUT_10439,61.32
OUT_10440,212.83
OUT_10441,204.7
OUT_10442,74.68
OUT_10443,74.2
OUT_10444,214.67
OUT_10445,202.36
OUT_10446,211.61
OUT_10447,220.71
OUT_10448,714.26
OUT_10449,205.09
OUT_10450,208.93
OUT_10451,77.58
OUT_10452,75.46
OUT_10453,77.17
OUT_10454,72.28
OUT_10455,69.77
OUT_10456,709.66
OUT_10457,745.1
OUT_10458,194.79
OUT_10459,738.1
OUT_10460,205.11
OUT_10461,67.81
OUT_10462,67.44
OUT_10463,71.49
OUT_10464,67.85
OUT_10465,67.26
OUT_10466,48.47
OUT_10467,201.26
OUT_10468,195.98
OUT_10469,203.36
OUT_10470,75.68
OUT_10471,67.85
OUT_10472,209.56
OUT_10473,207.03
OUT_10474,72.78
OUT_10475,67.04
OUT_10476,204.56
OUT_10477,76.61
OUT_10478,75.08
OUT_10479,683.79
OUT_10480,66.68
OUT_10481,61.67
OUT_10482,759.43
OUT_10483,196.05
OUT_10484,202.47
OUT_10485,56.72
OUT_10486,65.85
OUT_10487,46.81
OUT_10488,67.85
OUT_10489,738.14
OUT_10490,205.57
OUT_10491,65.13
OUT_10492,67.67
OUT_10493,695.41
OUT_10494,734.94
OUT_10495,77.06
OUT_10496,210.57
OUT_10497,42.06
OUT_10498,205.61
OUT_10499,67.65
OUT_10500,58.86
OUT_10501,726.51
OUT_10502,48.32
OUT_10503,742.84
OUT_10504,1730.36
OUT_10505,740.92
OUT_10506,74.43
OUT_10507,1724.17
OUT_10508,1732.39
OUT_10509,198.69
OUT_10510,744.49
OUT_10511,44.22
OUT_10512,69.86
OUT_10513,63.39
OUT_10514,210.17
OUT_10515,72.85
OUT_10516,682.08
OUT_10517,72.38
OUT_10518,65.48
OUT_10519,73.97
OUT_10520,744.49
OUT_10521,741.26
OUT_10522,737.48
OUT_10523,70.26
OUT_10524,211.51
OUT_10525,204.54
OUT_10526,73.06
OUT_10527,69.36
OUT_10528,205.58
OUT_10529,201.31
OUT_10530,719.88
OUT_10531,54.18
OUT_10532,70.1
OUT_10533,762.11
OUT_10534,60.92
OUT_10535,193.01
OUT_10536,62.89
OUT_10537,212.68
OUT_10538,65.89
OUT_10539,55.14
OUT_10540,54.31
OUT_10541,718.45
OUT_10542,212.8
OUT_10543,206.64
OUT_10544,195.98
OUT_10545,1692.45
OUT_10546,68.45
OUT_10547,196.92
OUT_10548,70.18
OUT_10549,206.34
OUT_10550,724.16
OUT_10551,54.89
OUT_10552,61.08
OUT_10553,181.82
OUT_10554,211.66
OUT_10555,61.8
OUT_10556,68.12
OUT_10557,205.45
OUT_10558,67.48
OUT_10559,64.68
OUT_10560,73.48
OUT_10561,61.15
OUT_10562,67.6
OUT_10563,56.59
OUT_10564,721.41
OUT_10565,217.97
OUT_10566,205.03
OUT_10567,202.36
OUT_10568,67.94
OUT_10569,728.97
OUT_10570,212.21
OUT_10571,211.38
OUT_10572,212.8
OUT_10573,63.88
OUT_10574,194.94
OUT_10575,61.59
OUT_10576,227.12
OUT_10577,65.68
OUT_10578,70.87
OUT_10579,211.41
OUT_10580,203.71
OUT_10581,197.78
OUT_10582,70.43
OUT_10583,740.15
OUT_10584,61.33
OUT_10585,65.21
OUT_10586,199.21
OUT_10587,197.54
OUT_10588,55.42
OUT_10589,208.74
OUT_10590,49.35
OUT_10591,67.53
OUT_10592,213.83
OUT_10593,657.3
OUT_10594,204.66
OUT_10595,62.51
OUT_10596,67.41
OUT_10597,205.11
OUT_10598,731.17
OUT_10599,53.97
OUT_10600,699.1
OUT_10601,198.14
OUT_10602,51.68
OUT_10603,60.86
OUT_10604,203.19
OUT_10605,67.58
OUT_10606,49.99
OUT_10607,75.77
OUT_10608,191.76
OUT_10609,55.12
OUT_10610,202.53
OUT_10611,195.48
OUT_10612,53.35
OUT_10613,230.37
OUT_10614,214.72
OUT_10615,70.97
OUT_10616,210.23
OUT_10617,698.52
OUT_10618,67.98
OUT_10619,65.81
OUT_10620,67.54
OUT_10621,209.27
OUT_10622,200.25
OUT_10623,67.58
OUT_10624,203.09
OUT_10625,67.71
OUT_10626,208.23
OUT_10627,66.87
OUT_10628,51.03
OUT_10629,68.75
OUT_10630,670.92
OUT_10631,63.17
OUT_10632,697.75
OUT_10633,671.14
OUT_10634,72.21
OUT_10635,55.82
OUT_10636,710.99
OUT_10637,68.18
OUT_10638,64.36
OUT_10639,194.4
OUT_10640,63.02
OUT_10641,186.09
OUT_10642,1727.3
OUT_10643,46.19
OUT_10644,708.34
OUT_10645,222.42
OUT_10646,67.56
OUT_10647,62.77
OUT_10648,210.64
OUT_10649,54.14
OUT_10650,62.85
OUT_10651,73.37
OUT_10652,198.21
OUT_10653,1714.68
OUT_10654,73.88
OUT_10655,72.33
OUT_10656,67.47
OUT_10657,1741.42
OUT_10658,67.96
OUT_10659,202.67
OUT_10660,1720.17
OUT_10661,50.63
OUT_10662,65.4
OUT_10663,204.74
OUT_10664,204.69
OUT_10665,193.21
OUT_10666,210.32
OUT_10667,208.48
OUT_10668,58.02
OUT_10669,1738.35
OUT_10670,748.04
OUT_10671,200.87
OUT_10672,200.02
OUT_10673,69.89
OUT_10674,206.0
OUT_10675,67.57
OUT_10676,204.98
OUT_10677,76.46
OUT_10678,63.33
OUT_10679,210.56
OUT_10680,65.64
OUT_10681,62.37
OUT_10682,61.55
OUT_10683,746.37
OUT_10684,65.86
OUT_10685,211.17
OUT_10686,196.25
OUT_10687,63.0
OUT_10688,204.12
OUT_10689,203.85
OUT_10690,65.03
OUT_10691,208.35
OUT_10692,211.9
OUT_10693,72.51
OUT_10694,206.43
OUT_10695,73.63
OUT_10696,741.49
OUT_10697,63.46
OUT_10698,47.95
OUT_10699,1731.14
OUT_10700,70.31
OUT_10701,62.97
OUT_10702,70.08
OUT_10703,34.33
OUT_10704,55.73
OUT_10705,1720.72
OUT_10706,72.34
OUT_10707,63.0
OUT_10708,1707.79
OUT_10709,196.75
OUT_10710,1714.7
OUT_10711,710.19
OUT_10712,32.91
OUT_10713,60.27
OUT_10714,213.9
OUT_10715,200.32
OUT_10716,204.45
OUT_10717,732.13
OUT_10718,67.34
OUT_10719,1741.97
OUT_10720,191.0
OUT_10721,202.16
OUT_10722,209.79
OUT_10723,202.99
OUT_10724,64.82
OUT_10725,64.85
OUT_10726,55.51
OUT_10727,204.32
OUT_10728,1587.58
OUT_10729,70.23
OUT_10730,1706.37
OUT_10731,68.62
OUT_10732,53.02
OUT_10733,65.57
OUT_10734,213.19
OUT_10735,204.8
OUT_10736,68.36
OUT_10737,205.48
OUT_10738,76.37
OUT_10739,67.43
OUT_10740,56.64
OUT_10741,39.31
OUT_10742,65.93
OUT_10743,74.46
OUT_10744,61.23
OUT_10745,67.16
OUT_10746,65.06
OUT_10747,748.08
OUT_10748,76.6
OUT_10749,67.44
OUT_10750,67.82
OUT_10751,51.8
OUT_10752,207.16
OUT_10753,65.01
OUT_10754,73.07
OUT_10755,65.86
OUT_10756,67.86
OUT_10757,74.16
OUT_10758,1718.61
OUT_10759,55.58
OUT_10760,751.59
OUT_10761,206.09
OUT_10762,198.34
OUT_10763,205.11
OUT_10764,200.1
OUT_10765,60.99
OUT_10766,63.09
OUT_10767,46.99
OUT_10768,192.97
OUT_10769,32.56
OUT_10770,744.8
OUT_10771,65.75
OUT_10772,62.86
OUT_10773,202.95
OUT_10774,50.98
OUT_10775,203.46
OUT_10776,743.62
OUT_10777,57.61
OUT_10778,72.9
OUT_10779,693.79
OUT_10780,205.71
OUT_10781,1728.85
OUT_10782,209.68
OUT_10783,212.12
OUT_10784,46.94
OUT_10785,65.02
OUT_10786,57.03
OUT_10787,65.03
OUT_10788,732.22
OUT_10789,58.26
OUT_10790,228.33
OUT_10791,70.96
OUT_10792,204.71
OUT_10793,711.45
OUT_10794,1732.49
OUT_10795,61.65
OUT_10796,204.31
OUT_10797,61.24
OUT_10798,1700.82
OUT_10799,66.19
OUT_10800,72.95
OUT_10801,730.0
OUT_10802,65.12
OUT_10803,703.13
OUT_10804,1726.08
OUT_10805,726.76
OUT_10806,72.29
OUT_10807,58.23
OUT_10808,64.66
OUT_10809,67.26
OUT_10810,210.3
OUT_10811,55.43
OUT_10812,74.33
OUT_10813,56.9
OUT_10814,77.9
OUT_10815,211.83
OUT_10816,202.75
OUT_10817,210.62
OUT_10818,1732.4
OUT_10819,212.08
OUT_10820,76.16
OUT_10821,205.23
OUT_10822,57.67
OUT_10823,43.53
OUT_10824,60.38
OUT_10825,195.66
OUT_10826,751.22
OUT_10827,700.59
OUT_10828,1734.39
OUT_10829,99.36
OUT_10830,67.83
OUT_10831,57.2
OUT_10832,81.68
OUT_10833,203.38
OUT_10834,1718.95
OUT_10835,76.12
OUT_10836,63.04
OUT_10837,65.87
OUT_10838,196.66
OUT_10839,211.1
OUT_10840,74.52
OUT_10841,752.65
OUT_10842,201.43
OUT_10843,60.05
OUT_10844,206.68
OUT_10845,723.34
OUT_10846,56.31
OUT_10847,62.93
OUT_10848,59.86
OUT_10849,1696.86
OUT_10850,70.5
OUT_10851,37.75
OUT_10852,196.59
OUT_10853,50.43
OUT_10854,745.92
OUT_10855,67.83
OUT_10856,69.99
OUT_10857,209.57
OUT_10858,67.73
OUT_10859,697.09
OUT_10860,67.21
OUT_10861,194.34
OUT_10862,67.09
OUT_10863,65.64
OUT_10864,196.99
OUT_10865,219.58
OUT_10866,59.13
OUT_10867,206.87
OUT_10868,71.78
OUT_10869,55.66
OUT_10870,73.43
OUT_10871,204.09
OUT_10872,731.3
OUT_10873,55.74
OUT_10874,58.34
OUT_10875,679.29
OUT_10876,715.1
OUT_10877,194.46
OUT_10878,67.41
OUT_10879,200.35
OUT_10880,206.54
OUT_10881,58.55
OUT_10882,666.94
OUT_10883,719.0
OUT_10884,77.65
OUT_10885,64.84
OUT_10886,68.26
OUT_10887,744.41
OUT_10888,56.79
OUT_10889,61.81
OUT_10890,222.39
OUT_10891,672.81
OUT_10892,61.48
OUT_10893,61.21
OUT_10894,724.4
OUT_10895,67.54
OUT_10896,67.69
OUT_10897,41.91
OUT_10898,74.18
OUT_10899,68.03
OUT_10900,64.89
OUT_10901,60.77
OUT_10902,666.89
OUT_10903,723.4
OUT_10904,69.84
OUT_10905,67.4
OUT_10906,67.38
OUT_10907,65.8
OUT_10908,62.21
OUT_10909,49.97
OUT_10910,726.83
OUT_10911,47.31
OUT_10912,63.14
OUT_10913,202.64
OUT_10914,727.98
OUT_10915,67.68
OUT_10916,204.82
OUT_10917,211.57
OUT_10918,53.9
OUT_10919,67.19
OUT_10920,68.07
OUT_10921,725.17
OUT_10922,203.5
OUT_10923,722.36
OUT_10924,735.84
OUT_10925,1712.98
OUT_10926,52.87
OUT_10927,67.75
OUT_10928,67.41
OUT_10929,720.24
OUT_10930,729.87
OUT_10931,73.64
OUT_10932,717.56
OUT_10933,197.32
OUT_10934,65.68
OUT_10935,720.19
OUT_10936,48.19
OUT_10937,67.74
OUT_10938,735.13
OUT_10939,208.46
OUT_10940,745.63
OUT_10941,728.74
OUT_10942,73.71
OUT_10943,679.04
OUT_10944,65.16
OUT_10945,72.88
OUT_10946,67.35
OUT_10947,67.81
OUT_10948,61.55
OUT_10949,58.17
OUT_10950,59.63
OUT_10951,63.61
OUT_10952,754.21
OUT_10953,204.33
OUT_10954,1720.87
OUT_10955,56.75
OUT_10956,76.92
OUT_10957,696.27
OUT_10958,41.91
OUT_10959,752.07
OUT_10960,203.11
OUT_10961,64.84
OUT_10962,1750.17
OUT_10963,1710.22
OUT_10964,1737.31
OUT_10965,59.85
OUT_10966,1720.51
OUT_10967,720.0
OUT_10968,740.96
OUT_10969,54.91
OUT_10970,205.26
OUT_10971,61.39
OUT_10972,67.35
OUT_10973,62.78
OUT_10974,198.8
OUT_10975,197.35
OUT_10976,55.78
OUT_10977,61.49
OUT_10978,68.95
OUT_10979,70.41
OUT_10980,698.97
OUT_10981,71.0
OUT_10982,194.27
OUT_10983,205.18
OUT_10984,55.32
OUT_10985,203.7
OUT_10986,70.28
OUT_10987,203.96
OUT_10988,214.66
OUT_10989,738.29
OUT_10990,733.02
OUT_10991,74.83
OUT_10992,71.39
OUT_10993,719.7
OUT_10994,72.86
OUT_10995,62.02
OUT_10996,1706.08
OUT_10997,1715.71
OUT_10998,70.55
OUT_10999,735.42
OUT_11000,67.82
OUT_11001,210.23
OUT_11002,50.83
OUT_11003,1725.53
OUT_11004,67.06
OUT_11005,204.53
OUT_11006,211.72
OUT_11007,46.32
OUT_11008,738.59
OUT_11009,205.22
OUT_11010,205.82
OUT_11011,38.21
OUT_11012,54.16
OUT_11013,198.82
OUT_11014,61.3
OUT_11015,759.25
OUT_11016,67.21
OUT_11017,745.32
OUT_11018,55.77
OUT_11019,54.56
OUT_11020,70.12
OUT_11021,745.58
OUT_11022,95.44
OUT_11023,65.06
OUT_11024,71.31
OUT_11025,205.68
OUT_11026,62.78
OUT_11027,209.62
OUT_11028,193.46
OUT_11029,1717.65
OUT_11030,62.91
OUT_11031,72.39
OUT_11032,64.71
OUT_11033,212.94
OUT_11034,201.99
OUT_11035,73.36
OUT_11036,203.59
OUT_11037,73.04
OUT_11038,198.99
OUT_11039,714.81
OUT_11040,62.91
OUT_11041,72.58
OUT_11042,205.96
OUT_11043,726.86
OUT_11044,70.07
OUT_11045,194.4
OUT_11046,203.28
OUT_11047,73.59
OUT_11048,211.61
OUT_11049,206.59
OUT_11050,202.96
OUT_11051,205.95
OUT_11052,737.93
OUT_11053,70.21
OUT_11054,204.73
OUT_11055,211.0
OUT_11056,1726.79
OUT_11057,209.64
OUT_11058,73.1
OUT_11059,58.88
OUT_11060,196.47
OUT_11061,64.9
OUT_11062,64.82
OUT_11063,714.41
OUT_11064,209.04
OUT_11065,47.58
OUT_11066,73.13
OUT_11067,62.77
OUT_11068,736.87
OUT_11069,674.99
OUT_11070,202.09
OUT_11071,57.38
OUT_11072,68.81
OUT_11073,68.11
OUT_11074,54.93
OUT_11075,51.1
OUT_11076,205.86
OUT_11077,748.29
OUT_11078,67.83
OUT_11079,63.52
OUT_11080,69.61
OUT_11081,200.29
OUT_11082,67.42
OUT_11083,188.4
OUT_11084,194.39
OUT_11085,72.77
OUT_11086,70.65
OUT_11087,56.71
OUT_11088,67.16
OUT_11089,207.31
OUT_11090,721.69
OUT_11091,74.26
OUT_11092,201.28
OUT_11093,67.57
OUT_11094,1710.34
OUT_11095,58.55
OUT_11096,53.97
OUT_11097,204.83
OUT_11098,735.39
OUT_11099,62.89
OUT_11100,77.4
OUT_11101,743.38
OUT_11102,68.04
OUT_11103,46.04
OUT_11104,67.85
OUT_11105,730.98
OUT_11106,721.03
OUT_11107,204.07
OUT_11108,1713.49
OUT_11109,201.45
OUT_11110,207.21
OUT_11111,65.62
OUT_11112,732.61
OUT_11113,203.95
OUT_11114,213.5
OUT_11115,63.52
OUT_11116,34.87
OUT_11117,207.37
OUT_11118,67.56
OUT_11119,210.16
OUT_11120,689.38
OUT_11121,61.58
OUT_11122,72.36
OUT_11123,702.0
OUT_11124,750.44
OUT_11125,200.17
OUT_11126,65.47
OUT_11127,67.4
OUT_11128,1725.96
OUT_11129,67.62
OUT_11130,60.01
OUT_11131,737.72
OUT_11132,203.15
OUT_11133,221.68
OUT_11134,67.9
OUT_11135,63.86
OUT_11136,67.63
OUT_11137,64.1
OUT_11138,187.05
OUT_11139,209.55
OUT_11140,731.82
OUT_11141,203.74
OUT_11142,58.17
OUT_11143,1709.32
OUT_11144,84.82
OUT_11145,202.27
OUT_11146,67.15
OUT_11147,67.41
OUT_11148,68.87
OUT_11149,49.43
OUT_11150,726.16
OUT_11151,206.53
OUT_11152,723.96
OUT_11153,202.75
OUT_11154,54.98
OUT_11155,66.64
OUT_11156,59.09
OUT_11157,208.78
OUT_11158,192.14
OUT_11159,61.5
OUT_11160,204.45
OUT_11161,68.34
OUT_11162,72.64
OUT_11163,199.0
OUT_11164,42.31
OUT_11165,1722.83
OUT_11166,60.48
OUT_11167,209.82
OUT_11168,1722.13
OUT_11169,72.98
OUT_11170,55.58
OUT_11171,73.07
OUT_11172,206.67
OUT_11173,68.07
OUT_11174,64.52
OUT_11175,207.66
OUT_11176,203.03
OUT_11177,730.52
OUT_11178,67.88
OUT_11179,205.74
OUT_11180,47.47
OUT_11181,73.15
OUT_11182,675.53
OUT_11183,216.82
OUT_11184,62.96
OUT_11185,69.91
OUT_11186,209.18
OUT_11187,752.75
OUT_11188,73.63
OUT_11189,209.96
OUT_11190,51.73
OUT_11191,74.59
OUT_11192,219.74
OUT_11193,67.69
OUT_11194,70.64
OUT_11195,219.08
OUT_11196,67.42
OUT_11197,203.88
OUT_11198,203.52
OUT_11199,696.61
OUT_11200,47.19
OUT_11201,209.0
OUT_11202,61.68
OUT_11203,64.93
OUT_11204,1714.22
OUT_11205,67.08
OUT_11206,55.74
OUT_11207,63.07
OUT_11208,734.62
OUT_11209,64.81
OUT_11210,57.81
OUT_11211,74.39
OUT_11212,215.99
OUT_11213,209.84
OUT_11214,1724.96
OUT_11215,61.67
OUT_11216,58.49
OUT_11217,1736.65
OUT_11218,199.65
OUT_11219,747.95
OUT_11220,63.16
OUT_11221,44.53
OUT_11222,1720.97
OUT_11223,50.04
OUT_11224,72.21
OUT_11225,1715.76
OUT_11226,74.4
OUT_11227,63.61
OUT_11228,56.37
OUT_11229,193.69
OUT_11230,62.75
OUT_11231,209.12
OUT_11232,1723.47
OUT_11233,721.74
OUT_11234,63.02
OUT_11235,38.64
OUT_11236,209.73
OUT_11237,65.92
OUT_11238,60.05
OUT_11239,717.64
OUT_11240,209.57
OUT_11241,70.27
OUT_11242,53.78
OUT_11243,44.33
OUT_11244,72.96
OUT_11245,197.68
OUT_11246,65.78
OUT_11247,72.94
OUT_11248,67.41
OUT_11249,196.18
OUT_11250,218.01
OUT_11251,1724.91
OUT_11252,68.49
OUT_11253,751.86
OUT_11254,194.71
OUT_11255,205.07
OUT_11256,201.77
OUT_11257,70.74
OUT_11258,60.46
OUT_11259,72.82
OUT_11260,713.59
OUT_11261,1685.21
OUT_11262,63.26
OUT_11263,61.13
OUT_11264,67.99
OUT_11265,731.48
OUT_11266,69.66
OUT_11267,58.63
OUT_11268,210.89
OUT_11269,1726.87
OUT_11270,96.92
OUT_11271,64.73
OUT_11272,57.94
OUT_11273,204.2
OUT_11274,59.25
OUT_11275,63.55
OUT_11276,191.47
OUT_11277,61.58
OUT_11278,65.29
OUT_11279,63.97
OUT_11280,749.18
OUT_11281,61.93
OUT_11282,68.09
OUT_11283,65.98
OUT_11284,70.22
OUT_11285,70.49
OUT_11286,211.11
OUT_11287,62.65
OUT_11288,762.85
OUT_11289,67.19
OUT_11290,201.85
OUT_11291,764.34
OUT_11292,67.95
OUT_11293,207.72
OUT_11294,44.51
OUT_11295,63.25
OUT_11296,752.27
OUT_11297,192.86
OUT_11298,216.89
OUT_11299,43.78
OUT_11300,74.31
OUT_11301,67.48
OUT_11302,67.1
OUT_11303,721.75
OUT_11304,66.87
OUT_11305,1729.5
OUT_11306,208.83
OUT_11307,1713.75
OUT_11308,204.96
OUT_11309,740.17
OUT_11310,209.51
OUT_11311,62.97
OUT_11312,67.32
OUT_11313,64.92
OUT_11314,658.3
OUT_11315,210.37
OUT_11316,1730.11
OUT_11317,743.6
OUT_11318,719.53
OUT_11319,65.05
OUT_11320,46.47
OUT_11321,210.65
OUT_11322,725.77
OUT_11323,224.57
OUT_11324,64.52
OUT_11325,64.64
OUT_11326,212.11
OUT_11327,68.38
OUT_11328,710.58
OUT_11329,62.72
OUT_11330,715.07
OUT_11331,204.99
OUT_11332,63.06
OUT_11333,211.38
OUT_11334,75.84
OUT_11335,56.14
OUT_11336,211.19
OUT_11337,202.09
OUT_11338,194.06
OUT_11339,58.11
OUT_11340,194.26
OUT_11341,73.03
OUT_11342,209.83
OUT_11343,70.4
OUT_11344,65.43
OUT_11345,45.94
OUT_11346,210.76
OUT_11347,210.33
OUT_11348,66.86
OUT_11349,55.7
OUT_11350,189.07
OUT_11351,59.54
OUT_11352,209.88
OUT_11353,65.49
OUT_11354,735.75
OUT_11355,72.56
OUT_11356,67.64
OUT_11357,204.33
OUT_11358,73.82
OUT_11359,1699.47
OUT_11360,212.3
OUT_11361,199.08
OUT_11362,206.7
OUT_11363,61.42
OUT_11364,64.34
OUT_11365,194.15
OUT_11366,64.15
OUT_11367,70.99
OUT_11368,1726.84
OUT_11369,63.99
OUT_11370,67.99
OUT_11371,201.65
OUT_11372,702.81
OUT_11373,213.38
OUT_11374,74.31
OUT_11375,216.57
OUT_11376,198.43
OUT_11377,61.19
OUT_11378,205.65
OUT_11379,83.53
OUT_11380,67.22
OUT_11381,195.69
OUT_11382,68.02
OUT_11383,202.5
OUT_11384,208.05
OUT_11385,206.49
OUT_11386,202.75
OUT_11387,65.76
OUT_11388,211.94
OUT_11389,68.14
OUT_11390,47.04
OUT_11391,67.74
OUT_11392,743.78
OUT_11393,69.2
OUT_11394,733.69
OUT_11395,197.5
OUT_11396,204.3
OUT_11397,754.26
OUT_11398,205.01
OUT_11399,73.62
OUT_11400,56.88
OUT_11401,201.52
OUT_11402,75.57
OUT_11403,1717.17
OUT_11404,70.92
OUT_11405,67.43
OUT_11406,719.59
OUT_11407,65.53
OUT_11408,64.85
OUT_11409,194.38
OUT_11410,204.79
OUT_11411,71.29
OUT_11412,55.31
OUT_11413,713.05
OUT_11414,63.82
OUT_11415,59.56
OUT_11416,766.12
OUT_11417,68.18
OUT_11418,68.44
OUT_11419,69.68
OUT_11420,189.5
OUT_11421,731.06
OUT_11422,199.89
OUT_11423,205.64
OUT_11424,195.65
OUT_11425,72.36
OUT_11426,1732.47
OUT_11427,207.35
OUT_11428,210.21
OUT_11429,74.51
OUT_11430,67.9
OUT_11431,208.1
OUT_11432,203.52
OUT_11433,70.6
OUT_11434,712.64
OUT_11435,62.9
OUT_11436,72.31
OUT_11437,708.81
OUT_11438,725.56
OUT_11439,207.11
OUT_11440,73.04
OUT_11441,62.92
OUT_11442,50.28
OUT_11443,62.95
OUT_11444,70.3
OUT_11445,59.26
OUT_11446,201.08
OUT_11447,686.98
OUT_11448,54.81
OUT_11449,209.57
OUT_11450,56.92
OUT_11451,69.68
OUT_11452,77.61
OUT_11453,212.25
OUT_11454,196.67
OUT_11455,209.45
OUT_11456,70.14
OUT_11457,211.65
OUT_11458,1734.82
OUT_11459,67.26
OUT_11460,1731.2
OUT_11461,64.05
OUT_11462,65.28
OUT_11463,45.1
OUT_11464,203.84
OUT_11465,1734.37
OUT_11466,70.27
OUT_11467,61.46
OUT_11468,204.79
OUT_11469,72.56
OUT_11470,40.38
OUT_11471,211.87
OUT_11472,73.21
OUT_11473,210.06
OUT_11474,78.33
OUT_11475,702.97
OUT_11476,61.33
OUT_11477,62.93
OUT_11478,60.69
OUT_11479,202.22
OUT_11480,40.87
OUT_11481,49.78
OUT_11482,196.5
OUT_11483,211.39
OUT_11484,203.37
OUT_11485,58.48
OUT_11486,216.42
OUT_11487,203.14
OUT_11488,216.65
OUT_11489,204.36
OUT_11490,203.08
OUT_11491,212.08
OUT_11492,212.96
OUT_11493,211.55
OUT_11494,66.76
OUT_11495,203.78
OUT_11496,65.0
OUT_11497,1740.85
OUT_11498,67.45
OUT_11499,65.81
OUT_11500,728.77
OUT_11501,38.82
OUT_11502,714.13
OUT_11503,192.1
OUT_11504,764.49
OUT_11505,70.73
OUT_11506,205.32
OUT_11507,67.73
OUT_11508,202.48
OUT_11509,51.87
OUT_11510,192.65
OUT_11511,198.67
OUT_11512,700.27
OUT_11513,205.89
OUT_11514,60.0
OUT_11515,740.51
OUT_11516,65.65
OUT_11517,209.95
OUT_11518,76.31
OUT_11519,52.05
OUT_11520,200.71
OUT_11521,76.91
OUT_11522,201.19
OUT_11523,1741.53
OUT_11524,60.49
OUT_11525,62.61
OUT_11526,61.73
OUT_11527,74.44
OUT_11528,61.43
OUT_11529,68.2
OUT_11530,46.26
OUT_11531,205.94
OUT_11532,733.27
OUT_11533,46.74
OUT_11534,711.33
OUT_11535,205.61
OUT_11536,199.12
OUT_11537,72.77
OUT_11538,68.76
OUT_11539,192.16
OUT_11540,718.85
OUT_11541,191.42
OUT_11542,82.39
OUT_11543,70.97
OUT_11544,53.58
OUT_11545,703.37
OUT_11546,62.69
OUT_11547,713.25
OUT_11548,62.76
OUT_11549,204.44
OUT_11550,58.43
OUT_11551,69.26
OUT_11552,62.95
OUT_11553,64.98
OUT_11554,47.58
OUT_11555,55.94
OUT_11556,74.7
OUT_11557,195.92
OUT_11558,67.65
OUT_11559,730.35
OUT_11560,208.45
OUT_11561,65.86
OUT_11562,63.1
OUT_11563,705.27
OUT_11564,77.76
OUT_11565,206.43
OUT_11566,54.76
OUT_11567,707.31
OUT_11568,73.33
OUT_11569,772.52
OUT_11570,67.96
OUT_11571,199.72
OUT_11572,74.28
OUT_11573,196.48
OUT_11574,199.58
OUT_11575,68.1
OUT_11576,202.15
OUT_11577,54.74
OUT_11578,191.96
OUT_11579,62.58
OUT_11580,74.67
OUT_11581,63.19
OUT_11582,68.52
OUT_11583,196.13
OUT_11584,719.52
OUT_11585,212.72
OUT_11586,67.92
OUT_11587,205.09
OUT_11588,1273.28
OUT_11589,213.93
OUT_11590,1698.87
OUT_11591,67.53
OUT_11592,61.25
OUT_11593,53.42
OUT_11594,65.24
OUT_11595,60.34
OUT_11596,63.0
OUT_11597,69.42
OUT_11598,213.98
OUT_11599,679.21
OUT_11600,51.69
OUT_11601,1723.71
OUT_11602,64.96
OUT_11603,80.01
OUT_11604,70.13
OUT_11605,1727.29
OUT_11606,215.65
OUT_11607,205.96
OUT_11608,68.08
OUT_11609,61.76
OUT_11610,73.53
OUT_11611,736.69
OUT_11612,70.02
OUT_11613,729.84
OUT_11614,66.42
OUT_11615,191.04
OUT_11616,211.83
OUT_11617,197.39
OUT_11618,209.28
OUT_11619,1727.43
OUT_11620,67.21
OUT_11621,73.99
OUT_11622,726.04
OUT_11623,67.87
OUT_11624,48.28
OUT_11625,70.15
OUT_11626,56.11
OUT_11627,73.09
OUT_11628,242.96
OUT_11629,70.62
OUT_11630,714.4
OUT_11631,207.91
OUT_11632,195.17
OUT_11633,736.94
OUT_11634,67.87
OUT_11635,67.41
OUT_11636,1724.62
OUT_11637,724.44
OUT_11638,72.93
OUT_11639,72.4
OUT_11640,204.48
OUT_11641,62.42
OUT_11642,737.87
OUT_11643,1730.89
OUT_11644,1721.91
OUT_11645,63.21
OUT_11646,727.54
OUT_11647,66.55
OUT_11648,209.82
OUT_11649,67.8
OUT_11650,33.57
OUT_11651,63.37
OUT_11652,759.68
OUT_11653,62.59
OUT_11654,47.08
OUT_11655,56.69
OUT_11656,56.81
OUT_11657,82.06
OUT_11658,73.57
OUT_11659,73.3
OUT_11660,62.82
OUT_11661,66.47
OUT_11662,696.21
OUT_11663,65.77
OUT_11664,68.57
OUT_11665,1718.45
OUT_11666,693.13
OUT_11667,203.07
OUT_11668,204.23
OUT_11669,54.63
OUT_11670,42.3
OUT_11671,52.62
OUT_11672,715.79
OUT_11673,197.73
OUT_11674,739.13
OUT_11675,58.06
OUT_11676,212.78
OUT_11677,67.04
OUT_11678,67.26
OUT_11679,62.97
OUT_11680,716.93
OUT_11681,194.81
OUT_11682,56.58
OUT_11683,733.44
OUT_11684,66.04
OUT_11685,67.4
OUT_11686,728.68
OUT_11687,72.75
OUT_11688,749.91
OUT_11689,199.37
OUT_11690,75.56
OUT_11691,47.0
OUT_11692,764.66
OUT_11693,206.24
OUT_11694,70.01
OUT_11695,65.35
OUT_11696,711.61
OUT_11697,1751.34
OUT_11698,58.43
OUT_11699,200.14
OUT_11700,62.74
OUT_11701,61.36
OUT_11702,215.18
OUT_11703,70.36
OUT_11704,747.85
OUT_11705,70.38
OUT_11706,70.04
OUT_11707,208.13
OUT_11708,70.5
OUT_11709,73.46
OUT_11710,63.64
OUT_11711,214.38
OUT_11712,67.87
OUT_11713,204.14
OUT_11714,67.79
OUT_11715,205.37
OUT_11716,210.33
OUT_11717,731.21
OUT_11718,205.1
OUT_11719,196.65
OUT_11720,1733.92
OUT_11721,202.82
OUT_11722,73.26
OUT_11723,65.68
OUT_11724,72.71
OUT_11725,65.66
OUT_11726,69.72
OUT_11727,189.5
OUT_11728,72.65
OUT_11729,57.75
OUT_11730,72.47
OUT_11731,73.27
OUT_11732,67.3
OUT_11733,755.96
OUT_11734,70.67
OUT_11735,55.23
OUT_11736,44.69
OUT_11737,64.59
OUT_11738,55.76
OUT_11739,51.51
OUT_11740,55.85
OUT_11741,72.92
OUT_11742,210.43
OUT_11743,205.4
OUT_11744,48.6
OUT_11745,45.41
OUT_11746,725.62
OUT_11747,208.34
OUT_11748,59.84
OUT_11749,209.81
OUT_11750,205.77
OUT_11751,67.12
OUT_11752,63.76
OUT_11753,210.2
OUT_11754,53.96
OUT_11755,782.73
OUT_11756,38.81
OUT_11757,698.29
OUT_11758,42.28
OUT_11759,62.9
OUT_11760,67.21
OUT_11761,216.6
OUT_11762,745.28
OUT_11763,214.6
OUT_11764,205.44
OUT_11765,62.56
OUT_11766,65.01
OUT_11767,1732.12
OUT_11768,54.33
OUT_11769,713.7
OUT_11770,1731.26
OUT_11771,199.25
OUT_11772,207.76
OUT_11773,67.4
OUT_11774,64.96
OUT_11775,204.88
OUT_11776,66.03
OUT_11777,49.74
OUT_11778,72.54
OUT_11779,58.26
OUT_11780,741.3
OUT_11781,64.85
OUT_11782,68.94
OUT_11783,204.36
OUT_11784,209.34
OUT_11785,65.28
OUT_11786,51.07
OUT_11787,73.65
OUT_11788,1724.51
OUT_11789,721.14
OUT_11790,174.61
OUT_11791,681.05
OUT_11792,205.34
OUT_11793,68.05
OUT_11794,72.8
OUT_11795,48.13
OUT_11796,199.07
OUT_11797,770.39
OUT_11798,205.14
OUT_11799,204.52
OUT_11800,205.0
OUT_11801,199.35
OUT_11802,72.24
OUT_11803,79.9
OUT_11804,1721.88
OUT_11805,67.88
OUT_11806,61.28
OUT_11807,210.04
OUT_11808,203.09
OUT_11809,63.25
OUT_11810,63.19
OUT_11811,61.78
OUT_11812,61.66
OUT_11813,195.78
OUT_11814,204.92
OUT_11815,72.8
OUT_11816,702.07
OUT_11817,199.73
OUT_11818,65.75
OUT_11819,727.4
OUT_11820,723.52
OUT_11821,65.56
OUT_11822,60.56
OUT_11823,734.65
OUT_11824,209.2
OUT_11825,187.92
OUT_11826,65.52
OUT_11827,73.44
OUT_11828,63.81
OUT_11829,67.26
OUT_11830,55.26
OUT_11831,66.91
OUT_11832,67.49
OUT_11833,209.33
OUT_11834,210.33
OUT_11835,42.65
OUT_11836,79.7
OUT_11837,197.32
OUT_11838,194.73
OUT_11839,70.38
OUT_11840,44.7
OUT_11841,54.28
OUT_11842,194.38
OUT_11843,1720.47
OUT_11844,65.14
OUT_11845,672.79
OUT_11846,67.53
OUT_11847,202.75
OUT_11848,730.21
OUT_11849,51.52
OUT_11850,57.86
OUT_11851,70.26
OUT_11852,734.05
OUT_11853,1734.31
OUT_11854,55.82
OUT_11855,213.66
OUT_11856,206.04
OUT_11857,758.29
OUT_11858,196.71
OUT_11859,708.65
OUT_11860,53.47
OUT_11861,213.33
OUT_11862,210.06
OUT_11863,72.51
OUT_11864,48.09
OUT_11865,61.41
OUT_11866,209.85
OUT_11867,73.18
OUT_11868,707.06
OUT_11869,55.86
OUT_11870,212.11
OUT_11871,66.6
OUT_11872,205.64
OUT_11873,68.5
OUT_11874,73.35
OUT_11875,207.53
OUT_11876,195.59
OUT_11877,70.0
OUT_11878,67.0
OUT_11879,204.84
OUT_11880,64.71
OUT_11881,208.59
OUT_11882,204.9
OUT_11883,719.67
OUT_11884,55.79
OUT_11885,197.41
OUT_11886,206.37
OUT_11887,55.52
OUT_11888,73.95
OUT_11889,208.5
OUT_11890,65.09
OUT_11891,45.86
OUT_11892,47.64
OUT_11893,67.14
OUT_11894,764.79
OUT_11895,61.26
OUT_11896,61.27
OUT_11897,695.12
OUT_11898,685.23
OUT_11899,72.85
OUT_11900,721.19
OUT_11901,58.9
OUT_11902,56.01
OUT_11903,53.41
OUT_11904,64.87
OUT_11905,74.46
OUT_11906,65.53
OUT_11907,55.81
OUT_11908,75.57
OUT_11909,719.07
OUT_11910,202.67
OUT_11911,719.25
OUT_11912,255.28
OUT_11913,72.46
OUT_11914,212.36
OUT_11915,56.03
OUT_11916,63.1
OUT_11917,75.75
OUT_11918,47.59
OUT_11919,37.28
OUT_11920,744.06
OUT_11921,56.63
OUT_11922,745.99
OUT_11923,68.08
OUT_11924,67.86
OUT_11925,68.39
OUT_11926,55.3
OUT_11927,75.33
OUT_11928,70.05
OUT_11929,762.64
OUT_11930,62.94
OUT_11931,65.79
OUT_11932,62.99
OUT_11933,55.59
OUT_11934,227.36
OUT_11935,72.94
OUT_11936,71.49
OUT_11937,55.45
OUT_11938,74.66
OUT_11939,202.86
OUT_11940,228.72
OUT_11941,65.65
OUT_11942,214.0
OUT_11943,755.27
OUT_11944,693.32
OUT_11945,63.75
OUT_11946,63.62
OUT_11947,204.96
OUT_11948,62.85
OUT_11949,1739.64
OUT_11950,1724.12
OUT_11951,756.44
OUT_11952,71.26
OUT_11953,64.88
OUT_11954,206.36
OUT_11955,60.7
OUT_11956,55.61
OUT_11957,67.36
OUT_11958,712.46
OUT_11959,67.76
OUT_11960,726.1
OUT_11961,732.98
OUT_11962,206.61
OUT_11963,741.2
OUT_11964,72.89
OUT_11965,199.23
OUT_11966,70.33
OUT_11967,49.41
OUT_11968,681.75
OUT_11969,737.79
OUT_11970,733.98
OUT_11971,72.85
OUT_11972,206.29
OUT_11973,64.93
OUT_11974,67.6
OUT_11975,202.61
OUT_11976,754.74
OUT_11977,70.35
OUT_11978,207.78
OUT_11979,75.36
OUT_11980,70.61
OUT_11981,1718.29
OUT_11982,62.55
OUT_11983,204.39
OUT_11984,63.06
OUT_11985,55.36
OUT_11986,203.32
OUT_11987,205.16
OUT_11988,194.56
OUT_11989,199.39
OUT_11990,60.38
OUT_11991,216.9
OUT_11992,211.74
OUT_11993,211.09
OUT_11994,67.74
OUT_11995,193.77
OUT_11996,211.53
OUT_11997,67.07
OUT_11998,202.91
OUT_11999,66.3
OUT_12000,214.61
OUT_12001,67.82
OUT_12002,210.79
OUT_12003,205.12
OUT_12004,1722.93
OUT_12005,56.08
OUT_12006,205.0
OUT_12007,202.98
OUT_12008,739.87
OUT_12009,62.93
OUT_12010,52.9
OUT_12011,54.44
OUT_12012,729.94
OUT_12013,195.22
OUT_12014,50.35
OUT_12015,1724.44
OUT_12016,62.12
OUT_12017,67.6
OUT_12018,65.3
OUT_12019,58.39
OUT_12020,32.82
OUT_12021,197.39
OUT_12022,201.49
OUT_12023,70.47
OUT_12024,74.42
OUT_12025,76.96
OUT_12026,1728.65
OUT_12027,67.78
OUT_12028,210.62
OUT_12029,76.91
OUT_12030,732.14
OUT_12031,56.54
OUT_12032,211.41
OUT_12033,193.4
OUT_12034,50.26
OUT_12035,216.76
OUT_12036,735.63
OUT_12037,68.51
OUT_12038,74.35
OUT_12039,72.8
OUT_12040,75.06
OUT_12041,236.48
OUT_12042,193.23
OUT_12043,190.32
OUT_12044,64.49
OUT_12045,205.54
OUT_12046,72.69
OUT_12047,60.34
OUT_12048,65.15
OUT_12049,726.52
OUT_12050,61.56
OUT_12051,41.02
OUT_12052,68.22
OUT_12053,67.23
OUT_12054,207.8
OUT_12055,742.93
OUT_12056,72.91
OUT_12057,63.85
OUT_12058,711.89
OUT_12059,58.06
OUT_12060,1731.84
OUT_12061,56.79
OUT_12062,217.09
OUT_12063,210.71
OUT_12064,203.64
OUT_12065,68.38
OUT_12066,61.84
OUT_12067,56.74
OUT_12068,73.95
OUT_12069,62.75
OUT_12070,210.38
OUT_12071,675.55
OUT_12072,56.15
OUT_12073,75.12
OUT_12074,735.57
OUT_12075,73.36
OUT_12076,55.01
OUT_12077,65.81
OUT_12078,61.7
OUT_12079,57.38
OUT_12080,53.92
OUT_12081,718.74
OUT_12082,195.84
OUT_12083,727.65
OUT_12084,200.18
OUT_12085,54.85
OUT_12086,71.34
OUT_12087,64.98
OUT_12088,72.52
OUT_12089,50.74
OUT_12090,196.31
OUT_12091,707.6
OUT_12092,55.89
OUT_12093,61.52
OUT_12094,62.46
OUT_12095,194.01
OUT_12096,202.22
OUT_12097,65.87
OUT_12098,205.37
OUT_12099,63.06
OUT_12100,67.62
OUT_12101,65.2
OUT_12102,72.99
OUT_12103,48.01
OUT_12104,64.1
OUT_12105,67.72
OUT_12106,50.79
OUT_12107,69.99
OUT_12108,1721.03
OUT_12109,213.83
OUT_12110,193.11
OUT_12111,63.89
OUT_12112,43.43
OUT_12113,698.85
OUT_12114,46.9
OUT_12115,730.82
OUT_12116,205.37
OUT_12117,63.05
OUT_12118,200.7
OUT_12119,66.12
OUT_12120,202.44
OUT_12121,203.18
OUT_12122,73.28
OUT_12123,211.07
OUT_12124,203.41
OUT_12125,202.37
OUT_12126,63.12
OUT_12127,65.38
OUT_12128,206.55
OUT_12129,66.88
OUT_12130,61.63
OUT_12131,1722.13
OUT_12132,63.88
OUT_12133,67.39
OUT_12134,198.79
OUT_12135,55.66
OUT_12136,191.66
OUT_12137,204.74
OUT_12138,745.9
OUT_12139,737.09
OUT_12140,72.36
OUT_12141,1728.64
OUT_12142,1721.0
OUT_12143,72.14
OUT_12144,74.88
OUT_12145,724.86
OUT_12146,73.03
OUT_12147,47.41
OUT_12148,691.85
OUT_12149,70.12
OUT_12150,68.97
OUT_12151,69.69
OUT_12152,748.99
OUT_12153,213.21
OUT_12154,247.43
OUT_12155,62.56
OUT_12156,72.34
OUT_12157,203.95
OUT_12158,80.55
OUT_12159,1719.1
OUT_12160,209.95
OUT_12161,60.52
OUT_12162,1725.96
OUT_12163,55.68
OUT_12164,64.81
OUT_12165,67.89
OUT_12166,56.93
OUT_12167,54.64
OUT_12168,72.67
OUT_12169,69.64
OUT_12170,211.31
OUT_12171,63.62
OUT_12172,205.62
OUT_12173,213.09
OUT_12174,209.46
OUT_12175,72.92
OUT_12176,188.51
OUT_12177,69.36
OUT_12178,65.69
OUT_12179,76.34
OUT_12180,67.9
OUT_12181,72.65
OUT_12182,204.52
OUT_12183,63.01
OUT_12184,212.19
OUT_12185,210.85
OUT_12186,70.86
OUT_12187,210.09
OUT_12188,72.46
OUT_12189,204.36
OUT_12190,53.8
OUT_12191,67.15
OUT_12192,63.01
OUT_12193,72.91
OUT_12194,213.58
OUT_12195,70.15
OUT_12196,55.57
OUT_12197,248.88
OUT_12198,212.9
OUT_12199,75.72
OUT_12200,749.8
OUT_12201,53.9
OUT_12202,65.52
OUT_12203,719.12
OUT_12204,68.94
OUT_12205,1724.2
OUT_12206,1721.12
OUT_12207,220.07
OUT_12208,204.9
OUT_12209,67.55
OUT_12210,74.66
OUT_12211,70.24
OUT_12212,70.98
OUT_12213,67.75
OUT_12214,199.49
OUT_12215,712.95
OUT_12216,194.26
OUT_12217,68.56
OUT_12218,51.74
OUT_12219,77.19
OUT_12220,710.81
OUT_12221,32.59
OUT_12222,74.02
OUT_12223,227.2
OUT_12224,734.51
OUT_12225,39.7
OUT_12226,76.64
OUT_12227,44.25
OUT_12228,69.65
OUT_12229,67.19
OUT_12230,73.13
OUT_12231,41.74
OUT_12232,76.15
OUT_12233,60.37
OUT_12234,68.47
OUT_12235,205.01
OUT_12236,77.04
OUT_12237,754.79
OUT_12238,70.74
OUT_12239,209.35
OUT_12240,65.64
OUT_12241,59.21
OUT_12242,737.03
OUT_12243,72.43
OUT_12244,208.22
OUT_12245,64.75
OUT_12246,77.17
OUT_12247,72.58
OUT_12248,217.91
OUT_12249,1704.05
OUT_12250,766.14
OUT_12251,61.45
OUT_12252,67.23
OUT_12253,193.39
OUT_12254,61.62
OUT_12255,732.82
OUT_12256,738.74
OUT_12257,44.77
OUT_12258,1698.72
OUT_12259,206.93
OUT_12260,65.38
OUT_12261,70.09
OUT_12262,205.66
OUT_12263,1720.76
OUT_12264,1720.01
OUT_12265,197.78
OUT_12266,67.6
OUT_12267,201.29
OUT_12268,1734.54
OUT_12269,74.28
OUT_12270,197.76
OUT_12271,67.98
OUT_12272,203.59
OUT_12273,190.66
OUT_12274,67.36
OUT_12275,203.08
OUT_12276,65.34
OUT_12277,1735.41
OUT_12278,70.34
OUT_12279,201.2
OUT_12280,203.84
OUT_12281,205.63
OUT_12282,209.96
OUT_12283,742.49
OUT_12284,61.19
OUT_12285,212.29
OUT_12286,71.22
OUT_12287,75.56
OUT_12288,72.77
OUT_12289,73.4
OUT_12290,72.4
OUT_12291,716.39
OUT_12292,195.87
OUT_12293,73.19
OUT_12294,203.89
OUT_12295,768.15
OUT_12296,65.05
OUT_12297,204.03
OUT_12298,195.54
OUT_12299,69.35
OUT_12300,40.01
OUT_12301,726.31
OUT_12302,67.18
OUT_12303,66.9
OUT_12304,74.94
OUT_12305,67.54
OUT_12306,1698.36
OUT_12307,67.59
OUT_12308,194.8
OUT_12309,68.65
OUT_12310,214.64
OUT_12311,206.22
OUT_12312,204.03
OUT_12313,61.42
OUT_12314,209.97
OUT_12315,77.86
OUT_12316,63.28
OUT_12317,65.26
OUT_12318,67.17
OUT_12319,65.9
OUT_12320,69.88
OUT_12321,72.45
OUT_12322,65.79
OUT_12323,66.18
OUT_12324,185.64
OUT_12325,209.91
OUT_12326,70.24
OUT_12327,735.85
OUT_12328,195.65
OUT_12329,65.63
OUT_12330,67.44
OUT_12331,745.56
OUT_12332,205.76
OUT_12333,203.79
OUT_12334,1694.24
OUT_12335,212.84
OUT_12336,67.99
OUT_12337,73.12
OUT_12338,214.02
OUT_12339,77.71
OUT_12340,200.36
OUT_12341,73.45
OUT_12342,61.34
OUT_12343,684.53
OUT_12344,189.23
OUT_12345,1749.22
OUT_12346,740.96
OUT_12347,208.49
OUT_12348,1711.57
OUT_12349,204.6
OUT_12350,62.89
OUT_12351,74.03
OUT_12352,57.49
OUT_12353,55.87
OUT_12354,60.39
OUT_12355,202.95
OUT_12356,56.75
OUT_12357,63.13
OUT_12358,71.48
OUT_12359,61.54
OUT_12360,718.63
OUT_12361,67.94
OUT_12362,55.37
OUT_12363,55.12
OUT_12364,70.03
OUT_12365,51.34
OUT_12366,70.58
OUT_12367,197.19
OUT_12368,1725.11
OUT_12369,723.89
OUT_12370,202.86
OUT_12371,696.53
OUT_12372,1712.96
OUT_12373,188.76
OUT_12374,207.41
OUT_12375,213.49
OUT_12376,703.21
OUT_12377,68.49
OUT_12378,216.88
OUT_12379,70.54
OUT_12380,57.13
OUT_12381,701.57
OUT_12382,55.02
OUT_12383,63.94
OUT_12384,752.54
OUT_12385,64.86
OUT_12386,72.46
OUT_12387,201.1
OUT_12388,688.96
OUT_12389,208.63
OUT_12390,106.38
OUT_12391,209.57
OUT_12392,65.99
OUT_12393,201.21
OUT_12394,700.56
OUT_12395,73.75
OUT_12396,705.14
OUT_12397,61.35
OUT_12398,1713.58
OUT_12399,214.58
OUT_12400,1729.08
OUT_12401,759.91
OUT_12402,205.89
OUT_12403,72.65
OUT_12404,47.37
OUT_12405,52.6
OUT_12406,207.43
OUT_12407,61.89
OUT_12408,72.76
OUT_12409,207.38
OUT_12410,203.96
OUT_12411,61.31
OUT_12412,208.33
OUT_12413,213.57
OUT_12414,754.68
OUT_12415,205.52
OUT_12416,209.92
OUT_12417,744.89
OUT_12418,210.23
OUT_12419,62.91
OUT_12420,200.79
OUT_12421,203.08
OUT_12422,65.31
OUT_12423,205.31
OUT_12424,722.9
OUT_12425,1717.17
OUT_12426,67.57
OUT_12427,77.44
OUT_12428,76.39
OUT_12429,203.94
OUT_12430,202.26
OUT_12431,73.04
OUT_12432,72.05
OUT_12433,60.46
OUT_12434,205.83
OUT_12435,205.0
OUT_12436,741.93
OUT_12437,66.59
OUT_12438,61.56
OUT_12439,72.48
OUT_12440,688.41
OUT_12441,68.11
OUT_12442,205.02
OUT_12443,37.77
OUT_12444,746.76
OUT_12445,1744.79
OUT_12446,204.54
OUT_12447,56.52
OUT_12448,205.48
OUT_12449,77.44
OUT_12450,205.01
OUT_12451,72.32
OUT_12452,59.92
OUT_12453,48.8
OUT_12454,74.98
OUT_12455,54.31
OUT_12456,690.16
OUT_12457,71.96
OUT_12458,68.6
OUT_12459,207.53
OUT_12460,728.2
OUT_12461,63.05
OUT_12462,70.14
OUT_12463,732.06
OUT_12464,204.96
OUT_12465,54.03
OUT_12466,50.92
OUT_12467,57.1
OUT_12468,70.43
OUT_12469,718.66
OUT_12470,194.87
OUT_12471,51.07
OUT_12472,44.27
OUT_12473,200.69
OUT_12474,69.83
OUT_12475,56.88
OUT_12476,208.34
OUT_12477,70.07
OUT_12478,72.41
OUT_12479,201.06
OUT_12480,741.01
OUT_12481,56.11
OUT_12482,753.83
OUT_12483,690.06
OUT_12484,1739.4
OUT_12485,721.38
OUT_12486,77.59
OUT_12487,58.81
OUT_12488,731.45
OUT_12489,48.03
OUT_12490,64.9
OUT_12491,63.85
OUT_12492,1720.78
OUT_12493,57.97
OUT_12494,1732.38
OUT_12495,208.0
OUT_12496,201.14
OUT_12497,63.36
OUT_12498,201.86
OUT_12499,67.01
OUT_12500,66.77
OUT_12501,203.48
OUT_12502,727.11
OUT_12503,201.48
OUT_12504,60.07
OUT_12505,67.78
OUT_12506,38.04
OUT_12507,748.96
OUT_12508,203.29
OUT_12509,740.68
OUT_12510,52.11
OUT_12511,51.38
OUT_12512,210.21
OUT_12513,207.09
OUT_12514,1718.47
OUT_12515,199.0
OUT_12516,61.33
OUT_12517,73.77
OUT_12518,734.9
OUT_12519,69.85
OUT_12520,69.39
OUT_12521,70.02
OUT_12522,759.32
OUT_12523,207.04
OUT_12524,61.47
OUT_12525,67.2
OUT_12526,63.17
OUT_12527,72.11
OUT_12528,70.34
OUT_12529,731.87
OUT_12530,756.55
OUT_12531,757.24
OUT_12532,67.65
OUT_12533,55.03
OUT_12534,63.69
OUT_12535,76.8
OUT_12536,735.27
OUT_12537,67.06
OUT_12538,208.08
OUT_12539,75.72
OUT_12540,65.47
OUT_12541,72.44
OUT_12542,201.59
OUT_12543,58.1
OUT_12544,212.33
OUT_12545,71.28
OUT_12546,65.93
OUT_12547,71.8
OUT_12548,69.2
OUT_12549,72.9
OUT_12550,72.41
OUT_12551,72.86
OUT_12552,674.63
OUT_12553,202.34
OUT_12554,62.93
OUT_12555,62.68
OUT_12556,62.89
OUT_12557,72.38
OUT_12558,55.77
OUT_12559,46.42
OUT_12560,68.99
OUT_12561,1721.67
OUT_12562,739.75
OUT_12563,713.64
OUT_12564,212.55
OUT_12565,56.07
OUT_12566,67.64
OUT_12567,67.56
OUT_12568,62.42
OUT_12569,739.3
OUT_12570,212.94
OUT_12571,57.85
OUT_12572,725.99
OUT_12573,76.91
OUT_12574,67.6
OUT_12575,197.9
OUT_12576,71.94
OUT_12577,57.06
OUT_12578,205.06
OUT_12579,211.44
OUT_12580,720.22
OUT_12581,747.6
OUT_12582,740.38
OUT_12583,65.6
OUT_12584,67.19
OUT_12585,72.7
OUT_12586,61.2
OUT_12587,741.36
OUT_12588,1733.19
OUT_12589,57.2
OUT_12590,62.37
OUT_12591,209.15
OUT_12592,1735.94
OUT_12593,205.64
OUT_12594,714.3
OUT_12595,214.26
OUT_12596,752.36
OUT_12597,38.98
OUT_12598,726.23
OUT_12599,72.79
OUT_12600,204.67
OUT_12601,67.54
OUT_12602,63.96
OUT_12603,741.25
OUT_12604,200.3
OUT_12605,193.99
OUT_12606,205.07
OUT_12607,206.31
OUT_12608,74.04
OUT_12609,65.63
OUT_12610,56.73
OUT_12611,221.98
OUT_12612,58.15
OUT_12613,77.08
OUT_12614,74.44
OUT_12615,210.22
OUT_12616,75.52
OUT_12617,42.5
OUT_12618,189.45
OUT_12619,67.04
OUT_12620,61.58
OUT_12621,712.03
OUT_12622,63.01
OUT_12623,729.16
OUT_12624,1715.0
OUT_12625,1720.87
OUT_12626,70.27
OUT_12627,64.03
OUT_12628,215.44
OUT_12629,754.02
OUT_12630,201.91
OUT_12631,67.49
OUT_12632,726.85
OUT_12633,56.92
OUT_12634,65.65
OUT_12635,212.82
OUT_12636,67.82
OUT_12637,70.16
OUT_12638,1740.01
OUT_12639,67.22
OUT_12640,68.08
OUT_12641,708.42
OUT_12642,1723.32
OUT_12643,204.15
OUT_12644,208.38
OUT_12645,72.38
OUT_12646,78.4
OUT_12647,65.8
OUT_12648,65.64
OUT_12649,55.91
OUT_12650,59.03
OUT_12651,51.94
OUT_12652,205.41
OUT_12653,209.19
OUT_12654,727.07
OUT_12655,60.57
OUT_12656,65.01
OUT_12657,57.54
OUT_12658,1732.55
OUT_12659,64.92
OUT_12660,199.14
OUT_12661,49.45
OUT_12662,64.87
OUT_12663,65.58
OUT_12664,204.69
OUT_12665,57.94
OUT_12666,701.61
OUT_12667,52.02
OUT_12668,193.42
OUT_12669,65.09
OUT_12670,210.53
OUT_12671,76.19
OUT_12672,722.42
OUT_12673,68.37
OUT_12674,67.63
OUT_12675,1727.16
OUT_12676,55.69
OUT_12677,199.12
OUT_12678,216.47
OUT_12679,56.85
OUT_12680,64.83
OUT_12681,59.75
OUT_12682,734.49
OUT_12683,1724.55
OUT_12684,78.05
OUT_12685,62.42
OUT_12686,67.54
OUT_12687,70.51
OUT_12688,63.53
OUT_12689,212.05
OUT_12690,210.19
OUT_12691,1722.88
OUT_12692,201.27
OUT_12693,210.19
OUT_12694,61.81
OUT_12695,68.31
OUT_12696,68.32
OUT_12697,736.46
OUT_12698,196.99
OUT_12699,51.91
OUT_12700,67.53
OUT_12701,60.23
OUT_12702,720.82
OUT_12703,65.36
OUT_12704,692.25
OUT_12705,733.91
OUT_12706,210.7
OUT_12707,208.78
OUT_12708,72.69
OUT_12709,202.49
OUT_12710,45.75
OUT_12711,32.98
OUT_12712,200.73
OUT_12713,57.99
OUT_12714,202.78
OUT_12715,72.96
OUT_12716,204.54
OUT_12717,195.8
OUT_12718,70.83
OUT_12719,195.92
OUT_12720,76.11
OUT_12721,62.75
OUT_12722,204.77
OUT_12723,51.76
OUT_12724,59.35
OUT_12725,71.24
OUT_12726,68.54
OUT_12727,56.96
OUT_12728,1742.06
OUT_12729,194.75
OUT_12730,717.41
OUT_12731,210.52
OUT_12732,58.53
OUT_12733,72.62
OUT_12734,704.91
OUT_12735,223.32
OUT_12736,67.64
OUT_12737,64.98
OUT_12738,70.87
OUT_12739,69.93
OUT_12740,744.49
OUT_12741,57.74
OUT_12742,1739.87
OUT_12743,214.2
OUT_12744,208.41
OUT_12745,740.96
OUT_12746,71.75
OUT_12747,66.03
OUT_12748,76.36
OUT_12749,65.45
OUT_12750,216.95
OUT_12751,69.44
OUT_12752,67.41
OUT_12753,214.42
OUT_12754,740.53
OUT_12755,212.85
OUT_12756,70.34
OUT_12757,50.21
OUT_12758,62.85
OUT_12759,62.64
OUT_12760,63.11
OUT_12761,68.22
OUT_12762,77.17
OUT_12763,193.82
OUT_12764,67.36
OUT_12765,49.59
OUT_12766,40.88
OUT_12767,73.31
OUT_12768,57.21
OUT_12769,712.28
OUT_12770,53.67
OUT_12771,62.99
OUT_12772,67.31
OUT_12773,56.0
OUT_12774,74.77
OUT_12775,66.53
OUT_12776,65.73
OUT_12777,206.57
OUT_12778,65.02
OUT_12779,67.08
OUT_12780,66.76
OUT_12781,76.04
OUT_12782,217.3
OUT_12783,707.59
OUT_12784,172.2
OUT_12785,205.95
OUT_12786,72.18
OUT_12787,63.82
OUT_12788,206.75
OUT_12789,217.89
OUT_12790,207.34
OUT_12791,70.31
OUT_12792,196.58
OUT_12793,205.06
OUT_12794,72.43
OUT_12795,52.32
OUT_12796,65.76
OUT_12797,62.68
OUT_12798,54.25
OUT_12799,59.21
OUT_12800,67.7
OUT_12801,211.32
OUT_12802,62.95
OUT_12803,68.02
OUT_12804,699.7
OUT_12805,68.34
OUT_12806,202.91
OUT_12807,749.28
OUT_12808,74.42
OUT_12809,186.4
OUT_12810,213.28
OUT_12811,200.54
OUT_12812,70.53
OUT_12813,206.11
OUT_12814,205.32
OUT_12815,722.22
OUT_12816,221.31
OUT_12817,205.01
OUT_12818,67.18
OUT_12819,74.43
OUT_12820,700.77
OUT_12821,203.07
OUT_12822,38.0
OUT_12823,47.59
OUT_12824,70.95
OUT_12825,72.43
OUT_12826,63.09
OUT_12827,72.39
OUT_12828,70.01
OUT_12829,68.32
OUT_12830,55.55
OUT_12831,47.86
OUT_12832,206.4
OUT_12833,205.25
OUT_12834,1731.22
OUT_12835,65.38
OUT_12836,213.75
OUT_12837,62.78
OUT_12838,60.36
OUT_12839,70.53
OUT_12840,72.45
OUT_12841,46.28
OUT_12842,653.3
OUT_12843,204.07
OUT_12844,206.67
OUT_12845,212.82
OUT_12846,67.0
OUT_12847,67.3
OUT_12848,1729.46
OUT_12849,207.49
OUT_12850,68.12
OUT_12851,203.27
OUT_12852,72.46
OUT_12853,72.29
OUT_12854,67.83
OUT_12855,1735.1
OUT_12856,64.49
OUT_12857,736.56
OUT_12858,69.83
OUT_12859,58.33
OUT_12860,65.52
OUT_12861,214.74
OUT_12862,206.55
OUT_12863,688.85
OUT_12864,72.8
OUT_12865,1703.11
OUT_12866,64.07
OUT_12867,213.32
OUT_12868,62.79
OUT_12869,61.31
OUT_12870,58.13
OUT_12871,72.66
OUT_12872,68.57
OUT_12873,1716.97
OUT_12874,1730.09
OUT_12875,742.3
OUT_12876,203.47
OUT_12877,61.39
OUT_12878,67.76
OUT_12879,205.46
OUT_12880,62.81
OUT_12881,184.54
OUT_12882,1721.51
OUT_12883,212.27
OUT_12884,65.29
OUT_12885,203.67
OUT_12886,193.1
OUT_12887,72.18
OUT_12888,66.01
OUT_12889,204.7
OUT_12890,1711.54
OUT_12891,202.73
OUT_12892,204.78
OUT_12893,56.6
OUT_12894,67.77
OUT_12895,61.9
OUT_12896,198.92
OUT_12897,62.98
OUT_12898,54.27
OUT_12899,72.89
OUT_12900,724.71
OUT_12901,67.62
OUT_12902,58.28
OUT_12903,62.76
OUT_12904,202.31
OUT_12905,734.65
OUT_12906,739.49
OUT_12907,736.04
OUT_12908,75.89
OUT_12909,195.44
OUT_12910,57.47
OUT_12911,694.05
OUT_12912,70.26
OUT_12913,192.78
OUT_12914,75.38
OUT_12915,204.23
OUT_12916,53.78
OUT_12917,70.79
OUT_12918,204.21
OUT_12919,64.43
OUT_12920,56.81
OUT_12921,215.63
OUT_12922,72.82
OUT_12923,735.39
OUT_12924,209.88
OUT_12925,203.42
OUT_12926,730.37
OUT_12927,52.92
OUT_12928,66.95
OUT_12929,55.45
OUT_12930,197.35
OUT_12931,70.65
OUT_12932,1726.75
OUT_12933,216.37
OUT_12934,213.4
OUT_12935,735.68
OUT_12936,60.6
OUT_12937,61.38
OUT_12938,57.36
OUT_12939,1690.61
OUT_12940,64.93
OUT_12941,736.48
OUT_12942,198.92
OUT_12943,74.46
OUT_12944,201.06
OUT_12945,209.27
OUT_12946,209.64
OUT_12947,67.93
OUT_12948,62.62
OUT_12949,727.2
OUT_12950,199.34
OUT_12951,229.52
OUT_12952,45.78
OUT_12953,751.28
OUT_12954,57.56
OUT_12955,65.65
OUT_12956,62.41
OUT_12957,59.59
OUT_12958,201.72
OUT_12959,69.97
OUT_12960,203.86
OUT_12961,746.36
OUT_12962,65.74
OUT_12963,204.72
OUT_12964,51.27
OUT_12965,733.44
OUT_12966,63.24
OUT_12967,67.14
OUT_12968,42.76
OUT_12969,1732.44
OUT_12970,197.21
OUT_12971,695.5
OUT_12972,197.79
OUT_12973,57.1
OUT_12974,1719.43
OUT_12975,67.56
OUT_12976,723.49
OUT_12977,730.95
OUT_12978,1719.58
OUT_12979,204.79
OUT_12980,66.11
OUT_12981,64.14
OUT_12982,210.22
OUT_12983,63.9
OUT_12984,70.28
OUT_12985,738.27
OUT_12986,725.51
OUT_12987,1706.92
OUT_12988,43.14
OUT_12989,56.79
OUT_12990,197.01
OUT_12991,728.53
OUT_12992,206.29
OUT_12993,747.23
OUT_12994,212.25
OUT_12995,70.07
OUT_12996,205.94
OUT_12997,209.47
OUT_12998,65.23
OUT_12999,64.52
OUT_13000,203.58
OUT_13001,64.47
OUT_13002,69.56
OUT_13003,56.13
OUT_13004,194.2
OUT_13005,68.07
OUT_13006,63.02
OUT_13007,47.96
OUT_13008,1676.44
OUT_13009,54.32
OUT_13010,656.4
OUT_13011,60.73
OUT_13012,72.6
OUT_13013,65.45
OUT_13014,47.47
OUT_13015,202.67
OUT_13016,64.64
OUT_13017,655.13
OUT_13018,199.85
OUT_13019,678.47
OUT_13020,200.09
OUT_13021,72.49
OUT_13022,64.31
OUT_13023,1681.31
OUT_13024,63.16
OUT_13025,65.63
OUT_13026,622.59
OUT_13027,187.53
OUT_13028,64.95
OUT_13029,234.1
OUT_13030,65.69
OUT_13031,65.02
OUT_13032,643.38
OUT_13033,50.8
OUT_13034,48.88
OUT_13035,1656.41
OUT_13036,196.59
OUT_13037,67.95
OUT_13038,61.57
OUT_13039,202.87
OUT_13040,65.17
OUT_13041,72.61
OUT_13042,65.26
OUT_13043,64.23
OUT_13044,199.25
OUT_13045,57.76
OUT_13046,63.63
OUT_13047,66.53
OUT_13048,62.92
OUT_13049,65.63
OUT_13050,54.05
OUT_13051,67.29
OUT_13052,661.26
OUT_13053,195.0
OUT_13054,65.12
OUT_13055,1642.16
OUT_13056,196.11
OUT_13057,660.06
OUT_13058,37.21
OUT_13059,65.01
OUT_13060,70.82
OUT_13061,61.47
OUT_13062,56.1
OUT_13063,647.8
OUT_13064,64.99
OUT_13065,65.9
OUT_13066,194.17
OUT_13067,55.76
OUT_13068,61.51
OUT_13069,57.01
OUT_13070,61.68
OUT_13071,39.11
OUT_13072,664.82
OUT_13073,75.72
OUT_13074,62.68
OUT_13075,193.37
OUT_13076,194.22
OUT_13077,61.81
OUT_13078,70.85
OUT_13079,60.54
OUT_13080,67.79
OUT_13081,56.82
OUT_13082,60.71
OUT_13083,51.85
OUT_13084,65.0
OUT_13085,61.51
OUT_13086,57.51
OUT_13087,58.65
OUT_13088,669.09
OUT_13089,61.75
OUT_13090,83.19
OUT_13091,193.73
OUT_13092,200.43
OUT_13093,194.78
OUT_13094,58.67
OUT_13095,200.56
OUT_13096,195.28
OUT_13097,642.61
OUT_13098,67.03
OUT_13099,40.66
OUT_13100,70.6
OUT_13101,197.01
OUT_13102,56.61
OUT_13103,62.64
OUT_13104,197.03
OUT_13105,644.42
OUT_13106,65.04
OUT_13107,55.22
OUT_13108,67.86
OUT_13109,202.08
OUT_13110,69.88
OUT_13111,199.96
OUT_13112,70.0
OUT_13113,1693.66
OUT_13114,62.36
OUT_13115,63.48
OUT_13116,187.58
OUT_13117,46.29
OUT_13118,1613.16
OUT_13119,197.56
OUT_13120,197.52
OUT_13121,67.3
OUT_13122,72.38
OUT_13123,53.31
OUT_13124,57.5
OUT_13125,204.55
OUT_13126,75.53
OUT_13127,61.4
OUT_13128,647.63
OUT_13129,195.33
OUT_13130,195.91
OUT_13131,71.81
OUT_13132,67.54
OUT_13133,57.91
OUT_13134,66.19
OUT_13135,661.31
OUT_13136,69.13
OUT_13137,64.61
OUT_13138,65.06
OUT_13139,70.51
OUT_13140,1660.61
OUT_13141,194.63
OUT_13142,73.6
OUT_13143,74.3
OUT_13144,658.8
OUT_13145,44.81
OUT_13146,61.48
OUT_13147,58.06
OUT_13148,194.14
OUT_13149,665.3
OUT_13150,196.06
OUT_13151,191.97
OUT_13152,195.12
OUT_13153,191.61
OUT_13154,68.41
OUT_13155,60.59
OUT_13156,68.3
OUT_13157,201.69
OUT_13158,662.2
OUT_13159,69.86
OUT_13160,74.17
OUT_13161,65.73
OUT_13162,76.28
OUT_13163,61.63
OUT_13164,60.91
OUT_13165,195.15
OUT_13166,67.43
OUT_13167,209.0
OUT_13168,636.05
OUT_13169,57.74
OUT_13170,196.02
OUT_13171,201.11
OUT_13172,193.79
OUT_13173,676.97
OUT_13174,70.44
OUT_13175,54.21
OUT_13176,61.99
OUT_13177,204.95
OUT_13178,68.08
OUT_13179,61.46
OUT_13180,201.5
OUT_13181,56.6
OUT_13182,72.84
OUT_13183,59.54
OUT_13184,196.54
OUT_13185,196.15
OUT_13186,197.95
OUT_13187,57.83
OUT_13188,197.9
OUT_13189,197.53
OUT_13190,76.5
OUT_13191,56.87
OUT_13192,41.88
OUT_13193,54.36
OUT_13194,211.4
OUT_13195,70.67
OUT_13196,63.01
OUT_13197,68.19
OUT_13198,195.72
OUT_13199,64.6
OUT_13200,55.81
OUT_13201,197.54
OUT_13202,73.19
OUT_13203,202.21
OUT_13204,63.25
OUT_13205,80.25
OUT_13206,653.6
OUT_13207,65.01
OUT_13208,58.09
OUT_13209,75.15
OUT_13210,192.99
OUT_13211,62.89
OUT_13212,57.54
OUT_13213,196.19
OUT_13214,37.27
OUT_13215,54.71
OUT_13216,65.24
OUT_13217,64.66
OUT_13218,64.83
OUT_13219,49.44
OUT_13220,668.04
OUT_13221,64.65
OUT_13222,65.62
OUT_13223,197.44
OUT_13224,73.73
OUT_13225,68.14
OUT_13226,62.78
OUT_13227,199.91
OUT_13228,692.99
OUT_13229,59.44
OUT_13230,1670.25
OUT_13231,672.78
OUT_13232,1662.73
OUT_13233,54.76
OUT_13234,1664.88
OUT_13235,70.26
OUT_13236,67.26
OUT_13237,1669.66
OUT_13238,656.17
OUT_13239,56.91
OUT_13240,1665.2
OUT_13241,194.88
OUT_13242,67.19
OUT_13243,197.34
OUT_13244,63.05
OUT_13245,62.55
OUT_13246,190.53
OUT_13247,63.12
OUT_13248,65.28
OUT_13249,61.55
OUT_13250,55.62
OUT_13251,58.18
OUT_13252,691.02
OUT_13253,48.51
OUT_13254,1662.3
OUT_13255,63.04
OUT_13256,636.03
OUT_13257,60.31
OUT_13258,198.3
OUT_13259,75.79
OUT_13260,70.49
OUT_13261,63.15
OUT_13262,63.54
OUT_13263,58.31
OUT_13264,202.08
OUT_13265,60.86
OUT_13266,1696.57
OUT_13267,73.08
OUT_13268,72.0
OUT_13269,672.82
OUT_13270,646.68
OUT_13271,669.47
OUT_13272,625.57
OUT_13273,64.6
OUT_13274,77.97
OUT_13275,57.28
OUT_13276,57.37
OUT_13277,200.84
OUT_13278,52.97
OUT_13279,186.38
OUT_13280,198.35
OUT_13281,682.02
OUT_13282,55.99
OUT_13283,48.53
OUT_13284,681.76
OUT_13285,684.7
OUT_13286,195.4
OUT_13287,65.19
OUT_13288,667.99
OUT_13289,696.96
OUT_13290,65.7
OUT_13291,64.63
OUT_13292,193.93
OUT_13293,199.05
OUT_13294,192.27
OUT_13295,62.97
OUT_13296,1632.47
OUT_13297,191.71
OUT_13298,189.76
OUT_13299,57.72
OUT_13300,65.32
OUT_13301,73.68
OUT_13302,195.84
OUT_13303,197.78
OUT_13304,66.06
OUT_13305,61.82
OUT_13306,49.21
OUT_13307,60.57
OUT_13308,55.87
OUT_13309,194.95
OUT_13310,70.12
OUT_13311,203.36
OUT_13312,77.82
OUT_13313,56.91
OUT_13314,1698.2
OUT_13315,64.53
OUT_13316,56.88
OUT_13317,69.36
OUT_13318,646.53
OUT_13319,683.08
OUT_13320,709.02
OUT_13321,67.97
OUT_13322,61.03
OUT_13323,64.55
OUT_13324,189.11
OUT_13325,61.76
OUT_13326,73.43
OUT_13327,67.79
OUT_13328,62.9
OUT_13329,56.24
OUT_13330,56.95
OUT_13331,63.42
OUT_13332,67.08
OUT_13333,1666.85
OUT_13334,195.43
OUT_13335,1704.31
OUT_13336,50.26
OUT_13337,58.14
OUT_13338,657.53
OUT_13339,672.31
OUT_13340,58.82
OUT_13341,57.88
OUT_13342,65.07
OUT_13343,627.09
OUT_13344,61.57
OUT_13345,60.36
OUT_13346,54.83
OUT_13347,1635.55
OUT_13348,52.67
OUT_13349,67.27
OUT_13350,670.56
OUT_13351,197.35
OUT_13352,199.16
OUT_13353,199.17
OUT_13354,64.67
OUT_13355,184.6
OUT_13356,49.06
OUT_13357,67.26
OUT_13358,53.51
OUT_13359,73.11
OUT_13360,195.65
OUT_13361,65.2
OUT_13362,49.59
OUT_13363,65.42
OUT_13364,193.19
OUT_13365,62.81
OUT_13366,200.85
OUT_13367,67.5
OUT_13368,196.82
OUT_13369,202.63
OUT_13370,698.56
OUT_13371,63.42
OUT_13372,61.49
OUT_13373,58.4
OUT_13374,64.56
OUT_13375,60.41
OUT_13376,232.59
OUT_13377,204.88
OUT_13378,67.26
OUT_13379,1669.82
OUT_13380,191.6
OUT_13381,62.99
OUT_13382,72.95
OUT_13383,67.92
OUT_13384,192.56
OUT_13385,194.43
OUT_13386,66.35
OUT_13387,181.59
OUT_13388,195.19
OUT_13389,196.52
OUT_13390,671.84
OUT_13391,187.98
OUT_13392,679.33
OUT_13393,66.01
OUT_13394,68.56
OUT_13395,643.57
OUT_13396,64.94
OUT_13397,60.3
OUT_13398,64.76
OUT_13399,62.62
OUT_13400,67.94
OUT_13401,193.19
OUT_13402,202.4
OUT_13403,1660.43
OUT_13404,67.53
OUT_13405,194.56
OUT_13406,55.53
OUT_13407,70.73
OUT_13408,67.9
OUT_13409,190.1
OUT_13410,667.67
OUT_13411,67.47
OUT_13412,1652.89
OUT_13413,200.76
OUT_13414,652.93
OUT_13415,61.05
OUT_13416,195.39
OUT_13417,662.53
OUT_13418,67.31
OUT_13419,44.2
OUT_13420,39.61
OUT_13421,67.96
OUT_13422,61.23
OUT_13423,64.91
OUT_13424,64.77
OUT_13425,66.66
OUT_13426,70.63
OUT_13427,63.6
OUT_13428,64.6
OUT_13429,73.28
OUT_13430,656.67
OUT_13431,63.31
OUT_13432,61.77
OUT_13433,60.91
OUT_13434,70.07
OUT_13435,60.23
OUT_13436,62.84
OUT_13437,63.04
OUT_13438,58.32
OUT_13439,72.23
OUT_13440,666.7
OUT_13441,70.55
OUT_13442,667.69
OUT_13443,195.91
OUT_13444,62.91
OUT_13445,62.97
OUT_13446,659.57
OUT_13447,198.76
OUT_13448,683.68
OUT_13449,61.31
OUT_13450,194.0
OUT_13451,61.55
OUT_13452,65.8
OUT_13453,637.98
OUT_13454,72.36
OUT_13455,212.11
OUT_13456,73.35
OUT_13457,195.28
OUT_13458,673.39
OUT_13459,44.13
OUT_13460,75.49
OUT_13461,70.27
OUT_13462,208.48
OUT_13463,57.68
OUT_13464,196.03
OUT_13465,70.21
OUT_13466,55.57
OUT_13467,73.52
OUT_13468,680.26
OUT_13469,647.2
OUT_13470,196.47
OUT_13471,63.7
OUT_13472,200.36
OUT_13473,66.43
OUT_13474,67.37
OUT_13475,33.04
OUT_13476,184.13
OUT_13477,664.43
OUT_13478,191.15
OUT_13479,53.07
OUT_13480,58.04
OUT_13481,1669.64
OUT_13482,198.01
OUT_13483,51.27
OUT_13484,188.75
OUT_13485,631.87
OUT_13486,60.72
OUT_13487,63.6
OUT_13488,195.57
OUT_13489,199.88
OUT_13490,203.02
OUT_13491,66.2
OUT_13492,55.15
OUT_13493,59.42
OUT_13494,60.37
OUT_13495,67.83
OUT_13496,654.53
OUT_13497,56.93
OUT_13498,197.12
OUT_13499,195.04
OUT_13500,190.63
OUT_13501,219.35
OUT_13502,67.7
OUT_13503,61.48
OUT_13504,650.85
OUT_13505,658.71
OUT_13506,678.86
OUT_13507,186.0
OUT_13508,62.86
OUT_13509,194.36
OUT_13510,73.81
OUT_13511,61.32
OUT_13512,76.6
OUT_13513,72.66
OUT_13514,1675.48
OUT_13515,195.65
OUT_13516,656.53
OUT_13517,195.03
OUT_13518,62.5
OUT_13519,66.31
OUT_13520,667.31
OUT_13521,69.61
OUT_13522,653.84
OUT_13523,51.0
OUT_13524,194.33
OUT_13525,60.25
OUT_13526,672.16
OUT_13527,700.07
OUT_13528,66.07
OUT_13529,55.77
OUT_13530,653.85
OUT_13531,194.69
OUT_13532,61.53
OUT_13533,194.85
OUT_13534,1655.97
OUT_13535,66.02
OUT_13536,696.05
OUT_13537,74.07
OUT_13538,62.94
OUT_13539,200.33
OUT_13540,1671.98
OUT_13541,60.09
OUT_13542,76.32
OUT_13543,202.89
OUT_13544,199.52
OUT_13545,200.05
OUT_13546,194.13
OUT_13547,192.96
OUT_13548,71.21
OUT_13549,196.03
OUT_13550,64.92
OUT_13551,190.19
OUT_13552,67.48
OUT_13553,60.49
OUT_13554,197.11
OUT_13555,72.29
OUT_13556,686.31
OUT_13557,72.3
OUT_13558,57.75
OUT_13559,55.95
OUT_13560,1664.13
OUT_13561,62.56
OUT_13562,673.52
OUT_13563,662.43
OUT_13564,75.17
OUT_13565,67.15
OUT_13566,61.57
OUT_13567,48.84
OUT_13568,198.31
OUT_13569,63.38
OUT_13570,45.04
OUT_13571,46.53
OUT_13572,57.25
OUT_13573,62.7
OUT_13574,700.33
OUT_13575,677.06
OUT_13576,55.17
OUT_13577,64.9
OUT_13578,63.39
OUT_13579,656.09
OUT_13580,187.5
OUT_13581,67.41
OUT_13582,202.59
OUT_13583,44.74
OUT_13584,72.17
OUT_13585,59.18
OUT_13586,83.66
OUT_13587,66.35
OUT_13588,47.59
OUT_13589,56.84
OUT_13590,204.98
OUT_13591,61.55
OUT_13592,201.43
OUT_13593,63.5
OUT_13594,50.49
OUT_13595,662.77
OUT_13596,634.99
OUT_13597,46.28
OUT_13598,62.98
OUT_13599,1631.6
OUT_13600,56.34
OUT_13601,70.61
OUT_13602,195.32
OUT_13603,656.05
OUT_13604,67.78
OUT_13605,199.39
OUT_13606,46.91
OUT_13607,196.09
OUT_13608,198.04
OUT_13609,39.26
OUT_13610,74.52
OUT_13611,642.62
OUT_13612,57.67
OUT_13613,1579.04
OUT_13614,179.87
OUT_13615,42.3
OUT_13616,67.26
OUT_13617,186.06
OUT_13618,1670.4
OUT_13619,193.84
OUT_13620,680.05
OUT_13621,59.9
OUT_13622,192.72
OUT_13623,191.37
OUT_13624,196.87
OUT_13625,197.08
OUT_13626,202.04
OUT_13627,203.37
OUT_13628,57.24
OUT_13629,73.3
OUT_13630,65.13
OUT_13631,193.57
OUT_13632,72.23
OUT_13633,182.3
OUT_13634,650.51
OUT_13635,65.55
OUT_13636,61.63
OUT_13637,55.86
OUT_13638,192.87
OUT_13639,1675.12
OUT_13640,195.5
OUT_13641,199.26
OUT_13642,677.35
OUT_13643,55.14
OUT_13644,684.7
OUT_13645,666.32
OUT_13646,48.32
OUT_13647,1669.02
OUT_13648,1666.95
OUT_13649,662.35
OUT_13650,67.83
OUT_13651,195.38
OUT_13652,57.02
OUT_13653,37.7
OUT_13654,202.95
OUT_13655,65.08
OUT_13656,64.64
OUT_13657,202.72
OUT_13658,50.73
OUT_13659,61.83
OUT_13660,194.75
OUT_13661,34.49
OUT_13662,198.14
OUT_13663,195.88
OUT_13664,636.06
OUT_13665,1686.33
OUT_13666,55.73
OUT_13667,75.03
OUT_13668,196.4
OUT_13669,73.62
OUT_13670,680.42
OUT_13671,181.64
OUT_13672,200.48
OUT_13673,60.81
OUT_13674,56.62
OUT_13675,63.29
OUT_13676,61.98
OUT_13677,649.68
OUT_13678,630.67
OUT_13679,60.45
OUT_13680,74.57
OUT_13681,64.73
OUT_13682,61.28
OUT_13683,194.14
OUT_13684,193.48
OUT_13685,65.09
OUT_13686,65.3
OUT_13687,194.51
OUT_13688,66.75
OUT_13689,64.98
OUT_13690,56.97
OUT_13691,197.85
OUT_13692,49.83
OUT_13693,196.28
OUT_13694,1678.14
OUT_13695,72.71
OUT_13696,196.86
OUT_13697,195.61
OUT_13698,72.19
OUT_13699,206.82
OUT_13700,67.37
OUT_13701,57.74
OUT_13702,200.16
OUT_13703,66.09
OUT_13704,53.64
OUT_13705,60.18
OUT_13706,71.1
OUT_13707,61.65
OUT_13708,61.53
OUT_13709,65.97
OUT_13710,76.88
OUT_13711,73.15
OUT_13712,61.45
OUT_13713,68.18
OUT_13714,70.11
OUT_13715,701.21
OUT_13716,665.36
OUT_13717,202.87
OUT_13718,661.83
OUT_13719,193.93
OUT_13720,63.05
OUT_13721,198.06
OUT_13722,199.31
OUT_13723,196.34
OUT_13724,71.05
OUT_13725,75.54
OUT_13726,194.01
OUT_13727,66.1
OUT_13728,65.3
OUT_13729,65.83
OUT_13730,62.06
OUT_13731,62.99
OUT_13732,200.76
OUT_13733,62.52
OUT_13734,648.34
OUT_13735,56.57
OUT_13736,661.25
OUT_13737,650.45
OUT_13738,70.11
OUT_13739,67.31
OUT_13740,53.41
OUT_13741,64.45
OUT_13742,665.07
OUT_13743,67.55
OUT_13744,64.7
OUT_13745,57.95
OUT_13746,66.38
OUT_13747,196.16
OUT_13748,68.05
OUT_13749,65.28
OUT_13750,204.25
OUT_13751,77.15
OUT_13752,195.59
OUT_13753,1677.44
OUT_13754,67.0
OUT_13755,195.54
OUT_13756,64.78
OUT_13757,670.14
OUT_13758,627.81
OUT_13759,73.15
OUT_13760,194.13
OUT_13761,683.17
OUT_13762,629.78
OUT_13763,658.73
OUT_13764,61.15
OUT_13765,63.7
OUT_13766,56.72
OUT_13767,198.24
OUT_13768,197.14
OUT_13769,49.26
OUT_13770,49.19
OUT_13771,58.08
OUT_13772,72.77
OUT_13773,192.44
OUT_13774,54.97
OUT_13775,51.2
OUT_13776,198.22
OUT_13777,195.39
OUT_13778,62.9
OUT_13779,56.69
OUT_13780,643.7
OUT_13781,63.26
OUT_13782,72.55
OUT_13783,77.73
OUT_13784,73.12
OUT_13785,49.97
OUT_13786,192.87
OUT_13787,76.33
OUT_13788,73.82
OUT_13789,193.55
OUT_13790,222.61
OUT_13791,685.66
OUT_13792,65.37
OUT_13793,187.52
OUT_13794,67.28
OUT_13795,62.77
OUT_13796,195.68
OUT_13797,57.68
OUT_13798,60.04
OUT_13799,65.37
OUT_13800,653.02
OUT_13801,1614.54
OUT_13802,660.09
OUT_13803,56.34
OUT_13804,62.59
OUT_13805,57.7
OUT_13806,197.84
OUT_13807,191.2
OUT_13808,1676.63
OUT_13809,60.03
OUT_13810,46.96
OUT_13811,198.3
OUT_13812,654.47
OUT_13813,1703.22
OUT_13814,74.3
OUT_13815,651.25
OUT_13816,83.51
OUT_13817,187.48
OUT_13818,197.31
OUT_13819,209.63
OUT_13820,67.11
OUT_13821,664.77
OUT_13822,56.67
OUT_13823,192.66
OUT_13824,56.85
OUT_13825,52.88
OUT_13826,193.6
OUT_13827,194.34
OUT_13828,1688.67
OUT_13829,195.79
OUT_13830,60.28
OUT_13831,192.11
OUT_13832,53.6
OUT_13833,198.44
OUT_13834,198.86
OUT_13835,196.53
OUT_13836,62.83
OUT_13837,64.86
OUT_13838,63.59
OUT_13839,195.1
OUT_13840,194.82
OUT_13841,63.75
OUT_13842,52.35
OUT_13843,202.43
OUT_13844,71.54
OUT_13845,57.9
OUT_13846,76.97
OUT_13847,192.54
OUT_13848,68.12
OUT_13849,53.37
OUT_13850,63.18
OUT_13851,690.67
OUT_13852,64.96
OUT_13853,59.23
OUT_13854,56.64
OUT_13855,47.73
OUT_13856,63.6
OUT_13857,682.68
OUT_13858,638.24
OUT_13859,57.52
OUT_13860,59.4
OUT_13861,70.5
OUT_13862,67.25
OUT_13863,63.61
OUT_13864,70.46
OUT_13865,61.23
OUT_13866,70.07
OUT_13867,77.11
OUT_13868,68.15
OUT_13869,49.07
OUT_13870,64.8
OUT_13871,195.66
OUT_13872,67.28
OUT_13873,199.75
OUT_13874,32.19
OUT_13875,671.92
OUT_13876,195.74
OUT_13877,654.08
OUT_13878,194.64
OUT_13879,201.01
OUT_13880,1689.12
OUT_13881,200.05
OUT_13882,56.97
OUT_13883,1681.92
OUT_13884,670.08
OUT_13885,73.47
OUT_13886,66.71
OUT_13887,62.86
OUT_13888,62.57
OUT_13889,64.88
OUT_13890,56.64
OUT_13891,192.36
OUT_13892,56.83
OUT_13893,63.16
OUT_13894,195.34
OUT_13895,48.95
OUT_13896,196.76
OUT_13897,189.04
OUT_13898,62.92
OUT_13899,73.78
OUT_13900,201.07
OUT_13901,64.89
OUT_13902,196.61
OUT_13903,76.75
OUT_13904,668.49
OUT_13905,1665.04
OUT_13906,70.66
OUT_13907,194.8
OUT_13908,1675.09
OUT_13909,65.39
OUT_13910,72.01
OUT_13911,55.75
OUT_13912,653.06
OUT_13913,200.65
OUT_13914,208.1
OUT_13915,198.13
OUT_13916,188.12
OUT_13917,196.63
OUT_13918,202.07
OUT_13919,190.52
OUT_13920,73.55
OUT_13921,1667.54
OUT_13922,67.85
OUT_13923,62.58
OUT_13924,201.7
OUT_13925,664.95
OUT_13926,189.95
OUT_13927,67.39
OUT_13928,57.18
OUT_13929,62.58
OUT_13930,61.71
OUT_13931,208.31
OUT_13932,208.56
OUT_13933,195.74
OUT_13934,64.27
OUT_13935,190.78
OUT_13936,60.71
OUT_13937,655.76
OUT_13938,195.34
OUT_13939,65.09
OUT_13940,201.36
OUT_13941,61.7
OUT_13942,59.72
OUT_13943,681.69
OUT_13944,631.88
OUT_13945,65.16
OUT_13946,195.26
OUT_13947,198.39
OUT_13948,66.29
OUT_13949,66.13
OUT_13950,656.03
OUT_13951,193.17
OUT_13952,70.42
OUT_13953,196.4
OUT_13954,1661.56
OUT_13955,68.97
OUT_13956,657.34
OUT_13957,65.03
OUT_13958,194.9
OUT_13959,192.82
OUT_13960,48.42
OUT_13961,197.36
OUT_13962,63.47
OUT_13963,654.9
OUT_13964,66.35
OUT_13965,194.47
OUT_13966,56.95
OUT_13967,59.56
OUT_13968,55.75
OUT_13969,200.29
OUT_13970,697.81
OUT_13971,70.1
OUT_13972,651.37
OUT_13973,197.96
OUT_13974,73.82
OUT_13975,669.66
OUT_13976,66.76
OUT_13977,657.87
OUT_13978,67.22
OUT_13979,187.89
OUT_13980,206.78
OUT_13981,1667.5
OUT_13982,1689.33
OUT_13983,69.98
OUT_13984,77.23
OUT_13985,63.02
OUT_13986,1679.12
OUT_13987,67.53
OUT_13988,198.8
OUT_13989,55.57
OUT_13990,63.0
OUT_13991,200.27
OUT_13992,658.7
OUT_13993,68.49
OUT_13994,195.59
OUT_13995,77.68
OUT_13996,1693.44
OUT_13997,67.4
OUT_13998,1660.99
OUT_13999,66.3
OUT_14000,65.59
OUT_14001,52.33
OUT_14002,67.06
OUT_14003,68.33
OUT_14004,67.35
OUT_14005,194.68
OUT_14006,62.87
OUT_14007,192.07
OUT_14008,194.12
OUT_14009,197.13
OUT_14010,66.9
OUT_14011,199.84
OUT_14012,45.59
OUT_14013,73.29
OUT_14014,695.06
OUT_14015,675.16
OUT_14016,68.45
OUT_14017,191.56
OUT_14018,43.41
OUT_14019,194.29
OUT_14020,49.15
OUT_14021,195.63
OUT_14022,77.08
OUT_14023,1668.7
OUT_14024,635.17
OUT_14025,649.25
OUT_14026,67.2
OUT_14027,73.98
OUT_14028,77.22
OUT_14029,648.04
OUT_14030,661.91
OUT_14031,196.9
OUT_14032,653.98
OUT_14033,662.5
OUT_14034,1698.27
OUT_14035,65.15
OUT_14036,661.49
OUT_14037,647.55
OUT_14038,62.97
OUT_14039,196.3
OUT_14040,197.25
OUT_14041,58.32
OUT_14042,58.14
OUT_14043,61.11
OUT_14044,47.19
OUT_14045,191.46
OUT_14046,47.14
OUT_14047,197.87
OUT_14048,68.74
OUT_14049,57.76
OUT_14050,1685.56
OUT_14051,207.44
OUT_14052,65.08
OUT_14053,73.95
OUT_14054,70.3
OUT_14055,58.23
OUT_14056,196.44
OUT_14057,662.14
OUT_14058,195.29
OUT_14059,59.03
OUT_14060,194.03
OUT_14061,193.42
OUT_14062,658.24
OUT_14063,1586.1
OUT_14064,65.06
OUT_14065,666.5
OUT_14066,72.6
OUT_14067,67.45
OUT_14068,187.53
OUT_14069,57.24
OUT_14070,197.02
OUT_14071,59.67
OUT_14072,188.48
OUT_14073,64.95
OUT_14074,634.46
OUT_14075,61.54
OUT_14076,639.15
OUT_14077,63.38
OUT_14078,200.99
OUT_14079,65.62
OUT_14080,192.34
OUT_14081,48.27
OUT_14082,672.85
OUT_14083,64.67
OUT_14084,67.61
OUT_14085,193.93
OUT_14086,687.05
OUT_14087,65.61
OUT_14088,198.53
OUT_14089,697.93
OUT_14090,642.55
OUT_14091,64.98
OUT_14092,51.8
OUT_14093,1674.98
OUT_14094,66.82
OUT_14095,195.29
OUT_14096,64.82
OUT_14097,46.17
OUT_14098,194.48
OUT_14099,203.92
OUT_14100,47.14
OUT_14101,62.15
OUT_14102,194.49
OUT_14103,67.74
OUT_14104,64.65
OUT_14105,64.79
OUT_14106,185.52
OUT_14107,67.12
OUT_14108,62.98
OUT_14109,680.26
OUT_14110,200.47
OUT_14111,673.09
OUT_14112,64.62
OUT_14113,67.41
OUT_14114,676.34
OUT_14115,65.09
OUT_14116,66.27
OUT_14117,197.07
OUT_14118,1620.7
OUT_14119,192.86
OUT_14120,45.74
OUT_14121,69.9
OUT_14122,50.85
OUT_14123,55.55
OUT_14124,55.65
OUT_14125,56.38
OUT_14126,196.21
OUT_14127,645.92
OUT_14128,58.56
OUT_14129,64.39
OUT_14130,60.3
OUT_14131,657.89
OUT_14132,210.55
OUT_14133,635.82
OUT_14134,72.32
OUT_14135,186.24
OUT_14136,65.27
OUT_14137,52.52
OUT_14138,61.56
OUT_14139,1662.59
OUT_14140,56.66
OUT_14141,56.72
OUT_14142,194.64
OUT_14143,67.81
OUT_14144,193.31
OUT_14145,150.93
OUT_14146,194.61
OUT_14147,186.32
OUT_14148,67.17
OUT_14149,64.74
OUT_14150,70.09
OUT_14151,54.14
OUT_14152,203.58
OUT_14153,51.48
OUT_14154,191.5
OUT_14155,65.7
OUT_14156,197.42
OUT_14157,72.6
OUT_14158,60.13
OUT_14159,200.8
OUT_14160,50.64
OUT_14161,63.08
OUT_14162,191.46
OUT_14163,62.77
OUT_14164,195.2
OUT_14165,195.09
OUT_14166,194.68
OUT_14167,50.34
OUT_14168,72.8
OUT_14169,194.14
OUT_14170,194.05
OUT_14171,62.01
OUT_14172,195.1
OUT_14173,195.45
OUT_14174,54.78
OUT_14175,671.8
OUT_14176,65.96
OUT_14177,60.54
OUT_14178,66.31
OUT_14179,195.01
OUT_14180,75.3
OUT_14181,51.59
OUT_14182,193.82
OUT_14183,73.35
OUT_14184,67.09
OUT_14185,64.86
OUT_14186,646.87
OUT_14187,66.21
OUT_14188,61.3
OUT_14189,197.84
OUT_14190,70.16
OUT_14191,650.13
OUT_14192,651.02
OUT_14193,72.47
OUT_14194,59.99
OUT_14195,628.81
OUT_14196,60.16
OUT_14197,657.62
OUT_14198,58.13
OUT_14199,67.88
OUT_14200,1670.82
OUT_14201,75.5
OUT_14202,64.82
OUT_14203,196.29
OUT_14204,66.28
OUT_14205,61.5
OUT_14206,58.2
OUT_14207,194.16
OUT_14208,1672.55
OUT_14209,201.24
OUT_14210,195.33
OUT_14211,76.45
OUT_14212,202.33
OUT_14213,64.91
OUT_14214,51.34
OUT_14215,201.23
OUT_14216,77.74
OUT_14217,1628.96
OUT_14218,65.08
OUT_14219,67.39
OUT_14220,58.44
OUT_14221,192.43
OUT_14222,1698.5
OUT_14223,63.52
OUT_14224,68.25
OUT_14225,625.45
OUT_14226,627.94
OUT_14227,73.23
OUT_14228,197.14
OUT_14229,187.17
OUT_14230,68.65
OUT_14231,653.7
OUT_14232,61.37
OUT_14233,202.73
OUT_14234,69.47
OUT_14235,38.33
OUT_14236,209.28
OUT_14237,196.18
OUT_14238,196.81
OUT_14239,66.03
OUT_14240,1656.33
OUT_14241,658.65
OUT_14242,635.1
OUT_14243,206.01
OUT_14244,70.53
OUT_14245,62.88
OUT_14246,57.94
OUT_14247,196.15
OUT_14248,207.48
OUT_14249,195.16
OUT_14250,55.75
OUT_14251,680.28
OUT_14252,198.47
OUT_14253,195.01
OUT_14254,67.71
OUT_14255,61.29
OUT_14256,42.09
OUT_14257,195.75
OUT_14258,197.32
OUT_14259,57.72
OUT_14260,187.5
OUT_14261,56.32
OUT_14262,651.42
OUT_14263,193.28
OUT_14264,67.88
OUT_14265,194.67
OUT_14266,204.06
OUT_14267,187.76
OUT_14268,185.96
OUT_14269,195.87
OUT_14270,71.17
OUT_14271,199.22
OUT_14272,196.29
OUT_14273,195.37
OUT_14274,1665.48
OUT_14275,193.2
OUT_14276,56.47
OUT_14277,191.45
OUT_14278,56.8
OUT_14279,58.57
OUT_14280,646.32
OUT_14281,1645.05
OUT_14282,663.38
OUT_14283,194.42
OUT_14284,68.3
OUT_14285,57.29
OUT_14286,67.73
OUT_14287,203.14
OUT_14288,64.65
OUT_14289,64.94
OUT_14290,196.72
OUT_14291,194.15
OUT_14292,644.97
OUT_14293,61.16
OUT_14294,1673.65
OUT_14295,57.62
OUT_14296,64.78
OUT_14297,634.57
OUT_14298,206.18
OUT_14299,196.33
OUT_14300,643.69
OUT_14301,62.92
OUT_14302,67.62
OUT_14303,201.39
OUT_14304,65.08
OUT_14305,648.67
OUT_14306,64.85
OUT_14307,72.68
OUT_14308,64.9
OUT_14309,64.91
OUT_14310,204.93
OUT_14311,60.41
OUT_14312,61.72
OUT_14313,50.81
OUT_14314,194.62
OUT_14315,70.13
OUT_14316,202.26
OUT_14317,70.34
OUT_14318,649.34
OUT_14319,198.02
OUT_14320,75.76
OUT_14321,60.39
OUT_14322,193.96
OUT_14323,669.24
OUT_14324,64.61
OUT_14325,62.88
OUT_14326,195.07
OUT_14327,67.23
OUT_14328,669.94
OUT_14329,52.73
OUT_14330,51.93
OUT_14331,72.62
OUT_14332,195.8
OUT_14333,70.62
OUT_14334,650.65
OUT_14335,61.54
OUT_14336,679.12
OUT_14337,1672.81
OUT_14338,192.69
OUT_14339,61.27
OUT_14340,190.79
OUT_14341,193.73
OUT_14342,213.74
OUT_14343,197.76
OUT_14344,64.94
OUT_14345,63.34
OUT_14346,640.28
OUT_14347,64.97
OUT_14348,70.2
OUT_14349,204.31
OUT_14350,663.95
OUT_14351,642.59
OUT_14352,659.83
OUT_14353,64.85
OUT_14354,65.78
OUT_14355,647.39
OUT_14356,198.09
OUT_14357,656.5
OUT_14358,72.49
OUT_14359,656.17
OUT_14360,57.5
OUT_14361,655.24
OUT_14362,67.77
OUT_14363,195.48
OUT_14364,662.25
OUT_14365,192.66
OUT_14366,61.85
OUT_14367,1670.38
OUT_14368,200.16
OUT_14369,56.78
OUT_14370,195.92
OUT_14371,67.16
OUT_14372,60.75
OUT_14373,682.28
OUT_14374,671.37
OUT_14375,191.4
OUT_14376,649.81
OUT_14377,61.98
OUT_14378,63.88
OUT_14379,201.26
OUT_14380,198.33
OUT_14381,194.2
OUT_14382,67.88
OUT_14383,196.04
OUT_14384,667.53
OUT_14385,42.3
OUT_14386,185.83
OUT_14387,68.01
OUT_14388,195.73
OUT_14389,194.78
OUT_14390,197.44
OUT_14391,665.32
OUT_14392,67.46
OUT_14393,186.57
OUT_14394,58.99
OUT_14395,73.67
OUT_14396,199.0
OUT_14397,56.0
OUT_14398,186.01
OUT_14399,56.74
OUT_14400,57.49
OUT_14401,57.83
OUT_14402,57.2
OUT_14403,58.69
OUT_14404,52.99
OUT_14405,62.85
OUT_14406,67.92
OUT_14407,33.05
OUT_14408,215.5
OUT_14409,68.58
OUT_14410,44.74
OUT_14411,62.89
OUT_14412,73.22
OUT_14413,63.16
OUT_14414,208.65
OUT_14415,665.47
OUT_14416,64.58
OUT_14417,58.78
OUT_14418,52.0
OUT_14419,60.42
OUT_14420,65.69
OUT_14421,37.65
OUT_14422,56.72
OUT_14423,619.71
OUT_14424,186.23
OUT_14425,62.5
OUT_14426,59.32
OUT_14427,68.16
OUT_14428,52.7
OUT_14429,645.65
OUT_14430,185.12
OUT_14431,62.6
OUT_14432,46.74
OUT_14433,668.44
OUT_14434,49.81
OUT_14435,196.69
OUT_14436,1607.11
OUT_14437,63.54
OUT_14438,675.76
OUT_14439,68.26
OUT_14440,178.94
OUT_14441,701.96
OUT_14442,667.34
OUT_14443,39.1
OUT_14444,192.32
OUT_14445,67.61
OUT_14446,70.07
OUT_14447,74.75
OUT_14448,76.05
OUT_14449,55.76
OUT_14450,648.86
OUT_14451,209.33
OUT_14452,54.21
OUT_14453,1668.94
OUT_14454,192.51
OUT_14455,61.22
OUT_14456,72.27
OUT_14457,205.73
OUT_14458,197.28
OUT_14459,188.27
OUT_14460,58.16
OUT_14461,195.91
OUT_14462,195.03
OUT_14463,201.67
OUT_14464,70.96
OUT_14465,67.0
OUT_14466,65.22
OUT_14467,668.64
OUT_14468,1700.18
OUT_14469,196.04
OUT_14470,194.81
OUT_14471,194.86
OUT_14472,217.24
OUT_14473,66.76
OUT_14474,55.64
OUT_14475,48.09
OUT_14476,628.69
OUT_14477,72.18
OUT_14478,63.17
OUT_14479,196.06
OUT_14480,65.19
OUT_14481,69.63
OUT_14482,667.28
OUT_14483,193.58
OUT_14484,67.94
OUT_14485,638.1
OUT_14486,48.98
OUT_14487,68.1
OUT_14488,198.37
OUT_14489,60.31
OUT_14490,198.93
OUT_14491,72.97
OUT_14492,61.75
OUT_14493,1658.32
OUT_14494,198.14
OUT_14495,195.38
OUT_14496,59.36
OUT_14497,56.88
OUT_14498,47.21
OUT_14499,38.93
OUT_14500,67.34
OUT_14501,55.87
OUT_14502,656.13
OUT_14503,51.48
OUT_14504,65.8
OUT_14505,696.72
OUT_14506,67.12
OUT_14507,75.88
OUT_14508,1662.62
OUT_14509,47.74
OUT_14510,198.23
OUT_14511,62.05
OUT_14512,63.83
OUT_14513,667.76
OUT_14514,1681.85
OUT_14515,192.5
OUT_14516,193.85
OUT_14517,62.65
OUT_14518,203.2
OUT_14519,674.83
OUT_14520,195.44
OUT_14521,252.1
OUT_14522,195.08
OUT_14523,70.28
OUT_14524,651.75
OUT_14525,1682.33
OUT_14526,653.66
OUT_14527,65.06
OUT_14528,63.4
OUT_14529,196.35
OUT_14530,210.88
OUT_14531,203.65
OUT_14532,64.81
OUT_14533,64.95
OUT_14534,55.61
OUT_14535,196.62
OUT_14536,634.05
OUT_14537,197.98
OUT_14538,228.92
OUT_14539,52.88
OUT_14540,194.7
OUT_14541,65.59
OUT_14542,55.28
OUT_14543,74.65
OUT_14544,57.21
OUT_14545,67.79
OUT_14546,75.5
OUT_14547,1682.1
OUT_14548,55.58
OUT_14549,46.35
OUT_14550,47.09
OUT_14551,1540.89
OUT_14552,60.64
OUT_14553,668.44
OUT_14554,61.61
OUT_14555,190.88
OUT_14556,657.67
OUT_14557,197.84
OUT_14558,664.19
OUT_14559,49.17
OUT_14560,64.82
OUT_14561,192.25
OUT_14562,54.67
OUT_14563,64.89
OUT_14564,193.86
OUT_14565,67.92
OUT_14566,668.58
OUT_14567,71.34
OUT_14568,193.67
OUT_14569,70.45
OUT_14570,66.45
OUT_14571,186.13
OUT_14572,196.56
OUT_14573,195.08
OUT_14574,55.38
OUT_14575,81.94
OUT_14576,196.29
OUT_14577,658.64
OUT_14578,64.58
OUT_14579,67.8
OUT_14580,72.56
OUT_14581,55.82
OUT_14582,54.51
OUT_14583,55.37
OUT_14584,662.19
OUT_14585,56.5
OUT_14586,1666.24
OUT_14587,55.66
OUT_14588,640.43
OUT_14589,191.83
OUT_14590,199.68
OUT_14591,65.62
OUT_14592,37.54
OUT_14593,55.61
OUT_14594,200.89
OUT_14595,68.06
OUT_14596,68.01
OUT_14597,55.72
OUT_14598,64.87
OUT_14599,65.44
OUT_14600,661.11
OUT_14601,679.2
OUT_14602,1694.67
OUT_14603,197.63
OUT_14604,65.16
OUT_14605,64.47
OUT_14606,204.83
OUT_14607,200.36
OUT_14608,676.47
OUT_14609,44.93
OUT_14610,60.61
OUT_14611,193.19
OUT_14612,661.88
OUT_14613,186.22
OUT_14614,191.4
OUT_14615,1675.96
OUT_14616,67.22
OUT_14617,62.9
OUT_14618,62.86
OUT_14619,649.38
OUT_14620,70.79
OUT_14621,55.55
OUT_14622,195.93
OUT_14623,186.99
OUT_14624,59.21
OUT_14625,48.95
OUT_14626,195.81
OUT_14627,64.05
OUT_14628,195.85
OUT_14629,193.9
OUT_14630,1637.72
OUT_14631,680.96
OUT_14632,67.1
OUT_14633,75.55
OUT_14634,64.37
OUT_14635,666.86
OUT_14636,197.65
OUT_14637,67.13
OUT_14638,191.65
OUT_14639,196.12
OUT_14640,68.09
OUT_14641,197.43
OUT_14642,38.93
OUT_14643,64.66
OUT_14644,199.58
OUT_14645,658.16
OUT_14646,67.43
OUT_14647,65.37
OUT_14648,55.31
OUT_14649,194.6
OUT_14650,70.07
OUT_14651,197.49
OUT_14652,68.74
OUT_14653,65.81
OUT_14654,61.14
OUT_14655,62.15
OUT_14656,68.09
OUT_14657,65.86
OUT_14658,62.73
OUT_14659,70.71
OUT_14660,67.62
OUT_14661,55.89
OUT_14662,651.54
OUT_14663,1691.8
OUT_14664,682.54
OUT_14665,62.82
OUT_14666,65.83
OUT_14667,54.14
OUT_14668,70.59
OUT_14669,63.24
OUT_14670,194.5
OUT_14671,1692.47
OUT_14672,680.93
OUT_14673,194.26
OUT_14674,195.44
OUT_14675,57.83
OUT_14676,65.52
OUT_14677,59.28
OUT_14678,67.15
OUT_14679,194.0
OUT_14680,194.71
OUT_14681,682.36
OUT_14682,74.8
OUT_14683,664.55
OUT_14684,57.51
OUT_14685,196.51
OUT_14686,194.18
OUT_14687,193.74
OUT_14688,194.9
OUT_14689,62.95
OUT_14690,195.21
OUT_14691,75.74
OUT_14692,33.24
OUT_14693,197.03
OUT_14694,648.57
OUT_14695,60.33
OUT_14696,121.07
OUT_14697,58.98
OUT_14698,655.95
OUT_14699,672.46
OUT_14700,68.04
OUT_14701,67.24
OUT_14702,56.69
OUT_14703,63.25
OUT_14704,57.92
OUT_14705,195.53
OUT_14706,67.68
OUT_14707,51.82
OUT_14708,674.49
OUT_14709,645.19
OUT_14710,193.61
OUT_14711,61.21
OUT_14712,653.55
OUT_14713,55.9
OUT_14714,194.1
OUT_14715,70.22
OUT_14716,57.8
OUT_14717,57.05
OUT_14718,67.63
OUT_14719,240.62
OUT_14720,1673.77
OUT_14721,207.11
OUT_14722,195.16
OUT_14723,199.77
OUT_14724,201.94
OUT_14725,646.86
OUT_14726,195.44
OUT_14727,57.48
OUT_14728,191.03
OUT_14729,56.41
OUT_14730,194.03
OUT_14731,61.32
OUT_14732,65.19
OUT_14733,67.9
OUT_14734,57.88
OUT_14735,198.29
OUT_14736,196.18
OUT_14737,55.71
OUT_14738,191.47
OUT_14739,204.58
OUT_14740,44.88
OUT_14741,653.67
OUT_14742,70.4
OUT_14743,660.65
OUT_14744,56.99
OUT_14745,191.6
OUT_14746,65.59
OUT_14747,67.26
OUT_14748,67.95
OUT_14749,645.05
OUT_14750,195.67
OUT_14751,187.83
OUT_14752,667.82
OUT_14753,184.66
OUT_14754,686.35
OUT_14755,187.74
OUT_14756,195.77
OUT_14757,674.31
OUT_14758,185.67
OUT_14759,199.47
OUT_14760,696.24
OUT_14761,68.16
OUT_14762,215.1
OUT_14763,67.75
OUT_14764,63.53
OUT_14765,191.19
OUT_14766,200.08
OUT_14767,691.48
OUT_14768,196.4
OUT_14769,49.0
OUT_14770,204.09
OUT_14771,1660.39
OUT_14772,70.54
OUT_14773,678.23
OUT_14774,674.48
OUT_14775,65.46
OUT_14776,62.81
OUT_14777,195.64
OUT_14778,643.46
OUT_14779,66.46
OUT_14780,60.8
OUT_14781,67.66
OUT_14782,681.39
OUT_14783,195.71
OUT_14784,64.87
OUT_14785,66.04
OUT_14786,58.55
OUT_14787,652.46
OUT_14788,65.04
OUT_14789,67.67
OUT_14790,67.92
OUT_14791,192.74
OUT_14792,65.81
OUT_14793,57.35
OUT_14794,61.82
OUT_14795,55.91
OUT_14796,55.38
OUT_14797,69.83
OUT_14798,201.24
OUT_14799,640.73
OUT_14800,660.24
OUT_14801,74.66
OUT_14802,199.54
OUT_14803,195.11
OUT_14804,56.87
OUT_14805,63.28
OUT_14806,61.48
OUT_14807,60.02
OUT_14808,66.09
OUT_14809,1661.91
OUT_14810,197.42
OUT_14811,205.17
OUT_14812,64.98
OUT_14813,50.78
OUT_14814,185.66
OUT_14815,60.41
OUT_14816,49.2
OUT_14817,64.82
OUT_14818,699.53
OUT_14819,65.93
OUT_14820,657.14
OUT_14821,61.79
OUT_14822,1709.88
OUT_14823,666.48
OUT_14824,49.91
OUT_14825,199.07
OUT_14826,55.45
OUT_14827,54.56
OUT_14828,67.96
OUT_14829,50.53
OUT_14830,1686.61
OUT_14831,62.88
OUT_14832,56.85
OUT_14833,1696.47
OUT_14834,665.81
OUT_14835,62.68
OUT_14836,195.67
OUT_14837,57.1
OUT_14838,63.44
OUT_14839,182.27
OUT_14840,67.23
OUT_14841,64.78
OUT_14842,198.61
OUT_14843,205.29
OUT_14844,65.68
OUT_14845,67.88
OUT_14846,658.03
OUT_14847,194.22
OUT_14848,67.38
OUT_14849,74.3
OUT_14850,69.35
OUT_14851,63.69
OUT_14852,64.89
OUT_14853,200.78
OUT_14854,72.33
OUT_14855,76.66
OUT_14856,666.24
OUT_14857,203.03
OUT_14858,206.88
OUT_14859,682.6
OUT_14860,61.75
OUT_14861,70.68
OUT_14862,199.81
OUT_14863,189.52
OUT_14864,638.08
OUT_14865,195.9
OUT_14866,60.37
OUT_14867,67.32
OUT_14868,635.71
OUT_14869,671.04
OUT_14870,193.36
OUT_14871,186.69
OUT_14872,1673.04
OUT_14873,60.25
OUT_14874,1686.68
OUT_14875,1697.25
OUT_14876,655.22
OUT_14877,63.48
OUT_14878,190.66
OUT_14879,65.35
OUT_14880,67.64
OUT_14881,638.09
OUT_14882,670.21
OUT_14883,197.29
OUT_14884,668.32
OUT_14885,639.62
OUT_14886,52.91
OUT_14887,194.85
OUT_14888,65.14
OUT_14889,195.98
OUT_14890,65.85
OUT_14891,68.2
OUT_14892,58.16
OUT_14893,69.56
OUT_14894,194.3
OUT_14895,65.01
OUT_14896,67.17
OUT_14897,208.1
OUT_14898,73.68
OUT_14899,51.62
OUT_14900,62.4
OUT_14901,195.54
OUT_14902,190.86
OUT_14903,47.72
OUT_14904,198.51
OUT_14905,195.38
OUT_14906,56.79
OUT_14907,62.82
OUT_14908,200.33
OUT_14909,60.71
OUT_14910,62.42
OUT_14911,674.56
OUT_14912,60.41
OUT_14913,191.5
OUT_14914,668.91
OUT_14915,67.52
OUT_14916,191.21
OUT_14917,54.13
OUT_14918,60.94
OUT_14919,65.02
OUT_14920,61.54
OUT_14921,70.27
OUT_14922,1707.47
OUT_14923,188.18
OUT_14924,200.11
OUT_14925,192.98
OUT_14926,194.12
OUT_14927,200.42
OUT_14928,685.76
OUT_14929,194.3
OUT_14930,665.35
OUT_14931,57.94
OUT_14932,56.0
OUT_14933,73.39
OUT_14934,194.9
OUT_14935,194.42
OUT_14936,201.4
OUT_14937,644.68
OUT_14938,195.46
OUT_14939,68.42
OUT_14940,655.99
OUT_14941,632.3
OUT_14942,66.89
OUT_14943,63.21
OUT_14944,65.59
OUT_14945,52.04
OUT_14946,640.27
OUT_14947,671.69
OUT_14948,67.88
OUT_14949,53.96
OUT_14950,74.3
OUT_14951,62.97
OUT_14952,63.36
OUT_14953,198.6
OUT_14954,197.71
OUT_14955,61.57
OUT_14956,185.97
OUT_14957,64.86
OUT_14958,634.84
OUT_14959,1659.81
OUT_14960,200.2
OUT_14961,64.57
OUT_14962,190.63
OUT_14963,189.27
OUT_14964,72.91
OUT_14965,193.94
OUT_14966,76.08
OUT_14967,194.31
OUT_14968,197.34
OUT_14969,66.91
OUT_14970,64.92
OUT_14971,196.36
OUT_14972,180.58
OUT_14973,50.64
OUT_14974,679.45
OUT_14975,65.73
OUT_14976,189.64
OUT_14977,194.31
OUT_14978,64.9
OUT_14979,73.16
OUT_14980,49.97
OUT_14981,687.98
OUT_14982,195.38
OUT_14983,201.02
OUT_14984,73.07
OUT_14985,70.25
OUT_14986,665.73
OUT_14987,195.04
OUT_14988,191.27
OUT_14989,199.74
OUT_14990,195.95
OUT_14991,663.92
OUT_14992,650.26
OUT_14993,658.64
OUT_14994,643.65
OUT_14995,60.54
OUT_14996,71.26
OUT_14997,65.38
OUT_14998,198.61
OUT_14999,72.43
OUT_15000,61.25
OUT_15001,195.03
OUT_15002,61.91
OUT_15003,78.71
OUT_15004,189.38
OUT_15005,1660.33
OUT_15006,194.46
OUT_15007,1681.04
OUT_15008,192.47
OUT_15009,52.75
OUT_15010,62.91
OUT_15011,58.51
OUT_15012,190.91
OUT_15013,192.65
OUT_15014,72.19
OUT_15015,64.77
OUT_15016,58.36
OUT_15017,55.79
OUT_15018,44.61
OUT_15019,198.98
OUT_15020,641.81
OUT_15021,67.83
OUT_15022,187.89
OUT_15023,64.64
OUT_15024,197.61
OUT_15025,648.6
OUT_15026,60.6
OUT_15027,213.32
OUT_15028,195.54
OUT_15029,62.93
OUT_15030,67.6
OUT_15031,65.96
OUT_15032,64.06
OUT_15033,196.53
OUT_15034,65.4
OUT_15035,206.56
OUT_15036,59.29
OUT_15037,64.74
OUT_15038,195.39
OUT_15039,166.97
OUT_15040,63.34
OUT_15041,661.65
OUT_15042,666.71
OUT_15043,194.18
OUT_15044,67.18
OUT_15045,56.9
OUT_15046,678.85
OUT_15047,1691.56
OUT_15048,62.14
OUT_15049,657.69
OUT_15050,56.92
OUT_15051,666.94
OUT_15052,657.71
OUT_15053,632.95
OUT_15054,194.14
OUT_15055,1691.77
OUT_15056,61.31
OUT_15057,1642.2
OUT_15058,70.16
OUT_15059,62.95
OUT_15060,65.04
OUT_15061,673.45
OUT_15062,194.7
OUT_15063,648.49
OUT_15064,61.45
OUT_15065,658.8
OUT_15066,62.79
OUT_15067,200.57
OUT_15068,67.58
OUT_15069,60.39
OUT_15070,213.75
OUT_15071,65.41
OUT_15072,202.94
OUT_15073,75.19
OUT_15074,66.13
OUT_15075,52.71
OUT_15076,643.69
OUT_15077,52.93
OUT_15078,694.01
OUT_15079,67.49
OUT_15080,63.37
OUT_15081,676.7
OUT_15082,687.5
OUT_15083,678.71
OUT_15084,65.52
OUT_15085,196.07
OUT_15086,49.71
OUT_15087,58.55
OUT_15088,57.2
OUT_15089,1673.82
OUT_15090,64.72
OUT_15091,660.35
OUT_15092,195.03
OUT_15093,664.7
OUT_15094,73.71
OUT_15095,65.37
OUT_15096,194.16
OUT_15097,61.41
OUT_15098,687.18
OUT_15099,65.23
OUT_15100,199.55
OUT_15101,193.34
OUT_15102,65.17
OUT_15103,665.21
OUT_15104,189.69
OUT_15105,70.57
OUT_15106,67.1
OUT_15107,65.27
OUT_15108,640.35
OUT_15109,69.4
OUT_15110,61.1
OUT_15111,194.31
OUT_15112,64.92
OUT_15113,72.94
OUT_15114,658.14
OUT_15115,196.73
OUT_15116,197.01
OUT_15117,70.38
OUT_15118,55.63
OUT_15119,34.03
OUT_15120,61.4
OUT_15121,60.72
OUT_15122,654.13
OUT_15123,65.12
OUT_15124,51.14
OUT_15125,638.66
OUT_15126,55.8
OUT_15127,45.03
OUT_15128,65.05
OUT_15129,190.91
OUT_15130,68.46
OUT_15131,57.01
OUT_15132,675.69
OUT_15133,67.63
OUT_15134,194.54
OUT_15135,673.38
OUT_15136,72.53
OUT_15137,64.51
OUT_15138,66.46
OUT_15139,197.68
OUT_15140,73.09
OUT_15141,54.58
OUT_15142,72.33
OUT_15143,64.66
OUT_15144,69.29
OUT_15145,1644.05
OUT_15146,199.16
OUT_15147,646.54
OUT_15148,190.98
OUT_15149,194.18
OUT_15150,58.82
OUT_15151,68.04
OUT_15152,67.75
OUT_15153,195.89
OUT_15154,644.76
OUT_15155,198.09
OUT_15156,680.22
OUT_15157,71.39
OUT_15158,666.85
OUT_15159,659.23
OUT_15160,1690.81
OUT_15161,193.29
OUT_15162,51.18
OUT_15163,653.46
OUT_15164,76.79
OUT_15165,187.63
OUT_15166,204.87
OUT_15167,191.3
OUT_15168,642.93
OUT_15169,56.24
OUT_15170,202.07
OUT_15171,61.44
OUT_15172,62.74
OUT_15173,193.32
OUT_15174,56.36
OUT_15175,51.45
OUT_15176,193.97
OUT_15177,196.7
OUT_15178,66.37
OUT_15179,1678.06
OUT_15180,55.38
OUT_15181,196.83
OUT_15182,68.08
OUT_15183,661.57
OUT_15184,659.24
OUT_15185,666.55
OUT_15186,73.55
OUT_15187,194.48
OUT_15188,51.86
OUT_15189,193.78
OUT_15190,65.29
OUT_15191,82.54
OUT_15192,64.61
OUT_15193,201.83
OUT_15194,194.73
OUT_15195,61.36
OUT_15196,247.96
OUT_15197,49.85
OUT_15198,666.3
OUT_15199,192.33
OUT_15200,195.56
OUT_15201,80.08
OUT_15202,635.25
OUT_15203,196.87
OUT_15204,200.5
OUT_15205,61.36
OUT_15206,55.21
OUT_15207,72.51
OUT_15208,667.68
OUT_15209,59.79
OUT_15210,49.03
OUT_15211,68.23
OUT_15212,641.45
OUT_15213,65.41
OUT_15214,197.61
OUT_15215,199.29
OUT_15216,198.08
OUT_15217,68.21
OUT_15218,191.21
OUT_15219,193.12
OUT_15220,203.19
OUT_15221,61.41
OUT_15222,677.42
OUT_15223,65.83
OUT_15224,196.27
OUT_15225,74.07
OUT_15226,61.81
OUT_15227,63.11
OUT_15228,658.57
OUT_15229,55.64
OUT_15230,63.0
OUT_15231,192.96
OUT_15232,1662.22
OUT_15233,194.79
OUT_15234,65.97
OUT_15235,1713.09
OUT_15236,622.57
OUT_15237,60.51
OUT_15238,1673.32
OUT_15239,64.31
OUT_15240,198.62
OUT_15241,58.25
OUT_15242,62.1
OUT_15243,185.36
OUT_15244,67.2
OUT_15245,56.85
OUT_15246,671.96
OUT_15247,70.47
OUT_15248,65.75
OUT_15249,667.01
OUT_15250,646.01
OUT_15251,159.83
OUT_15252,1658.03
OUT_15253,195.57
OUT_15254,51.32
OUT_15255,657.27
OUT_15256,662.51
OUT_15257,65.11
OUT_15258,68.08
OUT_15259,649.69
OUT_15260,688.17
OUT_15261,65.14
OUT_15262,65.89
OUT_15263,199.16
OUT_15264,187.21
OUT_15265,57.71
OUT_15266,1657.34
OUT_15267,665.19
OUT_15268,67.47
OUT_15269,74.16
OUT_15270,41.04
OUT_15271,72.21
OUT_15272,665.31
OUT_15273,191.47
OUT_15274,193.1
OUT_15275,45.76
OUT_15276,68.01
OUT_15277,194.96
OUT_15278,53.29
OUT_15279,65.63
OUT_15280,194.59
OUT_15281,62.56
OUT_15282,187.59
OUT_15283,1668.21
OUT_15284,75.4
OUT_15285,1693.36
OUT_15286,63.25
OUT_15287,204.93
OUT_15288,48.53
OUT_15289,196.02
OUT_15290,183.91
OUT_15291,659.12
OUT_15292,61.01
OUT_15293,50.86
OUT_15294,1678.99
OUT_15295,51.37
OUT_15296,64.78
OUT_15297,61.7
OUT_15298,191.71
OUT_15299,662.55
OUT_15300,195.9
OUT_15301,195.58
OUT_15302,68.14
OUT_15303,195.14
OUT_15304,202.95
OUT_15305,70.04
OUT_15306,61.55
OUT_15307,69.4
OUT_15308,196.98
OUT_15309,69.69
OUT_15310,195.51
OUT_15311,193.92
OUT_15312,33.91
OUT_15313,194.81
OUT_15314,56.93
OUT_15315,1673.21
OUT_15316,666.21
OUT_15317,674.79
OUT_15318,200.15
OUT_15319,198.98
OUT_15320,187.95
OUT_15321,52.71
OUT_15322,657.35
OUT_15323,209.5
OUT_15324,197.69
OUT_15325,73.04
OUT_15326,61.81
OUT_15327,648.44
OUT_15328,57.39
OUT_15329,674.19
OUT_15330,73.03
OUT_15331,195.61
OUT_15332,73.82
OUT_15333,630.37
OUT_15334,194.28
OUT_15335,672.13
OUT_15336,60.8
OUT_15337,628.87
OUT_15338,58.08
OUT_15339,43.33
OUT_15340,673.63
OUT_15341,206.39
OUT_15342,1696.06
OUT_15343,196.06
OUT_15344,688.63
OUT_15345,65.6
OUT_15346,194.2
OUT_15347,69.9
OUT_15348,65.01
OUT_15349,213.24
OUT_15350,65.24
OUT_15351,196.49
OUT_15352,197.11
OUT_15353,1671.79
OUT_15354,55.12
OUT_15355,67.32
OUT_15356,1643.0
OUT_15357,70.51
OUT_15358,640.26
OUT_15359,55.12
OUT_15360,67.42
OUT_15361,202.64
OUT_15362,196.13
OUT_15363,195.11
OUT_15364,194.61
OUT_15365,63.24
OUT_15366,58.3
OUT_15367,65.12
OUT_15368,58.21
OUT_15369,197.12
OUT_15370,196.42
OUT_15371,66.75
OUT_15372,1669.96
OUT_15373,162.76
OUT_15374,53.71
OUT_15375,198.09
OUT_15376,634.43
OUT_15377,206.17
OUT_15378,70.51
OUT_15379,192.08
OUT_15380,55.82
OUT_15381,196.64
OUT_15382,194.36
OUT_15383,65.42
OUT_15384,70.3
OUT_15385,67.77
OUT_15386,67.92
OUT_15387,194.13
OUT_15388,70.16
OUT_15389,65.74
OUT_15390,667.28
OUT_15391,193.25
OUT_15392,191.07
OUT_15393,60.12
OUT_15394,61.79
OUT_15395,63.34
OUT_15396,64.68
OUT_15397,659.23
OUT_15398,664.57
OUT_15399,679.36
OUT_15400,663.57
OUT_15401,67.38
OUT_15402,197.4
OUT_15403,67.05
OUT_15404,42.42
OUT_15405,67.52
OUT_15406,64.57
OUT_15407,200.43
OUT_15408,47.73
OUT_15409,193.39
OUT_15410,186.8
OUT_15411,196.3
OUT_15412,628.89
OUT_15413,67.8
OUT_15414,66.76
OUT_15415,1656.94
OUT_15416,198.96
OUT_15417,642.26
OUT_15418,653.8
OUT_15419,194.88
OUT_15420,189.54
OUT_15421,70.5
OUT_15422,57.89
OUT_15423,190.05
OUT_15424,632.31
OUT_15425,195.16
OUT_15426,60.41
OUT_15427,63.02
OUT_15428,1659.26
OUT_15429,188.35
OUT_15430,64.87
OUT_15431,197.27
OUT_15432,63.2
OUT_15433,63.13
OUT_15434,65.04
OUT_15435,660.85
OUT_15436,71.89
OUT_15437,207.42
OUT_15438,194.82
OUT_15439,190.17
OUT_15440,67.64
OUT_15441,70.63
OUT_15442,642.6
OUT_15443,72.22
OUT_15444,199.19
OUT_15445,63.23
OUT_15446,193.42
OUT_15447,202.16
OUT_15448,67.74
OUT_15449,644.43
OUT_15450,189.65
OUT_15451,653.62
OUT_15452,194.52
OUT_15453,71.95
OUT_15454,198.86
OUT_15455,646.33
OUT_15456,67.76
OUT_15457,60.88
OUT_15458,662.04
OUT_15459,73.49
OUT_15460,196.25
OUT_15461,667.68
OUT_15462,659.91
OUT_15463,200.83
OUT_15464,193.49
OUT_15465,73.7
OUT_15466,652.52
OUT_15467,201.89
OUT_15468,1663.8
OUT_15469,164.82
OUT_15470,643.08
OUT_15471,46.84
OUT_15472,675.24
OUT_15473,55.41
OUT_15474,198.06
OUT_15475,67.1
OUT_15476,68.26
OUT_15477,191.21
OUT_15478,70.63
OUT_15479,49.82
OUT_15480,657.48
OUT_15481,661.99
OUT_15482,55.83
OUT_15483,206.63
OUT_15484,192.84
OUT_15485,259.11
OUT_15486,68.4
OUT_15487,661.68
OUT_15488,75.88
OUT_15489,654.75
OUT_15490,64.47
OUT_15491,62.91
OUT_15492,68.62
OUT_15493,673.1
OUT_15494,189.35
OUT_15495,67.52
OUT_15496,1688.38
OUT_15497,658.31
OUT_15498,643.81
OUT_15499,72.37
OUT_15500,52.67
OUT_15501,67.43
OUT_15502,657.15
OUT_15503,42.65
OUT_15504,679.53
OUT_15505,194.14
OUT_15506,680.48
OUT_15507,201.91
OUT_15508,68.24
OUT_15509,686.01
OUT_15510,65.14
OUT_15511,1670.25
OUT_15512,652.43
OUT_15513,1664.33
OUT_15514,1674.08
OUT_15515,61.45
OUT_15516,190.93
OUT_15517,644.44
OUT_15518,179.59
OUT_15519,210.62
OUT_15520,75.87
OUT_15521,660.34
OUT_15522,656.86
OUT_15523,195.67
OUT_15524,198.1
OUT_15525,58.53
OUT_15526,202.09
OUT_15527,203.93
OUT_15528,647.1
OUT_15529,56.77
OUT_15530,61.91
OUT_15531,67.57
OUT_15532,667.67
OUT_15533,53.49
OUT_15534,1664.75
OUT_15535,200.77
OUT_15536,56.18
OUT_15537,194.45
OUT_15538,660.51
OUT_15539,71.58
OUT_15540,72.97
OUT_15541,64.46
OUT_15542,69.2
OUT_15543,684.53
OUT_15544,73.5
OUT_15545,195.24
OUT_15546,63.86
OUT_15547,205.21
OUT_15548,665.27
OUT_15549,195.69
OUT_15550,76.62
OUT_15551,202.99
OUT_15552,1687.57
OUT_15553,64.27
OUT_15554,62.78
OUT_15555,56.0
OUT_15556,65.63
OUT_15557,68.2
OUT_15558,67.33
OUT_15559,54.14
OUT_15560,196.25
OUT_15561,48.97
OUT_15562,1669.49
OUT_15563,59.03
OUT_15564,67.42
OUT_15565,641.32
OUT_15566,65.92
OUT_15567,64.75
OUT_15568,67.45
OUT_15569,67.33
OUT_15570,48.4
OUT_15571,72.66
OUT_15572,65.81
OUT_15573,62.66
OUT_15574,199.46
OUT_15575,72.48
OUT_15576,64.27
OUT_15577,32.23
OUT_15578,632.57
OUT_15579,206.24
OUT_15580,200.11
OUT_15581,195.81
OUT_15582,206.04
OUT_15583,1721.4
OUT_15584,666.58
OUT_15585,62.77
OUT_15586,191.75
OUT_15587,199.45
OUT_15588,73.16
OUT_15589,68.29
OUT_15590,33.14
OUT_15591,56.95
OUT_15592,1665.34
OUT_15593,654.26
OUT_15594,67.59
OUT_15595,193.6
OUT_15596,694.78
OUT_15597,64.84
OUT_15598,1680.85
OUT_15599,61.43
OUT_15600,196.02
OUT_15601,682.25
OUT_15602,67.4
OUT_15603,186.73
OUT_15604,191.91
OUT_15605,64.61
OUT_15606,205.21
OUT_15607,659.5
OUT_15608,195.22
OUT_15609,199.33
OUT_15610,63.53
OUT_15611,62.54
OUT_15612,59.59
OUT_15613,1633.74
OUT_15614,62.62
OUT_15615,197.62
OUT_15616,64.73
OUT_15617,67.04
OUT_15618,65.11
OUT_15619,192.37
OUT_15620,65.19
OUT_15621,195.83
OUT_15622,64.86
OUT_15623,192.15
OUT_15624,677.51
OUT_15625,199.59
OUT_15626,680.55
OUT_15627,1673.62
OUT_15628,1652.67
OUT_15629,665.87
OUT_15630,44.63
OUT_15631,36.91
OUT_15632,67.57
OUT_15633,58.51
OUT_15634,194.44
OUT_15635,66.72
OUT_15636,37.25
OUT_15637,1683.22
OUT_15638,194.49
OUT_15639,74.77
OUT_15640,67.11
OUT_15641,63.07
OUT_15642,62.87
OUT_15643,50.57
OUT_15644,51.12
OUT_15645,57.43
OUT_15646,194.87
OUT_15647,62.83
OUT_15648,197.2
OUT_15649,188.91
OUT_15650,1651.1
OUT_15651,186.45
OUT_15652,72.77
OUT_15653,63.91
OUT_15654,65.92
OUT_15655,65.79
OUT_15656,41.68
OUT_15657,63.41
OUT_15658,64.87
OUT_15659,194.68
OUT_15660,62.73
OUT_15661,63.13
OUT_15662,194.39
OUT_15663,58.59
OUT_15664,697.25
OUT_15665,1668.34
OUT_15666,189.88
OUT_15667,668.49
OUT_15668,192.57
OUT_15669,670.83
OUT_15670,195.02
OUT_15671,68.13
OUT_15672,198.62
OUT_15673,688.48
OUT_15674,683.3
OUT_15675,200.84
OUT_15676,56.9
OUT_15677,196.24
OUT_15678,202.31
OUT_15679,63.5
OUT_15680,646.75
OUT_15681,57.83
OUT_15682,60.48
OUT_15683,62.88
OUT_15684,63.66
OUT_15685,206.49
OUT_15686,70.3
OUT_15687,66.0
OUT_15688,1684.94
OUT_15689,62.39
OUT_15690,202.97
OUT_15691,196.29
OUT_15692,53.07
OUT_15693,676.59
OUT_15694,196.38
OUT_15695,76.43
OUT_15696,197.21
OUT_15697,1668.88
OUT_15698,62.61
OUT_15699,72.48
OUT_15700,195.73
OUT_15701,195.54
OUT_15702,661.05
OUT_15703,70.73
OUT_15704,64.85
OUT_15705,73.48
OUT_15706,195.66
OUT_15707,666.39
OUT_15708,691.12
OUT_15709,55.5
OUT_15710,70.14
OUT_15711,60.25
OUT_15712,195.88
OUT_15713,71.95
OUT_15714,64.63
OUT_15715,70.28
OUT_15716,192.25
OUT_15717,1679.29
OUT_15718,68.41
OUT_15719,635.16
OUT_15720,63.22
OUT_15721,64.95
OUT_15722,204.93
OUT_15723,48.85
OUT_15724,650.07
OUT_15725,66.85
OUT_15726,67.9
OUT_15727,193.46
OUT_15728,1668.41
OUT_15729,662.96
OUT_15730,202.54
OUT_15731,644.01
OUT_15732,51.75
OUT_15733,670.29
OUT_15734,72.85
OUT_15735,64.83
OUT_15736,198.25
OUT_15737,195.45
OUT_15738,198.35
OUT_15739,665.78
OUT_15740,193.8
OUT_15741,67.99
OUT_15742,72.5
OUT_15743,64.55
OUT_15744,62.96
OUT_15745,665.01
OUT_15746,683.99
OUT_15747,44.15
OUT_15748,644.15
OUT_15749,61.55
OUT_15750,695.51
OUT_15751,673.09
OUT_15752,64.68
OUT_15753,68.66
OUT_15754,192.65
OUT_15755,666.08
OUT_15756,640.38
OUT_15757,195.61
OUT_15758,231.13
OUT_15759,38.24
OUT_15760,193.19
OUT_15761,43.12
OUT_15762,209.52
OUT_15763,194.88
OUT_15764,193.09
OUT_15765,56.88
OUT_15766,67.81
OUT_15767,65.56
OUT_15768,56.88
OUT_15769,158.25
OUT_15770,65.83
OUT_15771,60.39
OUT_15772,192.3
OUT_15773,195.71
OUT_15774,196.47
OUT_15775,72.47
OUT_15776,65.01
OUT_15777,196.6
OUT_15778,198.99
OUT_15779,194.85
OUT_15780,661.98
OUT_15781,194.16
OUT_15782,1642.34
OUT_15783,203.06
OUT_15784,56.27
OUT_15785,48.58
OUT_15786,65.26
OUT_15787,670.45
OUT_15788,195.57
OUT_15789,62.32
OUT_15790,1683.46
OUT_15791,57.53
OUT_15792,202.46
OUT_15793,1654.42
OUT_15794,202.2
OUT_15795,203.3
OUT_15796,73.43
OUT_15797,670.5
OUT_15798,193.56
OUT_15799,681.06
OUT_15800,690.45
OUT_15801,683.47
OUT_15802,1682.43
OUT_15803,63.19
OUT_15804,58.73
OUT_15805,67.36
OUT_15806,85.73
OUT_15807,57.13
OUT_15808,191.56
OUT_15809,195.09
OUT_15810,55.32
OUT_15811,61.18
OUT_15812,196.15
OUT_15813,65.89
OUT_15814,663.68
OUT_15815,59.95
OUT_15816,67.55
OUT_15817,60.67
OUT_15818,67.39
OUT_15819,67.11
OUT_15820,65.03
OUT_15821,58.08
OUT_15822,59.31
OUT_15823,42.29
OUT_15824,60.67
OUT_15825,644.18
OUT_15826,194.04
OUT_15827,63.07
OUT_15828,685.15
OUT_15829,199.19
OUT_15830,200.51
OUT_15831,49.07
OUT_15832,208.13
OUT_15833,50.07
OUT_15834,659.5
OUT_15835,46.41
OUT_15836,62.08
OUT_15837,1690.68
OUT_15838,639.79
OUT_15839,657.62
OUT_15840,660.9
OUT_15841,214.97
OUT_15842,58.95
OUT_15843,191.57
OUT_15844,41.69
OUT_15845,660.53
OUT_15846,196.22
OUT_15847,1684.7
OUT_15848,673.0
OUT_15849,669.52
OUT_15850,46.45
OUT_15851,53.91
OUT_15852,693.41
OUT_15853,1688.07
OUT_15854,186.59
OUT_15855,57.9
OUT_15856,67.08
OUT_15857,73.27
OUT_15858,70.23
OUT_15859,194.16
OUT_15860,67.96
OUT_15861,1697.26
OUT_15862,661.16
OUT_15863,67.82
OUT_15864,65.25
OUT_15865,194.49
OUT_15866,188.11
OUT_15867,203.63
OUT_15868,68.01
OUT_15869,201.55
OUT_15870,48.29
OUT_15871,1669.83
OUT_15872,195.68
OUT_15873,56.86
OUT_15874,647.17
OUT_15875,67.67
OUT_15876,70.35
OUT_15877,1665.41
OUT_15878,193.69
OUT_15879,65.71
OUT_15880,185.75
OUT_15881,61.13
OUT_15882,634.44
OUT_15883,60.64
OUT_15884,66.69
OUT_15885,57.02
OUT_15886,666.93
OUT_15887,58.78
OUT_15888,72.41
OUT_15889,75.11
OUT_15890,1652.3
OUT_15891,63.48
OUT_15892,60.96
OUT_15893,58.71
OUT_15894,63.85
OUT_15895,687.65
OUT_15896,63.02
OUT_15897,70.61
OUT_15898,66.67
OUT_15899,637.23
OUT_15900,208.22
OUT_15901,201.42
OUT_15902,65.41
OUT_15903,65.27
OUT_15904,72.28
OUT_15905,194.86
OUT_15906,1667.62
OUT_15907,62.94
OUT_15908,211.25
OUT_15909,195.69
OUT_15910,71.18
OUT_15911,191.54
OUT_15912,656.13
OUT_15913,59.85
OUT_15914,64.77
OUT_15915,56.95
OUT_15916,67.12
OUT_15917,50.92
OUT_15918,59.33
OUT_15919,706.43
OUT_15920,196.09
OUT_15921,669.72
OUT_15922,643.34
OUT_15923,63.21
OUT_15924,201.73
OUT_15925,63.13
OUT_15926,684.95
OUT_15927,56.71
OUT_15928,56.88
OUT_15929,197.59
OUT_15930,652.17
OUT_15931,668.68
OUT_15932,74.42
OUT_15933,57.02
OUT_15934,678.86
OUT_15935,197.06
OUT_15936,52.74
OUT_15937,69.78
OUT_15938,56.92
OUT_15939,61.29
OUT_15940,63.31
OUT_15941,63.29
OUT_15942,684.81
OUT_15943,70.18
OUT_15944,72.53
OUT_15945,207.64
OUT_15946,33.53
OUT_15947,65.17
OUT_15948,47.39
OUT_15949,62.98
OUT_15950,72.61
OUT_15951,1640.15
OUT_15952,672.8
OUT_15953,194.35
OUT_15954,159.36
OUT_15955,689.9
OUT_15956,63.03
OUT_15957,60.28
OUT_15958,626.02
OUT_15959,210.78
OUT_15960,73.11
OUT_15961,198.91
OUT_15962,185.91
OUT_15963,61.28
OUT_15964,58.38
OUT_15965,65.21
OUT_15966,201.05
OUT_15967,66.07
OUT_15968,686.96
OUT_15969,62.64
OUT_15970,60.23
OUT_15971,1670.48
OUT_15972,194.41
OUT_15973,197.0
OUT_15974,193.65
OUT_15975,209.43
OUT_15976,67.93
OUT_15977,64.51
OUT_15978,215.83
OUT_15979,646.46
OUT_15980,74.2
OUT_15981,65.52
OUT_15982,51.07
OUT_15983,33.09
OUT_15984,61.28
OUT_15985,652.29
OUT_15986,206.48
OUT_15987,71.23
OUT_15988,61.34
OUT_15989,655.48
OUT_15990,186.94
OUT_15991,62.8
OUT_15992,55.88
OUT_15993,202.25
OUT_15994,194.45
OUT_15995,66.24
OUT_15996,655.82
OUT_15997,47.29
OUT_15998,202.16
OUT_15999,59.29
OUT_16000,663.01
OUT_16001,200.73
OUT_16002,43.97
OUT_16003,189.51
OUT_16004,645.13
OUT_16005,59.23
OUT_16006,193.94
OUT_16007,70.3
OUT_16008,200.46
OUT_16009,61.67
OUT_16010,67.53
OUT_16011,70.11
OUT_16012,68.05
OUT_16013,55.76
OUT_16014,65.1
OUT_16015,44.31
OUT_16016,667.26
OUT_16017,69.86
OUT_16018,63.16
OUT_16019,200.09
OUT_16020,202.26
OUT_16021,54.46
OUT_16022,66.16
OUT_16023,195.2
OUT_16024,51.13
OUT_16025,191.34
OUT_16026,198.65
OUT_16027,67.56
OUT_16028,65.67
OUT_16029,199.97
OUT_16030,67.98
OUT_16031,195.8
OUT_16032,74.74
OUT_16033,46.31
OUT_16034,664.03
OUT_16035,196.9
OUT_16036,198.84
OUT_16037,69.94
OUT_16038,63.24
OUT_16039,67.79
OUT_16040,67.0
OUT_16041,1660.41
OUT_16042,203.12
OUT_16043,665.92
OUT_16044,51.86
OUT_16045,197.17
OUT_16046,194.47
OUT_16047,64.5
OUT_16048,196.22
OUT_16049,635.92
OUT_16050,73.44
OUT_16051,63.1
OUT_16052,76.0
OUT_16053,63.0
OUT_16054,191.28
OUT_16055,658.82
OUT_16056,65.58
OUT_16057,72.95
OUT_16058,195.38
OUT_16059,68.15
OUT_16060,60.74
OUT_16061,57.12
OUT_16062,205.68
OUT_16063,202.89
OUT_16064,649.52
OUT_16065,72.18
OUT_16066,63.11
OUT_16067,51.02
OUT_16068,61.28
OUT_16069,202.89
OUT_16070,65.23
OUT_16071,1671.4
OUT_16072,64.86
OUT_16073,64.99
OUT_16074,65.61
OUT_16075,1670.38
OUT_16076,65.12
OUT_16077,198.42
OUT_16078,192.19
OUT_16079,190.17
OUT_16080,67.76
OUT_16081,46.06
OUT_16082,194.92
OUT_16083,667.48
OUT_16084,195.2
OUT_16085,1697.44
OUT_16086,651.4
OUT_16087,194.48
OUT_16088,659.79
OUT_16089,56.73
OUT_16090,73.84
OUT_16091,67.27
OUT_16092,64.9
OUT_16093,192.47
OUT_16094,1664.07
OUT_16095,65.49
OUT_16096,58.0
OUT_16097,671.2
OUT_16098,55.03
OUT_16099,195.58
OUT_16100,63.11
OUT_16101,61.51
OUT_16102,185.5
OUT_16103,186.32
OUT_16104,193.27
OUT_16105,196.18
OUT_16106,197.29
OUT_16107,199.9
OUT_16108,1655.94
OUT_16109,56.87
OUT_16110,68.06
OUT_16111,57.21
OUT_16112,196.17
OUT_16113,676.33
OUT_16114,636.6
OUT_16115,73.59
OUT_16116,694.67
OUT_16117,57.01
OUT_16118,67.42
OUT_16119,59.08
OUT_16120,66.22
OUT_16121,67.09
OUT_16122,48.99
OUT_16123,661.1
OUT_16124,195.08
OUT_16125,62.38
OUT_16126,188.57
OUT_16127,61.01
OUT_16128,196.9
OUT_16129,68.36
OUT_16130,190.19
OUT_16131,62.56
OUT_16132,72.49
OUT_16133,73.06
OUT_16134,67.56
OUT_16135,663.61
OUT_16136,668.29
OUT_16137,63.17
OUT_16138,62.95
OUT_16139,62.99
OUT_16140,206.85
OUT_16141,68.18
OUT_16142,653.85
OUT_16143,667.74
OUT_16144,621.58
OUT_16145,42.96
OUT_16146,685.07
OUT_16147,199.25
OUT_16148,47.51
OUT_16149,56.86
OUT_16150,637.01
OUT_16151,67.51
OUT_16152,65.41
OUT_16153,652.86
OUT_16154,196.01
OUT_16155,56.67
OUT_16156,196.12
OUT_16157,50.69
OUT_16158,197.69
OUT_16159,68.41
OUT_16160,63.06
OUT_16161,193.87
OUT_16162,204.56
OUT_16163,67.31
OUT_16164,632.11
OUT_16165,59.56
OUT_16166,61.35
OUT_16167,66.01
OUT_16168,77.24
OUT_16169,1663.41
OUT_16170,668.7
OUT_16171,194.07
OUT_16172,644.25
OUT_16173,202.18
OUT_16174,46.17
OUT_16175,67.53
OUT_16176,660.84
OUT_16177,192.11
OUT_16178,59.4
OUT_16179,218.9
OUT_16180,1664.35
OUT_16181,194.63
OUT_16182,61.69
OUT_16183,1654.78
OUT_16184,651.87
OUT_16185,640.61
OUT_16186,67.64
OUT_16187,72.95
OUT_16188,40.21
OUT_16189,197.16
OUT_16190,669.24
OUT_16191,68.06
OUT_16192,195.37
OUT_16193,202.51
OUT_16194,640.85
OUT_16195,1687.37
OUT_16196,196.58
OUT_16197,65.41
OUT_16198,61.61
OUT_16199,1662.18
OUT_16200,44.08
OUT_16201,674.84
OUT_16202,64.82
OUT_16203,57.94
OUT_16204,193.54
OUT_16205,64.59
OUT_16206,64.92
OUT_16207,189.6
OUT_16208,55.82
OUT_16209,645.08
OUT_16210,65.45
OUT_16211,50.13
OUT_16212,67.25
OUT_16213,63.03
OUT_16214,70.23
OUT_16215,625.64
OUT_16216,642.16
OUT_16217,195.7
OUT_16218,64.6
OUT_16219,677.86
OUT_16220,68.06
OUT_16221,64.9
OUT_16222,55.87
OUT_16223,1610.64
OUT_16224,70.53
OUT_16225,194.85
OUT_16226,34.01
OUT_16227,61.82
OUT_16228,1678.82
OUT_16229,1685.83
OUT_16230,195.82
OUT_16231,65.42
OUT_16232,64.61
OUT_16233,61.58
OUT_16234,193.79
OUT_16235,195.66
OUT_16236,61.85
OUT_16237,199.33
OUT_16238,1683.19
OUT_16239,44.35
OUT_16240,200.88
OUT_16241,55.6
OUT_16242,191.11
OUT_16243,647.13
OUT_16244,663.32
OUT_16245,670.08
OUT_16246,55.48
OUT_16247,57.97
OUT_16248,197.77
OUT_16249,64.69
OUT_16250,60.14
OUT_16251,67.55
OUT_16252,648.42
OUT_16253,56.52
OUT_16254,661.0
OUT_16255,641.03
OUT_16256,196.71
OUT_16257,75.51
OUT_16258,681.34
OUT_16259,62.19
OUT_16260,68.64
OUT_16261,193.12
OUT_16262,55.7
OUT_16263,50.3
OUT_16264,57.83
OUT_16265,61.59
OUT_16266,65.57
OUT_16267,73.74
OUT_16268,55.28
OUT_16269,191.81
OUT_16270,70.18
OUT_16271,699.58
OUT_16272,197.01
OUT_16273,645.77
OUT_16274,73.84
OUT_16275,657.86
OUT_16276,44.36
OUT_16277,57.69
OUT_16278,187.7
OUT_16279,191.99
OUT_16280,50.77
OUT_16281,56.78
OUT_16282,70.18
OUT_16283,207.49
OUT_16284,658.9
OUT_16285,60.65
OUT_16286,66.97
OUT_16287,198.91
OUT_16288,186.51
OUT_16289,69.2
OUT_16290,61.34
OUT_16291,57.59
OUT_16292,195.6
OUT_16293,191.75
OUT_16294,65.3
OUT_16295,67.27
OUT_16296,201.81
OUT_16297,198.1
OUT_16298,62.81
OUT_16299,190.68
OUT_16300,671.5
OUT_16301,66.25
OUT_16302,652.05
OUT_16303,1673.44
OUT_16304,1640.8
OUT_16305,61.81
OUT_16306,60.45
OUT_16307,59.5
OUT_16308,65.56
OUT_16309,261.77
OUT_16310,194.74
OUT_16311,688.46
OUT_16312,67.94
OUT_16313,56.65
OUT_16314,1675.53
OUT_16315,673.99
OUT_16316,65.22
OUT_16317,671.47
OUT_16318,661.92
OUT_16319,64.69
OUT_16320,56.98
OUT_16321,195.4
OUT_16322,671.82
OUT_16323,205.85
OUT_16324,64.67
OUT_16325,44.4
OUT_16326,657.24
OUT_16327,191.88
OUT_16328,675.75
OUT_16329,1663.21
OUT_16330,675.14
OUT_16331,1693.37
OUT_16332,67.38
OUT_16333,65.86
OUT_16334,648.62
OUT_16335,190.61
OUT_16336,1675.27
OUT_16337,67.72
OUT_16338,66.37
OUT_16339,48.83
OUT_16340,62.79
OUT_16341,196.22
OUT_16342,45.31
OUT_16343,661.26
OUT_16344,55.03
OUT_16345,51.49
OUT_16346,44.1
OUT_16347,61.43
OUT_16348,200.42
OUT_16349,642.24
OUT_16350,65.83
OUT_16351,650.86
OUT_16352,70.19
OUT_16353,68.15
OUT_16354,65.64
OUT_16355,69.96
OUT_16356,65.26
OUT_16357,67.48
OUT_16358,46.14
OUT_16359,199.27
OUT_16360,57.64
OUT_16361,63.2
OUT_16362,694.92
OUT_16363,51.44
OUT_16364,676.15
OUT_16365,66.45
OUT_16366,63.31
OUT_16367,196.35
OUT_16368,63.01
OUT_16369,61.96
OUT_16370,194.23
OUT_16371,61.59
OUT_16372,72.63
OUT_16373,56.82
OUT_16374,68.3
OUT_16375,208.46
OUT_16376,68.17
OUT_16377,56.95
OUT_16378,72.44
OUT_16379,55.98
OUT_16380,74.16
OUT_16381,61.41
OUT_16382,664.49
OUT_16383,649.16
OUT_16384,204.82
OUT_16385,63.46
OUT_16386,63.6
OUT_16387,196.47
OUT_16388,1703.91
OUT_16389,633.63
OUT_16390,203.27
OUT_16391,65.96
OUT_16392,53.97
OUT_16393,78.1
OUT_16394,656.85
OUT_16395,53.85
OUT_16396,72.24
OUT_16397,662.03
OUT_16398,201.88
OUT_16399,60.45
OUT_16400,67.57
OUT_16401,64.78
OUT_16402,197.36
OUT_16403,688.92
OUT_16404,190.36
OUT_16405,61.59
OUT_16406,70.58
OUT_16407,192.28
OUT_16408,68.24
OUT_16409,196.5
OUT_16410,55.06
OUT_16411,196.28
OUT_16412,74.14
OUT_16413,655.21
OUT_16414,659.01
OUT_16415,69.75
OUT_16416,61.68
OUT_16417,659.41
OUT_16418,73.4
OUT_16419,198.98
OUT_16420,49.71
OUT_16421,208.21
OUT_16422,69.25
OUT_16423,195.1
OUT_16424,655.49
OUT_16425,193.76
OUT_16426,657.02
OUT_16427,47.43
OUT_16428,61.73
OUT_16429,194.45
OUT_16430,57.87
OUT_16431,65.49
OUT_16432,39.33
OUT_16433,184.57
OUT_16434,67.09
OUT_16435,659.44
OUT_16436,195.42
OUT_16437,1701.94
OUT_16438,78.54
OUT_16439,191.95
OUT_16440,67.76
OUT_16441,1676.45
OUT_16442,55.85
OUT_16443,67.63
OUT_16444,196.15
OUT_16445,65.4
OUT_16446,51.62
OUT_16447,61.53
OUT_16448,202.85
OUT_16449,191.0
OUT_16450,59.92
OUT_16451,659.43
OUT_16452,195.39
OUT_16453,59.91
OUT_16454,206.27
OUT_16455,198.56
OUT_16456,63.11
OUT_16457,192.8
OUT_16458,65.36
OUT_16459,655.21
OUT_16460,1682.9
OUT_16461,210.27
OUT_16462,64.78
OUT_16463,196.55
OUT_16464,59.9
OUT_16465,188.76
OUT_16466,57.73
OUT_16467,665.45
OUT_16468,196.63
OUT_16469,62.85
OUT_16470,652.15
OUT_16471,65.36
OUT_16472,57.04
OUT_16473,32.79
OUT_16474,62.84
OUT_16475,63.19
OUT_16476,61.61
OUT_16477,192.83
OUT_16478,194.44
OUT_16479,203.36
OUT_16480,185.84
OUT_16481,77.1
OUT_16482,62.17
OUT_16483,196.55
OUT_16484,194.63
OUT_16485,60.13
OUT_16486,67.58
OUT_16487,194.18
OUT_16488,1676.68
OUT_16489,191.48
OUT_16490,49.29
OUT_16491,80.29
OUT_16492,1692.68
OUT_16493,62.11
OUT_16494,194.89
OUT_16495,74.89
OUT_16496,194.57
OUT_16497,634.85
OUT_16498,61.65
OUT_16499,200.03
OUT_16500,58.52
OUT_16501,194.65
OUT_16502,658.43
OUT_16503,70.32
OUT_16504,71.82
OUT_16505,64.74
OUT_16506,54.54
OUT_16507,68.33
OUT_16508,61.27
OUT_16509,59.07
OUT_16510,67.51
OUT_16511,643.92
OUT_16512,62.94
OUT_16513,196.74
OUT_16514,200.0
OUT_16515,193.55
OUT_16516,194.3
OUT_16517,187.89
OUT_16518,57.03
OUT_16519,72.75
OUT_16520,1666.76
OUT_16521,208.81
OUT_16522,65.03
OUT_16523,67.52
OUT_16524,206.56
OUT_16525,190.37
OUT_16526,62.37
OUT_16527,61.39
OUT_16528,54.95
OUT_16529,200.32
OUT_16530,671.46
OUT_16531,659.14
OUT_16532,65.96
OUT_16533,191.99
OUT_16534,76.68
OUT_16535,61.09
OUT_16536,640.24
OUT_16537,191.66
OUT_16538,1681.01
OUT_16539,195.88
OUT_16540,639.41
OUT_16541,76.25
OUT_16542,194.76
OUT_16543,198.23
OUT_16544,190.63
OUT_16545,57.24
OUT_16546,65.55
OUT_16547,56.07
OUT_16548,1707.36
OUT_16549,54.28
OUT_16550,73.5
OUT_16551,194.33
OUT_16552,74.37
OUT_16553,187.01
OUT_16554,60.14
OUT_16555,64.62
OUT_16556,65.6
OUT_16557,58.17
OUT_16558,195.98
OUT_16559,203.38
OUT_16560,65.3
OUT_16561,65.02
OUT_16562,65.81
OUT_16563,68.43
OUT_16564,60.16
OUT_16565,58.25
OUT_16566,53.64
OUT_16567,68.83
OUT_16568,63.59
OUT_16569,195.96
OUT_16570,1658.9
OUT_16571,68.12
OUT_16572,73.13
OUT_16573,1625.53
OUT_16574,33.83
OUT_16575,67.56
OUT_16576,653.56
OUT_16577,56.08
OUT_16578,194.38
OUT_16579,194.76
OUT_16580,61.36
OUT_16581,66.03
OUT_16582,61.45
OUT_16583,663.7
OUT_16584,56.96
OUT_16585,71.64
OUT_16586,623.56
OUT_16587,72.2
OUT_16588,196.06
OUT_16589,64.76
OUT_16590,669.96
OUT_16591,64.87
OUT_16592,194.45
OUT_16593,660.33
OUT_16594,69.59
OUT_16595,63.15
OUT_16596,1676.44
OUT_16597,1656.78
OUT_16598,680.77
OUT_16599,65.61
OUT_16600,44.02
OUT_16601,196.08
OUT_16602,627.28
OUT_16603,57.72
OUT_16604,63.02
OUT_16605,1687.21
OUT_16606,68.34
OUT_16607,197.3
OUT_16608,68.55
OUT_16609,195.9
OUT_16610,47.92
OUT_16611,70.25
OUT_16612,184.5
OUT_16613,46.8
OUT_16614,65.05
OUT_16615,54.52
OUT_16616,195.52
OUT_16617,197.13
OUT_16618,70.52
OUT_16619,194.9
OUT_16620,201.19
OUT_16621,62.99
OUT_16622,187.27
OUT_16623,648.6
OUT_16624,56.14
OUT_16625,70.37
OUT_16626,56.92
OUT_16627,67.71
OUT_16628,57.38
OUT_16629,51.71
OUT_16630,47.13
OUT_16631,190.56
OUT_16632,195.85
OUT_16633,673.67
OUT_16634,54.25
OUT_16635,75.96
OUT_16636,63.08
OUT_16637,64.79
OUT_16638,64.74
OUT_16639,1677.81
OUT_16640,187.75
OUT_16641,635.64
OUT_16642,190.32
OUT_16643,184.28
OUT_16644,207.48
OUT_16645,196.25
OUT_16646,198.06
OUT_16647,173.4
OUT_16648,56.02
OUT_16649,672.82
OUT_16650,73.74
OUT_16651,67.0
OUT_16652,214.18
OUT_16653,48.05
OUT_16654,675.65
OUT_16655,65.39
OUT_16656,671.94
OUT_16657,635.35
OUT_16658,60.53
OUT_16659,681.01
OUT_16660,65.97
OUT_16661,65.16
OUT_16662,199.51
OUT_16663,62.88
OUT_16664,65.92
OUT_16665,194.96
OUT_16666,45.88
OUT_16667,62.35
OUT_16668,65.5
OUT_16669,70.89
OUT_16670,615.69
OUT_16671,49.5
OUT_16672,65.87
OUT_16673,197.01
OUT_16674,63.72
OUT_16675,628.81
OUT_16676,678.83
OUT_16677,61.96
OUT_16678,37.31
OUT_16679,70.43
OUT_16680,199.88
OUT_16681,70.46
OUT_16682,68.28
OUT_16683,82.46
OUT_16684,64.77
OUT_16685,201.23
OUT_16686,57.38
OUT_16687,657.46
OUT_16688,1590.65
OUT_16689,59.67
OUT_16690,644.69
OUT_16691,66.6
OUT_16692,189.83
OUT_16693,64.13
OUT_16694,194.01
OUT_16695,77.15
OUT_16696,51.64
OUT_16697,60.26
OUT_16698,208.78
OUT_16699,67.79
OUT_16700,52.94
OUT_16701,61.43
OUT_16702,201.18
OUT_16703,671.43
OUT_16704,73.61
OUT_16705,200.66
OUT_16706,66.39
OUT_16707,673.46
OUT_16708,61.77
OUT_16709,76.77
OUT_16710,66.17
OUT_16711,680.91
OUT_16712,668.71
OUT_16713,70.46
OUT_16714,64.81
OUT_16715,55.43
OUT_16716,213.29
OUT_16717,205.74
OUT_16718,67.59
OUT_16719,201.04
OUT_16720,38.92
OUT_16721,195.4
OUT_16722,65.03
OUT_16723,70.41
OUT_16724,640.05
OUT_16725,196.38
OUT_16726,196.91
OUT_16727,65.77
OUT_16728,699.63
OUT_16729,52.43
OUT_16730,69.97
OUT_16731,197.35
OUT_16732,201.16
OUT_16733,65.06
OUT_16734,62.76
OUT_16735,60.72
OUT_16736,54.11
OUT_16737,187.57
OUT_16738,644.47
OUT_16739,205.65
OUT_16740,212.8
OUT_16741,648.84
OUT_16742,674.14
OUT_16743,67.86
OUT_16744,61.35
OUT_16745,193.87
OUT_16746,201.33
OUT_16747,185.34
OUT_16748,62.67
OUT_16749,651.45
OUT_16750,55.88
OUT_16751,65.72
OUT_16752,55.44
OUT_16753,668.14
OUT_16754,61.65
OUT_16755,63.02
OUT_16756,61.32
OUT_16757,191.17
OUT_16758,58.21
OUT_16759,64.96
OUT_16760,192.06
OUT_16761,55.9
OUT_16762,190.64
OUT_16763,44.21
OUT_16764,63.02
OUT_16765,58.09
OUT_16766,197.06
OUT_16767,53.67
OUT_16768,186.73
OUT_16769,631.28
OUT_16770,195.58
OUT_16771,44.09
OUT_16772,59.89
OUT_16773,52.07
OUT_16774,51.51
OUT_16775,677.04
OUT_16776,189.93
OUT_16777,166.06
OUT_16778,201.14
OUT_16779,59.32
OUT_16780,69.63
OUT_16781,50.47
OUT_16782,53.42
OUT_16783,202.77
OUT_16784,190.63
OUT_16785,637.87
OUT_16786,680.66
OUT_16787,662.0
OUT_16788,46.94
OUT_16789,61.5
OUT_16790,195.55
OUT_16791,644.36
OUT_16792,71.44
OUT_16793,194.88
OUT_16794,199.31
OUT_16795,56.11
OUT_16796,193.68
OUT_16797,61.74
OUT_16798,64.74
OUT_16799,63.19
OUT_16800,50.12
OUT_16801,56.2
OUT_16802,61.23
OUT_16803,61.39
OUT_16804,688.75
OUT_16805,63.07
OUT_16806,689.77
OUT_16807,196.59
OUT_16808,635.16
OUT_16809,1672.47
OUT_16810,185.78
OUT_16811,57.26
OUT_16812,662.52
OUT_16813,632.27
OUT_16814,63.04
OUT_16815,645.76
OUT_16816,76.5
OUT_16817,197.47
OUT_16818,198.47
OUT_16819,68.14
OUT_16820,667.04
OUT_16821,207.72
OUT_16822,66.04
OUT_16823,67.49
OUT_16824,209.87
OUT_16825,54.76
OUT_16826,81.3
OUT_16827,1659.6
OUT_16828,190.96
OUT_16829,66.44
OUT_16830,668.42
OUT_16831,72.33
OUT_16832,634.61
OUT_16833,186.57
OUT_16834,192.66
OUT_16835,63.03
OUT_16836,53.65
OUT_16837,61.44
OUT_16838,653.57
OUT_16839,202.67
OUT_16840,673.21
OUT_16841,619.1
OUT_16842,61.5
OUT_16843,70.11
OUT_16844,195.02
OUT_16845,64.89
OUT_16846,67.58
OUT_16847,61.35
OUT_16848,1670.33
OUT_16849,67.22
OUT_16850,54.48
OUT_16851,647.08
OUT_16852,196.68
OUT_16853,66.85
OUT_16854,64.91
OUT_16855,204.52
OUT_16856,195.27
OUT_16857,200.17
OUT_16858,643.1
OUT_16859,64.59
OUT_16860,196.71
OUT_16861,189.67
OUT_16862,69.53
OUT_16863,667.48
OUT_16864,1669.64
OUT_16865,74.43
OUT_16866,195.72
OUT_16867,58.32
OUT_16868,679.99
OUT_16869,61.53
OUT_16870,194.97
OUT_16871,77.21
OUT_16872,695.66
OUT_16873,201.08
OUT_16874,194.63
OUT_16875,197.06
OUT_16876,621.27
OUT_16877,67.8
OUT_16878,67.05
OUT_16879,60.38
OUT_16880,689.54
OUT_16881,61.36
OUT_16882,192.02
OUT_16883,61.01
OUT_16884,629.06
OUT_16885,55.58
OUT_16886,62.89
OUT_16887,52.79
OUT_16888,206.79
OUT_16889,194.64
OUT_16890,60.33
OUT_16891,671.88
OUT_16892,37.44
OUT_16893,205.07
OUT_16894,197.29
OUT_16895,73.72
OUT_16896,65.41
OUT_16897,69.57
OUT_16898,61.9
OUT_16899,665.32
OUT_16900,665.23
OUT_16901,72.41
OUT_16902,197.74
OUT_16903,75.9
OUT_16904,61.52
OUT_16905,185.99
OUT_16906,62.78
OUT_16907,63.6
OUT_16908,642.38
OUT_16909,634.25
OUT_16910,67.57
OUT_16911,74.78
OUT_16912,69.67
OUT_16913,195.65
OUT_16914,71.72
OUT_16915,73.5
OUT_16916,57.34
OUT_16917,70.29
OUT_16918,55.43
OUT_16919,57.99
OUT_16920,196.28
OUT_16921,191.11
OUT_16922,60.15
OUT_16923,197.32
OUT_16924,660.48
OUT_16925,669.27
OUT_16926,64.62
OUT_16927,202.14
OUT_16928,191.15
OUT_16929,72.28
OUT_16930,197.34
OUT_16931,65.01
OUT_16932,199.31
OUT_16933,51.69
OUT_16934,195.68
OUT_16935,1701.69
OUT_16936,201.1
OUT_16937,654.99
OUT_16938,65.71
OUT_16939,64.55
OUT_16940,47.36
OUT_16941,64.59
OUT_16942,200.1
OUT_16943,46.48
OUT_16944,186.85
OUT_16945,67.02
OUT_16946,1656.42
OUT_16947,65.15
OUT_16948,58.09
OUT_16949,52.53
OUT_16950,72.75
OUT_16951,60.54
OUT_16952,67.1
OUT_16953,56.16
OUT_16954,67.72
OUT_16955,47.02
OUT_16956,49.2
OUT_16957,58.24
OUT_16958,678.74
OUT_16959,1671.98
OUT_16960,67.3
OUT_16961,195.09
OUT_16962,61.4
OUT_16963,65.7
OUT_16964,55.78
OUT_16965,194.35
OUT_16966,67.02
OUT_16967,203.45
OUT_16968,192.06
OUT_16969,194.4
OUT_16970,195.05
OUT_16971,663.25
OUT_16972,62.87
OUT_16973,62.96
OUT_16974,196.26
OUT_16975,194.82
OUT_16976,69.84
OUT_16977,677.58
OUT_16978,70.23
OUT_16979,57.64
OUT_16980,61.27
OUT_16981,58.17
OUT_16982,66.34
OUT_16983,199.23
OUT_16984,51.43
OUT_16985,192.89
OUT_16986,1669.52
OUT_16987,197.46
OUT_16988,199.42
OUT_16989,195.04
OUT_16990,1663.53
OUT_16991,201.6
OUT_16992,54.12
OUT_16993,57.03
OUT_16994,195.17
OUT_16995,54.78
OUT_16996,195.44
OUT_16997,195.11
OUT_16998,55.65
OUT_16999,196.8
OUT_17000,62.76
OUT_17001,81.78
OUT_17002,266.97
OUT_17003,56.13
OUT_17004,251.25
OUT_17005,253.82
OUT_17006,269.62
OUT_17007,258.24
OUT_17008,925.5
OUT_17009,2099.43
OUT_17010,2092.65
OUT_17011,61.48
OUT_17012,52.9
OUT_17013,67.94
OUT_17014,2061.4
OUT_17015,251.75
OUT_17016,65.05
OUT_17017,71.54
OUT_17018,74.62
OUT_17019,277.05
OUT_17020,46.87
OUT_17021,951.86
OUT_17022,45.29
OUT_17023,82.78
OUT_17024,78.93
OUT_17025,926.07
OUT_17026,64.66
OUT_17027,80.35
OUT_17028,959.57
OUT_17029,76.31
OUT_17030,76.68
OUT_17031,76.63
OUT_17032,73.09
OUT_17033,76.25
OUT_17034,253.87
OUT_17035,76.64
OUT_17036,72.14
OUT_17037,255.86
OUT_17038,85.24
OUT_17039,261.22
OUT_17040,66.75
OUT_17041,203.68
OUT_17042,73.76
OUT_17043,44.74
OUT_17044,926.32
OUT_17045,80.11
OUT_17046,72.6
OUT_17047,958.56
OUT_17048,77.87
OUT_17049,2100.64
OUT_17050,252.56
OUT_17051,65.63
OUT_17052,77.45
OUT_17053,257.51
OUT_17054,256.21
OUT_17055,86.39
OUT_17056,246.03
OUT_17057,253.51
OUT_17058,940.13
OUT_17059,249.76
OUT_17060,60.99
OUT_17061,239.74
OUT_17062,80.99
OUT_17063,73.19
OUT_17064,253.33
OUT_17065,81.45
OUT_17066,877.79
OUT_17067,2116.66
OUT_17068,257.13
OUT_17069,247.26
OUT_17070,242.63
OUT_17071,2096.87
OUT_17072,82.92
OUT_17073,257.28
OUT_17074,256.49
OUT_17075,60.2
OUT_17076,85.67
OUT_17077,66.96
OUT_17078,926.03
OUT_17079,81.2
OUT_17080,260.22
OUT_17081,74.94
OUT_17082,2087.9
OUT_17083,78.9
OUT_17084,72.72
OUT_17085,943.66
OUT_17086,76.26
OUT_17087,957.42
OUT_17088,999.42
OUT_17089,62.4
OUT_17090,66.3
OUT_17091,48.53
OUT_17092,939.64
OUT_17093,76.48
OUT_17094,85.91
OUT_17095,254.47
OUT_17096,86.14
OUT_17097,79.61
OUT_17098,245.84
OUT_17099,253.41
OUT_17100,253.08
OUT_17101,849.44
OUT_17102,255.7
OUT_17103,57.73
OUT_17104,245.61
OUT_17105,73.94
OUT_17106,66.75
OUT_17107,231.48
OUT_17108,68.89
OUT_17109,75.62
OUT_17110,906.05
OUT_17111,253.0
OUT_17112,76.33
OUT_17113,62.64
OUT_17114,86.5
OUT_17115,68.68
OUT_17116,64.55
OUT_17117,72.79
OUT_17118,73.41
OUT_17119,258.11
OUT_17120,86.87
OUT_17121,919.4
OUT_17122,245.94
OUT_17123,918.5
OUT_17124,804.83
OUT_17125,269.97
OUT_17126,61.4
OUT_17127,87.38
OUT_17128,88.91
OUT_17129,923.4
OUT_17130,76.44
OUT_17131,2055.59
OUT_17132,82.36
OUT_17133,65.93
OUT_17134,70.15
OUT_17135,242.6
OUT_17136,247.15
OUT_17137,261.84
OUT_17138,81.22
OUT_17139,72.45
OUT_17140,255.15
OUT_17141,239.21
OUT_17142,229.2
OUT_17143,269.4
OUT_17144,242.69
OUT_17145,38.85
OUT_17146,67.06
OUT_17147,62.19
OUT_17148,264.23
OUT_17149,249.11
OUT_17150,74.03
OUT_17151,79.64
OUT_17152,268.61
OUT_17153,2062.44
OUT_17154,87.43
OUT_17155,86.89
OUT_17156,77.68
OUT_17157,253.1
OUT_17158,240.49
OUT_17159,239.12
OUT_17160,934.22
OUT_17161,249.72
OUT_17162,952.56
OUT_17163,68.56
OUT_17164,84.78
OUT_17165,77.3
OUT_17166,76.26
OUT_17167,884.99
OUT_17168,62.57
OUT_17169,64.13
OUT_17170,53.92
OUT_17171,87.37
OUT_17172,933.43
OUT_17173,255.07
OUT_17174,36.59
OUT_17175,2038.84
OUT_17176,76.85
OUT_17177,240.38
OUT_17178,950.99
OUT_17179,225.42
OUT_17180,70.31
OUT_17181,76.1
OUT_17182,84.03
OUT_17183,901.95
OUT_17184,56.98
OUT_17185,90.94
OUT_17186,240.22
OUT_17187,2115.04
OUT_17188,74.79
OUT_17189,269.43
OUT_17190,86.35
OUT_17191,72.53
OUT_17192,874.72
OUT_17193,252.01
OUT_17194,254.87
OUT_17195,74.0
OUT_17196,68.09
OUT_17197,80.59
OUT_17198,264.55
OUT_17199,86.54
OUT_17200,252.07
OUT_17201,253.11
OUT_17202,242.04
OUT_17203,83.0
OUT_17204,252.66
OUT_17205,62.88
OUT_17206,273.89
OUT_17207,902.38
OUT_17208,923.89
OUT_17209,76.06
OUT_17210,66.29
OUT_17211,76.78
OUT_17212,88.48
OUT_17213,76.56
OUT_17214,248.43
OUT_17215,272.88
OUT_17216,2106.72
OUT_17217,78.17
OUT_17218,92.18
OUT_17219,113.3
OUT_17220,65.56
OUT_17221,77.15
OUT_17222,255.29
OUT_17223,73.8
OUT_17224,256.0
OUT_17225,213.38
OUT_17226,57.41
OUT_17227,88.33
OUT_17228,72.93
OUT_17229,75.04
OUT_17230,66.71
OUT_17231,902.69
OUT_17232,900.12
OUT_17233,242.77
OUT_17234,257.39
OUT_17235,73.01
OUT_17236,81.84
OUT_17237,69.76
OUT_17238,70.71
OUT_17239,247.2
OUT_17240,241.0
OUT_17241,251.04
OUT_17242,255.98
OUT_17243,76.64
OUT_17244,82.25
OUT_17245,247.32
OUT_17246,260.19
OUT_17247,256.24
OUT_17248,255.88
OUT_17249,70.17
OUT_17250,256.82
OUT_17251,61.4
OUT_17252,50.62
OUT_17253,256.76
OUT_17254,71.36
OUT_17255,73.62
OUT_17256,74.11
OUT_17257,254.11
OUT_17258,79.55
OUT_17259,241.26
OUT_17260,235.01
OUT_17261,70.05
OUT_17262,73.34
OUT_17263,918.72
OUT_17264,79.53
OUT_17265,84.39
OUT_17266,73.97
OUT_17267,82.81
OUT_17268,80.04
OUT_17269,254.25
OUT_17270,948.79
OUT_17271,70.12
OUT_17272,265.26
OUT_17273,268.5
OUT_17274,77.55
OUT_17275,259.59
OUT_17276,258.48
OUT_17277,255.63
OUT_17278,73.53
OUT_17279,72.92
OUT_17280,2093.12
OUT_17281,68.2
OUT_17282,244.65
OUT_17283,85.95
OUT_17284,90.78
OUT_17285,258.67
OUT_17286,87.74
OUT_17287,74.14
OUT_17288,86.51
OUT_17289,248.04
OUT_17290,52.17
OUT_17291,76.21
OUT_17292,72.08
OUT_17293,252.12
OUT_17294,87.26
OUT_17295,76.53
OUT_17296,61.95
OUT_17297,63.68
OUT_17298,77.4
OUT_17299,77.24
OUT_17300,65.03
OUT_17301,954.95
OUT_17302,264.54
OUT_17303,257.47
OUT_17304,832.87
OUT_17305,256.07
OUT_17306,85.74
OUT_17307,263.13
OUT_17308,252.39
OUT_17309,58.26
OUT_17310,82.84
OUT_17311,76.64
OUT_17312,925.82
OUT_17313,70.54
OUT_17314,908.15
OUT_17315,905.02
OUT_17316,72.85
OUT_17317,236.62
OUT_17318,931.36
OUT_17319,57.05
OUT_17320,245.01
OUT_17321,972.85
OUT_17322,258.8
OUT_17323,255.5
OUT_17324,919.78
OUT_17325,257.31
OUT_17326,2118.54
OUT_17327,79.42
OUT_17328,251.8
OUT_17329,926.28
OUT_17330,78.38
OUT_17331,59.25
OUT_17332,76.0
OUT_17333,70.28
OUT_17334,924.64
OUT_17335,77.31
OUT_17336,75.9
OUT_17337,80.29
OUT_17338,253.37
OUT_17339,252.42
OUT_17340,78.2
OUT_17341,74.99
OUT_17342,254.23
OUT_17343,253.64
OUT_17344,75.07
OUT_17345,898.76
OUT_17346,82.88
OUT_17347,74.11
OUT_17348,897.4
OUT_17349,80.71
OUT_17350,948.35
OUT_17351,86.42
OUT_17352,81.12
OUT_17353,67.03
OUT_17354,914.36
OUT_17355,65.45
OUT_17356,76.1
OUT_17357,79.0
OUT_17358,70.21
OUT_17359,68.4
OUT_17360,67.02
OUT_17361,86.12
OUT_17362,244.56
OUT_17363,67.38
OUT_17364,255.91
OUT_17365,76.81
OUT_17366,908.76
OUT_17367,73.62
OUT_17368,84.64
OUT_17369,64.84
OUT_17370,70.01
OUT_17371,2110.44
OUT_17372,906.69
OUT_17373,254.59
OUT_17374,889.78
OUT_17375,89.32
OUT_17376,45.43
OUT_17377,60.98
OUT_17378,892.58
OUT_17379,70.64
OUT_17380,78.41
OUT_17381,81.31
OUT_17382,73.44
OUT_17383,82.55
OUT_17384,50.93
OUT_17385,256.26
OUT_17386,252.46
OUT_17387,75.88
OUT_17388,79.35
OUT_17389,2095.58
OUT_17390,73.52
OUT_17391,77.51
OUT_17392,871.98
OUT_17393,71.75
OUT_17394,245.01
OUT_17395,62.86
OUT_17396,260.19
OUT_17397,250.54
OUT_17398,48.65
OUT_17399,80.19
OUT_17400,246.26
OUT_17401,78.59
OUT_17402,256.34
OUT_17403,246.41
OUT_17404,271.62
OUT_17405,913.19
OUT_17406,77.3
OUT_17407,86.74
OUT_17408,943.16
OUT_17409,64.79
OUT_17410,84.64
OUT_17411,48.31
OUT_17412,73.96
OUT_17413,259.01
OUT_17414,255.75
OUT_17415,255.44
OUT_17416,893.51
OUT_17417,66.99
OUT_17418,259.99
OUT_17419,251.63
OUT_17420,253.01
OUT_17421,76.79
OUT_17422,943.13
OUT_17423,934.35
OUT_17424,2095.21
OUT_17425,2082.59
OUT_17426,88.79
OUT_17427,87.5
OUT_17428,73.01
OUT_17429,74.17
OUT_17430,884.51
OUT_17431,86.3
OUT_17432,239.82
OUT_17433,920.47
OUT_17434,85.86
OUT_17435,947.73
OUT_17436,909.85
OUT_17437,2119.24
OUT_17438,74.01
OUT_17439,65.85
OUT_17440,897.62
OUT_17441,86.4
OUT_17442,59.03
OUT_17443,251.82
OUT_17444,52.68
OUT_17445,72.17
OUT_17446,251.62
OUT_17447,837.38
OUT_17448,68.88
OUT_17449,86.67
OUT_17450,240.65
OUT_17451,250.1
OUT_17452,85.66
OUT_17453,255.52
OUT_17454,82.9
OUT_17455,50.98
OUT_17456,72.9
OUT_17457,930.26
OUT_17458,70.56
OUT_17459,946.03
OUT_17460,253.09
OUT_17461,66.71
OUT_17462,76.08
OUT_17463,242.06
OUT_17464,256.35
OUT_17465,82.26
OUT_17466,64.3
OUT_17467,88.04
OUT_17468,264.16
OUT_17469,74.18
OUT_17470,82.08
OUT_17471,253.62
OUT_17472,72.41
OUT_17473,240.3
OUT_17474,959.87
OUT_17475,70.64
OUT_17476,255.15
OUT_17477,921.56
OUT_17478,933.65
OUT_17479,82.43
OUT_17480,72.61
OUT_17481,72.6
OUT_17482,83.05
OUT_17483,240.93
OUT_17484,249.62
OUT_17485,86.73
OUT_17486,69.14
OUT_17487,73.12
OUT_17488,62.67
OUT_17489,85.84
OUT_17490,87.42
OUT_17491,257.91
OUT_17492,932.18
OUT_17493,73.22
OUT_17494,939.09
OUT_17495,948.65
OUT_17496,75.78
OUT_17497,71.84
OUT_17498,81.09
OUT_17499,63.01
OUT_17500,250.9
OUT_17501,260.94
OUT_17502,259.75
OUT_17503,72.24
OUT_17504,74.25
OUT_17505,89.71
OUT_17506,904.47
OUT_17507,77.39
OUT_17508,928.97
OUT_17509,57.41
OUT_17510,88.6
OUT_17511,60.42
OUT_17512,73.82
OUT_17513,70.19
OUT_17514,67.39
OUT_17515,72.71
OUT_17516,268.2
OUT_17517,78.64
OUT_17518,69.92
OUT_17519,257.46
OUT_17520,244.62
OUT_17521,261.89
OUT_17522,929.01
OUT_17523,83.09
OUT_17524,947.78
OUT_17525,81.97
OUT_17526,262.04
OUT_17527,250.19
OUT_17528,254.92
OUT_17529,70.35
OUT_17530,901.9
OUT_17531,61.52
OUT_17532,914.2
OUT_17533,75.91
OUT_17534,73.66
OUT_17535,256.24
OUT_17536,51.9
OUT_17537,74.59
OUT_17538,245.89
OUT_17539,51.32
OUT_17540,949.53
OUT_17541,67.14
OUT_17542,250.69
OUT_17543,58.18
OUT_17544,78.75
OUT_17545,85.42
OUT_17546,75.84
OUT_17547,77.8
OUT_17548,62.1
OUT_17549,2098.53
OUT_17550,243.57
OUT_17551,65.08
OUT_17552,83.66
OUT_17553,89.69
OUT_17554,265.65
OUT_17555,54.44
OUT_17556,179.72
OUT_17557,73.82
OUT_17558,89.14
OUT_17559,256.19
OUT_17560,61.78
OUT_17561,70.63
OUT_17562,52.93
OUT_17563,87.47
OUT_17564,60.02
OUT_17565,101.62
OUT_17566,267.56
OUT_17567,269.69
OUT_17568,249.08
OUT_17569,63.94
OUT_17570,63.68
OUT_17571,44.73
OUT_17572,242.14
OUT_17573,86.32
OUT_17574,918.53
OUT_17575,66.99
OUT_17576,67.71
OUT_17577,255.57
OUT_17578,67.6
OUT_17579,256.6
OUT_17580,61.31
OUT_17581,933.36
OUT_17582,82.47
OUT_17583,239.8
OUT_17584,953.21
OUT_17585,954.27
OUT_17586,78.4
OUT_17587,268.31
OUT_17588,74.68
OUT_17589,263.9
OUT_17590,81.86
OUT_17591,74.82
OUT_17592,82.58
OUT_17593,59.7
OUT_17594,80.86
OUT_17595,88.44
OUT_17596,949.09
OUT_17597,86.3
OUT_17598,2098.87
OUT_17599,45.2
OUT_17600,83.41
OUT_17601,895.83
OUT_17602,900.6
OUT_17603,263.65
OUT_17604,940.05
OUT_17605,247.27
OUT_17606,2082.02
OUT_17607,924.68
OUT_17608,77.18
OUT_17609,70.36
OUT_17610,204.76
OUT_17611,89.15
OUT_17612,73.82
OUT_17613,257.26
OUT_17614,255.89
OUT_17615,260.57
OUT_17616,77.64
OUT_17617,80.5
OUT_17618,2097.19
OUT_17619,252.49
OUT_17620,73.68
OUT_17621,938.24
OUT_17622,934.17
OUT_17623,88.91
OUT_17624,247.26
OUT_17625,262.21
OUT_17626,82.64
OUT_17627,103.43
OUT_17628,81.15
OUT_17629,917.6
OUT_17630,254.3
OUT_17631,73.72
OUT_17632,247.62
OUT_17633,89.07
OUT_17634,76.4
OUT_17635,81.17
OUT_17636,884.75
OUT_17637,79.26
OUT_17638,81.85
OUT_17639,73.11
OUT_17640,241.74
OUT_17641,48.87
OUT_17642,77.65
OUT_17643,54.3
OUT_17644,74.4
OUT_17645,248.13
OUT_17646,928.98
OUT_17647,82.58
OUT_17648,70.16
OUT_17649,80.29
OUT_17650,72.0
OUT_17651,907.77
OUT_17652,2092.94
OUT_17653,283.0
OUT_17654,241.1
OUT_17655,56.41
OUT_17656,928.68
OUT_17657,52.97
OUT_17658,54.01
OUT_17659,261.94
OUT_17660,974.88
OUT_17661,910.57
OUT_17662,929.11
OUT_17663,51.68
OUT_17664,881.42
OUT_17665,70.6
OUT_17666,54.72
OUT_17667,918.24
OUT_17668,929.15
OUT_17669,75.21
OUT_17670,73.88
OUT_17671,256.19
OUT_17672,75.84
OUT_17673,918.62
OUT_17674,76.09
OUT_17675,251.6
OUT_17676,256.62
OUT_17677,900.76
OUT_17678,86.3
OUT_17679,242.13
OUT_17680,60.72
OUT_17681,77.28
OUT_17682,78.6
OUT_17683,253.51
OUT_17684,77.27
OUT_17685,265.67
OUT_17686,81.01
OUT_17687,2104.3
OUT_17688,250.21
OUT_17689,83.26
OUT_17690,56.51
OUT_17691,76.55
OUT_17692,75.2
OUT_17693,74.75
OUT_17694,953.95
OUT_17695,55.43
OUT_17696,258.1
OUT_17697,243.01
OUT_17698,2076.45
OUT_17699,254.66
OUT_17700,64.46
OUT_17701,76.04
OUT_17702,85.42
OUT_17703,248.01
OUT_17704,74.76
OUT_17705,60.82
OUT_17706,79.95
OUT_17707,953.62
OUT_17708,85.97
OUT_17709,259.33
OUT_17710,53.05
OUT_17711,82.4
OUT_17712,84.38
OUT_17713,76.77
OUT_17714,69.66
OUT_17715,77.08
OUT_17716,73.34
OUT_17717,937.04
OUT_17718,922.39
OUT_17719,79.91
OUT_17720,255.51
OUT_17721,251.95
OUT_17722,80.47
OUT_17723,76.35
OUT_17724,76.88
OUT_17725,73.31
OUT_17726,2082.81
OUT_17727,246.85
OUT_17728,65.79
OUT_17729,241.44
OUT_17730,85.66
OUT_17731,63.89
OUT_17732,254.52
OUT_17733,80.4
OUT_17734,88.39
OUT_17735,267.95
OUT_17736,943.71
OUT_17737,899.4
OUT_17738,938.52
OUT_17739,955.62
OUT_17740,230.99
OUT_17741,248.77
OUT_17742,260.77
OUT_17743,72.5
OUT_17744,251.43
OUT_17745,77.32
OUT_17746,64.57
OUT_17747,73.79
OUT_17748,81.55
OUT_17749,87.3
OUT_17750,75.52
OUT_17751,76.23
OUT_17752,961.59
OUT_17753,267.17
OUT_17754,2119.4
OUT_17755,254.41
OUT_17756,240.64
OUT_17757,77.23
OUT_17758,87.67
OUT_17759,79.28
OUT_17760,71.67
OUT_17761,909.24
OUT_17762,233.39
OUT_17763,265.13
OUT_17764,249.42
OUT_17765,72.83
OUT_17766,74.84
OUT_17767,72.16
OUT_17768,78.72
OUT_17769,2100.01
OUT_17770,916.43
OUT_17771,246.34
OUT_17772,89.53
OUT_17773,78.35
OUT_17774,74.69
OUT_17775,262.34
OUT_17776,873.74
OUT_17777,261.89
OUT_17778,905.26
OUT_17779,80.35
OUT_17780,236.67
OUT_17781,86.25
OUT_17782,251.15
OUT_17783,941.41
OUT_17784,80.15
OUT_17785,87.67
OUT_17786,256.62
OUT_17787,85.74
OUT_17788,84.62
OUT_17789,86.73
OUT_17790,69.83
OUT_17791,890.71
OUT_17792,245.14
OUT_17793,69.68
OUT_17794,81.63
OUT_17795,53.64
OUT_17796,72.42
OUT_17797,67.28
OUT_17798,72.61
OUT_17799,44.94
OUT_17800,945.68
OUT_17801,242.54
OUT_17802,261.35
OUT_17803,78.93
OUT_17804,76.68
OUT_17805,2099.76
OUT_17806,87.85
OUT_17807,72.9
OUT_17808,252.89
OUT_17809,245.23
OUT_17810,79.17
OUT_17811,242.76
OUT_17812,54.63
OUT_17813,74.39
OUT_17814,74.79
OUT_17815,903.54
OUT_17816,85.26
OUT_17817,55.3
OUT_17818,933.7
OUT_17819,62.64
OUT_17820,939.0
OUT_17821,78.53
OUT_17822,73.47
OUT_17823,69.74
OUT_17824,251.29
OUT_17825,59.67
OUT_17826,265.22
OUT_17827,1003.65
OUT_17828,82.41
OUT_17829,88.05
OUT_17830,928.51
OUT_17831,912.97
OUT_17832,69.99
OUT_17833,44.36
OUT_17834,269.27
OUT_17835,245.82
OUT_17836,2114.19
OUT_17837,85.8
OUT_17838,908.67
OUT_17839,917.52
OUT_17840,68.97
OUT_17841,76.9
OUT_17842,83.39
OUT_17843,2104.06
OUT_17844,257.08
OUT_17845,919.1
OUT_17846,254.91
OUT_17847,267.95
OUT_17848,85.98
OUT_17849,253.89
OUT_17850,80.65
OUT_17851,267.01
OUT_17852,251.08
OUT_17853,243.05
OUT_17854,2119.4
OUT_17855,906.08
OUT_17856,918.28
OUT_17857,85.66
OUT_17858,254.23
OUT_17859,245.32
OUT_17860,68.81
OUT_17861,67.38
OUT_17862,87.14
OUT_17863,85.77
OUT_17864,81.7
OUT_17865,76.62
OUT_17866,86.44
OUT_17867,253.69
OUT_17868,69.84
OUT_17869,254.14
OUT_17870,63.74
OUT_17871,258.67
OUT_17872,89.77
OUT_17873,86.2
OUT_17874,53.72
OUT_17875,263.77
OUT_17876,260.27
OUT_17877,66.93
OUT_17878,270.25
OUT_17879,88.67
OUT_17880,2091.06
OUT_17881,84.08
OUT_17882,252.84
OUT_17883,257.7
OUT_17884,924.49
OUT_17885,49.84
OUT_17886,266.12
OUT_17887,74.72
OUT_17888,81.18
OUT_17889,245.56
OUT_17890,76.66
OUT_17891,914.33
OUT_17892,84.2
OUT_17893,88.94
OUT_17894,53.59
OUT_17895,78.67
OUT_17896,70.18
OUT_17897,80.91
OUT_17898,80.67
OUT_17899,255.97
OUT_17900,86.08
OUT_17901,42.5
OUT_17902,914.97
OUT_17903,67.66
OUT_17904,73.67
OUT_17905,76.59
OUT_17906,915.35
OUT_17907,255.35
OUT_17908,85.11
OUT_17909,65.44
OUT_17910,2090.33
OUT_17911,63.5
OUT_17912,250.25
OUT_17913,71.55
OUT_17914,87.14
OUT_17915,62.55
OUT_17916,76.61
OUT_17917,47.91
OUT_17918,942.9
OUT_17919,54.06
OUT_17920,70.94
OUT_17921,86.42
OUT_17922,64.93
OUT_17923,2105.04
OUT_17924,86.89
OUT_17925,68.25
OUT_17926,255.28
OUT_17927,258.21
OUT_17928,73.96
OUT_17929,52.9
OUT_17930,80.57
OUT_17931,79.4
OUT_17932,87.06
OUT_17933,915.37
OUT_17934,240.16
OUT_17935,244.9
OUT_17936,924.58
OUT_17937,256.09
OUT_17938,72.0
OUT_17939,70.65
OUT_17940,73.66
OUT_17941,78.5
OUT_17942,86.21
OUT_17943,81.58
OUT_17944,932.91
OUT_17945,76.87
OUT_17946,73.28
OUT_17947,918.14
OUT_17948,92.71
OUT_17949,76.58
OUT_17950,55.54
OUT_17951,80.64
OUT_17952,82.09
OUT_17953,54.18
OUT_17954,69.79
OUT_17955,931.89
OUT_17956,254.54
OUT_17957,235.94
OUT_17958,67.25
OUT_17959,66.36
OUT_17960,71.58
OUT_17961,63.29
OUT_17962,44.89
OUT_17963,261.06
OUT_17964,251.33
OUT_17965,68.86
OUT_17966,75.64
OUT_17967,903.12
OUT_17968,65.57
OUT_17969,81.08
OUT_17970,65.01
OUT_17971,74.63
OUT_17972,246.53
OUT_17973,916.69
OUT_17974,74.95
OUT_17975,903.35
OUT_17976,73.95
OUT_17977,71.43
OUT_17978,79.49
OUT_17979,920.12
OUT_17980,79.2
OUT_17981,79.63
OUT_17982,42.93
OUT_17983,2120.9
OUT_17984,74.07
OUT_17985,75.99
OUT_17986,942.27
OUT_17987,942.34
OUT_17988,891.22
OUT_17989,2093.64
OUT_17990,87.72
OUT_17991,248.53
OUT_17992,72.38
OUT_17993,79.71
OUT_17994,254.86
OUT_17995,945.89
OUT_17996,82.33
OUT_17997,81.2
OUT_17998,74.77
OUT_17999,80.91
OUT_18000,86.43
OUT_18001,69.31
OUT_18002,88.83
OUT_18003,67.51
OUT_18004,259.94
OUT_18005,67.12
OUT_18006,892.99
OUT_18007,89.24
OUT_18008,102.42
OUT_18009,82.22
OUT_18010,91.43
OUT_18011,926.89
OUT_18012,905.36
OUT_18013,77.88
OUT_18014,80.72
OUT_18015,251.76
OUT_18016,85.97
OUT_18017,985.92
OUT_18018,891.53
OUT_18019,72.64
OUT_18020,243.5
OUT_18021,82.43
OUT_18022,2104.47
OUT_18023,2105.38
OUT_18024,69.65
OUT_18025,269.85
OUT_18026,246.47
OUT_18027,254.51
OUT_18028,246.32
OUT_18029,2090.34
OUT_18030,72.96
OUT_18031,249.14
OUT_18032,74.87
OUT_18033,234.49
OUT_18034,240.64
OUT_18035,934.75
OUT_18036,956.1
OUT_18037,48.18
OUT_18038,76.24
OUT_18039,57.2
OUT_18040,258.77
OUT_18041,86.07
OUT_18042,69.87
OUT_18043,87.87
OUT_18044,262.04
OUT_18045,237.86
OUT_18046,254.47
OUT_18047,69.25
OUT_18048,76.49
OUT_18049,89.22
OUT_18050,938.09
OUT_18051,248.27
OUT_18052,71.56
OUT_18053,253.05
OUT_18054,62.69
OUT_18055,2109.9
OUT_18056,76.89
OUT_18057,86.87
OUT_18058,255.07
OUT_18059,70.34
OUT_18060,869.95
OUT_18061,245.4
OUT_18062,241.09
OUT_18063,74.9
OUT_18064,73.05
OUT_18065,77.98
OUT_18066,61.97
OUT_18067,266.23
OUT_18068,263.84
OUT_18069,74.52
OUT_18070,85.83
OUT_18071,2104.43
OUT_18072,979.93
OUT_18073,254.56
OUT_18074,72.65
OUT_18075,261.75
OUT_18076,67.44
OUT_18077,76.85
OUT_18078,251.35
OUT_18079,87.33
OUT_18080,89.16
OUT_18081,82.84
OUT_18082,75.37
OUT_18083,84.83
OUT_18084,87.09
OUT_18085,260.15
OUT_18086,926.17
OUT_18087,265.58
OUT_18088,71.48
OUT_18089,55.84
OUT_18090,251.0
OUT_18091,243.94
OUT_18092,248.16
OUT_18093,275.69
OUT_18094,255.02
OUT_18095,250.71
OUT_18096,89.12
OUT_18097,40.01
OUT_18098,54.73
OUT_18099,918.59
OUT_18100,252.66
OUT_18101,72.8
OUT_18102,257.88
OUT_18103,89.88
OUT_18104,263.78
OUT_18105,63.56
OUT_18106,256.67
OUT_18107,77.21
OUT_18108,246.07
OUT_18109,76.94
OUT_18110,908.86
OUT_18111,76.83
OUT_18112,72.79
OUT_18113,60.63
OUT_18114,77.72
OUT_18115,86.61
OUT_18116,50.74
OUT_18117,266.41
OUT_18118,67.32
OUT_18119,62.29
OUT_18120,65.76
OUT_18121,80.83
OUT_18122,70.44
OUT_18123,257.35
OUT_18124,55.42
OUT_18125,2090.57
OUT_18126,78.34
OUT_18127,62.0
OUT_18128,2072.05
OUT_18129,80.78
OUT_18130,911.87
OUT_18131,258.62
OUT_18132,81.15
OUT_18133,72.91
OUT_18134,87.06
OUT_18135,86.89
OUT_18136,242.96
OUT_18137,72.1
OUT_18138,40.75
OUT_18139,83.96
OUT_18140,81.1
OUT_18141,916.74
OUT_18142,77.12
OUT_18143,81.72
OUT_18144,256.05
OUT_18145,253.21
OUT_18146,263.62
OUT_18147,89.44
OUT_18148,74.28
OUT_18149,928.61
OUT_18150,920.84
OUT_18151,75.91
OUT_18152,249.56
OUT_18153,227.69
OUT_18154,253.01
OUT_18155,252.09
OUT_18156,250.31
OUT_18157,959.16
OUT_18158,903.92
OUT_18159,63.41
OUT_18160,969.7
OUT_18161,58.47
OUT_18162,70.34
OUT_18163,898.87
OUT_18164,65.36
OUT_18165,55.66
OUT_18166,2095.42
OUT_18167,930.09
OUT_18168,72.07
OUT_18169,79.73
OUT_18170,922.05
OUT_18171,76.4
OUT_18172,934.96
OUT_18173,251.16
OUT_18174,256.24
OUT_18175,254.65
OUT_18176,50.48
OUT_18177,75.84
OUT_18178,81.73
OUT_18179,265.48
OUT_18180,88.49
OUT_18181,80.8
OUT_18182,87.39
OUT_18183,255.29
OUT_18184,72.48
OUT_18185,257.33
OUT_18186,254.26
OUT_18187,1000.84
OUT_18188,60.55
OUT_18189,254.41
OUT_18190,77.44
OUT_18191,940.01
OUT_18192,250.05
OUT_18193,76.53
OUT_18194,251.4
OUT_18195,254.02
OUT_18196,65.44
OUT_18197,71.64
OUT_18198,38.82
OUT_18199,86.34
OUT_18200,241.57
OUT_18201,85.42
OUT_18202,248.56
OUT_18203,939.39
OUT_18204,262.71
OUT_18205,63.42
OUT_18206,74.0
OUT_18207,926.17
OUT_18208,266.7
OUT_18209,2072.76
OUT_18210,901.95
OUT_18211,249.89
OUT_18212,60.05
OUT_18213,43.98
OUT_18214,81.02
OUT_18215,265.33
OUT_18216,208.37
OUT_18217,264.38
OUT_18218,951.65
OUT_18219,74.37
OUT_18220,875.38
OUT_18221,247.36
OUT_18222,256.11
OUT_18223,891.32
OUT_18224,250.0
OUT_18225,73.04
OUT_18226,934.4
OUT_18227,267.3
OUT_18228,77.86
OUT_18229,76.58
OUT_18230,72.54
OUT_18231,79.37
OUT_18232,74.09
OUT_18233,62.41
OUT_18234,940.05
OUT_18235,75.77
OUT_18236,88.43
OUT_18237,70.75
OUT_18238,87.25
OUT_18239,65.5
OUT_18240,903.67
OUT_18241,2105.71
OUT_18242,947.68
OUT_18243,87.09
OUT_18244,81.59
OUT_18245,245.94
OUT_18246,250.11
OUT_18247,79.8
OUT_18248,240.38
OUT_18249,234.13
OUT_18250,77.16
OUT_18251,74.98
OUT_18252,86.16
OUT_18253,78.19
OUT_18254,865.36
OUT_18255,59.9
OUT_18256,77.37
OUT_18257,909.06
OUT_18258,78.38
OUT_18259,75.36
OUT_18260,89.39
OUT_18261,81.37
OUT_18262,70.71
OUT_18263,933.55
OUT_18264,923.34
OUT_18265,254.98
OUT_18266,76.79
OUT_18267,943.2
OUT_18268,65.43
OUT_18269,50.95
OUT_18270,80.3
OUT_18271,80.86
OUT_18272,59.53
OUT_18273,87.02
OUT_18274,254.69
OUT_18275,937.26
OUT_18276,84.49
OUT_18277,78.08
OUT_18278,90.6
OUT_18279,2095.69
OUT_18280,50.1
OUT_18281,255.35
OUT_18282,87.45
OUT_18283,52.48
OUT_18284,77.3
OUT_18285,233.44
OUT_18286,914.63
OUT_18287,253.22
OUT_18288,74.82
OUT_18289,251.4
OUT_18290,932.29
OUT_18291,876.42
OUT_18292,80.59
OUT_18293,932.09
OUT_18294,73.48
OUT_18295,77.01
OUT_18296,930.34
OUT_18297,236.7
OUT_18298,75.68
OUT_18299,254.14
OUT_18300,254.34
OUT_18301,65.29
OUT_18302,77.04
OUT_18303,49.5
OUT_18304,87.32
OUT_18305,936.65
OUT_18306,260.4
OUT_18307,75.31
OUT_18308,256.0
OUT_18309,257.64
OUT_18310,238.29
OUT_18311,71.01
OUT_18312,77.68
OUT_18313,258.0
OUT_18314,903.36
OUT_18315,77.65
OUT_18316,79.89
OUT_18317,249.82
OUT_18318,67.22
OUT_18319,245.3
OUT_18320,87.43
OUT_18321,920.81
OUT_18322,243.05
OUT_18323,258.81
OUT_18324,245.05
OUT_18325,82.56
OUT_18326,64.3
OUT_18327,40.1
OUT_18328,73.83
OUT_18329,77.32
OUT_18330,895.2
OUT_18331,900.25
OUT_18332,81.31
OUT_18333,68.95
OUT_18334,893.42
OUT_18335,241.49
OUT_18336,81.5
OUT_18337,922.85
OUT_18338,2098.33
OUT_18339,250.46
OUT_18340,77.82
OUT_18341,265.52
OUT_18342,250.15
OUT_18343,265.52
OUT_18344,219.42
OUT_18345,78.88
OUT_18346,262.08
OUT_18347,63.16
OUT_18348,68.59
OUT_18349,80.22
OUT_18350,78.05
OUT_18351,70.19
OUT_18352,2101.71
OUT_18353,68.05
OUT_18354,261.88
OUT_18355,68.87
OUT_18356,64.27
OUT_18357,74.4
OUT_18358,896.07
OUT_18359,83.22
OUT_18360,86.04
OUT_18361,253.37
OUT_18362,253.88
OUT_18363,269.29
OUT_18364,82.43
OUT_18365,256.63
OUT_18366,273.21
OUT_18367,67.16
OUT_18368,925.52
OUT_18369,251.55
OUT_18370,82.97
OUT_18371,82.04
OUT_18372,88.48
OUT_18373,53.63
OUT_18374,82.9
OUT_18375,77.99
OUT_18376,88.79
OUT_18377,2082.92
OUT_18378,242.6
OUT_18379,76.56
OUT_18380,265.91
OUT_18381,79.47
OUT_18382,881.99
OUT_18383,972.22
OUT_18384,73.33
OUT_18385,75.12
OUT_18386,83.32
OUT_18387,940.75
OUT_18388,63.42
OUT_18389,74.6
OUT_18390,77.94
OUT_18391,250.55
OUT_18392,901.96
OUT_18393,78.65
OUT_18394,243.83
OUT_18395,70.61
OUT_18396,75.03
OUT_18397,81.8
OUT_18398,961.52
OUT_18399,261.49
OUT_18400,75.43
OUT_18401,76.49
OUT_18402,72.16
OUT_18403,271.53
OUT_18404,82.75
OUT_18405,254.81
OUT_18406,85.13
OUT_18407,920.56
OUT_18408,2095.59
OUT_18409,252.8
OUT_18410,256.2
OUT_18411,248.49
OUT_18412,74.08
OUT_18413,953.57
OUT_18414,265.69
OUT_18415,77.26
OUT_18416,250.0
OUT_18417,58.94
OUT_18418,77.59
OUT_18419,75.52
OUT_18420,253.22
OUT_18421,254.76
OUT_18422,257.07
OUT_18423,78.77
OUT_18424,67.74
OUT_18425,257.1
OUT_18426,72.68
OUT_18427,259.29
OUT_18428,86.68
OUT_18429,266.34
OUT_18430,75.68
OUT_18431,258.0
OUT_18432,85.81
OUT_18433,77.49
OUT_18434,81.99
OUT_18435,74.31
OUT_18436,73.0
OUT_18437,77.03
OUT_18438,72.51
OUT_18439,254.15
OUT_18440,912.62
OUT_18441,78.8
OUT_18442,76.77
OUT_18443,76.54
OUT_18444,245.84
OUT_18445,80.87
OUT_18446,263.57
OUT_18447,952.48
OUT_18448,55.61
OUT_18449,254.34
OUT_18450,74.91
OUT_18451,76.6
OUT_18452,2112.42
OUT_18453,76.89
OUT_18454,934.53
OUT_18455,85.61
OUT_18456,72.91
OUT_18457,64.49
OUT_18458,69.19
OUT_18459,262.14
OUT_18460,85.16
OUT_18461,250.96
OUT_18462,90.17
OUT_18463,77.54
OUT_18464,76.23
OUT_18465,67.06
OUT_18466,76.04
OUT_18467,87.07
OUT_18468,2082.43
OUT_18469,248.29
OUT_18470,64.99
OUT_18471,74.28
OUT_18472,48.24
OUT_18473,856.64
OUT_18474,82.51
OUT_18475,69.85
OUT_18476,224.92
OUT_18477,2086.37
OUT_18478,57.72
OUT_18479,2113.79
OUT_18480,77.0
OUT_18481,915.95
OUT_18482,258.26
OUT_18483,82.27
OUT_18484,79.68
OUT_18485,256.06
OUT_18486,883.68
OUT_18487,46.7
OUT_18488,83.84
OUT_18489,74.97
OUT_18490,81.68
OUT_18491,939.29
OUT_18492,73.09
OUT_18493,80.89
OUT_18494,73.02
OUT_18495,90.09
OUT_18496,63.12
OUT_18497,265.98
OUT_18498,85.42
OUT_18499,69.84
OUT_18500,85.27
OUT_18501,2108.03
OUT_18502,916.1
OUT_18503,76.37
OUT_18504,935.3
OUT_18505,238.61
OUT_18506,251.78
OUT_18507,901.48
OUT_18508,259.04
OUT_18509,69.4
OUT_18510,86.71
OUT_18511,2088.99
OUT_18512,86.11
OUT_18513,76.87
OUT_18514,71.59
OUT_18515,74.56
OUT_18516,109.5
OUT_18517,81.88
OUT_18518,250.91
OUT_18519,57.61
OUT_18520,72.45
OUT_18521,251.32
OUT_18522,883.52
OUT_18523,938.92
OUT_18524,265.44
OUT_18525,55.37
OUT_18526,75.01
OUT_18527,276.61
OUT_18528,74.07
OUT_18529,76.02
OUT_18530,81.77
OUT_18531,251.01
OUT_18532,915.06
OUT_18533,74.55
OUT_18534,35.02
OUT_18535,89.18
OUT_18536,100.42
OUT_18537,870.23
OUT_18538,269.31
OUT_18539,265.54
OUT_18540,83.84
OUT_18541,255.02
OUT_18542,875.19
OUT_18543,77.1
OUT_18544,87.69
OUT_18545,935.81
OUT_18546,237.89
OUT_18547,259.25
OUT_18548,250.96
OUT_18549,263.72
OUT_18550,83.02
OUT_18551,69.66
OUT_18552,85.7
OUT_18553,74.05
OUT_18554,251.84
OUT_18555,254.05
OUT_18556,937.29
OUT_18557,87.16
OUT_18558,52.47
OUT_18559,251.2
OUT_18560,49.71
OUT_18561,70.19
OUT_18562,257.73
OUT_18563,55.28
OUT_18564,85.23
OUT_18565,54.97
OUT_18566,73.34
OUT_18567,263.42
OUT_18568,53.53
OUT_18569,242.45
OUT_18570,74.23
OUT_18571,64.07
OUT_18572,866.85
OUT_18573,256.67
OUT_18574,74.19
OUT_18575,230.55
OUT_18576,261.98
OUT_18577,239.35
OUT_18578,256.58
OUT_18579,259.62
OUT_18580,80.15
OUT_18581,255.89
OUT_18582,255.4
OUT_18583,76.41
OUT_18584,232.14
OUT_18585,79.72
OUT_18586,72.29
OUT_18587,254.96
OUT_18588,50.05
OUT_18589,930.08
OUT_18590,84.94
OUT_18591,78.47
OUT_18592,86.54
OUT_18593,252.25
OUT_18594,50.38
OUT_18595,76.32
OUT_18596,82.92
OUT_18597,247.6
OUT_18598,84.59
OUT_18599,76.33
OUT_18600,69.65
OUT_18601,81.78
OUT_18602,272.55
OUT_18603,76.41
OUT_18604,925.0
OUT_18605,77.32
OUT_18606,79.92
OUT_18607,919.54
OUT_18608,253.77
OUT_18609,65.61
OUT_18610,67.51
OUT_18611,297.14
OUT_18612,80.47
OUT_18613,76.87
OUT_18614,869.11
OUT_18615,70.08
OUT_18616,72.25
OUT_18617,257.55
OUT_18618,86.36
OUT_18619,255.77
OUT_18620,76.1
OUT_18621,81.38
OUT_18622,240.03
OUT_18623,975.49
OUT_18624,73.68
OUT_18625,76.16
OUT_18626,254.51
OUT_18627,254.96
OUT_18628,244.24
OUT_18629,81.52
OUT_18630,936.5
OUT_18631,937.44
OUT_18632,260.86
OUT_18633,77.44
OUT_18634,74.94
OUT_18635,255.72
OUT_18636,264.58
OUT_18637,940.32
OUT_18638,87.05
OUT_18639,83.03
OUT_18640,83.47
OUT_18641,241.44
OUT_18642,67.01
OUT_18643,86.51
OUT_18644,58.93
OUT_18645,71.08
OUT_18646,249.93
OUT_18647,264.25
OUT_18648,944.74
OUT_18649,247.41
OUT_18650,87.91
OUT_18651,73.94
OUT_18652,256.81
OUT_18653,82.59
OUT_18654,92.13
OUT_18655,70.62
OUT_18656,74.08
OUT_18657,81.71
OUT_18658,246.88
OUT_18659,931.33
OUT_18660,927.28
OUT_18661,75.8
OUT_18662,241.34
OUT_18663,252.66
OUT_18664,53.18
OUT_18665,62.96
OUT_18666,73.64
OUT_18667,867.23
OUT_18668,240.4
OUT_18669,244.28
OUT_18670,241.93
OUT_18671,2111.96
OUT_18672,70.18
OUT_18673,79.72
OUT_18674,914.53
OUT_18675,899.72
OUT_18676,246.81
OUT_18677,76.23
OUT_18678,246.47
OUT_18679,254.16
OUT_18680,253.27
OUT_18681,86.69
OUT_18682,2072.01
OUT_18683,74.34
OUT_18684,920.64
OUT_18685,85.79
OUT_18686,47.43
OUT_18687,67.38
OUT_18688,253.39
OUT_18689,929.4
OUT_18690,78.05
OUT_18691,73.64
OUT_18692,70.71
OUT_18693,246.25
OUT_18694,71.06
OUT_18695,70.68
OUT_18696,243.63
OUT_18697,65.07
OUT_18698,74.82
OUT_18699,77.65
OUT_18700,260.17
OUT_18701,920.12
OUT_18702,250.03
OUT_18703,254.76
OUT_18704,76.82
OUT_18705,75.61
OUT_18706,78.42
OUT_18707,940.5
OUT_18708,79.41
OUT_18709,73.37
OUT_18710,80.59
OUT_18711,67.03
OUT_18712,256.84
OUT_18713,74.7
OUT_18714,915.7
OUT_18715,914.71
OUT_18716,86.07
OUT_18717,84.45
OUT_18718,80.94
OUT_18719,251.77
OUT_18720,81.51
OUT_18721,75.45
OUT_18722,75.67
OUT_18723,88.79
OUT_18724,67.05
OUT_18725,80.04
OUT_18726,56.81
OUT_18727,248.83
OUT_18728,233.15
OUT_18729,271.84
OUT_18730,65.24
OUT_18731,85.82
OUT_18732,923.44
OUT_18733,70.0
OUT_18734,82.3
OUT_18735,259.39
OUT_18736,267.83
OUT_18737,2070.77
OUT_18738,2072.39
OUT_18739,254.53
OUT_18740,907.67
OUT_18741,259.48
OUT_18742,75.92
OUT_18743,75.77
OUT_18744,86.55
OUT_18745,865.59
OUT_18746,78.33
OUT_18747,89.65
OUT_18748,252.86
OUT_18749,41.81
OUT_18750,75.23
OUT_18751,898.98
OUT_18752,75.53
OUT_18753,82.17
OUT_18754,944.92
OUT_18755,253.79
OUT_18756,74.93
OUT_18757,73.39
OUT_18758,75.21
OUT_18759,74.29
OUT_18760,74.67
OUT_18761,942.54
OUT_18762,260.92
OUT_18763,77.35
OUT_18764,64.75
OUT_18765,73.81
OUT_18766,260.96
OUT_18767,904.34
OUT_18768,942.68
OUT_18769,73.86
OUT_18770,82.13
OUT_18771,89.09
OUT_18772,920.79
OUT_18773,61.44
OUT_18774,254.48
OUT_18775,255.95
OUT_18776,85.66
OUT_18777,273.76
OUT_18778,86.93
OUT_18779,241.02
OUT_18780,63.53
OUT_18781,254.53
OUT_18782,241.11
OUT_18783,80.35
OUT_18784,82.04
OUT_18785,80.63
OUT_18786,73.95
OUT_18787,53.86
OUT_18788,2092.76
OUT_18789,257.76
OUT_18790,248.16
OUT_18791,922.58
OUT_18792,65.05
OUT_18793,2102.1
OUT_18794,79.69
OUT_18795,255.84
OUT_18796,2097.55
OUT_18797,74.4
OUT_18798,63.57
OUT_18799,247.26
OUT_18800,252.74
OUT_18801,247.72
OUT_18802,2117.57
OUT_18803,50.0
OUT_18804,75.0
OUT_18805,2065.04
OUT_18806,74.83
OUT_18807,86.73
OUT_18808,79.72
OUT_18809,82.11
OUT_18810,75.14
OUT_18811,82.19
OUT_18812,60.67
OUT_18813,85.6
OUT_18814,238.12
OUT_18815,864.09
OUT_18816,74.3
OUT_18817,60.46
OUT_18818,80.54
OUT_18819,947.64
OUT_18820,74.92
OUT_18821,240.27
OUT_18822,83.41
OUT_18823,271.06
OUT_18824,100.75
OUT_18825,913.0
OUT_18826,254.7
OUT_18827,2083.29
OUT_18828,72.94
OUT_18829,227.46
OUT_18830,72.12
OUT_18831,169.71
OUT_18832,268.65
OUT_18833,253.99
OUT_18834,79.37
OUT_18835,953.58
OUT_18836,74.33
OUT_18837,86.5
OUT_18838,968.72
OUT_18839,81.07
OUT_18840,253.63
OUT_18841,69.6
OUT_18842,68.2
OUT_18843,240.32
OUT_18844,2087.39
OUT_18845,69.18
OUT_18846,77.0
OUT_18847,39.5
OUT_18848,254.86
OUT_18849,80.65
OUT_18850,2100.85
OUT_18851,55.81
OUT_18852,938.64
OUT_18853,254.22
OUT_18854,73.07
OUT_18855,914.88
OUT_18856,85.38
OUT_18857,72.14
OUT_18858,919.57
OUT_18859,83.98
OUT_18860,253.82
OUT_18861,84.78
OUT_18862,260.88
OUT_18863,929.46
OUT_18864,230.05
OUT_18865,87.48
OUT_18866,838.09
OUT_18867,254.08
OUT_18868,54.08
OUT_18869,82.32
OUT_18870,252.88
OUT_18871,80.38
OUT_18872,240.89
OUT_18873,260.19
OUT_18874,936.09
OUT_18875,80.55
OUT_18876,253.03
OUT_18877,2110.2
OUT_18878,77.13
OUT_18879,61.22
OUT_18880,82.12
OUT_18881,39.77
OUT_18882,256.54
OUT_18883,243.81
OUT_18884,271.68
OUT_18885,915.41
OUT_18886,64.71
OUT_18887,63.17
OUT_18888,254.37
OUT_18889,79.03
OUT_18890,262.44
OUT_18891,64.19
OUT_18892,262.55
OUT_18893,75.58
OUT_18894,255.3
OUT_18895,76.31
OUT_18896,943.61
OUT_18897,254.6
OUT_18898,88.71
OUT_18899,53.02
OUT_18900,233.06
OUT_18901,65.06
OUT_18902,259.8
OUT_18903,874.76
OUT_18904,269.4
OUT_18905,263.32
OUT_18906,67.38
OUT_18907,53.53
OUT_18908,80.15
OUT_18909,942.53
OUT_18910,254.11
OUT_18911,945.82
OUT_18912,904.72
OUT_18913,926.05
OUT_18914,257.57
OUT_18915,255.02
OUT_18916,60.86
OUT_18917,51.9
OUT_18918,77.38
OUT_18919,887.51
OUT_18920,58.74
OUT_18921,260.63
OUT_18922,245.11
OUT_18923,53.12
OUT_18924,255.38
OUT_18925,256.29
OUT_18926,73.54
OUT_18927,83.98
OUT_18928,77.89
OUT_18929,244.75
OUT_18930,923.62
OUT_18931,75.34
OUT_18932,71.04
OUT_18933,246.99
OUT_18934,2104.42
OUT_18935,65.13
OUT_18936,72.41
OUT_18937,68.38
OUT_18938,247.42
OUT_18939,963.3
OUT_18940,70.74
OUT_18941,938.1
OUT_18942,234.33
OUT_18943,83.54
OUT_18944,234.01
OUT_18945,257.41
OUT_18946,75.83
OUT_18947,54.31
OUT_18948,257.31
OUT_18949,76.49
OUT_18950,902.74
OUT_18951,257.37
OUT_18952,250.82
OUT_18953,74.55
OUT_18954,85.43
OUT_18955,51.86
OUT_18956,927.02
OUT_18957,85.87
OUT_18958,935.2
OUT_18959,70.57
OUT_18960,63.54
OUT_18961,55.6
OUT_18962,257.57
OUT_18963,72.92
OUT_18964,52.44
OUT_18965,243.28
OUT_18966,238.94
OUT_18967,78.36
OUT_18968,263.36
OUT_18969,73.21
OUT_18970,255.02
OUT_18971,76.73
OUT_18972,249.1
OUT_18973,252.78
OUT_18974,63.55
OUT_18975,252.5
OUT_18976,53.95
OUT_18977,88.01
OUT_18978,73.23
OUT_18979,258.52
OUT_18980,50.93
OUT_18981,88.94
OUT_18982,946.8
OUT_18983,924.63
OUT_18984,76.15
OUT_18985,2097.9
OUT_18986,933.38
OUT_18987,78.04
OUT_18988,254.42
OUT_18989,85.06
OUT_18990,72.46
OUT_18991,87.58
OUT_18992,934.51
OUT_18993,78.0
OUT_18994,251.36
OUT_18995,1635.92
OUT_18996,240.41
OUT_18997,82.15
OUT_18998,934.97
OUT_18999,85.57
OUT_19000,86.15
OUT_19001,41.93
OUT_19002,256.67
OUT_19003,75.71
OUT_19004,930.21
OUT_19005,76.64
OUT_19006,252.58
OUT_19007,82.14
OUT_19008,71.58
OUT_19009,80.8
OUT_19010,66.72
OUT_19011,80.32
OUT_19012,2087.87
OUT_19013,256.79
OUT_19014,69.84
OUT_19015,73.07
OUT_19016,47.14
OUT_19017,77.26
OUT_19018,947.25
OUT_19019,75.81
OUT_19020,62.58
OUT_19021,60.07
OUT_19022,74.01
OUT_19023,262.21
OUT_19024,2100.58
OUT_19025,980.73
OUT_19026,265.31
OUT_19027,254.68
OUT_19028,913.95
OUT_19029,250.32
OUT_19030,2083.11
OUT_19031,75.7
OUT_19032,79.81
OUT_19033,235.91
OUT_19034,255.8
OUT_19035,57.35
OUT_19036,86.42
OUT_19037,75.5
OUT_19038,938.48
OUT_19039,2111.83
OUT_19040,2111.44
OUT_19041,255.57
OUT_19042,241.55
OUT_19043,901.4
OUT_19044,234.12
OUT_19045,926.68
OUT_19046,250.81
OUT_19047,81.57
OUT_19048,67.05
OUT_19049,914.15
OUT_19050,245.44
OUT_19051,855.69
OUT_19052,261.72
OUT_19053,86.15
OUT_19054,256.45
OUT_19055,73.59
OUT_19056,63.08
OUT_19057,77.51
OUT_19058,250.8
OUT_19059,85.21
OUT_19060,249.27
OUT_19061,269.01
OUT_19062,250.89
OUT_19063,263.56
OUT_19064,244.19
OUT_19065,76.8
OUT_19066,85.74
OUT_19067,67.77
OUT_19068,2103.92
OUT_19069,254.14
OUT_19070,81.1
OUT_19071,71.04
OUT_19072,240.74
OUT_19073,247.02
OUT_19074,74.35
OUT_19075,945.44
OUT_19076,254.33
OUT_19077,78.32
OUT_19078,71.16
OUT_19079,85.23
OUT_19080,68.23
OUT_19081,88.38
OUT_19082,77.99
OUT_19083,88.33
OUT_19084,55.45
OUT_19085,250.72
OUT_19086,63.4
OUT_19087,73.05
OUT_19088,79.98
OUT_19089,246.68
OUT_19090,239.4
OUT_19091,2124.45
OUT_19092,849.34
OUT_19093,81.02
OUT_19094,935.5
OUT_19095,84.56
OUT_19096,75.61
OUT_19097,88.83
OUT_19098,79.89
OUT_19099,74.44
OUT_19100,247.27
OUT_19101,81.35
OUT_19102,67.36
OUT_19103,250.59
OUT_19104,257.08
OUT_19105,243.51
OUT_19106,67.31
OUT_19107,75.41
OUT_19108,69.12
OUT_19109,53.56
OUT_19110,256.81
OUT_19111,68.4
OUT_19112,76.23
OUT_19113,88.53
OUT_19114,256.14
OUT_19115,907.64
OUT_19116,252.5
OUT_19117,64.33
OUT_19118,72.71
OUT_19119,233.14
OUT_19120,240.94
OUT_19121,2109.09
OUT_19122,251.3
OUT_19123,56.04
OUT_19124,70.97
OUT_19125,894.63
OUT_19126,2080.54
OUT_19127,86.78
OUT_19128,68.5
OUT_19129,247.42
OUT_19130,245.56
OUT_19131,260.21
OUT_19132,253.75
OUT_19133,890.3
OUT_19134,254.75
OUT_19135,257.59
OUT_19136,69.68
OUT_19137,268.32
OUT_19138,77.58
OUT_19139,254.82
OUT_19140,72.43
OUT_19141,88.45
OUT_19142,917.42
OUT_19143,85.62
OUT_19144,90.2
OUT_19145,65.08
OUT_19146,257.25
OUT_19147,82.96
OUT_19148,75.91
OUT_19149,60.85
OUT_19150,84.84
OUT_19151,2103.02
OUT_19152,255.55
OUT_19153,229.62
OUT_19154,905.26
OUT_19155,80.85
OUT_19156,89.07
OUT_19157,60.57
OUT_19158,87.16
OUT_19159,934.31
OUT_19160,258.37
OUT_19161,244.49
OUT_19162,63.96
OUT_19163,241.87
OUT_19164,248.51
OUT_19165,89.2
OUT_19166,75.02
OUT_19167,247.53
OUT_19168,53.72
OUT_19169,265.51
OUT_19170,77.84
OUT_19171,63.49
OUT_19172,73.7
OUT_19173,80.0
OUT_19174,85.81
OUT_19175,75.98
OUT_19176,255.81
OUT_19177,937.99
OUT_19178,65.48
OUT_19179,67.9
OUT_19180,74.96
OUT_19181,64.99
OUT_19182,251.57
OUT_19183,64.28
OUT_19184,80.11
OUT_19185,246.67
OUT_19186,965.44
OUT_19187,2086.81
OUT_19188,75.42
OUT_19189,80.6
OUT_19190,240.94
OUT_19191,71.0
OUT_19192,65.56
OUT_19193,72.71
OUT_19194,254.61
OUT_19195,242.71
OUT_19196,256.0
OUT_19197,79.83
OUT_19198,63.66
OUT_19199,70.19
OUT_19200,69.48
OUT_19201,2083.79
OUT_19202,79.12
OUT_19203,64.0
OUT_19204,917.22
OUT_19205,76.05
OUT_19206,249.58
OUT_19207,239.98
OUT_19208,240.59
OUT_19209,253.07
OUT_19210,242.21
OUT_19211,910.07
OUT_19212,77.63
OUT_19213,61.03
OUT_19214,921.46
OUT_19215,73.29
OUT_19216,260.11
OUT_19217,255.85
OUT_19218,73.94
OUT_19219,60.97
OUT_19220,80.6
OUT_19221,61.08
OUT_19222,81.81
OUT_19223,67.59
OUT_19224,43.58
OUT_19225,257.97
OUT_19226,77.15
OUT_19227,243.34
OUT_19228,74.34
OUT_19229,252.84
OUT_19230,927.71
OUT_19231,67.51
OUT_19232,251.81
OUT_19233,245.03
OUT_19234,75.06
OUT_19235,940.25
OUT_19236,253.97
OUT_19237,77.05
OUT_19238,72.85
OUT_19239,79.15
OUT_19240,256.31
OUT_19241,76.18
OUT_19242,79.24
OUT_19243,242.45
OUT_19244,260.31
OUT_19245,85.92
OUT_19246,254.93
OUT_19247,79.67
OUT_19248,268.91
OUT_19249,255.02
OUT_19250,74.89
OUT_19251,77.6
OUT_19252,869.73
OUT_19253,232.71
OUT_19254,80.47
OUT_19255,244.95
OUT_19256,73.02
OUT_19257,258.54
OUT_19258,2084.05
OUT_19259,61.56
OUT_19260,72.93
OUT_19261,249.96
OUT_19262,77.72
OUT_19263,265.98
OUT_19264,56.8
OUT_19265,255.83
OUT_19266,255.2
OUT_19267,63.04
OUT_19268,233.34
OUT_19269,81.18
OUT_19270,77.53
OUT_19271,265.55
OUT_19272,77.34
OUT_19273,956.68
OUT_19274,86.32
OUT_19275,2112.73
OUT_19276,68.52
OUT_19277,85.11
OUT_19278,930.74
OUT_19279,72.83
OUT_19280,73.73
OUT_19281,82.6
OUT_19282,904.32
OUT_19283,242.1
OUT_19284,925.6
OUT_19285,250.13
OUT_19286,73.96
OUT_19287,77.79
OUT_19288,61.54
OUT_19289,230.88
OUT_19290,85.95
OUT_19291,947.44
OUT_19292,55.25
OUT_19293,66.98
OUT_19294,253.47
OUT_19295,263.76
OUT_19296,257.7
OUT_19297,73.05
OUT_19298,933.75
OUT_19299,76.62
OUT_19300,931.46
OUT_19301,82.93
OUT_19302,85.98
OUT_19303,2097.59
OUT_19304,83.32
OUT_19305,76.28
OUT_19306,78.54
OUT_19307,2102.25
OUT_19308,869.93
OUT_19309,49.24
OUT_19310,2096.67
OUT_19311,2092.92
OUT_19312,2094.25
OUT_19313,65.26
OUT_19314,86.47
OUT_19315,86.31
OUT_19316,256.27
OUT_19317,74.41
OUT_19318,925.1
OUT_19319,251.84
OUT_19320,938.72
OUT_19321,65.08
OUT_19322,80.41
OUT_19323,911.92
OUT_19324,247.41
OUT_19325,924.52
OUT_19326,86.23
OUT_19327,76.59
OUT_19328,82.71
OUT_19329,74.31
OUT_19330,70.88
OUT_19331,242.42
OUT_19332,907.77
OUT_19333,920.17
OUT_19334,75.8
OUT_19335,76.85
OUT_19336,75.07
OUT_19337,62.56
OUT_19338,70.5
OUT_19339,867.29
OUT_19340,64.35
OUT_19341,920.6
OUT_19342,942.28
OUT_19343,54.34
OUT_19344,950.75
OUT_19345,256.71
OUT_19346,55.05
OUT_19347,64.81
OUT_19348,2124.77
OUT_19349,255.88
OUT_19350,877.61
OUT_19351,63.23
OUT_19352,62.29
OUT_19353,250.08
OUT_19354,72.17
OUT_19355,887.31
OUT_19356,925.25
OUT_19357,900.46
OUT_19358,262.46
OUT_19359,80.43
OUT_19360,909.82
OUT_19361,73.96
OUT_19362,250.38
OUT_19363,258.04
OUT_19364,85.42
OUT_19365,2099.12
OUT_19366,2045.6
OUT_19367,255.01
OUT_19368,947.69
OUT_19369,77.07
OUT_19370,79.96
OUT_19371,78.08
OUT_19372,258.53
OUT_19373,74.65
OUT_19374,78.46
OUT_19375,50.45
OUT_19376,67.41
OUT_19377,86.53
OUT_19378,61.99
OUT_19379,84.04
OUT_19380,65.56
OUT_19381,253.35
OUT_19382,922.59
OUT_19383,244.72
OUT_19384,87.84
OUT_19385,73.89
OUT_19386,65.9
OUT_19387,73.19
OUT_19388,256.45
OUT_19389,80.97
OUT_19390,60.47
OUT_19391,77.48
OUT_19392,74.98
OUT_19393,275.5
OUT_19394,259.12
OUT_19395,87.33
OUT_19396,77.6
OUT_19397,943.99
OUT_19398,94.45
OUT_19399,91.16
OUT_19400,76.71
OUT_19401,904.07
OUT_19402,62.27
OUT_19403,256.29
OUT_19404,62.7
OUT_19405,877.67
OUT_19406,89.21
OUT_19407,978.15
OUT_19408,47.82
OUT_19409,254.95
OUT_19410,80.15
OUT_19411,56.26
OUT_19412,53.68
OUT_19413,78.04
OUT_19414,74.47
OUT_19415,247.83
OUT_19416,925.53
OUT_19417,909.16
OUT_19418,255.62
OUT_19419,66.99
OUT_19420,262.12
OUT_19421,48.95
OUT_19422,76.92
OUT_19423,255.59
OUT_19424,81.81
OUT_19425,241.5
OUT_19426,86.9
OUT_19427,75.42
OUT_19428,63.06
OUT_19429,48.13
OUT_19430,58.6
OUT_19431,252.48
OUT_19432,73.82
OUT_19433,71.19
OUT_19434,2089.88
OUT_19435,66.85
OUT_19436,240.87
OUT_19437,255.57
OUT_19438,85.25
OUT_19439,72.23
OUT_19440,246.34
OUT_19441,67.23
OUT_19442,56.56
OUT_19443,248.86
OUT_19444,82.95
OUT_19445,248.49
OUT_19446,73.93
OUT_19447,81.7
OUT_19448,62.34
OUT_19449,941.14
OUT_19450,64.19
OUT_19451,257.3
OUT_19452,248.61
OUT_19453,59.94
OUT_19454,81.65
OUT_19455,67.58
OUT_19456,70.78
OUT_19457,72.21
OUT_19458,233.45
OUT_19459,250.13
OUT_19460,238.87
OUT_19461,48.41
OUT_19462,943.59
OUT_19463,927.3
OUT_19464,53.45
OUT_19465,87.15
OUT_19466,75.61
OUT_19467,255.68
OUT_19468,78.91
OUT_19469,64.23
OUT_19470,68.97
OUT_19471,254.79
OUT_19472,258.24
OUT_19473,939.28
OUT_19474,81.34
OUT_19475,44.92
OUT_19476,258.97
OUT_19477,70.02
OUT_19478,258.45
OUT_19479,84.57
OUT_19480,66.03
OUT_19481,251.35
OUT_19482,257.11
OUT_19483,63.66
OUT_19484,76.11
OUT_19485,67.46
OUT_19486,75.56
OUT_19487,263.04
OUT_19488,76.96
OUT_19489,83.84
OUT_19490,82.32
OUT_19491,75.88
OUT_19492,239.4
OUT_19493,918.48
OUT_19494,63.29
OUT_19495,908.58
OUT_19496,35.92
OUT_19497,87.73
OUT_19498,51.95
OUT_19499,46.41
OUT_19500,86.05
OUT_19501,78.6
OUT_19502,936.67
OUT_19503,69.51
OUT_19504,74.72
OUT_19505,70.65
OUT_19506,236.72
OUT_19507,57.95
OUT_19508,74.29
OUT_19509,239.09
OUT_19510,86.81
OUT_19511,264.73
OUT_19512,207.32
OUT_19513,261.19
OUT_19514,932.84
OUT_19515,67.13
OUT_19516,85.5
OUT_19517,65.51
OUT_19518,87.33
OUT_19519,916.59
OUT_19520,62.91
OUT_19521,930.93
OUT_19522,73.93
OUT_19523,52.53
OUT_19524,88.01
OUT_19525,58.12
OUT_19526,75.07
OUT_19527,74.13
OUT_19528,85.5
OUT_19529,76.57
OUT_19530,75.55
OUT_19531,240.42
OUT_19532,67.42
OUT_19533,87.4
OUT_19534,67.11
OUT_19535,900.31
OUT_19536,65.14
OUT_19537,846.67
OUT_19538,234.38
OUT_19539,275.33
OUT_19540,263.09
OUT_19541,241.52
OUT_19542,77.77
OUT_19543,88.29
OUT_19544,854.32
OUT_19545,84.47
OUT_19546,274.93
OUT_19547,249.57
OUT_19548,2115.87
OUT_19549,252.72
OUT_19550,257.92
OUT_19551,264.62
OUT_19552,938.92
OUT_19553,77.97
OUT_19554,965.2
OUT_19555,85.59
OUT_19556,947.68
OUT_19557,85.95
OUT_19558,88.15
OUT_19559,67.16
OUT_19560,933.34
OUT_19561,253.31
OUT_19562,251.05
OUT_19563,75.09
OUT_19564,65.02
OUT_19565,248.06
OUT_19566,81.85
OUT_19567,70.38
OUT_19568,248.12
OUT_19569,76.17
OUT_19570,924.15
OUT_19571,256.21
OUT_19572,242.19
OUT_19573,69.55
OUT_19574,2108.76
OUT_19575,81.08
OUT_19576,256.96
OUT_19577,227.44
OUT_19578,74.05
OUT_19579,73.61
OUT_19580,69.53
OUT_19581,82.04
OUT_19582,87.34
OUT_19583,249.83
OUT_19584,259.52
OUT_19585,257.63
OUT_19586,77.23
OUT_19587,925.24
OUT_19588,2100.64
OUT_19589,247.14
OUT_19590,240.8
OUT_19591,60.16
OUT_19592,243.62
OUT_19593,180.84
OUT_19594,252.66
OUT_19595,2105.72
OUT_19596,47.84
OUT_19597,266.03
OUT_19598,66.59
OUT_19599,913.48
OUT_19600,255.15
OUT_19601,72.5
OUT_19602,919.43
OUT_19603,63.72
OUT_19604,70.42
OUT_19605,905.95
OUT_19606,41.27
OUT_19607,74.66
OUT_19608,78.62
OUT_19609,86.84
OUT_19610,73.78
OUT_19611,247.19
OUT_19612,67.56
OUT_19613,933.32
OUT_19614,943.88
OUT_19615,891.87
OUT_19616,70.03
OUT_19617,242.86
OUT_19618,59.39
OUT_19619,67.54
OUT_19620,90.13
OUT_19621,44.49
OUT_19622,72.4
OUT_19623,255.11
OUT_19624,66.49
OUT_19625,878.16
OUT_19626,73.45
OUT_19627,244.7
OUT_19628,957.47
OUT_19629,254.77
OUT_19630,59.27
OUT_19631,74.87
OUT_19632,260.03
OUT_19633,240.46
OUT_19634,2071.33
OUT_19635,71.55
OUT_19636,911.24
OUT_19637,2134.71
OUT_19638,74.0
OUT_19639,65.0
OUT_19640,58.76
OUT_19641,908.16
OUT_19642,236.47
OUT_19643,260.38
OUT_19644,900.4
OUT_19645,73.02
OUT_19646,2082.17
OUT_19647,55.59
OUT_19648,2092.93
OUT_19649,64.7
OUT_19650,82.73
OUT_19651,77.17
OUT_19652,927.86
OUT_19653,263.77
OUT_19654,253.28
OUT_19655,53.6
OUT_19656,253.66
OUT_19657,245.66
OUT_19658,54.54
OUT_19659,81.66
OUT_19660,925.76
OUT_19661,929.8
OUT_19662,67.02
OUT_19663,86.24
OUT_19664,81.81
OUT_19665,244.83
OUT_19666,914.51
OUT_19667,76.89
OUT_19668,252.9
OUT_19669,255.06
OUT_19670,245.6
OUT_19671,240.32
OUT_19672,974.54
OUT_19673,67.88
OUT_19674,256.98
OUT_19675,253.98
OUT_19676,255.77
OUT_19677,249.59
OUT_19678,256.14
OUT_19679,76.98
OUT_19680,254.29
OUT_19681,255.97
OUT_19682,50.65
OUT_19683,66.77
OUT_19684,262.71
OUT_19685,76.12
OUT_19686,76.7
OUT_19687,253.77
OUT_19688,64.38
OUT_19689,85.48
OUT_19690,67.92
OUT_19691,904.11
OUT_19692,80.46
OUT_19693,76.0
OUT_19694,46.57
OUT_19695,244.98
OUT_19696,930.13
OUT_19697,247.72
OUT_19698,80.21
OUT_19699,77.19
OUT_19700,119.64
OUT_19701,71.67
OUT_19702,60.03
OUT_19703,923.14
OUT_19704,262.96
OUT_19705,89.06
OUT_19706,78.91
OUT_19707,82.15
OUT_19708,234.1
OUT_19709,919.61
OUT_19710,90.17
OUT_19711,78.53
OUT_19712,67.03
OUT_19713,76.45
OUT_19714,79.02
OUT_19715,241.13
OUT_19716,259.45
OUT_19717,82.52
OUT_19718,68.32
OUT_19719,85.48
OUT_19720,73.07
OUT_19721,75.67
OUT_19722,75.08
OUT_19723,73.88
OUT_19724,73.27
OUT_19725,257.49
OUT_19726,71.32
OUT_19727,77.1
OUT_19728,919.67
OUT_19729,944.54
OUT_19730,924.29
OUT_19731,73.86
OUT_19732,76.74
OUT_19733,73.4
OUT_19734,251.64
OUT_19735,76.83
OUT_19736,76.97
OUT_19737,62.61
OUT_19738,254.07
OUT_19739,82.42
OUT_19740,64.32
OUT_19741,61.19
OUT_19742,256.15
OUT_19743,925.92
OUT_19744,911.32
OUT_19745,250.8
OUT_19746,73.9
OUT_19747,86.77
OUT_19748,61.62
OUT_19749,64.68
OUT_19750,244.6
OUT_19751,78.5
OUT_19752,81.39
OUT_19753,266.36
OUT_19754,65.17
OUT_19755,892.72
OUT_19756,255.3
OUT_19757,937.42
OUT_19758,259.89
OUT_19759,85.7
OUT_19760,76.33
OUT_19761,241.42
OUT_19762,82.49
OUT_19763,44.27
OUT_19764,46.83
OUT_19765,77.89
OUT_19766,75.5
OUT_19767,86.76
OUT_19768,83.38
OUT_19769,2104.04
OUT_19770,90.9
OUT_19771,76.62
OUT_19772,935.14
OUT_19773,61.47
OUT_19774,937.35
OUT_19775,71.46
OUT_19776,204.16
OUT_19777,248.28
OUT_19778,76.84
OUT_19779,75.31
OUT_19780,249.51
OUT_19781,81.56
OUT_19782,41.07
OUT_19783,76.74
OUT_19784,66.43
OUT_19785,254.07
OUT_19786,251.17
OUT_19787,255.81
OUT_19788,930.75
OUT_19789,69.78
OUT_19790,73.03
OUT_19791,88.91
OUT_19792,89.15
OUT_19793,74.25
OUT_19794,238.62
OUT_19795,85.72
OUT_19796,80.69
OUT_19797,71.58
OUT_19798,87.45
OUT_19799,88.72
OUT_19800,254.23
OUT_19801,243.25
OUT_19802,2087.94
OUT_19803,926.74
OUT_19804,242.72
OUT_19805,927.41
OUT_19806,889.34
OUT_19807,72.05
OUT_19808,915.24
OUT_19809,255.78
OUT_19810,258.32
OUT_19811,87.67
OUT_19812,82.21
OUT_19813,74.63
OUT_19814,75.9
OUT_19815,78.97
OUT_19816,69.08
OUT_19817,918.18
OUT_19818,62.95
OUT_19819,70.4
OUT_19820,73.94
OUT_19821,249.92
OUT_19822,73.06
OUT_19823,238.77
OUT_19824,79.38
OUT_19825,51.53
OUT_19826,253.51
OUT_19827,2106.84
OUT_19828,896.97
OUT_19829,67.23
OUT_19830,251.71
OUT_19831,244.75
OUT_19832,79.14
OUT_19833,230.77
OUT_19834,244.6
OUT_19835,75.07
OUT_19836,77.25
OUT_19837,943.77
OUT_19838,81.62
OUT_19839,87.27
OUT_19840,78.32
OUT_19841,86.52
OUT_19842,252.57
OUT_19843,245.3
OUT_19844,78.82
OUT_19845,74.5
OUT_19846,77.05
OUT_19847,84.22
OUT_19848,57.04
OUT_19849,84.42
OUT_19850,2125.46
OUT_19851,81.44
OUT_19852,2077.51
OUT_19853,248.53
OUT_19854,88.67
OUT_19855,61.77
OUT_19856,923.42
OUT_19857,69.71
OUT_19858,65.06
OUT_19859,942.4
OUT_19860,67.33
OUT_19861,72.58
OUT_19862,74.77
OUT_19863,254.91
OUT_19864,87.15
OUT_19865,2083.19
OUT_19866,66.63
OUT_19867,258.7
OUT_19868,68.81
OUT_19869,76.11
OUT_19870,78.71
OUT_19871,258.95
OUT_19872,71.97
OUT_19873,80.2
OUT_19874,254.72
OUT_19875,246.83
OUT_19876,256.03
OUT_19877,255.04
OUT_19878,254.87
OUT_19879,73.79
OUT_19880,83.07
OUT_19881,67.64
OUT_19882,72.54
OUT_19883,53.5
OUT_19884,77.71
OUT_19885,259.49
OUT_19886,73.25
OUT_19887,261.65
OUT_19888,78.57
OUT_19889,81.79
OUT_19890,81.74
OUT_19891,42.99
OUT_19892,255.27
OUT_19893,238.51
OUT_19894,946.26
OUT_19895,77.25
OUT_19896,936.63
OUT_19897,52.86
OUT_19898,882.43
OUT_19899,254.31
OUT_19900,64.24
OUT_19901,76.3
OUT_19902,79.78
OUT_19903,74.09
OUT_19904,81.11
OUT_19905,67.55
OUT_19906,74.78
OUT_19907,232.44
OUT_19908,68.31
OUT_19909,73.15
OUT_19910,48.95
OUT_19911,53.52
OUT_19912,932.71
OUT_19913,81.13
OUT_19914,72.62
OUT_19915,76.35
OUT_19916,67.41
OUT_19917,61.02
OUT_19918,68.65
OUT_19919,69.68
OUT_19920,81.99
OUT_19921,252.22
OUT_19922,70.22
OUT_19923,254.78
OUT_19924,78.09
OUT_19925,245.18
OUT_19926,72.87
OUT_19927,75.28
OUT_19928,260.79
OUT_19929,249.58
OUT_19930,77.5
OUT_19931,272.88
OUT_19932,85.81
OUT_19933,72.51
OUT_19934,884.88
OUT_19935,958.29
OUT_19936,74.0
OUT_19937,257.36
OUT_19938,64.72
OUT_19939,81.09
OUT_19940,937.08
OUT_19941,915.42
OUT_19942,77.41
OUT_19943,941.6
OUT_19944,87.39
OUT_19945,74.72
OUT_19946,80.02
OUT_19947,917.32
OUT_19948,83.06
OUT_19949,77.06
OUT_19950,72.96
OUT_19951,911.54
OUT_19952,69.6
OUT_19953,233.37
OUT_19954,867.38
OUT_19955,84.03
OUT_19956,76.5
OUT_19957,881.02
OUT_19958,78.09
OUT_19959,910.14
OUT_19960,920.31
OUT_19961,65.78
OUT_19962,264.82
OUT_19963,79.69
OUT_19964,249.48
OUT_19965,265.96
OUT_19966,72.54
OUT_19967,70.17
OUT_19968,75.82
OUT_19969,73.87
OUT_19970,254.4
OUT_19971,266.91
OUT_19972,74.5
OUT_19973,75.84
OUT_19974,75.0
OUT_19975,259.99
OUT_19976,72.42
OUT_19977,2112.26
OUT_19978,940.2
OUT_19979,248.13
OUT_19980,72.98
OUT_19981,77.07
OUT_19982,75.24
OUT_19983,81.51
OUT_19984,254.86
OUT_19985,903.44
OUT_19986,249.29
OUT_19987,77.1
OUT_19988,74.04
OUT_19989,76.99
OUT_19990,77.14
OUT_19991,955.63
OUT_19992,255.55
OUT_19993,245.97
OUT_19994,253.53
OUT_19995,247.74
OUT_19996,251.77
OUT_19997,87.15
OUT_19998,253.34
OUT_19999,71.36
OUT_20000,69.43
