Outlet_ID,model_prediction
OUT_00001,779.44
OUT_00002,767.03
OUT_00003,681.54
OUT_00004,597.91
OUT_00005,765.67
OUT_00006,723.48
OUT_00007,771.48
OUT_00008,803.3
OUT_00009,385.3
OUT_00010,787.02
OUT_00011,681.09
OUT_00012,523.43
OUT_00013,661.54
OUT_00014,669.97
OUT_00015,709.38
OUT_00016,733.6
OUT_00017,747.99
OUT_00018,651.99
OUT_00019,813.62
OUT_00020,788.43
OUT_00021,732.62
OUT_00022,771.65
OUT_00023,774.52
OUT_00024,779.28
OUT_00025,800.73
OUT_00026,818.09
OUT_00027,891.07
OUT_00028,558.37
OUT_00029,654.5
OUT_00030,724.06
OUT_00031,753.72
OUT_00032,823.12
OUT_00033,794.31
OUT_00034,784.2
OUT_00035,851.9
OUT_00036,783.51
OUT_00037,817.07
OUT_00038,822.26
OUT_00039,694.83
OUT_00040,775.89
OUT_00041,749.26
OUT_00042,734.9
OUT_00043,640.07
OUT_00044,804.6
OUT_00045,812.68
OUT_00046,584.45
OUT_00047,838.65
OUT_00048,573.88
OUT_00049,823.53
OUT_00050,708.97
OUT_00051,786.7
OUT_00052,756.12
OUT_00053,665.57
OUT_00054,797.62
OUT_00055,800.18
OUT_00056,773.85
OUT_00057,666.58
OUT_00058,313.72
OUT_00059,661.74
OUT_00060,771.58
OUT_00061,634.36
OUT_00062,641.04
OUT_00063,664.78
OUT_00064,609.43
OUT_00065,655.03
OUT_00066,682.57
OUT_00067,660.94
OUT_00068,642.0
OUT_00069,648.85
OUT_00070,639.66
OUT_00071,645.91
OUT_00072,649.75
OUT_00073,663.99
OUT_00074,704.12
OUT_00075,644.37
OUT_00076,665.64
OUT_00077,636.64
OUT_00078,957.87
OUT_00079,662.64
OUT_00080,655.05
OUT_00081,680.02
OUT_00082,673.07
OUT_00083,663.99
OUT_00084,643.9
OUT_00085,399.54
OUT_00086,631.53
OUT_00087,757.3
OUT_00088,680.59
OUT_00089,639.97
OUT_00090,665.61
OUT_00091,570.47
OUT_00092,698.3
OUT_00093,694.87
OUT_00094,653.03
OUT_00095,670.82
OUT_00096,654.79
OUT_00097,627.88
OUT_00098,653.59
OUT_00099,626.27
OUT_00100,655.68
OUT_00101,663.26
OUT_00102,667.0
OUT_00103,664.01
OUT_00104,669.38
OUT_00105,676.61
OUT_00106,659.62
OUT_00107,669.64
OUT_00108,705.55
OUT_00109,665.67
OUT_00110,655.15
OUT_00111,673.74
OUT_00112,741.09
OUT_00113,672.72
OUT_00114,685.0
OUT_00115,643.71
OUT_00116,665.62
OUT_00117,676.23
OUT_00118,649.74
OUT_00119,649.37
OUT_00120,711.58
OUT_00121,651.37
OUT_00122,694.25
OUT_00123,651.7
OUT_00124,580.79
OUT_00125,669.09
OUT_00126,614.32
OUT_00127,659.23
OUT_00128,616.6
OUT_00129,605.21
OUT_00130,652.89
OUT_00131,684.74
OUT_00132,672.5
OUT_00133,625.2
OUT_00134,664.13
OUT_00135,661.05
OUT_00136,698.12
OUT_00137,680.23
OUT_00138,622.45
OUT_00139,666.3
OUT_00140,641.13
OUT_00141,704.89
OUT_00142,645.33
OUT_00143,603.05
OUT_00144,646.07
OUT_00145,621.71
OUT_00146,717.27
OUT_00147,630.82
OUT_00148,596.2
OUT_00149,632.85
OUT_00150,508.73
OUT_00151,664.37
OUT_00152,665.86
OUT_00153,384.97
OUT_00154,595.25
OUT_00155,707.97
OUT_00156,643.61
OUT_00157,658.26
OUT_00158,665.73
OUT_00159,634.58
OUT_00160,649.23
OUT_00161,605.44
OUT_00162,650.67
OUT_00163,616.83
OUT_00164,681.48
OUT_00165,703.2
OUT_00166,691.33
OUT_00167,660.22
OUT_00168,706.68
OUT_00169,655.68
OUT_00170,639.66
OUT_00171,574.0
OUT_00172,681.74
OUT_00173,655.19
OUT_00174,605.24
OUT_00175,697.47
OUT_00176,610.46
OUT_00177,646.28
OUT_00178,659.43
OUT_00179,613.36
OUT_00180,598.67
OUT_00181,613.85
OUT_00182,661.56
OUT_00183,664.93
OUT_00184,642.17
OUT_00185,624.0
OUT_00186,678.58
OUT_00187,647.08
OUT_00188,666.6
OUT_00189,413.46
OUT_00190,665.23
OUT_00191,630.33
OUT_00192,676.16
OUT_00193,695.08
OUT_00194,678.81
OUT_00195,278.21
OUT_00196,633.98
OUT_00197,622.38
OUT_00198,656.89
OUT_00199,646.07
OUT_00200,569.54
OUT_00201,560.85
OUT_00202,646.55
OUT_00203,668.3
OUT_00204,645.01
OUT_00205,659.4
OUT_00206,661.28
OUT_00207,665.74
OUT_00208,658.01
OUT_00209,655.43
OUT_00210,648.94
OUT_00211,680.69
OUT_00212,655.27
OUT_00213,661.71
OUT_00214,801.42
OUT_00215,683.62
OUT_00216,665.8
OUT_00217,694.01
OUT_00218,647.48
OUT_00219,655.36
OUT_00220,632.91
OUT_00221,653.41
OUT_00222,683.2
OUT_00223,649.38
OUT_00224,630.5
OUT_00225,674.35
OUT_00226,657.11
OUT_00227,684.46
OUT_00228,644.74
OUT_00229,666.75
OUT_00230,669.59
OUT_00231,661.4
OUT_00232,641.6
OUT_00233,653.18
OUT_00234,673.92
OUT_00235,645.01
OUT_00236,617.94
OUT_00237,691.96
OUT_00238,642.19
OUT_00239,652.25
OUT_00240,634.73
OUT_00241,395.47
OUT_00242,600.97
OUT_00243,657.06
OUT_00244,634.66
OUT_00245,665.67
OUT_00246,717.42
OUT_00247,680.67
OUT_00248,662.06
OUT_00249,698.23
OUT_00250,723.68
OUT_00251,645.57
OUT_00252,676.33
OUT_00253,656.04
OUT_00254,648.43
OUT_00255,701.64
OUT_00256,639.58
OUT_00257,820.29
OUT_00258,754.16
OUT_00259,632.6
OUT_00260,644.63
OUT_00261,646.55
OUT_00262,629.32
OUT_00263,665.29
OUT_00264,677.45
OUT_00265,668.2
OUT_00266,648.28
OUT_00267,668.87
OUT_00268,645.8
OUT_00269,652.8
OUT_00270,631.08
OUT_00271,629.7
OUT_00272,667.97
OUT_00273,653.36
OUT_00274,684.58
OUT_00275,588.24
OUT_00276,564.07
OUT_00277,664.38
OUT_00278,669.97
OUT_00279,1089.49
OUT_00280,597.95
OUT_00281,651.19
OUT_00282,621.11
OUT_00283,602.24
OUT_00284,643.51
OUT_00285,623.05
OUT_00286,661.2
OUT_00287,634.16
OUT_00288,675.99
OUT_00289,645.58
OUT_00290,685.53
OUT_00291,717.64
OUT_00292,622.98
OUT_00293,635.18
OUT_00294,655.56
OUT_00295,630.42
OUT_00296,653.72
OUT_00297,712.64
OUT_00298,649.35
OUT_00299,644.76
OUT_00300,611.31
OUT_00301,613.17
OUT_00302,642.23
OUT_00303,724.73
OUT_00304,649.58
OUT_00305,605.05
OUT_00306,599.0
OUT_00307,685.48
OUT_00308,570.88
OUT_00309,688.55
OUT_00310,682.23
OUT_00311,679.4
OUT_00312,588.8
OUT_00313,623.31
OUT_00314,639.71
OUT_00315,548.11
OUT_00316,643.91
OUT_00317,673.84
OUT_00318,681.66
OUT_00319,547.8
OUT_00320,654.12
OUT_00321,657.93
OUT_00322,633.55
OUT_00323,648.72
OUT_00324,363.37
OUT_00325,577.01
OUT_00326,665.54
OUT_00327,664.87
OUT_00328,665.56
OUT_00329,653.75
OUT_00330,672.32
OUT_00331,382.36
OUT_00332,645.37
OUT_00333,635.06
OUT_00334,653.56
OUT_00335,660.61
OUT_00336,667.94
OUT_00337,611.9
OUT_00338,729.44
OUT_00339,710.38
OUT_00340,661.24
OUT_00341,646.77
OUT_00342,658.96
OUT_00343,655.48
OUT_00344,644.95
OUT_00345,630.65
OUT_00346,700.39
OUT_00347,662.79
OUT_00348,670.53
OUT_00349,708.42
OUT_00350,688.95
OUT_00351,676.68
OUT_00352,652.96
OUT_00353,571.37
OUT_00354,666.52
OUT_00355,666.84
OUT_00356,654.58
OUT_00357,641.19
OUT_00358,645.12
OUT_00359,594.88
OUT_00360,621.68
OUT_00361,725.02
OUT_00362,666.79
OUT_00363,686.26
OUT_00364,626.04
OUT_00365,649.8
OUT_00366,659.6
OUT_00367,1075.19
OUT_00368,676.66
OUT_00369,656.7
OUT_00370,689.39
OUT_00371,602.64
OUT_00372,660.27
OUT_00373,662.75
OUT_00374,567.84
OUT_00375,296.58
OUT_00376,635.84
OUT_00377,568.82
OUT_00378,643.82
OUT_00379,650.83
OUT_00380,626.28
OUT_00381,688.89
OUT_00382,655.71
OUT_00383,670.64
OUT_00384,668.39
OUT_00385,629.35
OUT_00386,674.26
OUT_00387,710.2
OUT_00388,641.1
OUT_00389,611.52
OUT_00390,684.16
OUT_00391,248.1
OUT_00392,558.07
OUT_00393,659.25
OUT_00394,687.43
OUT_00395,694.11
OUT_00396,628.3
OUT_00397,654.24
OUT_00398,650.91
OUT_00399,460.82
OUT_00400,654.3
OUT_00401,47.78
OUT_00402,637.38
OUT_00403,193.24
OUT_00404,60.66
OUT_00405,195.62
OUT_00406,43.0
OUT_00407,59.49
OUT_00408,49.27
OUT_00409,195.5
OUT_00410,192.35
OUT_00411,66.61
OUT_00412,60.61
OUT_00413,636.69
OUT_00414,55.67
OUT_00415,64.22
OUT_00416,187.79
OUT_00417,638.17
OUT_00418,190.59
OUT_00419,48.04
OUT_00420,47.54
OUT_00421,186.84
OUT_00422,177.81
OUT_00423,661.73
OUT_00424,640.24
OUT_00425,64.99
OUT_00426,193.6
OUT_00427,188.29
OUT_00428,1695.97
OUT_00429,188.48
OUT_00430,40.9
OUT_00431,61.96
OUT_00432,1656.73
OUT_00433,200.51
OUT_00434,1682.76
OUT_00435,193.25
OUT_00436,62.54
OUT_00437,63.21
OUT_00438,186.36
OUT_00439,192.63
OUT_00440,53.31
OUT_00441,58.69
OUT_00442,55.2
OUT_00443,192.61
OUT_00444,193.91
OUT_00445,648.13
OUT_00446,69.43
OUT_00447,49.89
OUT_00448,58.04
OUT_00449,1664.51
OUT_00450,651.7
OUT_00451,55.56
OUT_00452,61.45
OUT_00453,283.79
OUT_00454,195.51
OUT_00455,1660.1
OUT_00456,194.84
OUT_00457,660.5
OUT_00458,72.46
OUT_00459,185.08
OUT_00460,185.12
OUT_00461,50.52
OUT_00462,59.82
OUT_00463,661.3
OUT_00464,57.32
OUT_00465,197.72
OUT_00466,640.46
OUT_00467,60.18
OUT_00468,676.23
OUT_00469,62.49
OUT_00470,59.79
OUT_00471,193.32
OUT_00472,200.01
OUT_00473,57.18
OUT_00474,50.59
OUT_00475,49.56
OUT_00476,197.59
OUT_00477,67.45
OUT_00478,186.33
OUT_00479,71.5
OUT_00480,71.38
OUT_00481,65.08
OUT_00482,194.66
OUT_00483,67.2
OUT_00484,54.71
OUT_00485,173.74
OUT_00486,220.81
OUT_00487,62.69
OUT_00488,62.26
OUT_00489,186.52
OUT_00490,50.54
OUT_00491,60.34
OUT_00492,674.68
OUT_00493,273.48
OUT_00494,47.56
OUT_00495,67.61
OUT_00496,61.37
OUT_00497,202.91
OUT_00498,202.32
OUT_00499,187.83
OUT_00500,63.96
OUT_00501,199.25
OUT_00502,188.58
OUT_00503,690.59
OUT_00504,188.55
OUT_00505,68.85
OUT_00506,1643.13
OUT_00507,1574.58
OUT_00508,195.11
OUT_00509,195.48
OUT_00510,190.9
OUT_00511,189.04
OUT_00512,49.61
OUT_00513,57.01
OUT_00514,63.81
OUT_00515,652.12
OUT_00516,62.17
OUT_00517,194.24
OUT_00518,187.27
OUT_00519,65.74
OUT_00520,45.26
OUT_00521,61.15
OUT_00522,55.04
OUT_00523,55.29
OUT_00524,92.52
OUT_00525,653.41
OUT_00526,194.59
OUT_00527,192.78
OUT_00528,189.56
OUT_00529,190.8
OUT_00530,663.19
OUT_00531,30.3
OUT_00532,65.59
OUT_00533,61.48
OUT_00534,665.84
OUT_00535,63.18
OUT_00536,48.7
OUT_00537,52.23
OUT_00538,60.18
OUT_00539,649.07
OUT_00540,64.69
OUT_00541,193.96
OUT_00542,63.72
OUT_00543,59.93
OUT_00544,52.16
OUT_00545,196.34
OUT_00546,192.74
OUT_00547,57.97
OUT_00548,68.34
OUT_00549,57.17
OUT_00550,186.95
OUT_00551,688.53
OUT_00552,53.58
OUT_00553,183.84
OUT_00554,62.6
OUT_00555,55.89
OUT_00556,184.48
OUT_00557,51.73
OUT_00558,51.79
OUT_00559,32.73
OUT_00560,204.0
OUT_00561,67.68
OUT_00562,50.43
OUT_00563,77.05
OUT_00564,67.14
OUT_00565,189.83
OUT_00566,76.66
OUT_00567,676.92
OUT_00568,1680.41
OUT_00569,64.16
OUT_00570,650.39
OUT_00571,62.68
OUT_00572,50.08
OUT_00573,637.47
OUT_00574,200.42
OUT_00575,57.26
OUT_00576,181.64
OUT_00577,662.54
OUT_00578,59.3
OUT_00579,1680.13
OUT_00580,660.45
OUT_00581,637.76
OUT_00582,200.07
OUT_00583,70.58
OUT_00584,62.86
OUT_00585,197.59
OUT_00586,187.85
OUT_00587,193.35
OUT_00588,38.13
OUT_00589,700.18
OUT_00590,188.31
OUT_00591,662.03
OUT_00592,62.03
OUT_00593,60.7
OUT_00594,198.49
OUT_00595,194.9
OUT_00596,51.46
OUT_00597,46.07
OUT_00598,61.32
OUT_00599,64.48
OUT_00600,666.39
OUT_00601,193.92
OUT_00602,70.6
OUT_00603,679.54
OUT_00604,195.94
OUT_00605,59.57
OUT_00606,654.5
OUT_00607,646.75
OUT_00608,196.44
OUT_00609,179.67
OUT_00610,637.82
OUT_00611,72.5
OUT_00612,65.26
OUT_00613,57.82
OUT_00614,665.2
OUT_00615,47.24
OUT_00616,187.85
OUT_00617,192.16
OUT_00618,200.16
OUT_00619,1663.59
OUT_00620,194.67
OUT_00621,186.57
OUT_00622,62.8
OUT_00623,61.72
OUT_00624,194.42
OUT_00625,200.32
OUT_00626,672.27
OUT_00627,181.48
OUT_00628,55.13
OUT_00629,188.93
OUT_00630,54.9
OUT_00631,54.66
OUT_00632,40.44
OUT_00633,680.22
OUT_00634,197.18
OUT_00635,192.8
OUT_00636,190.51
OUT_00637,193.5
OUT_00638,194.52
OUT_00639,671.52
OUT_00640,197.79
OUT_00641,53.8
OUT_00642,192.08
OUT_00643,152.24
OUT_00644,189.69
OUT_00645,190.23
OUT_00646,76.84
OUT_00647,56.51
OUT_00648,191.98
OUT_00649,692.48
OUT_00650,194.58
OUT_00651,49.8
OUT_00652,189.13
OUT_00653,62.81
OUT_00654,62.93
OUT_00655,65.0
OUT_00656,189.89
OUT_00657,61.79
OUT_00658,194.03
OUT_00659,58.21
OUT_00660,664.05
OUT_00661,192.91
OUT_00662,197.44
OUT_00663,191.24
OUT_00664,54.5
OUT_00665,55.55
OUT_00666,702.26
OUT_00667,183.69
OUT_00668,57.23
OUT_00669,66.88
OUT_00670,240.94
OUT_00671,193.4
OUT_00672,64.21
OUT_00673,195.08
OUT_00674,622.16
OUT_00675,65.11
OUT_00676,41.23
OUT_00677,204.85
OUT_00678,58.01
OUT_00679,54.36
OUT_00680,187.74
OUT_00681,54.95
OUT_00682,54.2
OUT_00683,189.58
OUT_00684,1613.66
OUT_00685,62.26
OUT_00686,690.15
OUT_00687,686.86
OUT_00688,65.59
OUT_00689,1697.31
OUT_00690,56.85
OUT_00691,1689.04
OUT_00692,42.38
OUT_00693,286.39
OUT_00694,766.07
OUT_00695,64.28
OUT_00696,60.08
OUT_00697,198.45
OUT_00698,672.08
OUT_00699,669.65
OUT_00700,67.6
OUT_00701,36.69
OUT_00702,75.27
OUT_00703,188.54
OUT_00704,190.89
OUT_00705,55.14
OUT_00706,186.58
OUT_00707,50.65
OUT_00708,53.37
OUT_00709,62.5
OUT_00710,188.92
OUT_00711,62.59
OUT_00712,667.09
OUT_00713,65.0
OUT_00714,55.53
OUT_00715,190.87
OUT_00716,57.67
OUT_00717,671.09
OUT_00718,51.82
OUT_00719,61.39
OUT_00720,644.28
OUT_00721,69.04
OUT_00722,187.98
OUT_00723,68.77
OUT_00724,52.79
OUT_00725,48.31
OUT_00726,656.82
OUT_00727,199.62
OUT_00728,658.1
OUT_00729,48.94
OUT_00730,195.2
OUT_00731,630.37
OUT_00732,197.94
OUT_00733,190.09
OUT_00734,637.72
OUT_00735,60.99
OUT_00736,653.39
OUT_00737,626.09
OUT_00738,33.21
OUT_00739,67.34
OUT_00740,195.73
OUT_00741,72.03
OUT_00742,1695.33
OUT_00743,62.83
OUT_00744,191.33
OUT_00745,191.93
OUT_00746,636.78
OUT_00747,183.65
OUT_00748,70.34
OUT_00749,193.34
OUT_00750,191.18
OUT_00751,55.91
OUT_00752,54.54
OUT_00753,649.56
OUT_00754,78.2
OUT_00755,661.68
OUT_00756,190.62
OUT_00757,190.83
OUT_00758,59.61
OUT_00759,60.37
OUT_00760,47.74
OUT_00761,190.5
OUT_00762,52.56
OUT_00763,46.97
OUT_00764,194.21
OUT_00765,47.03
OUT_00766,55.71
OUT_00767,201.34
OUT_00768,55.93
OUT_00769,200.33
OUT_00770,56.66
OUT_00771,193.23
OUT_00772,192.23
OUT_00773,665.99
OUT_00774,64.53
OUT_00775,190.94
OUT_00776,65.12
OUT_00777,54.6
OUT_00778,1697.59
OUT_00779,188.36
OUT_00780,54.35
OUT_00781,63.57
OUT_00782,44.81
OUT_00783,66.39
OUT_00784,55.9
OUT_00785,192.93
OUT_00786,90.26
OUT_00787,194.07
OUT_00788,189.53
OUT_00789,644.78
OUT_00790,58.27
OUT_00791,1654.45
OUT_00792,689.53
OUT_00793,191.25
OUT_00794,60.37
OUT_00795,678.46
OUT_00796,55.04
OUT_00797,195.79
OUT_00798,187.95
OUT_00799,642.78
OUT_00800,633.41
OUT_00801,54.47
OUT_00802,55.98
OUT_00803,192.91
OUT_00804,64.57
OUT_00805,64.0
OUT_00806,63.97
OUT_00807,62.18
OUT_00808,192.51
OUT_00809,193.6
OUT_00810,61.59
OUT_00811,63.81
OUT_00812,60.6
OUT_00813,50.43
OUT_00814,57.85
OUT_00815,1671.96
OUT_00816,67.56
OUT_00817,72.92
OUT_00818,61.45
OUT_00819,41.1
OUT_00820,51.37
OUT_00821,55.36
OUT_00822,191.59
OUT_00823,655.41
OUT_00824,54.58
OUT_00825,192.83
OUT_00826,193.07
OUT_00827,66.46
OUT_00828,193.08
OUT_00829,51.81
OUT_00830,67.61
OUT_00831,65.39
OUT_00832,52.18
OUT_00833,186.77
OUT_00834,189.53
OUT_00835,192.94
OUT_00836,188.56
OUT_00837,633.64
OUT_00838,192.51
OUT_00839,54.64
OUT_00840,1634.35
OUT_00841,43.08
OUT_00842,62.74
OUT_00843,214.38
OUT_00844,59.55
OUT_00845,197.09
OUT_00846,43.88
OUT_00847,189.46
OUT_00848,190.63
OUT_00849,193.3
OUT_00850,61.85
OUT_00851,61.53
OUT_00852,187.85
OUT_00853,1673.68
OUT_00854,190.31
OUT_00855,73.39
OUT_00856,1673.44
OUT_00857,675.41
OUT_00858,64.69
OUT_00859,72.15
OUT_00860,54.49
OUT_00861,66.21
OUT_00862,56.64
OUT_00863,62.7
OUT_00864,49.22
OUT_00865,203.34
OUT_00866,201.2
OUT_00867,185.74
OUT_00868,57.92
OUT_00869,49.51
OUT_00870,183.85
OUT_00871,658.23
OUT_00872,63.09
OUT_00873,631.23
OUT_00874,189.57
OUT_00875,61.25
OUT_00876,59.94
OUT_00877,674.07
OUT_00878,195.14
OUT_00879,191.03
OUT_00880,55.03
OUT_00881,666.81
OUT_00882,73.63
OUT_00883,67.14
OUT_00884,212.19
OUT_00885,203.33
OUT_00886,1657.14
OUT_00887,54.52
OUT_00888,63.12
OUT_00889,205.01
OUT_00890,189.02
OUT_00891,198.06
OUT_00892,53.27
OUT_00893,66.19
OUT_00894,60.19
OUT_00895,183.88
OUT_00896,62.26
OUT_00897,206.86
OUT_00898,44.88
OUT_00899,49.49
OUT_00900,84.38
OUT_00901,58.41
OUT_00902,51.9
OUT_00903,636.75
OUT_00904,55.83
OUT_00905,50.06
OUT_00906,663.07
OUT_00907,71.8
OUT_00908,60.77
OUT_00909,56.91
OUT_00910,67.15
OUT_00911,67.28
OUT_00912,623.32
OUT_00913,193.2
OUT_00914,203.13
OUT_00915,53.66
OUT_00916,193.61
OUT_00917,188.58
OUT_00918,645.21
OUT_00919,67.78
OUT_00920,189.12
OUT_00921,193.78
OUT_00922,64.68
OUT_00923,651.28
OUT_00924,187.27
OUT_00925,64.62
OUT_00926,60.47
OUT_00927,51.44
OUT_00928,55.26
OUT_00929,193.7
OUT_00930,186.08
OUT_00931,64.94
OUT_00932,69.51
OUT_00933,623.04
OUT_00934,612.21
OUT_00935,200.66
OUT_00936,64.27
OUT_00937,641.51
OUT_00938,201.21
OUT_00939,55.97
OUT_00940,65.37
OUT_00941,186.64
OUT_00942,192.35
OUT_00943,623.21
OUT_00944,56.3
OUT_00945,194.94
OUT_00946,57.98
OUT_00947,55.67
OUT_00948,62.33
OUT_00949,54.72
OUT_00950,51.66
OUT_00951,190.79
OUT_00952,626.89
OUT_00953,66.82
OUT_00954,656.81
OUT_00955,192.24
OUT_00956,189.42
OUT_00957,56.01
OUT_00958,61.33
OUT_00959,64.7
OUT_00960,629.12
OUT_00961,29.93
OUT_00962,191.9
OUT_00963,181.77
OUT_00964,50.09
OUT_00965,1690.79
OUT_00966,52.74
OUT_00967,67.07
OUT_00968,48.88
OUT_00969,205.42
OUT_00970,47.59
OUT_00971,55.53
OUT_00972,193.3
OUT_00973,646.93
OUT_00974,53.7
OUT_00975,63.06
OUT_00976,190.99
OUT_00977,65.33
OUT_00978,56.56
OUT_00979,55.55
OUT_00980,69.69
OUT_00981,197.19
OUT_00982,54.9
OUT_00983,44.69
OUT_00984,60.75
OUT_00985,187.72
OUT_00986,659.97
OUT_00987,51.48
OUT_00988,186.78
OUT_00989,74.34
OUT_00990,656.91
OUT_00991,51.0
OUT_00992,190.25
OUT_00993,63.68
OUT_00994,679.75
OUT_00995,668.04
OUT_00996,1673.0
OUT_00997,190.05
OUT_00998,216.22
OUT_00999,194.38
OUT_01000,61.86
OUT_01001,56.1
OUT_01002,49.76
OUT_01003,50.52
OUT_01004,64.64
OUT_01005,191.56
OUT_01006,1685.1
OUT_01007,54.65
OUT_01008,199.02
OUT_01009,68.37
OUT_01010,187.1
OUT_01011,194.13
OUT_01012,195.87
OUT_01013,65.98
OUT_01014,190.57
OUT_01015,185.64
OUT_01016,187.9
OUT_01017,54.77
OUT_01018,656.55
OUT_01019,54.49
OUT_01020,63.06
OUT_01021,63.55
OUT_01022,64.45
OUT_01023,642.85
OUT_01024,64.98
OUT_01025,200.97
OUT_01026,188.96
OUT_01027,56.76
OUT_01028,59.25
OUT_01029,53.97
OUT_01030,60.28
OUT_01031,44.42
OUT_01032,1688.5
OUT_01033,59.72
OUT_01034,61.54
OUT_01035,196.53
OUT_01036,652.87
OUT_01037,203.64
OUT_01038,193.52
OUT_01039,569.99
OUT_01040,189.68
OUT_01041,202.23
OUT_01042,62.4
OUT_01043,58.41
OUT_01044,1642.7
OUT_01045,49.29
OUT_01046,62.83
OUT_01047,50.06
OUT_01048,55.08
OUT_01049,193.98
OUT_01050,62.5
OUT_01051,200.93
OUT_01052,55.64
OUT_01053,76.83
OUT_01054,197.61
OUT_01055,38.32
OUT_01056,180.38
OUT_01057,64.56
OUT_01058,192.81
OUT_01059,199.78
OUT_01060,194.35
OUT_01061,1678.32
OUT_01062,57.01
OUT_01063,38.54
OUT_01064,58.6
OUT_01065,60.32
OUT_01066,62.57
OUT_01067,63.18
OUT_01068,60.37
OUT_01069,191.44
OUT_01070,64.2
OUT_01071,64.99
OUT_01072,193.69
OUT_01073,645.15
OUT_01074,185.88
OUT_01075,184.96
OUT_01076,186.18
OUT_01077,56.36
OUT_01078,50.44
OUT_01079,655.19
OUT_01080,184.08
OUT_01081,66.12
OUT_01082,61.39
OUT_01083,62.4
OUT_01084,51.95
OUT_01085,619.01
OUT_01086,195.73
OUT_01087,43.79
OUT_01088,67.03
OUT_01089,42.76
OUT_01090,679.03
OUT_01091,52.25
OUT_01092,70.83
OUT_01093,199.73
OUT_01094,64.73
OUT_01095,63.7
OUT_01096,66.37
OUT_01097,194.13
OUT_01098,54.79
OUT_01099,655.48
OUT_01100,1632.98
OUT_01101,54.07
OUT_01102,188.09
OUT_01103,66.88
OUT_01104,53.08
OUT_01105,617.6
OUT_01106,59.9
OUT_01107,663.2
OUT_01108,1671.17
OUT_01109,194.93
OUT_01110,196.42
OUT_01111,190.03
OUT_01112,62.18
OUT_01113,49.12
OUT_01114,56.29
OUT_01115,208.73
OUT_01116,202.0
OUT_01117,30.99
OUT_01118,64.83
OUT_01119,43.98
OUT_01120,53.53
OUT_01121,188.61
OUT_01122,50.44
OUT_01123,206.45
OUT_01124,1661.18
OUT_01125,50.13
OUT_01126,66.97
OUT_01127,55.01
OUT_01128,64.37
OUT_01129,68.6
OUT_01130,670.51
OUT_01131,70.51
OUT_01132,59.16
OUT_01133,631.44
OUT_01134,676.29
OUT_01135,632.44
OUT_01136,69.44
OUT_01137,184.07
OUT_01138,193.86
OUT_01139,64.19
OUT_01140,57.04
OUT_01141,65.55
OUT_01142,192.87
OUT_01143,54.96
OUT_01144,59.56
OUT_01145,194.42
OUT_01146,1586.51
OUT_01147,50.45
OUT_01148,161.3
OUT_01149,187.09
OUT_01150,57.87
OUT_01151,56.34
OUT_01152,1654.92
OUT_01153,665.1
OUT_01154,56.88
OUT_01155,51.6
OUT_01156,187.99
OUT_01157,185.28
OUT_01158,66.44
OUT_01159,64.99
OUT_01160,40.29
OUT_01161,52.3
OUT_01162,58.59
OUT_01163,57.17
OUT_01164,666.26
OUT_01165,69.38
OUT_01166,193.32
OUT_01167,55.97
OUT_01168,62.75
OUT_01169,61.92
OUT_01170,66.11
OUT_01171,77.11
OUT_01172,70.83
OUT_01173,189.0
OUT_01174,62.59
OUT_01175,657.3
OUT_01176,198.67
OUT_01177,53.95
OUT_01178,652.47
OUT_01179,191.53
OUT_01180,191.92
OUT_01181,59.77
OUT_01182,192.35
OUT_01183,63.09
OUT_01184,63.76
OUT_01185,57.57
OUT_01186,50.08
OUT_01187,45.72
OUT_01188,65.45
OUT_01189,60.97
OUT_01190,62.31
OUT_01191,191.1
OUT_01192,70.88
OUT_01193,64.51
OUT_01194,65.0
OUT_01195,187.56
OUT_01196,49.6
OUT_01197,664.16
OUT_01198,187.77
OUT_01199,48.92
OUT_01200,41.12
OUT_01201,54.59
OUT_01202,45.2
OUT_01203,676.51
OUT_01204,210.67
OUT_01205,55.27
OUT_01206,52.98
OUT_01207,1673.38
OUT_01208,51.05
OUT_01209,55.72
OUT_01210,189.58
OUT_01211,199.25
OUT_01212,1674.69
OUT_01213,53.31
OUT_01214,679.13
OUT_01215,649.92
OUT_01216,63.93
OUT_01217,665.7
OUT_01218,432.7
OUT_01219,67.37
OUT_01220,189.45
OUT_01221,1661.57
OUT_01222,43.37
OUT_01223,189.84
OUT_01224,182.17
OUT_01225,191.39
OUT_01226,65.38
OUT_01227,61.78
OUT_01228,59.17
OUT_01229,62.72
OUT_01230,183.22
OUT_01231,60.67
OUT_01232,76.25
OUT_01233,189.8
OUT_01234,73.91
OUT_01235,183.56
OUT_01236,672.49
OUT_01237,56.7
OUT_01238,181.71
OUT_01239,685.31
OUT_01240,54.77
OUT_01241,1650.25
OUT_01242,66.08
OUT_01243,68.67
OUT_01244,64.61
OUT_01245,42.88
OUT_01246,647.55
OUT_01247,55.12
OUT_01248,53.88
OUT_01249,64.73
OUT_01250,201.33
OUT_01251,65.27
OUT_01252,64.78
OUT_01253,627.09
OUT_01254,62.39
OUT_01255,61.69
OUT_01256,70.31
OUT_01257,59.67
OUT_01258,180.53
OUT_01259,43.99
OUT_01260,43.71
OUT_01261,46.68
OUT_01262,663.85
OUT_01263,627.63
OUT_01264,78.59
OUT_01265,195.21
OUT_01266,192.96
OUT_01267,627.49
OUT_01268,195.86
OUT_01269,55.6
OUT_01270,660.05
OUT_01271,48.16
OUT_01272,201.14
OUT_01273,651.3
OUT_01274,72.68
OUT_01275,65.69
OUT_01276,32.78
OUT_01277,40.43
OUT_01278,61.12
OUT_01279,187.46
OUT_01280,57.46
OUT_01281,187.78
OUT_01282,68.98
OUT_01283,48.02
OUT_01284,193.3
OUT_01285,56.23
OUT_01286,53.6
OUT_01287,651.51
OUT_01288,641.11
OUT_01289,59.88
OUT_01290,186.86
OUT_01291,648.37
OUT_01292,670.35
OUT_01293,189.41
OUT_01294,67.51
OUT_01295,187.88
OUT_01296,47.46
OUT_01297,46.96
OUT_01298,196.71
OUT_01299,1669.1
OUT_01300,190.37
OUT_01301,54.17
OUT_01302,53.87
OUT_01303,64.25
OUT_01304,660.24
OUT_01305,68.17
OUT_01306,185.75
OUT_01307,194.12
OUT_01308,46.56
OUT_01309,60.46
OUT_01310,60.06
OUT_01311,45.92
OUT_01312,73.19
OUT_01313,69.71
OUT_01314,298.32
OUT_01315,49.97
OUT_01316,1689.84
OUT_01317,65.1
OUT_01318,55.29
OUT_01319,54.79
OUT_01320,69.33
OUT_01321,51.4
OUT_01322,72.26
OUT_01323,182.0
OUT_01324,51.94
OUT_01325,185.88
OUT_01326,62.74
OUT_01327,61.68
OUT_01328,54.88
OUT_01329,59.91
OUT_01330,47.79
OUT_01331,664.2
OUT_01332,190.42
OUT_01333,62.95
OUT_01334,188.4
OUT_01335,46.71
OUT_01336,56.06
OUT_01337,73.31
OUT_01338,631.73
OUT_01339,57.61
OUT_01340,64.21
OUT_01341,66.94
OUT_01342,185.26
OUT_01343,52.37
OUT_01344,59.71
OUT_01345,35.78
OUT_01346,186.48
OUT_01347,189.48
OUT_01348,191.95
OUT_01349,61.89
OUT_01350,189.11
OUT_01351,44.67
OUT_01352,682.86
OUT_01353,64.99
OUT_01354,55.62
OUT_01355,658.72
OUT_01356,195.49
OUT_01357,62.49
OUT_01358,208.39
OUT_01359,69.59
OUT_01360,193.28
OUT_01361,54.36
OUT_01362,1624.38
OUT_01363,67.2
OUT_01364,197.1
OUT_01365,47.07
OUT_01366,193.08
OUT_01367,195.1
OUT_01368,67.3
OUT_01369,649.04
OUT_01370,65.87
OUT_01371,48.3
OUT_01372,186.07
OUT_01373,198.5
OUT_01374,193.25
OUT_01375,694.19
OUT_01376,1707.98
OUT_01377,188.02
OUT_01378,55.91
OUT_01379,57.26
OUT_01380,224.86
OUT_01381,40.42
OUT_01382,643.47
OUT_01383,183.02
OUT_01384,63.1
OUT_01385,191.88
OUT_01386,194.74
OUT_01387,56.03
OUT_01388,62.8
OUT_01389,686.83
OUT_01390,70.02
OUT_01391,659.37
OUT_01392,64.56
OUT_01393,60.75
OUT_01394,65.07
OUT_01395,215.15
OUT_01396,669.85
OUT_01397,62.11
OUT_01398,56.49
OUT_01399,64.02
OUT_01400,659.19
OUT_01401,188.24
OUT_01402,70.86
OUT_01403,197.35
OUT_01404,72.99
OUT_01405,56.14
OUT_01406,55.68
OUT_01407,49.77
OUT_01408,192.63
OUT_01409,654.44
OUT_01410,659.77
OUT_01411,614.61
OUT_01412,191.38
OUT_01413,191.39
OUT_01414,65.02
OUT_01415,50.39
OUT_01416,36.77
OUT_01417,195.33
OUT_01418,209.74
OUT_01419,204.03
OUT_01420,614.59
OUT_01421,47.26
OUT_01422,65.24
OUT_01423,48.59
OUT_01424,50.33
OUT_01425,189.24
OUT_01426,67.65
OUT_01427,63.21
OUT_01428,186.97
OUT_01429,60.67
OUT_01430,60.48
OUT_01431,48.96
OUT_01432,59.79
OUT_01433,62.98
OUT_01434,56.51
OUT_01435,52.54
OUT_01436,187.66
OUT_01437,678.73
OUT_01438,78.31
OUT_01439,192.22
OUT_01440,1713.36
OUT_01441,192.43
OUT_01442,173.11
OUT_01443,60.03
OUT_01444,190.04
OUT_01445,190.99
OUT_01446,72.0
OUT_01447,673.7
OUT_01448,181.84
OUT_01449,189.15
OUT_01450,56.72
OUT_01451,200.76
OUT_01452,57.67
OUT_01453,674.35
OUT_01454,64.83
OUT_01455,55.66
OUT_01456,72.09
OUT_01457,55.37
OUT_01458,193.46
OUT_01459,44.9
OUT_01460,192.41
OUT_01461,626.54
OUT_01462,47.97
OUT_01463,42.47
OUT_01464,59.72
OUT_01465,75.05
OUT_01466,56.16
OUT_01467,36.97
OUT_01468,63.5
OUT_01469,52.32
OUT_01470,190.07
OUT_01471,1669.75
OUT_01472,1675.66
OUT_01473,661.9
OUT_01474,66.71
OUT_01475,57.04
OUT_01476,155.11
OUT_01477,72.98
OUT_01478,57.09
OUT_01479,39.78
OUT_01480,69.41
OUT_01481,612.82
OUT_01482,53.75
OUT_01483,197.69
OUT_01484,67.37
OUT_01485,684.26
OUT_01486,53.7
OUT_01487,65.37
OUT_01488,54.43
OUT_01489,43.99
OUT_01490,188.77
OUT_01491,59.44
OUT_01492,47.92
OUT_01493,50.66
OUT_01494,45.67
OUT_01495,194.95
OUT_01496,54.25
OUT_01497,186.34
OUT_01498,156.31
OUT_01499,188.68
OUT_01500,633.68
OUT_01501,65.85
OUT_01502,193.42
OUT_01503,694.34
OUT_01504,190.5
OUT_01505,1674.54
OUT_01506,643.48
OUT_01507,670.56
OUT_01508,54.35
OUT_01509,50.95
OUT_01510,194.4
OUT_01511,58.09
OUT_01512,44.64
OUT_01513,52.24
OUT_01514,1641.58
OUT_01515,55.68
OUT_01516,66.75
OUT_01517,62.93
OUT_01518,202.03
OUT_01519,49.12
OUT_01520,666.06
OUT_01521,198.21
OUT_01522,61.32
OUT_01523,192.29
OUT_01524,194.38
OUT_01525,65.16
OUT_01526,193.66
OUT_01527,661.57
OUT_01528,1649.53
OUT_01529,66.38
OUT_01530,55.28
OUT_01531,55.63
OUT_01532,659.56
OUT_01533,44.06
OUT_01534,71.42
OUT_01535,64.93
OUT_01536,65.8
OUT_01537,75.18
OUT_01538,64.97
OUT_01539,60.04
OUT_01540,662.11
OUT_01541,76.08
OUT_01542,59.97
OUT_01543,47.14
OUT_01544,64.18
OUT_01545,188.07
OUT_01546,192.01
OUT_01547,197.3
OUT_01548,48.58
OUT_01549,192.59
OUT_01550,152.28
OUT_01551,60.35
OUT_01552,189.09
OUT_01553,188.94
OUT_01554,1646.0
OUT_01555,46.43
OUT_01556,64.08
OUT_01557,1672.62
OUT_01558,41.77
OUT_01559,661.85
OUT_01560,676.9
OUT_01561,67.37
OUT_01562,60.01
OUT_01563,186.11
OUT_01564,55.39
OUT_01565,194.27
OUT_01566,50.62
OUT_01567,1598.74
OUT_01568,59.84
OUT_01569,61.43
OUT_01570,675.83
OUT_01571,53.61
OUT_01572,194.37
OUT_01573,62.91
OUT_01574,64.44
OUT_01575,56.3
OUT_01576,63.3
OUT_01577,193.04
OUT_01578,187.03
OUT_01579,62.2
OUT_01580,56.09
OUT_01581,185.27
OUT_01582,646.35
OUT_01583,183.85
OUT_01584,56.75
OUT_01585,60.94
OUT_01586,61.46
OUT_01587,43.72
OUT_01588,191.88
OUT_01589,191.83
OUT_01590,41.8
OUT_01591,66.24
OUT_01592,66.59
OUT_01593,643.69
OUT_01594,192.48
OUT_01595,1665.15
OUT_01596,194.74
OUT_01597,62.45
OUT_01598,198.16
OUT_01599,60.84
OUT_01600,71.61
OUT_01601,52.43
OUT_01602,198.05
OUT_01603,64.42
OUT_01604,64.35
OUT_01605,673.29
OUT_01606,67.7
OUT_01607,40.11
OUT_01608,83.35
OUT_01609,185.15
OUT_01610,189.19
OUT_01611,47.77
OUT_01612,45.32
OUT_01613,54.72
OUT_01614,59.58
OUT_01615,45.22
OUT_01616,57.24
OUT_01617,46.79
OUT_01618,60.34
OUT_01619,215.46
OUT_01620,188.9
OUT_01621,625.43
OUT_01622,61.87
OUT_01623,66.14
OUT_01624,1668.54
OUT_01625,50.28
OUT_01626,55.1
OUT_01627,47.38
OUT_01628,54.1
OUT_01629,627.94
OUT_01630,48.46
OUT_01631,59.89
OUT_01632,62.72
OUT_01633,50.45
OUT_01634,666.99
OUT_01635,192.18
OUT_01636,192.47
OUT_01637,69.87
OUT_01638,190.52
OUT_01639,671.63
OUT_01640,1702.07
OUT_01641,1678.04
OUT_01642,43.96
OUT_01643,55.11
OUT_01644,86.0
OUT_01645,60.36
OUT_01646,56.72
OUT_01647,43.45
OUT_01648,64.47
OUT_01649,58.22
OUT_01650,1669.71
OUT_01651,60.77
OUT_01652,60.18
OUT_01653,190.75
OUT_01654,630.39
OUT_01655,64.65
OUT_01656,627.53
OUT_01657,59.82
OUT_01658,72.5
OUT_01659,60.44
OUT_01660,198.12
OUT_01661,192.32
OUT_01662,194.27
OUT_01663,59.34
OUT_01664,60.81
OUT_01665,1669.52
OUT_01666,661.29
OUT_01667,205.68
OUT_01668,78.69
OUT_01669,64.75
OUT_01670,54.01
OUT_01671,64.73
OUT_01672,184.4
OUT_01673,37.81
OUT_01674,55.23
OUT_01675,191.56
OUT_01676,200.67
OUT_01677,56.88
OUT_01678,55.59
OUT_01679,635.96
OUT_01680,60.87
OUT_01681,60.64
OUT_01682,61.21
OUT_01683,63.84
OUT_01684,55.97
OUT_01685,59.96
OUT_01686,184.89
OUT_01687,64.33
OUT_01688,194.75
OUT_01689,57.21
OUT_01690,61.99
OUT_01691,1627.61
OUT_01692,193.2
OUT_01693,60.26
OUT_01694,693.86
OUT_01695,193.68
OUT_01696,60.14
OUT_01697,69.69
OUT_01698,62.86
OUT_01699,54.34
OUT_01700,69.65
OUT_01701,192.14
OUT_01702,45.87
OUT_01703,60.14
OUT_01704,191.17
OUT_01705,674.63
OUT_01706,48.75
OUT_01707,66.75
OUT_01708,194.24
OUT_01709,66.88
OUT_01710,197.65
OUT_01711,42.36
OUT_01712,1696.91
OUT_01713,55.72
OUT_01714,59.35
OUT_01715,193.18
OUT_01716,1666.89
OUT_01717,52.87
OUT_01718,190.11
OUT_01719,60.91
OUT_01720,67.17
OUT_01721,66.86
OUT_01722,72.93
OUT_01723,194.22
OUT_01724,77.53
OUT_01725,1685.44
OUT_01726,52.89
OUT_01727,59.44
OUT_01728,59.72
OUT_01729,63.93
OUT_01730,194.23
OUT_01731,188.01
OUT_01732,215.86
OUT_01733,54.49
OUT_01734,191.78
OUT_01735,655.1
OUT_01736,1671.6
OUT_01737,668.2
OUT_01738,175.14
OUT_01739,186.84
OUT_01740,664.31
OUT_01741,191.19
OUT_01742,188.73
OUT_01743,56.6
OUT_01744,64.95
OUT_01745,59.76
OUT_01746,193.17
OUT_01747,53.22
OUT_01748,67.7
OUT_01749,694.34
OUT_01750,60.73
OUT_01751,63.91
OUT_01752,62.76
OUT_01753,51.5
OUT_01754,198.78
OUT_01755,201.98
OUT_01756,189.27
OUT_01757,689.07
OUT_01758,704.99
OUT_01759,70.66
OUT_01760,1675.76
OUT_01761,72.74
OUT_01762,54.66
OUT_01763,196.27
OUT_01764,58.04
OUT_01765,70.04
OUT_01766,641.24
OUT_01767,678.15
OUT_01768,195.0
OUT_01769,57.79
OUT_01770,191.82
OUT_01771,64.17
OUT_01772,199.47
OUT_01773,73.03
OUT_01774,193.3
OUT_01775,641.26
OUT_01776,59.74
OUT_01777,46.03
OUT_01778,192.1
OUT_01779,70.13
OUT_01780,198.4
OUT_01781,50.94
OUT_01782,1624.53
OUT_01783,72.05
OUT_01784,56.13
OUT_01785,655.01
OUT_01786,67.86
OUT_01787,39.04
OUT_01788,196.27
OUT_01789,49.67
OUT_01790,66.31
OUT_01791,55.17
OUT_01792,66.81
OUT_01793,63.16
OUT_01794,193.66
OUT_01795,199.42
OUT_01796,60.7
OUT_01797,57.98
OUT_01798,181.23
OUT_01799,46.27
OUT_01800,187.11
OUT_01801,672.59
OUT_01802,685.43
OUT_01803,643.3
OUT_01804,190.75
OUT_01805,203.95
OUT_01806,637.47
OUT_01807,72.12
OUT_01808,193.44
OUT_01809,191.19
OUT_01810,46.99
OUT_01811,68.49
OUT_01812,51.9
OUT_01813,191.66
OUT_01814,189.82
OUT_01815,62.13
OUT_01816,67.85
OUT_01817,69.95
OUT_01818,65.01
OUT_01819,53.66
OUT_01820,187.74
OUT_01821,1676.4
OUT_01822,69.75
OUT_01823,61.07
OUT_01824,68.66
OUT_01825,663.51
OUT_01826,686.48
OUT_01827,695.38
OUT_01828,190.33
OUT_01829,64.22
OUT_01830,64.28
OUT_01831,51.19
OUT_01832,55.73
OUT_01833,54.98
OUT_01834,664.99
OUT_01835,648.56
OUT_01836,75.55
OUT_01837,64.46
OUT_01838,193.18
OUT_01839,198.77
OUT_01840,66.79
OUT_01841,1643.95
OUT_01842,185.67
OUT_01843,60.29
OUT_01844,631.23
OUT_01845,72.67
OUT_01846,55.83
OUT_01847,663.99
OUT_01848,197.65
OUT_01849,65.28
OUT_01850,233.66
OUT_01851,674.97
OUT_01852,659.69
OUT_01853,187.21
OUT_01854,652.57
OUT_01855,56.46
OUT_01856,196.34
OUT_01857,57.18
OUT_01858,57.58
OUT_01859,67.34
OUT_01860,193.05
OUT_01861,195.7
OUT_01862,63.9
OUT_01863,188.97
OUT_01864,194.09
OUT_01865,64.94
OUT_01866,61.8
OUT_01867,65.18
OUT_01868,152.95
OUT_01869,1665.62
OUT_01870,60.18
OUT_01871,62.99
OUT_01872,199.46
OUT_01873,196.32
OUT_01874,49.3
OUT_01875,190.0
OUT_01876,198.27
OUT_01877,676.3
OUT_01878,658.26
OUT_01879,1681.78
OUT_01880,186.79
OUT_01881,62.64
OUT_01882,64.59
OUT_01883,61.95
OUT_01884,52.57
OUT_01885,190.68
OUT_01886,55.65
OUT_01887,654.68
OUT_01888,59.25
OUT_01889,193.71
OUT_01890,55.17
OUT_01891,648.61
OUT_01892,188.76
OUT_01893,41.61
OUT_01894,188.55
OUT_01895,65.25
OUT_01896,70.42
OUT_01897,668.52
OUT_01898,192.18
OUT_01899,655.84
OUT_01900,54.26
OUT_01901,1652.79
OUT_01902,55.93
OUT_01903,1692.3
OUT_01904,60.2
OUT_01905,57.24
OUT_01906,1692.75
OUT_01907,643.33
OUT_01908,623.98
OUT_01909,65.6
OUT_01910,61.2
OUT_01911,188.57
OUT_01912,65.02
OUT_01913,198.7
OUT_01914,66.49
OUT_01915,49.93
OUT_01916,64.13
OUT_01917,153.05
OUT_01918,49.12
OUT_01919,59.38
OUT_01920,66.49
OUT_01921,47.22
OUT_01922,60.06
OUT_01923,54.38
OUT_01924,61.34
OUT_01925,655.27
OUT_01926,671.42
OUT_01927,211.87
OUT_01928,673.55
OUT_01929,184.79
OUT_01930,54.54
OUT_01931,61.65
OUT_01932,185.37
OUT_01933,58.09
OUT_01934,61.03
OUT_01935,47.93
OUT_01936,56.61
OUT_01937,1698.54
OUT_01938,188.78
OUT_01939,186.08
OUT_01940,65.87
OUT_01941,199.59
OUT_01942,46.0
OUT_01943,53.51
OUT_01944,1692.04
OUT_01945,60.87
OUT_01946,197.26
OUT_01947,54.79
OUT_01948,199.65
OUT_01949,64.21
OUT_01950,71.87
OUT_01951,631.45
OUT_01952,47.91
OUT_01953,656.29
OUT_01954,197.6
OUT_01955,657.14
OUT_01956,58.03
OUT_01957,65.61
OUT_01958,197.43
OUT_01959,55.34
OUT_01960,55.45
OUT_01961,623.69
OUT_01962,69.82
OUT_01963,647.92
OUT_01964,63.19
OUT_01965,192.64
OUT_01966,64.03
OUT_01967,639.17
OUT_01968,188.68
OUT_01969,63.84
OUT_01970,1539.31
OUT_01971,191.6
OUT_01972,62.94
OUT_01973,61.7
OUT_01974,64.28
OUT_01975,186.25
OUT_01976,193.64
OUT_01977,50.39
OUT_01978,61.02
OUT_01979,196.52
OUT_01980,191.89
OUT_01981,198.67
OUT_01982,707.98
OUT_01983,212.48
OUT_01984,620.8
OUT_01985,670.36
OUT_01986,51.54
OUT_01987,48.96
OUT_01988,193.09
OUT_01989,186.43
OUT_01990,61.74
OUT_01991,628.99
OUT_01992,188.97
OUT_01993,43.97
OUT_01994,193.33
OUT_01995,66.25
OUT_01996,631.71
OUT_01997,659.45
OUT_01998,49.07
OUT_01999,667.53
OUT_02000,191.87
OUT_02001,59.33
OUT_02002,50.15
OUT_02003,60.48
OUT_02004,50.85
OUT_02005,191.44
OUT_02006,193.19
OUT_02007,192.94
OUT_02008,191.29
OUT_02009,186.21
OUT_02010,62.51
OUT_02011,52.74
OUT_02012,196.86
OUT_02013,53.48
OUT_02014,641.49
OUT_02015,62.25
OUT_02016,614.53
OUT_02017,677.8
OUT_02018,193.15
OUT_02019,50.25
OUT_02020,57.64
OUT_02021,54.82
OUT_02022,1646.76
OUT_02023,44.56
OUT_02024,188.06
OUT_02025,1676.05
OUT_02026,200.4
OUT_02027,197.43
OUT_02028,211.11
OUT_02029,195.24
OUT_02030,284.77
OUT_02031,50.82
OUT_02032,192.75
OUT_02033,39.77
OUT_02034,1683.08
OUT_02035,45.39
OUT_02036,47.57
OUT_02037,64.98
OUT_02038,49.28
OUT_02039,80.47
OUT_02040,188.83
OUT_02041,44.4
OUT_02042,60.86
OUT_02043,182.6
OUT_02044,644.52
OUT_02045,192.57
OUT_02046,72.36
OUT_02047,663.15
OUT_02048,69.56
OUT_02049,48.13
OUT_02050,64.66
OUT_02051,198.53
OUT_02052,60.26
OUT_02053,62.28
OUT_02054,665.53
OUT_02055,193.44
OUT_02056,1679.83
OUT_02057,189.39
OUT_02058,677.23
OUT_02059,190.16
OUT_02060,73.08
OUT_02061,55.74
OUT_02062,72.26
OUT_02063,59.56
OUT_02064,46.7
OUT_02065,69.56
OUT_02066,656.35
OUT_02067,64.82
OUT_02068,670.71
OUT_02069,60.76
OUT_02070,47.81
OUT_02071,64.89
OUT_02072,686.94
OUT_02073,1653.9
OUT_02074,64.32
OUT_02075,56.94
OUT_02076,69.52
OUT_02077,69.88
OUT_02078,1679.57
OUT_02079,185.46
OUT_02080,50.73
OUT_02081,59.33
OUT_02082,60.37
OUT_02083,1662.39
OUT_02084,189.36
OUT_02085,679.16
OUT_02086,191.77
OUT_02087,192.81
OUT_02088,639.99
OUT_02089,58.87
OUT_02090,64.38
OUT_02091,48.91
OUT_02092,194.64
OUT_02093,30.57
OUT_02094,648.65
OUT_02095,189.62
OUT_02096,1681.45
OUT_02097,634.0
OUT_02098,184.27
OUT_02099,188.18
OUT_02100,64.96
OUT_02101,49.33
OUT_02102,59.77
OUT_02103,192.84
OUT_02104,211.35
OUT_02105,54.17
OUT_02106,54.9
OUT_02107,56.16
OUT_02108,49.67
OUT_02109,65.74
OUT_02110,69.5
OUT_02111,49.91
OUT_02112,57.73
OUT_02113,195.71
OUT_02114,193.78
OUT_02115,48.11
OUT_02116,54.42
OUT_02117,52.1
OUT_02118,191.57
OUT_02119,190.11
OUT_02120,65.01
OUT_02121,671.3
OUT_02122,49.91
OUT_02123,187.45
OUT_02124,182.71
OUT_02125,47.51
OUT_02126,72.11
OUT_02127,65.05
OUT_02128,664.48
OUT_02129,59.71
OUT_02130,56.17
OUT_02131,628.73
OUT_02132,192.44
OUT_02133,665.07
OUT_02134,193.09
OUT_02135,184.13
OUT_02136,648.67
OUT_02137,192.44
OUT_02138,660.68
OUT_02139,679.52
OUT_02140,55.54
OUT_02141,196.47
OUT_02142,45.29
OUT_02143,195.27
OUT_02144,53.79
OUT_02145,53.32
OUT_02146,637.4
OUT_02147,187.09
OUT_02148,194.88
OUT_02149,64.07
OUT_02150,65.32
OUT_02151,192.9
OUT_02152,1680.7
OUT_02153,63.18
OUT_02154,55.29
OUT_02155,193.34
OUT_02156,65.22
OUT_02157,198.37
OUT_02158,70.15
OUT_02159,49.38
OUT_02160,57.47
OUT_02161,74.54
OUT_02162,191.45
OUT_02163,55.96
OUT_02164,187.06
OUT_02165,41.07
OUT_02166,38.72
OUT_02167,64.59
OUT_02168,63.86
OUT_02169,45.4
OUT_02170,63.51
OUT_02171,48.33
OUT_02172,188.19
OUT_02173,55.16
OUT_02174,68.33
OUT_02175,39.56
OUT_02176,1668.13
OUT_02177,186.81
OUT_02178,55.88
OUT_02179,206.66
OUT_02180,1671.9
OUT_02181,635.61
OUT_02182,65.31
OUT_02183,192.81
OUT_02184,211.4
OUT_02185,193.24
OUT_02186,69.69
OUT_02187,189.87
OUT_02188,65.33
OUT_02189,62.98
OUT_02190,1694.64
OUT_02191,193.36
OUT_02192,197.51
OUT_02193,196.37
OUT_02194,61.29
OUT_02195,53.92
OUT_02196,193.16
OUT_02197,57.47
OUT_02198,69.0
OUT_02199,55.64
OUT_02200,189.32
OUT_02201,654.12
OUT_02202,53.7
OUT_02203,616.88
OUT_02204,187.37
OUT_02205,644.26
OUT_02206,61.79
OUT_02207,642.61
OUT_02208,50.68
OUT_02209,56.41
OUT_02210,61.57
OUT_02211,60.43
OUT_02212,188.16
OUT_02213,50.84
OUT_02214,31.63
OUT_02215,187.05
OUT_02216,200.99
OUT_02217,678.32
OUT_02218,195.84
OUT_02219,188.46
OUT_02220,45.9
OUT_02221,44.48
OUT_02222,64.97
OUT_02223,201.26
OUT_02224,193.33
OUT_02225,57.49
OUT_02226,183.82
OUT_02227,57.15
OUT_02228,193.47
OUT_02229,195.71
OUT_02230,191.51
OUT_02231,61.47
OUT_02232,45.53
OUT_02233,67.14
OUT_02234,194.99
OUT_02235,59.58
OUT_02236,1650.74
OUT_02237,50.77
OUT_02238,680.0
OUT_02239,41.02
OUT_02240,61.14
OUT_02241,62.63
OUT_02242,651.4
OUT_02243,681.16
OUT_02244,198.4
OUT_02245,45.42
OUT_02246,676.32
OUT_02247,51.89
OUT_02248,191.02
OUT_02249,185.87
OUT_02250,59.81
OUT_02251,47.48
OUT_02252,54.99
OUT_02253,195.95
OUT_02254,194.18
OUT_02255,189.71
OUT_02256,50.41
OUT_02257,206.19
OUT_02258,51.71
OUT_02259,60.87
OUT_02260,64.03
OUT_02261,60.71
OUT_02262,51.7
OUT_02263,200.14
OUT_02264,45.68
OUT_02265,76.02
OUT_02266,66.24
OUT_02267,634.5
OUT_02268,55.65
OUT_02269,187.93
OUT_02270,59.75
OUT_02271,45.05
OUT_02272,207.5
OUT_02273,187.64
OUT_02274,44.57
OUT_02275,197.03
OUT_02276,62.0
OUT_02277,196.71
OUT_02278,53.45
OUT_02279,638.59
OUT_02280,193.46
OUT_02281,51.77
OUT_02282,55.1
OUT_02283,64.48
OUT_02284,186.98
OUT_02285,64.93
OUT_02286,588.9
OUT_02287,187.55
OUT_02288,203.29
OUT_02289,64.77
OUT_02290,48.01
OUT_02291,45.56
OUT_02292,56.57
OUT_02293,74.53
OUT_02294,35.02
OUT_02295,191.81
OUT_02296,151.45
OUT_02297,61.1
OUT_02298,686.47
OUT_02299,64.6
OUT_02300,56.01
OUT_02301,626.49
OUT_02302,57.24
OUT_02303,653.31
OUT_02304,189.18
OUT_02305,192.16
OUT_02306,65.99
OUT_02307,67.36
OUT_02308,651.45
OUT_02309,66.65
OUT_02310,682.08
OUT_02311,202.13
OUT_02312,191.13
OUT_02313,191.39
OUT_02314,196.1
OUT_02315,67.77
OUT_02316,64.52
OUT_02317,43.78
OUT_02318,197.48
OUT_02319,55.22
OUT_02320,184.78
OUT_02321,67.75
OUT_02322,1651.68
OUT_02323,66.25
OUT_02324,183.95
OUT_02325,67.35
OUT_02326,52.37
OUT_02327,61.22
OUT_02328,63.89
OUT_02329,62.69
OUT_02330,31.57
OUT_02331,62.97
OUT_02332,192.09
OUT_02333,74.76
OUT_02334,658.51
OUT_02335,60.38
OUT_02336,78.31
OUT_02337,56.93
OUT_02338,64.45
OUT_02339,48.45
OUT_02340,56.82
OUT_02341,186.49
OUT_02342,68.75
OUT_02343,192.25
OUT_02344,679.08
OUT_02345,67.17
OUT_02346,651.43
OUT_02347,192.36
OUT_02348,64.37
OUT_02349,193.7
OUT_02350,191.56
OUT_02351,1676.3
OUT_02352,188.05
OUT_02353,189.3
OUT_02354,194.56
OUT_02355,189.49
OUT_02356,50.58
OUT_02357,57.14
OUT_02358,651.87
OUT_02359,41.05
OUT_02360,48.53
OUT_02361,189.99
OUT_02362,46.9
OUT_02363,64.54
OUT_02364,191.81
OUT_02365,191.19
OUT_02366,49.38
OUT_02367,66.34
OUT_02368,57.13
OUT_02369,627.89
OUT_02370,44.41
OUT_02371,1654.01
OUT_02372,56.72
OUT_02373,1671.23
OUT_02374,205.7
OUT_02375,195.74
OUT_02376,73.91
OUT_02377,60.02
OUT_02378,65.33
OUT_02379,201.16
OUT_02380,55.65
OUT_02381,43.69
OUT_02382,60.69
OUT_02383,1674.43
OUT_02384,207.26
OUT_02385,673.47
OUT_02386,638.66
OUT_02387,644.25
OUT_02388,69.93
OUT_02389,41.73
OUT_02390,199.54
OUT_02391,182.62
OUT_02392,45.38
OUT_02393,52.61
OUT_02394,189.51
OUT_02395,66.66
OUT_02396,199.97
OUT_02397,72.55
OUT_02398,62.52
OUT_02399,677.94
OUT_02400,31.48
OUT_02401,1672.77
OUT_02402,56.02
OUT_02403,52.93
OUT_02404,688.97
OUT_02405,703.9
OUT_02406,49.33
OUT_02407,192.21
OUT_02408,197.97
OUT_02409,192.7
OUT_02410,51.5
OUT_02411,56.28
OUT_02412,60.5
OUT_02413,41.48
OUT_02414,64.66
OUT_02415,625.81
OUT_02416,668.77
OUT_02417,56.99
OUT_02418,645.33
OUT_02419,191.77
OUT_02420,55.12
OUT_02421,55.58
OUT_02422,1679.1
OUT_02423,276.53
OUT_02424,55.22
OUT_02425,190.17
OUT_02426,57.13
OUT_02427,187.05
OUT_02428,194.1
OUT_02429,72.74
OUT_02430,212.87
OUT_02431,1677.81
OUT_02432,56.42
OUT_02433,60.85
OUT_02434,49.57
OUT_02435,64.27
OUT_02436,680.94
OUT_02437,1691.22
OUT_02438,53.78
OUT_02439,201.53
OUT_02440,47.15
OUT_02441,61.41
OUT_02442,190.17
OUT_02443,58.35
OUT_02444,665.18
OUT_02445,222.32
OUT_02446,193.24
OUT_02447,56.02
OUT_02448,52.62
OUT_02449,62.15
OUT_02450,56.91
OUT_02451,199.94
OUT_02452,666.84
OUT_02453,72.81
OUT_02454,196.0
OUT_02455,64.75
OUT_02456,70.17
OUT_02457,193.33
OUT_02458,671.29
OUT_02459,1674.02
OUT_02460,194.44
OUT_02461,75.2
OUT_02462,67.15
OUT_02463,61.61
OUT_02464,57.2
OUT_02465,69.0
OUT_02466,67.04
OUT_02467,55.6
OUT_02468,51.62
OUT_02469,193.96
OUT_02470,195.13
OUT_02471,1682.08
OUT_02472,176.11
OUT_02473,59.91
OUT_02474,48.31
OUT_02475,1658.9
OUT_02476,59.86
OUT_02477,68.81
OUT_02478,58.0
OUT_02479,656.8
OUT_02480,64.47
OUT_02481,60.91
OUT_02482,673.23
OUT_02483,44.83
OUT_02484,192.66
OUT_02485,59.12
OUT_02486,200.05
OUT_02487,50.64
OUT_02488,63.97
OUT_02489,52.38
OUT_02490,188.71
OUT_02491,64.99
OUT_02492,193.69
OUT_02493,69.11
OUT_02494,187.47
OUT_02495,60.68
OUT_02496,197.35
OUT_02497,61.39
OUT_02498,664.92
OUT_02499,63.87
OUT_02500,193.31
OUT_02501,644.52
OUT_02502,206.37
OUT_02503,52.28
OUT_02504,61.7
OUT_02505,55.35
OUT_02506,69.58
OUT_02507,50.57
OUT_02508,68.65
OUT_02509,202.37
OUT_02510,205.08
OUT_02511,291.32
OUT_02512,183.04
OUT_02513,68.01
OUT_02514,654.48
OUT_02515,637.13
OUT_02516,639.03
OUT_02517,215.21
OUT_02518,58.55
OUT_02519,64.99
OUT_02520,193.14
OUT_02521,57.78
OUT_02522,193.9
OUT_02523,207.64
OUT_02524,685.59
OUT_02525,643.78
OUT_02526,62.57
OUT_02527,194.65
OUT_02528,195.65
OUT_02529,64.98
OUT_02530,197.6
OUT_02531,186.47
OUT_02532,63.18
OUT_02533,54.88
OUT_02534,192.89
OUT_02535,64.74
OUT_02536,59.07
OUT_02537,64.27
OUT_02538,629.93
OUT_02539,65.73
OUT_02540,51.0
OUT_02541,627.49
OUT_02542,62.44
OUT_02543,182.03
OUT_02544,191.57
OUT_02545,193.44
OUT_02546,64.79
OUT_02547,53.87
OUT_02548,194.44
OUT_02549,191.59
OUT_02550,66.24
OUT_02551,59.46
OUT_02552,662.8
OUT_02553,59.66
OUT_02554,54.39
OUT_02555,193.34
OUT_02556,64.79
OUT_02557,50.19
OUT_02558,57.0
OUT_02559,64.73
OUT_02560,46.85
OUT_02561,67.13
OUT_02562,60.26
OUT_02563,182.58
OUT_02564,56.04
OUT_02565,191.07
OUT_02566,201.88
OUT_02567,61.86
OUT_02568,183.93
OUT_02569,64.43
OUT_02570,191.99
OUT_02571,187.36
OUT_02572,66.15
OUT_02573,40.95
OUT_02574,195.08
OUT_02575,68.13
OUT_02576,1672.6
OUT_02577,73.12
OUT_02578,645.43
OUT_02579,152.55
OUT_02580,58.68
OUT_02581,190.12
OUT_02582,1656.41
OUT_02583,48.57
OUT_02584,41.65
OUT_02585,67.2
OUT_02586,1652.12
OUT_02587,47.36
OUT_02588,56.87
OUT_02589,46.66
OUT_02590,188.73
OUT_02591,675.21
OUT_02592,197.39
OUT_02593,635.37
OUT_02594,48.39
OUT_02595,74.03
OUT_02596,698.16
OUT_02597,671.17
OUT_02598,635.02
OUT_02599,1661.61
OUT_02600,190.34
OUT_02601,186.3
OUT_02602,60.98
OUT_02603,669.08
OUT_02604,47.9
OUT_02605,193.8
OUT_02606,638.46
OUT_02607,66.27
OUT_02608,189.77
OUT_02609,57.37
OUT_02610,190.74
OUT_02611,196.05
OUT_02612,193.24
OUT_02613,193.47
OUT_02614,55.24
OUT_02615,629.11
OUT_02616,662.37
OUT_02617,1700.33
OUT_02618,55.85
OUT_02619,184.83
OUT_02620,47.47
OUT_02621,186.27
OUT_02622,49.55
OUT_02623,64.13
OUT_02624,45.96
OUT_02625,193.02
OUT_02626,630.77
OUT_02627,50.65
OUT_02628,193.11
OUT_02629,52.79
OUT_02630,58.52
OUT_02631,55.05
OUT_02632,190.63
OUT_02633,62.92
OUT_02634,38.75
OUT_02635,62.25
OUT_02636,1657.55
OUT_02637,72.28
OUT_02638,192.88
OUT_02639,57.52
OUT_02640,185.03
OUT_02641,656.7
OUT_02642,49.03
OUT_02643,666.72
OUT_02644,190.81
OUT_02645,71.77
OUT_02646,64.54
OUT_02647,665.94
OUT_02648,55.52
OUT_02649,66.31
OUT_02650,184.81
OUT_02651,194.14
OUT_02652,61.95
OUT_02653,65.08
OUT_02654,694.97
OUT_02655,63.99
OUT_02656,60.88
OUT_02657,55.26
OUT_02658,51.86
OUT_02659,60.84
OUT_02660,66.82
OUT_02661,187.73
OUT_02662,60.66
OUT_02663,189.85
OUT_02664,708.14
OUT_02665,631.63
OUT_02666,176.66
OUT_02667,46.39
OUT_02668,662.15
OUT_02669,62.16
OUT_02670,49.12
OUT_02671,64.67
OUT_02672,57.22
OUT_02673,64.23
OUT_02674,43.11
OUT_02675,67.33
OUT_02676,191.58
OUT_02677,61.17
OUT_02678,64.3
OUT_02679,69.44
OUT_02680,56.73
OUT_02681,62.23
OUT_02682,61.74
OUT_02683,65.59
OUT_02684,619.32
OUT_02685,49.78
OUT_02686,187.68
OUT_02687,66.25
OUT_02688,205.77
OUT_02689,56.56
OUT_02690,196.71
OUT_02691,663.65
OUT_02692,191.72
OUT_02693,52.72
OUT_02694,60.37
OUT_02695,54.61
OUT_02696,217.34
OUT_02697,188.96
OUT_02698,188.84
OUT_02699,191.22
OUT_02700,44.71
OUT_02701,620.32
OUT_02702,64.75
OUT_02703,194.27
OUT_02704,46.72
OUT_02705,49.34
OUT_02706,67.67
OUT_02707,62.27
OUT_02708,71.28
OUT_02709,45.93
OUT_02710,206.16
OUT_02711,53.56
OUT_02712,46.76
OUT_02713,76.06
OUT_02714,194.99
OUT_02715,62.17
OUT_02716,54.81
OUT_02717,643.49
OUT_02718,62.78
OUT_02719,50.71
OUT_02720,38.11
OUT_02721,1649.8
OUT_02722,195.61
OUT_02723,59.92
OUT_02724,54.54
OUT_02725,55.54
OUT_02726,61.44
OUT_02727,61.9
OUT_02728,659.19
OUT_02729,50.49
OUT_02730,57.29
OUT_02731,193.35
OUT_02732,64.61
OUT_02733,71.43
OUT_02734,626.93
OUT_02735,51.52
OUT_02736,190.8
OUT_02737,196.16
OUT_02738,49.06
OUT_02739,191.34
OUT_02740,192.84
OUT_02741,49.94
OUT_02742,63.7
OUT_02743,59.26
OUT_02744,191.13
OUT_02745,65.87
OUT_02746,196.91
OUT_02747,63.36
OUT_02748,59.48
OUT_02749,55.93
OUT_02750,70.39
OUT_02751,673.12
OUT_02752,60.6
OUT_02753,191.25
OUT_02754,65.13
OUT_02755,1628.45
OUT_02756,60.54
OUT_02757,65.35
OUT_02758,1693.25
OUT_02759,58.6
OUT_02760,648.51
OUT_02761,63.91
OUT_02762,68.07
OUT_02763,64.5
OUT_02764,68.23
OUT_02765,623.78
OUT_02766,182.75
OUT_02767,195.29
OUT_02768,57.35
OUT_02769,65.42
OUT_02770,193.2
OUT_02771,64.77
OUT_02772,60.61
OUT_02773,183.99
OUT_02774,188.89
OUT_02775,205.37
OUT_02776,690.09
OUT_02777,65.19
OUT_02778,55.64
OUT_02779,69.3
OUT_02780,191.75
OUT_02781,193.83
OUT_02782,685.43
OUT_02783,1745.47
OUT_02784,192.75
OUT_02785,47.24
OUT_02786,64.22
OUT_02787,60.11
OUT_02788,204.26
OUT_02789,57.08
OUT_02790,49.1
OUT_02791,181.42
OUT_02792,649.28
OUT_02793,192.13
OUT_02794,71.19
OUT_02795,62.88
OUT_02796,44.27
OUT_02797,193.26
OUT_02798,194.73
OUT_02799,59.65
OUT_02800,203.98
OUT_02801,46.61
OUT_02802,58.98
OUT_02803,50.58
OUT_02804,52.78
OUT_02805,39.28
OUT_02806,175.83
OUT_02807,210.67
OUT_02808,284.07
OUT_02809,64.55
OUT_02810,192.94
OUT_02811,76.15
OUT_02812,57.13
OUT_02813,56.99
OUT_02814,61.48
OUT_02815,41.86
OUT_02816,74.24
OUT_02817,185.17
OUT_02818,190.85
OUT_02819,188.55
OUT_02820,649.72
OUT_02821,192.59
OUT_02822,67.04
OUT_02823,54.43
OUT_02824,188.53
OUT_02825,30.71
OUT_02826,94.44
OUT_02827,192.73
OUT_02828,57.78
OUT_02829,669.89
OUT_02830,194.15
OUT_02831,57.16
OUT_02832,627.96
OUT_02833,208.67
OUT_02834,191.81
OUT_02835,52.63
OUT_02836,1696.65
OUT_02837,66.02
OUT_02838,187.53
OUT_02839,65.6
OUT_02840,627.31
OUT_02841,1685.92
OUT_02842,203.14
OUT_02843,47.92
OUT_02844,51.84
OUT_02845,65.4
OUT_02846,193.02
OUT_02847,38.91
OUT_02848,30.54
OUT_02849,197.08
OUT_02850,53.49
OUT_02851,36.41
OUT_02852,195.24
OUT_02853,194.94
OUT_02854,1661.05
OUT_02855,56.69
OUT_02856,53.32
OUT_02857,192.62
OUT_02858,667.29
OUT_02859,61.24
OUT_02860,1691.1
OUT_02861,60.41
OUT_02862,49.99
OUT_02863,185.63
OUT_02864,195.26
OUT_02865,1681.59
OUT_02866,69.09
OUT_02867,64.21
OUT_02868,38.97
OUT_02869,56.1
OUT_02870,71.91
OUT_02871,66.12
OUT_02872,71.64
OUT_02873,198.51
OUT_02874,194.97
OUT_02875,191.97
OUT_02876,185.6
OUT_02877,56.81
OUT_02878,220.12
OUT_02879,47.17
OUT_02880,62.27
OUT_02881,69.42
OUT_02882,57.26
OUT_02883,1648.21
OUT_02884,40.88
OUT_02885,63.6
OUT_02886,50.76
OUT_02887,192.06
OUT_02888,53.8
OUT_02889,65.27
OUT_02890,684.36
OUT_02891,59.9
OUT_02892,1672.87
OUT_02893,67.8
OUT_02894,53.71
OUT_02895,648.33
OUT_02896,664.1
OUT_02897,201.91
OUT_02898,57.83
OUT_02899,51.32
OUT_02900,186.4
OUT_02901,203.61
OUT_02902,198.74
OUT_02903,54.73
OUT_02904,61.42
OUT_02905,56.88
OUT_02906,677.94
OUT_02907,54.45
OUT_02908,62.87
OUT_02909,208.57
OUT_02910,196.63
OUT_02911,1642.17
OUT_02912,53.74
OUT_02913,195.12
OUT_02914,53.82
OUT_02915,59.22
OUT_02916,43.89
OUT_02917,60.83
OUT_02918,60.8
OUT_02919,653.98
OUT_02920,183.6
OUT_02921,53.96
OUT_02922,636.52
OUT_02923,191.93
OUT_02924,193.14
OUT_02925,187.58
OUT_02926,59.03
OUT_02927,59.28
OUT_02928,48.88
OUT_02929,64.73
OUT_02930,697.76
OUT_02931,43.74
OUT_02932,180.94
OUT_02933,59.75
OUT_02934,54.13
OUT_02935,62.72
OUT_02936,1691.85
OUT_02937,49.31
OUT_02938,55.93
OUT_02939,193.59
OUT_02940,67.19
OUT_02941,1667.72
OUT_02942,67.32
OUT_02943,64.96
OUT_02944,55.67
OUT_02945,53.35
OUT_02946,50.88
OUT_02947,67.94
OUT_02948,51.91
OUT_02949,207.48
OUT_02950,1706.69
OUT_02951,54.56
OUT_02952,192.54
OUT_02953,192.22
OUT_02954,194.74
OUT_02955,65.7
OUT_02956,688.25
OUT_02957,45.55
OUT_02958,201.28
OUT_02959,193.54
OUT_02960,173.09
OUT_02961,56.44
OUT_02962,1704.76
OUT_02963,289.96
OUT_02964,1656.58
OUT_02965,60.49
OUT_02966,614.08
OUT_02967,48.79
OUT_02968,68.06
OUT_02969,677.6
OUT_02970,651.02
OUT_02971,192.88
OUT_02972,218.61
OUT_02973,196.0
OUT_02974,643.69
OUT_02975,54.87
OUT_02976,56.17
OUT_02977,194.27
OUT_02978,200.74
OUT_02979,51.06
OUT_02980,65.27
OUT_02981,55.97
OUT_02982,57.32
OUT_02983,194.15
OUT_02984,93.49
OUT_02985,191.58
OUT_02986,185.72
OUT_02987,46.62
OUT_02988,55.98
OUT_02989,190.25
OUT_02990,194.83
OUT_02991,48.34
OUT_02992,66.95
OUT_02993,193.53
OUT_02994,648.72
OUT_02995,65.61
OUT_02996,652.17
OUT_02997,651.04
OUT_02998,64.47
OUT_02999,47.37
OUT_03000,196.1
OUT_03001,189.6
OUT_03002,385.8
OUT_03003,61.09
OUT_03004,651.22
OUT_03005,57.39
OUT_03006,190.94
OUT_03007,64.63
OUT_03008,62.65
OUT_03009,194.32
OUT_03010,61.08
OUT_03011,56.37
OUT_03012,65.47
OUT_03013,197.53
OUT_03014,209.67
OUT_03015,184.55
OUT_03016,54.73
OUT_03017,180.56
OUT_03018,656.49
OUT_03019,202.44
OUT_03020,1645.98
OUT_03021,659.94
OUT_03022,67.48
OUT_03023,67.47
OUT_03024,190.71
OUT_03025,67.71
OUT_03026,36.53
OUT_03027,59.3
OUT_03028,190.7
OUT_03029,57.22
OUT_03030,63.94
OUT_03031,187.75
OUT_03032,62.24
OUT_03033,68.69
OUT_03034,65.71
OUT_03035,69.11
OUT_03036,655.86
OUT_03037,1629.77
OUT_03038,653.55
OUT_03039,189.87
OUT_03040,659.84
OUT_03041,188.25
OUT_03042,53.47
OUT_03043,193.51
OUT_03044,46.59
OUT_03045,68.73
OUT_03046,62.8
OUT_03047,60.63
OUT_03048,194.95
OUT_03049,53.38
OUT_03050,57.86
OUT_03051,73.26
OUT_03052,631.68
OUT_03053,440.35
OUT_03054,60.38
OUT_03055,195.51
OUT_03056,628.62
OUT_03057,73.04
OUT_03058,47.55
OUT_03059,193.47
OUT_03060,66.99
OUT_03061,699.01
OUT_03062,57.05
OUT_03063,62.62
OUT_03064,1683.49
OUT_03065,1650.78
OUT_03066,54.28
OUT_03067,70.59
OUT_03068,43.06
OUT_03069,184.03
OUT_03070,690.77
OUT_03071,67.38
OUT_03072,192.2
OUT_03073,62.31
OUT_03074,198.41
OUT_03075,1714.18
OUT_03076,196.04
OUT_03077,1676.25
OUT_03078,1647.84
OUT_03079,42.35
OUT_03080,57.7
OUT_03081,196.67
OUT_03082,75.23
OUT_03083,67.17
OUT_03084,607.46
OUT_03085,46.47
OUT_03086,46.48
OUT_03087,59.63
OUT_03088,626.05
OUT_03089,186.7
OUT_03090,196.99
OUT_03091,55.76
OUT_03092,43.54
OUT_03093,664.82
OUT_03094,68.0
OUT_03095,61.97
OUT_03096,60.46
OUT_03097,695.77
OUT_03098,65.1
OUT_03099,654.91
OUT_03100,59.71
OUT_03101,54.89
OUT_03102,195.49
OUT_03103,187.16
OUT_03104,62.44
OUT_03105,46.67
OUT_03106,48.03
OUT_03107,45.14
OUT_03108,49.61
OUT_03109,57.07
OUT_03110,60.57
OUT_03111,60.42
OUT_03112,190.47
OUT_03113,194.32
OUT_03114,53.04
OUT_03115,66.19
OUT_03116,188.89
OUT_03117,55.41
OUT_03118,59.77
OUT_03119,62.49
OUT_03120,55.28
OUT_03121,30.06
OUT_03122,56.83
OUT_03123,54.89
OUT_03124,63.84
OUT_03125,190.34
OUT_03126,52.46
OUT_03127,60.76
OUT_03128,41.45
OUT_03129,642.41
OUT_03130,59.98
OUT_03131,1652.48
OUT_03132,71.28
OUT_03133,63.85
OUT_03134,657.93
OUT_03135,60.68
OUT_03136,193.48
OUT_03137,56.51
OUT_03138,52.75
OUT_03139,188.45
OUT_03140,59.07
OUT_03141,66.82
OUT_03142,191.27
OUT_03143,63.43
OUT_03144,70.73
OUT_03145,49.02
OUT_03146,195.53
OUT_03147,207.24
OUT_03148,1658.35
OUT_03149,54.18
OUT_03150,196.67
OUT_03151,45.08
OUT_03152,61.54
OUT_03153,213.83
OUT_03154,635.91
OUT_03155,193.7
OUT_03156,187.89
OUT_03157,640.02
OUT_03158,63.73
OUT_03159,46.59
OUT_03160,190.44
OUT_03161,187.09
OUT_03162,72.25
OUT_03163,64.56
OUT_03164,658.47
OUT_03165,206.24
OUT_03166,65.65
OUT_03167,1670.83
OUT_03168,63.93
OUT_03169,45.21
OUT_03170,192.56
OUT_03171,187.68
OUT_03172,38.75
OUT_03173,67.9
OUT_03174,69.96
OUT_03175,193.87
OUT_03176,54.76
OUT_03177,65.77
OUT_03178,47.56
OUT_03179,204.5
OUT_03180,55.57
OUT_03181,70.27
OUT_03182,52.34
OUT_03183,662.66
OUT_03184,194.71
OUT_03185,62.54
OUT_03186,196.65
OUT_03187,66.53
OUT_03188,50.52
OUT_03189,194.52
OUT_03190,64.64
OUT_03191,676.55
OUT_03192,49.6
OUT_03193,54.32
OUT_03194,185.7
OUT_03195,56.18
OUT_03196,193.91
OUT_03197,60.93
OUT_03198,63.98
OUT_03199,192.62
OUT_03200,192.15
OUT_03201,185.93
OUT_03202,64.1
OUT_03203,62.51
OUT_03204,190.9
OUT_03205,61.55
OUT_03206,196.61
OUT_03207,54.76
OUT_03208,1627.9
OUT_03209,62.38
OUT_03210,66.58
OUT_03211,188.86
OUT_03212,60.44
OUT_03213,185.11
OUT_03214,198.58
OUT_03215,194.28
OUT_03216,59.68
OUT_03217,197.48
OUT_03218,193.38
OUT_03219,72.41
OUT_03220,193.19
OUT_03221,188.06
OUT_03222,194.07
OUT_03223,59.6
OUT_03224,195.27
OUT_03225,40.73
OUT_03226,51.64
OUT_03227,187.36
OUT_03228,1480.03
OUT_03229,1720.56
OUT_03230,47.23
OUT_03231,188.83
OUT_03232,38.64
OUT_03233,652.61
OUT_03234,186.81
OUT_03235,71.98
OUT_03236,55.87
OUT_03237,52.29
OUT_03238,61.12
OUT_03239,63.32
OUT_03240,192.22
OUT_03241,53.57
OUT_03242,652.19
OUT_03243,43.8
OUT_03244,55.86
OUT_03245,191.3
OUT_03246,62.92
OUT_03247,65.35
OUT_03248,353.9
OUT_03249,69.76
OUT_03250,62.73
OUT_03251,656.62
OUT_03252,650.6
OUT_03253,65.54
OUT_03254,53.86
OUT_03255,206.41
OUT_03256,195.21
OUT_03257,60.69
OUT_03258,184.44
OUT_03259,206.02
OUT_03260,651.56
OUT_03261,55.22
OUT_03262,188.14
OUT_03263,57.81
OUT_03264,1648.6
OUT_03265,205.2
OUT_03266,54.15
OUT_03267,62.87
OUT_03268,187.31
OUT_03269,188.35
OUT_03270,57.74
OUT_03271,660.28
OUT_03272,188.53
OUT_03273,641.01
OUT_03274,1663.77
OUT_03275,59.86
OUT_03276,45.65
OUT_03277,64.82
OUT_03278,58.22
OUT_03279,63.35
OUT_03280,71.4
OUT_03281,1616.46
OUT_03282,183.69
OUT_03283,631.46
OUT_03284,60.9
OUT_03285,45.72
OUT_03286,67.32
OUT_03287,1588.39
OUT_03288,185.92
OUT_03289,65.7
OUT_03290,64.12
OUT_03291,66.31
OUT_03292,47.63
OUT_03293,186.68
OUT_03294,69.64
OUT_03295,56.65
OUT_03296,1646.4
OUT_03297,654.22
OUT_03298,56.71
OUT_03299,185.83
OUT_03300,191.45
OUT_03301,192.99
OUT_03302,642.39
OUT_03303,68.15
OUT_03304,62.76
OUT_03305,57.54
OUT_03306,66.14
OUT_03307,69.89
OUT_03308,201.97
OUT_03309,55.75
OUT_03310,47.81
OUT_03311,57.34
OUT_03312,667.57
OUT_03313,62.1
OUT_03314,62.29
OUT_03315,1684.18
OUT_03316,676.41
OUT_03317,47.66
OUT_03318,72.16
OUT_03319,195.11
OUT_03320,50.2
OUT_03321,190.62
OUT_03322,198.49
OUT_03323,197.16
OUT_03324,655.98
OUT_03325,1693.88
OUT_03326,69.92
OUT_03327,653.69
OUT_03328,728.34
OUT_03329,187.06
OUT_03330,1651.69
OUT_03331,64.77
OUT_03332,52.99
OUT_03333,663.52
OUT_03334,647.58
OUT_03335,212.48
OUT_03336,197.52
OUT_03337,197.16
OUT_03338,62.4
OUT_03339,59.61
OUT_03340,186.26
OUT_03341,625.12
OUT_03342,60.06
OUT_03343,62.41
OUT_03344,652.59
OUT_03345,658.92
OUT_03346,1637.6
OUT_03347,67.04
OUT_03348,53.74
OUT_03349,194.83
OUT_03350,192.38
OUT_03351,65.1
OUT_03352,196.05
OUT_03353,1709.86
OUT_03354,62.25
OUT_03355,44.34
OUT_03356,50.53
OUT_03357,192.33
OUT_03358,1703.63
OUT_03359,675.65
OUT_03360,55.77
OUT_03361,192.19
OUT_03362,65.86
OUT_03363,72.62
OUT_03364,60.6
OUT_03365,65.12
OUT_03366,189.26
OUT_03367,201.43
OUT_03368,667.12
OUT_03369,47.93
OUT_03370,206.74
OUT_03371,188.54
OUT_03372,62.33
OUT_03373,208.24
OUT_03374,57.66
OUT_03375,66.7
OUT_03376,53.08
OUT_03377,193.63
OUT_03378,48.28
OUT_03379,192.27
OUT_03380,46.15
OUT_03381,1658.79
OUT_03382,61.22
OUT_03383,647.53
OUT_03384,62.88
OUT_03385,54.81
OUT_03386,72.16
OUT_03387,625.72
OUT_03388,620.0
OUT_03389,49.42
OUT_03390,65.01
OUT_03391,674.72
OUT_03392,65.22
OUT_03393,194.93
OUT_03394,76.66
OUT_03395,641.85
OUT_03396,183.43
OUT_03397,59.74
OUT_03398,57.49
OUT_03399,62.8
OUT_03400,193.88
OUT_03401,189.19
OUT_03402,1574.55
OUT_03403,59.76
OUT_03404,64.26
OUT_03405,58.9
OUT_03406,667.91
OUT_03407,190.94
OUT_03408,55.89
OUT_03409,190.9
OUT_03410,56.09
OUT_03411,1678.64
OUT_03412,45.76
OUT_03413,643.08
OUT_03414,659.94
OUT_03415,1680.81
OUT_03416,57.73
OUT_03417,75.83
OUT_03418,657.63
OUT_03419,62.32
OUT_03420,70.25
OUT_03421,53.42
OUT_03422,57.53
OUT_03423,638.55
OUT_03424,663.43
OUT_03425,194.29
OUT_03426,62.71
OUT_03427,157.04
OUT_03428,64.45
OUT_03429,52.56
OUT_03430,190.08
OUT_03431,58.92
OUT_03432,47.86
OUT_03433,64.88
OUT_03434,192.44
OUT_03435,52.5
OUT_03436,662.55
OUT_03437,45.32
OUT_03438,194.24
OUT_03439,189.8
OUT_03440,45.97
OUT_03441,53.26
OUT_03442,192.97
OUT_03443,682.24
OUT_03444,684.41
OUT_03445,186.68
OUT_03446,665.45
OUT_03447,71.77
OUT_03448,186.57
OUT_03449,49.3
OUT_03450,259.65
OUT_03451,648.9
OUT_03452,64.28
OUT_03453,193.25
OUT_03454,40.16
OUT_03455,61.3
OUT_03456,61.17
OUT_03457,193.97
OUT_03458,1658.8
OUT_03459,68.44
OUT_03460,64.36
OUT_03461,67.08
OUT_03462,63.16
OUT_03463,58.86
OUT_03464,62.63
OUT_03465,204.48
OUT_03466,202.71
OUT_03467,672.14
OUT_03468,221.64
OUT_03469,48.07
OUT_03470,59.06
OUT_03471,51.26
OUT_03472,64.53
OUT_03473,59.93
OUT_03474,72.73
OUT_03475,65.25
OUT_03476,194.81
OUT_03477,192.46
OUT_03478,55.81
OUT_03479,73.08
OUT_03480,194.17
OUT_03481,51.51
OUT_03482,622.7
OUT_03483,62.47
OUT_03484,1685.84
OUT_03485,63.08
OUT_03486,62.34
OUT_03487,60.97
OUT_03488,45.65
OUT_03489,192.21
OUT_03490,68.22
OUT_03491,193.32
OUT_03492,714.96
OUT_03493,1715.88
OUT_03494,189.78
OUT_03495,55.19
OUT_03496,50.64
OUT_03497,194.19
OUT_03498,186.8
OUT_03499,189.55
OUT_03500,54.6
OUT_03501,194.02
OUT_03502,66.08
OUT_03503,201.69
OUT_03504,54.9
OUT_03505,226.21
OUT_03506,197.96
OUT_03507,63.16
OUT_03508,643.79
OUT_03509,57.33
OUT_03510,49.32
OUT_03511,51.9
OUT_03512,41.58
OUT_03513,657.45
OUT_03514,49.48
OUT_03515,66.04
OUT_03516,54.89
OUT_03517,65.93
OUT_03518,193.41
OUT_03519,669.67
OUT_03520,55.2
OUT_03521,191.13
OUT_03522,76.38
OUT_03523,51.85
OUT_03524,206.38
OUT_03525,45.44
OUT_03526,55.42
OUT_03527,36.99
OUT_03528,57.9
OUT_03529,194.65
OUT_03530,46.24
OUT_03531,188.58
OUT_03532,48.76
OUT_03533,685.49
OUT_03534,198.1
OUT_03535,62.3
OUT_03536,51.31
OUT_03537,192.86
OUT_03538,60.51
OUT_03539,51.33
OUT_03540,52.53
OUT_03541,191.77
OUT_03542,197.59
OUT_03543,64.25
OUT_03544,59.12
OUT_03545,198.52
OUT_03546,62.03
OUT_03547,192.1
OUT_03548,54.52
OUT_03549,1676.69
OUT_03550,189.2
OUT_03551,651.91
OUT_03552,183.97
OUT_03553,59.51
OUT_03554,204.8
OUT_03555,635.44
OUT_03556,1577.61
OUT_03557,66.57
OUT_03558,196.38
OUT_03559,1666.76
OUT_03560,189.67
OUT_03561,187.63
OUT_03562,63.69
OUT_03563,207.16
OUT_03564,196.8
OUT_03565,192.91
OUT_03566,64.14
OUT_03567,189.61
OUT_03568,52.11
OUT_03569,650.07
OUT_03570,1685.34
OUT_03571,664.73
OUT_03572,647.99
OUT_03573,70.39
OUT_03574,196.12
OUT_03575,677.34
OUT_03576,54.62
OUT_03577,1671.15
OUT_03578,199.93
OUT_03579,677.03
OUT_03580,61.08
OUT_03581,66.71
OUT_03582,196.53
OUT_03583,70.01
OUT_03584,64.94
OUT_03585,51.67
OUT_03586,64.25
OUT_03587,218.8
OUT_03588,61.48
OUT_03589,56.49
OUT_03590,58.03
OUT_03591,1627.72
OUT_03592,59.32
OUT_03593,70.58
OUT_03594,190.5
OUT_03595,186.57
OUT_03596,195.75
OUT_03597,666.82
OUT_03598,658.42
OUT_03599,64.54
OUT_03600,61.2
OUT_03601,191.07
OUT_03602,191.85
OUT_03603,43.88
OUT_03604,194.44
OUT_03605,69.5
OUT_03606,724.16
OUT_03607,191.02
OUT_03608,78.89
OUT_03609,64.29
OUT_03610,71.24
OUT_03611,62.0
OUT_03612,39.51
OUT_03613,47.66
OUT_03614,64.35
OUT_03615,670.22
OUT_03616,659.47
OUT_03617,69.99
OUT_03618,70.78
OUT_03619,193.91
OUT_03620,215.13
OUT_03621,51.39
OUT_03622,644.98
OUT_03623,193.36
OUT_03624,56.86
OUT_03625,56.34
OUT_03626,61.81
OUT_03627,47.37
OUT_03628,55.03
OUT_03629,656.3
OUT_03630,216.56
OUT_03631,677.94
OUT_03632,67.32
OUT_03633,56.42
OUT_03634,637.75
OUT_03635,1694.57
OUT_03636,60.1
OUT_03637,194.25
OUT_03638,56.3
OUT_03639,45.03
OUT_03640,66.8
OUT_03641,194.73
OUT_03642,63.39
OUT_03643,187.89
OUT_03644,676.23
OUT_03645,193.74
OUT_03646,49.77
OUT_03647,64.69
OUT_03648,192.56
OUT_03649,183.68
OUT_03650,62.79
OUT_03651,651.21
OUT_03652,62.0
OUT_03653,1667.12
OUT_03654,66.96
OUT_03655,186.95
OUT_03656,52.36
OUT_03657,59.58
OUT_03658,56.83
OUT_03659,53.35
OUT_03660,61.96
OUT_03661,61.64
OUT_03662,40.04
OUT_03663,191.65
OUT_03664,183.51
OUT_03665,686.23
OUT_03666,59.6
OUT_03667,692.58
OUT_03668,195.3
OUT_03669,714.65
OUT_03670,69.45
OUT_03671,190.92
OUT_03672,59.7
OUT_03673,64.27
OUT_03674,191.09
OUT_03675,77.89
OUT_03676,1712.55
OUT_03677,57.51
OUT_03678,182.31
OUT_03679,52.45
OUT_03680,1679.71
OUT_03681,44.61
OUT_03682,45.97
OUT_03683,49.31
OUT_03684,60.67
OUT_03685,64.16
OUT_03686,1691.81
OUT_03687,37.95
OUT_03688,56.54
OUT_03689,57.3
OUT_03690,76.61
OUT_03691,62.83
OUT_03692,50.87
OUT_03693,59.65
OUT_03694,54.42
OUT_03695,192.43
OUT_03696,62.68
OUT_03697,185.62
OUT_03698,185.66
OUT_03699,669.31
OUT_03700,182.05
OUT_03701,652.73
OUT_03702,63.77
OUT_03703,194.9
OUT_03704,193.12
OUT_03705,52.58
OUT_03706,51.97
OUT_03707,41.46
OUT_03708,50.33
OUT_03709,664.48
OUT_03710,190.34
OUT_03711,62.55
OUT_03712,57.54
OUT_03713,62.68
OUT_03714,193.58
OUT_03715,191.38
OUT_03716,63.12
OUT_03717,31.13
OUT_03718,192.41
OUT_03719,1716.44
OUT_03720,64.48
OUT_03721,188.44
OUT_03722,55.82
OUT_03723,701.07
OUT_03724,1585.58
OUT_03725,65.91
OUT_03726,192.11
OUT_03727,54.34
OUT_03728,60.85
OUT_03729,215.33
OUT_03730,190.92
OUT_03731,192.77
OUT_03732,56.45
OUT_03733,49.58
OUT_03734,185.76
OUT_03735,190.31
OUT_03736,205.28
OUT_03737,66.77
OUT_03738,186.28
OUT_03739,672.93
OUT_03740,56.12
OUT_03741,1672.22
OUT_03742,63.75
OUT_03743,195.79
OUT_03744,66.76
OUT_03745,56.5
OUT_03746,184.94
OUT_03747,55.81
OUT_03748,187.25
OUT_03749,67.55
OUT_03750,70.89
OUT_03751,64.98
OUT_03752,65.3
OUT_03753,57.13
OUT_03754,627.83
OUT_03755,70.83
OUT_03756,192.84
OUT_03757,1667.73
OUT_03758,62.22
OUT_03759,63.11
OUT_03760,193.11
OUT_03761,55.92
OUT_03762,192.18
OUT_03763,62.0
OUT_03764,639.12
OUT_03765,42.23
OUT_03766,1665.9
OUT_03767,196.0
OUT_03768,75.17
OUT_03769,193.79
OUT_03770,184.47
OUT_03771,188.02
OUT_03772,638.13
OUT_03773,680.72
OUT_03774,43.97
OUT_03775,60.58
OUT_03776,50.77
OUT_03777,67.49
OUT_03778,30.21
OUT_03779,54.99
OUT_03780,78.05
OUT_03781,191.25
OUT_03782,191.14
OUT_03783,61.67
OUT_03784,53.71
OUT_03785,51.53
OUT_03786,1672.06
OUT_03787,184.48
OUT_03788,61.32
OUT_03789,193.91
OUT_03790,61.81
OUT_03791,636.55
OUT_03792,175.44
OUT_03793,64.36
OUT_03794,76.38
OUT_03795,185.06
OUT_03796,664.65
OUT_03797,64.18
OUT_03798,204.44
OUT_03799,191.04
OUT_03800,676.89
OUT_03801,204.13
OUT_03802,190.02
OUT_03803,662.12
OUT_03804,196.18
OUT_03805,65.65
OUT_03806,64.81
OUT_03807,62.12
OUT_03808,76.5
OUT_03809,66.12
OUT_03810,71.18
OUT_03811,61.24
OUT_03812,50.45
OUT_03813,57.08
OUT_03814,1638.6
OUT_03815,645.41
OUT_03816,48.85
OUT_03817,49.4
OUT_03818,72.32
OUT_03819,187.9
OUT_03820,67.28
OUT_03821,61.55
OUT_03822,56.52
OUT_03823,187.35
OUT_03824,668.43
OUT_03825,190.36
OUT_03826,62.78
OUT_03827,54.61
OUT_03828,636.09
OUT_03829,1673.47
OUT_03830,62.9
OUT_03831,195.97
OUT_03832,185.75
OUT_03833,636.4
OUT_03834,60.79
OUT_03835,55.89
OUT_03836,57.8
OUT_03837,67.58
OUT_03838,65.99
OUT_03839,55.68
OUT_03840,658.42
OUT_03841,636.79
OUT_03842,183.48
OUT_03843,220.09
OUT_03844,664.92
OUT_03845,64.77
OUT_03846,191.97
OUT_03847,714.64
OUT_03848,204.38
OUT_03849,688.71
OUT_03850,661.75
OUT_03851,37.74
OUT_03852,54.34
OUT_03853,184.24
OUT_03854,92.89
OUT_03855,56.72
OUT_03856,191.02
OUT_03857,64.39
OUT_03858,63.25
OUT_03859,60.52
OUT_03860,198.95
OUT_03861,677.77
OUT_03862,68.37
OUT_03863,646.44
OUT_03864,633.96
OUT_03865,59.99
OUT_03866,1649.22
OUT_03867,63.81
OUT_03868,56.64
OUT_03869,182.67
OUT_03870,53.39
OUT_03871,60.6
OUT_03872,51.45
OUT_03873,192.85
OUT_03874,62.83
OUT_03875,186.71
OUT_03876,661.78
OUT_03877,205.89
OUT_03878,644.54
OUT_03879,74.27
OUT_03880,51.9
OUT_03881,59.53
OUT_03882,60.38
OUT_03883,66.26
OUT_03884,61.98
OUT_03885,1658.97
OUT_03886,229.36
OUT_03887,63.51
OUT_03888,67.59
OUT_03889,201.51
OUT_03890,677.68
OUT_03891,186.09
OUT_03892,73.02
OUT_03893,644.38
OUT_03894,54.15
OUT_03895,652.86
OUT_03896,64.62
OUT_03897,191.68
OUT_03898,199.46
OUT_03899,192.15
OUT_03900,673.96
OUT_03901,68.95
OUT_03902,654.76
OUT_03903,65.81
OUT_03904,50.58
OUT_03905,189.19
OUT_03906,650.65
OUT_03907,193.34
OUT_03908,70.37
OUT_03909,187.8
OUT_03910,644.98
OUT_03911,1709.56
OUT_03912,65.56
OUT_03913,41.34
OUT_03914,57.27
OUT_03915,64.21
OUT_03916,701.91
OUT_03917,56.24
OUT_03918,644.41
OUT_03919,69.35
OUT_03920,666.11
OUT_03921,64.42
OUT_03922,193.61
OUT_03923,1676.14
OUT_03924,79.09
OUT_03925,66.55
OUT_03926,649.65
OUT_03927,651.32
OUT_03928,1671.37
OUT_03929,58.25
OUT_03930,190.86
OUT_03931,192.44
OUT_03932,193.85
OUT_03933,60.24
OUT_03934,196.03
OUT_03935,185.27
OUT_03936,59.62
OUT_03937,189.6
OUT_03938,43.18
OUT_03939,653.63
OUT_03940,186.02
OUT_03941,57.22
OUT_03942,198.0
OUT_03943,47.44
OUT_03944,1673.36
OUT_03945,62.02
OUT_03946,67.04
OUT_03947,193.66
OUT_03948,60.78
OUT_03949,67.11
OUT_03950,57.49
OUT_03951,44.63
OUT_03952,64.39
OUT_03953,188.28
OUT_03954,1670.56
OUT_03955,208.45
OUT_03956,58.28
OUT_03957,1624.96
OUT_03958,193.03
OUT_03959,1660.5
OUT_03960,669.22
OUT_03961,66.95
OUT_03962,52.26
OUT_03963,195.66
OUT_03964,188.34
OUT_03965,665.96
OUT_03966,60.61
OUT_03967,1674.96
OUT_03968,64.49
OUT_03969,57.85
OUT_03970,53.41
OUT_03971,52.59
OUT_03972,635.6
OUT_03973,60.28
OUT_03974,194.4
OUT_03975,306.08
OUT_03976,47.86
OUT_03977,58.7
OUT_03978,68.01
OUT_03979,185.38
OUT_03980,674.55
OUT_03981,209.2
OUT_03982,660.65
OUT_03983,1668.27
OUT_03984,61.1
OUT_03985,418.42
OUT_03986,694.17
OUT_03987,55.12
OUT_03988,638.99
OUT_03989,67.01
OUT_03990,60.54
OUT_03991,662.17
OUT_03992,196.06
OUT_03993,199.86
OUT_03994,656.69
OUT_03995,70.5
OUT_03996,66.12
OUT_03997,193.94
OUT_03998,65.29
OUT_03999,1701.18
OUT_04000,64.86
OUT_04001,53.63
OUT_04002,64.07
OUT_04003,62.77
OUT_04004,54.59
OUT_04005,636.66
OUT_04006,192.95
OUT_04007,204.27
OUT_04008,37.19
OUT_04009,654.41
OUT_04010,66.74
OUT_04011,194.38
OUT_04012,55.7
OUT_04013,645.16
OUT_04014,60.97
OUT_04015,63.53
OUT_04016,56.95
OUT_04017,194.96
OUT_04018,195.22
OUT_04019,61.71
OUT_04020,43.83
OUT_04021,659.08
OUT_04022,52.06
OUT_04023,189.82
OUT_04024,50.1
OUT_04025,198.11
OUT_04026,653.5
OUT_04027,1682.26
OUT_04028,71.89
OUT_04029,62.39
OUT_04030,62.12
OUT_04031,187.63
OUT_04032,191.8
OUT_04033,193.38
OUT_04034,200.79
OUT_04035,61.68
OUT_04036,71.23
OUT_04037,190.18
OUT_04038,57.87
OUT_04039,191.98
OUT_04040,62.19
OUT_04041,55.04
OUT_04042,59.32
OUT_04043,56.52
OUT_04044,641.26
OUT_04045,193.22
OUT_04046,193.58
OUT_04047,64.23
OUT_04048,677.85
OUT_04049,31.72
OUT_04050,662.61
OUT_04051,59.28
OUT_04052,667.26
OUT_04053,55.04
OUT_04054,64.99
OUT_04055,43.41
OUT_04056,1657.76
OUT_04057,196.82
OUT_04058,31.4
OUT_04059,664.11
OUT_04060,211.47
OUT_04061,649.71
OUT_04062,641.29
OUT_04063,634.34
OUT_04064,656.46
OUT_04065,54.27
OUT_04066,60.41
OUT_04067,194.02
OUT_04068,644.25
OUT_04069,184.77
OUT_04070,190.11
OUT_04071,639.47
OUT_04072,61.46
OUT_04073,66.95
OUT_04074,64.62
OUT_04075,191.63
OUT_04076,195.32
OUT_04077,66.03
OUT_04078,60.94
OUT_04079,71.06
OUT_04080,197.57
OUT_04081,41.56
OUT_04082,65.03
OUT_04083,265.9
OUT_04084,55.5
OUT_04085,43.6
OUT_04086,86.64
OUT_04087,192.83
OUT_04088,195.29
OUT_04089,57.48
OUT_04090,188.84
OUT_04091,61.36
OUT_04092,192.76
OUT_04093,59.84
OUT_04094,195.53
OUT_04095,72.82
OUT_04096,53.42
OUT_04097,649.3
OUT_04098,187.16
OUT_04099,192.45
OUT_04100,44.03
OUT_04101,58.85
OUT_04102,648.09
OUT_04103,64.78
OUT_04104,56.51
OUT_04105,192.35
OUT_04106,195.99
OUT_04107,199.96
OUT_04108,647.42
OUT_04109,66.31
OUT_04110,191.0
OUT_04111,648.84
OUT_04112,65.48
OUT_04113,51.79
OUT_04114,189.34
OUT_04115,192.93
OUT_04116,66.64
OUT_04117,55.03
OUT_04118,65.95
OUT_04119,649.27
OUT_04120,1657.23
OUT_04121,195.39
OUT_04122,192.75
OUT_04123,275.47
OUT_04124,67.21
OUT_04125,59.99
OUT_04126,190.06
OUT_04127,52.14
OUT_04128,1643.53
OUT_04129,61.33
OUT_04130,68.39
OUT_04131,660.19
OUT_04132,69.39
OUT_04133,190.22
OUT_04134,53.47
OUT_04135,205.98
OUT_04136,1670.66
OUT_04137,193.56
OUT_04138,67.09
OUT_04139,615.48
OUT_04140,50.22
OUT_04141,64.64
OUT_04142,652.66
OUT_04143,619.49
OUT_04144,66.24
OUT_04145,55.31
OUT_04146,44.53
OUT_04147,50.09
OUT_04148,48.98
OUT_04149,54.69
OUT_04150,184.9
OUT_04151,198.41
OUT_04152,55.69
OUT_04153,61.12
OUT_04154,658.38
OUT_04155,642.51
OUT_04156,61.88
OUT_04157,63.54
OUT_04158,51.66
OUT_04159,56.74
OUT_04160,73.41
OUT_04161,1669.24
OUT_04162,57.35
OUT_04163,37.21
OUT_04164,59.22
OUT_04165,647.17
OUT_04166,65.64
OUT_04167,77.09
OUT_04168,53.23
OUT_04169,59.48
OUT_04170,152.41
OUT_04171,1719.88
OUT_04172,69.42
OUT_04173,193.2
OUT_04174,641.2
OUT_04175,65.77
OUT_04176,193.1
OUT_04177,55.11
OUT_04178,66.23
OUT_04179,65.47
OUT_04180,192.31
OUT_04181,184.6
OUT_04182,49.2
OUT_04183,66.07
OUT_04184,48.06
OUT_04185,188.03
OUT_04186,49.45
OUT_04187,193.87
OUT_04188,38.12
OUT_04189,201.67
OUT_04190,655.64
OUT_04191,56.97
OUT_04192,76.05
OUT_04193,660.61
OUT_04194,712.5
OUT_04195,60.66
OUT_04196,669.58
OUT_04197,40.26
OUT_04198,195.01
OUT_04199,1670.44
OUT_04200,188.43
OUT_04201,60.24
OUT_04202,50.04
OUT_04203,192.26
OUT_04204,57.22
OUT_04205,186.02
OUT_04206,1587.01
OUT_04207,195.01
OUT_04208,59.89
OUT_04209,64.02
OUT_04210,153.76
OUT_04211,64.9
OUT_04212,192.41
OUT_04213,67.98
OUT_04214,197.8
OUT_04215,187.54
OUT_04216,187.96
OUT_04217,652.69
OUT_04218,50.59
OUT_04219,44.8
OUT_04220,76.88
OUT_04221,643.93
OUT_04222,59.76
OUT_04223,67.06
OUT_04224,176.21
OUT_04225,59.82
OUT_04226,647.59
OUT_04227,189.08
OUT_04228,59.79
OUT_04229,187.69
OUT_04230,72.14
OUT_04231,198.85
OUT_04232,656.01
OUT_04233,627.95
OUT_04234,67.25
OUT_04235,63.42
OUT_04236,189.97
OUT_04237,1675.61
OUT_04238,186.77
OUT_04239,1632.78
OUT_04240,92.41
OUT_04241,193.51
OUT_04242,56.99
OUT_04243,63.8
OUT_04244,46.13
OUT_04245,193.15
OUT_04246,55.67
OUT_04247,56.51
OUT_04248,59.69
OUT_04249,187.95
OUT_04250,661.53
OUT_04251,1654.91
OUT_04252,53.22
OUT_04253,56.09
OUT_04254,667.58
OUT_04255,51.79
OUT_04256,198.07
OUT_04257,53.29
OUT_04258,191.48
OUT_04259,642.35
OUT_04260,1679.45
OUT_04261,660.0
OUT_04262,60.08
OUT_04263,197.17
OUT_04264,64.6
OUT_04265,38.54
OUT_04266,69.31
OUT_04267,58.22
OUT_04268,60.8
OUT_04269,610.87
OUT_04270,194.32
OUT_04271,236.95
OUT_04272,185.43
OUT_04273,43.7
OUT_04274,195.02
OUT_04275,55.82
OUT_04276,189.82
OUT_04277,51.64
OUT_04278,46.31
OUT_04279,69.96
OUT_04280,195.08
OUT_04281,193.02
OUT_04282,653.98
OUT_04283,192.27
OUT_04284,57.88
OUT_04285,59.33
OUT_04286,192.7
OUT_04287,191.56
OUT_04288,59.96
OUT_04289,72.22
OUT_04290,62.59
OUT_04291,195.45
OUT_04292,67.84
OUT_04293,665.52
OUT_04294,194.75
OUT_04295,1644.39
OUT_04296,66.41
OUT_04297,60.17
OUT_04298,191.31
OUT_04299,187.97
OUT_04300,51.2
OUT_04301,70.02
OUT_04302,60.7
OUT_04303,63.41
OUT_04304,644.16
OUT_04305,192.16
OUT_04306,60.73
OUT_04307,55.96
OUT_04308,64.79
OUT_04309,678.28
OUT_04310,64.83
OUT_04311,73.82
OUT_04312,660.42
OUT_04313,57.08
OUT_04314,58.65
OUT_04315,54.27
OUT_04316,57.7
OUT_04317,191.85
OUT_04318,183.73
OUT_04319,64.44
OUT_04320,669.63
OUT_04321,65.7
OUT_04322,648.95
OUT_04323,30.64
OUT_04324,196.26
OUT_04325,65.34
OUT_04326,192.92
OUT_04327,62.36
OUT_04328,643.77
OUT_04329,46.04
OUT_04330,192.04
OUT_04331,161.73
OUT_04332,69.28
OUT_04333,190.41
OUT_04334,193.83
OUT_04335,676.59
OUT_04336,65.04
OUT_04337,60.0
OUT_04338,58.38
OUT_04339,63.84
OUT_04340,41.41
OUT_04341,61.55
OUT_04342,640.01
OUT_04343,52.38
OUT_04344,46.18
OUT_04345,60.92
OUT_04346,60.48
OUT_04347,658.88
OUT_04348,63.7
OUT_04349,671.83
OUT_04350,193.26
OUT_04351,613.2
OUT_04352,183.0
OUT_04353,189.9
OUT_04354,52.76
OUT_04355,49.34
OUT_04356,664.98
OUT_04357,643.43
OUT_04358,194.98
OUT_04359,1667.81
OUT_04360,194.8
OUT_04361,192.79
OUT_04362,65.41
OUT_04363,64.67
OUT_04364,62.89
OUT_04365,49.21
OUT_04366,69.9
OUT_04367,49.14
OUT_04368,1687.92
OUT_04369,194.16
OUT_04370,192.21
OUT_04371,55.27
OUT_04372,42.47
OUT_04373,191.52
OUT_04374,63.14
OUT_04375,64.62
OUT_04376,64.71
OUT_04377,46.8
OUT_04378,68.41
OUT_04379,41.9
OUT_04380,57.77
OUT_04381,30.2
OUT_04382,645.96
OUT_04383,41.08
OUT_04384,55.64
OUT_04385,672.72
OUT_04386,64.75
OUT_04387,194.46
OUT_04388,194.32
OUT_04389,50.31
OUT_04390,190.45
OUT_04391,187.74
OUT_04392,192.9
OUT_04393,1587.32
OUT_04394,64.43
OUT_04395,55.13
OUT_04396,55.73
OUT_04397,62.01
OUT_04398,56.65
OUT_04399,654.78
OUT_04400,647.93
OUT_04401,54.67
OUT_04402,632.48
OUT_04403,52.86
OUT_04404,696.95
OUT_04405,674.98
OUT_04406,65.7
OUT_04407,196.46
OUT_04408,55.92
OUT_04409,1660.79
OUT_04410,70.52
OUT_04411,57.88
OUT_04412,61.22
OUT_04413,654.72
OUT_04414,657.74
OUT_04415,634.96
OUT_04416,64.46
OUT_04417,196.53
OUT_04418,193.96
OUT_04419,57.62
OUT_04420,66.63
OUT_04421,55.67
OUT_04422,677.59
OUT_04423,188.2
OUT_04424,185.3
OUT_04425,68.64
OUT_04426,54.51
OUT_04427,56.04
OUT_04428,45.73
OUT_04429,195.58
OUT_04430,197.48
OUT_04431,50.55
OUT_04432,181.53
OUT_04433,659.88
OUT_04434,191.75
OUT_04435,657.66
OUT_04436,644.88
OUT_04437,654.85
OUT_04438,641.44
OUT_04439,708.4
OUT_04440,183.87
OUT_04441,57.18
OUT_04442,631.33
OUT_04443,53.7
OUT_04444,192.45
OUT_04445,56.37
OUT_04446,197.63
OUT_04447,48.2
OUT_04448,193.0
OUT_04449,673.8
OUT_04450,193.46
OUT_04451,193.16
OUT_04452,56.06
OUT_04453,153.12
OUT_04454,189.33
OUT_04455,57.25
OUT_04456,57.6
OUT_04457,194.18
OUT_04458,195.27
OUT_04459,63.38
OUT_04460,192.98
OUT_04461,64.58
OUT_04462,64.08
OUT_04463,60.99
OUT_04464,59.43
OUT_04465,192.51
OUT_04466,193.39
OUT_04467,185.28
OUT_04468,69.57
OUT_04469,50.14
OUT_04470,43.29
OUT_04471,682.63
OUT_04472,196.65
OUT_04473,52.18
OUT_04474,176.18
OUT_04475,61.25
OUT_04476,197.68
OUT_04477,66.91
OUT_04478,630.6
OUT_04479,197.9
OUT_04480,628.46
OUT_04481,53.35
OUT_04482,188.56
OUT_04483,73.15
OUT_04484,193.59
OUT_04485,68.02
OUT_04486,54.81
OUT_04487,651.14
OUT_04488,69.2
OUT_04489,671.02
OUT_04490,60.21
OUT_04491,46.99
OUT_04492,692.08
OUT_04493,66.45
OUT_04494,62.45
OUT_04495,62.62
OUT_04496,55.74
OUT_04497,187.68
OUT_04498,195.82
OUT_04499,64.85
OUT_04500,1660.98
OUT_04501,65.09
OUT_04502,186.57
OUT_04503,48.48
OUT_04504,55.36
OUT_04505,54.89
OUT_04506,191.38
OUT_04507,622.98
OUT_04508,56.49
OUT_04509,613.88
OUT_04510,191.48
OUT_04511,45.87
OUT_04512,46.95
OUT_04513,64.4
OUT_04514,668.65
OUT_04515,194.01
OUT_04516,193.73
OUT_04517,183.44
OUT_04518,152.14
OUT_04519,48.3
OUT_04520,656.66
OUT_04521,68.33
OUT_04522,65.03
OUT_04523,702.74
OUT_04524,41.31
OUT_04525,192.78
OUT_04526,680.76
OUT_04527,54.83
OUT_04528,636.56
OUT_04529,68.89
OUT_04530,47.46
OUT_04531,61.03
OUT_04532,65.18
OUT_04533,656.82
OUT_04534,49.17
OUT_04535,192.62
OUT_04536,198.81
OUT_04537,73.6
OUT_04538,54.97
OUT_04539,64.91
OUT_04540,199.27
OUT_04541,192.34
OUT_04542,53.04
OUT_04543,52.77
OUT_04544,193.99
OUT_04545,67.37
OUT_04546,57.59
OUT_04547,188.86
OUT_04548,61.18
OUT_04549,57.58
OUT_04550,62.88
OUT_04551,196.91
OUT_04552,202.9
OUT_04553,192.38
OUT_04554,64.57
OUT_04555,65.92
OUT_04556,671.37
OUT_04557,55.37
OUT_04558,190.66
OUT_04559,64.41
OUT_04560,655.92
OUT_04561,216.1
OUT_04562,51.28
OUT_04563,56.8
OUT_04564,54.25
OUT_04565,193.55
OUT_04566,191.58
OUT_04567,66.84
OUT_04568,640.26
OUT_04569,1673.87
OUT_04570,59.06
OUT_04571,208.48
OUT_04572,61.37
OUT_04573,196.17
OUT_04574,65.86
OUT_04575,187.37
OUT_04576,670.85
OUT_04577,62.55
OUT_04578,65.47
OUT_04579,43.87
OUT_04580,194.26
OUT_04581,180.18
OUT_04582,63.55
OUT_04583,183.37
OUT_04584,61.77
OUT_04585,64.08
OUT_04586,195.08
OUT_04587,61.13
OUT_04588,55.99
OUT_04589,44.99
OUT_04590,205.21
OUT_04591,61.03
OUT_04592,186.97
OUT_04593,1662.44
OUT_04594,710.83
OUT_04595,193.48
OUT_04596,72.91
OUT_04597,61.41
OUT_04598,647.23
OUT_04599,199.96
OUT_04600,60.33
OUT_04601,46.56
OUT_04602,54.66
OUT_04603,201.47
OUT_04604,79.98
OUT_04605,43.64
OUT_04606,647.51
OUT_04607,185.32
OUT_04608,47.52
OUT_04609,1684.48
OUT_04610,681.33
OUT_04611,664.21
OUT_04612,651.36
OUT_04613,652.67
OUT_04614,57.8
OUT_04615,676.02
OUT_04616,35.95
OUT_04617,185.29
OUT_04618,202.65
OUT_04619,195.88
OUT_04620,633.28
OUT_04621,188.84
OUT_04622,51.63
OUT_04623,64.44
OUT_04624,61.05
OUT_04625,77.12
OUT_04626,684.41
OUT_04627,314.83
OUT_04628,193.06
OUT_04629,189.8
OUT_04630,189.19
OUT_04631,61.63
OUT_04632,65.23
OUT_04633,189.92
OUT_04634,194.53
OUT_04635,61.34
OUT_04636,68.65
OUT_04637,61.53
OUT_04638,46.27
OUT_04639,60.53
OUT_04640,1734.14
OUT_04641,191.96
OUT_04642,55.76
OUT_04643,52.78
OUT_04644,711.73
OUT_04645,67.44
OUT_04646,56.69
OUT_04647,56.89
OUT_04648,188.67
OUT_04649,59.38
OUT_04650,54.1
OUT_04651,628.14
OUT_04652,56.14
OUT_04653,61.92
OUT_04654,57.5
OUT_04655,50.03
OUT_04656,56.49
OUT_04657,52.29
OUT_04658,52.83
OUT_04659,66.85
OUT_04660,44.92
OUT_04661,186.46
OUT_04662,64.55
OUT_04663,63.86
OUT_04664,628.32
OUT_04665,48.1
OUT_04666,73.23
OUT_04667,629.94
OUT_04668,50.23
OUT_04669,195.5
OUT_04670,56.16
OUT_04671,175.1
OUT_04672,174.64
OUT_04673,60.01
OUT_04674,60.53
OUT_04675,193.41
OUT_04676,677.56
OUT_04677,57.44
OUT_04678,1661.76
OUT_04679,670.25
OUT_04680,60.59
OUT_04681,197.04
OUT_04682,44.29
OUT_04683,193.65
OUT_04684,66.49
OUT_04685,191.33
OUT_04686,190.24
OUT_04687,59.7
OUT_04688,51.82
OUT_04689,58.88
OUT_04690,77.85
OUT_04691,57.17
OUT_04692,62.75
OUT_04693,63.71
OUT_04694,646.53
OUT_04695,202.56
OUT_04696,68.62
OUT_04697,190.1
OUT_04698,72.71
OUT_04699,196.24
OUT_04700,196.73
OUT_04701,648.88
OUT_04702,191.45
OUT_04703,672.92
OUT_04704,655.98
OUT_04705,55.12
OUT_04706,628.05
OUT_04707,187.52
OUT_04708,50.04
OUT_04709,61.37
OUT_04710,192.27
OUT_04711,59.52
OUT_04712,62.04
OUT_04713,664.66
OUT_04714,662.51
OUT_04715,64.99
OUT_04716,189.51
OUT_04717,64.12
OUT_04718,660.75
OUT_04719,68.85
OUT_04720,77.1
OUT_04721,197.52
OUT_04722,59.39
OUT_04723,189.94
OUT_04724,639.58
OUT_04725,59.26
OUT_04726,193.67
OUT_04727,66.2
OUT_04728,193.82
OUT_04729,192.66
OUT_04730,59.52
OUT_04731,174.96
OUT_04732,65.22
OUT_04733,624.43
OUT_04734,696.35
OUT_04735,62.61
OUT_04736,193.72
OUT_04737,643.56
OUT_04738,55.94
OUT_04739,50.97
OUT_04740,37.27
OUT_04741,65.51
OUT_04742,656.44
OUT_04743,182.56
OUT_04744,191.68
OUT_04745,58.21
OUT_04746,626.75
OUT_04747,187.36
OUT_04748,58.62
OUT_04749,36.6
OUT_04750,31.52
OUT_04751,640.79
OUT_04752,1645.29
OUT_04753,190.31
OUT_04754,189.21
OUT_04755,173.01
OUT_04756,190.77
OUT_04757,58.14
OUT_04758,648.62
OUT_04759,67.82
OUT_04760,68.59
OUT_04761,186.19
OUT_04762,66.77
OUT_04763,55.07
OUT_04764,59.82
OUT_04765,190.91
OUT_04766,610.07
OUT_04767,59.71
OUT_04768,687.06
OUT_04769,60.22
OUT_04770,67.75
OUT_04771,38.74
OUT_04772,679.08
OUT_04773,54.87
OUT_04774,193.52
OUT_04775,61.38
OUT_04776,210.35
OUT_04777,55.13
OUT_04778,63.95
OUT_04779,191.22
OUT_04780,67.96
OUT_04781,193.59
OUT_04782,195.53
OUT_04783,187.51
OUT_04784,187.96
OUT_04785,189.85
OUT_04786,183.62
OUT_04787,55.56
OUT_04788,194.35
OUT_04789,72.22
OUT_04790,1681.01
OUT_04791,652.46
OUT_04792,60.97
OUT_04793,59.87
OUT_04794,66.92
OUT_04795,684.64
OUT_04796,192.06
OUT_04797,67.39
OUT_04798,632.36
OUT_04799,66.12
OUT_04800,64.38
OUT_04801,56.0
OUT_04802,64.62
OUT_04803,70.67
OUT_04804,655.64
OUT_04805,52.09
OUT_04806,59.55
OUT_04807,189.16
OUT_04808,668.46
OUT_04809,64.91
OUT_04810,194.75
OUT_04811,671.28
OUT_04812,1666.8
OUT_04813,74.14
OUT_04814,705.35
OUT_04815,52.31
OUT_04816,63.23
OUT_04817,69.16
OUT_04818,197.83
OUT_04819,1659.54
OUT_04820,76.53
OUT_04821,65.97
OUT_04822,64.93
OUT_04823,199.83
OUT_04824,65.63
OUT_04825,61.07
OUT_04826,65.34
OUT_04827,56.91
OUT_04828,46.12
OUT_04829,61.34
OUT_04830,652.0
OUT_04831,64.47
OUT_04832,180.94
OUT_04833,195.78
OUT_04834,59.09
OUT_04835,1732.38
OUT_04836,177.54
OUT_04837,62.33
OUT_04838,51.77
OUT_04839,52.08
OUT_04840,56.64
OUT_04841,66.8
OUT_04842,62.89
OUT_04843,58.83
OUT_04844,671.06
OUT_04845,54.2
OUT_04846,72.66
OUT_04847,59.87
OUT_04848,193.89
OUT_04849,185.34
OUT_04850,67.17
OUT_04851,191.85
OUT_04852,191.75
OUT_04853,1663.68
OUT_04854,641.13
OUT_04855,69.3
OUT_04856,193.5
OUT_04857,650.96
OUT_04858,76.34
OUT_04859,189.47
OUT_04860,185.16
OUT_04861,190.1
OUT_04862,185.72
OUT_04863,55.71
OUT_04864,192.8
OUT_04865,183.42
OUT_04866,191.43
OUT_04867,52.25
OUT_04868,187.57
OUT_04869,643.73
OUT_04870,67.05
OUT_04871,69.29
OUT_04872,188.63
OUT_04873,655.84
OUT_04874,45.57
OUT_04875,62.09
OUT_04876,193.61
OUT_04877,74.69
OUT_04878,58.53
OUT_04879,1656.02
OUT_04880,68.07
OUT_04881,70.78
OUT_04882,192.32
OUT_04883,69.79
OUT_04884,64.37
OUT_04885,667.7
OUT_04886,191.12
OUT_04887,659.09
OUT_04888,63.03
OUT_04889,61.24
OUT_04890,46.89
OUT_04891,197.77
OUT_04892,650.9
OUT_04893,185.21
OUT_04894,52.12
OUT_04895,65.03
OUT_04896,54.72
OUT_04897,40.12
OUT_04898,637.16
OUT_04899,191.62
OUT_04900,57.4
OUT_04901,191.23
OUT_04902,52.39
OUT_04903,262.25
OUT_04904,188.76
OUT_04905,64.68
OUT_04906,58.53
OUT_04907,65.27
OUT_04908,58.41
OUT_04909,49.37
OUT_04910,190.69
OUT_04911,60.57
OUT_04912,152.94
OUT_04913,623.65
OUT_04914,188.52
OUT_04915,61.23
OUT_04916,55.25
OUT_04917,196.66
OUT_04918,63.58
OUT_04919,1639.99
OUT_04920,188.72
OUT_04921,69.41
OUT_04922,194.05
OUT_04923,64.09
OUT_04924,634.79
OUT_04925,662.32
OUT_04926,45.24
OUT_04927,203.53
OUT_04928,187.63
OUT_04929,201.44
OUT_04930,66.41
OUT_04931,67.77
OUT_04932,194.71
OUT_04933,46.91
OUT_04934,66.86
OUT_04935,61.19
OUT_04936,196.5
OUT_04937,193.19
OUT_04938,45.43
OUT_04939,61.18
OUT_04940,71.91
OUT_04941,619.96
OUT_04942,685.21
OUT_04943,57.6
OUT_04944,651.86
OUT_04945,195.85
OUT_04946,56.54
OUT_04947,645.06
OUT_04948,51.32
OUT_04949,184.34
OUT_04950,202.94
OUT_04951,56.27
OUT_04952,200.84
OUT_04953,655.47
OUT_04954,186.3
OUT_04955,48.22
OUT_04956,63.75
OUT_04957,62.31
OUT_04958,54.28
OUT_04959,192.1
OUT_04960,60.25
OUT_04961,50.09
OUT_04962,1676.62
OUT_04963,198.89
OUT_04964,56.13
OUT_04965,50.58
OUT_04966,64.01
OUT_04967,56.05
OUT_04968,194.94
OUT_04969,192.41
OUT_04970,57.13
OUT_04971,687.81
OUT_04972,185.31
OUT_04973,664.42
OUT_04974,211.04
OUT_04975,64.72
OUT_04976,62.48
OUT_04977,57.9
OUT_04978,189.04
OUT_04979,1670.89
OUT_04980,193.4
OUT_04981,62.32
OUT_04982,188.16
OUT_04983,646.62
OUT_04984,51.84
OUT_04985,675.68
OUT_04986,196.23
OUT_04987,62.48
OUT_04988,69.32
OUT_04989,67.7
OUT_04990,193.65
OUT_04991,45.4
OUT_04992,669.92
OUT_04993,61.89
OUT_04994,204.52
OUT_04995,53.46
OUT_04996,188.85
OUT_04997,64.09
OUT_04998,56.58
OUT_04999,295.7
OUT_05000,67.14
OUT_05001,61.98
OUT_05002,65.3
OUT_05003,53.57
OUT_05004,54.52
OUT_05005,194.12
OUT_05006,30.5
OUT_05007,1527.37
OUT_05008,62.73
OUT_05009,55.13
OUT_05010,72.43
OUT_05011,189.71
OUT_05012,56.73
OUT_05013,38.79
OUT_05014,197.12
OUT_05015,182.02
OUT_05016,196.65
OUT_05017,67.2
OUT_05018,185.94
OUT_05019,31.89
OUT_05020,61.94
OUT_05021,194.62
OUT_05022,42.97
OUT_05023,60.58
OUT_05024,194.91
OUT_05025,64.31
OUT_05026,186.97
OUT_05027,55.78
OUT_05028,49.3
OUT_05029,184.58
OUT_05030,56.72
OUT_05031,58.46
OUT_05032,66.98
OUT_05033,72.11
OUT_05034,191.58
OUT_05035,51.36
OUT_05036,55.69
OUT_05037,64.85
OUT_05038,44.02
OUT_05039,54.61
OUT_05040,65.04
OUT_05041,61.24
OUT_05042,62.61
OUT_05043,64.41
OUT_05044,193.56
OUT_05045,653.77
OUT_05046,714.87
OUT_05047,63.74
OUT_05048,62.23
OUT_05049,61.03
OUT_05050,1637.75
OUT_05051,60.46
OUT_05052,664.25
OUT_05053,63.51
OUT_05054,62.9
OUT_05055,62.04
OUT_05056,189.78
OUT_05057,195.2
OUT_05058,65.22
OUT_05059,187.52
OUT_05060,58.21
OUT_05061,43.67
OUT_05062,64.42
OUT_05063,64.07
OUT_05064,199.6
OUT_05065,195.15
OUT_05066,193.43
OUT_05067,75.4
OUT_05068,50.12
OUT_05069,65.31
OUT_05070,192.62
OUT_05071,1702.59
OUT_05072,69.92
OUT_05073,188.14
OUT_05074,59.46
OUT_05075,62.84
OUT_05076,56.37
OUT_05077,66.9
OUT_05078,222.83
OUT_05079,653.27
OUT_05080,192.91
OUT_05081,59.46
OUT_05082,182.32
OUT_05083,185.39
OUT_05084,196.61
OUT_05085,184.62
OUT_05086,41.01
OUT_05087,186.01
OUT_05088,65.48
OUT_05089,186.17
OUT_05090,194.45
OUT_05091,623.55
OUT_05092,1680.16
OUT_05093,186.71
OUT_05094,186.55
OUT_05095,1674.3
OUT_05096,59.62
OUT_05097,628.41
OUT_05098,61.47
OUT_05099,63.53
OUT_05100,66.72
OUT_05101,625.63
OUT_05102,198.7
OUT_05103,64.43
OUT_05104,679.05
OUT_05105,47.02
OUT_05106,68.13
OUT_05107,187.55
OUT_05108,59.73
OUT_05109,56.75
OUT_05110,60.35
OUT_05111,61.74
OUT_05112,193.84
OUT_05113,65.72
OUT_05114,64.52
OUT_05115,666.76
OUT_05116,160.85
OUT_05117,59.39
OUT_05118,185.79
OUT_05119,62.91
OUT_05120,1709.3
OUT_05121,68.7
OUT_05122,676.13
OUT_05123,189.13
OUT_05124,193.62
OUT_05125,56.05
OUT_05126,55.08
OUT_05127,54.68
OUT_05128,187.32
OUT_05129,188.77
OUT_05130,675.69
OUT_05131,189.42
OUT_05132,56.19
OUT_05133,1647.73
OUT_05134,191.57
OUT_05135,60.95
OUT_05136,195.44
OUT_05137,51.92
OUT_05138,64.09
OUT_05139,60.36
OUT_05140,43.21
OUT_05141,194.78
OUT_05142,646.04
OUT_05143,185.46
OUT_05144,65.3
OUT_05145,60.13
OUT_05146,69.81
OUT_05147,184.83
OUT_05148,59.49
OUT_05149,183.41
OUT_05150,195.61
OUT_05151,64.05
OUT_05152,73.68
OUT_05153,73.37
OUT_05154,65.47
OUT_05155,199.44
OUT_05156,1659.33
OUT_05157,1615.07
OUT_05158,55.39
OUT_05159,192.43
OUT_05160,54.27
OUT_05161,631.64
OUT_05162,690.68
OUT_05163,193.28
OUT_05164,49.59
OUT_05165,57.26
OUT_05166,626.38
OUT_05167,199.63
OUT_05168,666.47
OUT_05169,64.29
OUT_05170,674.78
OUT_05171,67.34
OUT_05172,44.41
OUT_05173,59.38
OUT_05174,200.45
OUT_05175,633.25
OUT_05176,673.23
OUT_05177,62.8
OUT_05178,629.91
OUT_05179,45.41
OUT_05180,65.11
OUT_05181,1662.99
OUT_05182,69.97
OUT_05183,186.12
OUT_05184,44.81
OUT_05185,668.07
OUT_05186,632.9
OUT_05187,194.9
OUT_05188,684.57
OUT_05189,62.7
OUT_05190,36.39
OUT_05191,58.04
OUT_05192,193.58
OUT_05193,46.69
OUT_05194,192.65
OUT_05195,188.94
OUT_05196,59.63
OUT_05197,655.18
OUT_05198,1633.14
OUT_05199,187.24
OUT_05200,56.15
OUT_05201,698.55
OUT_05202,56.11
OUT_05203,192.61
OUT_05204,1692.77
OUT_05205,1626.9
OUT_05206,66.74
OUT_05207,151.02
OUT_05208,64.76
OUT_05209,58.82
OUT_05210,69.53
OUT_05211,191.71
OUT_05212,62.22
OUT_05213,50.86
OUT_05214,64.5
OUT_05215,64.51
OUT_05216,633.47
OUT_05217,43.15
OUT_05218,189.99
OUT_05219,63.74
OUT_05220,194.33
OUT_05221,41.98
OUT_05222,668.71
OUT_05223,67.61
OUT_05224,57.51
OUT_05225,180.93
OUT_05226,60.21
OUT_05227,52.79
OUT_05228,60.66
OUT_05229,53.22
OUT_05230,1700.96
OUT_05231,647.22
OUT_05232,194.35
OUT_05233,639.24
OUT_05234,205.03
OUT_05235,57.0
OUT_05236,45.32
OUT_05237,192.71
OUT_05238,39.32
OUT_05239,187.96
OUT_05240,197.11
OUT_05241,62.9
OUT_05242,51.07
OUT_05243,186.23
OUT_05244,195.92
OUT_05245,56.73
OUT_05246,50.38
OUT_05247,55.77
OUT_05248,189.81
OUT_05249,213.32
OUT_05250,1627.34
OUT_05251,49.04
OUT_05252,63.48
OUT_05253,198.82
OUT_05254,65.23
OUT_05255,658.45
OUT_05256,659.55
OUT_05257,672.99
OUT_05258,42.85
OUT_05259,658.3
OUT_05260,190.86
OUT_05261,57.49
OUT_05262,60.04
OUT_05263,67.03
OUT_05264,626.99
OUT_05265,278.81
OUT_05266,64.43
OUT_05267,194.82
OUT_05268,55.73
OUT_05269,1675.55
OUT_05270,201.01
OUT_05271,648.27
OUT_05272,645.16
OUT_05273,55.8
OUT_05274,186.4
OUT_05275,66.33
OUT_05276,61.33
OUT_05277,54.62
OUT_05278,64.82
OUT_05279,41.1
OUT_05280,1707.94
OUT_05281,194.05
OUT_05282,185.7
OUT_05283,195.32
OUT_05284,59.74
OUT_05285,64.57
OUT_05286,636.92
OUT_05287,670.23
OUT_05288,68.29
OUT_05289,195.65
OUT_05290,193.63
OUT_05291,41.56
OUT_05292,647.85
OUT_05293,54.55
OUT_05294,54.69
OUT_05295,222.43
OUT_05296,44.59
OUT_05297,1664.76
OUT_05298,62.2
OUT_05299,665.26
OUT_05300,191.41
OUT_05301,195.87
OUT_05302,670.04
OUT_05303,62.95
OUT_05304,54.37
OUT_05305,196.6
OUT_05306,62.39
OUT_05307,64.05
OUT_05308,64.64
OUT_05309,61.36
OUT_05310,68.79
OUT_05311,182.37
OUT_05312,59.7
OUT_05313,70.79
OUT_05314,195.87
OUT_05315,38.85
OUT_05316,204.79
OUT_05317,66.96
OUT_05318,678.71
OUT_05319,192.55
OUT_05320,191.79
OUT_05321,192.18
OUT_05322,36.81
OUT_05323,45.79
OUT_05324,192.54
OUT_05325,661.62
OUT_05326,57.86
OUT_05327,57.66
OUT_05328,192.37
OUT_05329,650.56
OUT_05330,61.5
OUT_05331,66.91
OUT_05332,654.02
OUT_05333,668.87
OUT_05334,45.39
OUT_05335,183.94
OUT_05336,191.92
OUT_05337,194.96
OUT_05338,55.67
OUT_05339,67.25
OUT_05340,703.87
OUT_05341,51.69
OUT_05342,173.44
OUT_05343,204.56
OUT_05344,194.21
OUT_05345,62.58
OUT_05346,65.09
OUT_05347,67.78
OUT_05348,71.65
OUT_05349,618.45
OUT_05350,194.75
OUT_05351,677.62
OUT_05352,191.33
OUT_05353,55.42
OUT_05354,181.52
OUT_05355,1673.88
OUT_05356,61.72
OUT_05357,678.42
OUT_05358,658.16
OUT_05359,68.35
OUT_05360,190.3
OUT_05361,52.68
OUT_05362,184.87
OUT_05363,56.79
OUT_05364,66.89
OUT_05365,56.33
OUT_05366,1669.29
OUT_05367,198.31
OUT_05368,56.05
OUT_05369,184.05
OUT_05370,69.63
OUT_05371,58.96
OUT_05372,192.09
OUT_05373,203.02
OUT_05374,60.32
OUT_05375,638.9
OUT_05376,63.27
OUT_05377,682.21
OUT_05378,41.25
OUT_05379,193.78
OUT_05380,53.18
OUT_05381,44.46
OUT_05382,57.77
OUT_05383,43.76
OUT_05384,642.21
OUT_05385,195.35
OUT_05386,61.29
OUT_05387,1706.68
OUT_05388,64.4
OUT_05389,56.93
OUT_05390,53.46
OUT_05391,46.15
OUT_05392,193.29
OUT_05393,194.9
OUT_05394,48.24
OUT_05395,64.35
OUT_05396,287.35
OUT_05397,68.93
OUT_05398,63.44
OUT_05399,60.54
OUT_05400,60.94
OUT_05401,196.73
OUT_05402,199.95
OUT_05403,664.19
OUT_05404,201.92
OUT_05405,185.82
OUT_05406,191.84
OUT_05407,666.0
OUT_05408,53.34
OUT_05409,204.69
OUT_05410,609.79
OUT_05411,72.61
OUT_05412,664.91
OUT_05413,65.22
OUT_05414,57.28
OUT_05415,190.88
OUT_05416,199.56
OUT_05417,64.3
OUT_05418,670.64
OUT_05419,188.46
OUT_05420,54.81
OUT_05421,74.51
OUT_05422,69.96
OUT_05423,61.31
OUT_05424,200.31
OUT_05425,62.2
OUT_05426,1673.29
OUT_05427,645.97
OUT_05428,679.82
OUT_05429,65.37
OUT_05430,1672.68
OUT_05431,194.68
OUT_05432,69.82
OUT_05433,59.72
OUT_05434,55.19
OUT_05435,189.31
OUT_05436,54.7
OUT_05437,63.84
OUT_05438,61.66
OUT_05439,183.59
OUT_05440,64.75
OUT_05441,60.85
OUT_05442,658.79
OUT_05443,193.76
OUT_05444,55.26
OUT_05445,190.48
OUT_05446,61.17
OUT_05447,194.6
OUT_05448,644.03
OUT_05449,46.69
OUT_05450,187.72
OUT_05451,194.24
OUT_05452,673.96
OUT_05453,1674.97
OUT_05454,184.59
OUT_05455,52.55
OUT_05456,191.24
OUT_05457,63.68
OUT_05458,192.6
OUT_05459,649.18
OUT_05460,60.41
OUT_05461,192.76
OUT_05462,191.02
OUT_05463,52.47
OUT_05464,59.44
OUT_05465,1662.17
OUT_05466,280.76
OUT_05467,61.7
OUT_05468,71.92
OUT_05469,51.91
OUT_05470,1705.74
OUT_05471,60.46
OUT_05472,64.48
OUT_05473,190.94
OUT_05474,64.97
OUT_05475,59.15
OUT_05476,54.86
OUT_05477,55.98
OUT_05478,646.99
OUT_05479,54.25
OUT_05480,62.22
OUT_05481,55.87
OUT_05482,697.23
OUT_05483,628.84
OUT_05484,67.37
OUT_05485,1648.32
OUT_05486,683.24
OUT_05487,207.81
OUT_05488,193.66
OUT_05489,43.62
OUT_05490,655.26
OUT_05491,64.4
OUT_05492,189.11
OUT_05493,695.65
OUT_05494,194.93
OUT_05495,662.18
OUT_05496,72.65
OUT_05497,669.43
OUT_05498,59.37
OUT_05499,61.95
OUT_05500,183.39
OUT_05501,650.28
OUT_05502,62.27
OUT_05503,42.27
OUT_05504,186.77
OUT_05505,153.38
OUT_05506,189.66
OUT_05507,40.07
OUT_05508,654.27
OUT_05509,193.8
OUT_05510,60.82
OUT_05511,673.6
OUT_05512,193.2
OUT_05513,53.44
OUT_05514,668.31
OUT_05515,63.7
OUT_05516,191.83
OUT_05517,45.93
OUT_05518,62.11
OUT_05519,59.16
OUT_05520,54.4
OUT_05521,62.72
OUT_05522,202.75
OUT_05523,636.6
OUT_05524,59.34
OUT_05525,186.1
OUT_05526,51.99
OUT_05527,51.67
OUT_05528,65.21
OUT_05529,67.54
OUT_05530,193.61
OUT_05531,74.23
OUT_05532,182.2
OUT_05533,61.38
OUT_05534,64.69
OUT_05535,199.11
OUT_05536,192.91
OUT_05537,664.43
OUT_05538,186.55
OUT_05539,51.76
OUT_05540,710.36
OUT_05541,57.14
OUT_05542,646.61
OUT_05543,640.45
OUT_05544,55.43
OUT_05545,195.64
OUT_05546,44.17
OUT_05547,64.14
OUT_05548,55.62
OUT_05549,48.61
OUT_05550,53.44
OUT_05551,616.85
OUT_05552,663.04
OUT_05553,194.38
OUT_05554,54.53
OUT_05555,674.5
OUT_05556,59.51
OUT_05557,46.95
OUT_05558,47.11
OUT_05559,63.69
OUT_05560,188.8
OUT_05561,54.89
OUT_05562,192.22
OUT_05563,189.27
OUT_05564,1562.98
OUT_05565,661.63
OUT_05566,57.29
OUT_05567,66.56
OUT_05568,184.44
OUT_05569,658.77
OUT_05570,62.6
OUT_05571,632.41
OUT_05572,54.18
OUT_05573,182.93
OUT_05574,63.28
OUT_05575,652.9
OUT_05576,677.73
OUT_05577,631.27
OUT_05578,1695.68
OUT_05579,657.48
OUT_05580,190.01
OUT_05581,59.3
OUT_05582,60.67
OUT_05583,54.6
OUT_05584,188.19
OUT_05585,189.92
OUT_05586,189.39
OUT_05587,189.87
OUT_05588,192.99
OUT_05589,64.89
OUT_05590,191.21
OUT_05591,191.15
OUT_05592,1652.78
OUT_05593,681.64
OUT_05594,197.97
OUT_05595,52.51
OUT_05596,65.04
OUT_05597,1651.97
OUT_05598,197.84
OUT_05599,61.21
OUT_05600,60.79
OUT_05601,45.65
OUT_05602,52.06
OUT_05603,58.61
OUT_05604,668.27
OUT_05605,57.36
OUT_05606,1656.24
OUT_05607,191.48
OUT_05608,188.8
OUT_05609,191.45
OUT_05610,65.29
OUT_05611,45.88
OUT_05612,66.96
OUT_05613,678.78
OUT_05614,65.43
OUT_05615,184.17
OUT_05616,192.68
OUT_05617,54.91
OUT_05618,183.85
OUT_05619,596.16
OUT_05620,681.32
OUT_05621,668.68
OUT_05622,38.65
OUT_05623,59.44
OUT_05624,67.91
OUT_05625,31.52
OUT_05626,657.41
OUT_05627,51.94
OUT_05628,65.12
OUT_05629,55.09
OUT_05630,202.67
OUT_05631,78.16
OUT_05632,188.18
OUT_05633,194.77
OUT_05634,55.88
OUT_05635,50.58
OUT_05636,56.46
OUT_05637,45.22
OUT_05638,195.08
OUT_05639,617.71
OUT_05640,652.89
OUT_05641,57.43
OUT_05642,66.99
OUT_05643,63.19
OUT_05644,189.4
OUT_05645,182.54
OUT_05646,66.61
OUT_05647,192.71
OUT_05648,63.46
OUT_05649,40.6
OUT_05650,42.79
OUT_05651,187.63
OUT_05652,199.74
OUT_05653,57.94
OUT_05654,44.81
OUT_05655,634.89
OUT_05656,196.33
OUT_05657,622.97
OUT_05658,677.68
OUT_05659,59.65
OUT_05660,55.51
OUT_05661,191.43
OUT_05662,70.23
OUT_05663,67.3
OUT_05664,627.74
OUT_05665,65.66
OUT_05666,64.76
OUT_05667,190.52
OUT_05668,38.83
OUT_05669,54.46
OUT_05670,207.0
OUT_05671,210.11
OUT_05672,57.63
OUT_05673,60.78
OUT_05674,71.33
OUT_05675,43.1
OUT_05676,188.55
OUT_05677,185.31
OUT_05678,52.7
OUT_05679,192.43
OUT_05680,56.65
OUT_05681,59.89
OUT_05682,676.54
OUT_05683,59.68
OUT_05684,194.43
OUT_05685,184.94
OUT_05686,57.56
OUT_05687,64.16
OUT_05688,193.83
OUT_05689,194.82
OUT_05690,192.35
OUT_05691,635.44
OUT_05692,637.71
OUT_05693,188.09
OUT_05694,1719.34
OUT_05695,43.03
OUT_05696,55.71
OUT_05697,63.35
OUT_05698,192.73
OUT_05699,1689.63
OUT_05700,65.81
OUT_05701,56.52
OUT_05702,56.78
OUT_05703,683.08
OUT_05704,60.74
OUT_05705,45.87
OUT_05706,66.57
OUT_05707,65.24
OUT_05708,64.5
OUT_05709,183.15
OUT_05710,64.76
OUT_05711,658.95
OUT_05712,63.28
OUT_05713,63.71
OUT_05714,189.1
OUT_05715,52.32
OUT_05716,670.19
OUT_05717,64.21
OUT_05718,658.86
OUT_05719,195.11
OUT_05720,56.85
OUT_05721,66.6
OUT_05722,190.81
OUT_05723,62.84
OUT_05724,53.58
OUT_05725,54.27
OUT_05726,194.09
OUT_05727,1602.12
OUT_05728,69.72
OUT_05729,65.3
OUT_05730,56.15
OUT_05731,64.41
OUT_05732,667.8
OUT_05733,641.64
OUT_05734,55.01
OUT_05735,62.34
OUT_05736,190.96
OUT_05737,62.41
OUT_05738,63.81
OUT_05739,188.51
OUT_05740,189.03
OUT_05741,46.62
OUT_05742,184.35
OUT_05743,1651.75
OUT_05744,192.62
OUT_05745,62.04
OUT_05746,53.19
OUT_05747,65.0
OUT_05748,59.63
OUT_05749,187.6
OUT_05750,204.07
OUT_05751,74.82
OUT_05752,195.64
OUT_05753,48.47
OUT_05754,189.85
OUT_05755,58.0
OUT_05756,215.57
OUT_05757,1696.27
OUT_05758,194.05
OUT_05759,60.91
OUT_05760,59.9
OUT_05761,191.98
OUT_05762,193.18
OUT_05763,51.38
OUT_05764,191.79
OUT_05765,188.92
OUT_05766,63.65
OUT_05767,59.32
OUT_05768,69.67
OUT_05769,193.65
OUT_05770,195.34
OUT_05771,64.64
OUT_05772,174.6
OUT_05773,205.13
OUT_05774,204.74
OUT_05775,62.48
OUT_05776,1703.06
OUT_05777,666.28
OUT_05778,188.06
OUT_05779,71.25
OUT_05780,59.94
OUT_05781,76.77
OUT_05782,151.5
OUT_05783,193.76
OUT_05784,57.76
OUT_05785,69.81
OUT_05786,658.33
OUT_05787,56.11
OUT_05788,58.51
OUT_05789,35.02
OUT_05790,193.3
OUT_05791,55.35
OUT_05792,191.24
OUT_05793,63.97
OUT_05794,97.58
OUT_05795,62.07
OUT_05796,60.81
OUT_05797,188.5
OUT_05798,193.37
OUT_05799,67.7
OUT_05800,184.66
OUT_05801,191.17
OUT_05802,193.57
OUT_05803,679.9
OUT_05804,637.28
OUT_05805,52.23
OUT_05806,192.06
OUT_05807,56.77
OUT_05808,62.52
OUT_05809,201.37
OUT_05810,60.25
OUT_05811,186.58
OUT_05812,62.61
OUT_05813,672.98
OUT_05814,641.67
OUT_05815,192.11
OUT_05816,222.0
OUT_05817,72.24
OUT_05818,185.52
OUT_05819,52.92
OUT_05820,59.47
OUT_05821,45.41
OUT_05822,181.92
OUT_05823,60.09
OUT_05824,615.27
OUT_05825,1693.46
OUT_05826,55.74
OUT_05827,53.1
OUT_05828,64.49
OUT_05829,191.39
OUT_05830,211.72
OUT_05831,192.0
OUT_05832,64.58
OUT_05833,64.99
OUT_05834,182.86
OUT_05835,45.54
OUT_05836,189.19
OUT_05837,188.59
OUT_05838,1681.44
OUT_05839,52.27
OUT_05840,50.95
OUT_05841,54.97
OUT_05842,64.86
OUT_05843,653.8
OUT_05844,61.15
OUT_05845,190.88
OUT_05846,678.11
OUT_05847,618.86
OUT_05848,55.13
OUT_05849,681.32
OUT_05850,190.38
OUT_05851,60.39
OUT_05852,635.87
OUT_05853,60.54
OUT_05854,668.46
OUT_05855,184.4
OUT_05856,190.85
OUT_05857,56.21
OUT_05858,59.55
OUT_05859,65.7
OUT_05860,64.86
OUT_05861,64.27
OUT_05862,54.7
OUT_05863,48.99
OUT_05864,62.86
OUT_05865,31.91
OUT_05866,57.5
OUT_05867,186.5
OUT_05868,192.47
OUT_05869,64.28
OUT_05870,637.8
OUT_05871,192.66
OUT_05872,45.87
OUT_05873,187.99
OUT_05874,66.55
OUT_05875,194.37
OUT_05876,64.49
OUT_05877,186.56
OUT_05878,65.25
OUT_05879,658.81
OUT_05880,64.58
OUT_05881,55.23
OUT_05882,196.07
OUT_05883,190.83
OUT_05884,196.53
OUT_05885,196.04
OUT_05886,186.91
OUT_05887,205.88
OUT_05888,57.66
OUT_05889,188.05
OUT_05890,631.05
OUT_05891,61.43
OUT_05892,667.22
OUT_05893,192.66
OUT_05894,650.06
OUT_05895,45.8
OUT_05896,53.06
OUT_05897,43.88
OUT_05898,60.2
OUT_05899,656.41
OUT_05900,193.52
OUT_05901,66.56
OUT_05902,201.71
OUT_05903,1710.27
OUT_05904,56.34
OUT_05905,59.6
OUT_05906,53.16
OUT_05907,193.9
OUT_05908,43.66
OUT_05909,642.64
OUT_05910,49.2
OUT_05911,48.98
OUT_05912,61.22
OUT_05913,64.23
OUT_05914,60.53
OUT_05915,189.41
OUT_05916,196.32
OUT_05917,52.18
OUT_05918,196.8
OUT_05919,49.95
OUT_05920,66.51
OUT_05921,59.71
OUT_05922,185.12
OUT_05923,43.46
OUT_05924,193.17
OUT_05925,194.11
OUT_05926,59.83
OUT_05927,1684.71
OUT_05928,58.56
OUT_05929,192.85
OUT_05930,73.67
OUT_05931,62.89
OUT_05932,183.0
OUT_05933,175.87
OUT_05934,62.34
OUT_05935,48.7
OUT_05936,1676.14
OUT_05937,619.11
OUT_05938,1662.14
OUT_05939,193.04
OUT_05940,1635.0
OUT_05941,60.6
OUT_05942,49.26
OUT_05943,639.37
OUT_05944,55.77
OUT_05945,65.06
OUT_05946,77.74
OUT_05947,1602.91
OUT_05948,662.6
OUT_05949,192.6
OUT_05950,62.63
OUT_05951,58.78
OUT_05952,66.55
OUT_05953,62.4
OUT_05954,41.71
OUT_05955,62.62
OUT_05956,645.13
OUT_05957,77.95
OUT_05958,220.05
OUT_05959,65.91
OUT_05960,666.8
OUT_05961,64.79
OUT_05962,194.48
OUT_05963,46.9
OUT_05964,31.55
OUT_05965,188.95
OUT_05966,186.68
OUT_05967,40.65
OUT_05968,55.17
OUT_05969,184.49
OUT_05970,204.53
OUT_05971,190.43
OUT_05972,59.48
OUT_05973,189.52
OUT_05974,69.37
OUT_05975,203.52
OUT_05976,54.63
OUT_05977,56.83
OUT_05978,208.43
OUT_05979,186.85
OUT_05980,65.2
OUT_05981,1661.08
OUT_05982,201.0
OUT_05983,67.89
OUT_05984,625.27
OUT_05985,45.92
OUT_05986,94.48
OUT_05987,61.78
OUT_05988,192.17
OUT_05989,54.23
OUT_05990,65.42
OUT_05991,48.08
OUT_05992,675.49
OUT_05993,45.14
OUT_05994,64.24
OUT_05995,70.97
OUT_05996,62.3
OUT_05997,50.08
OUT_05998,198.08
OUT_05999,60.47
OUT_06000,52.44
OUT_06001,56.23
OUT_06002,192.52
OUT_06003,54.64
OUT_06004,55.5
OUT_06005,186.3
OUT_06006,207.55
OUT_06007,76.43
OUT_06008,221.65
OUT_06009,192.55
OUT_06010,55.85
OUT_06011,67.48
OUT_06012,671.59
OUT_06013,606.47
OUT_06014,194.34
OUT_06015,65.34
OUT_06016,657.46
OUT_06017,60.69
OUT_06018,60.83
OUT_06019,37.88
OUT_06020,193.33
OUT_06021,75.26
OUT_06022,64.26
OUT_06023,1691.32
OUT_06024,71.47
OUT_06025,186.81
OUT_06026,686.29
OUT_06027,190.92
OUT_06028,69.87
OUT_06029,58.54
OUT_06030,1681.79
OUT_06031,38.09
OUT_06032,663.09
OUT_06033,1666.28
OUT_06034,184.95
OUT_06035,41.25
OUT_06036,52.68
OUT_06037,190.15
OUT_06038,191.73
OUT_06039,189.53
OUT_06040,192.84
OUT_06041,651.03
OUT_06042,194.36
OUT_06043,49.69
OUT_06044,1697.72
OUT_06045,59.34
OUT_06046,61.66
OUT_06047,642.57
OUT_06048,59.74
OUT_06049,670.15
OUT_06050,667.48
OUT_06051,60.81
OUT_06052,190.33
OUT_06053,197.08
OUT_06054,60.21
OUT_06055,198.71
OUT_06056,53.19
OUT_06057,199.77
OUT_06058,60.2
OUT_06059,194.06
OUT_06060,60.81
OUT_06061,188.01
OUT_06062,643.65
OUT_06063,189.6
OUT_06064,193.26
OUT_06065,191.47
OUT_06066,72.22
OUT_06067,54.86
OUT_06068,66.72
OUT_06069,64.66
OUT_06070,62.75
OUT_06071,59.55
OUT_06072,668.19
OUT_06073,61.7
OUT_06074,54.6
OUT_06075,213.89
OUT_06076,75.55
OUT_06077,57.68
OUT_06078,32.43
OUT_06079,149.16
OUT_06080,50.71
OUT_06081,1542.12
OUT_06082,672.36
OUT_06083,1692.34
OUT_06084,64.85
OUT_06085,63.87
OUT_06086,660.68
OUT_06087,197.28
OUT_06088,665.86
OUT_06089,59.57
OUT_06090,192.36
OUT_06091,66.88
OUT_06092,49.15
OUT_06093,1683.07
OUT_06094,193.64
OUT_06095,50.62
OUT_06096,688.52
OUT_06097,678.66
OUT_06098,56.07
OUT_06099,61.47
OUT_06100,659.56
OUT_06101,194.37
OUT_06102,193.9
OUT_06103,677.97
OUT_06104,376.36
OUT_06105,64.99
OUT_06106,195.18
OUT_06107,626.67
OUT_06108,42.3
OUT_06109,671.43
OUT_06110,61.01
OUT_06111,47.71
OUT_06112,187.61
OUT_06113,60.49
OUT_06114,194.66
OUT_06115,183.6
OUT_06116,63.0
OUT_06117,36.53
OUT_06118,71.91
OUT_06119,1513.18
OUT_06120,47.96
OUT_06121,60.78
OUT_06122,59.79
OUT_06123,193.96
OUT_06124,198.34
OUT_06125,71.0
OUT_06126,45.97
OUT_06127,187.7
OUT_06128,191.05
OUT_06129,57.51
OUT_06130,183.28
OUT_06131,67.41
OUT_06132,50.11
OUT_06133,65.21
OUT_06134,184.83
OUT_06135,625.53
OUT_06136,666.64
OUT_06137,190.63
OUT_06138,65.65
OUT_06139,48.75
OUT_06140,66.69
OUT_06141,64.81
OUT_06142,634.91
OUT_06143,68.77
OUT_06144,196.89
OUT_06145,195.53
OUT_06146,62.48
OUT_06147,192.24
OUT_06148,198.19
OUT_06149,194.46
OUT_06150,181.37
OUT_06151,1709.65
OUT_06152,55.82
OUT_06153,71.28
OUT_06154,69.39
OUT_06155,653.98
OUT_06156,55.73
OUT_06157,645.24
OUT_06158,202.15
OUT_06159,1664.2
OUT_06160,189.87
OUT_06161,194.28
OUT_06162,188.15
OUT_06163,50.19
OUT_06164,52.67
OUT_06165,186.94
OUT_06166,71.05
OUT_06167,192.4
OUT_06168,641.07
OUT_06169,46.81
OUT_06170,653.09
OUT_06171,55.41
OUT_06172,1666.51
OUT_06173,57.3
OUT_06174,208.07
OUT_06175,59.72
OUT_06176,194.08
OUT_06177,56.46
OUT_06178,57.9
OUT_06179,63.06
OUT_06180,52.36
OUT_06181,192.72
OUT_06182,672.09
OUT_06183,65.62
OUT_06184,58.15
OUT_06185,197.03
OUT_06186,669.68
OUT_06187,57.18
OUT_06188,51.52
OUT_06189,1614.31
OUT_06190,56.5
OUT_06191,48.7
OUT_06192,189.16
OUT_06193,196.82
OUT_06194,55.66
OUT_06195,64.62
OUT_06196,57.33
OUT_06197,200.14
OUT_06198,60.73
OUT_06199,78.08
OUT_06200,191.91
OUT_06201,58.33
OUT_06202,64.47
OUT_06203,639.87
OUT_06204,47.03
OUT_06205,1659.65
OUT_06206,208.11
OUT_06207,61.46
OUT_06208,50.48
OUT_06209,187.92
OUT_06210,1571.37
OUT_06211,55.27
OUT_06212,207.5
OUT_06213,70.7
OUT_06214,202.77
OUT_06215,672.84
OUT_06216,47.93
OUT_06217,191.69
OUT_06218,184.85
OUT_06219,62.87
OUT_06220,49.9
OUT_06221,45.02
OUT_06222,55.31
OUT_06223,70.85
OUT_06224,195.35
OUT_06225,49.2
OUT_06226,64.52
OUT_06227,208.57
OUT_06228,634.72
OUT_06229,193.73
OUT_06230,57.05
OUT_06231,67.04
OUT_06232,664.04
OUT_06233,199.24
OUT_06234,67.08
OUT_06235,48.19
OUT_06236,192.65
OUT_06237,195.62
OUT_06238,192.41
OUT_06239,61.53
OUT_06240,56.53
OUT_06241,40.17
OUT_06242,667.17
OUT_06243,69.15
OUT_06244,200.19
OUT_06245,57.61
OUT_06246,664.42
OUT_06247,69.39
OUT_06248,63.07
OUT_06249,64.03
OUT_06250,282.97
OUT_06251,191.11
OUT_06252,645.47
OUT_06253,65.22
OUT_06254,56.05
OUT_06255,685.45
OUT_06256,50.66
OUT_06257,667.45
OUT_06258,52.12
OUT_06259,216.1
OUT_06260,63.01
OUT_06261,187.63
OUT_06262,664.5
OUT_06263,62.78
OUT_06264,1634.24
OUT_06265,45.0
OUT_06266,185.12
OUT_06267,55.13
OUT_06268,62.61
OUT_06269,52.43
OUT_06270,62.23
OUT_06271,655.43
OUT_06272,192.45
OUT_06273,64.27
OUT_06274,55.87
OUT_06275,194.3
OUT_06276,203.68
OUT_06277,188.19
OUT_06278,1703.42
OUT_06279,655.35
OUT_06280,196.54
OUT_06281,183.75
OUT_06282,53.04
OUT_06283,60.28
OUT_06284,675.61
OUT_06285,61.7
OUT_06286,67.64
OUT_06287,41.51
OUT_06288,65.45
OUT_06289,640.49
OUT_06290,45.44
OUT_06291,70.29
OUT_06292,76.84
OUT_06293,186.87
OUT_06294,46.79
OUT_06295,63.6
OUT_06296,192.7
OUT_06297,52.91
OUT_06298,62.8
OUT_06299,210.96
OUT_06300,195.29
OUT_06301,186.03
OUT_06302,67.43
OUT_06303,60.64
OUT_06304,1663.67
OUT_06305,50.37
OUT_06306,60.29
OUT_06307,54.8
OUT_06308,198.34
OUT_06309,64.74
OUT_06310,64.61
OUT_06311,184.2
OUT_06312,62.53
OUT_06313,56.12
OUT_06314,69.41
OUT_06315,653.17
OUT_06316,189.08
OUT_06317,63.44
OUT_06318,51.65
OUT_06319,185.32
OUT_06320,191.22
OUT_06321,1644.14
OUT_06322,63.25
OUT_06323,654.5
OUT_06324,44.04
OUT_06325,64.82
OUT_06326,188.94
OUT_06327,686.16
OUT_06328,187.81
OUT_06329,65.16
OUT_06330,60.63
OUT_06331,192.82
OUT_06332,638.41
OUT_06333,60.29
OUT_06334,53.23
OUT_06335,54.15
OUT_06336,661.26
OUT_06337,59.7
OUT_06338,57.29
OUT_06339,236.14
OUT_06340,719.46
OUT_06341,182.06
OUT_06342,192.06
OUT_06343,54.7
OUT_06344,49.7
OUT_06345,40.09
OUT_06346,63.0
OUT_06347,191.9
OUT_06348,188.26
OUT_06349,188.7
OUT_06350,187.51
OUT_06351,191.81
OUT_06352,193.53
OUT_06353,186.47
OUT_06354,49.86
OUT_06355,76.1
OUT_06356,1678.8
OUT_06357,62.04
OUT_06358,1705.15
OUT_06359,195.04
OUT_06360,51.66
OUT_06361,625.75
OUT_06362,45.38
OUT_06363,62.24
OUT_06364,67.3
OUT_06365,182.21
OUT_06366,63.99
OUT_06367,658.03
OUT_06368,48.96
OUT_06369,233.3
OUT_06370,649.8
OUT_06371,71.22
OUT_06372,201.94
OUT_06373,1570.84
OUT_06374,64.8
OUT_06375,633.02
OUT_06376,177.76
OUT_06377,195.32
OUT_06378,53.6
OUT_06379,191.76
OUT_06380,49.49
OUT_06381,1661.94
OUT_06382,407.42
OUT_06383,70.42
OUT_06384,62.85
OUT_06385,56.11
OUT_06386,657.23
OUT_06387,1667.72
OUT_06388,68.82
OUT_06389,67.33
OUT_06390,174.56
OUT_06391,55.25
OUT_06392,1700.46
OUT_06393,46.81
OUT_06394,55.7
OUT_06395,59.98
OUT_06396,60.37
OUT_06397,54.83
OUT_06398,61.74
OUT_06399,185.57
OUT_06400,190.18
OUT_06401,40.56
OUT_06402,645.09
OUT_06403,663.58
OUT_06404,641.08
OUT_06405,191.85
OUT_06406,682.56
OUT_06407,55.26
OUT_06408,46.03
OUT_06409,36.82
OUT_06410,1598.46
OUT_06411,45.86
OUT_06412,39.08
OUT_06413,193.66
OUT_06414,1604.33
OUT_06415,162.95
OUT_06416,186.18
OUT_06417,1686.17
OUT_06418,66.49
OUT_06419,66.66
OUT_06420,1516.11
OUT_06421,53.23
OUT_06422,51.44
OUT_06423,64.61
OUT_06424,189.65
OUT_06425,62.71
OUT_06426,72.37
OUT_06427,666.0
OUT_06428,69.31
OUT_06429,55.35
OUT_06430,181.74
OUT_06431,200.64
OUT_06432,643.72
OUT_06433,181.93
OUT_06434,181.46
OUT_06435,59.11
OUT_06436,630.06
OUT_06437,63.4
OUT_06438,68.45
OUT_06439,1642.63
OUT_06440,212.84
OUT_06441,186.05
OUT_06442,194.24
OUT_06443,62.56
OUT_06444,71.64
OUT_06445,191.62
OUT_06446,60.91
OUT_06447,55.91
OUT_06448,53.85
OUT_06449,57.24
OUT_06450,53.77
OUT_06451,60.38
OUT_06452,52.4
OUT_06453,62.14
OUT_06454,192.83
OUT_06455,64.94
OUT_06456,75.89
OUT_06457,60.97
OUT_06458,67.53
OUT_06459,44.32
OUT_06460,188.57
OUT_06461,71.52
OUT_06462,676.76
OUT_06463,64.25
OUT_06464,67.72
OUT_06465,194.99
OUT_06466,670.95
OUT_06467,191.79
OUT_06468,55.09
OUT_06469,53.92
OUT_06470,53.21
OUT_06471,195.36
OUT_06472,686.48
OUT_06473,183.41
OUT_06474,62.77
OUT_06475,183.48
OUT_06476,190.04
OUT_06477,63.54
OUT_06478,57.11
OUT_06479,60.96
OUT_06480,189.54
OUT_06481,198.36
OUT_06482,66.25
OUT_06483,58.62
OUT_06484,67.38
OUT_06485,63.18
OUT_06486,63.81
OUT_06487,186.12
OUT_06488,73.22
OUT_06489,55.67
OUT_06490,656.39
OUT_06491,47.56
OUT_06492,195.39
OUT_06493,191.45
OUT_06494,64.32
OUT_06495,57.99
OUT_06496,195.46
OUT_06497,60.99
OUT_06498,62.74
OUT_06499,1688.77
OUT_06500,62.47
OUT_06501,631.72
OUT_06502,644.94
OUT_06503,49.4
OUT_06504,56.14
OUT_06505,56.15
OUT_06506,66.0
OUT_06507,649.06
OUT_06508,54.52
OUT_06509,188.78
OUT_06510,53.94
OUT_06511,61.47
OUT_06512,202.38
OUT_06513,60.49
OUT_06514,190.03
OUT_06515,191.66
OUT_06516,67.06
OUT_06517,59.66
OUT_06518,638.31
OUT_06519,193.43
OUT_06520,46.48
OUT_06521,48.32
OUT_06522,186.77
OUT_06523,194.83
OUT_06524,57.17
OUT_06525,50.12
OUT_06526,191.41
OUT_06527,54.42
OUT_06528,43.34
OUT_06529,642.69
OUT_06530,47.01
OUT_06531,187.55
OUT_06532,194.43
OUT_06533,61.49
OUT_06534,192.36
OUT_06535,637.83
OUT_06536,193.06
OUT_06537,62.47
OUT_06538,675.92
OUT_06539,62.33
OUT_06540,665.41
OUT_06541,48.55
OUT_06542,55.61
OUT_06543,189.36
OUT_06544,50.77
OUT_06545,645.71
OUT_06546,61.51
OUT_06547,60.76
OUT_06548,54.44
OUT_06549,49.03
OUT_06550,194.63
OUT_06551,187.86
OUT_06552,188.85
OUT_06553,193.92
OUT_06554,63.87
OUT_06555,303.78
OUT_06556,1629.01
OUT_06557,196.45
OUT_06558,171.79
OUT_06559,646.96
OUT_06560,46.32
OUT_06561,191.98
OUT_06562,64.89
OUT_06563,71.56
OUT_06564,55.01
OUT_06565,646.96
OUT_06566,57.13
OUT_06567,57.06
OUT_06568,192.09
OUT_06569,59.84
OUT_06570,58.98
OUT_06571,191.36
OUT_06572,60.86
OUT_06573,43.1
OUT_06574,642.64
OUT_06575,190.43
OUT_06576,61.79
OUT_06577,76.42
OUT_06578,71.16
OUT_06579,682.04
OUT_06580,63.09
OUT_06581,62.27
OUT_06582,65.99
OUT_06583,56.9
OUT_06584,46.51
OUT_06585,55.62
OUT_06586,186.6
OUT_06587,627.77
OUT_06588,48.11
OUT_06589,1665.89
OUT_06590,699.34
OUT_06591,63.13
OUT_06592,60.34
OUT_06593,182.96
OUT_06594,60.79
OUT_06595,60.17
OUT_06596,199.75
OUT_06597,63.18
OUT_06598,63.35
OUT_06599,672.08
OUT_06600,191.07
OUT_06601,59.48
OUT_06602,54.0
OUT_06603,185.52
OUT_06604,193.47
OUT_06605,67.04
OUT_06606,53.15
OUT_06607,50.69
OUT_06608,684.64
OUT_06609,187.28
OUT_06610,69.05
OUT_06611,55.79
OUT_06612,195.11
OUT_06613,669.9
OUT_06614,60.33
OUT_06615,665.72
OUT_06616,188.92
OUT_06617,192.11
OUT_06618,61.6
OUT_06619,67.89
OUT_06620,61.85
OUT_06621,73.76
OUT_06622,64.15
OUT_06623,48.94
OUT_06624,199.58
OUT_06625,1679.97
OUT_06626,190.32
OUT_06627,53.71
OUT_06628,182.05
OUT_06629,694.04
OUT_06630,223.41
OUT_06631,679.39
OUT_06632,61.95
OUT_06633,62.44
OUT_06634,187.29
OUT_06635,61.43
OUT_06636,56.51
OUT_06637,193.58
OUT_06638,53.09
OUT_06639,67.51
OUT_06640,62.01
OUT_06641,64.84
OUT_06642,61.76
OUT_06643,54.7
OUT_06644,65.99
OUT_06645,678.68
OUT_06646,187.57
OUT_06647,191.97
OUT_06648,621.0
OUT_06649,191.61
OUT_06650,48.86
OUT_06651,200.46
OUT_06652,51.18
OUT_06653,60.59
OUT_06654,58.06
OUT_06655,654.75
OUT_06656,64.27
OUT_06657,193.66
OUT_06658,1695.02
OUT_06659,63.95
OUT_06660,1676.6
OUT_06661,65.01
OUT_06662,193.2
OUT_06663,1659.99
OUT_06664,189.14
OUT_06665,60.19
OUT_06666,188.72
OUT_06667,56.84
OUT_06668,196.27
OUT_06669,48.11
OUT_06670,52.27
OUT_06671,61.31
OUT_06672,77.49
OUT_06673,57.56
OUT_06674,66.83
OUT_06675,56.34
OUT_06676,65.23
OUT_06677,648.63
OUT_06678,183.18
OUT_06679,204.13
OUT_06680,60.97
OUT_06681,58.18
OUT_06682,663.12
OUT_06683,44.1
OUT_06684,193.9
OUT_06685,61.31
OUT_06686,200.44
OUT_06687,63.85
OUT_06688,62.43
OUT_06689,62.2
OUT_06690,175.56
OUT_06691,51.18
OUT_06692,200.97
OUT_06693,65.34
OUT_06694,194.98
OUT_06695,193.98
OUT_06696,628.18
OUT_06697,54.06
OUT_06698,642.19
OUT_06699,1669.07
OUT_06700,60.88
OUT_06701,192.2
OUT_06702,196.39
OUT_06703,191.83
OUT_06704,196.81
OUT_06705,37.56
OUT_06706,203.26
OUT_06707,198.52
OUT_06708,60.18
OUT_06709,67.05
OUT_06710,192.93
OUT_06711,658.62
OUT_06712,54.48
OUT_06713,60.64
OUT_06714,59.55
OUT_06715,59.64
OUT_06716,49.22
OUT_06717,192.34
OUT_06718,658.85
OUT_06719,59.4
OUT_06720,694.91
OUT_06721,193.98
OUT_06722,54.19
OUT_06723,55.67
OUT_06724,686.84
OUT_06725,638.57
OUT_06726,185.78
OUT_06727,192.82
OUT_06728,51.18
OUT_06729,57.44
OUT_06730,64.8
OUT_06731,61.46
OUT_06732,40.59
OUT_06733,1671.82
OUT_06734,152.22
OUT_06735,55.29
OUT_06736,625.07
OUT_06737,53.73
OUT_06738,45.67
OUT_06739,192.16
OUT_06740,64.61
OUT_06741,192.44
OUT_06742,50.97
OUT_06743,68.04
OUT_06744,653.36
OUT_06745,194.4
OUT_06746,193.29
OUT_06747,639.34
OUT_06748,54.54
OUT_06749,194.38
OUT_06750,36.58
OUT_06751,190.64
OUT_06752,56.33
OUT_06753,192.25
OUT_06754,62.29
OUT_06755,55.54
OUT_06756,52.34
OUT_06757,57.15
OUT_06758,201.84
OUT_06759,50.02
OUT_06760,662.83
OUT_06761,68.73
OUT_06762,55.03
OUT_06763,683.04
OUT_06764,646.04
OUT_06765,197.13
OUT_06766,190.86
OUT_06767,191.47
OUT_06768,60.29
OUT_06769,60.82
OUT_06770,50.85
OUT_06771,51.89
OUT_06772,64.48
OUT_06773,194.66
OUT_06774,184.0
OUT_06775,187.86
OUT_06776,54.81
OUT_06777,663.72
OUT_06778,61.94
OUT_06779,64.01
OUT_06780,59.84
OUT_06781,69.07
OUT_06782,54.88
OUT_06783,54.61
OUT_06784,196.11
OUT_06785,189.09
OUT_06786,64.68
OUT_06787,50.31
OUT_06788,46.22
OUT_06789,60.68
OUT_06790,189.72
OUT_06791,57.08
OUT_06792,196.56
OUT_06793,198.35
OUT_06794,64.13
OUT_06795,183.8
OUT_06796,31.29
OUT_06797,662.19
OUT_06798,627.72
OUT_06799,55.81
OUT_06800,191.84
OUT_06801,44.44
OUT_06802,190.61
OUT_06803,202.57
OUT_06804,49.88
OUT_06805,64.15
OUT_06806,65.29
OUT_06807,54.17
OUT_06808,194.38
OUT_06809,65.26
OUT_06810,1545.25
OUT_06811,65.21
OUT_06812,67.89
OUT_06813,59.51
OUT_06814,46.7
OUT_06815,661.29
OUT_06816,197.16
OUT_06817,687.36
OUT_06818,1693.68
OUT_06819,190.15
OUT_06820,62.11
OUT_06821,192.89
OUT_06822,57.1
OUT_06823,196.6
OUT_06824,64.15
OUT_06825,192.2
OUT_06826,645.51
OUT_06827,48.78
OUT_06828,54.43
OUT_06829,54.88
OUT_06830,684.98
OUT_06831,181.95
OUT_06832,195.06
OUT_06833,186.25
OUT_06834,193.5
OUT_06835,57.79
OUT_06836,73.21
OUT_06837,186.11
OUT_06838,68.79
OUT_06839,634.95
OUT_06840,203.84
OUT_06841,188.35
OUT_06842,60.81
OUT_06843,703.19
OUT_06844,61.96
OUT_06845,185.12
OUT_06846,67.14
OUT_06847,62.85
OUT_06848,61.15
OUT_06849,194.78
OUT_06850,43.24
OUT_06851,202.97
OUT_06852,64.05
OUT_06853,62.95
OUT_06854,57.58
OUT_06855,192.29
OUT_06856,182.82
OUT_06857,61.41
OUT_06858,55.07
OUT_06859,48.96
OUT_06860,646.39
OUT_06861,64.51
OUT_06862,66.43
OUT_06863,687.64
OUT_06864,61.06
OUT_06865,194.61
OUT_06866,192.85
OUT_06867,625.18
OUT_06868,65.76
OUT_06869,60.7
OUT_06870,61.39
OUT_06871,56.72
OUT_06872,57.86
OUT_06873,68.29
OUT_06874,59.02
OUT_06875,40.38
OUT_06876,62.5
OUT_06877,78.65
OUT_06878,72.64
OUT_06879,680.96
OUT_06880,647.04
OUT_06881,693.28
OUT_06882,667.29
OUT_06883,64.7
OUT_06884,190.25
OUT_06885,57.43
OUT_06886,189.62
OUT_06887,64.78
OUT_06888,651.18
OUT_06889,54.82
OUT_06890,54.56
OUT_06891,193.12
OUT_06892,58.14
OUT_06893,180.23
OUT_06894,284.84
OUT_06895,70.08
OUT_06896,72.44
OUT_06897,197.9
OUT_06898,64.29
OUT_06899,61.99
OUT_06900,57.35
OUT_06901,195.4
OUT_06902,55.45
OUT_06903,50.88
OUT_06904,187.82
OUT_06905,189.67
OUT_06906,671.97
OUT_06907,54.41
OUT_06908,57.31
OUT_06909,54.54
OUT_06910,191.72
OUT_06911,54.75
OUT_06912,40.22
OUT_06913,67.7
OUT_06914,198.45
OUT_06915,621.75
OUT_06916,57.6
OUT_06917,57.02
OUT_06918,61.3
OUT_06919,72.76
OUT_06920,55.11
OUT_06921,60.5
OUT_06922,640.18
OUT_06923,64.4
OUT_06924,70.59
OUT_06925,62.27
OUT_06926,64.94
OUT_06927,66.47
OUT_06928,71.61
OUT_06929,63.72
OUT_06930,197.55
OUT_06931,50.56
OUT_06932,191.07
OUT_06933,195.13
OUT_06934,62.33
OUT_06935,64.85
OUT_06936,192.55
OUT_06937,72.0
OUT_06938,633.55
OUT_06939,192.49
OUT_06940,1684.05
OUT_06941,189.32
OUT_06942,193.45
OUT_06943,190.5
OUT_06944,66.4
OUT_06945,52.64
OUT_06946,68.33
OUT_06947,191.24
OUT_06948,628.96
OUT_06949,186.13
OUT_06950,61.75
OUT_06951,65.83
OUT_06952,670.99
OUT_06953,45.56
OUT_06954,58.53
OUT_06955,64.82
OUT_06956,186.74
OUT_06957,67.33
OUT_06958,44.83
OUT_06959,44.21
OUT_06960,62.42
OUT_06961,53.29
OUT_06962,50.59
OUT_06963,192.54
OUT_06964,59.36
OUT_06965,44.52
OUT_06966,65.1
OUT_06967,194.09
OUT_06968,66.17
OUT_06969,54.37
OUT_06970,30.69
OUT_06971,46.35
OUT_06972,67.14
OUT_06973,66.96
OUT_06974,217.02
OUT_06975,64.55
OUT_06976,689.33
OUT_06977,193.57
OUT_06978,56.17
OUT_06979,58.13
OUT_06980,57.56
OUT_06981,1705.02
OUT_06982,59.7
OUT_06983,62.77
OUT_06984,190.2
OUT_06985,1690.6
OUT_06986,59.14
OUT_06987,46.81
OUT_06988,197.25
OUT_06989,194.8
OUT_06990,657.82
OUT_06991,71.14
OUT_06992,46.44
OUT_06993,66.84
OUT_06994,61.47
OUT_06995,67.43
OUT_06996,655.57
OUT_06997,196.84
OUT_06998,55.32
OUT_06999,193.47
OUT_07000,729.04
OUT_07001,184.1
OUT_07002,670.43
OUT_07003,192.49
OUT_07004,62.77
OUT_07005,32.24
OUT_07006,62.25
OUT_07007,185.18
OUT_07008,1660.69
OUT_07009,199.88
OUT_07010,194.66
OUT_07011,64.3
OUT_07012,626.27
OUT_07013,1653.91
OUT_07014,196.35
OUT_07015,54.2
OUT_07016,1658.48
OUT_07017,56.72
OUT_07018,189.87
OUT_07019,53.58
OUT_07020,634.53
OUT_07021,205.41
OUT_07022,47.35
OUT_07023,60.37
OUT_07024,196.95
OUT_07025,64.58
OUT_07026,1640.37
OUT_07027,1653.9
OUT_07028,56.7
OUT_07029,681.03
OUT_07030,62.75
OUT_07031,658.08
OUT_07032,191.89
OUT_07033,191.39
OUT_07034,61.42
OUT_07035,48.9
OUT_07036,64.57
OUT_07037,191.43
OUT_07038,56.01
OUT_07039,67.5
OUT_07040,201.28
OUT_07041,65.58
OUT_07042,191.63
OUT_07043,58.09
OUT_07044,186.48
OUT_07045,183.8
OUT_07046,192.85
OUT_07047,53.95
OUT_07048,661.26
OUT_07049,49.84
OUT_07050,186.68
OUT_07051,196.1
OUT_07052,46.87
OUT_07053,65.74
OUT_07054,188.87
OUT_07055,49.32
OUT_07056,698.3
OUT_07057,645.07
OUT_07058,182.64
OUT_07059,54.5
OUT_07060,74.62
OUT_07061,668.32
OUT_07062,209.48
OUT_07063,47.72
OUT_07064,188.69
OUT_07065,676.99
OUT_07066,71.76
OUT_07067,195.27
OUT_07068,1681.66
OUT_07069,66.85
OUT_07070,200.94
OUT_07071,56.35
OUT_07072,67.4
OUT_07073,67.09
OUT_07074,64.81
OUT_07075,56.77
OUT_07076,72.45
OUT_07077,54.22
OUT_07078,193.18
OUT_07079,55.17
OUT_07080,1639.9
OUT_07081,203.6
OUT_07082,53.15
OUT_07083,70.35
OUT_07084,53.74
OUT_07085,193.95
OUT_07086,48.44
OUT_07087,51.3
OUT_07088,191.28
OUT_07089,1648.59
OUT_07090,194.72
OUT_07091,195.54
OUT_07092,63.04
OUT_07093,653.85
OUT_07094,192.95
OUT_07095,37.31
OUT_07096,188.76
OUT_07097,188.68
OUT_07098,57.74
OUT_07099,194.11
OUT_07100,76.4
OUT_07101,668.25
OUT_07102,59.91
OUT_07103,65.33
OUT_07104,55.18
OUT_07105,187.58
OUT_07106,65.52
OUT_07107,59.94
OUT_07108,666.4
OUT_07109,54.88
OUT_07110,67.55
OUT_07111,200.34
OUT_07112,270.75
OUT_07113,193.97
OUT_07114,197.98
OUT_07115,192.39
OUT_07116,66.73
OUT_07117,62.7
OUT_07118,62.94
OUT_07119,190.86
OUT_07120,192.86
OUT_07121,681.46
OUT_07122,634.58
OUT_07123,56.93
OUT_07124,668.99
OUT_07125,58.31
OUT_07126,186.18
OUT_07127,64.69
OUT_07128,43.15
OUT_07129,201.85
OUT_07130,48.38
OUT_07131,60.55
OUT_07132,228.93
OUT_07133,62.4
OUT_07134,57.47
OUT_07135,1694.36
OUT_07136,55.35
OUT_07137,61.04
OUT_07138,669.77
OUT_07139,66.73
OUT_07140,69.15
OUT_07141,666.92
OUT_07142,64.82
OUT_07143,67.71
OUT_07144,669.46
OUT_07145,48.81
OUT_07146,63.69
OUT_07147,684.99
OUT_07148,689.21
OUT_07149,187.6
OUT_07150,604.31
OUT_07151,62.43
OUT_07152,62.6
OUT_07153,57.18
OUT_07154,49.96
OUT_07155,200.26
OUT_07156,664.59
OUT_07157,193.33
OUT_07158,44.43
OUT_07159,61.97
OUT_07160,66.51
OUT_07161,1714.3
OUT_07162,31.28
OUT_07163,60.39
OUT_07164,60.98
OUT_07165,72.72
OUT_07166,185.68
OUT_07167,49.47
OUT_07168,63.34
OUT_07169,189.26
OUT_07170,62.33
OUT_07171,59.58
OUT_07172,64.01
OUT_07173,58.23
OUT_07174,54.78
OUT_07175,64.8
OUT_07176,64.72
OUT_07177,1654.85
OUT_07178,193.94
OUT_07179,66.06
OUT_07180,54.66
OUT_07181,199.3
OUT_07182,45.19
OUT_07183,701.72
OUT_07184,195.46
OUT_07185,63.63
OUT_07186,48.5
OUT_07187,661.27
OUT_07188,49.85
OUT_07189,69.21
OUT_07190,48.66
OUT_07191,65.15
OUT_07192,66.65
OUT_07193,194.32
OUT_07194,658.33
OUT_07195,630.47
OUT_07196,192.75
OUT_07197,61.27
OUT_07198,74.61
OUT_07199,189.7
OUT_07200,64.1
OUT_07201,210.95
OUT_07202,62.31
OUT_07203,192.35
OUT_07204,67.61
OUT_07205,60.57
OUT_07206,62.42
OUT_07207,195.46
OUT_07208,54.29
OUT_07209,192.76
OUT_07210,62.12
OUT_07211,56.55
OUT_07212,195.95
OUT_07213,41.82
OUT_07214,667.26
OUT_07215,1673.5
OUT_07216,59.68
OUT_07217,56.5
OUT_07218,192.14
OUT_07219,670.15
OUT_07220,72.67
OUT_07221,63.13
OUT_07222,59.22
OUT_07223,43.44
OUT_07224,36.04
OUT_07225,1700.26
OUT_07226,43.96
OUT_07227,662.21
OUT_07228,60.58
OUT_07229,32.67
OUT_07230,68.24
OUT_07231,55.65
OUT_07232,196.58
OUT_07233,1662.89
OUT_07234,55.63
OUT_07235,187.33
OUT_07236,65.3
OUT_07237,55.15
OUT_07238,77.08
OUT_07239,211.64
OUT_07240,64.55
OUT_07241,69.1
OUT_07242,67.07
OUT_07243,188.3
OUT_07244,66.9
OUT_07245,193.23
OUT_07246,67.1
OUT_07247,193.16
OUT_07248,64.09
OUT_07249,59.86
OUT_07250,1622.01
OUT_07251,192.08
OUT_07252,193.11
OUT_07253,60.41
OUT_07254,64.23
OUT_07255,53.6
OUT_07256,188.07
OUT_07257,188.52
OUT_07258,637.53
OUT_07259,647.62
OUT_07260,59.06
OUT_07261,66.8
OUT_07262,195.87
OUT_07263,688.63
OUT_07264,52.84
OUT_07265,51.57
OUT_07266,685.56
OUT_07267,69.9
OUT_07268,192.94
OUT_07269,211.55
OUT_07270,57.2
OUT_07271,64.4
OUT_07272,212.82
OUT_07273,645.35
OUT_07274,642.93
OUT_07275,69.89
OUT_07276,1678.64
OUT_07277,64.07
OUT_07278,48.43
OUT_07279,65.63
OUT_07280,231.81
OUT_07281,671.17
OUT_07282,182.77
OUT_07283,62.8
OUT_07284,193.39
OUT_07285,1677.02
OUT_07286,189.73
OUT_07287,62.58
OUT_07288,56.15
OUT_07289,657.9
OUT_07290,49.37
OUT_07291,64.44
OUT_07292,68.87
OUT_07293,62.0
OUT_07294,73.38
OUT_07295,64.28
OUT_07296,191.26
OUT_07297,67.33
OUT_07298,661.12
OUT_07299,63.78
OUT_07300,645.86
OUT_07301,65.02
OUT_07302,202.42
OUT_07303,71.76
OUT_07304,47.89
OUT_07305,647.85
OUT_07306,53.07
OUT_07307,678.19
OUT_07308,48.13
OUT_07309,59.83
OUT_07310,68.31
OUT_07311,182.58
OUT_07312,55.75
OUT_07313,63.46
OUT_07314,640.53
OUT_07315,195.71
OUT_07316,1650.91
OUT_07317,654.27
OUT_07318,196.14
OUT_07319,43.84
OUT_07320,60.74
OUT_07321,1638.03
OUT_07322,191.4
OUT_07323,47.52
OUT_07324,643.41
OUT_07325,59.25
OUT_07326,45.75
OUT_07327,681.63
OUT_07328,192.11
OUT_07329,183.8
OUT_07330,200.19
OUT_07331,658.87
OUT_07332,50.95
OUT_07333,197.03
OUT_07334,216.01
OUT_07335,713.38
OUT_07336,65.06
OUT_07337,66.95
OUT_07338,42.94
OUT_07339,69.22
OUT_07340,67.24
OUT_07341,680.21
OUT_07342,64.8
OUT_07343,189.64
OUT_07344,72.47
OUT_07345,72.04
OUT_07346,49.91
OUT_07347,193.22
OUT_07348,195.53
OUT_07349,636.61
OUT_07350,57.19
OUT_07351,187.5
OUT_07352,69.68
OUT_07353,55.73
OUT_07354,639.52
OUT_07355,59.07
OUT_07356,190.26
OUT_07357,194.31
OUT_07358,75.78
OUT_07359,56.33
OUT_07360,54.76
OUT_07361,45.07
OUT_07362,191.09
OUT_07363,65.59
OUT_07364,206.69
OUT_07365,46.34
OUT_07366,62.63
OUT_07367,665.39
OUT_07368,669.38
OUT_07369,67.05
OUT_07370,50.47
OUT_07371,188.33
OUT_07372,63.97
OUT_07373,55.92
OUT_07374,669.73
OUT_07375,60.55
OUT_07376,196.17
OUT_07377,46.7
OUT_07378,646.88
OUT_07379,51.95
OUT_07380,638.97
OUT_07381,56.7
OUT_07382,189.79
OUT_07383,185.64
OUT_07384,68.15
OUT_07385,64.82
OUT_07386,655.46
OUT_07387,56.92
OUT_07388,1701.06
OUT_07389,58.47
OUT_07390,658.45
OUT_07391,1678.47
OUT_07392,36.2
OUT_07393,645.35
OUT_07394,67.18
OUT_07395,59.81
OUT_07396,190.36
OUT_07397,43.6
OUT_07398,47.3
OUT_07399,70.13
OUT_07400,217.8
OUT_07401,64.67
OUT_07402,188.94
OUT_07403,64.11
OUT_07404,69.69
OUT_07405,53.45
OUT_07406,53.3
OUT_07407,60.13
OUT_07408,1650.32
OUT_07409,64.56
OUT_07410,192.71
OUT_07411,54.72
OUT_07412,55.55
OUT_07413,194.99
OUT_07414,187.77
OUT_07415,191.83
OUT_07416,191.22
OUT_07417,1734.99
OUT_07418,653.88
OUT_07419,57.14
OUT_07420,200.08
OUT_07421,60.33
OUT_07422,669.39
OUT_07423,202.59
OUT_07424,66.58
OUT_07425,187.98
OUT_07426,212.57
OUT_07427,59.91
OUT_07428,185.43
OUT_07429,189.83
OUT_07430,55.77
OUT_07431,60.94
OUT_07432,672.72
OUT_07433,64.73
OUT_07434,66.35
OUT_07435,64.15
OUT_07436,64.75
OUT_07437,54.66
OUT_07438,57.88
OUT_07439,29.7
OUT_07440,188.84
OUT_07441,69.4
OUT_07442,59.56
OUT_07443,708.26
OUT_07444,154.62
OUT_07445,59.96
OUT_07446,67.87
OUT_07447,194.99
OUT_07448,189.03
OUT_07449,30.75
OUT_07450,52.32
OUT_07451,625.06
OUT_07452,194.64
OUT_07453,193.36
OUT_07454,50.1
OUT_07455,183.43
OUT_07456,687.6
OUT_07457,53.78
OUT_07458,195.89
OUT_07459,73.64
OUT_07460,56.66
OUT_07461,35.37
OUT_07462,193.43
OUT_07463,192.75
OUT_07464,195.35
OUT_07465,64.3
OUT_07466,641.09
OUT_07467,185.28
OUT_07468,52.66
OUT_07469,608.74
OUT_07470,61.31
OUT_07471,186.45
OUT_07472,660.65
OUT_07473,64.61
OUT_07474,1656.72
OUT_07475,181.22
OUT_07476,66.74
OUT_07477,49.44
OUT_07478,66.95
OUT_07479,55.23
OUT_07480,652.67
OUT_07481,187.76
OUT_07482,55.61
OUT_07483,667.3
OUT_07484,195.86
OUT_07485,151.65
OUT_07486,189.04
OUT_07487,188.25
OUT_07488,187.05
OUT_07489,200.56
OUT_07490,641.55
OUT_07491,181.46
OUT_07492,1692.55
OUT_07493,196.74
OUT_07494,194.35
OUT_07495,193.08
OUT_07496,57.43
OUT_07497,197.95
OUT_07498,186.77
OUT_07499,198.79
OUT_07500,55.53
OUT_07501,193.51
OUT_07502,57.15
OUT_07503,187.67
OUT_07504,1694.66
OUT_07505,649.72
OUT_07506,62.18
OUT_07507,51.36
OUT_07508,55.94
OUT_07509,44.38
OUT_07510,74.27
OUT_07511,62.81
OUT_07512,192.73
OUT_07513,188.13
OUT_07514,61.27
OUT_07515,701.48
OUT_07516,61.15
OUT_07517,54.75
OUT_07518,57.83
OUT_07519,1706.42
OUT_07520,194.06
OUT_07521,54.15
OUT_07522,192.88
OUT_07523,58.16
OUT_07524,185.62
OUT_07525,65.61
OUT_07526,64.67
OUT_07527,55.42
OUT_07528,56.29
OUT_07529,55.62
OUT_07530,196.01
OUT_07531,60.29
OUT_07532,198.08
OUT_07533,173.76
OUT_07534,58.73
OUT_07535,186.67
OUT_07536,644.16
OUT_07537,56.8
OUT_07538,53.27
OUT_07539,187.57
OUT_07540,57.01
OUT_07541,54.78
OUT_07542,60.8
OUT_07543,67.98
OUT_07544,62.37
OUT_07545,198.43
OUT_07546,1702.28
OUT_07547,184.75
OUT_07548,54.46
OUT_07549,49.31
OUT_07550,63.28
OUT_07551,55.39
OUT_07552,194.63
OUT_07553,1667.6
OUT_07554,65.54
OUT_07555,65.05
OUT_07556,57.68
OUT_07557,646.95
OUT_07558,40.4
OUT_07559,60.44
OUT_07560,65.7
OUT_07561,189.03
OUT_07562,46.52
OUT_07563,184.9
OUT_07564,65.07
OUT_07565,66.87
OUT_07566,76.67
OUT_07567,63.78
OUT_07568,67.26
OUT_07569,64.79
OUT_07570,57.15
OUT_07571,186.56
OUT_07572,69.74
OUT_07573,51.75
OUT_07574,624.7
OUT_07575,53.48
OUT_07576,191.77
OUT_07577,58.07
OUT_07578,657.47
OUT_07579,55.92
OUT_07580,67.0
OUT_07581,646.57
OUT_07582,48.63
OUT_07583,63.64
OUT_07584,56.76
OUT_07585,64.89
OUT_07586,185.55
OUT_07587,620.21
OUT_07588,44.2
OUT_07589,59.86
OUT_07590,659.24
OUT_07591,679.0
OUT_07592,56.76
OUT_07593,195.76
OUT_07594,64.34
OUT_07595,56.13
OUT_07596,58.95
OUT_07597,63.19
OUT_07598,210.4
OUT_07599,55.24
OUT_07600,727.53
OUT_07601,73.45
OUT_07602,65.24
OUT_07603,64.95
OUT_07604,1689.54
OUT_07605,693.72
OUT_07606,73.68
OUT_07607,60.46
OUT_07608,55.73
OUT_07609,194.68
OUT_07610,53.65
OUT_07611,186.57
OUT_07612,42.73
OUT_07613,66.96
OUT_07614,59.47
OUT_07615,195.19
OUT_07616,56.0
OUT_07617,729.55
OUT_07618,62.63
OUT_07619,193.69
OUT_07620,195.48
OUT_07621,189.24
OUT_07622,189.21
OUT_07623,60.24
OUT_07624,61.55
OUT_07625,629.6
OUT_07626,36.67
OUT_07627,659.72
OUT_07628,66.01
OUT_07629,653.64
OUT_07630,59.37
OUT_07631,68.61
OUT_07632,62.55
OUT_07633,664.92
OUT_07634,62.8
OUT_07635,692.9
OUT_07636,665.83
OUT_07637,60.25
OUT_07638,206.62
OUT_07639,1670.2
OUT_07640,55.78
OUT_07641,183.05
OUT_07642,63.07
OUT_07643,203.09
OUT_07644,55.09
OUT_07645,55.03
OUT_07646,193.32
OUT_07647,70.65
OUT_07648,58.7
OUT_07649,187.83
OUT_07650,190.03
OUT_07651,67.11
OUT_07652,78.02
OUT_07653,54.23
OUT_07654,184.6
OUT_07655,1677.62
OUT_07656,46.94
OUT_07657,64.29
OUT_07658,1719.42
OUT_07659,184.81
OUT_07660,62.08
OUT_07661,182.96
OUT_07662,206.95
OUT_07663,54.79
OUT_07664,192.52
OUT_07665,60.37
OUT_07666,64.41
OUT_07667,199.32
OUT_07668,64.74
OUT_07669,39.44
OUT_07670,59.21
OUT_07671,660.97
OUT_07672,54.12
OUT_07673,58.08
OUT_07674,633.27
OUT_07675,53.94
OUT_07676,68.02
OUT_07677,658.1
OUT_07678,663.34
OUT_07679,656.72
OUT_07680,56.29
OUT_07681,194.5
OUT_07682,672.68
OUT_07683,55.17
OUT_07684,195.85
OUT_07685,691.05
OUT_07686,76.02
OUT_07687,1725.43
OUT_07688,1686.21
OUT_07689,190.83
OUT_07690,54.64
OUT_07691,72.13
OUT_07692,48.71
OUT_07693,191.51
OUT_07694,61.37
OUT_07695,70.13
OUT_07696,62.45
OUT_07697,61.93
OUT_07698,51.59
OUT_07699,55.32
OUT_07700,55.34
OUT_07701,64.23
OUT_07702,664.29
OUT_07703,1673.82
OUT_07704,653.14
OUT_07705,203.77
OUT_07706,191.82
OUT_07707,54.83
OUT_07708,193.99
OUT_07709,191.45
OUT_07710,55.45
OUT_07711,58.31
OUT_07712,194.58
OUT_07713,191.75
OUT_07714,186.22
OUT_07715,195.34
OUT_07716,44.19
OUT_07717,64.36
OUT_07718,187.17
OUT_07719,63.95
OUT_07720,1691.9
OUT_07721,189.17
OUT_07722,660.98
OUT_07723,47.85
OUT_07724,193.16
OUT_07725,187.21
OUT_07726,56.8
OUT_07727,69.83
OUT_07728,63.99
OUT_07729,55.37
OUT_07730,201.22
OUT_07731,53.96
OUT_07732,188.03
OUT_07733,60.77
OUT_07734,679.83
OUT_07735,64.64
OUT_07736,1589.35
OUT_07737,62.44
OUT_07738,65.33
OUT_07739,191.1
OUT_07740,192.69
OUT_07741,59.67
OUT_07742,637.48
OUT_07743,60.84
OUT_07744,64.56
OUT_07745,45.33
OUT_07746,653.59
OUT_07747,189.47
OUT_07748,62.51
OUT_07749,186.21
OUT_07750,185.02
OUT_07751,73.85
OUT_07752,64.62
OUT_07753,188.15
OUT_07754,63.38
OUT_07755,191.18
OUT_07756,66.09
OUT_07757,50.24
OUT_07758,55.27
OUT_07759,55.22
OUT_07760,189.38
OUT_07761,55.05
OUT_07762,1677.18
OUT_07763,199.45
OUT_07764,68.65
OUT_07765,1653.42
OUT_07766,61.37
OUT_07767,62.57
OUT_07768,56.47
OUT_07769,633.58
OUT_07770,62.23
OUT_07771,181.98
OUT_07772,642.84
OUT_07773,182.94
OUT_07774,228.27
OUT_07775,672.06
OUT_07776,61.42
OUT_07777,68.04
OUT_07778,57.49
OUT_07779,70.25
OUT_07780,61.18
OUT_07781,213.11
OUT_07782,185.46
OUT_07783,58.69
OUT_07784,526.66
OUT_07785,199.27
OUT_07786,623.54
OUT_07787,662.64
OUT_07788,61.43
OUT_07789,49.62
OUT_07790,195.38
OUT_07791,637.59
OUT_07792,651.06
OUT_07793,673.4
OUT_07794,56.18
OUT_07795,655.37
OUT_07796,1663.47
OUT_07797,64.32
OUT_07798,194.2
OUT_07799,44.56
OUT_07800,42.86
OUT_07801,672.04
OUT_07802,48.92
OUT_07803,59.91
OUT_07804,57.88
OUT_07805,37.15
OUT_07806,200.62
OUT_07807,61.92
OUT_07808,67.34
OUT_07809,208.4
OUT_07810,1662.83
OUT_07811,58.51
OUT_07812,63.1
OUT_07813,61.45
OUT_07814,67.0
OUT_07815,1660.99
OUT_07816,62.45
OUT_07817,614.27
OUT_07818,42.8
OUT_07819,157.33
OUT_07820,57.69
OUT_07821,48.03
OUT_07822,58.68
OUT_07823,655.19
OUT_07824,55.61
OUT_07825,205.56
OUT_07826,59.09
OUT_07827,193.26
OUT_07828,61.21
OUT_07829,54.76
OUT_07830,655.61
OUT_07831,188.61
OUT_07832,652.68
OUT_07833,180.29
OUT_07834,195.82
OUT_07835,60.76
OUT_07836,200.53
OUT_07837,1662.73
OUT_07838,189.84
OUT_07839,52.89
OUT_07840,185.97
OUT_07841,61.68
OUT_07842,62.93
OUT_07843,64.44
OUT_07844,63.13
OUT_07845,680.5
OUT_07846,190.96
OUT_07847,193.46
OUT_07848,57.62
OUT_07849,71.34
OUT_07850,64.26
OUT_07851,50.95
OUT_07852,44.31
OUT_07853,59.36
OUT_07854,54.85
OUT_07855,206.3
OUT_07856,193.2
OUT_07857,198.69
OUT_07858,684.7
OUT_07859,638.97
OUT_07860,193.71
OUT_07861,201.87
OUT_07862,50.36
OUT_07863,193.55
OUT_07864,200.92
OUT_07865,43.46
OUT_07866,57.58
OUT_07867,654.37
OUT_07868,61.0
OUT_07869,182.79
OUT_07870,197.75
OUT_07871,59.35
OUT_07872,47.07
OUT_07873,60.65
OUT_07874,55.8
OUT_07875,642.54
OUT_07876,1659.1
OUT_07877,1672.16
OUT_07878,60.34
OUT_07879,639.56
OUT_07880,1675.45
OUT_07881,65.06
OUT_07882,55.35
OUT_07883,648.87
OUT_07884,196.2
OUT_07885,54.62
OUT_07886,190.31
OUT_07887,54.66
OUT_07888,193.62
OUT_07889,55.05
OUT_07890,60.2
OUT_07891,70.76
OUT_07892,70.66
OUT_07893,664.89
OUT_07894,61.95
OUT_07895,56.84
OUT_07896,1664.67
OUT_07897,687.62
OUT_07898,188.82
OUT_07899,189.63
OUT_07900,70.31
OUT_07901,632.71
OUT_07902,67.04
OUT_07903,59.47
OUT_07904,66.1
OUT_07905,55.74
OUT_07906,58.52
OUT_07907,54.9
OUT_07908,665.07
OUT_07909,204.41
OUT_07910,187.11
OUT_07911,646.68
OUT_07912,87.94
OUT_07913,57.77
OUT_07914,44.38
OUT_07915,192.93
OUT_07916,1658.75
OUT_07917,60.18
OUT_07918,58.68
OUT_07919,69.53
OUT_07920,186.05
OUT_07921,43.3
OUT_07922,64.13
OUT_07923,1615.29
OUT_07924,627.95
OUT_07925,1662.88
OUT_07926,68.08
OUT_07927,74.33
OUT_07928,46.61
OUT_07929,65.23
OUT_07930,670.19
OUT_07931,64.57
OUT_07932,180.57
OUT_07933,57.6
OUT_07934,54.92
OUT_07935,716.4
OUT_07936,57.85
OUT_07937,69.02
OUT_07938,670.29
OUT_07939,187.73
OUT_07940,47.38
OUT_07941,193.49
OUT_07942,66.85
OUT_07943,188.53
OUT_07944,68.81
OUT_07945,192.13
OUT_07946,51.96
OUT_07947,192.57
OUT_07948,183.66
OUT_07949,684.04
OUT_07950,63.91
OUT_07951,65.09
OUT_07952,63.65
OUT_07953,53.83
OUT_07954,191.99
OUT_07955,181.38
OUT_07956,180.19
OUT_07957,193.79
OUT_07958,60.22
OUT_07959,63.3
OUT_07960,55.0
OUT_07961,61.02
OUT_07962,191.69
OUT_07963,65.95
OUT_07964,30.09
OUT_07965,186.65
OUT_07966,183.49
OUT_07967,646.29
OUT_07968,57.21
OUT_07969,196.57
OUT_07970,627.49
OUT_07971,677.67
OUT_07972,193.67
OUT_07973,52.0
OUT_07974,186.38
OUT_07975,53.01
OUT_07976,56.48
OUT_07977,45.76
OUT_07978,197.37
OUT_07979,65.62
OUT_07980,1703.4
OUT_07981,67.77
OUT_07982,68.49
OUT_07983,37.48
OUT_07984,63.86
OUT_07985,637.83
OUT_07986,55.19
OUT_07987,62.77
OUT_07988,67.41
OUT_07989,64.42
OUT_07990,69.88
OUT_07991,664.0
OUT_07992,56.25
OUT_07993,668.71
OUT_07994,52.7
OUT_07995,49.13
OUT_07996,43.87
OUT_07997,193.63
OUT_07998,67.12
OUT_07999,69.99
OUT_08000,70.74
OUT_08001,684.1
OUT_08002,192.33
OUT_08003,66.22
OUT_08004,48.08
OUT_08005,64.63
OUT_08006,55.1
OUT_08007,69.97
OUT_08008,197.71
OUT_08009,51.21
OUT_08010,187.85
OUT_08011,60.84
OUT_08012,55.26
OUT_08013,193.99
OUT_08014,196.55
OUT_08015,618.89
OUT_08016,61.51
OUT_08017,64.55
OUT_08018,62.4
OUT_08019,194.39
OUT_08020,43.18
OUT_08021,54.5
OUT_08022,191.9
OUT_08023,153.21
OUT_08024,57.18
OUT_08025,636.64
OUT_08026,206.2
OUT_08027,66.51
OUT_08028,52.82
OUT_08029,656.7
OUT_08030,654.21
OUT_08031,71.1
OUT_08032,1714.3
OUT_08033,1678.58
OUT_08034,56.34
OUT_08035,194.89
OUT_08036,58.72
OUT_08037,664.66
OUT_08038,196.14
OUT_08039,674.31
OUT_08040,46.62
OUT_08041,633.3
OUT_08042,208.29
OUT_08043,69.48
OUT_08044,52.71
OUT_08045,1661.18
OUT_08046,61.01
OUT_08047,1652.34
OUT_08048,65.31
OUT_08049,62.83
OUT_08050,641.36
OUT_08051,70.08
OUT_08052,194.93
OUT_08053,51.75
OUT_08054,72.97
OUT_08055,641.57
OUT_08056,56.83
OUT_08057,183.15
OUT_08058,193.3
OUT_08059,639.4
OUT_08060,62.09
OUT_08061,56.31
OUT_08062,665.98
OUT_08063,187.35
OUT_08064,48.96
OUT_08065,211.98
OUT_08066,657.29
OUT_08067,678.19
OUT_08068,57.57
OUT_08069,192.83
OUT_08070,195.19
OUT_08071,61.04
OUT_08072,176.89
OUT_08073,62.44
OUT_08074,66.96
OUT_08075,196.69
OUT_08076,188.33
OUT_08077,60.62
OUT_08078,192.54
OUT_08079,1647.76
OUT_08080,183.72
OUT_08081,56.26
OUT_08082,184.38
OUT_08083,670.96
OUT_08084,57.25
OUT_08085,56.62
OUT_08086,70.07
OUT_08087,50.31
OUT_08088,191.53
OUT_08089,61.67
OUT_08090,1705.84
OUT_08091,229.61
OUT_08092,75.43
OUT_08093,184.9
OUT_08094,56.7
OUT_08095,65.05
OUT_08096,77.59
OUT_08097,637.72
OUT_08098,191.48
OUT_08099,634.14
OUT_08100,1675.8
OUT_08101,60.16
OUT_08102,192.0
OUT_08103,60.83
OUT_08104,56.38
OUT_08105,185.33
OUT_08106,59.82
OUT_08107,182.6
OUT_08108,54.44
OUT_08109,1677.98
OUT_08110,48.48
OUT_08111,192.95
OUT_08112,598.48
OUT_08113,63.31
OUT_08114,681.03
OUT_08115,67.29
OUT_08116,187.28
OUT_08117,50.35
OUT_08118,643.29
OUT_08119,68.03
OUT_08120,650.79
OUT_08121,72.15
OUT_08122,57.63
OUT_08123,187.74
OUT_08124,61.45
OUT_08125,191.17
OUT_08126,648.58
OUT_08127,642.13
OUT_08128,621.23
OUT_08129,672.41
OUT_08130,64.52
OUT_08131,642.6
OUT_08132,56.56
OUT_08133,72.51
OUT_08134,187.92
OUT_08135,195.84
OUT_08136,35.82
OUT_08137,188.71
OUT_08138,599.76
OUT_08139,183.9
OUT_08140,659.78
OUT_08141,64.22
OUT_08142,62.91
OUT_08143,194.59
OUT_08144,43.89
OUT_08145,645.7
OUT_08146,65.3
OUT_08147,52.38
OUT_08148,194.45
OUT_08149,61.17
OUT_08150,57.54
OUT_08151,195.89
OUT_08152,55.77
OUT_08153,193.65
OUT_08154,193.79
OUT_08155,60.13
OUT_08156,127.41
OUT_08157,57.17
OUT_08158,664.27
OUT_08159,1678.37
OUT_08160,649.38
OUT_08161,71.95
OUT_08162,60.65
OUT_08163,57.37
OUT_08164,54.57
OUT_08165,190.81
OUT_08166,61.17
OUT_08167,194.11
OUT_08168,56.0
OUT_08169,56.55
OUT_08170,66.72
OUT_08171,54.93
OUT_08172,185.91
OUT_08173,192.22
OUT_08174,56.98
OUT_08175,674.34
OUT_08176,48.25
OUT_08177,653.42
OUT_08178,186.25
OUT_08179,664.79
OUT_08180,64.9
OUT_08181,187.93
OUT_08182,192.49
OUT_08183,70.09
OUT_08184,59.84
OUT_08185,41.19
OUT_08186,639.21
OUT_08187,639.29
OUT_08188,195.09
OUT_08189,39.06
OUT_08190,206.64
OUT_08191,52.39
OUT_08192,198.43
OUT_08193,61.1
OUT_08194,45.55
OUT_08195,690.81
OUT_08196,186.28
OUT_08197,38.94
OUT_08198,192.8
OUT_08199,189.42
OUT_08200,61.35
OUT_08201,1683.67
OUT_08202,50.88
OUT_08203,59.2
OUT_08204,57.98
OUT_08205,52.12
OUT_08206,635.22
OUT_08207,52.63
OUT_08208,188.99
OUT_08209,191.51
OUT_08210,64.37
OUT_08211,56.78
OUT_08212,56.15
OUT_08213,64.86
OUT_08214,53.04
OUT_08215,196.12
OUT_08216,690.61
OUT_08217,627.63
OUT_08218,1627.91
OUT_08219,189.25
OUT_08220,43.35
OUT_08221,656.6
OUT_08222,667.97
OUT_08223,77.42
OUT_08224,57.02
OUT_08225,641.45
OUT_08226,1673.7
OUT_08227,632.14
OUT_08228,673.89
OUT_08229,67.31
OUT_08230,194.58
OUT_08231,1647.88
OUT_08232,56.4
OUT_08233,665.8
OUT_08234,644.19
OUT_08235,74.12
OUT_08236,46.69
OUT_08237,650.69
OUT_08238,194.3
OUT_08239,195.83
OUT_08240,54.56
OUT_08241,655.31
OUT_08242,71.49
OUT_08243,636.81
OUT_08244,64.07
OUT_08245,50.95
OUT_08246,62.76
OUT_08247,199.7
OUT_08248,73.42
OUT_08249,64.21
OUT_08250,64.17
OUT_08251,197.61
OUT_08252,58.03
OUT_08253,46.89
OUT_08254,186.06
OUT_08255,399.37
OUT_08256,32.4
OUT_08257,185.31
OUT_08258,195.42
OUT_08259,194.54
OUT_08260,632.07
OUT_08261,651.35
OUT_08262,187.7
OUT_08263,64.83
OUT_08264,196.15
OUT_08265,44.63
OUT_08266,53.71
OUT_08267,190.33
OUT_08268,58.02
OUT_08269,57.48
OUT_08270,188.43
OUT_08271,704.05
OUT_08272,197.33
OUT_08273,645.92
OUT_08274,42.89
OUT_08275,637.74
OUT_08276,59.52
OUT_08277,187.63
OUT_08278,1575.4
OUT_08279,218.0
OUT_08280,700.94
OUT_08281,649.97
OUT_08282,41.05
OUT_08283,57.29
OUT_08284,54.87
OUT_08285,55.11
OUT_08286,204.06
OUT_08287,195.95
OUT_08288,196.83
OUT_08289,63.58
OUT_08290,55.52
OUT_08291,69.56
OUT_08292,676.08
OUT_08293,60.94
OUT_08294,192.61
OUT_08295,63.29
OUT_08296,1694.58
OUT_08297,59.65
OUT_08298,1710.28
OUT_08299,51.2
OUT_08300,193.28
OUT_08301,54.82
OUT_08302,60.44
OUT_08303,209.37
OUT_08304,1666.48
OUT_08305,619.51
OUT_08306,58.05
OUT_08307,678.79
OUT_08308,200.77
OUT_08309,184.65
OUT_08310,192.08
OUT_08311,74.27
OUT_08312,49.89
OUT_08313,661.88
OUT_08314,72.83
OUT_08315,56.0
OUT_08316,55.48
OUT_08317,61.37
OUT_08318,64.04
OUT_08319,193.59
OUT_08320,189.41
OUT_08321,196.48
OUT_08322,64.48
OUT_08323,192.76
OUT_08324,57.48
OUT_08325,194.71
OUT_08326,192.77
OUT_08327,659.12
OUT_08328,191.27
OUT_08329,181.28
OUT_08330,675.87
OUT_08331,657.13
OUT_08332,677.75
OUT_08333,59.09
OUT_08334,66.72
OUT_08335,154.64
OUT_08336,41.63
OUT_08337,63.1
OUT_08338,197.89
OUT_08339,57.73
OUT_08340,195.37
OUT_08341,53.6
OUT_08342,185.42
OUT_08343,65.23
OUT_08344,43.71
OUT_08345,55.27
OUT_08346,198.01
OUT_08347,631.5
OUT_08348,642.56
OUT_08349,40.94
OUT_08350,64.79
OUT_08351,187.76
OUT_08352,53.9
OUT_08353,72.38
OUT_08354,67.8
OUT_08355,671.47
OUT_08356,188.83
OUT_08357,185.5
OUT_08358,184.93
OUT_08359,64.5
OUT_08360,685.33
OUT_08361,226.73
OUT_08362,699.0
OUT_08363,60.54
OUT_08364,63.88
OUT_08365,61.19
OUT_08366,62.42
OUT_08367,46.54
OUT_08368,54.31
OUT_08369,63.11
OUT_08370,66.78
OUT_08371,194.51
OUT_08372,45.73
OUT_08373,68.11
OUT_08374,47.31
OUT_08375,51.46
OUT_08376,56.14
OUT_08377,187.57
OUT_08378,196.0
OUT_08379,47.18
OUT_08380,192.08
OUT_08381,65.92
OUT_08382,651.15
OUT_08383,53.54
OUT_08384,55.74
OUT_08385,63.8
OUT_08386,188.79
OUT_08387,181.67
OUT_08388,193.52
OUT_08389,65.12
OUT_08390,188.25
OUT_08391,62.63
OUT_08392,63.27
OUT_08393,56.9
OUT_08394,54.49
OUT_08395,48.0
OUT_08396,194.86
OUT_08397,74.74
OUT_08398,192.11
OUT_08399,70.77
OUT_08400,703.71
OUT_08401,60.99
OUT_08402,1680.23
OUT_08403,67.19
OUT_08404,61.47
OUT_08405,63.75
OUT_08406,211.08
OUT_08407,69.71
OUT_08408,643.8
OUT_08409,64.32
OUT_08410,56.26
OUT_08411,200.35
OUT_08412,62.66
OUT_08413,186.93
OUT_08414,193.06
OUT_08415,69.2
OUT_08416,41.2
OUT_08417,54.67
OUT_08418,60.67
OUT_08419,56.44
OUT_08420,52.72
OUT_08421,184.81
OUT_08422,309.18
OUT_08423,62.97
OUT_08424,50.44
OUT_08425,37.99
OUT_08426,68.9
OUT_08427,634.15
OUT_08428,59.82
OUT_08429,56.26
OUT_08430,55.24
OUT_08431,66.34
OUT_08432,1657.38
OUT_08433,56.18
OUT_08434,72.84
OUT_08435,57.68
OUT_08436,188.1
OUT_08437,642.45
OUT_08438,645.15
OUT_08439,53.43
OUT_08440,54.89
OUT_08441,59.63
OUT_08442,1685.15
OUT_08443,191.36
OUT_08444,190.2
OUT_08445,62.4
OUT_08446,193.28
OUT_08447,53.28
OUT_08448,193.35
OUT_08449,645.31
OUT_08450,61.69
OUT_08451,193.55
OUT_08452,1636.57
OUT_08453,52.06
OUT_08454,69.71
OUT_08455,635.49
OUT_08456,55.39
OUT_08457,663.39
OUT_08458,633.97
OUT_08459,189.64
OUT_08460,64.02
OUT_08461,188.07
OUT_08462,61.66
OUT_08463,194.7
OUT_08464,620.53
OUT_08465,188.23
OUT_08466,184.15
OUT_08467,55.1
OUT_08468,199.92
OUT_08469,186.93
OUT_08470,187.63
OUT_08471,43.69
OUT_08472,193.5
OUT_08473,209.38
OUT_08474,659.04
OUT_08475,60.84
OUT_08476,66.98
OUT_08477,655.73
OUT_08478,45.48
OUT_08479,159.44
OUT_08480,187.45
OUT_08481,65.0
OUT_08482,194.25
OUT_08483,56.92
OUT_08484,1583.46
OUT_08485,1673.36
OUT_08486,60.84
OUT_08487,53.64
OUT_08488,64.99
OUT_08489,666.58
OUT_08490,188.69
OUT_08491,199.91
OUT_08492,194.78
OUT_08493,637.23
OUT_08494,56.82
OUT_08495,46.54
OUT_08496,660.73
OUT_08497,61.27
OUT_08498,57.35
OUT_08499,61.45
OUT_08500,54.3
OUT_08501,70.38
OUT_08502,629.37
OUT_08503,48.48
OUT_08504,195.43
OUT_08505,48.91
OUT_08506,657.82
OUT_08507,64.41
OUT_08508,186.46
OUT_08509,54.38
OUT_08510,43.1
OUT_08511,37.5
OUT_08512,640.55
OUT_08513,55.96
OUT_08514,54.52
OUT_08515,193.4
OUT_08516,66.15
OUT_08517,638.78
OUT_08518,191.75
OUT_08519,57.2
OUT_08520,54.5
OUT_08521,69.56
OUT_08522,63.96
OUT_08523,193.86
OUT_08524,231.88
OUT_08525,192.18
OUT_08526,1704.37
OUT_08527,74.71
OUT_08528,55.02
OUT_08529,48.93
OUT_08530,189.04
OUT_08531,69.23
OUT_08532,188.9
OUT_08533,51.3
OUT_08534,57.41
OUT_08535,55.28
OUT_08536,61.07
OUT_08537,645.24
OUT_08538,30.57
OUT_08539,194.06
OUT_08540,626.56
OUT_08541,195.75
OUT_08542,60.82
OUT_08543,375.8
OUT_08544,673.61
OUT_08545,60.86
OUT_08546,52.59
OUT_08547,58.42
OUT_08548,45.22
OUT_08549,1707.04
OUT_08550,620.71
OUT_08551,65.93
OUT_08552,663.05
OUT_08553,185.44
OUT_08554,47.79
OUT_08555,707.79
OUT_08556,193.78
OUT_08557,57.69
OUT_08558,66.46
OUT_08559,618.8
OUT_08560,192.94
OUT_08561,188.63
OUT_08562,55.44
OUT_08563,194.53
OUT_08564,663.73
OUT_08565,689.27
OUT_08566,189.27
OUT_08567,69.26
OUT_08568,662.9
OUT_08569,73.35
OUT_08570,55.81
OUT_08571,66.33
OUT_08572,65.94
OUT_08573,201.71
OUT_08574,192.84
OUT_08575,230.46
OUT_08576,75.03
OUT_08577,180.71
OUT_08578,194.99
OUT_08579,57.53
OUT_08580,54.89
OUT_08581,184.86
OUT_08582,195.28
OUT_08583,1636.8
OUT_08584,54.94
OUT_08585,59.47
OUT_08586,54.39
OUT_08587,51.72
OUT_08588,190.56
OUT_08589,65.17
OUT_08590,195.62
OUT_08591,50.22
OUT_08592,193.67
OUT_08593,59.74
OUT_08594,64.2
OUT_08595,185.54
OUT_08596,195.12
OUT_08597,47.58
OUT_08598,61.41
OUT_08599,65.75
OUT_08600,58.42
OUT_08601,59.46
OUT_08602,192.54
OUT_08603,674.03
OUT_08604,43.53
OUT_08605,70.2
OUT_08606,672.49
OUT_08607,66.51
OUT_08608,195.09
OUT_08609,62.12
OUT_08610,54.33
OUT_08611,190.18
OUT_08612,60.51
OUT_08613,188.18
OUT_08614,1598.4
OUT_08615,64.88
OUT_08616,70.99
OUT_08617,69.71
OUT_08618,193.14
OUT_08619,656.49
OUT_08620,44.62
OUT_08621,62.3
OUT_08622,64.72
OUT_08623,189.27
OUT_08624,66.64
OUT_08625,1619.6
OUT_08626,183.76
OUT_08627,60.92
OUT_08628,57.16
OUT_08629,65.09
OUT_08630,668.21
OUT_08631,658.84
OUT_08632,63.88
OUT_08633,43.54
OUT_08634,47.33
OUT_08635,64.8
OUT_08636,1676.56
OUT_08637,52.08
OUT_08638,202.01
OUT_08639,61.49
OUT_08640,192.67
OUT_08641,193.01
OUT_08642,664.94
OUT_08643,202.36
OUT_08644,59.8
OUT_08645,71.22
OUT_08646,62.48
OUT_08647,677.53
OUT_08648,185.77
OUT_08649,56.4
OUT_08650,195.46
OUT_08651,1642.11
OUT_08652,648.66
OUT_08653,627.99
OUT_08654,60.09
OUT_08655,187.41
OUT_08656,186.3
OUT_08657,191.19
OUT_08658,664.15
OUT_08659,57.12
OUT_08660,1722.31
OUT_08661,51.57
OUT_08662,59.14
OUT_08663,59.71
OUT_08664,49.78
OUT_08665,672.81
OUT_08666,1678.46
OUT_08667,61.02
OUT_08668,55.15
OUT_08669,63.8
OUT_08670,640.5
OUT_08671,64.94
OUT_08672,61.56
OUT_08673,682.27
OUT_08674,192.41
OUT_08675,69.65
OUT_08676,1656.06
OUT_08677,62.56
OUT_08678,57.03
OUT_08679,189.46
OUT_08680,198.97
OUT_08681,45.01
OUT_08682,652.6
OUT_08683,62.88
OUT_08684,54.84
OUT_08685,62.68
OUT_08686,212.38
OUT_08687,71.69
OUT_08688,68.57
OUT_08689,60.96
OUT_08690,58.28
OUT_08691,193.22
OUT_08692,152.64
OUT_08693,189.33
OUT_08694,196.23
OUT_08695,652.62
OUT_08696,73.68
OUT_08697,62.79
OUT_08698,199.62
OUT_08699,208.68
OUT_08700,192.71
OUT_08701,195.71
OUT_08702,198.57
OUT_08703,64.36
OUT_08704,629.67
OUT_08705,187.11
OUT_08706,68.35
OUT_08707,42.42
OUT_08708,645.17
OUT_08709,50.17
OUT_08710,67.13
OUT_08711,51.87
OUT_08712,63.37
OUT_08713,66.05
OUT_08714,201.02
OUT_08715,65.51
OUT_08716,1667.19
OUT_08717,194.06
OUT_08718,57.3
OUT_08719,188.71
OUT_08720,66.95
OUT_08721,680.93
OUT_08722,187.56
OUT_08723,199.3
OUT_08724,43.37
OUT_08725,60.54
OUT_08726,57.4
OUT_08727,62.61
OUT_08728,193.97
OUT_08729,62.23
OUT_08730,63.44
OUT_08731,68.28
OUT_08732,50.7
OUT_08733,52.68
OUT_08734,66.85
OUT_08735,193.95
OUT_08736,641.35
OUT_08737,57.63
OUT_08738,185.72
OUT_08739,1643.06
OUT_08740,59.85
OUT_08741,62.1
OUT_08742,64.22
OUT_08743,68.68
OUT_08744,54.82
OUT_08745,175.42
OUT_08746,60.06
OUT_08747,65.05
OUT_08748,48.72
OUT_08749,199.25
OUT_08750,190.22
OUT_08751,193.68
OUT_08752,67.64
OUT_08753,651.49
OUT_08754,55.2
OUT_08755,61.69
OUT_08756,679.92
OUT_08757,55.1
OUT_08758,57.6
OUT_08759,648.08
OUT_08760,72.62
OUT_08761,649.27
OUT_08762,72.3
OUT_08763,205.37
OUT_08764,622.3
OUT_08765,56.57
OUT_08766,59.82
OUT_08767,614.82
OUT_08768,59.78
OUT_08769,62.11
OUT_08770,195.99
OUT_08771,191.0
OUT_08772,184.98
OUT_08773,60.93
OUT_08774,61.57
OUT_08775,187.25
OUT_08776,629.08
OUT_08777,64.03
OUT_08778,61.4
OUT_08779,63.98
OUT_08780,646.96
OUT_08781,182.6
OUT_08782,194.55
OUT_08783,656.52
OUT_08784,192.27
OUT_08785,654.41
OUT_08786,65.25
OUT_08787,190.57
OUT_08788,53.33
OUT_08789,630.96
OUT_08790,61.67
OUT_08791,192.63
OUT_08792,58.06
OUT_08793,60.87
OUT_08794,192.46
OUT_08795,63.8
OUT_08796,72.79
OUT_08797,66.12
OUT_08798,58.71
OUT_08799,63.76
OUT_08800,63.38
OUT_08801,191.49
OUT_08802,46.38
OUT_08803,192.05
OUT_08804,54.8
OUT_08805,1689.24
OUT_08806,39.04
OUT_08807,193.73
OUT_08808,184.75
OUT_08809,52.51
OUT_08810,54.44
OUT_08811,64.47
OUT_08812,54.84
OUT_08813,71.77
OUT_08814,69.77
OUT_08815,672.17
OUT_08816,59.88
OUT_08817,191.46
OUT_08818,191.52
OUT_08819,190.95
OUT_08820,64.19
OUT_08821,197.58
OUT_08822,196.04
OUT_08823,186.62
OUT_08824,64.84
OUT_08825,70.87
OUT_08826,661.54
OUT_08827,1657.11
OUT_08828,54.0
OUT_08829,50.75
OUT_08830,61.62
OUT_08831,1673.99
OUT_08832,78.38
OUT_08833,63.28
OUT_08834,78.64
OUT_08835,1679.21
OUT_08836,56.49
OUT_08837,183.77
OUT_08838,204.58
OUT_08839,62.25
OUT_08840,639.98
OUT_08841,636.48
OUT_08842,53.93
OUT_08843,683.79
OUT_08844,194.92
OUT_08845,187.84
OUT_08846,199.94
OUT_08847,186.09
OUT_08848,192.51
OUT_08849,205.2
OUT_08850,672.23
OUT_08851,74.69
OUT_08852,60.93
OUT_08853,663.79
OUT_08854,64.32
OUT_08855,655.62
OUT_08856,64.7
OUT_08857,192.58
OUT_08858,186.89
OUT_08859,59.35
OUT_08860,663.21
OUT_08861,38.41
OUT_08862,40.64
OUT_08863,51.66
OUT_08864,57.03
OUT_08865,189.4
OUT_08866,59.82
OUT_08867,55.26
OUT_08868,65.55
OUT_08869,190.82
OUT_08870,64.02
OUT_08871,643.56
OUT_08872,1651.76
OUT_08873,64.77
OUT_08874,61.6
OUT_08875,192.5
OUT_08876,60.79
OUT_08877,675.07
OUT_08878,153.85
OUT_08879,195.63
OUT_08880,64.14
OUT_08881,65.53
OUT_08882,65.5
OUT_08883,622.92
OUT_08884,643.98
OUT_08885,59.64
OUT_08886,637.81
OUT_08887,189.58
OUT_08888,54.87
OUT_08889,30.12
OUT_08890,62.47
OUT_08891,642.44
OUT_08892,194.52
OUT_08893,185.56
OUT_08894,69.04
OUT_08895,675.77
OUT_08896,70.15
OUT_08897,194.8
OUT_08898,632.92
OUT_08899,189.34
OUT_08900,54.73
OUT_08901,59.39
OUT_08902,188.47
OUT_08903,43.48
OUT_08904,70.54
OUT_08905,39.71
OUT_08906,197.77
OUT_08907,192.19
OUT_08908,57.64
OUT_08909,54.03
OUT_08910,615.68
OUT_08911,62.17
OUT_08912,193.54
OUT_08913,693.43
OUT_08914,660.7
OUT_08915,65.5
OUT_08916,46.34
OUT_08917,66.69
OUT_08918,197.12
OUT_08919,59.88
OUT_08920,58.15
OUT_08921,662.89
OUT_08922,187.68
OUT_08923,41.71
OUT_08924,197.31
OUT_08925,647.57
OUT_08926,72.88
OUT_08927,226.57
OUT_08928,664.71
OUT_08929,1671.06
OUT_08930,67.09
OUT_08931,59.84
OUT_08932,70.94
OUT_08933,196.33
OUT_08934,221.97
OUT_08935,186.93
OUT_08936,60.96
OUT_08937,64.57
OUT_08938,685.0
OUT_08939,60.93
OUT_08940,48.22
OUT_08941,61.7
OUT_08942,73.23
OUT_08943,60.78
OUT_08944,626.64
OUT_08945,60.85
OUT_08946,649.8
OUT_08947,647.48
OUT_08948,56.75
OUT_08949,195.29
OUT_08950,193.24
OUT_08951,71.32
OUT_08952,57.07
OUT_08953,46.1
OUT_08954,59.53
OUT_08955,41.02
OUT_08956,53.9
OUT_08957,54.87
OUT_08958,676.99
OUT_08959,187.89
OUT_08960,53.24
OUT_08961,57.49
OUT_08962,64.86
OUT_08963,42.02
OUT_08964,653.85
OUT_08965,685.16
OUT_08966,185.44
OUT_08967,60.59
OUT_08968,182.68
OUT_08969,636.24
OUT_08970,191.04
OUT_08971,70.1
OUT_08972,65.5
OUT_08973,60.72
OUT_08974,196.22
OUT_08975,64.72
OUT_08976,62.7
OUT_08977,59.15
OUT_08978,660.0
OUT_08979,658.87
OUT_08980,65.65
OUT_08981,69.1
OUT_08982,49.96
OUT_08983,193.37
OUT_08984,72.13
OUT_08985,66.78
OUT_08986,646.67
OUT_08987,193.8
OUT_08988,69.69
OUT_08989,66.22
OUT_08990,57.79
OUT_08991,191.67
OUT_08992,678.22
OUT_08993,59.41
OUT_08994,193.83
OUT_08995,1667.78
OUT_08996,50.67
OUT_08997,191.91
OUT_08998,201.78
OUT_08999,196.88
OUT_09000,66.61
OUT_09001,52.29
OUT_09002,70.15
OUT_09003,63.71
OUT_09004,67.89
OUT_09005,67.47
OUT_09006,1723.25
OUT_09007,1735.08
OUT_09008,60.47
OUT_09009,49.53
OUT_09010,719.52
OUT_09011,743.29
OUT_09012,1711.12
OUT_09013,69.51
OUT_09014,699.83
OUT_09015,1732.83
OUT_09016,70.87
OUT_09017,62.72
OUT_09018,76.2
OUT_09019,70.86
OUT_09020,45.76
OUT_09021,72.82
OUT_09022,211.13
OUT_09023,59.0
OUT_09024,1720.94
OUT_09025,202.75
OUT_09026,65.66
OUT_09027,65.28
OUT_09028,205.3
OUT_09029,50.76
OUT_09030,64.3
OUT_09031,67.03
OUT_09032,209.33
OUT_09033,66.78
OUT_09034,221.85
OUT_09035,202.48
OUT_09036,1721.51
OUT_09037,62.89
OUT_09038,209.77
OUT_09039,681.12
OUT_09040,63.14
OUT_09041,206.11
OUT_09042,729.39
OUT_09043,717.45
OUT_09044,205.91
OUT_09045,213.84
OUT_09046,62.46
OUT_09047,705.79
OUT_09048,723.13
OUT_09049,40.81
OUT_09050,659.91
OUT_09051,727.17
OUT_09052,68.17
OUT_09053,210.77
OUT_09054,204.99
OUT_09055,57.25
OUT_09056,193.55
OUT_09057,197.95
OUT_09058,731.33
OUT_09059,74.44
OUT_09060,70.37
OUT_09061,70.25
OUT_09062,77.19
OUT_09063,70.42
OUT_09064,728.68
OUT_09065,206.75
OUT_09066,32.28
OUT_09067,58.95
OUT_09068,752.14
OUT_09069,221.1
OUT_09070,754.85
OUT_09071,742.93
OUT_09072,1742.11
OUT_09073,209.46
OUT_09074,742.73
OUT_09075,77.85
OUT_09076,204.74
OUT_09077,69.49
OUT_09078,204.57
OUT_09079,196.22
OUT_09080,66.78
OUT_09081,751.79
OUT_09082,71.47
OUT_09083,202.63
OUT_09084,62.22
OUT_09085,67.89
OUT_09086,62.49
OUT_09087,57.83
OUT_09088,73.57
OUT_09089,630.8
OUT_09090,209.05
OUT_09091,204.13
OUT_09092,65.28
OUT_09093,722.35
OUT_09094,206.38
OUT_09095,217.54
OUT_09096,195.72
OUT_09097,746.81
OUT_09098,72.71
OUT_09099,206.16
OUT_09100,217.9
OUT_09101,215.0
OUT_09102,204.93
OUT_09103,65.72
OUT_09104,737.1
OUT_09105,69.0
OUT_09106,211.05
OUT_09107,65.2
OUT_09108,192.84
OUT_09109,72.06
OUT_09110,704.19
OUT_09111,1725.36
OUT_09112,203.43
OUT_09113,79.42
OUT_09114,210.8
OUT_09115,56.94
OUT_09116,74.19
OUT_09117,212.37
OUT_09118,56.59
OUT_09119,192.74
OUT_09120,677.78
OUT_09121,75.45
OUT_09122,766.93
OUT_09123,203.5
OUT_09124,66.94
OUT_09125,56.09
OUT_09126,70.78
OUT_09127,67.75
OUT_09128,208.26
OUT_09129,61.61
OUT_09130,62.56
OUT_09131,249.4
OUT_09132,62.62
OUT_09133,68.08
OUT_09134,731.07
OUT_09135,67.76
OUT_09136,74.29
OUT_09137,67.18
OUT_09138,70.47
OUT_09139,210.41
OUT_09140,68.13
OUT_09141,76.75
OUT_09142,207.83
OUT_09143,210.98
OUT_09144,72.81
OUT_09145,61.09
OUT_09146,219.19
OUT_09147,66.38
OUT_09148,67.19
OUT_09149,59.78
OUT_09150,65.49
OUT_09151,733.74
OUT_09152,67.37
OUT_09153,67.42
OUT_09154,212.74
OUT_09155,62.87
OUT_09156,65.71
OUT_09157,65.47
OUT_09158,198.18
OUT_09159,203.64
OUT_09160,37.84
OUT_09161,55.03
OUT_09162,66.49
OUT_09163,60.7
OUT_09164,204.38
OUT_09165,201.82
OUT_09166,62.84
OUT_09167,201.45
OUT_09168,75.69
OUT_09169,64.99
OUT_09170,696.68
OUT_09171,68.89
OUT_09172,198.33
OUT_09173,68.56
OUT_09174,200.03
OUT_09175,203.61
OUT_09176,56.5
OUT_09177,61.27
OUT_09178,77.92
OUT_09179,58.69
OUT_09180,207.44
OUT_09181,204.33
OUT_09182,223.74
OUT_09183,698.11
OUT_09184,60.37
OUT_09185,671.86
OUT_09186,711.99
OUT_09187,201.41
OUT_09188,201.33
OUT_09189,71.85
OUT_09190,205.43
OUT_09191,748.02
OUT_09192,210.12
OUT_09193,51.48
OUT_09194,69.67
OUT_09195,67.84
OUT_09196,59.52
OUT_09197,204.46
OUT_09198,717.02
OUT_09199,67.41
OUT_09200,710.67
OUT_09201,207.39
OUT_09202,60.73
OUT_09203,55.59
OUT_09204,203.68
OUT_09205,58.19
OUT_09206,67.69
OUT_09207,775.6
OUT_09208,56.23
OUT_09209,63.29
OUT_09210,211.89
OUT_09211,208.43
OUT_09212,72.64
OUT_09213,214.67
OUT_09214,1703.88
OUT_09215,726.1
OUT_09216,1728.55
OUT_09217,746.09
OUT_09218,54.28
OUT_09219,192.35
OUT_09220,198.52
OUT_09221,1731.48
OUT_09222,67.09
OUT_09223,73.42
OUT_09224,192.55
OUT_09225,60.19
OUT_09226,72.67
OUT_09227,62.46
OUT_09228,56.23
OUT_09229,211.83
OUT_09230,72.43
OUT_09231,59.68
OUT_09232,727.16
OUT_09233,692.05
OUT_09234,73.91
OUT_09235,59.84
OUT_09236,739.98
OUT_09237,73.99
OUT_09238,214.08
OUT_09239,66.77
OUT_09240,66.59
OUT_09241,193.72
OUT_09242,71.62
OUT_09243,740.05
OUT_09244,214.69
OUT_09245,70.91
OUT_09246,53.59
OUT_09247,61.27
OUT_09248,52.67
OUT_09249,70.08
OUT_09250,202.49
OUT_09251,63.22
OUT_09252,64.4
OUT_09253,207.0
OUT_09254,68.38
OUT_09255,208.12
OUT_09256,198.13
OUT_09257,1741.45
OUT_09258,67.34
OUT_09259,729.18
OUT_09260,68.28
OUT_09261,61.56
OUT_09262,703.04
OUT_09263,705.22
OUT_09264,44.02
OUT_09265,698.85
OUT_09266,55.8
OUT_09267,204.82
OUT_09268,46.1
OUT_09269,71.95
OUT_09270,72.54
OUT_09271,210.9
OUT_09272,213.07
OUT_09273,68.51
OUT_09274,1715.79
OUT_09275,1735.48
OUT_09276,67.25
OUT_09277,205.03
OUT_09278,71.57
OUT_09279,58.32
OUT_09280,70.47
OUT_09281,57.46
OUT_09282,57.91
OUT_09283,204.11
OUT_09284,203.34
OUT_09285,57.79
OUT_09286,202.14
OUT_09287,59.46
OUT_09288,650.24
OUT_09289,75.63
OUT_09290,67.47
OUT_09291,220.43
OUT_09292,66.32
OUT_09293,196.22
OUT_09294,205.75
OUT_09295,61.66
OUT_09296,65.78
OUT_09297,716.24
OUT_09298,61.42
OUT_09299,64.59
OUT_09300,65.99
OUT_09301,204.44
OUT_09302,202.74
OUT_09303,1723.33
OUT_09304,733.18
OUT_09305,71.97
OUT_09306,72.48
OUT_09307,709.68
OUT_09308,48.84
OUT_09309,62.87
OUT_09310,1733.06
OUT_09311,59.16
OUT_09312,72.27
OUT_09313,71.24
OUT_09314,213.88
OUT_09315,203.01
OUT_09316,205.58
OUT_09317,745.19
OUT_09318,662.89
OUT_09319,204.29
OUT_09320,733.96
OUT_09321,60.95
OUT_09322,72.77
OUT_09323,1639.13
OUT_09324,186.02
OUT_09325,40.24
OUT_09326,72.38
OUT_09327,63.64
OUT_09328,70.6
OUT_09329,47.53
OUT_09330,69.96
OUT_09331,200.21
OUT_09332,743.88
OUT_09333,62.43
OUT_09334,63.02
OUT_09335,54.97
OUT_09336,750.37
OUT_09337,65.36
OUT_09338,68.39
OUT_09339,72.77
OUT_09340,711.03
OUT_09341,70.26
OUT_09342,695.9
OUT_09343,195.71
OUT_09344,55.77
OUT_09345,62.62
OUT_09346,67.72
OUT_09347,200.17
OUT_09348,71.78
OUT_09349,203.55
OUT_09350,68.58
OUT_09351,203.11
OUT_09352,56.64
OUT_09353,67.67
OUT_09354,722.9
OUT_09355,202.39
OUT_09356,60.3
OUT_09357,683.99
OUT_09358,61.37
OUT_09359,71.93
OUT_09360,47.36
OUT_09361,63.11
OUT_09362,75.53
OUT_09363,68.65
OUT_09364,31.1
OUT_09365,752.32
OUT_09366,57.83
OUT_09367,63.02
OUT_09368,74.02
OUT_09369,1725.66
OUT_09370,196.09
OUT_09371,73.69
OUT_09372,208.96
OUT_09373,209.36
OUT_09374,60.6
OUT_09375,66.73
OUT_09376,65.83
OUT_09377,748.67
OUT_09378,60.86
OUT_09379,196.06
OUT_09380,206.0
OUT_09381,73.0
OUT_09382,202.02
OUT_09383,213.98
OUT_09384,67.5
OUT_09385,211.09
OUT_09386,212.17
OUT_09387,72.6
OUT_09388,199.54
OUT_09389,57.83
OUT_09390,1753.66
OUT_09391,214.72
OUT_09392,51.46
OUT_09393,74.51
OUT_09394,194.54
OUT_09395,59.63
OUT_09396,201.64
OUT_09397,198.21
OUT_09398,199.39
OUT_09399,211.7
OUT_09400,739.47
OUT_09401,205.4
OUT_09402,63.46
OUT_09403,67.38
OUT_09404,208.08
OUT_09405,203.19
OUT_09406,61.96
OUT_09407,718.45
OUT_09408,68.01
OUT_09409,69.13
OUT_09410,729.75
OUT_09411,191.56
OUT_09412,63.49
OUT_09413,65.07
OUT_09414,207.72
OUT_09415,70.99
OUT_09416,48.28
OUT_09417,204.25
OUT_09418,209.29
OUT_09419,70.72
OUT_09420,67.56
OUT_09421,72.32
OUT_09422,1722.67
OUT_09423,192.77
OUT_09424,216.58
OUT_09425,204.25
OUT_09426,42.43
OUT_09427,194.59
OUT_09428,65.72
OUT_09429,210.06
OUT_09430,212.58
OUT_09431,60.42
OUT_09432,58.38
OUT_09433,64.81
OUT_09434,68.53
OUT_09435,67.43
OUT_09436,211.47
OUT_09437,68.38
OUT_09438,70.08
OUT_09439,206.41
OUT_09440,65.27
OUT_09441,68.16
OUT_09442,204.4
OUT_09443,74.34
OUT_09444,73.59
OUT_09445,1700.78
OUT_09446,204.23
OUT_09447,208.75
OUT_09448,728.65
OUT_09449,55.27
OUT_09450,698.68
OUT_09451,76.97
OUT_09452,67.24
OUT_09453,76.25
OUT_09454,77.11
OUT_09455,195.27
OUT_09456,70.59
OUT_09457,62.81
OUT_09458,195.76
OUT_09459,60.02
OUT_09460,72.53
OUT_09461,196.78
OUT_09462,63.01
OUT_09463,719.8
OUT_09464,69.56
OUT_09465,65.18
OUT_09466,203.93
OUT_09467,68.14
OUT_09468,67.17
OUT_09469,673.92
OUT_09470,212.09
OUT_09471,209.15
OUT_09472,68.26
OUT_09473,61.68
OUT_09474,62.05
OUT_09475,67.76
OUT_09476,745.88
OUT_09477,742.79
OUT_09478,67.35
OUT_09479,201.98
OUT_09480,206.13
OUT_09481,210.95
OUT_09482,1728.57
OUT_09483,68.04
OUT_09484,697.58
OUT_09485,40.04
OUT_09486,57.04
OUT_09487,735.55
OUT_09488,43.23
OUT_09489,71.09
OUT_09490,67.29
OUT_09491,734.35
OUT_09492,212.34
OUT_09493,65.59
OUT_09494,67.38
OUT_09495,205.46
OUT_09496,62.71
OUT_09497,58.73
OUT_09498,195.98
OUT_09499,61.26
OUT_09500,43.79
OUT_09501,1720.36
OUT_09502,62.48
OUT_09503,67.92
OUT_09504,64.34
OUT_09505,205.93
OUT_09506,62.35
OUT_09507,202.96
OUT_09508,213.1
OUT_09509,757.89
OUT_09510,203.05
OUT_09511,65.54
OUT_09512,55.27
OUT_09513,64.67
OUT_09514,65.12
OUT_09515,723.2
OUT_09516,68.4
OUT_09517,67.42
OUT_09518,208.39
OUT_09519,676.2
OUT_09520,202.09
OUT_09521,75.87
OUT_09522,57.49
OUT_09523,1714.94
OUT_09524,195.28
OUT_09525,212.07
OUT_09526,72.39
OUT_09527,70.51
OUT_09528,77.88
OUT_09529,204.48
OUT_09530,53.34
OUT_09531,62.87
OUT_09532,43.49
OUT_09533,1728.76
OUT_09534,67.67
OUT_09535,63.92
OUT_09536,72.76
OUT_09537,202.17
OUT_09538,72.04
OUT_09539,72.86
OUT_09540,731.68
OUT_09541,201.89
OUT_09542,203.62
OUT_09543,202.97
OUT_09544,68.84
OUT_09545,206.0
OUT_09546,63.49
OUT_09547,212.03
OUT_09548,680.33
OUT_09549,44.94
OUT_09550,210.64
OUT_09551,210.81
OUT_09552,745.49
OUT_09553,206.01
OUT_09554,68.33
OUT_09555,64.5
OUT_09556,67.55
OUT_09557,67.42
OUT_09558,61.66
OUT_09559,213.67
OUT_09560,63.25
OUT_09561,52.58
OUT_09562,62.21
OUT_09563,46.92
OUT_09564,58.44
OUT_09565,72.85
OUT_09566,64.32
OUT_09567,219.56
OUT_09568,676.71
OUT_09569,213.88
OUT_09570,720.11
OUT_09571,60.76
OUT_09572,208.41
OUT_09573,204.14
OUT_09574,61.41
OUT_09575,52.25
OUT_09576,712.05
OUT_09577,63.26
OUT_09578,213.81
OUT_09579,724.26
OUT_09580,69.58
OUT_09581,736.41
OUT_09582,1746.73
OUT_09583,693.69
OUT_09584,62.07
OUT_09585,699.66
OUT_09586,1726.22
OUT_09587,65.47
OUT_09588,203.14
OUT_09589,209.44
OUT_09590,227.23
OUT_09591,197.02
OUT_09592,1711.69
OUT_09593,72.79
OUT_09594,202.57
OUT_09595,207.68
OUT_09596,76.08
OUT_09597,203.99
OUT_09598,62.27
OUT_09599,57.48
OUT_09600,748.12
OUT_09601,67.56
OUT_09602,67.58
OUT_09603,754.9
OUT_09604,62.7
OUT_09605,245.85
OUT_09606,198.91
OUT_09607,741.73
OUT_09608,1719.57
OUT_09609,65.75
OUT_09610,205.42
OUT_09611,73.32
OUT_09612,78.03
OUT_09613,54.6
OUT_09614,690.95
OUT_09615,206.46
OUT_09616,50.23
OUT_09617,66.36
OUT_09618,200.28
OUT_09619,62.59
OUT_09620,204.8
OUT_09621,51.42
OUT_09622,210.84
OUT_09623,52.33
OUT_09624,65.49
OUT_09625,60.3
OUT_09626,206.09
OUT_09627,215.37
OUT_09628,73.09
OUT_09629,196.05
OUT_09630,63.9
OUT_09631,197.8
OUT_09632,65.22
OUT_09633,205.82
OUT_09634,1708.82
OUT_09635,203.12
OUT_09636,744.25
OUT_09637,714.27
OUT_09638,70.15
OUT_09639,72.02
OUT_09640,70.88
OUT_09641,56.43
OUT_09642,63.46
OUT_09643,205.89
OUT_09644,64.78
OUT_09645,70.77
OUT_09646,67.06
OUT_09647,205.98
OUT_09648,684.68
OUT_09649,196.75
OUT_09650,67.13
OUT_09651,60.66
OUT_09652,71.95
OUT_09653,210.08
OUT_09654,206.88
OUT_09655,65.29
OUT_09656,716.07
OUT_09657,60.13
OUT_09658,65.1
OUT_09659,63.75
OUT_09660,204.01
OUT_09661,205.71
OUT_09662,44.25
OUT_09663,72.75
OUT_09664,57.88
OUT_09665,209.25
OUT_09666,60.11
OUT_09667,215.75
OUT_09668,211.46
OUT_09669,69.8
OUT_09670,205.09
OUT_09671,200.54
OUT_09672,70.33
OUT_09673,193.17
OUT_09674,46.62
OUT_09675,62.57
OUT_09676,233.12
OUT_09677,76.93
OUT_09678,70.42
OUT_09679,55.25
OUT_09680,203.26
OUT_09681,60.32
OUT_09682,741.07
OUT_09683,205.36
OUT_09684,63.02
OUT_09685,67.56
OUT_09686,71.08
OUT_09687,63.66
OUT_09688,211.37
OUT_09689,63.29
OUT_09690,70.85
OUT_09691,67.37
OUT_09692,64.52
OUT_09693,204.73
OUT_09694,730.75
OUT_09695,193.24
OUT_09696,70.34
OUT_09697,209.09
OUT_09698,211.8
OUT_09699,68.73
OUT_09700,60.87
OUT_09701,67.17
OUT_09702,64.78
OUT_09703,67.26
OUT_09704,49.04
OUT_09705,202.56
OUT_09706,70.71
OUT_09707,1761.85
OUT_09708,72.26
OUT_09709,32.0
OUT_09710,1713.31
OUT_09711,213.72
OUT_09712,201.61
OUT_09713,73.68
OUT_09714,67.66
OUT_09715,1717.68
OUT_09716,717.06
OUT_09717,741.02
OUT_09718,711.11
OUT_09719,739.24
OUT_09720,73.59
OUT_09721,203.98
OUT_09722,68.0
OUT_09723,203.03
OUT_09724,60.93
OUT_09725,70.16
OUT_09726,68.05
OUT_09727,1724.48
OUT_09728,72.4
OUT_09729,71.19
OUT_09730,63.09
OUT_09731,1739.77
OUT_09732,69.56
OUT_09733,67.39
OUT_09734,60.99
OUT_09735,64.75
OUT_09736,208.54
OUT_09737,70.02
OUT_09738,70.93
OUT_09739,63.25
OUT_09740,67.48
OUT_09741,55.08
OUT_09742,209.37
OUT_09743,72.15
OUT_09744,72.59
OUT_09745,73.63
OUT_09746,46.63
OUT_09747,64.5
OUT_09748,740.47
OUT_09749,59.02
OUT_09750,1728.77
OUT_09751,44.82
OUT_09752,68.1
OUT_09753,67.26
OUT_09754,204.93
OUT_09755,717.78
OUT_09756,212.4
OUT_09757,59.88
OUT_09758,203.22
OUT_09759,62.79
OUT_09760,70.71
OUT_09761,69.04
OUT_09762,733.76
OUT_09763,732.62
OUT_09764,201.63
OUT_09765,72.37
OUT_09766,207.58
OUT_09767,72.11
OUT_09768,713.42
OUT_09769,67.89
OUT_09770,206.63
OUT_09771,63.79
OUT_09772,703.02
OUT_09773,208.54
OUT_09774,733.52
OUT_09775,43.83
OUT_09776,64.14
OUT_09777,205.64
OUT_09778,1717.93
OUT_09779,206.09
OUT_09780,1721.52
OUT_09781,63.77
OUT_09782,209.45
OUT_09783,728.11
OUT_09784,211.62
OUT_09785,62.52
OUT_09786,199.08
OUT_09787,746.0
OUT_09788,721.29
OUT_09789,61.12
OUT_09790,62.58
OUT_09791,65.79
OUT_09792,737.82
OUT_09793,70.51
OUT_09794,45.33
OUT_09795,719.58
OUT_09796,73.4
OUT_09797,68.02
OUT_09798,271.86
OUT_09799,200.72
OUT_09800,76.44
OUT_09801,68.17
OUT_09802,200.6
OUT_09803,73.55
OUT_09804,55.34
OUT_09805,66.94
OUT_09806,686.65
OUT_09807,203.4
OUT_09808,729.91
OUT_09809,65.46
OUT_09810,67.14
OUT_09811,738.07
OUT_09812,1716.25
OUT_09813,672.73
OUT_09814,55.38
OUT_09815,227.79
OUT_09816,67.73
OUT_09817,1722.03
OUT_09818,57.87
OUT_09819,68.12
OUT_09820,74.95
OUT_09821,73.11
OUT_09822,65.58
OUT_09823,202.76
OUT_09824,60.94
OUT_09825,76.06
OUT_09826,73.37
OUT_09827,205.34
OUT_09828,211.25
OUT_09829,718.05
OUT_09830,194.97
OUT_09831,40.23
OUT_09832,65.62
OUT_09833,56.99
OUT_09834,73.74
OUT_09835,204.36
OUT_09836,62.8
OUT_09837,1743.03
OUT_09838,63.82
OUT_09839,73.5
OUT_09840,747.84
OUT_09841,72.6
OUT_09842,75.1
OUT_09843,60.13
OUT_09844,69.82
OUT_09845,75.9
OUT_09846,67.78
OUT_09847,203.42
OUT_09848,191.33
OUT_09849,72.39
OUT_09850,55.45
OUT_09851,207.87
OUT_09852,208.2
OUT_09853,72.58
OUT_09854,54.33
OUT_09855,75.3
OUT_09856,49.5
OUT_09857,207.06
OUT_09858,54.67
OUT_09859,724.45
OUT_09860,67.49
OUT_09861,731.89
OUT_09862,204.81
OUT_09863,193.15
OUT_09864,74.3
OUT_09865,67.61
OUT_09866,67.48
OUT_09867,208.53
OUT_09868,750.93
OUT_09869,61.18
OUT_09870,203.99
OUT_09871,199.21
OUT_09872,75.81
OUT_09873,64.33
OUT_09874,745.39
OUT_09875,68.51
OUT_09876,200.65
OUT_09877,737.25
OUT_09878,53.7
OUT_09879,72.26
OUT_09880,68.02
OUT_09881,200.33
OUT_09882,196.25
OUT_09883,200.27
OUT_09884,78.19
OUT_09885,71.11
OUT_09886,67.93
OUT_09887,195.21
OUT_09888,69.23
OUT_09889,60.92
OUT_09890,200.7
OUT_09891,70.17
OUT_09892,42.09
OUT_09893,201.55
OUT_09894,75.54
OUT_09895,72.09
OUT_09896,198.25
OUT_09897,62.4
OUT_09898,65.98
OUT_09899,51.63
OUT_09900,201.73
OUT_09901,45.26
OUT_09902,65.49
OUT_09903,1702.75
OUT_09904,39.76
OUT_09905,62.48
OUT_09906,70.85
OUT_09907,209.05
OUT_09908,214.54
OUT_09909,71.48
OUT_09910,64.59
OUT_09911,675.74
OUT_09912,701.04
OUT_09913,207.3
OUT_09914,727.2
OUT_09915,204.88
OUT_09916,199.53
OUT_09917,205.46
OUT_09918,54.94
OUT_09919,76.51
OUT_09920,73.12
OUT_09921,73.56
OUT_09922,1710.13
OUT_09923,61.62
OUT_09924,208.06
OUT_09925,205.33
OUT_09926,73.4
OUT_09927,208.13
OUT_09928,59.4
OUT_09929,214.76
OUT_09930,204.4
OUT_09931,73.63
OUT_09932,264.11
OUT_09933,1737.64
OUT_09934,733.98
OUT_09935,735.15
OUT_09936,72.2
OUT_09937,780.01
OUT_09938,57.91
OUT_09939,197.83
OUT_09940,69.81
OUT_09941,59.25
OUT_09942,63.03
OUT_09943,196.51
OUT_09944,61.42
OUT_09945,61.18
OUT_09946,726.97
OUT_09947,205.99
OUT_09948,78.04
OUT_09949,63.26
OUT_09950,68.67
OUT_09951,67.51
OUT_09952,722.12
OUT_09953,205.42
OUT_09954,46.3
OUT_09955,67.53
OUT_09956,203.77
OUT_09957,196.52
OUT_09958,72.33
OUT_09959,197.04
OUT_09960,79.45
OUT_09961,732.78
OUT_09962,70.56
OUT_09963,717.32
OUT_09964,184.13
OUT_09965,64.4
OUT_09966,726.74
OUT_09967,72.79
OUT_09968,193.72
OUT_09969,67.73
OUT_09970,67.68
OUT_09971,51.58
OUT_09972,217.46
OUT_09973,77.3
OUT_09974,61.2
OUT_09975,61.22
OUT_09976,57.64
OUT_09977,746.27
OUT_09978,205.15
OUT_09979,741.8
OUT_09980,68.82
OUT_09981,70.82
OUT_09982,1743.42
OUT_09983,72.24
OUT_09984,200.17
OUT_09985,209.61
OUT_09986,213.48
OUT_09987,645.37
OUT_09988,210.83
OUT_09989,733.09
OUT_09990,203.09
OUT_09991,62.86
OUT_09992,62.57
OUT_09993,67.13
OUT_09994,72.94
OUT_09995,58.46
OUT_09996,206.42
OUT_09997,193.9
OUT_09998,201.54
OUT_09999,46.26
OUT_10000,187.52
OUT_10001,58.72
OUT_10002,211.0
OUT_10003,201.56
OUT_10004,76.0
OUT_10005,61.28
OUT_10006,713.54
OUT_10007,1742.89
OUT_10008,42.04
OUT_10009,204.04
OUT_10010,67.6
OUT_10011,703.39
OUT_10012,58.12
OUT_10013,72.67
OUT_10014,67.65
OUT_10015,51.81
OUT_10016,76.99
OUT_10017,238.11
OUT_10018,61.28
OUT_10019,205.28
OUT_10020,67.1
OUT_10021,215.0
OUT_10022,196.23
OUT_10023,1719.63
OUT_10024,74.55
OUT_10025,204.97
OUT_10026,196.42
OUT_10027,63.08
OUT_10028,65.78
OUT_10029,39.68
OUT_10030,206.86
OUT_10031,69.25
OUT_10032,66.27
OUT_10033,80.16
OUT_10034,729.63
OUT_10035,72.54
OUT_10036,210.67
OUT_10037,208.5
OUT_10038,201.74
OUT_10039,61.37
OUT_10040,201.03
OUT_10041,761.83
OUT_10042,722.35
OUT_10043,204.94
OUT_10044,54.88
OUT_10045,66.87
OUT_10046,202.32
OUT_10047,67.14
OUT_10048,733.92
OUT_10049,64.81
OUT_10050,77.18
OUT_10051,1739.96
OUT_10052,64.31
OUT_10053,55.73
OUT_10054,60.4
OUT_10055,728.42
OUT_10056,70.12
OUT_10057,209.42
OUT_10058,684.45
OUT_10059,69.28
OUT_10060,761.02
OUT_10061,65.73
OUT_10062,72.65
OUT_10063,196.77
OUT_10064,226.99
OUT_10065,64.82
OUT_10066,70.52
OUT_10067,205.8
OUT_10068,210.07
OUT_10069,188.15
OUT_10070,61.67
OUT_10071,78.14
OUT_10072,62.32
OUT_10073,72.34
OUT_10074,204.94
OUT_10075,55.09
OUT_10076,702.69
OUT_10077,66.75
OUT_10078,198.15
OUT_10079,43.79
OUT_10080,74.18
OUT_10081,64.74
OUT_10082,202.58
OUT_10083,202.29
OUT_10084,70.32
OUT_10085,73.12
OUT_10086,197.94
OUT_10087,65.38
OUT_10088,732.51
OUT_10089,203.48
OUT_10090,740.92
OUT_10091,213.13
OUT_10092,63.0
OUT_10093,74.08
OUT_10094,60.58
OUT_10095,195.34
OUT_10096,727.15
OUT_10097,59.81
OUT_10098,65.55
OUT_10099,61.45
OUT_10100,67.95
OUT_10101,207.29
OUT_10102,63.81
OUT_10103,199.9
OUT_10104,738.45
OUT_10105,1689.83
OUT_10106,48.77
OUT_10107,749.24
OUT_10108,725.86
OUT_10109,55.9
OUT_10110,226.53
OUT_10111,203.7
OUT_10112,46.58
OUT_10113,60.52
OUT_10114,206.5
OUT_10115,66.75
OUT_10116,1701.99
OUT_10117,66.16
OUT_10118,71.27
OUT_10119,203.88
OUT_10120,210.48
OUT_10121,198.24
OUT_10122,70.2
OUT_10123,210.24
OUT_10124,740.18
OUT_10125,62.79
OUT_10126,54.08
OUT_10127,235.23
OUT_10128,213.18
OUT_10129,72.2
OUT_10130,664.6
OUT_10131,1730.04
OUT_10132,189.31
OUT_10133,194.42
OUT_10134,675.24
OUT_10135,43.22
OUT_10136,67.26
OUT_10137,63.0
OUT_10138,72.28
OUT_10139,205.82
OUT_10140,753.72
OUT_10141,199.02
OUT_10142,1732.88
OUT_10143,63.28
OUT_10144,193.97
OUT_10145,205.28
OUT_10146,212.96
OUT_10147,70.67
OUT_10148,206.88
OUT_10149,188.88
OUT_10150,64.59
OUT_10151,63.19
OUT_10152,70.83
OUT_10153,198.41
OUT_10154,195.47
OUT_10155,205.16
OUT_10156,61.43
OUT_10157,746.88
OUT_10158,76.18
OUT_10159,756.72
OUT_10160,192.31
OUT_10161,208.15
OUT_10162,69.92
OUT_10163,175.97
OUT_10164,741.56
OUT_10165,736.85
OUT_10166,74.86
OUT_10167,709.87
OUT_10168,740.32
OUT_10169,65.6
OUT_10170,69.72
OUT_10171,197.59
OUT_10172,81.91
OUT_10173,198.71
OUT_10174,1713.95
OUT_10175,192.7
OUT_10176,63.18
OUT_10177,223.92
OUT_10178,714.77
OUT_10179,68.97
OUT_10180,194.54
OUT_10181,745.2
OUT_10182,205.48
OUT_10183,717.86
OUT_10184,691.36
OUT_10185,715.12
OUT_10186,72.92
OUT_10187,197.76
OUT_10188,216.37
OUT_10189,62.44
OUT_10190,704.06
OUT_10191,65.66
OUT_10192,209.68
OUT_10193,717.63
OUT_10194,66.99
OUT_10195,197.91
OUT_10196,701.88
OUT_10197,56.93
OUT_10198,71.86
OUT_10199,212.21
OUT_10200,54.16
OUT_10201,75.87
OUT_10202,186.13
OUT_10203,63.27
OUT_10204,196.5
OUT_10205,63.31
OUT_10206,721.17
OUT_10207,203.0
OUT_10208,751.89
OUT_10209,206.57
OUT_10210,205.77
OUT_10211,208.52
OUT_10212,197.5
OUT_10213,1721.05
OUT_10214,201.3
OUT_10215,1720.93
OUT_10216,73.8
OUT_10217,215.28
OUT_10218,735.55
OUT_10219,61.31
OUT_10220,75.14
OUT_10221,50.47
OUT_10222,210.57
OUT_10223,56.52
OUT_10224,57.44
OUT_10225,65.46
OUT_10226,204.96
OUT_10227,736.01
OUT_10228,53.92
OUT_10229,676.45
OUT_10230,55.29
OUT_10231,736.81
OUT_10232,51.51
OUT_10233,193.67
OUT_10234,205.89
OUT_10235,736.06
OUT_10236,71.57
OUT_10237,196.71
OUT_10238,207.03
OUT_10239,202.85
OUT_10240,53.2
OUT_10241,59.46
OUT_10242,201.21
OUT_10243,713.39
OUT_10244,1714.24
OUT_10245,71.86
OUT_10246,209.68
OUT_10247,210.38
OUT_10248,730.57
OUT_10249,205.97
OUT_10250,728.41
OUT_10251,72.75
OUT_10252,77.01
OUT_10253,211.5
OUT_10254,710.53
OUT_10255,54.6
OUT_10256,193.81
OUT_10257,50.32
OUT_10258,72.28
OUT_10259,724.24
OUT_10260,748.92
OUT_10261,65.22
OUT_10262,750.83
OUT_10263,211.28
OUT_10264,66.51
OUT_10265,202.71
OUT_10266,202.56
OUT_10267,218.38
OUT_10268,721.46
OUT_10269,75.25
OUT_10270,42.73
OUT_10271,72.81
OUT_10272,62.55
OUT_10273,67.96
OUT_10274,762.66
OUT_10275,206.23
OUT_10276,42.95
OUT_10277,59.95
OUT_10278,66.96
OUT_10279,203.92
OUT_10280,64.89
OUT_10281,57.23
OUT_10282,707.55
OUT_10283,747.72
OUT_10284,213.81
OUT_10285,63.24
OUT_10286,217.48
OUT_10287,78.95
OUT_10288,196.16
OUT_10289,56.97
OUT_10290,64.35
OUT_10291,741.61
OUT_10292,198.19
OUT_10293,68.44
OUT_10294,1715.39
OUT_10295,64.27
OUT_10296,208.95
OUT_10297,205.16
OUT_10298,193.68
OUT_10299,1720.79
OUT_10300,52.28
OUT_10301,202.5
OUT_10302,743.76
OUT_10303,717.96
OUT_10304,206.1
OUT_10305,76.75
OUT_10306,68.3
OUT_10307,75.41
OUT_10308,657.54
OUT_10309,65.03
OUT_10310,738.58
OUT_10311,204.61
OUT_10312,202.57
OUT_10313,80.07
OUT_10314,195.46
OUT_10315,74.13
OUT_10316,700.28
OUT_10317,204.47
OUT_10318,198.44
OUT_10319,203.2
OUT_10320,63.93
OUT_10321,65.13
OUT_10322,64.47
OUT_10323,187.35
OUT_10324,46.05
OUT_10325,205.06
OUT_10326,67.79
OUT_10327,744.4
OUT_10328,196.63
OUT_10329,45.17
OUT_10330,73.25
OUT_10331,73.78
OUT_10332,66.13
OUT_10333,63.85
OUT_10334,760.74
OUT_10335,708.68
OUT_10336,218.8
OUT_10337,71.42
OUT_10338,63.71
OUT_10339,67.75
OUT_10340,214.37
OUT_10341,69.11
OUT_10342,205.43
OUT_10343,1733.06
OUT_10344,62.97
OUT_10345,207.18
OUT_10346,745.4
OUT_10347,56.83
OUT_10348,67.57
OUT_10349,726.81
OUT_10350,728.91
OUT_10351,57.29
OUT_10352,695.47
OUT_10353,47.72
OUT_10354,74.96
OUT_10355,726.54
OUT_10356,60.7
OUT_10357,67.8
OUT_10358,199.9
OUT_10359,68.17
OUT_10360,220.71
OUT_10361,208.39
OUT_10362,203.06
OUT_10363,207.51
OUT_10364,195.82
OUT_10365,206.11
OUT_10366,205.27
OUT_10367,65.42
OUT_10368,72.32
OUT_10369,72.27
OUT_10370,204.31
OUT_10371,37.45
OUT_10372,743.55
OUT_10373,66.97
OUT_10374,711.88
OUT_10375,728.21
OUT_10376,64.61
OUT_10377,65.58
OUT_10378,67.25
OUT_10379,67.28
OUT_10380,202.39
OUT_10381,727.01
OUT_10382,705.04
OUT_10383,72.81
OUT_10384,70.45
OUT_10385,199.91
OUT_10386,66.45
OUT_10387,196.63
OUT_10388,195.99
OUT_10389,61.12
OUT_10390,197.59
OUT_10391,1731.05
OUT_10392,65.4
OUT_10393,58.06
OUT_10394,193.02
OUT_10395,69.72
OUT_10396,718.96
OUT_10397,1749.22
OUT_10398,55.54
OUT_10399,749.67
OUT_10400,206.92
OUT_10401,212.82
OUT_10402,208.12
OUT_10403,197.63
OUT_10404,51.48
OUT_10405,56.23
OUT_10406,73.33
OUT_10407,694.08
OUT_10408,76.49
OUT_10409,79.78
OUT_10410,72.48
OUT_10411,70.6
OUT_10412,745.87
OUT_10413,56.66
OUT_10414,48.24
OUT_10415,200.72
OUT_10416,63.23
OUT_10417,58.33
OUT_10418,210.24
OUT_10419,65.93
OUT_10420,74.19
OUT_10421,67.78
OUT_10422,77.67
OUT_10423,721.22
OUT_10424,67.9
OUT_10425,60.98
OUT_10426,58.05
OUT_10427,44.15
OUT_10428,692.13
OUT_10429,196.48
OUT_10430,57.39
OUT_10431,729.53
OUT_10432,705.7
OUT_10433,702.61
OUT_10434,743.01
OUT_10435,68.75
OUT_10436,58.18
OUT_10437,65.08
OUT_10438,715.21
OUT_10439,61.08
OUT_10440,213.31
OUT_10441,205.0
OUT_10442,74.86
OUT_10443,74.14
OUT_10444,214.86
OUT_10445,201.85
OUT_10446,210.5
OUT_10447,219.03
OUT_10448,710.76
OUT_10449,205.27
OUT_10450,214.09
OUT_10451,78.84
OUT_10452,76.19
OUT_10453,77.98
OUT_10454,72.14
OUT_10455,70.03
OUT_10456,711.39
OUT_10457,740.31
OUT_10458,194.78
OUT_10459,736.7
OUT_10460,205.09
OUT_10461,67.64
OUT_10462,67.17
OUT_10463,72.38
OUT_10464,67.94
OUT_10465,67.5
OUT_10466,48.19
OUT_10467,200.1
OUT_10468,195.78
OUT_10469,203.11
OUT_10470,75.62
OUT_10471,68.01
OUT_10472,209.84
OUT_10473,208.07
OUT_10474,73.1
OUT_10475,66.53
OUT_10476,205.17
OUT_10477,74.4
OUT_10478,75.65
OUT_10479,682.43
OUT_10480,67.15
OUT_10481,61.67
OUT_10482,763.33
OUT_10483,195.9
OUT_10484,201.87
OUT_10485,56.88
OUT_10486,65.63
OUT_10487,46.7
OUT_10488,67.22
OUT_10489,732.84
OUT_10490,205.93
OUT_10491,65.36
OUT_10492,67.8
OUT_10493,696.26
OUT_10494,730.29
OUT_10495,77.64
OUT_10496,208.69
OUT_10497,42.3
OUT_10498,206.01
OUT_10499,68.01
OUT_10500,59.29
OUT_10501,720.77
OUT_10502,47.04
OUT_10503,753.6
OUT_10504,1734.66
OUT_10505,740.27
OUT_10506,74.34
OUT_10507,1722.04
OUT_10508,1737.95
OUT_10509,198.04
OUT_10510,743.23
OUT_10511,43.77
OUT_10512,69.71
OUT_10513,63.21
OUT_10514,210.88
OUT_10515,72.73
OUT_10516,690.76
OUT_10517,72.21
OUT_10518,65.19
OUT_10519,73.53
OUT_10520,741.99
OUT_10521,732.54
OUT_10522,731.46
OUT_10523,70.37
OUT_10524,211.78
OUT_10525,204.92
OUT_10526,73.0
OUT_10527,69.09
OUT_10528,206.01
OUT_10529,200.47
OUT_10530,711.23
OUT_10531,53.82
OUT_10532,69.87
OUT_10533,767.89
OUT_10534,61.04
OUT_10535,193.69
OUT_10536,62.86
OUT_10537,217.55
OUT_10538,66.14
OUT_10539,55.36
OUT_10540,54.09
OUT_10541,711.71
OUT_10542,217.31
OUT_10543,211.22
OUT_10544,195.77
OUT_10545,1696.63
OUT_10546,68.75
OUT_10547,196.47
OUT_10548,69.98
OUT_10549,206.57
OUT_10550,723.11
OUT_10551,54.69
OUT_10552,60.61
OUT_10553,184.09
OUT_10554,215.92
OUT_10555,62.3
OUT_10556,68.51
OUT_10557,205.92
OUT_10558,67.62
OUT_10559,64.66
OUT_10560,73.12
OUT_10561,60.48
OUT_10562,67.45
OUT_10563,56.11
OUT_10564,711.23
OUT_10565,209.5
OUT_10566,205.37
OUT_10567,202.23
OUT_10568,67.93
OUT_10569,724.28
OUT_10570,216.94
OUT_10571,210.85
OUT_10572,213.38
OUT_10573,64.04
OUT_10574,195.76
OUT_10575,61.91
OUT_10576,216.97
OUT_10577,65.62
OUT_10578,70.84
OUT_10579,213.21
OUT_10580,203.61
OUT_10581,196.85
OUT_10582,70.52
OUT_10583,728.92
OUT_10584,60.92
OUT_10585,65.52
OUT_10586,198.85
OUT_10587,197.03
OUT_10588,55.49
OUT_10589,208.95
OUT_10590,48.29
OUT_10591,67.66
OUT_10592,206.45
OUT_10593,659.44
OUT_10594,204.76
OUT_10595,62.13
OUT_10596,67.37
OUT_10597,204.51
OUT_10598,722.37
OUT_10599,54.08
OUT_10600,700.94
OUT_10601,198.9
OUT_10602,51.68
OUT_10603,61.31
OUT_10604,204.17
OUT_10605,67.83
OUT_10606,49.83
OUT_10607,75.66
OUT_10608,192.18
OUT_10609,54.73
OUT_10610,202.18
OUT_10611,196.01
OUT_10612,53.21
OUT_10613,207.36
OUT_10614,211.95
OUT_10615,70.43
OUT_10616,211.12
OUT_10617,698.04
OUT_10618,68.61
OUT_10619,65.71
OUT_10620,67.41
OUT_10621,209.81
OUT_10622,199.94
OUT_10623,67.38
OUT_10624,203.8
OUT_10625,67.71
OUT_10626,209.23
OUT_10627,66.26
OUT_10628,50.46
OUT_10629,68.93
OUT_10630,662.6
OUT_10631,63.48
OUT_10632,702.39
OUT_10633,678.35
OUT_10634,72.29
OUT_10635,55.35
OUT_10636,709.24
OUT_10637,68.17
OUT_10638,64.07
OUT_10639,193.69
OUT_10640,63.09
OUT_10641,185.67
OUT_10642,1724.89
OUT_10643,46.06
OUT_10644,703.14
OUT_10645,219.79
OUT_10646,67.87
OUT_10647,62.81
OUT_10648,211.18
OUT_10649,53.48
OUT_10650,62.67
OUT_10651,73.44
OUT_10652,197.8
OUT_10653,1708.08
OUT_10654,73.63
OUT_10655,71.99
OUT_10656,67.25
OUT_10657,1746.8
OUT_10658,67.86
OUT_10659,202.36
OUT_10660,1719.71
OUT_10661,49.66
OUT_10662,65.17
OUT_10663,207.47
OUT_10664,204.09
OUT_10665,192.72
OUT_10666,211.15
OUT_10667,209.52
OUT_10668,57.04
OUT_10669,1749.81
OUT_10670,745.94
OUT_10671,201.77
OUT_10672,200.3
OUT_10673,69.61
OUT_10674,206.83
OUT_10675,67.82
OUT_10676,205.51
OUT_10677,76.35
OUT_10678,64.14
OUT_10679,211.45
OUT_10680,66.31
OUT_10681,61.72
OUT_10682,61.69
OUT_10683,752.53
OUT_10684,65.44
OUT_10685,212.24
OUT_10686,196.44
OUT_10687,63.16
OUT_10688,203.95
OUT_10689,204.74
OUT_10690,65.02
OUT_10691,206.61
OUT_10692,212.55
OUT_10693,73.07
OUT_10694,206.48
OUT_10695,73.03
OUT_10696,748.57
OUT_10697,63.01
OUT_10698,47.82
OUT_10699,1733.5
OUT_10700,70.59
OUT_10701,63.09
OUT_10702,69.78
OUT_10703,33.08
OUT_10704,55.98
OUT_10705,1721.1
OUT_10706,72.2
OUT_10707,62.96
OUT_10708,1706.44
OUT_10709,197.15
OUT_10710,1717.41
OUT_10711,716.0
OUT_10712,31.43
OUT_10713,60.1
OUT_10714,214.39
OUT_10715,199.77
OUT_10716,204.52
OUT_10717,731.36
OUT_10718,67.23
OUT_10719,1741.51
OUT_10720,191.0
OUT_10721,201.85
OUT_10722,210.92
OUT_10723,202.55
OUT_10724,64.54
OUT_10725,64.68
OUT_10726,55.57
OUT_10727,204.49
OUT_10728,1656.01
OUT_10729,69.38
OUT_10730,1706.3
OUT_10731,69.22
OUT_10732,53.5
OUT_10733,65.26
OUT_10734,213.32
OUT_10735,204.25
OUT_10736,68.18
OUT_10737,206.15
OUT_10738,77.03
OUT_10739,67.62
OUT_10740,56.35
OUT_10741,40.38
OUT_10742,65.66
OUT_10743,74.49
OUT_10744,60.45
OUT_10745,66.85
OUT_10746,64.5
OUT_10747,751.59
OUT_10748,76.91
OUT_10749,67.23
OUT_10750,68.05
OUT_10751,52.5
OUT_10752,208.11
OUT_10753,64.45
OUT_10754,73.34
OUT_10755,65.87
OUT_10756,68.15
OUT_10757,75.17
OUT_10758,1718.13
OUT_10759,55.87
OUT_10760,745.77
OUT_10761,206.33
OUT_10762,197.94
OUT_10763,204.07
OUT_10764,199.2
OUT_10765,61.41
OUT_10766,63.3
OUT_10767,46.28
OUT_10768,193.48
OUT_10769,32.09
OUT_10770,739.71
OUT_10771,65.52
OUT_10772,62.6
OUT_10773,202.48
OUT_10774,51.1
OUT_10775,203.6
OUT_10776,742.8
OUT_10777,58.01
OUT_10778,73.16
OUT_10779,688.87
OUT_10780,204.6
OUT_10781,1726.66
OUT_10782,209.96
OUT_10783,212.22
OUT_10784,47.01
OUT_10785,64.99
OUT_10786,56.63
OUT_10787,65.25
OUT_10788,732.55
OUT_10789,57.71
OUT_10790,225.08
OUT_10791,70.78
OUT_10792,206.85
OUT_10793,726.41
OUT_10794,1714.12
OUT_10795,60.81
OUT_10796,205.41
OUT_10797,61.35
OUT_10798,1693.15
OUT_10799,66.66
OUT_10800,73.07
OUT_10801,728.42
OUT_10802,64.89
OUT_10803,715.06
OUT_10804,1727.01
OUT_10805,729.65
OUT_10806,72.45
OUT_10807,58.1
OUT_10808,64.74
OUT_10809,66.7
OUT_10810,210.44
OUT_10811,55.97
OUT_10812,74.29
OUT_10813,56.94
OUT_10814,77.61
OUT_10815,212.17
OUT_10816,202.75
OUT_10817,212.46
OUT_10818,1728.31
OUT_10819,215.41
OUT_10820,76.65
OUT_10821,206.47
OUT_10822,57.93
OUT_10823,42.37
OUT_10824,60.52
OUT_10825,196.27
OUT_10826,751.03
OUT_10827,700.59
OUT_10828,1738.55
OUT_10829,88.72
OUT_10830,68.28
OUT_10831,57.07
OUT_10832,79.98
OUT_10833,203.36
OUT_10834,1714.82
OUT_10835,76.63
OUT_10836,63.25
OUT_10837,65.68
OUT_10838,196.05
OUT_10839,211.7
OUT_10840,74.56
OUT_10841,754.28
OUT_10842,200.48
OUT_10843,59.71
OUT_10844,207.75
OUT_10845,724.0
OUT_10846,55.49
OUT_10847,62.71
OUT_10848,59.55
OUT_10849,1693.65
OUT_10850,70.27
OUT_10851,37.29
OUT_10852,197.33
OUT_10853,50.24
OUT_10854,738.27
OUT_10855,67.92
OUT_10856,70.55
OUT_10857,210.88
OUT_10858,67.63
OUT_10859,692.18
OUT_10860,66.99
OUT_10861,194.72
OUT_10862,66.97
OUT_10863,66.87
OUT_10864,196.98
OUT_10865,217.88
OUT_10866,58.87
OUT_10867,208.6
OUT_10868,71.25
OUT_10869,55.26
OUT_10870,73.58
OUT_10871,204.0
OUT_10872,726.94
OUT_10873,55.45
OUT_10874,58.15
OUT_10875,674.57
OUT_10876,703.96
OUT_10877,193.62
OUT_10878,67.37
OUT_10879,200.66
OUT_10880,207.19
OUT_10881,58.59
OUT_10882,667.07
OUT_10883,712.54
OUT_10884,78.86
OUT_10885,64.54
OUT_10886,68.05
OUT_10887,737.76
OUT_10888,56.57
OUT_10889,62.35
OUT_10890,217.86
OUT_10891,670.86
OUT_10892,61.35
OUT_10893,60.87
OUT_10894,726.66
OUT_10895,67.55
OUT_10896,67.54
OUT_10897,42.08
OUT_10898,74.23
OUT_10899,67.85
OUT_10900,65.12
OUT_10901,60.73
OUT_10902,671.22
OUT_10903,719.13
OUT_10904,70.29
OUT_10905,67.67
OUT_10906,68.05
OUT_10907,65.72
OUT_10908,61.74
OUT_10909,50.12
OUT_10910,737.06
OUT_10911,46.99
OUT_10912,63.36
OUT_10913,202.62
OUT_10914,726.07
OUT_10915,67.74
OUT_10916,205.09
OUT_10917,213.43
OUT_10918,53.75
OUT_10919,67.46
OUT_10920,68.27
OUT_10921,721.65
OUT_10922,203.81
OUT_10923,722.07
OUT_10924,741.29
OUT_10925,1714.95
OUT_10926,52.9
OUT_10927,67.7
OUT_10928,67.12
OUT_10929,710.83
OUT_10930,728.27
OUT_10931,74.04
OUT_10932,707.78
OUT_10933,196.25
OUT_10934,65.32
OUT_10935,712.42
OUT_10936,48.23
OUT_10937,67.79
OUT_10938,730.33
OUT_10939,207.63
OUT_10940,743.36
OUT_10941,729.41
OUT_10942,74.43
OUT_10943,681.37
OUT_10944,65.33
OUT_10945,72.97
OUT_10946,67.05
OUT_10947,68.14
OUT_10948,61.4
OUT_10949,57.76
OUT_10950,60.39
OUT_10951,63.74
OUT_10952,754.26
OUT_10953,204.59
OUT_10954,1725.48
OUT_10955,56.28
OUT_10956,77.7
OUT_10957,702.98
OUT_10958,38.81
OUT_10959,753.01
OUT_10960,202.82
OUT_10961,64.48
OUT_10962,1762.81
OUT_10963,1699.34
OUT_10964,1743.17
OUT_10965,59.51
OUT_10966,1722.93
OUT_10967,719.11
OUT_10968,740.18
OUT_10969,55.13
OUT_10970,205.45
OUT_10971,61.19
OUT_10972,67.16
OUT_10973,62.44
OUT_10974,198.8
OUT_10975,198.2
OUT_10976,55.54
OUT_10977,61.42
OUT_10978,68.47
OUT_10979,70.93
OUT_10980,708.84
OUT_10981,71.08
OUT_10982,199.46
OUT_10983,205.57
OUT_10984,55.47
OUT_10985,204.44
OUT_10986,70.21
OUT_10987,204.11
OUT_10988,207.35
OUT_10989,737.22
OUT_10990,727.25
OUT_10991,75.11
OUT_10992,71.52
OUT_10993,722.89
OUT_10994,73.22
OUT_10995,62.2
OUT_10996,1700.35
OUT_10997,1719.65
OUT_10998,70.82
OUT_10999,729.41
OUT_11000,67.88
OUT_11001,210.57
OUT_11002,50.16
OUT_11003,1724.42
OUT_11004,67.13
OUT_11005,203.74
OUT_11006,213.05
OUT_11007,45.68
OUT_11008,730.33
OUT_11009,205.58
OUT_11010,205.56
OUT_11011,37.12
OUT_11012,53.46
OUT_11013,198.91
OUT_11014,61.83
OUT_11015,763.15
OUT_11016,67.46
OUT_11017,745.49
OUT_11018,55.59
OUT_11019,54.94
OUT_11020,70.5
OUT_11021,737.67
OUT_11022,85.94
OUT_11023,65.75
OUT_11024,71.23
OUT_11025,206.89
OUT_11026,62.47
OUT_11027,209.78
OUT_11028,193.67
OUT_11029,1715.63
OUT_11030,62.79
OUT_11031,72.34
OUT_11032,64.48
OUT_11033,215.17
OUT_11034,201.72
OUT_11035,73.53
OUT_11036,203.6
OUT_11037,73.3
OUT_11038,198.79
OUT_11039,724.69
OUT_11040,63.05
OUT_11041,72.56
OUT_11042,205.78
OUT_11043,722.95
OUT_11044,70.28
OUT_11045,195.26
OUT_11046,203.25
OUT_11047,73.61
OUT_11048,212.05
OUT_11049,207.61
OUT_11050,203.11
OUT_11051,206.74
OUT_11052,730.35
OUT_11053,70.32
OUT_11054,203.59
OUT_11055,212.63
OUT_11056,1732.07
OUT_11057,210.89
OUT_11058,73.48
OUT_11059,58.61
OUT_11060,196.24
OUT_11061,64.69
OUT_11062,64.88
OUT_11063,704.76
OUT_11064,209.77
OUT_11065,47.42
OUT_11066,73.11
OUT_11067,62.94
OUT_11068,742.28
OUT_11069,648.87
OUT_11070,201.75
OUT_11071,57.39
OUT_11072,69.15
OUT_11073,68.17
OUT_11074,54.09
OUT_11075,49.97
OUT_11076,206.04
OUT_11077,744.95
OUT_11078,67.73
OUT_11079,63.38
OUT_11080,69.9
OUT_11081,200.63
OUT_11082,67.6
OUT_11083,188.72
OUT_11084,194.7
OUT_11085,72.67
OUT_11086,70.86
OUT_11087,56.36
OUT_11088,67.31
OUT_11089,207.28
OUT_11090,711.96
OUT_11091,74.38
OUT_11092,201.97
OUT_11093,67.79
OUT_11094,1701.05
OUT_11095,58.47
OUT_11096,54.07
OUT_11097,204.66
OUT_11098,737.54
OUT_11099,63.11
OUT_11100,78.09
OUT_11101,750.08
OUT_11102,67.51
OUT_11103,45.72
OUT_11104,68.22
OUT_11105,735.27
OUT_11106,727.22
OUT_11107,204.31
OUT_11108,1705.48
OUT_11109,202.14
OUT_11110,206.39
OUT_11111,65.33
OUT_11112,731.46
OUT_11113,203.72
OUT_11114,218.12
OUT_11115,63.62
OUT_11116,34.23
OUT_11117,207.16
OUT_11118,67.56
OUT_11119,208.94
OUT_11120,679.98
OUT_11121,61.9
OUT_11122,71.89
OUT_11123,700.96
OUT_11124,744.06
OUT_11125,199.71
OUT_11126,65.38
OUT_11127,67.16
OUT_11128,1725.01
OUT_11129,67.44
OUT_11130,59.81
OUT_11131,743.72
OUT_11132,202.88
OUT_11133,228.04
OUT_11134,68.02
OUT_11135,63.88
OUT_11136,67.69
OUT_11137,64.38
OUT_11138,186.73
OUT_11139,209.84
OUT_11140,731.41
OUT_11141,203.22
OUT_11142,57.46
OUT_11143,1701.78
OUT_11144,79.81
OUT_11145,202.09
OUT_11146,66.97
OUT_11147,67.06
OUT_11148,69.12
OUT_11149,49.25
OUT_11150,728.14
OUT_11151,210.33
OUT_11152,725.45
OUT_11153,202.56
OUT_11154,55.21
OUT_11155,66.26
OUT_11156,58.66
OUT_11157,209.72
OUT_11158,192.74
OUT_11159,61.45
OUT_11160,204.55
OUT_11161,68.31
OUT_11162,72.25
OUT_11163,199.85
OUT_11164,41.67
OUT_11165,1722.19
OUT_11166,60.47
OUT_11167,210.18
OUT_11168,1721.14
OUT_11169,72.72
OUT_11170,55.51
OUT_11171,72.62
OUT_11172,207.63
OUT_11173,67.91
OUT_11174,64.35
OUT_11175,209.35
OUT_11176,203.04
OUT_11177,726.71
OUT_11178,68.4
OUT_11179,206.72
OUT_11180,45.86
OUT_11181,73.28
OUT_11182,669.11
OUT_11183,214.7
OUT_11184,62.9
OUT_11185,69.87
OUT_11186,208.88
OUT_11187,752.93
OUT_11188,73.53
OUT_11189,210.82
OUT_11190,51.29
OUT_11191,74.02
OUT_11192,222.22
OUT_11193,67.48
OUT_11194,70.86
OUT_11195,212.64
OUT_11196,67.16
OUT_11197,203.6
OUT_11198,202.92
OUT_11199,699.38
OUT_11200,46.29
OUT_11201,209.04
OUT_11202,61.93
OUT_11203,64.82
OUT_11204,1714.47
OUT_11205,66.94
OUT_11206,55.83
OUT_11207,63.18
OUT_11208,736.46
OUT_11209,64.97
OUT_11210,57.45
OUT_11211,75.7
OUT_11212,215.36
OUT_11213,210.13
OUT_11214,1725.83
OUT_11215,61.64
OUT_11216,58.61
OUT_11217,1741.65
OUT_11218,199.87
OUT_11219,745.94
OUT_11220,63.04
OUT_11221,44.4
OUT_11222,1717.49
OUT_11223,49.32
OUT_11224,71.92
OUT_11225,1717.59
OUT_11226,74.47
OUT_11227,63.39
OUT_11228,57.46
OUT_11229,193.6
OUT_11230,62.44
OUT_11231,209.26
OUT_11232,1717.99
OUT_11233,726.15
OUT_11234,63.24
OUT_11235,39.14
OUT_11236,210.15
OUT_11237,65.94
OUT_11238,59.74
OUT_11239,716.69
OUT_11240,209.37
OUT_11241,70.44
OUT_11242,53.22
OUT_11243,44.53
OUT_11244,73.22
OUT_11245,197.0
OUT_11246,65.45
OUT_11247,72.99
OUT_11248,67.53
OUT_11249,196.74
OUT_11250,217.36
OUT_11251,1728.85
OUT_11252,68.24
OUT_11253,755.31
OUT_11254,194.94
OUT_11255,205.49
OUT_11256,201.08
OUT_11257,71.04
OUT_11258,60.54
OUT_11259,72.88
OUT_11260,712.75
OUT_11261,1677.39
OUT_11262,63.34
OUT_11263,61.26
OUT_11264,68.02
OUT_11265,724.02
OUT_11266,69.56
OUT_11267,58.46
OUT_11268,212.27
OUT_11269,1726.97
OUT_11270,97.97
OUT_11271,64.66
OUT_11272,58.2
OUT_11273,204.04
OUT_11274,58.59
OUT_11275,63.17
OUT_11276,191.99
OUT_11277,61.19
OUT_11278,65.55
OUT_11279,64.07
OUT_11280,744.96
OUT_11281,62.17
OUT_11282,68.41
OUT_11283,66.39
OUT_11284,70.07
OUT_11285,70.97
OUT_11286,212.23
OUT_11287,62.6
OUT_11288,758.76
OUT_11289,66.44
OUT_11290,203.44
OUT_11291,769.1
OUT_11292,68.05
OUT_11293,206.86
OUT_11294,44.97
OUT_11295,63.6
OUT_11296,744.72
OUT_11297,192.74
OUT_11298,214.3
OUT_11299,42.63
OUT_11300,74.39
OUT_11301,67.16
OUT_11302,68.07
OUT_11303,718.68
OUT_11304,66.21
OUT_11305,1728.59
OUT_11306,209.58
OUT_11307,1712.77
OUT_11308,205.4
OUT_11309,742.75
OUT_11310,215.13
OUT_11311,63.04
OUT_11312,67.35
OUT_11313,65.1
OUT_11314,669.25
OUT_11315,210.24
OUT_11316,1730.03
OUT_11317,743.78
OUT_11318,718.38
OUT_11319,64.95
OUT_11320,46.12
OUT_11321,211.41
OUT_11322,716.98
OUT_11323,225.63
OUT_11324,64.34
OUT_11325,64.26
OUT_11326,213.61
OUT_11327,68.59
OUT_11328,708.19
OUT_11329,62.04
OUT_11330,713.12
OUT_11331,206.49
OUT_11332,63.16
OUT_11333,213.12
OUT_11334,75.7
OUT_11335,56.34
OUT_11336,211.55
OUT_11337,201.28
OUT_11338,194.59
OUT_11339,57.89
OUT_11340,194.78
OUT_11341,72.94
OUT_11342,212.64
OUT_11343,70.5
OUT_11344,65.53
OUT_11345,45.64
OUT_11346,211.93
OUT_11347,210.92
OUT_11348,66.2
OUT_11349,55.19
OUT_11350,189.5
OUT_11351,60.18
OUT_11352,210.68
OUT_11353,65.64
OUT_11354,731.4
OUT_11355,73.0
OUT_11356,67.7
OUT_11357,204.14
OUT_11358,75.21
OUT_11359,1692.52
OUT_11360,213.98
OUT_11361,199.33
OUT_11362,207.74
OUT_11363,62.33
OUT_11364,63.93
OUT_11365,193.89
OUT_11366,64.35
OUT_11367,71.26
OUT_11368,1722.12
OUT_11369,63.95
OUT_11370,68.15
OUT_11371,202.07
OUT_11372,699.02
OUT_11373,214.56
OUT_11374,74.39
OUT_11375,217.96
OUT_11376,198.16
OUT_11377,61.17
OUT_11378,205.85
OUT_11379,82.3
OUT_11380,67.02
OUT_11381,195.92
OUT_11382,67.88
OUT_11383,202.47
OUT_11384,209.34
OUT_11385,207.35
OUT_11386,203.08
OUT_11387,65.65
OUT_11388,213.71
OUT_11389,68.48
OUT_11390,46.18
OUT_11391,67.84
OUT_11392,742.16
OUT_11393,65.57
OUT_11394,732.0
OUT_11395,197.14
OUT_11396,206.0
OUT_11397,757.0
OUT_11398,205.36
OUT_11399,73.93
OUT_11400,56.63
OUT_11401,200.81
OUT_11402,75.31
OUT_11403,1723.46
OUT_11404,70.69
OUT_11405,67.37
OUT_11406,710.71
OUT_11407,65.22
OUT_11408,64.48
OUT_11409,194.57
OUT_11410,205.34
OUT_11411,72.42
OUT_11412,54.67
OUT_11413,709.04
OUT_11414,63.43
OUT_11415,59.87
OUT_11416,759.47
OUT_11417,68.5
OUT_11418,68.57
OUT_11419,69.65
OUT_11420,190.92
OUT_11421,728.64
OUT_11422,198.91
OUT_11423,206.24
OUT_11424,195.94
OUT_11425,73.61
OUT_11426,1735.89
OUT_11427,208.1
OUT_11428,210.79
OUT_11429,74.63
OUT_11430,67.69
OUT_11431,208.53
OUT_11432,203.72
OUT_11433,70.64
OUT_11434,712.99
OUT_11435,62.27
OUT_11436,72.22
OUT_11437,719.79
OUT_11438,725.49
OUT_11439,207.28
OUT_11440,73.39
OUT_11441,62.9
OUT_11442,50.29
OUT_11443,63.07
OUT_11444,70.2
OUT_11445,59.62
OUT_11446,200.68
OUT_11447,686.35
OUT_11448,54.04
OUT_11449,212.7
OUT_11450,57.04
OUT_11451,70.17
OUT_11452,78.71
OUT_11453,215.18
OUT_11454,196.18
OUT_11455,209.98
OUT_11456,69.99
OUT_11457,208.61
OUT_11458,1741.5
OUT_11459,67.29
OUT_11460,1731.29
OUT_11461,64.35
OUT_11462,65.64
OUT_11463,43.3
OUT_11464,204.91
OUT_11465,1741.18
OUT_11466,69.98
OUT_11467,61.18
OUT_11468,205.17
OUT_11469,72.64
OUT_11470,40.43
OUT_11471,212.29
OUT_11472,73.69
OUT_11473,210.27
OUT_11474,79.5
OUT_11475,697.28
OUT_11476,61.17
OUT_11477,62.43
OUT_11478,60.42
OUT_11479,202.93
OUT_11480,40.79
OUT_11481,49.04
OUT_11482,194.88
OUT_11483,210.8
OUT_11484,203.87
OUT_11485,58.41
OUT_11486,220.52
OUT_11487,203.11
OUT_11488,214.4
OUT_11489,204.83
OUT_11490,203.22
OUT_11491,213.7
OUT_11492,214.23
OUT_11493,212.81
OUT_11494,66.82
OUT_11495,203.14
OUT_11496,64.55
OUT_11497,1749.89
OUT_11498,67.39
OUT_11499,66.3
OUT_11500,750.15
OUT_11501,39.01
OUT_11502,715.57
OUT_11503,191.85
OUT_11504,753.06
OUT_11505,70.33
OUT_11506,205.65
OUT_11507,68.0
OUT_11508,201.84
OUT_11509,51.98
OUT_11510,192.15
OUT_11511,197.93
OUT_11512,710.08
OUT_11513,206.14
OUT_11514,59.66
OUT_11515,733.76
OUT_11516,65.34
OUT_11517,210.36
OUT_11518,76.88
OUT_11519,51.85
OUT_11520,200.0
OUT_11521,77.01
OUT_11522,201.11
OUT_11523,1746.25
OUT_11524,60.59
OUT_11525,65.42
OUT_11526,61.51
OUT_11527,74.09
OUT_11528,61.45
OUT_11529,68.73
OUT_11530,45.71
OUT_11531,206.68
OUT_11532,722.13
OUT_11533,46.11
OUT_11534,710.85
OUT_11535,206.11
OUT_11536,199.13
OUT_11537,72.57
OUT_11538,69.26
OUT_11539,192.84
OUT_11540,720.24
OUT_11541,192.25
OUT_11542,80.81
OUT_11543,71.36
OUT_11544,52.78
OUT_11545,708.08
OUT_11546,62.45
OUT_11547,708.82
OUT_11548,62.49
OUT_11549,204.56
OUT_11550,57.91
OUT_11551,70.01
OUT_11552,62.9
OUT_11553,64.95
OUT_11554,46.98
OUT_11555,55.79
OUT_11556,75.34
OUT_11557,196.8
OUT_11558,67.97
OUT_11559,727.89
OUT_11560,208.62
OUT_11561,65.55
OUT_11562,63.29
OUT_11563,707.69
OUT_11564,77.57
OUT_11565,207.91
OUT_11566,54.1
OUT_11567,708.15
OUT_11568,73.45
OUT_11569,773.04
OUT_11570,67.59
OUT_11571,199.77
OUT_11572,74.06
OUT_11573,195.2
OUT_11574,199.21
OUT_11575,68.24
OUT_11576,202.47
OUT_11577,54.27
OUT_11578,191.68
OUT_11579,62.14
OUT_11580,75.49
OUT_11581,63.62
OUT_11582,69.61
OUT_11583,196.41
OUT_11584,713.67
OUT_11585,215.32
OUT_11586,67.91
OUT_11587,204.83
OUT_11588,1560.61
OUT_11589,216.74
OUT_11590,1681.23
OUT_11591,67.61
OUT_11592,60.74
OUT_11593,52.89
OUT_11594,65.12
OUT_11595,59.77
OUT_11596,62.68
OUT_11597,69.42
OUT_11598,216.51
OUT_11599,689.51
OUT_11600,51.46
OUT_11601,1725.66
OUT_11602,65.13
OUT_11603,79.56
OUT_11604,69.96
OUT_11605,1729.39
OUT_11606,218.4
OUT_11607,205.69
OUT_11608,67.85
OUT_11609,61.52
OUT_11610,73.56
OUT_11611,733.09
OUT_11612,69.67
OUT_11613,726.2
OUT_11614,65.79
OUT_11615,191.47
OUT_11616,213.67
OUT_11617,197.47
OUT_11618,209.72
OUT_11619,1726.05
OUT_11620,66.8
OUT_11621,74.12
OUT_11622,713.62
OUT_11623,68.36
OUT_11624,48.29
OUT_11625,70.12
OUT_11626,56.13
OUT_11627,73.26
OUT_11628,266.26
OUT_11629,70.78
OUT_11630,713.06
OUT_11631,207.2
OUT_11632,195.6
OUT_11633,736.63
OUT_11634,67.8
OUT_11635,67.25
OUT_11636,1724.43
OUT_11637,722.18
OUT_11638,73.37
OUT_11639,72.42
OUT_11640,205.19
OUT_11641,62.2
OUT_11642,739.59
OUT_11643,1730.95
OUT_11644,1722.17
OUT_11645,62.91
OUT_11646,728.52
OUT_11647,66.46
OUT_11648,210.55
OUT_11649,68.2
OUT_11650,32.27
OUT_11651,63.85
OUT_11652,754.25
OUT_11653,62.36
OUT_11654,47.45
OUT_11655,56.56
OUT_11656,56.51
OUT_11657,81.57
OUT_11658,73.9
OUT_11659,73.47
OUT_11660,62.73
OUT_11661,66.89
OUT_11662,715.59
OUT_11663,65.68
OUT_11664,69.53
OUT_11665,1720.64
OUT_11666,702.99
OUT_11667,203.24
OUT_11668,204.7
OUT_11669,53.97
OUT_11670,41.78
OUT_11671,52.52
OUT_11672,711.04
OUT_11673,197.36
OUT_11674,735.74
OUT_11675,57.72
OUT_11676,213.84
OUT_11677,66.85
OUT_11678,66.78
OUT_11679,62.87
OUT_11680,716.0
OUT_11681,194.27
OUT_11682,56.27
OUT_11683,737.57
OUT_11684,66.35
OUT_11685,67.56
OUT_11686,729.58
OUT_11687,70.36
OUT_11688,738.99
OUT_11689,199.29
OUT_11690,75.29
OUT_11691,46.09
OUT_11692,758.58
OUT_11693,207.25
OUT_11694,70.1
OUT_11695,65.27
OUT_11696,711.73
OUT_11697,1763.3
OUT_11698,58.49
OUT_11699,202.51
OUT_11700,63.0
OUT_11701,61.85
OUT_11702,212.8
OUT_11703,70.41
OUT_11704,747.04
OUT_11705,70.62
OUT_11706,70.18
OUT_11707,208.14
OUT_11708,70.25
OUT_11709,73.98
OUT_11710,63.79
OUT_11711,216.75
OUT_11712,68.0
OUT_11713,204.24
OUT_11714,67.97
OUT_11715,205.76
OUT_11716,210.66
OUT_11717,736.94
OUT_11718,205.48
OUT_11719,198.39
OUT_11720,1733.28
OUT_11721,203.38
OUT_11722,73.08
OUT_11723,65.43
OUT_11724,72.79
OUT_11725,65.31
OUT_11726,69.52
OUT_11727,193.08
OUT_11728,72.49
OUT_11729,57.8
OUT_11730,72.41
OUT_11731,73.26
OUT_11732,67.02
OUT_11733,749.83
OUT_11734,70.79
OUT_11735,55.12
OUT_11736,43.91
OUT_11737,64.26
OUT_11738,55.43
OUT_11739,51.33
OUT_11740,55.77
OUT_11741,73.16
OUT_11742,210.74
OUT_11743,205.8
OUT_11744,48.42
OUT_11745,45.51
OUT_11746,714.94
OUT_11747,207.1
OUT_11748,59.54
OUT_11749,210.33
OUT_11750,206.88
OUT_11751,66.77
OUT_11752,63.49
OUT_11753,210.34
OUT_11754,53.5
OUT_11755,786.35
OUT_11756,38.93
OUT_11757,695.16
OUT_11758,42.24
OUT_11759,62.76
OUT_11760,67.47
OUT_11761,219.6
OUT_11762,744.53
OUT_11763,215.43
OUT_11764,206.09
OUT_11765,62.09
OUT_11766,64.5
OUT_11767,1736.3
OUT_11768,54.61
OUT_11769,706.22
OUT_11770,1730.37
OUT_11771,198.98
OUT_11772,207.84
OUT_11773,66.96
OUT_11774,64.8
OUT_11775,205.83
OUT_11776,65.62
OUT_11777,49.52
OUT_11778,72.29
OUT_11779,59.04
OUT_11780,729.33
OUT_11781,64.69
OUT_11782,69.68
OUT_11783,205.93
OUT_11784,210.4
OUT_11785,64.97
OUT_11786,51.15
OUT_11787,73.51
OUT_11788,1724.5
OUT_11789,729.94
OUT_11790,164.17
OUT_11791,685.11
OUT_11792,205.44
OUT_11793,67.77
OUT_11794,73.15
OUT_11795,48.02
OUT_11796,198.8
OUT_11797,780.29
OUT_11798,205.27
OUT_11799,204.42
OUT_11800,205.45
OUT_11801,198.08
OUT_11802,71.77
OUT_11803,78.61
OUT_11804,1732.35
OUT_11805,67.77
OUT_11806,61.1
OUT_11807,211.12
OUT_11808,202.66
OUT_11809,63.43
OUT_11810,62.5
OUT_11811,61.6
OUT_11812,61.79
OUT_11813,195.72
OUT_11814,205.33
OUT_11815,72.76
OUT_11816,707.24
OUT_11817,198.99
OUT_11818,65.47
OUT_11819,728.64
OUT_11820,721.83
OUT_11821,66.04
OUT_11822,60.84
OUT_11823,724.61
OUT_11824,208.46
OUT_11825,189.02
OUT_11826,65.85
OUT_11827,73.76
OUT_11828,63.66
OUT_11829,67.2
OUT_11830,55.12
OUT_11831,66.59
OUT_11832,67.0
OUT_11833,209.58
OUT_11834,211.11
OUT_11835,42.37
OUT_11836,79.84
OUT_11837,197.17
OUT_11838,195.4
OUT_11839,70.19
OUT_11840,42.82
OUT_11841,54.45
OUT_11842,194.1
OUT_11843,1715.06
OUT_11844,65.46
OUT_11845,671.08
OUT_11846,67.65
OUT_11847,202.42
OUT_11848,735.99
OUT_11849,51.15
OUT_11850,57.75
OUT_11851,70.84
OUT_11852,732.66
OUT_11853,1748.36
OUT_11854,55.45
OUT_11855,214.53
OUT_11856,206.02
OUT_11857,763.74
OUT_11858,197.41
OUT_11859,710.63
OUT_11860,53.01
OUT_11861,215.57
OUT_11862,212.32
OUT_11863,72.05
OUT_11864,47.46
OUT_11865,61.54
OUT_11866,209.18
OUT_11867,73.49
OUT_11868,705.52
OUT_11869,55.6
OUT_11870,213.77
OUT_11871,66.52
OUT_11872,206.06
OUT_11873,69.86
OUT_11874,73.94
OUT_11875,207.17
OUT_11876,195.87
OUT_11877,70.43
OUT_11878,66.88
OUT_11879,205.14
OUT_11880,64.29
OUT_11881,209.15
OUT_11882,210.91
OUT_11883,721.01
OUT_11884,56.13
OUT_11885,197.4
OUT_11886,207.92
OUT_11887,55.74
OUT_11888,74.11
OUT_11889,210.55
OUT_11890,64.97
OUT_11891,45.7
OUT_11892,47.26
OUT_11893,66.7
OUT_11894,772.65
OUT_11895,61.3
OUT_11896,61.11
OUT_11897,689.8
OUT_11898,688.93
OUT_11899,73.29
OUT_11900,728.45
OUT_11901,58.64
OUT_11902,55.42
OUT_11903,53.41
OUT_11904,64.9
OUT_11905,75.56
OUT_11906,65.86
OUT_11907,55.63
OUT_11908,75.26
OUT_11909,727.2
OUT_11910,201.92
OUT_11911,723.76
OUT_11912,253.96
OUT_11913,72.51
OUT_11914,213.23
OUT_11915,56.16
OUT_11916,62.73
OUT_11917,75.64
OUT_11918,47.04
OUT_11919,36.73
OUT_11920,743.79
OUT_11921,56.18
OUT_11922,732.55
OUT_11923,67.72
OUT_11924,67.81
OUT_11925,68.26
OUT_11926,55.18
OUT_11927,75.22
OUT_11928,70.16
OUT_11929,779.65
OUT_11930,62.86
OUT_11931,65.64
OUT_11932,62.7
OUT_11933,54.84
OUT_11934,224.51
OUT_11935,72.64
OUT_11936,72.42
OUT_11937,55.03
OUT_11938,74.61
OUT_11939,203.34
OUT_11940,232.06
OUT_11941,65.36
OUT_11942,213.44
OUT_11943,756.77
OUT_11944,696.56
OUT_11945,63.75
OUT_11946,63.0
OUT_11947,205.19
OUT_11948,62.67
OUT_11949,1751.11
OUT_11950,1729.16
OUT_11951,756.92
OUT_11952,71.47
OUT_11953,64.82
OUT_11954,206.19
OUT_11955,61.06
OUT_11956,54.89
OUT_11957,67.5
OUT_11958,715.5
OUT_11959,68.26
OUT_11960,721.71
OUT_11961,737.13
OUT_11962,206.79
OUT_11963,744.19
OUT_11964,73.08
OUT_11965,198.77
OUT_11966,70.09
OUT_11967,48.75
OUT_11968,691.18
OUT_11969,735.79
OUT_11970,735.36
OUT_11971,73.13
OUT_11972,206.57
OUT_11973,64.93
OUT_11974,67.6
OUT_11975,202.76
OUT_11976,776.13
OUT_11977,70.43
OUT_11978,208.18
OUT_11979,75.46
OUT_11980,70.98
OUT_11981,1728.82
OUT_11982,62.53
OUT_11983,205.02
OUT_11984,63.24
OUT_11985,54.94
OUT_11986,203.19
OUT_11987,205.87
OUT_11988,195.14
OUT_11989,199.73
OUT_11990,60.46
OUT_11991,219.71
OUT_11992,216.07
OUT_11993,214.19
OUT_11994,67.55
OUT_11995,194.44
OUT_11996,213.01
OUT_11997,67.34
OUT_11998,204.03
OUT_11999,65.92
OUT_12000,219.38
OUT_12001,68.02
OUT_12002,211.05
OUT_12003,205.33
OUT_12004,1727.95
OUT_12005,55.95
OUT_12006,205.71
OUT_12007,203.23
OUT_12008,737.06
OUT_12009,62.68
OUT_12010,52.88
OUT_12011,53.51
OUT_12012,726.12
OUT_12013,195.31
OUT_12014,50.36
OUT_12015,1725.93
OUT_12016,61.06
OUT_12017,67.5
OUT_12018,65.63
OUT_12019,58.15
OUT_12020,31.66
OUT_12021,197.25
OUT_12022,200.92
OUT_12023,70.6
OUT_12024,74.63
OUT_12025,77.89
OUT_12026,1723.24
OUT_12027,67.99
OUT_12028,211.0
OUT_12029,78.19
OUT_12030,729.89
OUT_12031,56.14
OUT_12032,213.81
OUT_12033,193.79
OUT_12034,49.79
OUT_12035,218.57
OUT_12036,741.31
OUT_12037,68.61
OUT_12038,75.36
OUT_12039,72.96
OUT_12040,77.02
OUT_12041,231.8
OUT_12042,192.84
OUT_12043,190.72
OUT_12044,66.81
OUT_12045,205.95
OUT_12046,72.31
OUT_12047,60.18
OUT_12048,65.31
OUT_12049,712.57
OUT_12050,61.44
OUT_12051,40.47
OUT_12052,68.28
OUT_12053,67.13
OUT_12054,207.75
OUT_12055,737.85
OUT_12056,72.84
OUT_12057,63.58
OUT_12058,715.68
OUT_12059,57.81
OUT_12060,1737.57
OUT_12061,56.44
OUT_12062,217.81
OUT_12063,210.46
OUT_12064,203.21
OUT_12065,68.39
OUT_12066,61.52
OUT_12067,56.38
OUT_12068,74.28
OUT_12069,62.62
OUT_12070,211.98
OUT_12071,677.68
OUT_12072,55.73
OUT_12073,75.92
OUT_12074,734.14
OUT_12075,73.21
OUT_12076,55.31
OUT_12077,65.06
OUT_12078,61.78
OUT_12079,57.5
OUT_12080,53.89
OUT_12081,713.72
OUT_12082,196.04
OUT_12083,728.37
OUT_12084,202.21
OUT_12085,55.01
OUT_12086,71.4
OUT_12087,65.04
OUT_12088,72.35
OUT_12089,50.65
OUT_12090,195.94
OUT_12091,714.92
OUT_12092,55.95
OUT_12093,61.12
OUT_12094,61.88
OUT_12095,193.19
OUT_12096,202.52
OUT_12097,65.97
OUT_12098,208.49
OUT_12099,63.08
OUT_12100,67.66
OUT_12101,65.3
OUT_12102,73.47
OUT_12103,47.9
OUT_12104,64.05
OUT_12105,67.75
OUT_12106,50.64
OUT_12107,69.75
OUT_12108,1721.04
OUT_12109,216.7
OUT_12110,192.83
OUT_12111,63.95
OUT_12112,42.71
OUT_12113,700.58
OUT_12114,46.08
OUT_12115,734.83
OUT_12116,209.6
OUT_12117,63.56
OUT_12118,200.78
OUT_12119,66.49
OUT_12120,199.54
OUT_12121,203.11
OUT_12122,73.79
OUT_12123,211.51
OUT_12124,203.61
OUT_12125,201.52
OUT_12126,62.94
OUT_12127,65.16
OUT_12128,206.93
OUT_12129,66.29
OUT_12130,61.71
OUT_12131,1723.89
OUT_12132,63.98
OUT_12133,67.15
OUT_12134,198.91
OUT_12135,55.41
OUT_12136,191.65
OUT_12137,204.49
OUT_12138,742.27
OUT_12139,741.06
OUT_12140,72.2
OUT_12141,1730.23
OUT_12142,1719.98
OUT_12143,71.8
OUT_12144,75.37
OUT_12145,727.25
OUT_12146,73.37
OUT_12147,47.19
OUT_12148,697.06
OUT_12149,70.54
OUT_12150,69.14
OUT_12151,69.87
OUT_12152,757.89
OUT_12153,213.99
OUT_12154,248.39
OUT_12155,62.02
OUT_12156,72.41
OUT_12157,204.51
OUT_12158,80.91
OUT_12159,1727.03
OUT_12160,209.91
OUT_12161,61.26
OUT_12162,1729.33
OUT_12163,55.76
OUT_12164,64.66
OUT_12165,67.84
OUT_12166,57.38
OUT_12167,54.92
OUT_12168,72.68
OUT_12169,69.59
OUT_12170,212.64
OUT_12171,63.8
OUT_12172,207.23
OUT_12173,215.92
OUT_12174,210.02
OUT_12175,72.71
OUT_12176,188.7
OUT_12177,69.06
OUT_12178,66.06
OUT_12179,76.61
OUT_12180,67.76
OUT_12181,72.63
OUT_12182,204.63
OUT_12183,63.04
OUT_12184,213.21
OUT_12185,211.33
OUT_12186,71.48
OUT_12187,210.57
OUT_12188,72.8
OUT_12189,205.09
OUT_12190,53.96
OUT_12191,66.68
OUT_12192,63.05
OUT_12193,73.02
OUT_12194,212.45
OUT_12195,69.8
OUT_12196,55.07
OUT_12197,223.21
OUT_12198,215.65
OUT_12199,75.6
OUT_12200,748.03
OUT_12201,53.74
OUT_12202,65.75
OUT_12203,715.36
OUT_12204,69.15
OUT_12205,1720.58
OUT_12206,1719.3
OUT_12207,219.97
OUT_12208,205.66
OUT_12209,68.91
OUT_12210,76.33
OUT_12211,70.24
OUT_12212,70.77
OUT_12213,67.92
OUT_12214,198.71
OUT_12215,705.67
OUT_12216,194.43
OUT_12217,68.66
OUT_12218,51.71
OUT_12219,77.78
OUT_12220,716.54
OUT_12221,31.45
OUT_12222,74.57
OUT_12223,225.81
OUT_12224,728.96
OUT_12225,38.93
OUT_12226,77.49
OUT_12227,43.65
OUT_12228,70.5
OUT_12229,66.9
OUT_12230,73.27
OUT_12231,41.66
OUT_12232,76.33
OUT_12233,59.68
OUT_12234,68.28
OUT_12235,205.33
OUT_12236,77.83
OUT_12237,764.15
OUT_12238,70.91
OUT_12239,209.51
OUT_12240,66.24
OUT_12241,59.44
OUT_12242,723.11
OUT_12243,72.64
OUT_12244,209.44
OUT_12245,64.2
OUT_12246,77.84
OUT_12247,72.41
OUT_12248,214.54
OUT_12249,1706.6
OUT_12250,764.82
OUT_12251,61.71
OUT_12252,67.09
OUT_12253,193.35
OUT_12254,61.98
OUT_12255,733.15
OUT_12256,740.97
OUT_12257,44.97
OUT_12258,1695.97
OUT_12259,207.16
OUT_12260,65.8
OUT_12261,71.12
OUT_12262,206.62
OUT_12263,1716.8
OUT_12264,1715.8
OUT_12265,196.08
OUT_12266,67.25
OUT_12267,201.64
OUT_12268,1728.86
OUT_12269,74.33
OUT_12270,198.25
OUT_12271,67.9
OUT_12272,203.74
OUT_12273,196.85
OUT_12274,67.42
OUT_12275,202.5
OUT_12276,65.42
OUT_12277,1739.97
OUT_12278,70.31
OUT_12279,201.39
OUT_12280,204.79
OUT_12281,206.73
OUT_12282,210.59
OUT_12283,750.55
OUT_12284,61.25
OUT_12285,213.31
OUT_12286,71.78
OUT_12287,75.66
OUT_12288,72.84
OUT_12289,73.53
OUT_12290,72.2
OUT_12291,714.67
OUT_12292,195.1
OUT_12293,73.7
OUT_12294,204.56
OUT_12295,781.86
OUT_12296,65.31
OUT_12297,203.13
OUT_12298,195.7
OUT_12299,69.08
OUT_12300,40.32
OUT_12301,731.18
OUT_12302,66.83
OUT_12303,66.85
OUT_12304,75.44
OUT_12305,67.29
OUT_12306,1696.56
OUT_12307,67.92
OUT_12308,195.55
OUT_12309,68.78
OUT_12310,216.02
OUT_12311,206.98
OUT_12312,203.72
OUT_12313,61.37
OUT_12314,209.51
OUT_12315,80.43
OUT_12316,63.31
OUT_12317,64.74
OUT_12318,66.58
OUT_12319,65.87
OUT_12320,70.37
OUT_12321,72.06
OUT_12322,65.81
OUT_12323,65.19
OUT_12324,185.14
OUT_12325,210.65
OUT_12326,70.11
OUT_12327,735.14
OUT_12328,194.11
OUT_12329,65.26
OUT_12330,67.24
OUT_12331,747.18
OUT_12332,206.23
OUT_12333,203.47
OUT_12334,1692.57
OUT_12335,213.59
OUT_12336,68.06
OUT_12337,73.46
OUT_12338,218.24
OUT_12339,78.2
OUT_12340,200.26
OUT_12341,73.88
OUT_12342,61.13
OUT_12343,689.6
OUT_12344,190.06
OUT_12345,1752.79
OUT_12346,737.38
OUT_12347,208.4
OUT_12348,1713.79
OUT_12349,204.85
OUT_12350,63.17
OUT_12351,74.93
OUT_12352,57.76
OUT_12353,55.72
OUT_12354,60.35
OUT_12355,202.88
OUT_12356,56.77
OUT_12357,63.22
OUT_12358,71.36
OUT_12359,61.73
OUT_12360,717.95
OUT_12361,67.4
OUT_12362,54.99
OUT_12363,54.76
OUT_12364,69.63
OUT_12365,50.77
OUT_12366,70.55
OUT_12367,197.87
OUT_12368,1727.45
OUT_12369,728.66
OUT_12370,202.21
OUT_12371,703.37
OUT_12372,1704.63
OUT_12373,188.2
OUT_12374,209.87
OUT_12375,211.86
OUT_12376,702.02
OUT_12377,68.19
OUT_12378,217.49
OUT_12379,70.41
OUT_12380,56.76
OUT_12381,692.29
OUT_12382,54.51
OUT_12383,63.87
OUT_12384,753.45
OUT_12385,64.51
OUT_12386,71.99
OUT_12387,201.01
OUT_12388,696.36
OUT_12389,209.76
OUT_12390,97.86
OUT_12391,210.16
OUT_12392,65.84
OUT_12393,200.62
OUT_12394,692.89
OUT_12395,75.02
OUT_12396,715.16
OUT_12397,61.08
OUT_12398,1715.41
OUT_12399,214.09
OUT_12400,1739.18
OUT_12401,753.85
OUT_12402,205.91
OUT_12403,73.1
OUT_12404,47.24
OUT_12405,53.11
OUT_12406,206.18
OUT_12407,61.81
OUT_12408,73.34
OUT_12409,208.21
OUT_12410,203.72
OUT_12411,61.05
OUT_12412,210.06
OUT_12413,219.7
OUT_12414,750.57
OUT_12415,206.29
OUT_12416,209.49
OUT_12417,733.53
OUT_12418,211.87
OUT_12419,62.65
OUT_12420,200.78
OUT_12421,203.33
OUT_12422,65.72
OUT_12423,205.39
OUT_12424,723.68
OUT_12425,1711.78
OUT_12426,67.43
OUT_12427,78.43
OUT_12428,77.15
OUT_12429,204.61
OUT_12430,202.84
OUT_12431,72.86
OUT_12432,72.86
OUT_12433,60.48
OUT_12434,205.75
OUT_12435,205.42
OUT_12436,729.41
OUT_12437,66.19
OUT_12438,61.79
OUT_12439,72.59
OUT_12440,682.11
OUT_12441,67.91
OUT_12442,205.27
OUT_12443,37.29
OUT_12444,744.3
OUT_12445,1755.03
OUT_12446,205.13
OUT_12447,56.44
OUT_12448,205.57
OUT_12449,78.56
OUT_12450,205.15
OUT_12451,72.29
OUT_12452,59.56
OUT_12453,48.59
OUT_12454,75.65
OUT_12455,54.61
OUT_12456,682.44
OUT_12457,71.41
OUT_12458,68.65
OUT_12459,207.09
OUT_12460,723.22
OUT_12461,62.96
OUT_12462,70.19
OUT_12463,730.09
OUT_12464,205.1
OUT_12465,53.64
OUT_12466,50.43
OUT_12467,56.69
OUT_12468,70.9
OUT_12469,715.42
OUT_12470,194.93
OUT_12471,51.01
OUT_12472,43.99
OUT_12473,200.52
OUT_12474,70.29
OUT_12475,56.76
OUT_12476,208.02
OUT_12477,70.33
OUT_12478,72.3
OUT_12479,201.3
OUT_12480,738.58
OUT_12481,56.8
OUT_12482,748.84
OUT_12483,703.67
OUT_12484,1750.92
OUT_12485,724.43
OUT_12486,78.89
OUT_12487,58.69
OUT_12488,738.62
OUT_12489,47.99
OUT_12490,65.02
OUT_12491,63.87
OUT_12492,1721.66
OUT_12493,57.88
OUT_12494,1738.29
OUT_12495,206.66
OUT_12496,200.88
OUT_12497,62.93
OUT_12498,201.99
OUT_12499,66.67
OUT_12500,66.64
OUT_12501,203.29
OUT_12502,723.74
OUT_12503,201.72
OUT_12504,60.11
OUT_12505,68.12
OUT_12506,38.08
OUT_12507,758.99
OUT_12508,203.31
OUT_12509,741.47
OUT_12510,52.54
OUT_12511,51.59
OUT_12512,211.83
OUT_12513,208.34
OUT_12514,1712.78
OUT_12515,199.94
OUT_12516,61.01
OUT_12517,74.4
OUT_12518,739.15
OUT_12519,69.81
OUT_12520,69.1
OUT_12521,70.81
OUT_12522,782.3
OUT_12523,207.39
OUT_12524,60.75
OUT_12525,66.94
OUT_12526,62.9
OUT_12527,72.12
OUT_12528,70.94
OUT_12529,730.19
OUT_12530,753.57
OUT_12531,755.91
OUT_12532,67.52
OUT_12533,54.33
OUT_12534,63.5
OUT_12535,78.12
OUT_12536,737.84
OUT_12537,67.57
OUT_12538,207.55
OUT_12539,76.13
OUT_12540,65.81
OUT_12541,72.27
OUT_12542,201.56
OUT_12543,57.73
OUT_12544,213.58
OUT_12545,71.29
OUT_12546,65.81
OUT_12547,71.77
OUT_12548,69.35
OUT_12549,72.56
OUT_12550,72.29
OUT_12551,72.39
OUT_12552,679.02
OUT_12553,201.93
OUT_12554,62.63
OUT_12555,62.49
OUT_12556,62.59
OUT_12557,72.07
OUT_12558,55.83
OUT_12559,45.53
OUT_12560,69.46
OUT_12561,1717.74
OUT_12562,731.79
OUT_12563,718.42
OUT_12564,213.68
OUT_12565,56.26
OUT_12566,67.75
OUT_12567,67.7
OUT_12568,63.91
OUT_12569,743.19
OUT_12570,212.77
OUT_12571,58.03
OUT_12572,723.55
OUT_12573,78.64
OUT_12574,67.04
OUT_12575,197.76
OUT_12576,71.46
OUT_12577,57.12
OUT_12578,205.39
OUT_12579,210.46
OUT_12580,719.62
OUT_12581,742.28
OUT_12582,741.3
OUT_12583,65.29
OUT_12584,67.04
OUT_12585,72.55
OUT_12586,61.03
OUT_12587,735.03
OUT_12588,1736.96
OUT_12589,56.25
OUT_12590,61.71
OUT_12591,208.97
OUT_12592,1740.68
OUT_12593,206.38
OUT_12594,714.8
OUT_12595,216.63
OUT_12596,763.34
OUT_12597,38.69
OUT_12598,723.45
OUT_12599,73.03
OUT_12600,205.84
OUT_12601,67.86
OUT_12602,64.32
OUT_12603,732.88
OUT_12604,200.52
OUT_12605,193.45
OUT_12606,205.04
OUT_12607,206.52
OUT_12608,73.67
OUT_12609,65.28
OUT_12610,53.47
OUT_12611,219.95
OUT_12612,58.61
OUT_12613,78.9
OUT_12614,75.58
OUT_12615,210.74
OUT_12616,74.88
OUT_12617,40.98
OUT_12618,189.29
OUT_12619,67.11
OUT_12620,61.17
OUT_12621,715.85
OUT_12622,63.0
OUT_12623,729.46
OUT_12624,1714.86
OUT_12625,1720.17
OUT_12626,70.35
OUT_12627,64.02
OUT_12628,215.21
OUT_12629,748.8
OUT_12630,202.37
OUT_12631,67.41
OUT_12632,722.19
OUT_12633,57.65
OUT_12634,66.5
OUT_12635,212.82
OUT_12636,68.06
OUT_12637,69.99
OUT_12638,1745.96
OUT_12639,66.98
OUT_12640,68.99
OUT_12641,698.15
OUT_12642,1727.5
OUT_12643,204.26
OUT_12644,208.87
OUT_12645,72.21
OUT_12646,77.29
OUT_12647,65.35
OUT_12648,65.7
OUT_12649,56.01
OUT_12650,59.03
OUT_12651,52.21
OUT_12652,205.93
OUT_12653,209.06
OUT_12654,733.96
OUT_12655,60.54
OUT_12656,65.32
OUT_12657,57.49
OUT_12658,1730.13
OUT_12659,65.17
OUT_12660,201.78
OUT_12661,49.37
OUT_12662,64.55
OUT_12663,65.83
OUT_12664,204.34
OUT_12665,57.41
OUT_12666,702.24
OUT_12667,51.48
OUT_12668,193.15
OUT_12669,64.81
OUT_12670,212.0
OUT_12671,76.95
OUT_12672,726.08
OUT_12673,68.21
OUT_12674,67.77
OUT_12675,1725.4
OUT_12676,56.08
OUT_12677,199.25
OUT_12678,208.76
OUT_12679,56.92
OUT_12680,64.7
OUT_12681,59.62
OUT_12682,741.02
OUT_12683,1723.08
OUT_12684,78.45
OUT_12685,62.42
OUT_12686,67.77
OUT_12687,70.17
OUT_12688,63.26
OUT_12689,216.74
OUT_12690,211.98
OUT_12691,1730.69
OUT_12692,200.87
OUT_12693,210.46
OUT_12694,61.76
OUT_12695,67.97
OUT_12696,68.82
OUT_12697,741.61
OUT_12698,196.8
OUT_12699,52.35
OUT_12700,67.34
OUT_12701,60.01
OUT_12702,727.38
OUT_12703,65.59
OUT_12704,697.79
OUT_12705,731.63
OUT_12706,210.29
OUT_12707,208.68
OUT_12708,72.77
OUT_12709,202.33
OUT_12710,46.02
OUT_12711,32.21
OUT_12712,200.11
OUT_12713,57.71
OUT_12714,202.04
OUT_12715,73.06
OUT_12716,205.09
OUT_12717,199.33
OUT_12718,71.02
OUT_12719,195.47
OUT_12720,76.72
OUT_12721,62.3
OUT_12722,205.36
OUT_12723,51.84
OUT_12724,59.42
OUT_12725,70.61
OUT_12726,68.56
OUT_12727,57.41
OUT_12728,1748.94
OUT_12729,195.16
OUT_12730,710.82
OUT_12731,211.23
OUT_12732,59.29
OUT_12733,72.8
OUT_12734,697.63
OUT_12735,217.14
OUT_12736,68.0
OUT_12737,64.76
OUT_12738,70.53
OUT_12739,70.29
OUT_12740,744.61
OUT_12741,57.34
OUT_12742,1749.83
OUT_12743,211.95
OUT_12744,208.56
OUT_12745,734.89
OUT_12746,71.58
OUT_12747,66.21
OUT_12748,76.17
OUT_12749,65.08
OUT_12750,214.48
OUT_12751,69.17
OUT_12752,67.46
OUT_12753,218.23
OUT_12754,743.61
OUT_12755,214.35
OUT_12756,70.67
OUT_12757,50.48
OUT_12758,62.87
OUT_12759,62.71
OUT_12760,63.18
OUT_12761,67.96
OUT_12762,77.89
OUT_12763,194.11
OUT_12764,67.1
OUT_12765,49.75
OUT_12766,40.06
OUT_12767,73.67
OUT_12768,57.04
OUT_12769,718.91
OUT_12770,53.02
OUT_12771,62.95
OUT_12772,67.09
OUT_12773,56.1
OUT_12774,74.76
OUT_12775,66.49
OUT_12776,65.68
OUT_12777,207.14
OUT_12778,65.02
OUT_12779,66.77
OUT_12780,66.32
OUT_12781,76.63
OUT_12782,218.29
OUT_12783,708.45
OUT_12784,162.22
OUT_12785,206.4
OUT_12786,72.31
OUT_12787,64.07
OUT_12788,207.61
OUT_12789,215.64
OUT_12790,207.17
OUT_12791,70.45
OUT_12792,197.56
OUT_12793,205.35
OUT_12794,72.37
OUT_12795,52.3
OUT_12796,65.41
OUT_12797,62.28
OUT_12798,54.24
OUT_12799,59.41
OUT_12800,68.05
OUT_12801,211.89
OUT_12802,62.79
OUT_12803,67.91
OUT_12804,699.73
OUT_12805,68.08
OUT_12806,202.38
OUT_12807,743.29
OUT_12808,74.18
OUT_12809,186.45
OUT_12810,216.34
OUT_12811,199.98
OUT_12812,70.78
OUT_12813,206.67
OUT_12814,205.69
OUT_12815,729.3
OUT_12816,228.35
OUT_12817,204.76
OUT_12818,66.7
OUT_12819,74.12
OUT_12820,711.18
OUT_12821,203.37
OUT_12822,37.41
OUT_12823,46.81
OUT_12824,71.2
OUT_12825,72.39
OUT_12826,63.16
OUT_12827,72.5
OUT_12828,69.71
OUT_12829,68.71
OUT_12830,55.61
OUT_12831,48.01
OUT_12832,206.7
OUT_12833,203.15
OUT_12834,1725.78
OUT_12835,65.0
OUT_12836,216.0
OUT_12837,62.73
OUT_12838,60.57
OUT_12839,70.24
OUT_12840,72.19
OUT_12841,45.62
OUT_12842,653.08
OUT_12843,204.24
OUT_12844,207.03
OUT_12845,213.38
OUT_12846,66.73
OUT_12847,67.33
OUT_12848,1734.43
OUT_12849,208.01
OUT_12850,67.55
OUT_12851,203.36
OUT_12852,72.26
OUT_12853,72.2
OUT_12854,68.26
OUT_12855,1741.48
OUT_12856,64.16
OUT_12857,741.43
OUT_12858,70.12
OUT_12859,57.95
OUT_12860,65.77
OUT_12861,215.91
OUT_12862,207.93
OUT_12863,689.35
OUT_12864,72.51
OUT_12865,1696.09
OUT_12866,63.8
OUT_12867,214.33
OUT_12868,62.51
OUT_12869,60.86
OUT_12870,57.69
OUT_12871,72.44
OUT_12872,68.49
OUT_12873,1718.51
OUT_12874,1743.87
OUT_12875,742.48
OUT_12876,205.61
OUT_12877,61.26
OUT_12878,67.81
OUT_12879,206.63
OUT_12880,62.7
OUT_12881,187.16
OUT_12882,1725.42
OUT_12883,213.03
OUT_12884,65.39
OUT_12885,203.64
OUT_12886,193.06
OUT_12887,71.93
OUT_12888,65.75
OUT_12889,204.74
OUT_12890,1722.97
OUT_12891,203.14
OUT_12892,204.86
OUT_12893,56.35
OUT_12894,68.03
OUT_12895,62.0
OUT_12896,199.08
OUT_12897,62.83
OUT_12898,54.21
OUT_12899,72.65
OUT_12900,728.65
OUT_12901,67.55
OUT_12902,57.9
OUT_12903,62.51
OUT_12904,202.77
OUT_12905,725.33
OUT_12906,734.48
OUT_12907,738.71
OUT_12908,77.39
OUT_12909,195.96
OUT_12910,57.19
OUT_12911,710.0
OUT_12912,70.4
OUT_12913,192.86
OUT_12914,76.07
OUT_12915,207.87
OUT_12916,53.94
OUT_12917,71.0
OUT_12918,204.47
OUT_12919,64.3
OUT_12920,56.8
OUT_12921,210.88
OUT_12922,72.89
OUT_12923,734.35
OUT_12924,209.97
OUT_12925,204.03
OUT_12926,737.57
OUT_12927,52.52
OUT_12928,66.51
OUT_12929,55.53
OUT_12930,197.44
OUT_12931,71.11
OUT_12932,1730.81
OUT_12933,218.2
OUT_12934,222.06
OUT_12935,733.39
OUT_12936,60.28
OUT_12937,61.33
OUT_12938,57.37
OUT_12939,1695.29
OUT_12940,65.06
OUT_12941,740.96
OUT_12942,198.72
OUT_12943,74.79
OUT_12944,200.46
OUT_12945,210.22
OUT_12946,209.15
OUT_12947,67.92
OUT_12948,62.35
OUT_12949,726.48
OUT_12950,197.98
OUT_12951,221.47
OUT_12952,45.36
OUT_12953,766.79
OUT_12954,57.24
OUT_12955,65.28
OUT_12956,62.26
OUT_12957,59.21
OUT_12958,201.14
OUT_12959,69.97
OUT_12960,203.52
OUT_12961,742.23
OUT_12962,65.22
OUT_12963,205.05
OUT_12964,50.6
OUT_12965,733.66
OUT_12966,62.89
OUT_12967,67.09
OUT_12968,42.8
OUT_12969,1734.12
OUT_12970,196.84
OUT_12971,700.66
OUT_12972,196.95
OUT_12973,56.66
OUT_12974,1720.24
OUT_12975,68.03
OUT_12976,714.72
OUT_12977,733.78
OUT_12978,1722.8
OUT_12979,205.41
OUT_12980,66.2
OUT_12981,64.61
OUT_12982,209.99
OUT_12983,63.64
OUT_12984,70.31
OUT_12985,745.53
OUT_12986,723.45
OUT_12987,1707.95
OUT_12988,43.27
OUT_12989,56.4
OUT_12990,197.42
OUT_12991,726.21
OUT_12992,206.95
OUT_12993,741.12
OUT_12994,213.63
OUT_12995,69.76
OUT_12996,206.84
OUT_12997,209.45
OUT_12998,65.38
OUT_12999,64.25
OUT_13000,202.94
OUT_13001,64.02
OUT_13002,69.57
OUT_13003,55.4
OUT_13004,194.22
OUT_13005,68.04
OUT_13006,63.11
OUT_13007,47.44
OUT_13008,1684.42
OUT_13009,54.59
OUT_13010,658.58
OUT_13011,60.82
OUT_13012,72.61
OUT_13013,65.01
OUT_13014,47.3
OUT_13015,204.04
OUT_13016,64.44
OUT_13017,649.6
OUT_13018,200.82
OUT_13019,682.74
OUT_13020,200.76
OUT_13021,72.35
OUT_13022,63.62
OUT_13023,1676.23
OUT_13024,63.08
OUT_13025,65.39
OUT_13026,614.95
OUT_13027,187.6
OUT_13028,65.09
OUT_13029,254.66
OUT_13030,65.8
OUT_13031,64.86
OUT_13032,648.35
OUT_13033,50.78
OUT_13034,48.98
OUT_13035,1643.25
OUT_13036,196.5
OUT_13037,67.82
OUT_13038,61.27
OUT_13039,206.66
OUT_13040,65.33
OUT_13041,72.71
OUT_13042,65.53
OUT_13043,63.9
OUT_13044,199.42
OUT_13045,57.76
OUT_13046,63.36
OUT_13047,66.43
OUT_13048,63.08
OUT_13049,65.75
OUT_13050,53.83
OUT_13051,67.19
OUT_13052,655.76
OUT_13053,195.22
OUT_13054,65.21
OUT_13055,1639.83
OUT_13056,196.49
OUT_13057,655.34
OUT_13058,36.66
OUT_13059,65.24
OUT_13060,70.74
OUT_13061,61.21
OUT_13062,54.06
OUT_13063,653.54
OUT_13064,64.12
OUT_13065,65.77
OUT_13066,194.54
OUT_13067,55.93
OUT_13068,61.53
OUT_13069,56.85
OUT_13070,61.9
OUT_13071,38.99
OUT_13072,667.45
OUT_13073,75.95
OUT_13074,62.4
OUT_13075,196.34
OUT_13076,195.19
OUT_13077,61.48
OUT_13078,70.46
OUT_13079,60.5
OUT_13080,67.84
OUT_13081,56.75
OUT_13082,60.95
OUT_13083,52.11
OUT_13084,65.34
OUT_13085,61.61
OUT_13086,57.67
OUT_13087,57.91
OUT_13088,667.26
OUT_13089,61.73
OUT_13090,78.63
OUT_13091,194.16
OUT_13092,201.31
OUT_13093,194.3
OUT_13094,58.2
OUT_13095,201.57
OUT_13096,195.77
OUT_13097,642.14
OUT_13098,66.9
OUT_13099,40.37
OUT_13100,71.09
OUT_13101,196.95
OUT_13102,56.89
OUT_13103,62.67
OUT_13104,196.9
OUT_13105,646.21
OUT_13106,65.06
OUT_13107,54.79
OUT_13108,67.73
OUT_13109,204.47
OUT_13110,69.97
OUT_13111,200.53
OUT_13112,69.92
OUT_13113,1692.41
OUT_13114,62.33
OUT_13115,62.9
OUT_13116,187.92
OUT_13117,46.79
OUT_13118,1613.16
OUT_13119,198.12
OUT_13120,197.28
OUT_13121,67.12
OUT_13122,73.08
OUT_13123,52.35
OUT_13124,56.59
OUT_13125,204.2
OUT_13126,77.46
OUT_13127,61.37
OUT_13128,640.44
OUT_13129,195.42
OUT_13130,196.67
OUT_13131,71.33
OUT_13132,67.55
OUT_13133,57.47
OUT_13134,66.6
OUT_13135,661.07
OUT_13136,68.67
OUT_13137,64.68
OUT_13138,65.05
OUT_13139,70.61
OUT_13140,1651.99
OUT_13141,195.8
OUT_13142,73.49
OUT_13143,74.17
OUT_13144,660.63
OUT_13145,44.69
OUT_13146,61.79
OUT_13147,58.15
OUT_13148,193.55
OUT_13149,664.21
OUT_13150,196.13
OUT_13151,194.26
OUT_13152,194.61
OUT_13153,192.11
OUT_13154,68.67
OUT_13155,60.57
OUT_13156,68.63
OUT_13157,202.76
OUT_13158,661.07
OUT_13159,70.34
OUT_13160,73.84
OUT_13161,65.6
OUT_13162,77.26
OUT_13163,61.71
OUT_13164,61.52
OUT_13165,195.19
OUT_13166,67.14
OUT_13167,209.52
OUT_13168,636.13
OUT_13169,57.68
OUT_13170,196.64
OUT_13171,202.13
OUT_13172,193.88
OUT_13173,679.4
OUT_13174,70.95
OUT_13175,54.19
OUT_13176,61.09
OUT_13177,207.28
OUT_13178,68.55
OUT_13179,61.32
OUT_13180,201.27
OUT_13181,56.23
OUT_13182,73.1
OUT_13183,59.63
OUT_13184,196.56
OUT_13185,196.62
OUT_13186,198.63
OUT_13187,57.43
OUT_13188,198.24
OUT_13189,198.33
OUT_13190,79.79
OUT_13191,56.83
OUT_13192,41.38
OUT_13193,54.46
OUT_13194,212.89
OUT_13195,70.65
OUT_13196,62.85
OUT_13197,68.07
OUT_13198,195.64
OUT_13199,64.77
OUT_13200,55.17
OUT_13201,195.94
OUT_13202,72.91
OUT_13203,203.17
OUT_13204,63.17
OUT_13205,78.7
OUT_13206,653.51
OUT_13207,65.13
OUT_13208,57.78
OUT_13209,76.15
OUT_13210,192.19
OUT_13211,63.01
OUT_13212,57.33
OUT_13213,196.48
OUT_13214,37.06
OUT_13215,55.22
OUT_13216,65.81
OUT_13217,64.5
OUT_13218,64.69
OUT_13219,49.32
OUT_13220,666.08
OUT_13221,64.45
OUT_13222,65.42
OUT_13223,198.19
OUT_13224,73.54
OUT_13225,68.02
OUT_13226,62.54
OUT_13227,199.82
OUT_13228,679.87
OUT_13229,59.42
OUT_13230,1671.35
OUT_13231,668.12
OUT_13232,1657.18
OUT_13233,53.88
OUT_13234,1667.16
OUT_13235,70.52
OUT_13236,67.13
OUT_13237,1671.84
OUT_13238,658.67
OUT_13239,57.04
OUT_13240,1664.71
OUT_13241,195.11
OUT_13242,66.81
OUT_13243,197.73
OUT_13244,63.04
OUT_13245,62.17
OUT_13246,190.48
OUT_13247,62.92
OUT_13248,64.82
OUT_13249,61.6
OUT_13250,56.05
OUT_13251,58.15
OUT_13252,692.8
OUT_13253,47.99
OUT_13254,1660.43
OUT_13255,62.95
OUT_13256,633.97
OUT_13257,60.71
OUT_13258,199.11
OUT_13259,75.97
OUT_13260,70.64
OUT_13261,63.42
OUT_13262,63.27
OUT_13263,57.73
OUT_13264,201.95
OUT_13265,60.3
OUT_13266,1697.41
OUT_13267,72.91
OUT_13268,72.87
OUT_13269,668.77
OUT_13270,637.64
OUT_13271,663.65
OUT_13272,622.65
OUT_13273,64.52
OUT_13274,79.49
OUT_13275,56.46
OUT_13276,57.41
OUT_13277,199.31
OUT_13278,52.8
OUT_13279,186.41
OUT_13280,199.15
OUT_13281,680.54
OUT_13282,55.73
OUT_13283,48.14
OUT_13284,678.47
OUT_13285,690.05
OUT_13286,195.46
OUT_13287,64.82
OUT_13288,675.3
OUT_13289,702.03
OUT_13290,65.6
OUT_13291,64.57
OUT_13292,194.06
OUT_13293,199.19
OUT_13294,192.01
OUT_13295,63.06
OUT_13296,1634.84
OUT_13297,191.95
OUT_13298,189.37
OUT_13299,57.4
OUT_13300,64.98
OUT_13301,74.36
OUT_13302,196.55
OUT_13303,196.87
OUT_13304,65.99
OUT_13305,61.98
OUT_13306,49.34
OUT_13307,59.71
OUT_13308,55.49
OUT_13309,194.48
OUT_13310,69.95
OUT_13311,205.12
OUT_13312,79.87
OUT_13313,56.55
OUT_13314,1698.81
OUT_13315,64.38
OUT_13316,57.06
OUT_13317,69.31
OUT_13318,647.93
OUT_13319,676.38
OUT_13320,707.15
OUT_13321,68.23
OUT_13322,60.88
OUT_13323,64.48
OUT_13324,188.42
OUT_13325,61.87
OUT_13326,74.14
OUT_13327,67.17
OUT_13328,63.0
OUT_13329,56.4
OUT_13330,56.96
OUT_13331,63.64
OUT_13332,67.04
OUT_13333,1658.46
OUT_13334,195.47
OUT_13335,1706.95
OUT_13336,48.76
OUT_13337,57.25
OUT_13338,653.17
OUT_13339,675.19
OUT_13340,58.86
OUT_13341,58.44
OUT_13342,65.31
OUT_13343,627.3
OUT_13344,61.53
OUT_13345,60.24
OUT_13346,54.16
OUT_13347,1625.58
OUT_13348,52.57
OUT_13349,66.81
OUT_13350,666.1
OUT_13351,197.84
OUT_13352,199.75
OUT_13353,199.08
OUT_13354,64.55
OUT_13355,182.69
OUT_13356,48.68
OUT_13357,67.1
OUT_13358,53.53
OUT_13359,73.39
OUT_13360,195.98
OUT_13361,66.37
OUT_13362,48.58
OUT_13363,65.19
OUT_13364,193.2
OUT_13365,62.61
OUT_13366,200.32
OUT_13367,67.44
OUT_13368,197.45
OUT_13369,202.31
OUT_13370,699.45
OUT_13371,62.85
OUT_13372,61.28
OUT_13373,58.25
OUT_13374,64.38
OUT_13375,59.92
OUT_13376,233.52
OUT_13377,205.04
OUT_13378,67.49
OUT_13379,1669.99
OUT_13380,191.32
OUT_13381,62.96
OUT_13382,72.85
OUT_13383,67.79
OUT_13384,192.96
OUT_13385,194.0
OUT_13386,66.44
OUT_13387,182.51
OUT_13388,194.69
OUT_13389,196.86
OUT_13390,667.83
OUT_13391,190.5
OUT_13392,681.87
OUT_13393,65.74
OUT_13394,68.42
OUT_13395,650.46
OUT_13396,64.8
OUT_13397,60.37
OUT_13398,64.3
OUT_13399,62.24
OUT_13400,67.86
OUT_13401,193.55
OUT_13402,201.4
OUT_13403,1653.09
OUT_13404,67.61
OUT_13405,194.87
OUT_13406,55.02
OUT_13407,70.93
OUT_13408,67.61
OUT_13409,189.62
OUT_13410,666.59
OUT_13411,67.35
OUT_13412,1649.86
OUT_13413,201.84
OUT_13414,644.84
OUT_13415,61.0
OUT_13416,195.69
OUT_13417,663.62
OUT_13418,66.78
OUT_13419,43.79
OUT_13420,39.36
OUT_13421,68.26
OUT_13422,61.01
OUT_13423,64.8
OUT_13424,64.61
OUT_13425,67.09
OUT_13426,71.72
OUT_13427,63.45
OUT_13428,64.27
OUT_13429,72.84
OUT_13430,650.99
OUT_13431,63.66
OUT_13432,61.76
OUT_13433,61.01
OUT_13434,69.89
OUT_13435,59.79
OUT_13436,62.42
OUT_13437,62.87
OUT_13438,58.27
OUT_13439,72.26
OUT_13440,668.07
OUT_13441,71.24
OUT_13442,665.91
OUT_13443,195.95
OUT_13444,62.7
OUT_13445,62.96
OUT_13446,654.09
OUT_13447,198.83
OUT_13448,683.57
OUT_13449,61.04
OUT_13450,194.21
OUT_13451,61.44
OUT_13452,65.47
OUT_13453,634.48
OUT_13454,72.22
OUT_13455,216.53
OUT_13456,73.39
OUT_13457,195.4
OUT_13458,674.16
OUT_13459,43.42
OUT_13460,77.28
OUT_13461,70.14
OUT_13462,211.36
OUT_13463,57.76
OUT_13464,196.42
OUT_13465,69.9
OUT_13466,54.74
OUT_13467,73.32
OUT_13468,662.19
OUT_13469,651.57
OUT_13470,196.68
OUT_13471,63.94
OUT_13472,201.7
OUT_13473,66.38
OUT_13474,67.56
OUT_13475,31.38
OUT_13476,186.62
OUT_13477,667.62
OUT_13478,191.5
OUT_13479,52.38
OUT_13480,57.52
OUT_13481,1667.96
OUT_13482,198.16
OUT_13483,49.68
OUT_13484,189.16
OUT_13485,629.48
OUT_13486,60.94
OUT_13487,63.34
OUT_13488,195.84
OUT_13489,199.91
OUT_13490,203.87
OUT_13491,66.06
OUT_13492,54.69
OUT_13493,59.43
OUT_13494,60.12
OUT_13495,68.01
OUT_13496,655.59
OUT_13497,56.62
OUT_13498,197.58
OUT_13499,194.26
OUT_13500,190.24
OUT_13501,215.11
OUT_13502,67.6
OUT_13503,61.57
OUT_13504,654.84
OUT_13505,654.16
OUT_13506,674.03
OUT_13507,186.42
OUT_13508,62.88
OUT_13509,194.09
OUT_13510,74.08
OUT_13511,61.59
OUT_13512,77.33
OUT_13513,72.72
OUT_13514,1680.45
OUT_13515,195.49
OUT_13516,663.01
OUT_13517,194.63
OUT_13518,62.02
OUT_13519,66.59
OUT_13520,656.51
OUT_13521,69.61
OUT_13522,651.02
OUT_13523,50.87
OUT_13524,194.57
OUT_13525,60.12
OUT_13526,670.84
OUT_13527,693.96
OUT_13528,65.57
OUT_13529,55.12
OUT_13530,651.17
OUT_13531,194.5
OUT_13532,61.62
OUT_13533,195.35
OUT_13534,1654.57
OUT_13535,66.3
OUT_13536,700.01
OUT_13537,76.73
OUT_13538,62.55
OUT_13539,200.62
OUT_13540,1670.91
OUT_13541,59.72
OUT_13542,76.45
OUT_13543,203.01
OUT_13544,199.74
OUT_13545,200.33
OUT_13546,194.01
OUT_13547,192.76
OUT_13548,71.38
OUT_13549,196.09
OUT_13550,65.18
OUT_13551,188.99
OUT_13552,67.4
OUT_13553,60.64
OUT_13554,195.97
OUT_13555,73.96
OUT_13556,699.04
OUT_13557,72.24
OUT_13558,57.09
OUT_13559,55.58
OUT_13560,1656.63
OUT_13561,62.69
OUT_13562,680.35
OUT_13563,672.58
OUT_13564,75.96
OUT_13565,66.92
OUT_13566,61.27
OUT_13567,48.97
OUT_13568,198.54
OUT_13569,63.7
OUT_13570,44.68
OUT_13571,46.06
OUT_13572,56.93
OUT_13573,62.22
OUT_13574,698.64
OUT_13575,675.31
OUT_13576,54.52
OUT_13577,64.77
OUT_13578,63.17
OUT_13579,657.8
OUT_13580,187.44
OUT_13581,67.74
OUT_13582,202.63
OUT_13583,44.58
OUT_13584,72.18
OUT_13585,58.47
OUT_13586,78.32
OUT_13587,66.36
OUT_13588,46.68
OUT_13589,56.08
OUT_13590,205.52
OUT_13591,61.58
OUT_13592,202.7
OUT_13593,63.35
OUT_13594,49.75
OUT_13595,667.99
OUT_13596,639.79
OUT_13597,45.26
OUT_13598,63.11
OUT_13599,1617.64
OUT_13600,55.7
OUT_13601,70.77
OUT_13602,195.65
OUT_13603,659.84
OUT_13604,67.73
OUT_13605,198.59
OUT_13606,46.53
OUT_13607,196.59
OUT_13608,198.96
OUT_13609,39.53
OUT_13610,75.23
OUT_13611,646.35
OUT_13612,57.75
OUT_13613,1568.48
OUT_13614,177.18
OUT_13615,42.76
OUT_13616,67.03
OUT_13617,186.12
OUT_13618,1673.11
OUT_13619,193.69
OUT_13620,677.18
OUT_13621,59.69
OUT_13622,193.32
OUT_13623,190.54
OUT_13624,197.47
OUT_13625,197.35
OUT_13626,202.24
OUT_13627,197.38
OUT_13628,56.62
OUT_13629,73.58
OUT_13630,65.14
OUT_13631,193.46
OUT_13632,72.32
OUT_13633,183.48
OUT_13634,651.71
OUT_13635,65.52
OUT_13636,61.64
OUT_13637,55.61
OUT_13638,192.96
OUT_13639,1674.94
OUT_13640,189.16
OUT_13641,199.58
OUT_13642,677.36
OUT_13643,54.98
OUT_13644,684.29
OUT_13645,675.62
OUT_13646,48.29
OUT_13647,1667.89
OUT_13648,1670.05
OUT_13649,658.32
OUT_13650,68.05
OUT_13651,196.53
OUT_13652,56.78
OUT_13653,37.05
OUT_13654,204.19
OUT_13655,65.37
OUT_13656,64.19
OUT_13657,203.61
OUT_13658,51.26
OUT_13659,61.71
OUT_13660,194.84
OUT_13661,33.63
OUT_13662,198.43
OUT_13663,195.99
OUT_13664,628.91
OUT_13665,1687.34
OUT_13666,55.39
OUT_13667,71.96
OUT_13668,196.71
OUT_13669,74.37
OUT_13670,688.06
OUT_13671,182.71
OUT_13672,200.93
OUT_13673,60.68
OUT_13674,56.71
OUT_13675,63.71
OUT_13676,61.9
OUT_13677,650.46
OUT_13678,631.4
OUT_13679,60.07
OUT_13680,74.12
OUT_13681,64.75
OUT_13682,61.0
OUT_13683,194.42
OUT_13684,193.04
OUT_13685,65.22
OUT_13686,65.61
OUT_13687,194.64
OUT_13688,66.08
OUT_13689,64.83
OUT_13690,56.72
OUT_13691,198.77
OUT_13692,48.71
OUT_13693,196.52
OUT_13694,1681.4
OUT_13695,72.58
OUT_13696,197.46
OUT_13697,195.91
OUT_13698,72.82
OUT_13699,207.25
OUT_13700,67.04
OUT_13701,58.13
OUT_13702,201.55
OUT_13703,65.97
OUT_13704,52.75
OUT_13705,59.87
OUT_13706,72.77
OUT_13707,61.94
OUT_13708,61.3
OUT_13709,65.89
OUT_13710,79.13
OUT_13711,73.7
OUT_13712,61.33
OUT_13713,67.71
OUT_13714,70.61
OUT_13715,705.63
OUT_13716,663.77
OUT_13717,204.21
OUT_13718,666.29
OUT_13719,194.58
OUT_13720,62.86
OUT_13721,197.16
OUT_13722,200.42
OUT_13723,196.26
OUT_13724,71.11
OUT_13725,77.4
OUT_13726,193.74
OUT_13727,66.48
OUT_13728,65.73
OUT_13729,65.53
OUT_13730,62.7
OUT_13731,62.81
OUT_13732,201.21
OUT_13733,62.33
OUT_13734,646.28
OUT_13735,56.79
OUT_13736,661.01
OUT_13737,647.05
OUT_13738,69.96
OUT_13739,67.32
OUT_13740,54.11
OUT_13741,64.38
OUT_13742,668.16
OUT_13743,67.49
OUT_13744,64.58
OUT_13745,58.15
OUT_13746,66.35
OUT_13747,196.94
OUT_13748,68.12
OUT_13749,64.93
OUT_13750,206.19
OUT_13751,77.63
OUT_13752,195.88
OUT_13753,1674.89
OUT_13754,66.53
OUT_13755,195.67
OUT_13756,64.9
OUT_13757,672.39
OUT_13758,628.99
OUT_13759,72.88
OUT_13760,194.76
OUT_13761,686.61
OUT_13762,631.24
OUT_13763,660.91
OUT_13764,60.6
OUT_13765,62.98
OUT_13766,56.13
OUT_13767,198.94
OUT_13768,197.25
OUT_13769,49.48
OUT_13770,48.67
OUT_13771,57.69
OUT_13772,73.41
OUT_13773,191.95
OUT_13774,54.76
OUT_13775,51.16
OUT_13776,197.49
OUT_13777,195.33
OUT_13778,62.68
OUT_13779,56.84
OUT_13780,645.04
OUT_13781,62.9
OUT_13782,72.21
OUT_13783,80.35
OUT_13784,73.7
OUT_13785,49.5
OUT_13786,192.19
OUT_13787,77.96
OUT_13788,74.38
OUT_13789,193.36
OUT_13790,217.85
OUT_13791,684.13
OUT_13792,64.71
OUT_13793,186.88
OUT_13794,65.5
OUT_13795,62.65
OUT_13796,195.62
OUT_13797,57.55
OUT_13798,59.43
OUT_13799,64.85
OUT_13800,653.46
OUT_13801,1579.12
OUT_13802,659.3
OUT_13803,50.31
OUT_13804,62.55
OUT_13805,57.53
OUT_13806,198.5
OUT_13807,190.69
OUT_13808,1681.06
OUT_13809,59.34
OUT_13810,47.15
OUT_13811,198.6
OUT_13812,655.63
OUT_13813,1700.11
OUT_13814,73.99
OUT_13815,649.83
OUT_13816,92.32
OUT_13817,187.87
OUT_13818,198.55
OUT_13819,207.18
OUT_13820,67.1
OUT_13821,662.32
OUT_13822,56.38
OUT_13823,191.67
OUT_13824,56.51
OUT_13825,52.75
OUT_13826,193.69
OUT_13827,194.24
OUT_13828,1689.33
OUT_13829,197.79
OUT_13830,60.09
OUT_13831,191.98
OUT_13832,53.31
OUT_13833,198.44
OUT_13834,199.56
OUT_13835,194.97
OUT_13836,62.61
OUT_13837,64.75
OUT_13838,63.18
OUT_13839,194.89
OUT_13840,195.11
OUT_13841,63.95
OUT_13842,52.06
OUT_13843,203.54
OUT_13844,71.76
OUT_13845,57.38
OUT_13846,76.82
OUT_13847,192.01
OUT_13848,67.96
OUT_13849,52.82
OUT_13850,63.47
OUT_13851,694.36
OUT_13852,64.88
OUT_13853,59.04
OUT_13854,56.86
OUT_13855,47.05
OUT_13856,63.62
OUT_13857,683.64
OUT_13858,640.73
OUT_13859,57.9
OUT_13860,58.95
OUT_13861,70.36
OUT_13862,67.16
OUT_13863,63.1
OUT_13864,70.6
OUT_13865,61.23
OUT_13866,69.78
OUT_13867,78.85
OUT_13868,68.0
OUT_13869,48.72
OUT_13870,65.17
OUT_13871,195.81
OUT_13872,66.96
OUT_13873,200.98
OUT_13874,31.33
OUT_13875,674.23
OUT_13876,196.89
OUT_13877,662.27
OUT_13878,194.51
OUT_13879,201.05
OUT_13880,1701.34
OUT_13881,201.74
OUT_13882,57.05
OUT_13883,1681.47
OUT_13884,678.06
OUT_13885,73.49
OUT_13886,66.66
OUT_13887,62.39
OUT_13888,62.15
OUT_13889,65.11
OUT_13890,56.26
OUT_13891,192.45
OUT_13892,56.66
OUT_13893,62.84
OUT_13894,195.46
OUT_13895,48.97
OUT_13896,196.8
OUT_13897,189.49
OUT_13898,63.01
OUT_13899,73.74
OUT_13900,201.27
OUT_13901,64.57
OUT_13902,197.15
OUT_13903,77.53
OUT_13904,671.79
OUT_13905,1661.04
OUT_13906,70.76
OUT_13907,194.77
OUT_13908,1677.54
OUT_13909,65.84
OUT_13910,71.61
OUT_13911,55.38
OUT_13912,651.55
OUT_13913,201.91
OUT_13914,205.13
OUT_13915,200.87
OUT_13916,187.8
OUT_13917,196.85
OUT_13918,202.65
OUT_13919,193.02
OUT_13920,74.04
OUT_13921,1668.69
OUT_13922,68.22
OUT_13923,62.76
OUT_13924,192.18
OUT_13925,670.96
OUT_13926,188.93
OUT_13927,67.12
OUT_13928,56.58
OUT_13929,62.73
OUT_13930,61.89
OUT_13931,210.15
OUT_13932,216.09
OUT_13933,195.94
OUT_13934,63.38
OUT_13935,190.09
OUT_13936,60.49
OUT_13937,657.2
OUT_13938,195.06
OUT_13939,65.11
OUT_13940,198.37
OUT_13941,61.93
OUT_13942,59.99
OUT_13943,684.59
OUT_13944,632.77
OUT_13945,65.73
OUT_13946,196.91
OUT_13947,199.02
OUT_13948,66.57
OUT_13949,66.35
OUT_13950,659.36
OUT_13951,192.61
OUT_13952,70.28
OUT_13953,196.45
OUT_13954,1656.71
OUT_13955,69.45
OUT_13956,661.2
OUT_13957,65.09
OUT_13958,194.42
OUT_13959,192.56
OUT_13960,48.11
OUT_13961,198.3
OUT_13962,63.08
OUT_13963,649.82
OUT_13964,66.65
OUT_13965,194.17
OUT_13966,56.88
OUT_13967,59.6
OUT_13968,55.19
OUT_13969,200.73
OUT_13970,695.13
OUT_13971,70.37
OUT_13972,655.3
OUT_13973,198.49
OUT_13974,73.84
OUT_13975,670.06
OUT_13976,67.28
OUT_13977,661.26
OUT_13978,66.94
OUT_13979,187.69
OUT_13980,209.58
OUT_13981,1666.93
OUT_13982,1698.26
OUT_13983,69.95
OUT_13984,80.4
OUT_13985,63.3
OUT_13986,1682.95
OUT_13987,67.71
OUT_13988,199.88
OUT_13989,55.26
OUT_13990,62.91
OUT_13991,201.43
OUT_13992,655.25
OUT_13993,68.93
OUT_13994,195.8
OUT_13995,78.93
OUT_13996,1695.29
OUT_13997,67.81
OUT_13998,1653.54
OUT_13999,66.3
OUT_14000,65.48
OUT_14001,52.44
OUT_14002,66.93
OUT_14003,68.15
OUT_14004,67.41
OUT_14005,194.38
OUT_14006,62.78
OUT_14007,196.48
OUT_14008,195.13
OUT_14009,197.04
OUT_14010,66.66
OUT_14011,200.99
OUT_14012,45.15
OUT_14013,73.69
OUT_14014,692.65
OUT_14015,672.98
OUT_14016,68.52
OUT_14017,190.59
OUT_14018,43.5
OUT_14019,194.36
OUT_14020,48.76
OUT_14021,196.14
OUT_14022,77.79
OUT_14023,1668.6
OUT_14024,637.93
OUT_14025,644.68
OUT_14026,67.32
OUT_14027,76.07
OUT_14028,76.54
OUT_14029,649.35
OUT_14030,663.84
OUT_14031,197.09
OUT_14032,657.87
OUT_14033,660.61
OUT_14034,1700.77
OUT_14035,65.25
OUT_14036,671.32
OUT_14037,643.2
OUT_14038,63.02
OUT_14039,196.38
OUT_14040,197.46
OUT_14041,58.0
OUT_14042,57.79
OUT_14043,60.66
OUT_14044,46.8
OUT_14045,191.39
OUT_14046,46.72
OUT_14047,196.41
OUT_14048,69.75
OUT_14049,57.58
OUT_14050,1686.42
OUT_14051,209.77
OUT_14052,64.56
OUT_14053,73.96
OUT_14054,70.34
OUT_14055,57.46
OUT_14056,196.11
OUT_14057,660.94
OUT_14058,195.29
OUT_14059,58.78
OUT_14060,194.06
OUT_14061,193.31
OUT_14062,661.78
OUT_14063,1550.68
OUT_14064,65.34
OUT_14065,670.24
OUT_14066,72.31
OUT_14067,67.27
OUT_14068,187.7
OUT_14069,56.7
OUT_14070,196.79
OUT_14071,60.14
OUT_14072,188.3
OUT_14073,65.04
OUT_14074,636.82
OUT_14075,61.69
OUT_14076,642.59
OUT_14077,63.54
OUT_14078,199.57
OUT_14079,65.38
OUT_14080,191.71
OUT_14081,47.78
OUT_14082,670.24
OUT_14083,64.21
OUT_14084,67.51
OUT_14085,204.86
OUT_14086,690.58
OUT_14087,65.46
OUT_14088,198.84
OUT_14089,696.5
OUT_14090,635.26
OUT_14091,65.26
OUT_14092,52.22
OUT_14093,1672.29
OUT_14094,66.47
OUT_14095,196.08
OUT_14096,64.76
OUT_14097,46.02
OUT_14098,194.68
OUT_14099,205.6
OUT_14100,46.64
OUT_14101,62.46
OUT_14102,194.67
OUT_14103,67.77
OUT_14104,64.61
OUT_14105,64.59
OUT_14106,184.64
OUT_14107,66.49
OUT_14108,62.77
OUT_14109,672.24
OUT_14110,201.23
OUT_14111,689.11
OUT_14112,64.29
OUT_14113,67.11
OUT_14114,680.88
OUT_14115,65.2
OUT_14116,65.92
OUT_14117,197.59
OUT_14118,1622.67
OUT_14119,193.05
OUT_14120,45.41
OUT_14121,69.23
OUT_14122,50.53
OUT_14123,54.93
OUT_14124,55.73
OUT_14125,55.35
OUT_14126,197.63
OUT_14127,641.03
OUT_14128,58.87
OUT_14129,63.74
OUT_14130,60.21
OUT_14131,655.47
OUT_14132,211.47
OUT_14133,636.37
OUT_14134,72.05
OUT_14135,185.62
OUT_14136,65.15
OUT_14137,52.01
OUT_14138,61.44
OUT_14139,1679.84
OUT_14140,56.42
OUT_14141,56.26
OUT_14142,194.58
OUT_14143,67.93
OUT_14144,193.31
OUT_14145,153.45
OUT_14146,194.79
OUT_14147,186.04
OUT_14148,66.96
OUT_14149,64.19
OUT_14150,70.16
OUT_14151,53.8
OUT_14152,203.18
OUT_14153,51.69
OUT_14154,191.04
OUT_14155,65.32
OUT_14156,196.71
OUT_14157,72.55
OUT_14158,59.48
OUT_14159,201.72
OUT_14160,50.08
OUT_14161,63.56
OUT_14162,191.29
OUT_14163,62.73
OUT_14164,195.22
OUT_14165,195.12
OUT_14166,194.87
OUT_14167,49.95
OUT_14168,73.23
OUT_14169,194.48
OUT_14170,193.53
OUT_14171,61.93
OUT_14172,194.64
OUT_14173,196.58
OUT_14174,54.31
OUT_14175,674.85
OUT_14176,66.29
OUT_14177,60.5
OUT_14178,66.04
OUT_14179,195.1
OUT_14180,75.72
OUT_14181,51.53
OUT_14182,197.16
OUT_14183,73.35
OUT_14184,66.57
OUT_14185,64.9
OUT_14186,650.36
OUT_14187,65.81
OUT_14188,60.88
OUT_14189,197.9
OUT_14190,71.38
OUT_14191,652.07
OUT_14192,650.42
OUT_14193,72.34
OUT_14194,60.24
OUT_14195,630.35
OUT_14196,59.85
OUT_14197,660.03
OUT_14198,58.17
OUT_14199,67.94
OUT_14200,1671.23
OUT_14201,76.65
OUT_14202,64.44
OUT_14203,196.21
OUT_14204,65.02
OUT_14205,61.65
OUT_14206,57.62
OUT_14207,194.49
OUT_14208,1675.47
OUT_14209,200.65
OUT_14210,195.92
OUT_14211,77.94
OUT_14212,203.15
OUT_14213,64.73
OUT_14214,51.68
OUT_14215,201.75
OUT_14216,79.24
OUT_14217,1628.76
OUT_14218,64.41
OUT_14219,67.23
OUT_14220,58.74
OUT_14221,192.26
OUT_14222,1702.05
OUT_14223,63.46
OUT_14224,67.97
OUT_14225,625.16
OUT_14226,629.59
OUT_14227,73.08
OUT_14228,197.53
OUT_14229,188.64
OUT_14230,68.98
OUT_14231,646.15
OUT_14232,61.54
OUT_14233,203.94
OUT_14234,68.87
OUT_14235,37.83
OUT_14236,214.61
OUT_14237,196.12
OUT_14238,187.13
OUT_14239,65.84
OUT_14240,1650.81
OUT_14241,660.51
OUT_14242,633.31
OUT_14243,207.71
OUT_14244,70.39
OUT_14245,62.69
OUT_14246,57.64
OUT_14247,196.37
OUT_14248,208.44
OUT_14249,195.36
OUT_14250,55.35
OUT_14251,681.02
OUT_14252,197.99
OUT_14253,195.07
OUT_14254,67.6
OUT_14255,60.84
OUT_14256,41.35
OUT_14257,197.08
OUT_14258,196.41
OUT_14259,57.85
OUT_14260,187.81
OUT_14261,56.47
OUT_14262,652.46
OUT_14263,193.56
OUT_14264,67.37
OUT_14265,194.62
OUT_14266,209.22
OUT_14267,188.93
OUT_14268,184.22
OUT_14269,195.98
OUT_14270,70.63
OUT_14271,199.3
OUT_14272,196.8
OUT_14273,195.6
OUT_14274,1666.95
OUT_14275,192.88
OUT_14276,56.12
OUT_14277,190.98
OUT_14278,56.44
OUT_14279,58.47
OUT_14280,645.22
OUT_14281,1631.59
OUT_14282,658.31
OUT_14283,194.8
OUT_14284,68.23
OUT_14285,57.11
OUT_14286,68.06
OUT_14287,203.3
OUT_14288,64.83
OUT_14289,64.89
OUT_14290,195.76
OUT_14291,193.54
OUT_14292,635.26
OUT_14293,60.07
OUT_14294,1678.77
OUT_14295,57.96
OUT_14296,64.7
OUT_14297,634.95
OUT_14298,206.25
OUT_14299,195.66
OUT_14300,650.66
OUT_14301,62.88
OUT_14302,67.77
OUT_14303,200.2
OUT_14304,65.2
OUT_14305,647.81
OUT_14306,64.74
OUT_14307,72.72
OUT_14308,64.59
OUT_14309,64.85
OUT_14310,204.17
OUT_14311,59.93
OUT_14312,61.61
OUT_14313,50.25
OUT_14314,195.31
OUT_14315,70.2
OUT_14316,203.02
OUT_14317,70.41
OUT_14318,646.7
OUT_14319,198.66
OUT_14320,76.34
OUT_14321,60.48
OUT_14322,194.02
OUT_14323,675.56
OUT_14324,64.65
OUT_14325,62.74
OUT_14326,194.82
OUT_14327,67.09
OUT_14328,680.05
OUT_14329,52.48
OUT_14330,52.2
OUT_14331,72.5
OUT_14332,195.92
OUT_14333,70.81
OUT_14334,644.58
OUT_14335,61.22
OUT_14336,681.57
OUT_14337,1674.54
OUT_14338,192.85
OUT_14339,61.17
OUT_14340,190.84
OUT_14341,194.14
OUT_14342,220.75
OUT_14343,198.8
OUT_14344,64.94
OUT_14345,63.73
OUT_14346,639.34
OUT_14347,65.0
OUT_14348,70.29
OUT_14349,204.38
OUT_14350,663.62
OUT_14351,638.4
OUT_14352,658.23
OUT_14353,64.81
OUT_14354,65.81
OUT_14355,646.54
OUT_14356,198.46
OUT_14357,659.42
OUT_14358,72.29
OUT_14359,659.24
OUT_14360,56.31
OUT_14361,652.17
OUT_14362,67.72
OUT_14363,195.53
OUT_14364,667.37
OUT_14365,192.32
OUT_14366,61.92
OUT_14367,1663.28
OUT_14368,200.96
OUT_14369,56.82
OUT_14370,196.6
OUT_14371,67.08
OUT_14372,61.15
OUT_14373,683.9
OUT_14374,668.34
OUT_14375,192.08
OUT_14376,654.47
OUT_14377,62.36
OUT_14378,63.9
OUT_14379,200.52
OUT_14380,198.73
OUT_14381,194.05
OUT_14382,67.81
OUT_14383,196.08
OUT_14384,666.32
OUT_14385,42.18
OUT_14386,185.96
OUT_14387,68.5
OUT_14388,195.72
OUT_14389,194.27
OUT_14390,198.22
OUT_14391,673.33
OUT_14392,66.98
OUT_14393,186.72
OUT_14394,58.32
OUT_14395,74.01
OUT_14396,199.99
OUT_14397,55.92
OUT_14398,184.85
OUT_14399,56.35
OUT_14400,57.44
OUT_14401,57.65
OUT_14402,57.05
OUT_14403,58.65
OUT_14404,51.66
OUT_14405,62.66
OUT_14406,67.82
OUT_14407,32.15
OUT_14408,217.67
OUT_14409,69.42
OUT_14410,45.08
OUT_14411,62.6
OUT_14412,73.26
OUT_14413,62.7
OUT_14414,211.68
OUT_14415,658.64
OUT_14416,64.44
OUT_14417,58.35
OUT_14418,52.18
OUT_14419,58.55
OUT_14420,65.09
OUT_14421,37.37
OUT_14422,56.34
OUT_14423,615.06
OUT_14424,185.72
OUT_14425,62.16
OUT_14426,59.05
OUT_14427,68.14
OUT_14428,52.15
OUT_14429,643.64
OUT_14430,184.99
OUT_14431,62.13
OUT_14432,46.25
OUT_14433,667.63
OUT_14434,49.28
OUT_14435,196.59
OUT_14436,1609.99
OUT_14437,63.37
OUT_14438,672.56
OUT_14439,68.17
OUT_14440,177.12
OUT_14441,695.47
OUT_14442,665.07
OUT_14443,38.75
OUT_14444,192.0
OUT_14445,67.68
OUT_14446,70.19
OUT_14447,75.32
OUT_14448,76.2
OUT_14449,55.49
OUT_14450,649.8
OUT_14451,209.73
OUT_14452,54.04
OUT_14453,1670.4
OUT_14454,192.41
OUT_14455,61.34
OUT_14456,71.85
OUT_14457,206.85
OUT_14458,197.56
OUT_14459,188.22
OUT_14460,58.04
OUT_14461,195.69
OUT_14462,194.45
OUT_14463,202.68
OUT_14464,71.09
OUT_14465,66.71
OUT_14466,65.38
OUT_14467,665.52
OUT_14468,1701.41
OUT_14469,196.08
OUT_14470,194.91
OUT_14471,194.48
OUT_14472,220.56
OUT_14473,66.3
OUT_14474,55.84
OUT_14475,48.42
OUT_14476,630.37
OUT_14477,72.22
OUT_14478,63.63
OUT_14479,196.39
OUT_14480,65.21
OUT_14481,69.38
OUT_14482,669.67
OUT_14483,193.41
OUT_14484,68.21
OUT_14485,634.59
OUT_14486,48.63
OUT_14487,68.46
OUT_14488,200.72
OUT_14489,59.73
OUT_14490,199.39
OUT_14491,72.82
OUT_14492,61.73
OUT_14493,1639.34
OUT_14494,199.07
OUT_14495,196.43
OUT_14496,58.91
OUT_14497,56.56
OUT_14498,47.08
OUT_14499,38.76
OUT_14500,67.38
OUT_14501,56.28
OUT_14502,656.42
OUT_14503,51.72
OUT_14504,65.65
OUT_14505,690.45
OUT_14506,66.86
OUT_14507,76.13
OUT_14508,1657.92
OUT_14509,47.72
OUT_14510,198.62
OUT_14511,62.4
OUT_14512,63.43
OUT_14513,672.54
OUT_14514,1681.33
OUT_14515,192.02
OUT_14516,193.32
OUT_14517,62.38
OUT_14518,202.24
OUT_14519,670.09
OUT_14520,195.5
OUT_14521,260.25
OUT_14522,194.77
OUT_14523,71.59
OUT_14524,653.72
OUT_14525,1686.95
OUT_14526,657.73
OUT_14527,65.33
OUT_14528,63.64
OUT_14529,196.74
OUT_14530,215.16
OUT_14531,204.79
OUT_14532,64.97
OUT_14533,64.65
OUT_14534,55.1
OUT_14535,196.86
OUT_14536,630.33
OUT_14537,202.63
OUT_14538,233.37
OUT_14539,52.96
OUT_14540,194.34
OUT_14541,66.18
OUT_14542,55.04
OUT_14543,75.26
OUT_14544,56.69
OUT_14545,67.79
OUT_14546,76.85
OUT_14547,1683.46
OUT_14548,55.49
OUT_14549,45.82
OUT_14550,46.94
OUT_14551,1605.35
OUT_14552,60.84
OUT_14553,667.24
OUT_14554,61.49
OUT_14555,190.2
OUT_14556,653.25
OUT_14557,198.28
OUT_14558,667.74
OUT_14559,48.08
OUT_14560,64.85
OUT_14561,192.35
OUT_14562,54.68
OUT_14563,64.98
OUT_14564,193.79
OUT_14565,68.17
OUT_14566,667.24
OUT_14567,72.46
OUT_14568,193.18
OUT_14569,69.77
OUT_14570,66.34
OUT_14571,186.25
OUT_14572,196.42
OUT_14573,195.14
OUT_14574,55.05
OUT_14575,81.66
OUT_14576,197.3
OUT_14577,662.8
OUT_14578,64.49
OUT_14579,67.89
OUT_14580,72.6
OUT_14581,55.56
OUT_14582,54.25
OUT_14583,55.25
OUT_14584,660.2
OUT_14585,56.77
OUT_14586,1662.49
OUT_14587,55.96
OUT_14588,641.95
OUT_14589,191.68
OUT_14590,200.22
OUT_14591,65.38
OUT_14592,36.6
OUT_14593,55.23
OUT_14594,200.96
OUT_14595,68.62
OUT_14596,68.48
OUT_14597,55.26
OUT_14598,65.48
OUT_14599,65.58
OUT_14600,663.32
OUT_14601,681.48
OUT_14602,1697.72
OUT_14603,197.97
OUT_14604,65.13
OUT_14605,64.35
OUT_14606,206.09
OUT_14607,201.7
OUT_14608,679.45
OUT_14609,45.55
OUT_14610,60.56
OUT_14611,193.96
OUT_14612,663.54
OUT_14613,186.38
OUT_14614,191.72
OUT_14615,1675.59
OUT_14616,67.1
OUT_14617,62.97
OUT_14618,62.79
OUT_14619,651.5
OUT_14620,70.69
OUT_14621,55.43
OUT_14622,196.23
OUT_14623,187.12
OUT_14624,58.86
OUT_14625,48.21
OUT_14626,195.32
OUT_14627,64.0
OUT_14628,196.56
OUT_14629,194.44
OUT_14630,1613.88
OUT_14631,680.72
OUT_14632,66.93
OUT_14633,76.42
OUT_14634,63.84
OUT_14635,667.9
OUT_14636,198.32
OUT_14637,66.67
OUT_14638,191.34
OUT_14639,197.57
OUT_14640,67.79
OUT_14641,198.34
OUT_14642,38.8
OUT_14643,64.63
OUT_14644,200.87
OUT_14645,660.57
OUT_14646,67.98
OUT_14647,65.48
OUT_14648,55.05
OUT_14649,194.46
OUT_14650,70.06
OUT_14651,197.91
OUT_14652,68.17
OUT_14653,65.86
OUT_14654,60.96
OUT_14655,62.12
OUT_14656,68.31
OUT_14657,65.87
OUT_14658,62.51
OUT_14659,70.94
OUT_14660,67.89
OUT_14661,55.61
OUT_14662,643.51
OUT_14663,1690.34
OUT_14664,681.69
OUT_14665,62.46
OUT_14666,65.88
OUT_14667,54.1
OUT_14668,71.19
OUT_14669,62.61
OUT_14670,195.3
OUT_14671,1687.59
OUT_14672,693.06
OUT_14673,194.17
OUT_14674,195.28
OUT_14675,58.01
OUT_14676,65.81
OUT_14677,58.72
OUT_14678,66.76
OUT_14679,194.53
OUT_14680,195.08
OUT_14681,679.35
OUT_14682,75.19
OUT_14683,671.78
OUT_14684,56.86
OUT_14685,196.99
OUT_14686,194.4
OUT_14687,194.01
OUT_14688,194.47
OUT_14689,63.11
OUT_14690,196.02
OUT_14691,76.44
OUT_14692,31.57
OUT_14693,197.27
OUT_14694,646.21
OUT_14695,59.75
OUT_14696,108.48
OUT_14697,58.7
OUT_14698,654.01
OUT_14699,672.68
OUT_14700,67.45
OUT_14701,67.09
OUT_14702,56.27
OUT_14703,63.63
OUT_14704,57.54
OUT_14705,194.97
OUT_14706,67.44
OUT_14707,51.75
OUT_14708,685.37
OUT_14709,640.84
OUT_14710,193.71
OUT_14711,61.08
OUT_14712,657.64
OUT_14713,55.68
OUT_14714,193.89
OUT_14715,70.12
OUT_14716,57.58
OUT_14717,57.11
OUT_14718,67.92
OUT_14719,260.53
OUT_14720,1668.84
OUT_14721,208.98
OUT_14722,195.29
OUT_14723,200.38
OUT_14724,201.59
OUT_14725,636.73
OUT_14726,195.62
OUT_14727,57.29
OUT_14728,190.59
OUT_14729,57.26
OUT_14730,194.33
OUT_14731,61.05
OUT_14732,65.41
OUT_14733,68.33
OUT_14734,57.85
OUT_14735,199.08
OUT_14736,196.29
OUT_14737,55.08
OUT_14738,191.22
OUT_14739,198.78
OUT_14740,44.48
OUT_14741,654.66
OUT_14742,70.06
OUT_14743,662.38
OUT_14744,56.26
OUT_14745,189.62
OUT_14746,65.68
OUT_14747,67.43
OUT_14748,68.0
OUT_14749,647.21
OUT_14750,195.71
OUT_14751,188.31
OUT_14752,669.57
OUT_14753,183.96
OUT_14754,688.77
OUT_14755,187.29
OUT_14756,195.59
OUT_14757,669.45
OUT_14758,185.5
OUT_14759,200.42
OUT_14760,702.09
OUT_14761,68.2
OUT_14762,214.93
OUT_14763,67.81
OUT_14764,63.31
OUT_14765,191.54
OUT_14766,199.62
OUT_14767,707.84
OUT_14768,196.58
OUT_14769,48.55
OUT_14770,203.95
OUT_14771,1658.56
OUT_14772,70.99
OUT_14773,678.22
OUT_14774,674.58
OUT_14775,65.23
OUT_14776,62.54
OUT_14777,195.39
OUT_14778,644.28
OUT_14779,66.54
OUT_14780,61.37
OUT_14781,67.68
OUT_14782,679.23
OUT_14783,196.09
OUT_14784,64.59
OUT_14785,66.19
OUT_14786,58.47
OUT_14787,654.48
OUT_14788,65.11
OUT_14789,68.02
OUT_14790,67.92
OUT_14791,192.44
OUT_14792,65.64
OUT_14793,57.59
OUT_14794,62.27
OUT_14795,55.66
OUT_14796,54.86
OUT_14797,69.47
OUT_14798,201.96
OUT_14799,640.14
OUT_14800,664.45
OUT_14801,74.97
OUT_14802,201.83
OUT_14803,195.22
OUT_14804,56.48
OUT_14805,63.59
OUT_14806,61.42
OUT_14807,60.21
OUT_14808,66.02
OUT_14809,1660.49
OUT_14810,198.2
OUT_14811,208.43
OUT_14812,64.83
OUT_14813,51.05
OUT_14814,185.89
OUT_14815,60.09
OUT_14816,49.19
OUT_14817,64.58
OUT_14818,696.7
OUT_14819,65.85
OUT_14820,651.08
OUT_14821,61.53
OUT_14822,1714.99
OUT_14823,664.52
OUT_14824,49.79
OUT_14825,200.42
OUT_14826,55.37
OUT_14827,54.8
OUT_14828,67.78
OUT_14829,50.16
OUT_14830,1687.89
OUT_14831,63.58
OUT_14832,56.66
OUT_14833,1703.48
OUT_14834,666.51
OUT_14835,62.29
OUT_14836,195.79
OUT_14837,56.67
OUT_14838,63.11
OUT_14839,184.43
OUT_14840,67.07
OUT_14841,64.72
OUT_14842,200.51
OUT_14843,206.18
OUT_14844,65.78
OUT_14845,68.24
OUT_14846,656.86
OUT_14847,195.32
OUT_14848,67.25
OUT_14849,74.35
OUT_14850,69.43
OUT_14851,63.45
OUT_14852,64.94
OUT_14853,201.77
OUT_14854,72.26
OUT_14855,76.39
OUT_14856,672.85
OUT_14857,203.27
OUT_14858,208.37
OUT_14859,684.78
OUT_14860,61.99
OUT_14861,70.74
OUT_14862,200.61
OUT_14863,189.78
OUT_14864,635.64
OUT_14865,196.04
OUT_14866,60.53
OUT_14867,67.04
OUT_14868,634.06
OUT_14869,669.9
OUT_14870,192.85
OUT_14871,186.06
OUT_14872,1675.09
OUT_14873,60.58
OUT_14874,1688.95
OUT_14875,1699.33
OUT_14876,662.5
OUT_14877,63.21
OUT_14878,190.89
OUT_14879,65.41
OUT_14880,68.04
OUT_14881,633.75
OUT_14882,670.62
OUT_14883,197.79
OUT_14884,675.8
OUT_14885,643.6
OUT_14886,53.0
OUT_14887,195.0
OUT_14888,65.13
OUT_14889,196.23
OUT_14890,65.64
OUT_14891,68.21
OUT_14892,58.27
OUT_14893,69.67
OUT_14894,194.28
OUT_14895,64.67
OUT_14896,67.0
OUT_14897,209.58
OUT_14898,73.49
OUT_14899,51.93
OUT_14900,62.43
OUT_14901,195.92
OUT_14902,191.07
OUT_14903,46.22
OUT_14904,199.26
OUT_14905,196.24
OUT_14906,56.77
OUT_14907,62.71
OUT_14908,200.85
OUT_14909,60.72
OUT_14910,61.91
OUT_14911,672.58
OUT_14912,60.08
OUT_14913,190.56
OUT_14914,658.88
OUT_14915,67.65
OUT_14916,190.93
OUT_14917,53.64
OUT_14918,61.04
OUT_14919,65.05
OUT_14920,61.61
OUT_14921,70.11
OUT_14922,1709.77
OUT_14923,186.86
OUT_14924,200.32
OUT_14925,192.12
OUT_14926,194.05
OUT_14927,200.92
OUT_14928,685.49
OUT_14929,194.23
OUT_14930,662.23
OUT_14931,57.45
OUT_14932,55.57
OUT_14933,73.31
OUT_14934,195.12
OUT_14935,194.58
OUT_14936,202.04
OUT_14937,639.09
OUT_14938,195.77
OUT_14939,68.56
OUT_14940,655.1
OUT_14941,633.33
OUT_14942,66.79
OUT_14943,63.16
OUT_14944,65.13
OUT_14945,52.37
OUT_14946,641.51
OUT_14947,668.42
OUT_14948,67.95
OUT_14949,53.76
OUT_14950,74.61
OUT_14951,63.08
OUT_14952,63.06
OUT_14953,198.82
OUT_14954,197.69
OUT_14955,61.7
OUT_14956,186.06
OUT_14957,65.05
OUT_14958,624.92
OUT_14959,1662.26
OUT_14960,201.25
OUT_14961,64.28
OUT_14962,189.58
OUT_14963,188.74
OUT_14964,71.93
OUT_14965,194.84
OUT_14966,76.53
OUT_14967,194.26
OUT_14968,198.41
OUT_14969,66.56
OUT_14970,65.12
OUT_14971,196.55
OUT_14972,179.06
OUT_14973,50.29
OUT_14974,683.81
OUT_14975,65.72
OUT_14976,189.55
OUT_14977,193.85
OUT_14978,64.84
OUT_14979,72.98
OUT_14980,49.47
OUT_14981,689.75
OUT_14982,195.85
OUT_14983,201.28
OUT_14984,72.81
OUT_14985,71.47
OUT_14986,660.92
OUT_14987,195.27
OUT_14988,191.04
OUT_14989,200.57
OUT_14990,196.84
OUT_14991,666.91
OUT_14992,647.92
OUT_14993,658.57
OUT_14994,639.66
OUT_14995,60.39
OUT_14996,72.4
OUT_14997,65.57
OUT_14998,198.93
OUT_14999,72.28
OUT_15000,61.02
OUT_15001,194.68
OUT_15002,62.49
OUT_15003,78.22
OUT_15004,189.2
OUT_15005,1651.6
OUT_15006,194.61
OUT_15007,1686.02
OUT_15008,192.17
OUT_15009,51.77
OUT_15010,62.8
OUT_15011,58.11
OUT_15012,190.95
OUT_15013,193.1
OUT_15014,72.22
OUT_15015,64.8
OUT_15016,58.04
OUT_15017,55.52
OUT_15018,44.05
OUT_15019,199.45
OUT_15020,641.02
OUT_15021,67.41
OUT_15022,188.04
OUT_15023,64.53
OUT_15024,198.1
OUT_15025,647.16
OUT_15026,60.83
OUT_15027,217.91
OUT_15028,195.88
OUT_15029,63.02
OUT_15030,67.64
OUT_15031,65.87
OUT_15032,62.84
OUT_15033,196.77
OUT_15034,65.78
OUT_15035,208.06
OUT_15036,59.97
OUT_15037,64.49
OUT_15038,195.59
OUT_15039,156.57
OUT_15040,63.27
OUT_15041,664.75
OUT_15042,665.21
OUT_15043,194.13
OUT_15044,66.91
OUT_15045,56.86
OUT_15046,677.0
OUT_15047,1698.56
OUT_15048,62.03
OUT_15049,652.74
OUT_15050,56.71
OUT_15051,673.34
OUT_15052,656.51
OUT_15053,638.56
OUT_15054,193.86
OUT_15055,1690.47
OUT_15056,61.45
OUT_15057,1639.23
OUT_15058,70.02
OUT_15059,63.01
OUT_15060,65.46
OUT_15061,670.91
OUT_15062,194.57
OUT_15063,650.4
OUT_15064,61.03
OUT_15065,659.58
OUT_15066,62.67
OUT_15067,200.3
OUT_15068,67.48
OUT_15069,60.24
OUT_15070,214.2
OUT_15071,66.01
OUT_15072,203.95
OUT_15073,75.4
OUT_15074,66.51
OUT_15075,53.84
OUT_15076,636.11
OUT_15077,53.31
OUT_15078,689.34
OUT_15079,67.45
OUT_15080,63.48
OUT_15081,676.62
OUT_15082,685.17
OUT_15083,679.03
OUT_15084,65.3
OUT_15085,196.0
OUT_15086,49.67
OUT_15087,58.53
OUT_15088,57.31
OUT_15089,1682.65
OUT_15090,65.0
OUT_15091,658.71
OUT_15092,195.4
OUT_15093,665.93
OUT_15094,73.55
OUT_15095,66.08
OUT_15096,194.17
OUT_15097,61.24
OUT_15098,694.34
OUT_15099,66.19
OUT_15100,201.53
OUT_15101,192.72
OUT_15102,65.28
OUT_15103,663.35
OUT_15104,189.38
OUT_15105,70.77
OUT_15106,66.7
OUT_15107,65.66
OUT_15108,638.15
OUT_15109,69.44
OUT_15110,60.55
OUT_15111,193.81
OUT_15112,64.93
OUT_15113,72.55
OUT_15114,665.52
OUT_15115,196.71
OUT_15116,197.34
OUT_15117,70.6
OUT_15118,55.52
OUT_15119,33.29
OUT_15120,61.12
OUT_15121,60.2
OUT_15122,651.3
OUT_15123,65.29
OUT_15124,51.1
OUT_15125,637.29
OUT_15126,55.89
OUT_15127,44.86
OUT_15128,65.23
OUT_15129,190.9
OUT_15130,69.09
OUT_15131,57.19
OUT_15132,676.98
OUT_15133,68.0
OUT_15134,193.77
OUT_15135,673.53
OUT_15136,72.26
OUT_15137,64.4
OUT_15138,66.68
OUT_15139,197.11
OUT_15140,73.18
OUT_15141,54.28
OUT_15142,72.22
OUT_15143,64.27
OUT_15144,70.39
OUT_15145,1645.17
OUT_15146,199.31
OUT_15147,644.12
OUT_15148,190.78
OUT_15149,193.61
OUT_15150,58.91
OUT_15151,67.88
OUT_15152,67.9
OUT_15153,197.11
OUT_15154,644.83
OUT_15155,198.76
OUT_15156,674.57
OUT_15157,71.9
OUT_15158,662.1
OUT_15159,656.19
OUT_15160,1692.67
OUT_15161,193.02
OUT_15162,50.46
OUT_15163,664.83
OUT_15164,78.14
OUT_15165,187.77
OUT_15166,205.39
OUT_15167,191.16
OUT_15168,639.94
OUT_15169,55.0
OUT_15170,205.28
OUT_15171,61.68
OUT_15172,62.64
OUT_15173,193.29
OUT_15174,56.18
OUT_15175,50.78
OUT_15176,193.03
OUT_15177,196.93
OUT_15178,66.16
OUT_15179,1675.83
OUT_15180,54.96
OUT_15181,197.37
OUT_15182,68.34
OUT_15183,655.52
OUT_15184,662.85
OUT_15185,668.66
OUT_15186,73.5
OUT_15187,195.01
OUT_15188,51.85
OUT_15189,193.99
OUT_15190,65.76
OUT_15191,81.6
OUT_15192,64.28
OUT_15193,203.9
OUT_15194,195.03
OUT_15195,61.0
OUT_15196,249.47
OUT_15197,49.15
OUT_15198,660.79
OUT_15199,191.93
OUT_15200,195.9
OUT_15201,76.81
OUT_15202,635.86
OUT_15203,197.59
OUT_15204,201.65
OUT_15205,61.4
OUT_15206,54.84
OUT_15207,72.58
OUT_15208,667.07
OUT_15209,58.78
OUT_15210,49.04
OUT_15211,68.21
OUT_15212,641.26
OUT_15213,65.01
OUT_15214,198.26
OUT_15215,197.89
OUT_15216,198.51
OUT_15217,68.89
OUT_15218,190.4
OUT_15219,193.63
OUT_15220,204.72
OUT_15221,60.93
OUT_15222,673.4
OUT_15223,65.82
OUT_15224,196.98
OUT_15225,74.83
OUT_15226,62.23
OUT_15227,63.31
OUT_15228,663.3
OUT_15229,55.24
OUT_15230,62.85
OUT_15231,192.59
OUT_15232,1657.37
OUT_15233,195.02
OUT_15234,66.33
OUT_15235,1716.55
OUT_15236,619.03
OUT_15237,60.74
OUT_15238,1667.91
OUT_15239,63.95
OUT_15240,199.18
OUT_15241,58.97
OUT_15242,62.43
OUT_15243,186.07
OUT_15244,66.66
OUT_15245,56.62
OUT_15246,666.92
OUT_15247,70.18
OUT_15248,65.45
OUT_15249,665.23
OUT_15250,644.95
OUT_15251,158.41
OUT_15252,1654.96
OUT_15253,195.57
OUT_15254,50.39
OUT_15255,657.07
OUT_15256,661.25
OUT_15257,65.2
OUT_15258,68.31
OUT_15259,652.72
OUT_15260,672.55
OUT_15261,65.16
OUT_15262,65.6
OUT_15263,199.03
OUT_15264,187.22
OUT_15265,57.81
OUT_15266,1655.8
OUT_15267,671.24
OUT_15268,67.29
OUT_15269,73.75
OUT_15270,40.24
OUT_15271,71.9
OUT_15272,669.61
OUT_15273,191.19
OUT_15274,193.71
OUT_15275,45.36
OUT_15276,68.08
OUT_15277,195.66
OUT_15278,53.33
OUT_15279,66.09
OUT_15280,194.98
OUT_15281,62.56
OUT_15282,187.99
OUT_15283,1679.24
OUT_15284,77.04
OUT_15285,1694.98
OUT_15286,63.28
OUT_15287,206.59
OUT_15288,48.22
OUT_15289,196.39
OUT_15290,182.22
OUT_15291,664.33
OUT_15292,60.21
OUT_15293,50.8
OUT_15294,1678.02
OUT_15295,50.01
OUT_15296,64.78
OUT_15297,61.76
OUT_15298,191.54
OUT_15299,662.4
OUT_15300,196.56
OUT_15301,195.74
OUT_15302,68.04
OUT_15303,195.5
OUT_15304,204.16
OUT_15305,69.81
OUT_15306,61.35
OUT_15307,69.31
OUT_15308,197.22
OUT_15309,69.84
OUT_15310,196.09
OUT_15311,193.1
OUT_15312,33.55
OUT_15313,195.23
OUT_15314,56.68
OUT_15315,1677.48
OUT_15316,675.31
OUT_15317,685.73
OUT_15318,200.39
OUT_15319,199.52
OUT_15320,187.47
OUT_15321,52.63
OUT_15322,653.85
OUT_15323,209.72
OUT_15324,198.49
OUT_15325,73.2
OUT_15326,61.85
OUT_15327,644.44
OUT_15328,57.39
OUT_15329,677.64
OUT_15330,73.19
OUT_15331,196.05
OUT_15332,74.13
OUT_15333,629.98
OUT_15334,194.42
OUT_15335,669.75
OUT_15336,61.12
OUT_15337,630.48
OUT_15338,57.58
OUT_15339,42.67
OUT_15340,663.34
OUT_15341,203.67
OUT_15342,1694.61
OUT_15343,196.0
OUT_15344,687.86
OUT_15345,65.37
OUT_15346,194.07
OUT_15347,70.19
OUT_15348,64.85
OUT_15349,215.69
OUT_15350,65.22
OUT_15351,197.02
OUT_15352,196.32
OUT_15353,1677.03
OUT_15354,54.5
OUT_15355,67.12
OUT_15356,1625.96
OUT_15357,70.34
OUT_15358,634.94
OUT_15359,54.69
OUT_15360,67.4
OUT_15361,203.3
OUT_15362,196.49
OUT_15363,195.08
OUT_15364,194.67
OUT_15365,62.51
OUT_15366,58.36
OUT_15367,65.23
OUT_15368,58.22
OUT_15369,197.71
OUT_15370,197.02
OUT_15371,66.85
OUT_15372,1674.39
OUT_15373,157.09
OUT_15374,54.3
OUT_15375,197.07
OUT_15376,634.08
OUT_15377,208.05
OUT_15378,70.73
OUT_15379,192.03
OUT_15380,55.4
OUT_15381,196.9
OUT_15382,194.66
OUT_15383,65.28
OUT_15384,70.0
OUT_15385,67.5
OUT_15386,67.95
OUT_15387,194.74
OUT_15388,70.0
OUT_15389,65.47
OUT_15390,667.47
OUT_15391,193.07
OUT_15392,190.49
OUT_15393,59.74
OUT_15394,62.19
OUT_15395,63.04
OUT_15396,64.75
OUT_15397,667.17
OUT_15398,666.3
OUT_15399,682.53
OUT_15400,664.23
OUT_15401,67.26
OUT_15402,197.64
OUT_15403,66.7
OUT_15404,43.07
OUT_15405,66.99
OUT_15406,64.61
OUT_15407,204.86
OUT_15408,48.24
OUT_15409,193.18
OUT_15410,186.96
OUT_15411,197.02
OUT_15412,628.59
OUT_15413,67.63
OUT_15414,66.65
OUT_15415,1648.87
OUT_15416,199.32
OUT_15417,645.01
OUT_15418,657.09
OUT_15419,195.13
OUT_15420,188.55
OUT_15421,70.61
OUT_15422,57.37
OUT_15423,190.6
OUT_15424,632.09
OUT_15425,195.38
OUT_15426,59.94
OUT_15427,63.15
OUT_15428,1660.02
OUT_15429,187.57
OUT_15430,64.77
OUT_15431,198.04
OUT_15432,63.16
OUT_15433,63.46
OUT_15434,65.0
OUT_15435,662.13
OUT_15436,71.75
OUT_15437,208.24
OUT_15438,195.1
OUT_15439,196.42
OUT_15440,67.52
OUT_15441,70.72
OUT_15442,639.64
OUT_15443,72.55
OUT_15444,200.21
OUT_15445,63.65
OUT_15446,193.62
OUT_15447,203.53
OUT_15448,67.27
OUT_15449,641.64
OUT_15450,188.92
OUT_15451,652.31
OUT_15452,195.69
OUT_15453,71.78
OUT_15454,198.98
OUT_15455,650.08
OUT_15456,68.18
OUT_15457,60.76
OUT_15458,662.59
OUT_15459,73.56
OUT_15460,196.59
OUT_15461,664.78
OUT_15462,654.87
OUT_15463,201.26
OUT_15464,192.87
OUT_15465,74.35
OUT_15466,657.15
OUT_15467,203.14
OUT_15468,1660.86
OUT_15469,165.19
OUT_15470,636.86
OUT_15471,46.46
OUT_15472,674.58
OUT_15473,55.3
OUT_15474,198.83
OUT_15475,67.0
OUT_15476,68.39
OUT_15477,190.98
OUT_15478,70.7
OUT_15479,49.28
OUT_15480,654.72
OUT_15481,658.48
OUT_15482,55.39
OUT_15483,207.51
OUT_15484,192.57
OUT_15485,251.68
OUT_15486,68.64
OUT_15487,663.36
OUT_15488,76.78
OUT_15489,659.84
OUT_15490,64.19
OUT_15491,62.87
OUT_15492,68.4
OUT_15493,673.94
OUT_15494,188.87
OUT_15495,67.59
OUT_15496,1697.31
OUT_15497,657.9
OUT_15498,648.09
OUT_15499,72.32
OUT_15500,52.86
OUT_15501,67.46
OUT_15502,657.03
OUT_15503,42.52
OUT_15504,685.61
OUT_15505,193.67
OUT_15506,682.78
OUT_15507,203.3
OUT_15508,68.1
OUT_15509,690.34
OUT_15510,65.45
OUT_15511,1666.36
OUT_15512,650.55
OUT_15513,1662.87
OUT_15514,1676.32
OUT_15515,61.23
OUT_15516,191.26
OUT_15517,644.95
OUT_15518,178.09
OUT_15519,211.22
OUT_15520,77.59
OUT_15521,662.52
OUT_15522,655.0
OUT_15523,196.28
OUT_15524,199.4
OUT_15525,57.99
OUT_15526,202.91
OUT_15527,205.16
OUT_15528,648.88
OUT_15529,56.46
OUT_15530,61.22
OUT_15531,67.56
OUT_15532,669.13
OUT_15533,53.29
OUT_15534,1673.09
OUT_15535,200.79
OUT_15536,56.26
OUT_15537,194.56
OUT_15538,665.71
OUT_15539,73.16
OUT_15540,73.11
OUT_15541,64.64
OUT_15542,68.67
OUT_15543,684.39
OUT_15544,73.02
OUT_15545,196.14
OUT_15546,64.03
OUT_15547,200.41
OUT_15548,666.25
OUT_15549,195.61
OUT_15550,77.61
OUT_15551,203.73
OUT_15552,1682.92
OUT_15553,63.8
OUT_15554,62.53
OUT_15555,55.86
OUT_15556,65.64
OUT_15557,68.09
OUT_15558,66.98
OUT_15559,53.81
OUT_15560,196.19
OUT_15561,49.72
OUT_15562,1665.85
OUT_15563,58.72
OUT_15564,67.33
OUT_15565,641.79
OUT_15566,65.95
OUT_15567,64.56
OUT_15568,67.55
OUT_15569,67.04
OUT_15570,48.02
OUT_15571,72.86
OUT_15572,65.76
OUT_15573,62.04
OUT_15574,199.88
OUT_15575,72.63
OUT_15576,64.1
OUT_15577,30.87
OUT_15578,629.34
OUT_15579,207.68
OUT_15580,199.69
OUT_15581,196.08
OUT_15582,205.39
OUT_15583,1732.65
OUT_15584,664.32
OUT_15585,62.37
OUT_15586,192.07
OUT_15587,200.3
OUT_15588,73.99
OUT_15589,67.97
OUT_15590,31.65
OUT_15591,56.21
OUT_15592,1662.67
OUT_15593,656.51
OUT_15594,67.69
OUT_15595,193.85
OUT_15596,690.89
OUT_15597,64.81
OUT_15598,1687.22
OUT_15599,61.5
OUT_15600,195.69
OUT_15601,686.54
OUT_15602,67.37
OUT_15603,187.19
OUT_15604,192.0
OUT_15605,64.27
OUT_15606,206.88
OUT_15607,648.42
OUT_15608,194.81
OUT_15609,200.38
OUT_15610,63.74
OUT_15611,59.64
OUT_15612,58.79
OUT_15613,1653.52
OUT_15614,62.56
OUT_15615,197.08
OUT_15616,65.03
OUT_15617,64.58
OUT_15618,65.12
OUT_15619,192.43
OUT_15620,65.4
OUT_15621,196.3
OUT_15622,64.42
OUT_15623,192.28
OUT_15624,670.33
OUT_15625,199.92
OUT_15626,678.39
OUT_15627,1673.8
OUT_15628,1663.07
OUT_15629,665.48
OUT_15630,44.65
OUT_15631,36.75
OUT_15632,67.84
OUT_15633,58.64
OUT_15634,195.47
OUT_15635,66.51
OUT_15636,37.26
OUT_15637,1690.23
OUT_15638,191.66
OUT_15639,75.36
OUT_15640,66.61
OUT_15641,63.25
OUT_15642,62.56
OUT_15643,50.05
OUT_15644,50.96
OUT_15645,58.02
OUT_15646,195.4
OUT_15647,62.76
OUT_15648,197.23
OUT_15649,201.8
OUT_15650,1661.46
OUT_15651,186.09
OUT_15652,72.73
OUT_15653,63.49
OUT_15654,65.8
OUT_15655,65.57
OUT_15656,41.53
OUT_15657,62.9
OUT_15658,64.83
OUT_15659,194.36
OUT_15660,62.47
OUT_15661,63.0
OUT_15662,194.47
OUT_15663,58.36
OUT_15664,689.25
OUT_15665,1662.65
OUT_15666,190.02
OUT_15667,673.55
OUT_15668,193.32
OUT_15669,650.99
OUT_15670,195.36
OUT_15671,68.02
OUT_15672,199.81
OUT_15673,694.45
OUT_15674,682.05
OUT_15675,202.16
OUT_15676,56.93
OUT_15677,196.51
OUT_15678,202.16
OUT_15679,63.25
OUT_15680,646.48
OUT_15681,57.81
OUT_15682,60.24
OUT_15683,62.66
OUT_15684,63.85
OUT_15685,206.24
OUT_15686,70.21
OUT_15687,65.97
OUT_15688,1683.08
OUT_15689,64.16
OUT_15690,204.41
OUT_15691,197.26
OUT_15692,52.62
OUT_15693,681.6
OUT_15694,196.71
OUT_15695,77.66
OUT_15696,197.86
OUT_15697,1671.49
OUT_15698,63.11
OUT_15699,72.61
OUT_15700,196.42
OUT_15701,195.93
OUT_15702,665.07
OUT_15703,70.53
OUT_15704,64.61
OUT_15705,71.21
OUT_15706,199.55
OUT_15707,672.69
OUT_15708,685.69
OUT_15709,55.49
OUT_15710,70.02
OUT_15711,59.89
OUT_15712,196.49
OUT_15713,71.41
OUT_15714,64.56
OUT_15715,70.09
OUT_15716,192.25
OUT_15717,1683.27
OUT_15718,68.69
OUT_15719,630.77
OUT_15720,63.74
OUT_15721,64.79
OUT_15722,206.01
OUT_15723,48.52
OUT_15724,644.02
OUT_15725,66.49
OUT_15726,68.18
OUT_15727,193.42
OUT_15728,1671.1
OUT_15729,666.27
OUT_15730,200.87
OUT_15731,646.03
OUT_15732,51.5
OUT_15733,675.65
OUT_15734,73.11
OUT_15735,64.51
OUT_15736,198.18
OUT_15737,196.09
OUT_15738,199.71
OUT_15739,670.8
OUT_15740,194.28
OUT_15741,68.11
OUT_15742,72.35
OUT_15743,64.49
OUT_15744,62.86
OUT_15745,662.14
OUT_15746,683.96
OUT_15747,43.68
OUT_15748,646.52
OUT_15749,61.33
OUT_15750,694.62
OUT_15751,669.22
OUT_15752,64.6
OUT_15753,68.15
OUT_15754,192.39
OUT_15755,667.54
OUT_15756,640.51
OUT_15757,195.67
OUT_15758,234.62
OUT_15759,39.1
OUT_15760,193.62
OUT_15761,43.03
OUT_15762,202.36
OUT_15763,194.14
OUT_15764,192.76
OUT_15765,56.9
OUT_15766,68.33
OUT_15767,65.22
OUT_15768,56.58
OUT_15769,156.89
OUT_15770,65.72
OUT_15771,59.95
OUT_15772,192.36
OUT_15773,196.22
OUT_15774,197.76
OUT_15775,72.64
OUT_15776,65.03
OUT_15777,196.46
OUT_15778,200.63
OUT_15779,194.5
OUT_15780,662.05
OUT_15781,194.25
OUT_15782,1629.92
OUT_15783,204.36
OUT_15784,56.31
OUT_15785,48.36
OUT_15786,64.85
OUT_15787,670.34
OUT_15788,195.54
OUT_15789,61.62
OUT_15790,1673.49
OUT_15791,57.22
OUT_15792,202.9
OUT_15793,1648.37
OUT_15794,202.95
OUT_15795,204.35
OUT_15796,73.6
OUT_15797,673.44
OUT_15798,193.25
OUT_15799,685.98
OUT_15800,686.22
OUT_15801,676.56
OUT_15802,1677.22
OUT_15803,62.9
OUT_15804,58.97
OUT_15805,67.24
OUT_15806,80.93
OUT_15807,56.68
OUT_15808,191.37
OUT_15809,195.19
OUT_15810,55.42
OUT_15811,61.26
OUT_15812,196.32
OUT_15813,65.67
OUT_15814,661.94
OUT_15815,58.38
OUT_15816,67.45
OUT_15817,60.23
OUT_15818,67.12
OUT_15819,66.92
OUT_15820,64.98
OUT_15821,57.74
OUT_15822,56.64
OUT_15823,41.89
OUT_15824,60.82
OUT_15825,644.66
OUT_15826,194.52
OUT_15827,63.24
OUT_15828,693.77
OUT_15829,199.47
OUT_15830,201.05
OUT_15831,48.53
OUT_15832,210.79
OUT_15833,49.62
OUT_15834,655.99
OUT_15835,45.99
OUT_15836,62.21
OUT_15837,1700.55
OUT_15838,633.04
OUT_15839,663.29
OUT_15840,661.49
OUT_15841,214.7
OUT_15842,58.21
OUT_15843,191.16
OUT_15844,42.33
OUT_15845,665.32
OUT_15846,196.26
OUT_15847,1693.84
OUT_15848,676.27
OUT_15849,674.22
OUT_15850,45.39
OUT_15851,53.26
OUT_15852,688.55
OUT_15853,1692.68
OUT_15854,186.83
OUT_15855,58.03
OUT_15856,66.68
OUT_15857,73.55
OUT_15858,69.89
OUT_15859,193.9
OUT_15860,68.66
OUT_15861,1698.68
OUT_15862,660.63
OUT_15863,67.87
OUT_15864,65.65
OUT_15865,194.64
OUT_15866,189.68
OUT_15867,204.21
OUT_15868,67.7
OUT_15869,200.67
OUT_15870,47.75
OUT_15871,1684.26
OUT_15872,195.67
OUT_15873,57.16
OUT_15874,639.68
OUT_15875,67.67
OUT_15876,70.62
OUT_15877,1657.28
OUT_15878,193.42
OUT_15879,65.25
OUT_15880,185.78
OUT_15881,61.13
OUT_15882,637.28
OUT_15883,61.14
OUT_15884,67.16
OUT_15885,56.86
OUT_15886,658.55
OUT_15887,58.19
OUT_15888,72.95
OUT_15889,78.25
OUT_15890,1635.66
OUT_15891,63.3
OUT_15892,61.06
OUT_15893,58.39
OUT_15894,63.25
OUT_15895,689.79
OUT_15896,63.05
OUT_15897,70.6
OUT_15898,67.4
OUT_15899,638.41
OUT_15900,208.96
OUT_15901,201.94
OUT_15902,65.88
OUT_15903,65.62
OUT_15904,72.36
OUT_15905,195.22
OUT_15906,1666.81
OUT_15907,62.81
OUT_15908,212.66
OUT_15909,197.03
OUT_15910,70.51
OUT_15911,191.39
OUT_15912,653.45
OUT_15913,58.96
OUT_15914,64.72
OUT_15915,56.91
OUT_15916,66.97
OUT_15917,51.17
OUT_15918,58.89
OUT_15919,701.32
OUT_15920,197.58
OUT_15921,665.66
OUT_15922,640.54
OUT_15923,63.39
OUT_15924,203.62
OUT_15925,62.57
OUT_15926,665.78
OUT_15927,56.37
OUT_15928,56.51
OUT_15929,199.24
OUT_15930,647.74
OUT_15931,670.53
OUT_15932,75.21
OUT_15933,56.91
OUT_15934,678.27
OUT_15935,197.79
OUT_15936,52.28
OUT_15937,69.3
OUT_15938,56.59
OUT_15939,61.11
OUT_15940,63.4
OUT_15941,63.36
OUT_15942,683.12
OUT_15943,69.96
OUT_15944,72.49
OUT_15945,206.53
OUT_15946,32.81
OUT_15947,65.29
OUT_15948,47.51
OUT_15949,63.03
OUT_15950,72.6
OUT_15951,1622.73
OUT_15952,684.85
OUT_15953,194.54
OUT_15954,161.77
OUT_15955,690.79
OUT_15956,63.08
OUT_15957,60.11
OUT_15958,622.53
OUT_15959,214.24
OUT_15960,73.4
OUT_15961,199.05
OUT_15962,185.03
OUT_15963,61.16
OUT_15964,57.84
OUT_15965,65.43
OUT_15966,201.81
OUT_15967,66.05
OUT_15968,688.96
OUT_15969,62.94
OUT_15970,61.59
OUT_15971,1671.5
OUT_15972,194.63
OUT_15973,197.68
OUT_15974,193.0
OUT_15975,207.29
OUT_15976,68.21
OUT_15977,64.2
OUT_15978,214.79
OUT_15979,647.55
OUT_15980,74.2
OUT_15981,65.02
OUT_15982,50.9
OUT_15983,31.83
OUT_15984,61.39
OUT_15985,642.91
OUT_15986,206.52
OUT_15987,71.61
OUT_15988,61.15
OUT_15989,646.01
OUT_15990,186.38
OUT_15991,62.92
OUT_15992,55.33
OUT_15993,202.89
OUT_15994,194.42
OUT_15995,66.64
OUT_15996,659.1
OUT_15997,47.16
OUT_15998,202.77
OUT_15999,59.2
OUT_16000,665.25
OUT_16001,201.56
OUT_16002,44.71
OUT_16003,189.05
OUT_16004,642.88
OUT_16005,59.1
OUT_16006,194.83
OUT_16007,70.55
OUT_16008,201.12
OUT_16009,61.68
OUT_16010,67.66
OUT_16011,69.82
OUT_16012,68.21
OUT_16013,55.64
OUT_16014,65.39
OUT_16015,43.74
OUT_16016,665.94
OUT_16017,70.08
OUT_16018,63.34
OUT_16019,200.68
OUT_16020,203.14
OUT_16021,54.73
OUT_16022,66.02
OUT_16023,195.4
OUT_16024,51.11
OUT_16025,190.92
OUT_16026,199.95
OUT_16027,67.73
OUT_16028,65.81
OUT_16029,200.41
OUT_16030,67.85
OUT_16031,196.04
OUT_16032,75.59
OUT_16033,45.68
OUT_16034,669.73
OUT_16035,196.89
OUT_16036,198.7
OUT_16037,69.91
OUT_16038,63.28
OUT_16039,67.92
OUT_16040,66.67
OUT_16041,1666.93
OUT_16042,204.34
OUT_16043,669.83
OUT_16044,51.95
OUT_16045,197.42
OUT_16046,193.94
OUT_16047,64.67
OUT_16048,197.09
OUT_16049,639.04
OUT_16050,73.82
OUT_16051,62.8
OUT_16052,77.93
OUT_16053,62.68
OUT_16054,189.87
OUT_16055,658.16
OUT_16056,65.17
OUT_16057,73.28
OUT_16058,194.12
OUT_16059,68.02
OUT_16060,60.33
OUT_16061,57.14
OUT_16062,205.32
OUT_16063,203.85
OUT_16064,650.37
OUT_16065,71.85
OUT_16066,62.19
OUT_16067,50.73
OUT_16068,60.93
OUT_16069,203.64
OUT_16070,65.38
OUT_16071,1673.39
OUT_16072,64.92
OUT_16073,65.27
OUT_16074,65.56
OUT_16075,1673.18
OUT_16076,65.36
OUT_16077,198.5
OUT_16078,192.24
OUT_16079,189.96
OUT_16080,67.86
OUT_16081,45.83
OUT_16082,195.34
OUT_16083,665.18
OUT_16084,194.87
OUT_16085,1694.67
OUT_16086,649.06
OUT_16087,195.63
OUT_16088,663.52
OUT_16089,56.44
OUT_16090,73.76
OUT_16091,67.11
OUT_16092,64.86
OUT_16093,192.31
OUT_16094,1667.28
OUT_16095,65.43
OUT_16096,58.45
OUT_16097,663.82
OUT_16098,55.44
OUT_16099,195.28
OUT_16100,63.12
OUT_16101,61.16
OUT_16102,184.74
OUT_16103,186.56
OUT_16104,192.7
OUT_16105,196.7
OUT_16106,197.78
OUT_16107,200.53
OUT_16108,1647.86
OUT_16109,56.27
OUT_16110,68.32
OUT_16111,57.24
OUT_16112,196.29
OUT_16113,684.73
OUT_16114,634.8
OUT_16115,75.29
OUT_16116,691.64
OUT_16117,56.63
OUT_16118,67.4
OUT_16119,58.64
OUT_16120,66.03
OUT_16121,67.03
OUT_16122,49.17
OUT_16123,665.57
OUT_16124,195.21
OUT_16125,62.3
OUT_16126,189.06
OUT_16127,61.07
OUT_16128,196.7
OUT_16129,68.25
OUT_16130,189.49
OUT_16131,62.15
OUT_16132,72.33
OUT_16133,72.99
OUT_16134,67.36
OUT_16135,661.63
OUT_16136,672.08
OUT_16137,63.19
OUT_16138,62.81
OUT_16139,62.57
OUT_16140,204.64
OUT_16141,68.18
OUT_16142,657.41
OUT_16143,664.14
OUT_16144,610.38
OUT_16145,41.96
OUT_16146,684.25
OUT_16147,199.44
OUT_16148,46.8
OUT_16149,56.89
OUT_16150,637.96
OUT_16151,67.21
OUT_16152,64.99
OUT_16153,651.39
OUT_16154,195.92
OUT_16155,56.07
OUT_16156,196.22
OUT_16157,50.26
OUT_16158,198.04
OUT_16159,69.18
OUT_16160,63.5
OUT_16161,193.46
OUT_16162,204.28
OUT_16163,67.28
OUT_16164,632.35
OUT_16165,59.49
OUT_16166,61.2
OUT_16167,65.4
OUT_16168,79.34
OUT_16169,1665.49
OUT_16170,664.35
OUT_16171,193.82
OUT_16172,645.75
OUT_16173,203.46
OUT_16174,45.27
OUT_16175,67.41
OUT_16176,661.09
OUT_16177,192.45
OUT_16178,59.6
OUT_16179,209.57
OUT_16180,1657.76
OUT_16181,194.26
OUT_16182,61.89
OUT_16183,1665.11
OUT_16184,653.03
OUT_16185,637.36
OUT_16186,67.74
OUT_16187,74.49
OUT_16188,40.6
OUT_16189,197.36
OUT_16190,668.26
OUT_16191,68.04
OUT_16192,194.48
OUT_16193,204.51
OUT_16194,639.85
OUT_16195,1688.11
OUT_16196,197.05
OUT_16197,65.75
OUT_16198,61.72
OUT_16199,1661.29
OUT_16200,43.67
OUT_16201,670.83
OUT_16202,65.08
OUT_16203,58.18
OUT_16204,193.58
OUT_16205,64.31
OUT_16206,65.08
OUT_16207,189.75
OUT_16208,55.61
OUT_16209,648.22
OUT_16210,65.2
OUT_16211,49.89
OUT_16212,67.32
OUT_16213,62.75
OUT_16214,71.21
OUT_16215,626.62
OUT_16216,644.64
OUT_16217,196.47
OUT_16218,64.44
OUT_16219,675.2
OUT_16220,68.56
OUT_16221,64.76
OUT_16222,55.71
OUT_16223,1580.39
OUT_16224,70.72
OUT_16225,195.54
OUT_16226,32.61
OUT_16227,61.9
OUT_16228,1684.03
OUT_16229,1691.09
OUT_16230,196.29
OUT_16231,64.99
OUT_16232,64.44
OUT_16233,61.56
OUT_16234,193.54
OUT_16235,195.28
OUT_16236,61.62
OUT_16237,199.23
OUT_16238,1666.74
OUT_16239,44.24
OUT_16240,202.03
OUT_16241,55.09
OUT_16242,190.44
OUT_16243,645.34
OUT_16244,667.53
OUT_16245,669.53
OUT_16246,55.38
OUT_16247,58.21
OUT_16248,198.47
OUT_16249,64.59
OUT_16250,60.09
OUT_16251,67.36
OUT_16252,651.47
OUT_16253,57.14
OUT_16254,662.05
OUT_16255,631.65
OUT_16256,197.01
OUT_16257,76.21
OUT_16258,688.13
OUT_16259,62.35
OUT_16260,68.66
OUT_16261,192.67
OUT_16262,54.86
OUT_16263,50.14
OUT_16264,57.99
OUT_16265,61.63
OUT_16266,65.41
OUT_16267,73.98
OUT_16268,55.23
OUT_16269,191.76
OUT_16270,70.7
OUT_16271,698.23
OUT_16272,198.35
OUT_16273,647.46
OUT_16274,73.5
OUT_16275,655.61
OUT_16276,43.59
OUT_16277,58.14
OUT_16278,187.9
OUT_16279,190.85
OUT_16280,50.09
OUT_16281,56.64
OUT_16282,70.36
OUT_16283,207.97
OUT_16284,663.47
OUT_16285,60.6
OUT_16286,66.68
OUT_16287,199.48
OUT_16288,186.84
OUT_16289,68.92
OUT_16290,61.52
OUT_16291,57.66
OUT_16292,196.36
OUT_16293,192.43
OUT_16294,65.58
OUT_16295,67.27
OUT_16296,205.72
OUT_16297,197.81
OUT_16298,62.69
OUT_16299,190.05
OUT_16300,665.71
OUT_16301,66.67
OUT_16302,649.29
OUT_16303,1683.81
OUT_16304,1632.97
OUT_16305,61.61
OUT_16306,60.33
OUT_16307,59.63
OUT_16308,65.55
OUT_16309,264.51
OUT_16310,194.57
OUT_16311,686.37
OUT_16312,68.03
OUT_16313,56.76
OUT_16314,1669.1
OUT_16315,667.03
OUT_16316,65.27
OUT_16317,670.82
OUT_16318,659.44
OUT_16319,64.68
OUT_16320,57.07
OUT_16321,195.91
OUT_16322,676.99
OUT_16323,205.61
OUT_16324,64.57
OUT_16325,44.05
OUT_16326,661.18
OUT_16327,192.07
OUT_16328,681.68
OUT_16329,1665.43
OUT_16330,675.28
OUT_16331,1693.7
OUT_16332,67.34
OUT_16333,66.12
OUT_16334,648.61
OUT_16335,190.34
OUT_16336,1696.04
OUT_16337,67.54
OUT_16338,66.53
OUT_16339,48.7
OUT_16340,62.73
OUT_16341,196.41
OUT_16342,45.66
OUT_16343,664.37
OUT_16344,55.28
OUT_16345,51.24
OUT_16346,43.67
OUT_16347,61.37
OUT_16348,201.0
OUT_16349,621.57
OUT_16350,65.8
OUT_16351,653.31
OUT_16352,69.99
OUT_16353,68.11
OUT_16354,64.89
OUT_16355,69.78
OUT_16356,65.27
OUT_16357,67.37
OUT_16358,45.74
OUT_16359,199.5
OUT_16360,57.69
OUT_16361,62.15
OUT_16362,700.82
OUT_16363,51.11
OUT_16364,677.66
OUT_16365,67.01
OUT_16366,63.47
OUT_16367,196.72
OUT_16368,62.76
OUT_16369,61.39
OUT_16370,194.42
OUT_16371,61.63
OUT_16372,72.77
OUT_16373,56.38
OUT_16374,68.07
OUT_16375,207.42
OUT_16376,69.11
OUT_16377,56.58
OUT_16378,72.86
OUT_16379,55.47
OUT_16380,73.67
OUT_16381,61.0
OUT_16382,656.89
OUT_16383,648.39
OUT_16384,207.43
OUT_16385,63.36
OUT_16386,63.14
OUT_16387,197.01
OUT_16388,1705.45
OUT_16389,633.47
OUT_16390,202.85
OUT_16391,65.87
OUT_16392,53.7
OUT_16393,80.45
OUT_16394,667.53
OUT_16395,53.2
OUT_16396,71.83
OUT_16397,663.41
OUT_16398,202.52
OUT_16399,60.43
OUT_16400,67.64
OUT_16401,64.91
OUT_16402,197.52
OUT_16403,700.31
OUT_16404,189.89
OUT_16405,61.63
OUT_16406,70.5
OUT_16407,191.62
OUT_16408,68.62
OUT_16409,196.65
OUT_16410,54.69
OUT_16411,196.51
OUT_16412,74.7
OUT_16413,659.06
OUT_16414,657.67
OUT_16415,69.43
OUT_16416,61.74
OUT_16417,660.78
OUT_16418,73.49
OUT_16419,202.83
OUT_16420,49.02
OUT_16421,207.48
OUT_16422,69.15
OUT_16423,195.25
OUT_16424,656.24
OUT_16425,194.24
OUT_16426,657.82
OUT_16427,46.73
OUT_16428,61.83
OUT_16429,192.12
OUT_16430,58.15
OUT_16431,65.21
OUT_16432,40.08
OUT_16433,183.22
OUT_16434,67.08
OUT_16435,660.72
OUT_16436,196.31
OUT_16437,1705.24
OUT_16438,78.7
OUT_16439,191.35
OUT_16440,67.76
OUT_16441,1676.58
OUT_16442,55.84
OUT_16443,67.92
OUT_16444,195.96
OUT_16445,65.29
OUT_16446,51.67
OUT_16447,61.2
OUT_16448,203.51
OUT_16449,189.26
OUT_16450,60.65
OUT_16451,662.57
OUT_16452,195.23
OUT_16453,59.74
OUT_16454,204.86
OUT_16455,199.36
OUT_16456,63.23
OUT_16457,192.05
OUT_16458,65.32
OUT_16459,651.04
OUT_16460,1691.58
OUT_16461,212.91
OUT_16462,64.25
OUT_16463,197.57
OUT_16464,60.0
OUT_16465,189.89
OUT_16466,58.31
OUT_16467,677.23
OUT_16468,197.37
OUT_16469,62.75
OUT_16470,657.44
OUT_16471,65.17
OUT_16472,56.87
OUT_16473,31.61
OUT_16474,62.46
OUT_16475,63.45
OUT_16476,61.87
OUT_16477,195.15
OUT_16478,194.48
OUT_16479,205.02
OUT_16480,186.0
OUT_16481,77.29
OUT_16482,62.69
OUT_16483,196.48
OUT_16484,194.46
OUT_16485,59.77
OUT_16486,67.53
OUT_16487,194.77
OUT_16488,1682.31
OUT_16489,190.96
OUT_16490,49.16
OUT_16491,78.7
OUT_16492,1689.8
OUT_16493,61.29
OUT_16494,194.3
OUT_16495,75.32
OUT_16496,194.47
OUT_16497,632.85
OUT_16498,62.36
OUT_16499,200.28
OUT_16500,58.67
OUT_16501,194.02
OUT_16502,664.28
OUT_16503,70.8
OUT_16504,71.27
OUT_16505,64.54
OUT_16506,54.53
OUT_16507,68.67
OUT_16508,60.87
OUT_16509,58.58
OUT_16510,67.4
OUT_16511,641.86
OUT_16512,62.57
OUT_16513,198.45
OUT_16514,200.56
OUT_16515,193.35
OUT_16516,193.7
OUT_16517,188.32
OUT_16518,56.86
OUT_16519,72.74
OUT_16520,1666.94
OUT_16521,211.98
OUT_16522,64.96
OUT_16523,67.66
OUT_16524,206.44
OUT_16525,190.12
OUT_16526,62.34
OUT_16527,61.63
OUT_16528,54.59
OUT_16529,201.18
OUT_16530,671.21
OUT_16531,659.23
OUT_16532,65.82
OUT_16533,193.14
OUT_16534,76.61
OUT_16535,60.44
OUT_16536,638.92
OUT_16537,191.36
OUT_16538,1683.77
OUT_16539,195.75
OUT_16540,639.07
OUT_16541,77.79
OUT_16542,194.65
OUT_16543,199.03
OUT_16544,190.69
OUT_16545,57.53
OUT_16546,65.88
OUT_16547,55.82
OUT_16548,1714.33
OUT_16549,54.18
OUT_16550,74.38
OUT_16551,194.36
OUT_16552,74.76
OUT_16553,187.1
OUT_16554,59.49
OUT_16555,64.58
OUT_16556,65.2
OUT_16557,57.99
OUT_16558,196.99
OUT_16559,201.81
OUT_16560,65.3
OUT_16561,65.22
OUT_16562,65.72
OUT_16563,68.27
OUT_16564,60.21
OUT_16565,57.9
OUT_16566,52.98
OUT_16567,69.11
OUT_16568,63.44
OUT_16569,196.78
OUT_16570,1656.04
OUT_16571,67.54
OUT_16572,74.08
OUT_16573,1620.97
OUT_16574,33.12
OUT_16575,68.09
OUT_16576,655.75
OUT_16577,56.37
OUT_16578,193.93
OUT_16579,195.14
OUT_16580,61.14
OUT_16581,65.69
OUT_16582,60.86
OUT_16583,662.89
OUT_16584,56.98
OUT_16585,71.38
OUT_16586,622.37
OUT_16587,72.11
OUT_16588,196.12
OUT_16589,64.58
OUT_16590,671.01
OUT_16591,64.53
OUT_16592,193.91
OUT_16593,659.97
OUT_16594,70.29
OUT_16595,62.87
OUT_16596,1675.03
OUT_16597,1666.21
OUT_16598,672.21
OUT_16599,65.21
OUT_16600,43.75
OUT_16601,196.03
OUT_16602,620.24
OUT_16603,57.5
OUT_16604,62.59
OUT_16605,1682.9
OUT_16606,68.45
OUT_16607,198.49
OUT_16608,68.37
OUT_16609,196.05
OUT_16610,47.82
OUT_16611,70.23
OUT_16612,183.46
OUT_16613,46.25
OUT_16614,65.19
OUT_16615,54.45
OUT_16616,195.03
OUT_16617,197.62
OUT_16618,71.27
OUT_16619,195.21
OUT_16620,202.18
OUT_16621,62.88
OUT_16622,186.96
OUT_16623,652.94
OUT_16624,55.9
OUT_16625,70.43
OUT_16626,57.01
OUT_16627,67.34
OUT_16628,57.38
OUT_16629,51.89
OUT_16630,46.53
OUT_16631,190.82
OUT_16632,196.11
OUT_16633,671.76
OUT_16634,54.12
OUT_16635,76.28
OUT_16636,63.57
OUT_16637,65.04
OUT_16638,64.7
OUT_16639,1679.46
OUT_16640,188.04
OUT_16641,636.23
OUT_16642,189.71
OUT_16643,182.7
OUT_16644,206.38
OUT_16645,196.64
OUT_16646,198.75
OUT_16647,162.49
OUT_16648,55.84
OUT_16649,669.23
OUT_16650,75.28
OUT_16651,66.48
OUT_16652,222.0
OUT_16653,47.69
OUT_16654,674.4
OUT_16655,65.5
OUT_16656,678.93
OUT_16657,637.76
OUT_16658,60.1
OUT_16659,675.08
OUT_16660,65.89
OUT_16661,65.41
OUT_16662,199.72
OUT_16663,62.71
OUT_16664,65.8
OUT_16665,195.1
OUT_16666,45.86
OUT_16667,61.61
OUT_16668,65.8
OUT_16669,71.31
OUT_16670,616.71
OUT_16671,49.32
OUT_16672,65.81
OUT_16673,197.38
OUT_16674,63.8
OUT_16675,627.64
OUT_16676,675.31
OUT_16677,62.42
OUT_16678,36.71
OUT_16679,70.34
OUT_16680,200.8
OUT_16681,70.42
OUT_16682,68.45
OUT_16683,82.1
OUT_16684,64.7
OUT_16685,200.54
OUT_16686,57.53
OUT_16687,652.0
OUT_16688,1562.27
OUT_16689,60.39
OUT_16690,650.18
OUT_16691,66.46
OUT_16692,188.87
OUT_16693,64.23
OUT_16694,194.58
OUT_16695,77.42
OUT_16696,51.54
OUT_16697,60.38
OUT_16698,209.66
OUT_16699,67.82
OUT_16700,51.98
OUT_16701,61.17
OUT_16702,201.78
OUT_16703,675.27
OUT_16704,73.28
OUT_16705,202.39
OUT_16706,66.85
OUT_16707,675.56
OUT_16708,62.02
OUT_16709,77.54
OUT_16710,66.2
OUT_16711,679.03
OUT_16712,671.84
OUT_16713,70.72
OUT_16714,64.69
OUT_16715,55.25
OUT_16716,216.36
OUT_16717,206.12
OUT_16718,67.44
OUT_16719,201.3
OUT_16720,38.41
OUT_16721,195.53
OUT_16722,65.09
OUT_16723,71.49
OUT_16724,642.34
OUT_16725,197.0
OUT_16726,197.42
OUT_16727,65.83
OUT_16728,696.88
OUT_16729,52.09
OUT_16730,70.51
OUT_16731,198.05
OUT_16732,201.42
OUT_16733,65.11
OUT_16734,62.64
OUT_16735,60.48
OUT_16736,53.81
OUT_16737,187.36
OUT_16738,639.39
OUT_16739,205.66
OUT_16740,214.39
OUT_16741,649.65
OUT_16742,669.94
OUT_16743,68.14
OUT_16744,60.94
OUT_16745,193.81
OUT_16746,202.19
OUT_16747,184.43
OUT_16748,62.92
OUT_16749,652.38
OUT_16750,55.8
OUT_16751,65.81
OUT_16752,55.25
OUT_16753,670.19
OUT_16754,61.48
OUT_16755,62.89
OUT_16756,60.91
OUT_16757,188.3
OUT_16758,57.82
OUT_16759,65.05
OUT_16760,192.16
OUT_16761,55.84
OUT_16762,190.33
OUT_16763,44.12
OUT_16764,63.15
OUT_16765,57.86
OUT_16766,197.94
OUT_16767,53.04
OUT_16768,186.54
OUT_16769,631.4
OUT_16770,195.38
OUT_16771,43.72
OUT_16772,59.32
OUT_16773,51.22
OUT_16774,51.52
OUT_16775,691.42
OUT_16776,189.7
OUT_16777,155.87
OUT_16778,203.35
OUT_16779,59.39
OUT_16780,69.69
OUT_16781,50.38
OUT_16782,53.04
OUT_16783,203.33
OUT_16784,189.87
OUT_16785,633.72
OUT_16786,685.31
OUT_16787,663.67
OUT_16788,47.04
OUT_16789,61.51
OUT_16790,195.9
OUT_16791,642.59
OUT_16792,73.42
OUT_16793,194.73
OUT_16794,199.38
OUT_16795,56.06
OUT_16796,193.27
OUT_16797,61.6
OUT_16798,64.56
OUT_16799,63.44
OUT_16800,50.3
OUT_16801,56.02
OUT_16802,60.77
OUT_16803,61.32
OUT_16804,690.02
OUT_16805,63.16
OUT_16806,684.5
OUT_16807,197.22
OUT_16808,634.5
OUT_16809,1669.99
OUT_16810,184.93
OUT_16811,56.98
OUT_16812,660.72
OUT_16813,634.38
OUT_16814,62.94
OUT_16815,642.91
OUT_16816,78.39
OUT_16817,197.27
OUT_16818,197.62
OUT_16819,67.92
OUT_16820,664.95
OUT_16821,209.02
OUT_16822,65.74
OUT_16823,67.51
OUT_16824,207.57
OUT_16825,53.84
OUT_16826,81.08
OUT_16827,1660.27
OUT_16828,190.0
OUT_16829,66.73
OUT_16830,665.4
OUT_16831,72.26
OUT_16832,634.44
OUT_16833,186.07
OUT_16834,192.68
OUT_16835,62.83
OUT_16836,54.05
OUT_16837,61.46
OUT_16838,655.74
OUT_16839,203.47
OUT_16840,672.86
OUT_16841,616.45
OUT_16842,61.58
OUT_16843,70.25
OUT_16844,195.41
OUT_16845,64.77
OUT_16846,67.86
OUT_16847,61.16
OUT_16848,1667.94
OUT_16849,66.87
OUT_16850,54.11
OUT_16851,655.15
OUT_16852,197.22
OUT_16853,66.4
OUT_16854,64.78
OUT_16855,206.4
OUT_16856,195.43
OUT_16857,200.56
OUT_16858,645.92
OUT_16859,64.48
OUT_16860,197.35
OUT_16861,189.86
OUT_16862,69.63
OUT_16863,663.81
OUT_16864,1670.41
OUT_16865,74.51
OUT_16866,195.77
OUT_16867,58.2
OUT_16868,680.4
OUT_16869,61.51
OUT_16870,194.97
OUT_16871,78.54
OUT_16872,693.82
OUT_16873,202.25
OUT_16874,195.21
OUT_16875,197.65
OUT_16876,621.01
OUT_16877,67.88
OUT_16878,66.96
OUT_16879,60.06
OUT_16880,690.73
OUT_16881,61.26
OUT_16882,195.87
OUT_16883,60.98
OUT_16884,631.95
OUT_16885,55.6
OUT_16886,62.66
OUT_16887,52.9
OUT_16888,208.18
OUT_16889,194.55
OUT_16890,60.8
OUT_16891,670.1
OUT_16892,36.31
OUT_16893,206.87
OUT_16894,197.86
OUT_16895,74.12
OUT_16896,64.85
OUT_16897,68.99
OUT_16898,61.9
OUT_16899,666.17
OUT_16900,670.79
OUT_16901,72.31
OUT_16902,198.56
OUT_16903,76.22
OUT_16904,61.22
OUT_16905,184.92
OUT_16906,62.48
OUT_16907,63.15
OUT_16908,645.82
OUT_16909,630.59
OUT_16910,67.68
OUT_16911,75.2
OUT_16912,69.55
OUT_16913,196.13
OUT_16914,73.42
OUT_16915,71.32
OUT_16916,57.25
OUT_16917,70.24
OUT_16918,55.03
OUT_16919,58.17
OUT_16920,196.5
OUT_16921,190.53
OUT_16922,60.27
OUT_16923,197.73
OUT_16924,663.69
OUT_16925,667.48
OUT_16926,64.59
OUT_16927,202.98
OUT_16928,190.52
OUT_16929,72.4
OUT_16930,197.17
OUT_16931,65.24
OUT_16932,198.71
OUT_16933,51.43
OUT_16934,195.8
OUT_16935,1703.94
OUT_16936,201.84
OUT_16937,657.15
OUT_16938,65.66
OUT_16939,64.18
OUT_16940,46.89
OUT_16941,64.8
OUT_16942,200.29
OUT_16943,46.47
OUT_16944,187.26
OUT_16945,66.65
OUT_16946,1658.64
OUT_16947,65.23
OUT_16948,58.19
OUT_16949,52.67
OUT_16950,72.66
OUT_16951,60.8
OUT_16952,66.79
OUT_16953,56.62
OUT_16954,67.95
OUT_16955,46.73
OUT_16956,48.97
OUT_16957,58.06
OUT_16958,680.92
OUT_16959,1674.16
OUT_16960,66.93
OUT_16961,195.19
OUT_16962,61.53
OUT_16963,67.08
OUT_16964,55.24
OUT_16965,194.1
OUT_16966,66.58
OUT_16967,204.84
OUT_16968,191.62
OUT_16969,194.81
OUT_16970,195.14
OUT_16971,661.84
OUT_16972,62.72
OUT_16973,63.0
OUT_16974,196.14
OUT_16975,194.47
OUT_16976,69.65
OUT_16977,662.57
OUT_16978,70.49
OUT_16979,57.24
OUT_16980,61.23
OUT_16981,57.86
OUT_16982,66.66
OUT_16983,200.33
OUT_16984,51.8
OUT_16985,192.89
OUT_16986,1672.91
OUT_16987,197.97
OUT_16988,199.16
OUT_16989,195.48
OUT_16990,1672.81
OUT_16991,201.92
OUT_16992,54.02
OUT_16993,56.85
OUT_16994,194.94
OUT_16995,54.0
OUT_16996,195.32
OUT_16997,194.86
OUT_16998,55.67
OUT_16999,197.32
OUT_17000,62.64
OUT_17001,81.77
OUT_17002,268.61
OUT_17003,55.92
OUT_17004,250.81
OUT_17005,252.81
OUT_17006,276.71
OUT_17007,255.68
OUT_17008,919.53
OUT_17009,2096.99
OUT_17010,2108.67
OUT_17011,61.47
OUT_17012,52.79
OUT_17013,68.33
OUT_17014,2065.51
OUT_17015,250.79
OUT_17016,65.29
OUT_17017,71.26
OUT_17018,75.09
OUT_17019,283.03
OUT_17020,47.26
OUT_17021,925.02
OUT_17022,45.11
OUT_17023,82.14
OUT_17024,78.81
OUT_17025,935.66
OUT_17026,64.46
OUT_17027,80.15
OUT_17028,949.64
OUT_17029,76.32
OUT_17030,77.48
OUT_17031,76.87
OUT_17032,73.47
OUT_17033,77.08
OUT_17034,254.1
OUT_17035,77.23
OUT_17036,72.48
OUT_17037,256.07
OUT_17038,86.45
OUT_17039,259.97
OUT_17040,67.07
OUT_17041,186.73
OUT_17042,73.57
OUT_17043,44.94
OUT_17044,933.18
OUT_17045,80.24
OUT_17046,73.13
OUT_17047,941.82
OUT_17048,78.18
OUT_17049,2103.13
OUT_17050,254.41
OUT_17051,65.83
OUT_17052,78.47
OUT_17053,254.44
OUT_17054,256.75
OUT_17055,86.86
OUT_17056,244.34
OUT_17057,253.39
OUT_17058,939.79
OUT_17059,248.22
OUT_17060,60.35
OUT_17061,238.66
OUT_17062,80.86
OUT_17063,73.74
OUT_17064,253.88
OUT_17065,81.3
OUT_17066,878.72
OUT_17067,2109.58
OUT_17068,258.54
OUT_17069,247.09
OUT_17070,240.7
OUT_17071,2099.94
OUT_17072,83.9
OUT_17073,257.42
OUT_17074,257.13
OUT_17075,58.81
OUT_17076,86.23
OUT_17077,66.58
OUT_17078,918.8
OUT_17079,80.42
OUT_17080,254.64
OUT_17081,74.55
OUT_17082,2090.59
OUT_17083,80.09
OUT_17084,73.04
OUT_17085,944.48
OUT_17086,76.19
OUT_17087,956.26
OUT_17088,973.2
OUT_17089,61.79
OUT_17090,66.7
OUT_17091,48.14
OUT_17092,936.34
OUT_17093,77.86
OUT_17094,86.51
OUT_17095,255.65
OUT_17096,86.29
OUT_17097,81.03
OUT_17098,243.36
OUT_17099,253.63
OUT_17100,250.8
OUT_17101,840.8
OUT_17102,255.16
OUT_17103,57.58
OUT_17104,245.15
OUT_17105,74.21
OUT_17106,67.04
OUT_17107,229.05
OUT_17108,68.71
OUT_17109,76.54
OUT_17110,907.22
OUT_17111,253.75
OUT_17112,76.3
OUT_17113,62.48
OUT_17114,87.62
OUT_17115,70.57
OUT_17116,64.57
OUT_17117,73.2
OUT_17118,73.11
OUT_17119,258.26
OUT_17120,86.59
OUT_17121,921.0
OUT_17122,247.55
OUT_17123,918.69
OUT_17124,795.25
OUT_17125,270.95
OUT_17126,60.33
OUT_17127,88.85
OUT_17128,89.92
OUT_17129,921.12
OUT_17130,76.69
OUT_17131,2036.52
OUT_17132,82.26
OUT_17133,66.17
OUT_17134,70.61
OUT_17135,241.19
OUT_17136,249.37
OUT_17137,264.77
OUT_17138,81.76
OUT_17139,73.23
OUT_17140,255.37
OUT_17141,237.88
OUT_17142,227.43
OUT_17143,269.46
OUT_17144,244.01
OUT_17145,38.43
OUT_17146,67.33
OUT_17147,62.04
OUT_17148,273.15
OUT_17149,251.19
OUT_17150,74.2
OUT_17151,80.42
OUT_17152,267.08
OUT_17153,2063.15
OUT_17154,88.29
OUT_17155,86.62
OUT_17156,78.74
OUT_17157,254.62
OUT_17158,240.27
OUT_17159,237.63
OUT_17160,939.34
OUT_17161,261.89
OUT_17162,957.28
OUT_17163,66.89
OUT_17164,84.87
OUT_17165,77.92
OUT_17166,76.79
OUT_17167,891.26
OUT_17168,62.32
OUT_17169,64.62
OUT_17170,53.91
OUT_17171,87.95
OUT_17172,930.28
OUT_17173,257.19
OUT_17174,36.94
OUT_17175,2038.76
OUT_17176,77.05
OUT_17177,239.66
OUT_17178,950.26
OUT_17179,228.06
OUT_17180,70.52
OUT_17181,75.74
OUT_17182,84.04
OUT_17183,892.76
OUT_17184,56.4
OUT_17185,89.68
OUT_17186,239.38
OUT_17187,2121.91
OUT_17188,76.34
OUT_17189,276.03
OUT_17190,86.47
OUT_17191,73.55
OUT_17192,888.24
OUT_17193,251.13
OUT_17194,255.4
OUT_17195,73.87
OUT_17196,68.99
OUT_17197,80.59
OUT_17198,258.73
OUT_17199,86.75
OUT_17200,251.71
OUT_17201,253.02
OUT_17202,241.0
OUT_17203,83.61
OUT_17204,251.83
OUT_17205,62.92
OUT_17206,276.54
OUT_17207,905.35
OUT_17208,920.24
OUT_17209,76.37
OUT_17210,67.07
OUT_17211,77.31
OUT_17212,87.55
OUT_17213,77.31
OUT_17214,251.34
OUT_17215,278.38
OUT_17216,2109.35
OUT_17217,79.44
OUT_17218,89.86
OUT_17219,99.04
OUT_17220,65.57
OUT_17221,76.96
OUT_17222,254.98
OUT_17223,73.9
OUT_17224,257.06
OUT_17225,207.72
OUT_17226,57.39
OUT_17227,90.06
OUT_17228,73.48
OUT_17229,76.12
OUT_17230,67.38
OUT_17231,901.27
OUT_17232,897.48
OUT_17233,245.06
OUT_17234,258.12
OUT_17235,73.45
OUT_17236,82.81
OUT_17237,70.03
OUT_17238,70.86
OUT_17239,252.84
OUT_17240,240.02
OUT_17241,251.14
OUT_17242,256.47
OUT_17243,77.14
OUT_17244,82.44
OUT_17245,244.19
OUT_17246,259.13
OUT_17247,255.23
OUT_17248,256.55
OUT_17249,70.1
OUT_17250,257.5
OUT_17251,61.17
OUT_17252,50.61
OUT_17253,259.29
OUT_17254,72.31
OUT_17255,74.2
OUT_17256,74.56
OUT_17257,253.88
OUT_17258,80.32
OUT_17259,239.97
OUT_17260,231.38
OUT_17261,70.3
OUT_17262,72.41
OUT_17263,919.92
OUT_17264,79.0
OUT_17265,85.1
OUT_17266,73.98
OUT_17267,83.77
OUT_17268,80.15
OUT_17269,252.34
OUT_17270,954.85
OUT_17271,70.8
OUT_17272,265.7
OUT_17273,266.13
OUT_17274,79.15
OUT_17275,257.09
OUT_17276,260.05
OUT_17277,255.9
OUT_17278,74.28
OUT_17279,72.96
OUT_17280,2091.15
OUT_17281,69.09
OUT_17282,244.72
OUT_17283,86.43
OUT_17284,90.14
OUT_17285,261.8
OUT_17286,88.95
OUT_17287,74.27
OUT_17288,86.59
OUT_17289,243.68
OUT_17290,51.52
OUT_17291,76.41
OUT_17292,72.83
OUT_17293,250.99
OUT_17294,88.49
OUT_17295,76.38
OUT_17296,62.53
OUT_17297,64.43
OUT_17298,77.95
OUT_17299,77.91
OUT_17300,65.54
OUT_17301,956.68
OUT_17302,264.71
OUT_17303,258.39
OUT_17304,786.55
OUT_17305,254.79
OUT_17306,86.26
OUT_17307,258.22
OUT_17308,250.48
OUT_17309,57.94
OUT_17310,81.26
OUT_17311,78.81
OUT_17312,918.94
OUT_17313,71.2
OUT_17314,922.24
OUT_17315,900.96
OUT_17316,73.17
OUT_17317,233.85
OUT_17318,928.25
OUT_17319,57.0
OUT_17320,246.65
OUT_17321,924.09
OUT_17322,260.69
OUT_17323,252.1
OUT_17324,928.88
OUT_17325,258.52
OUT_17326,2113.17
OUT_17327,78.95
OUT_17328,254.43
OUT_17329,936.02
OUT_17330,79.1
OUT_17331,59.77
OUT_17332,76.02
OUT_17333,71.13
OUT_17334,925.33
OUT_17335,77.81
OUT_17336,76.02
OUT_17337,82.12
OUT_17338,253.5
OUT_17339,251.37
OUT_17340,79.6
OUT_17341,75.65
OUT_17342,252.92
OUT_17343,253.81
OUT_17344,75.74
OUT_17345,900.93
OUT_17346,83.81
OUT_17347,74.62
OUT_17348,907.1
OUT_17349,80.84
OUT_17350,943.4
OUT_17351,86.2
OUT_17352,81.76
OUT_17353,67.89
OUT_17354,916.62
OUT_17355,65.8
OUT_17356,76.43
OUT_17357,79.32
OUT_17358,70.57
OUT_17359,68.17
OUT_17360,66.79
OUT_17361,86.51
OUT_17362,241.88
OUT_17363,67.95
OUT_17364,253.39
OUT_17365,77.86
OUT_17366,905.46
OUT_17367,74.12
OUT_17368,85.04
OUT_17369,64.6
OUT_17370,70.06
OUT_17371,2113.3
OUT_17372,902.37
OUT_17373,253.67
OUT_17374,894.18
OUT_17375,89.58
OUT_17376,44.55
OUT_17377,61.5
OUT_17378,897.0
OUT_17379,72.47
OUT_17380,79.42
OUT_17381,80.98
OUT_17382,73.35
OUT_17383,82.5
OUT_17384,50.75
OUT_17385,254.57
OUT_17386,252.69
OUT_17387,75.99
OUT_17388,80.89
OUT_17389,2103.06
OUT_17390,73.77
OUT_17391,78.66
OUT_17392,877.46
OUT_17393,72.21
OUT_17394,247.0
OUT_17395,63.12
OUT_17396,260.44
OUT_17397,252.1
OUT_17398,48.53
OUT_17399,80.16
OUT_17400,246.49
OUT_17401,79.13
OUT_17402,260.68
OUT_17403,245.75
OUT_17404,269.56
OUT_17405,904.97
OUT_17406,78.09
OUT_17407,87.19
OUT_17408,937.8
OUT_17409,64.68
OUT_17410,84.86
OUT_17411,48.0
OUT_17412,73.95
OUT_17413,260.83
OUT_17414,257.81
OUT_17415,256.71
OUT_17416,899.8
OUT_17417,67.5
OUT_17418,264.29
OUT_17419,252.1
OUT_17420,252.48
OUT_17421,77.11
OUT_17422,947.03
OUT_17423,942.2
OUT_17424,2097.77
OUT_17425,2086.96
OUT_17426,89.27
OUT_17427,88.8
OUT_17428,73.36
OUT_17429,74.45
OUT_17430,890.62
OUT_17431,87.63
OUT_17432,239.11
OUT_17433,918.0
OUT_17434,86.25
OUT_17435,941.24
OUT_17436,903.45
OUT_17437,2113.83
OUT_17438,74.4
OUT_17439,66.09
OUT_17440,893.21
OUT_17441,87.21
OUT_17442,58.88
OUT_17443,252.91
OUT_17444,52.8
OUT_17445,72.66
OUT_17446,251.02
OUT_17447,843.63
OUT_17448,69.42
OUT_17449,87.25
OUT_17450,241.93
OUT_17451,251.38
OUT_17452,86.19
OUT_17453,256.1
OUT_17454,84.99
OUT_17455,51.54
OUT_17456,73.32
OUT_17457,941.28
OUT_17458,70.55
OUT_17459,954.1
OUT_17460,254.56
OUT_17461,67.12
OUT_17462,76.92
OUT_17463,243.53
OUT_17464,254.58
OUT_17465,82.24
OUT_17466,64.18
OUT_17467,88.72
OUT_17468,264.83
OUT_17469,73.97
OUT_17470,82.28
OUT_17471,253.94
OUT_17472,72.78
OUT_17473,239.86
OUT_17474,955.79
OUT_17475,70.92
OUT_17476,253.25
OUT_17477,916.46
OUT_17478,936.22
OUT_17479,82.3
OUT_17480,72.33
OUT_17481,72.68
OUT_17482,82.91
OUT_17483,240.92
OUT_17484,247.61
OUT_17485,87.2
OUT_17486,68.95
OUT_17487,73.02
OUT_17488,62.04
OUT_17489,85.7
OUT_17490,89.21
OUT_17491,259.61
OUT_17492,930.24
OUT_17493,72.69
OUT_17494,943.09
OUT_17495,946.05
OUT_17496,77.0
OUT_17497,72.13
OUT_17498,81.32
OUT_17499,62.92
OUT_17500,249.14
OUT_17501,259.24
OUT_17502,261.02
OUT_17503,72.02
OUT_17504,75.1
OUT_17505,90.95
OUT_17506,901.82
OUT_17507,78.18
OUT_17508,927.35
OUT_17509,57.48
OUT_17510,90.24
OUT_17511,59.43
OUT_17512,73.82
OUT_17513,71.22
OUT_17514,67.4
OUT_17515,73.28
OUT_17516,264.59
OUT_17517,79.0
OUT_17518,70.17
OUT_17519,256.43
OUT_17520,242.11
OUT_17521,264.44
OUT_17522,927.37
OUT_17523,81.06
OUT_17524,946.3
OUT_17525,81.99
OUT_17526,261.51
OUT_17527,251.87
OUT_17528,254.87
OUT_17529,70.89
OUT_17530,905.43
OUT_17531,61.8
OUT_17532,916.75
OUT_17533,75.83
OUT_17534,73.71
OUT_17535,256.91
OUT_17536,52.11
OUT_17537,75.45
OUT_17538,247.29
OUT_17539,51.01
OUT_17540,962.42
OUT_17541,67.99
OUT_17542,251.26
OUT_17543,57.94
OUT_17544,77.76
OUT_17545,85.57
OUT_17546,75.49
OUT_17547,78.27
OUT_17548,62.14
OUT_17549,2096.35
OUT_17550,243.08
OUT_17551,65.12
OUT_17552,83.15
OUT_17553,88.32
OUT_17554,272.62
OUT_17555,54.39
OUT_17556,184.02
OUT_17557,74.09
OUT_17558,90.04
OUT_17559,257.29
OUT_17560,61.83
OUT_17561,70.08
OUT_17562,53.53
OUT_17563,88.86
OUT_17564,60.33
OUT_17565,87.26
OUT_17566,268.82
OUT_17567,271.44
OUT_17568,251.14
OUT_17569,63.98
OUT_17570,63.84
OUT_17571,44.98
OUT_17572,240.74
OUT_17573,87.1
OUT_17574,928.19
OUT_17575,67.83
OUT_17576,67.51
OUT_17577,256.24
OUT_17578,67.71
OUT_17579,257.82
OUT_17580,61.15
OUT_17581,944.98
OUT_17582,84.31
OUT_17583,237.17
OUT_17584,945.27
OUT_17585,956.74
OUT_17586,78.83
OUT_17587,267.37
OUT_17588,75.8
OUT_17589,265.2
OUT_17590,81.83
OUT_17591,74.29
OUT_17592,83.21
OUT_17593,61.07
OUT_17594,80.95
OUT_17595,88.97
OUT_17596,951.53
OUT_17597,87.01
OUT_17598,2094.05
OUT_17599,44.02
OUT_17600,81.94
OUT_17601,898.38
OUT_17602,902.51
OUT_17603,262.27
OUT_17604,944.62
OUT_17605,245.27
OUT_17606,2087.86
OUT_17607,936.05
OUT_17608,77.27
OUT_17609,70.75
OUT_17610,200.22
OUT_17611,90.1
OUT_17612,73.77
OUT_17613,255.64
OUT_17614,256.47
OUT_17615,261.0
OUT_17616,77.32
OUT_17617,80.31
OUT_17618,2103.69
OUT_17619,253.74
OUT_17620,74.51
OUT_17621,941.91
OUT_17622,926.04
OUT_17623,89.8
OUT_17624,247.06
OUT_17625,268.8
OUT_17626,83.06
OUT_17627,91.78
OUT_17628,81.12
OUT_17629,911.25
OUT_17630,256.38
OUT_17631,74.22
OUT_17632,248.79
OUT_17633,81.32
OUT_17634,76.46
OUT_17635,81.0
OUT_17636,877.31
OUT_17637,79.72
OUT_17638,82.41
OUT_17639,73.6
OUT_17640,242.02
OUT_17641,48.05
OUT_17642,78.01
OUT_17643,54.1
OUT_17644,75.32
OUT_17645,248.15
OUT_17646,929.89
OUT_17647,82.93
OUT_17648,70.65
OUT_17649,80.11
OUT_17650,72.72
OUT_17651,916.87
OUT_17652,2086.13
OUT_17653,282.38
OUT_17654,240.86
OUT_17655,56.41
OUT_17656,931.71
OUT_17657,52.88
OUT_17658,54.25
OUT_17659,261.31
OUT_17660,954.23
OUT_17661,897.13
OUT_17662,911.81
OUT_17663,52.23
OUT_17664,880.74
OUT_17665,72.7
OUT_17666,55.55
OUT_17667,917.82
OUT_17668,931.45
OUT_17669,75.99
OUT_17670,73.77
OUT_17671,257.91
OUT_17672,75.79
OUT_17673,920.29
OUT_17674,76.51
OUT_17675,254.74
OUT_17676,256.19
OUT_17677,900.13
OUT_17678,87.38
OUT_17679,242.31
OUT_17680,60.11
OUT_17681,77.63
OUT_17682,79.15
OUT_17683,254.64
OUT_17684,78.07
OUT_17685,266.28
OUT_17686,80.56
OUT_17687,2103.2
OUT_17688,244.22
OUT_17689,83.12
OUT_17690,57.91
OUT_17691,76.63
OUT_17692,75.75
OUT_17693,75.14
OUT_17694,938.73
OUT_17695,56.08
OUT_17696,256.95
OUT_17697,244.15
OUT_17698,2077.15
OUT_17699,253.38
OUT_17700,64.99
OUT_17701,75.85
OUT_17702,86.17
OUT_17703,248.11
OUT_17704,75.04
OUT_17705,59.68
OUT_17706,79.94
OUT_17707,954.93
OUT_17708,86.62
OUT_17709,257.54
OUT_17710,52.6
OUT_17711,83.26
OUT_17712,86.04
OUT_17713,77.08
OUT_17714,68.97
OUT_17715,77.26
OUT_17716,74.14
OUT_17717,920.61
OUT_17718,926.33
OUT_17719,79.4
OUT_17720,256.06
OUT_17721,252.13
OUT_17722,80.7
OUT_17723,76.65
OUT_17724,77.6
OUT_17725,74.39
OUT_17726,2084.39
OUT_17727,244.04
OUT_17728,66.11
OUT_17729,240.17
OUT_17730,86.57
OUT_17731,64.12
OUT_17732,254.52
OUT_17733,80.28
OUT_17734,89.15
OUT_17735,266.63
OUT_17736,934.25
OUT_17737,908.94
OUT_17738,937.72
OUT_17739,950.79
OUT_17740,227.5
OUT_17741,250.19
OUT_17742,264.12
OUT_17743,73.3
OUT_17744,251.09
OUT_17745,77.43
OUT_17746,64.48
OUT_17747,73.58
OUT_17748,81.26
OUT_17749,88.11
OUT_17750,76.48
OUT_17751,77.34
OUT_17752,970.56
OUT_17753,266.93
OUT_17754,2118.47
OUT_17755,253.5
OUT_17756,240.44
OUT_17757,77.52
OUT_17758,88.0
OUT_17759,79.42
OUT_17760,72.44
OUT_17761,908.64
OUT_17762,228.38
OUT_17763,268.87
OUT_17764,249.32
OUT_17765,72.65
OUT_17766,74.77
OUT_17767,70.05
OUT_17768,79.86
OUT_17769,2101.53
OUT_17770,918.31
OUT_17771,243.82
OUT_17772,90.77
OUT_17773,79.25
OUT_17774,73.76
OUT_17775,263.28
OUT_17776,860.58
OUT_17777,265.87
OUT_17778,902.5
OUT_17779,80.23
OUT_17780,235.87
OUT_17781,86.77
OUT_17782,251.28
OUT_17783,938.44
OUT_17784,80.08
OUT_17785,88.88
OUT_17786,257.76
OUT_17787,86.03
OUT_17788,84.43
OUT_17789,87.12
OUT_17790,70.16
OUT_17791,896.59
OUT_17792,247.36
OUT_17793,71.31
OUT_17794,81.89
OUT_17795,53.31
OUT_17796,72.2
OUT_17797,67.39
OUT_17798,72.85
OUT_17799,44.97
OUT_17800,942.88
OUT_17801,239.08
OUT_17802,260.16
OUT_17803,79.53
OUT_17804,76.75
OUT_17805,2098.18
OUT_17806,87.93
OUT_17807,73.63
OUT_17808,247.21
OUT_17809,243.77
OUT_17810,80.47
OUT_17811,241.55
OUT_17812,55.47
OUT_17813,74.92
OUT_17814,75.09
OUT_17815,903.54
OUT_17816,85.28
OUT_17817,54.77
OUT_17818,932.1
OUT_17819,62.58
OUT_17820,943.53
OUT_17821,79.13
OUT_17822,73.95
OUT_17823,69.5
OUT_17824,248.05
OUT_17825,59.76
OUT_17826,263.92
OUT_17827,997.53
OUT_17828,82.08
OUT_17829,88.26
OUT_17830,927.91
OUT_17831,911.01
OUT_17832,70.56
OUT_17833,43.37
OUT_17834,268.87
OUT_17835,248.77
OUT_17836,2114.19
OUT_17837,87.16
OUT_17838,908.0
OUT_17839,917.32
OUT_17840,69.89
OUT_17841,77.86
OUT_17842,83.92
OUT_17843,2107.03
OUT_17844,257.08
OUT_17845,917.22
OUT_17846,257.72
OUT_17847,269.78
OUT_17848,87.15
OUT_17849,251.72
OUT_17850,80.68
OUT_17851,268.57
OUT_17852,251.12
OUT_17853,248.14
OUT_17854,2124.73
OUT_17855,910.44
OUT_17856,918.68
OUT_17857,86.2
OUT_17858,259.06
OUT_17859,246.87
OUT_17860,69.22
OUT_17861,67.59
OUT_17862,87.86
OUT_17863,86.07
OUT_17864,81.89
OUT_17865,77.55
OUT_17866,87.17
OUT_17867,253.82
OUT_17868,70.34
OUT_17869,254.19
OUT_17870,64.28
OUT_17871,257.36
OUT_17872,90.75
OUT_17873,87.42
OUT_17874,53.68
OUT_17875,264.66
OUT_17876,261.5
OUT_17877,67.14
OUT_17878,271.56
OUT_17879,89.29
OUT_17880,2096.58
OUT_17881,84.41
OUT_17882,251.77
OUT_17883,257.88
OUT_17884,920.32
OUT_17885,49.14
OUT_17886,267.74
OUT_17887,75.15
OUT_17888,78.48
OUT_17889,244.32
OUT_17890,76.79
OUT_17891,910.35
OUT_17892,84.49
OUT_17893,91.01
OUT_17894,53.45
OUT_17895,79.29
OUT_17896,71.35
OUT_17897,80.5
OUT_17898,79.99
OUT_17899,257.18
OUT_17900,86.23
OUT_17901,41.73
OUT_17902,911.22
OUT_17903,68.29
OUT_17904,74.79
OUT_17905,77.32
OUT_17906,917.12
OUT_17907,253.13
OUT_17908,85.61
OUT_17909,65.27
OUT_17910,2090.51
OUT_17911,63.14
OUT_17912,251.99
OUT_17913,71.54
OUT_17914,87.0
OUT_17915,62.8
OUT_17916,76.56
OUT_17917,47.35
OUT_17918,938.37
OUT_17919,54.19
OUT_17920,71.25
OUT_17921,87.25
OUT_17922,64.83
OUT_17923,2106.93
OUT_17924,87.79
OUT_17925,67.66
OUT_17926,254.88
OUT_17927,260.97
OUT_17928,74.39
OUT_17929,52.39
OUT_17930,80.58
OUT_17931,80.18
OUT_17932,87.85
OUT_17933,913.24
OUT_17934,237.53
OUT_17935,244.05
OUT_17936,925.13
OUT_17937,257.12
OUT_17938,72.13
OUT_17939,70.57
OUT_17940,73.33
OUT_17941,78.06
OUT_17942,86.57
OUT_17943,80.99
OUT_17944,927.08
OUT_17945,77.3
OUT_17946,74.6
OUT_17947,914.95
OUT_17948,96.94
OUT_17949,76.62
OUT_17950,55.5
OUT_17951,80.34
OUT_17952,81.42
OUT_17953,54.12
OUT_17954,69.71
OUT_17955,922.44
OUT_17956,253.29
OUT_17957,231.06
OUT_17958,67.46
OUT_17959,66.87
OUT_17960,72.6
OUT_17961,62.76
OUT_17962,45.12
OUT_17963,263.15
OUT_17964,251.8
OUT_17965,69.58
OUT_17966,75.58
OUT_17967,900.24
OUT_17968,65.6
OUT_17969,82.38
OUT_17970,65.19
OUT_17971,75.2
OUT_17972,242.15
OUT_17973,919.41
OUT_17974,75.35
OUT_17975,918.16
OUT_17976,73.89
OUT_17977,70.69
OUT_17978,79.82
OUT_17979,927.96
OUT_17980,80.03
OUT_17981,79.06
OUT_17982,41.85
OUT_17983,2124.43
OUT_17984,74.22
OUT_17985,75.44
OUT_17986,941.75
OUT_17987,938.79
OUT_17988,883.44
OUT_17989,2095.23
OUT_17990,86.24
OUT_17991,248.44
OUT_17992,73.17
OUT_17993,79.19
OUT_17994,253.07
OUT_17995,940.96
OUT_17996,81.89
OUT_17997,81.02
OUT_17998,74.93
OUT_17999,80.34
OUT_18000,86.91
OUT_18001,70.4
OUT_18002,90.48
OUT_18003,68.09
OUT_18004,262.38
OUT_18005,67.39
OUT_18006,897.88
OUT_18007,89.99
OUT_18008,90.38
OUT_18009,83.03
OUT_18010,91.63
OUT_18011,926.37
OUT_18012,903.15
OUT_18013,78.66
OUT_18014,81.03
OUT_18015,251.04
OUT_18016,86.7
OUT_18017,962.29
OUT_18018,899.25
OUT_18019,72.71
OUT_18020,244.87
OUT_18021,83.09
OUT_18022,2101.15
OUT_18023,2106.11
OUT_18024,69.52
OUT_18025,264.14
OUT_18026,245.7
OUT_18027,253.1
OUT_18028,251.29
OUT_18029,2095.31
OUT_18030,73.11
OUT_18031,249.12
OUT_18032,75.4
OUT_18033,229.18
OUT_18034,239.01
OUT_18035,933.93
OUT_18036,954.3
OUT_18037,48.61
OUT_18038,76.27
OUT_18039,57.69
OUT_18040,256.56
OUT_18041,86.22
OUT_18042,70.92
OUT_18043,88.27
OUT_18044,265.02
OUT_18045,235.23
OUT_18046,254.72
OUT_18047,70.88
OUT_18048,76.79
OUT_18049,89.29
OUT_18050,956.23
OUT_18051,248.56
OUT_18052,72.25
OUT_18053,253.63
OUT_18054,62.53
OUT_18055,2110.81
OUT_18056,77.16
OUT_18057,88.08
OUT_18058,256.32
OUT_18059,69.87
OUT_18060,849.56
OUT_18061,246.09
OUT_18062,236.14
OUT_18063,75.69
OUT_18064,73.44
OUT_18065,78.25
OUT_18066,61.31
OUT_18067,262.19
OUT_18068,264.01
OUT_18069,75.38
OUT_18070,86.56
OUT_18071,2104.34
OUT_18072,963.83
OUT_18073,254.8
OUT_18074,72.25
OUT_18075,263.54
OUT_18076,67.95
OUT_18077,77.56
OUT_18078,253.48
OUT_18079,86.57
OUT_18080,89.92
OUT_18081,82.94
OUT_18082,75.78
OUT_18083,85.16
OUT_18084,88.21
OUT_18085,260.83
OUT_18086,936.71
OUT_18087,259.2
OUT_18088,72.49
OUT_18089,56.09
OUT_18090,251.25
OUT_18091,244.68
OUT_18092,247.7
OUT_18093,284.13
OUT_18094,256.03
OUT_18095,253.95
OUT_18096,88.07
OUT_18097,38.54
OUT_18098,54.89
OUT_18099,897.5
OUT_18100,256.21
OUT_18101,72.86
OUT_18102,258.84
OUT_18103,90.87
OUT_18104,261.19
OUT_18105,63.58
OUT_18106,254.9
OUT_18107,77.7
OUT_18108,249.45
OUT_18109,77.56
OUT_18110,907.3
OUT_18111,76.97
OUT_18112,73.82
OUT_18113,59.55
OUT_18114,77.85
OUT_18115,87.12
OUT_18116,50.58
OUT_18117,265.76
OUT_18118,67.59
OUT_18119,62.36
OUT_18120,66.03
OUT_18121,80.59
OUT_18122,71.07
OUT_18123,257.43
OUT_18124,54.81
OUT_18125,2096.98
OUT_18126,79.08
OUT_18127,61.79
OUT_18128,2092.6
OUT_18129,80.72
OUT_18130,915.32
OUT_18131,258.15
OUT_18132,80.65
OUT_18133,73.1
OUT_18134,88.41
OUT_18135,86.24
OUT_18136,244.17
OUT_18137,72.89
OUT_18138,41.65
OUT_18139,83.4
OUT_18140,81.4
OUT_18141,916.84
OUT_18142,78.0
OUT_18143,82.1
OUT_18144,256.25
OUT_18145,254.72
OUT_18146,263.78
OUT_18147,90.44
OUT_18148,74.33
OUT_18149,925.48
OUT_18150,925.18
OUT_18151,75.93
OUT_18152,252.45
OUT_18153,227.01
OUT_18154,252.7
OUT_18155,252.14
OUT_18156,249.42
OUT_18157,955.64
OUT_18158,906.96
OUT_18159,63.22
OUT_18160,958.96
OUT_18161,58.38
OUT_18162,71.01
OUT_18163,895.49
OUT_18164,66.06
OUT_18165,55.6
OUT_18166,2092.74
OUT_18167,926.31
OUT_18168,71.61
OUT_18169,80.39
OUT_18170,923.57
OUT_18171,77.16
OUT_18172,941.9
OUT_18173,251.57
OUT_18174,254.5
OUT_18175,255.69
OUT_18176,49.94
OUT_18177,76.94
OUT_18178,81.67
OUT_18179,268.04
OUT_18180,89.82
OUT_18181,81.06
OUT_18182,88.16
OUT_18183,252.96
OUT_18184,72.11
OUT_18185,258.47
OUT_18186,255.88
OUT_18187,975.87
OUT_18188,60.0
OUT_18189,254.86
OUT_18190,77.68
OUT_18191,932.24
OUT_18192,250.46
OUT_18193,76.73
OUT_18194,250.12
OUT_18195,253.42
OUT_18196,65.95
OUT_18197,70.72
OUT_18198,36.74
OUT_18199,86.51
OUT_18200,239.44
OUT_18201,85.43
OUT_18202,249.29
OUT_18203,944.38
OUT_18204,258.56
OUT_18205,63.34
OUT_18206,74.16
OUT_18207,928.08
OUT_18208,268.65
OUT_18209,2061.56
OUT_18210,888.66
OUT_18211,251.22
OUT_18212,59.64
OUT_18213,44.33
OUT_18214,81.35
OUT_18215,273.5
OUT_18216,206.53
OUT_18217,257.16
OUT_18218,954.24
OUT_18219,74.47
OUT_18220,881.18
OUT_18221,246.75
OUT_18222,258.1
OUT_18223,897.81
OUT_18224,251.05
OUT_18225,73.09
OUT_18226,934.71
OUT_18227,264.77
OUT_18228,77.71
OUT_18229,76.8
OUT_18230,73.03
OUT_18231,79.07
OUT_18232,74.43
OUT_18233,62.03
OUT_18234,945.81
OUT_18235,76.28
OUT_18236,88.7
OUT_18237,71.14
OUT_18238,87.41
OUT_18239,66.22
OUT_18240,896.96
OUT_18241,2108.65
OUT_18242,949.9
OUT_18243,87.06
OUT_18244,81.71
OUT_18245,248.51
OUT_18246,252.0
OUT_18247,80.73
OUT_18248,240.84
OUT_18249,230.7
OUT_18250,77.63
OUT_18251,75.62
OUT_18252,87.22
OUT_18253,78.74
OUT_18254,867.09
OUT_18255,59.43
OUT_18256,78.11
OUT_18257,903.27
OUT_18258,78.59
OUT_18259,75.97
OUT_18260,90.09
OUT_18261,81.39
OUT_18262,70.91
OUT_18263,932.83
OUT_18264,918.85
OUT_18265,255.2
OUT_18266,76.64
OUT_18267,941.34
OUT_18268,66.1
OUT_18269,49.88
OUT_18270,80.15
OUT_18271,80.64
OUT_18272,59.25
OUT_18273,87.67
OUT_18274,254.19
OUT_18275,927.92
OUT_18276,84.3
OUT_18277,77.98
OUT_18278,90.4
OUT_18279,2094.95
OUT_18280,49.79
OUT_18281,256.46
OUT_18282,76.15
OUT_18283,52.96
OUT_18284,78.03
OUT_18285,229.3
OUT_18286,918.02
OUT_18287,253.24
OUT_18288,74.99
OUT_18289,253.01
OUT_18290,937.12
OUT_18291,866.24
OUT_18292,81.19
OUT_18293,935.37
OUT_18294,74.37
OUT_18295,77.44
OUT_18296,932.48
OUT_18297,233.12
OUT_18298,76.38
OUT_18299,253.71
OUT_18300,254.74
OUT_18301,65.34
OUT_18302,77.46
OUT_18303,49.65
OUT_18304,88.28
OUT_18305,938.96
OUT_18306,258.6
OUT_18307,74.85
OUT_18308,257.28
OUT_18309,258.48
OUT_18310,237.94
OUT_18311,71.31
OUT_18312,77.99
OUT_18313,254.94
OUT_18314,906.34
OUT_18315,78.31
OUT_18316,80.21
OUT_18317,250.82
OUT_18318,67.66
OUT_18319,244.18
OUT_18320,88.63
OUT_18321,921.32
OUT_18322,240.74
OUT_18323,258.28
OUT_18324,245.18
OUT_18325,82.37
OUT_18326,64.28
OUT_18327,38.88
OUT_18328,74.2
OUT_18329,78.64
OUT_18330,888.16
OUT_18331,913.3
OUT_18332,81.96
OUT_18333,68.62
OUT_18334,881.1
OUT_18335,241.67
OUT_18336,81.75
OUT_18337,925.69
OUT_18338,2101.03
OUT_18339,255.23
OUT_18340,78.77
OUT_18341,262.34
OUT_18342,250.51
OUT_18343,270.98
OUT_18344,175.96
OUT_18345,79.98
OUT_18346,263.19
OUT_18347,62.68
OUT_18348,68.81
OUT_18349,81.38
OUT_18350,78.79
OUT_18351,70.44
OUT_18352,2099.0
OUT_18353,67.44
OUT_18354,262.32
OUT_18355,68.84
OUT_18356,63.84
OUT_18357,74.42
OUT_18358,880.29
OUT_18359,82.2
OUT_18360,86.7
OUT_18361,253.8
OUT_18362,253.3
OUT_18363,272.45
OUT_18364,82.01
OUT_18365,256.24
OUT_18366,273.73
OUT_18367,67.13
OUT_18368,940.96
OUT_18369,246.08
OUT_18370,82.8
OUT_18371,81.95
OUT_18372,89.1
OUT_18373,54.0
OUT_18374,82.82
OUT_18375,78.61
OUT_18376,89.33
OUT_18377,2074.98
OUT_18378,242.73
OUT_18379,76.74
OUT_18380,264.69
OUT_18381,78.81
OUT_18382,892.28
OUT_18383,957.58
OUT_18384,73.87
OUT_18385,75.61
OUT_18386,84.25
OUT_18387,943.46
OUT_18388,63.28
OUT_18389,74.94
OUT_18390,79.15
OUT_18391,248.69
OUT_18392,897.42
OUT_18393,79.75
OUT_18394,243.44
OUT_18395,71.27
OUT_18396,75.82
OUT_18397,81.71
OUT_18398,966.99
OUT_18399,263.11
OUT_18400,75.22
OUT_18401,76.55
OUT_18402,73.0
OUT_18403,269.67
OUT_18404,84.03
OUT_18405,255.0
OUT_18406,85.61
OUT_18407,924.22
OUT_18408,2095.29
OUT_18409,253.5
OUT_18410,257.85
OUT_18411,249.96
OUT_18412,74.12
OUT_18413,947.33
OUT_18414,267.76
OUT_18415,77.55
OUT_18416,253.71
OUT_18417,58.56
OUT_18418,78.38
OUT_18419,75.85
OUT_18420,253.0
OUT_18421,257.0
OUT_18422,257.68
OUT_18423,79.31
OUT_18424,68.32
OUT_18425,257.27
OUT_18426,72.68
OUT_18427,262.3
OUT_18428,87.08
OUT_18429,264.01
OUT_18430,75.27
OUT_18431,257.62
OUT_18432,86.28
OUT_18433,78.44
OUT_18434,82.13
OUT_18435,74.89
OUT_18436,73.25
OUT_18437,77.22
OUT_18438,72.33
OUT_18439,255.13
OUT_18440,914.36
OUT_18441,79.2
OUT_18442,77.49
OUT_18443,77.23
OUT_18444,248.15
OUT_18445,81.07
OUT_18446,265.04
OUT_18447,951.72
OUT_18448,55.68
OUT_18449,252.84
OUT_18450,75.71
OUT_18451,76.93
OUT_18452,2109.71
OUT_18453,77.57
OUT_18454,932.2
OUT_18455,85.76
OUT_18456,72.71
OUT_18457,64.79
OUT_18458,70.34
OUT_18459,265.06
OUT_18460,83.48
OUT_18461,252.23
OUT_18462,89.26
OUT_18463,77.61
OUT_18464,76.05
OUT_18465,67.39
OUT_18466,76.18
OUT_18467,88.5
OUT_18468,2086.63
OUT_18469,248.43
OUT_18470,64.84
OUT_18471,74.31
OUT_18472,48.59
OUT_18473,834.34
OUT_18474,82.57
OUT_18475,69.21
OUT_18476,222.27
OUT_18477,2091.23
OUT_18478,58.33
OUT_18479,2120.95
OUT_18480,77.55
OUT_18481,929.4
OUT_18482,257.79
OUT_18483,82.83
OUT_18484,80.42
OUT_18485,255.94
OUT_18486,880.8
OUT_18487,46.66
OUT_18488,83.93
OUT_18489,75.17
OUT_18490,81.0
OUT_18491,934.12
OUT_18492,72.92
OUT_18493,81.38
OUT_18494,73.24
OUT_18495,89.43
OUT_18496,63.69
OUT_18497,265.56
OUT_18498,85.99
OUT_18499,70.6
OUT_18500,85.77
OUT_18501,2112.92
OUT_18502,917.09
OUT_18503,76.68
OUT_18504,942.61
OUT_18505,237.66
OUT_18506,251.79
OUT_18507,898.2
OUT_18508,260.72
OUT_18509,70.26
OUT_18510,87.5
OUT_18511,2090.37
OUT_18512,86.26
OUT_18513,77.26
OUT_18514,71.31
OUT_18515,75.01
OUT_18516,105.9
OUT_18517,82.81
OUT_18518,255.93
OUT_18519,57.39
OUT_18520,72.31
OUT_18521,251.18
OUT_18522,879.61
OUT_18523,931.41
OUT_18524,264.4
OUT_18525,55.47
OUT_18526,76.44
OUT_18527,271.82
OUT_18528,74.39
OUT_18529,77.12
OUT_18530,82.23
OUT_18531,251.73
OUT_18532,912.93
OUT_18533,74.95
OUT_18534,32.94
OUT_18535,90.57
OUT_18536,104.08
OUT_18537,875.42
OUT_18538,269.83
OUT_18539,262.48
OUT_18540,83.74
OUT_18541,256.58
OUT_18542,872.54
OUT_18543,76.45
OUT_18544,88.51
OUT_18545,935.52
OUT_18546,235.21
OUT_18547,261.46
OUT_18548,250.07
OUT_18549,262.92
OUT_18550,81.17
OUT_18551,69.85
OUT_18552,86.1
OUT_18553,73.76
OUT_18554,250.95
OUT_18555,256.01
OUT_18556,936.97
OUT_18557,88.35
OUT_18558,52.74
OUT_18559,250.81
OUT_18560,50.33
OUT_18561,70.5
OUT_18562,258.59
OUT_18563,55.65
OUT_18564,86.11
OUT_18565,55.35
OUT_18566,74.1
OUT_18567,261.74
OUT_18568,54.33
OUT_18569,243.06
OUT_18570,75.39
OUT_18571,63.99
OUT_18572,857.09
OUT_18573,258.77
OUT_18574,74.43
OUT_18575,228.22
OUT_18576,260.41
OUT_18577,236.74
OUT_18578,256.06
OUT_18579,260.69
OUT_18580,80.25
OUT_18581,256.88
OUT_18582,255.0
OUT_18583,77.42
OUT_18584,228.26
OUT_18585,81.09
OUT_18586,73.47
OUT_18587,253.88
OUT_18588,50.13
OUT_18589,939.83
OUT_18590,86.07
OUT_18591,79.38
OUT_18592,87.86
OUT_18593,252.9
OUT_18594,50.01
OUT_18595,76.78
OUT_18596,83.37
OUT_18597,248.58
OUT_18598,85.3
OUT_18599,76.21
OUT_18600,70.24
OUT_18601,82.0
OUT_18602,271.84
OUT_18603,77.39
OUT_18604,935.97
OUT_18605,77.17
OUT_18606,80.85
OUT_18607,917.74
OUT_18608,252.46
OUT_18609,65.8
OUT_18610,67.68
OUT_18611,290.24
OUT_18612,80.39
OUT_18613,78.63
OUT_18614,887.98
OUT_18615,70.83
OUT_18616,72.53
OUT_18617,258.35
OUT_18618,86.43
OUT_18619,257.63
OUT_18620,76.36
OUT_18621,81.88
OUT_18622,239.54
OUT_18623,966.25
OUT_18624,73.83
OUT_18625,75.88
OUT_18626,253.11
OUT_18627,253.8
OUT_18628,241.5
OUT_18629,81.21
OUT_18630,936.47
OUT_18631,942.26
OUT_18632,261.77
OUT_18633,78.02
OUT_18634,75.53
OUT_18635,255.84
OUT_18636,272.04
OUT_18637,946.03
OUT_18638,87.38
OUT_18639,82.44
OUT_18640,84.13
OUT_18641,240.89
OUT_18642,67.41
OUT_18643,87.05
OUT_18644,58.96
OUT_18645,71.09
OUT_18646,249.9
OUT_18647,264.68
OUT_18648,957.2
OUT_18649,247.13
OUT_18650,88.46
OUT_18651,74.43
OUT_18652,258.52
OUT_18653,82.96
OUT_18654,98.56
OUT_18655,70.29
OUT_18656,74.41
OUT_18657,81.42
OUT_18658,246.49
OUT_18659,928.21
OUT_18660,934.02
OUT_18661,77.16
OUT_18662,240.1
OUT_18663,253.24
OUT_18664,52.37
OUT_18665,63.23
OUT_18666,73.28
OUT_18667,870.46
OUT_18668,239.6
OUT_18669,246.66
OUT_18670,240.83
OUT_18671,2120.17
OUT_18672,70.66
OUT_18673,79.96
OUT_18674,936.72
OUT_18675,899.38
OUT_18676,245.6
OUT_18677,76.83
OUT_18678,246.81
OUT_18679,254.44
OUT_18680,254.25
OUT_18681,87.37
OUT_18682,2073.42
OUT_18683,74.95
OUT_18684,915.55
OUT_18685,85.96
OUT_18686,47.8
OUT_18687,67.58
OUT_18688,250.28
OUT_18689,930.9
OUT_18690,78.61
OUT_18691,75.6
OUT_18692,70.8
OUT_18693,244.91
OUT_18694,70.03
OUT_18695,70.48
OUT_18696,243.54
OUT_18697,65.18
OUT_18698,75.48
OUT_18699,78.78
OUT_18700,263.81
OUT_18701,919.86
OUT_18702,251.07
OUT_18703,254.61
OUT_18704,77.01
OUT_18705,76.34
OUT_18706,77.18
OUT_18707,934.36
OUT_18708,79.05
OUT_18709,73.14
OUT_18710,80.21
OUT_18711,67.69
OUT_18712,256.65
OUT_18713,75.2
OUT_18714,924.41
OUT_18715,916.15
OUT_18716,86.37
OUT_18717,85.55
OUT_18718,80.67
OUT_18719,250.33
OUT_18720,82.21
OUT_18721,72.73
OUT_18722,75.28
OUT_18723,88.92
OUT_18724,68.29
OUT_18725,79.79
OUT_18726,56.22
OUT_18727,248.29
OUT_18728,227.7
OUT_18729,274.84
OUT_18730,65.9
OUT_18731,86.65
OUT_18732,928.24
OUT_18733,70.93
OUT_18734,81.86
OUT_18735,254.56
OUT_18736,264.75
OUT_18737,2068.88
OUT_18738,2073.84
OUT_18739,253.28
OUT_18740,905.36
OUT_18741,261.33
OUT_18742,75.38
OUT_18743,76.04
OUT_18744,86.26
OUT_18745,854.38
OUT_18746,79.25
OUT_18747,90.94
OUT_18748,251.65
OUT_18749,41.33
OUT_18750,76.11
OUT_18751,912.43
OUT_18752,76.56
OUT_18753,81.57
OUT_18754,950.55
OUT_18755,253.92
OUT_18756,75.62
OUT_18757,73.32
OUT_18758,75.78
OUT_18759,75.39
OUT_18760,75.85
OUT_18761,940.48
OUT_18762,261.03
OUT_18763,77.98
OUT_18764,64.94
OUT_18765,75.17
OUT_18766,256.79
OUT_18767,894.88
OUT_18768,938.46
OUT_18769,74.18
OUT_18770,81.95
OUT_18771,89.7
OUT_18772,925.9
OUT_18773,60.59
OUT_18774,253.38
OUT_18775,255.47
OUT_18776,85.46
OUT_18777,267.61
OUT_18778,87.17
OUT_18779,238.72
OUT_18780,63.54
OUT_18781,253.07
OUT_18782,236.8
OUT_18783,79.84
OUT_18784,82.06
OUT_18785,80.72
OUT_18786,73.98
OUT_18787,53.7
OUT_18788,2095.09
OUT_18789,256.64
OUT_18790,250.55
OUT_18791,923.81
OUT_18792,64.92
OUT_18793,2103.7
OUT_18794,80.49
OUT_18795,257.29
OUT_18796,2098.67
OUT_18797,74.93
OUT_18798,63.44
OUT_18799,248.2
OUT_18800,251.86
OUT_18801,246.05
OUT_18802,2123.09
OUT_18803,49.62
OUT_18804,75.84
OUT_18805,2049.16
OUT_18806,75.03
OUT_18807,87.58
OUT_18808,79.65
OUT_18809,83.07
OUT_18810,76.2
OUT_18811,81.97
OUT_18812,59.51
OUT_18813,85.61
OUT_18814,235.29
OUT_18815,867.07
OUT_18816,75.12
OUT_18817,59.88
OUT_18818,80.71
OUT_18819,936.78
OUT_18820,75.4
OUT_18821,242.39
OUT_18822,84.0
OUT_18823,274.83
OUT_18824,106.1
OUT_18825,908.23
OUT_18826,257.99
OUT_18827,2082.17
OUT_18828,73.47
OUT_18829,225.49
OUT_18830,72.72
OUT_18831,172.48
OUT_18832,270.03
OUT_18833,253.81
OUT_18834,81.07
OUT_18835,956.53
OUT_18836,74.44
OUT_18837,87.16
OUT_18838,972.26
OUT_18839,81.89
OUT_18840,253.74
OUT_18841,69.59
OUT_18842,68.28
OUT_18843,237.43
OUT_18844,2080.89
OUT_18845,70.38
OUT_18846,77.45
OUT_18847,37.61
OUT_18848,253.61
OUT_18849,80.41
OUT_18850,2102.68
OUT_18851,55.54
OUT_18852,941.84
OUT_18853,252.3
OUT_18854,73.09
OUT_18855,919.23
OUT_18856,83.26
OUT_18857,73.55
OUT_18858,912.37
OUT_18859,83.86
OUT_18860,253.66
OUT_18861,85.19
OUT_18862,258.96
OUT_18863,931.63
OUT_18864,228.31
OUT_18865,86.43
OUT_18866,834.78
OUT_18867,255.49
OUT_18868,53.64
OUT_18869,83.46
OUT_18870,253.47
OUT_18871,80.48
OUT_18872,240.48
OUT_18873,261.86
OUT_18874,935.5
OUT_18875,80.78
OUT_18876,252.35
OUT_18877,2111.81
OUT_18878,77.64
OUT_18879,60.93
OUT_18880,81.49
OUT_18881,37.76
OUT_18882,256.93
OUT_18883,245.0
OUT_18884,271.69
OUT_18885,919.95
OUT_18886,64.86
OUT_18887,63.25
OUT_18888,252.76
OUT_18889,79.35
OUT_18890,263.42
OUT_18891,64.17
OUT_18892,264.25
OUT_18893,75.95
OUT_18894,255.2
OUT_18895,76.62
OUT_18896,948.33
OUT_18897,254.67
OUT_18898,89.75
OUT_18899,52.57
OUT_18900,228.56
OUT_18901,65.13
OUT_18902,259.37
OUT_18903,881.33
OUT_18904,273.46
OUT_18905,263.33
OUT_18906,67.85
OUT_18907,53.26
OUT_18908,80.64
OUT_18909,940.25
OUT_18910,255.29
OUT_18911,941.45
OUT_18912,903.91
OUT_18913,916.64
OUT_18914,254.94
OUT_18915,255.29
OUT_18916,60.24
OUT_18917,51.97
OUT_18918,77.53
OUT_18919,897.5
OUT_18920,58.82
OUT_18921,259.61
OUT_18922,246.2
OUT_18923,53.51
OUT_18924,255.83
OUT_18925,256.71
OUT_18926,74.51
OUT_18927,85.77
OUT_18928,76.48
OUT_18929,246.85
OUT_18930,933.36
OUT_18931,75.76
OUT_18932,71.73
OUT_18933,247.01
OUT_18934,2085.68
OUT_18935,65.09
OUT_18936,72.52
OUT_18937,65.53
OUT_18938,248.82
OUT_18939,979.75
OUT_18940,71.1
OUT_18941,933.94
OUT_18942,229.47
OUT_18943,84.06
OUT_18944,232.49
OUT_18945,259.58
OUT_18946,76.7
OUT_18947,54.42
OUT_18948,257.67
OUT_18949,77.57
OUT_18950,907.29
OUT_18951,254.82
OUT_18952,249.73
OUT_18953,75.44
OUT_18954,85.51
OUT_18955,51.69
OUT_18956,921.83
OUT_18957,86.56
OUT_18958,931.43
OUT_18959,69.46
OUT_18960,64.61
OUT_18961,55.31
OUT_18962,257.63
OUT_18963,73.04
OUT_18964,52.33
OUT_18965,244.1
OUT_18966,238.69
OUT_18967,79.01
OUT_18968,264.49
OUT_18969,73.87
OUT_18970,254.96
OUT_18971,77.37
OUT_18972,250.0
OUT_18973,253.43
OUT_18974,63.54
OUT_18975,252.01
OUT_18976,54.06
OUT_18977,89.2
OUT_18978,73.06
OUT_18979,254.57
OUT_18980,51.19
OUT_18981,89.66
OUT_18982,964.67
OUT_18983,935.31
OUT_18984,76.24
OUT_18985,2100.45
OUT_18986,941.16
OUT_18987,78.02
OUT_18988,254.38
OUT_18989,85.39
OUT_18990,72.91
OUT_18991,89.62
OUT_18992,941.48
OUT_18993,78.09
OUT_18994,254.29
OUT_18995,2074.28
OUT_18996,238.44
OUT_18997,82.24
OUT_18998,938.66
OUT_18999,85.9
OUT_19000,86.42
OUT_19001,41.8
OUT_19002,255.19
OUT_19003,75.82
OUT_19004,926.52
OUT_19005,77.11
OUT_19006,252.92
OUT_19007,83.06
OUT_19008,71.32
OUT_19009,81.18
OUT_19010,67.15
OUT_19011,80.42
OUT_19012,2083.17
OUT_19013,256.94
OUT_19014,69.99
OUT_19015,73.04
OUT_19016,47.31
OUT_19017,77.56
OUT_19018,951.09
OUT_19019,75.48
OUT_19020,62.73
OUT_19021,60.08
OUT_19022,74.45
OUT_19023,260.78
OUT_19024,2100.07
OUT_19025,965.48
OUT_19026,267.47
OUT_19027,254.45
OUT_19028,911.15
OUT_19029,250.06
OUT_19030,2087.1
OUT_19031,77.13
OUT_19032,80.35
OUT_19033,232.62
OUT_19034,256.77
OUT_19035,56.49
OUT_19036,86.61
OUT_19037,75.34
OUT_19038,939.31
OUT_19039,2115.92
OUT_19040,2116.09
OUT_19041,253.1
OUT_19042,240.07
OUT_19043,902.23
OUT_19044,230.74
OUT_19045,932.91
OUT_19046,252.42
OUT_19047,83.59
OUT_19048,67.62
OUT_19049,903.47
OUT_19050,242.81
OUT_19051,852.63
OUT_19052,262.63
OUT_19053,87.17
OUT_19054,258.08
OUT_19055,73.79
OUT_19056,62.87
OUT_19057,77.71
OUT_19058,252.1
OUT_19059,82.77
OUT_19060,248.52
OUT_19061,279.43
OUT_19062,251.26
OUT_19063,265.42
OUT_19064,243.38
OUT_19065,77.61
OUT_19066,85.57
OUT_19067,67.55
OUT_19068,2098.87
OUT_19069,255.39
OUT_19070,81.41
OUT_19071,71.34
OUT_19072,234.34
OUT_19073,245.75
OUT_19074,75.34
OUT_19075,954.29
OUT_19076,254.75
OUT_19077,78.35
OUT_19078,71.93
OUT_19079,83.52
OUT_19080,67.48
OUT_19081,90.0
OUT_19082,78.37
OUT_19083,88.9
OUT_19084,55.46
OUT_19085,248.86
OUT_19086,63.61
OUT_19087,73.49
OUT_19088,80.14
OUT_19089,248.26
OUT_19090,245.06
OUT_19091,2136.47
OUT_19092,829.26
OUT_19093,80.8
OUT_19094,937.47
OUT_19095,85.0
OUT_19096,75.36
OUT_19097,89.78
OUT_19098,80.56
OUT_19099,75.21
OUT_19100,247.18
OUT_19101,81.62
OUT_19102,67.34
OUT_19103,249.2
OUT_19104,257.91
OUT_19105,240.96
OUT_19106,67.62
OUT_19107,75.98
OUT_19108,70.94
OUT_19109,53.38
OUT_19110,253.9
OUT_19111,69.31
OUT_19112,76.62
OUT_19113,90.0
OUT_19114,249.98
OUT_19115,910.12
OUT_19116,251.07
OUT_19117,64.15
OUT_19118,72.98
OUT_19119,235.6
OUT_19120,238.43
OUT_19121,2117.94
OUT_19122,250.07
OUT_19123,55.59
OUT_19124,70.84
OUT_19125,902.23
OUT_19126,2079.5
OUT_19127,87.13
OUT_19128,68.35
OUT_19129,247.83
OUT_19130,247.15
OUT_19131,265.22
OUT_19132,256.22
OUT_19133,875.57
OUT_19134,254.79
OUT_19135,255.81
OUT_19136,69.75
OUT_19137,273.82
OUT_19138,78.08
OUT_19139,255.01
OUT_19140,73.13
OUT_19141,89.14
OUT_19142,913.65
OUT_19143,85.96
OUT_19144,89.25
OUT_19145,65.73
OUT_19146,256.32
OUT_19147,83.01
OUT_19148,76.93
OUT_19149,60.42
OUT_19150,85.27
OUT_19151,2111.61
OUT_19152,255.71
OUT_19153,227.18
OUT_19154,911.28
OUT_19155,81.27
OUT_19156,90.04
OUT_19157,60.58
OUT_19158,88.22
OUT_19159,939.29
OUT_19160,257.48
OUT_19161,245.44
OUT_19162,64.26
OUT_19163,241.65
OUT_19164,249.89
OUT_19165,90.03
OUT_19166,75.74
OUT_19167,248.2
OUT_19168,53.75
OUT_19169,261.32
OUT_19170,78.52
OUT_19171,63.33
OUT_19172,73.99
OUT_19173,79.42
OUT_19174,85.64
OUT_19175,76.01
OUT_19176,256.25
OUT_19177,949.33
OUT_19178,66.1
OUT_19179,68.27
OUT_19180,75.73
OUT_19181,65.23
OUT_19182,251.95
OUT_19183,64.31
OUT_19184,80.2
OUT_19185,252.74
OUT_19186,956.86
OUT_19187,2093.79
OUT_19188,76.02
OUT_19189,80.97
OUT_19190,241.13
OUT_19191,71.82
OUT_19192,66.83
OUT_19193,72.88
OUT_19194,254.25
OUT_19195,240.26
OUT_19196,256.57
OUT_19197,80.26
OUT_19198,63.78
OUT_19199,70.45
OUT_19200,69.65
OUT_19201,2095.04
OUT_19202,79.59
OUT_19203,63.84
OUT_19204,919.53
OUT_19205,76.1
OUT_19206,251.1
OUT_19207,238.53
OUT_19208,239.69
OUT_19209,253.09
OUT_19210,241.86
OUT_19211,913.2
OUT_19212,77.54
OUT_19213,60.55
OUT_19214,924.14
OUT_19215,73.85
OUT_19216,260.5
OUT_19217,257.09
OUT_19218,74.51
OUT_19219,60.8
OUT_19220,80.42
OUT_19221,61.46
OUT_19222,81.18
OUT_19223,67.98
OUT_19224,43.44
OUT_19225,259.9
OUT_19226,77.2
OUT_19227,243.87
OUT_19228,74.3
OUT_19229,253.01
OUT_19230,927.8
OUT_19231,67.63
OUT_19232,252.49
OUT_19233,247.04
OUT_19234,75.66
OUT_19235,942.0
OUT_19236,253.49
OUT_19237,77.58
OUT_19238,73.58
OUT_19239,80.53
OUT_19240,255.88
OUT_19241,76.5
OUT_19242,80.56
OUT_19243,242.65
OUT_19244,262.78
OUT_19245,86.23
OUT_19246,256.19
OUT_19247,79.65
OUT_19248,250.14
OUT_19249,254.76
OUT_19250,75.25
OUT_19251,77.74
OUT_19252,857.41
OUT_19253,230.79
OUT_19254,79.71
OUT_19255,246.97
OUT_19256,73.66
OUT_19257,259.01
OUT_19258,2086.03
OUT_19259,60.53
OUT_19260,72.95
OUT_19261,248.51
OUT_19262,78.22
OUT_19263,265.31
OUT_19264,57.63
OUT_19265,256.66
OUT_19266,256.58
OUT_19267,62.27
OUT_19268,231.58
OUT_19269,81.15
OUT_19270,79.14
OUT_19271,267.62
OUT_19272,77.92
OUT_19273,957.45
OUT_19274,86.92
OUT_19275,2110.11
OUT_19276,69.59
OUT_19277,85.59
OUT_19278,938.96
OUT_19279,73.4
OUT_19280,73.75
OUT_19281,81.99
OUT_19282,905.57
OUT_19283,242.38
OUT_19284,931.89
OUT_19285,248.77
OUT_19286,74.1
OUT_19287,78.7
OUT_19288,61.16
OUT_19289,229.78
OUT_19290,86.57
OUT_19291,936.13
OUT_19292,54.94
OUT_19293,67.54
OUT_19294,253.16
OUT_19295,263.58
OUT_19296,259.38
OUT_19297,73.07
OUT_19298,933.21
OUT_19299,76.76
OUT_19300,928.42
OUT_19301,83.61
OUT_19302,86.26
OUT_19303,2102.91
OUT_19304,83.1
OUT_19305,76.76
OUT_19306,79.34
OUT_19307,2099.77
OUT_19308,866.63
OUT_19309,49.19
OUT_19310,2098.6
OUT_19311,2082.31
OUT_19312,2092.98
OUT_19313,65.1
OUT_19314,86.82
OUT_19315,85.38
OUT_19316,256.17
OUT_19317,74.85
OUT_19318,930.96
OUT_19319,250.03
OUT_19320,940.48
OUT_19321,65.34
OUT_19322,80.19
OUT_19323,916.57
OUT_19324,248.11
OUT_19325,922.72
OUT_19326,87.09
OUT_19327,76.85
OUT_19328,82.84
OUT_19329,75.11
OUT_19330,72.54
OUT_19331,241.03
OUT_19332,903.18
OUT_19333,915.94
OUT_19334,76.99
OUT_19335,77.17
OUT_19336,75.2
OUT_19337,62.42
OUT_19338,69.53
OUT_19339,874.02
OUT_19340,64.7
OUT_19341,911.97
OUT_19342,939.78
OUT_19343,54.86
OUT_19344,952.12
OUT_19345,257.33
OUT_19346,55.68
OUT_19347,64.63
OUT_19348,2119.11
OUT_19349,255.7
OUT_19350,876.25
OUT_19351,63.05
OUT_19352,62.37
OUT_19353,250.19
OUT_19354,73.42
OUT_19355,890.4
OUT_19356,934.25
OUT_19357,901.6
OUT_19358,261.98
OUT_19359,80.51
OUT_19360,910.97
OUT_19361,74.25
OUT_19362,252.07
OUT_19363,255.3
OUT_19364,85.47
OUT_19365,2097.16
OUT_19366,2018.71
OUT_19367,252.87
OUT_19368,942.57
OUT_19369,77.47
OUT_19370,81.06
OUT_19371,79.01
OUT_19372,258.02
OUT_19373,75.31
OUT_19374,79.32
OUT_19375,49.65
OUT_19376,67.74
OUT_19377,86.77
OUT_19378,62.02
OUT_19379,83.97
OUT_19380,66.08
OUT_19381,253.21
OUT_19382,913.41
OUT_19383,245.24
OUT_19384,87.19
OUT_19385,74.04
OUT_19386,66.45
OUT_19387,73.14
OUT_19388,258.52
OUT_19389,81.1
OUT_19390,61.21
OUT_19391,78.25
OUT_19392,75.88
OUT_19393,273.6
OUT_19394,262.11
OUT_19395,87.6
OUT_19396,78.17
OUT_19397,948.29
OUT_19398,93.34
OUT_19399,89.89
OUT_19400,77.81
OUT_19401,911.92
OUT_19402,61.8
OUT_19403,257.88
OUT_19404,62.06
OUT_19405,873.72
OUT_19406,91.38
OUT_19407,966.45
OUT_19408,47.17
OUT_19409,254.66
OUT_19410,80.48
OUT_19411,55.84
OUT_19412,53.23
OUT_19413,78.05
OUT_19414,74.99
OUT_19415,249.4
OUT_19416,934.38
OUT_19417,900.41
OUT_19418,258.52
OUT_19419,67.5
OUT_19420,263.75
OUT_19421,48.77
OUT_19422,77.65
OUT_19423,255.59
OUT_19424,81.53
OUT_19425,243.25
OUT_19426,87.23
OUT_19427,75.29
OUT_19428,63.07
OUT_19429,48.2
OUT_19430,58.9
OUT_19431,252.29
OUT_19432,73.58
OUT_19433,71.55
OUT_19434,2095.55
OUT_19435,67.01
OUT_19436,244.91
OUT_19437,256.01
OUT_19438,85.14
OUT_19439,73.23
OUT_19440,247.26
OUT_19441,67.2
OUT_19442,56.54
OUT_19443,249.1
OUT_19444,84.07
OUT_19445,248.54
OUT_19446,74.06
OUT_19447,81.59
OUT_19448,63.25
OUT_19449,946.41
OUT_19450,64.39
OUT_19451,253.49
OUT_19452,249.74
OUT_19453,59.52
OUT_19454,81.46
OUT_19455,67.87
OUT_19456,71.13
OUT_19457,73.0
OUT_19458,232.16
OUT_19459,251.36
OUT_19460,237.07
OUT_19461,48.2
OUT_19462,937.38
OUT_19463,933.02
OUT_19464,54.39
OUT_19465,88.07
OUT_19466,75.07
OUT_19467,255.3
OUT_19468,79.4
OUT_19469,64.34
OUT_19470,69.83
OUT_19471,252.77
OUT_19472,262.31
OUT_19473,939.69
OUT_19474,81.05
OUT_19475,45.21
OUT_19476,259.38
OUT_19477,69.93
OUT_19478,255.15
OUT_19479,85.09
OUT_19480,67.21
OUT_19481,250.67
OUT_19482,256.91
OUT_19483,63.08
OUT_19484,76.01
OUT_19485,67.52
OUT_19486,75.67
OUT_19487,262.57
OUT_19488,76.81
OUT_19489,84.36
OUT_19490,82.9
OUT_19491,75.55
OUT_19492,238.67
OUT_19493,927.27
OUT_19494,63.96
OUT_19495,917.2
OUT_19496,33.84
OUT_19497,88.08
OUT_19498,51.68
OUT_19499,46.43
OUT_19500,86.47
OUT_19501,79.74
OUT_19502,933.64
OUT_19503,70.21
OUT_19504,75.04
OUT_19505,70.0
OUT_19506,236.29
OUT_19507,58.64
OUT_19508,74.84
OUT_19509,238.96
OUT_19510,87.01
OUT_19511,259.16
OUT_19512,203.92
OUT_19513,262.0
OUT_19514,937.23
OUT_19515,66.9
OUT_19516,85.42
OUT_19517,64.82
OUT_19518,89.0
OUT_19519,919.55
OUT_19520,63.08
OUT_19521,936.58
OUT_19522,74.65
OUT_19523,51.34
OUT_19524,89.06
OUT_19525,58.09
OUT_19526,75.4
OUT_19527,74.23
OUT_19528,85.5
OUT_19529,76.37
OUT_19530,74.59
OUT_19531,238.76
OUT_19532,67.76
OUT_19533,88.9
OUT_19534,66.84
OUT_19535,908.96
OUT_19536,65.84
OUT_19537,828.04
OUT_19538,230.13
OUT_19539,275.6
OUT_19540,264.59
OUT_19541,246.69
OUT_19542,78.14
OUT_19543,88.76
OUT_19544,845.8
OUT_19545,84.27
OUT_19546,282.29
OUT_19547,249.61
OUT_19548,2126.57
OUT_19549,255.04
OUT_19550,258.94
OUT_19551,264.42
OUT_19552,929.82
OUT_19553,78.57
OUT_19554,935.51
OUT_19555,85.66
OUT_19556,951.69
OUT_19557,86.72
OUT_19558,88.8
OUT_19559,67.32
OUT_19560,931.98
OUT_19561,253.13
OUT_19562,253.33
OUT_19563,75.66
OUT_19564,65.43
OUT_19565,249.56
OUT_19566,82.25
OUT_19567,70.78
OUT_19568,247.67
OUT_19569,76.48
OUT_19570,922.79
OUT_19571,256.92
OUT_19572,244.88
OUT_19573,69.44
OUT_19574,2106.53
OUT_19575,81.71
OUT_19576,255.32
OUT_19577,224.25
OUT_19578,74.71
OUT_19579,72.98
OUT_19580,70.06
OUT_19581,82.48
OUT_19582,88.19
OUT_19583,247.3
OUT_19584,258.28
OUT_19585,259.18
OUT_19586,77.92
OUT_19587,925.07
OUT_19588,2100.62
OUT_19589,245.47
OUT_19590,239.56
OUT_19591,60.13
OUT_19592,246.36
OUT_19593,186.33
OUT_19594,250.92
OUT_19595,2110.94
OUT_19596,47.52
OUT_19597,266.72
OUT_19598,66.54
OUT_19599,920.52
OUT_19600,261.12
OUT_19601,72.32
OUT_19602,920.7
OUT_19603,63.87
OUT_19604,69.72
OUT_19605,911.49
OUT_19606,41.62
OUT_19607,75.36
OUT_19608,79.91
OUT_19609,86.78
OUT_19610,73.46
OUT_19611,246.46
OUT_19612,67.73
OUT_19613,938.06
OUT_19614,937.75
OUT_19615,903.1
OUT_19616,70.79
OUT_19617,241.51
OUT_19618,59.81
OUT_19619,67.79
OUT_19620,89.39
OUT_19621,45.68
OUT_19622,72.2
OUT_19623,255.94
OUT_19624,67.79
OUT_19625,885.35
OUT_19626,74.27
OUT_19627,241.68
OUT_19628,956.04
OUT_19629,254.53
OUT_19630,60.05
OUT_19631,75.41
OUT_19632,260.97
OUT_19633,240.79
OUT_19634,2071.53
OUT_19635,70.3
OUT_19636,907.75
OUT_19637,2151.99
OUT_19638,74.26
OUT_19639,65.4
OUT_19640,59.85
OUT_19641,911.44
OUT_19642,229.72
OUT_19643,261.91
OUT_19644,909.74
OUT_19645,73.14
OUT_19646,2069.57
OUT_19647,54.92
OUT_19648,2100.31
OUT_19649,64.84
OUT_19650,83.28
OUT_19651,77.62
OUT_19652,940.41
OUT_19653,264.64
OUT_19654,252.12
OUT_19655,53.57
OUT_19656,253.4
OUT_19657,245.56
OUT_19658,54.04
OUT_19659,81.12
OUT_19660,875.39
OUT_19661,929.62
OUT_19662,67.15
OUT_19663,87.01
OUT_19664,81.58
OUT_19665,241.54
OUT_19666,912.71
OUT_19667,77.25
OUT_19668,251.34
OUT_19669,254.51
OUT_19670,246.27
OUT_19671,240.01
OUT_19672,967.85
OUT_19673,68.49
OUT_19674,256.78
OUT_19675,254.51
OUT_19676,254.81
OUT_19677,250.65
OUT_19678,256.0
OUT_19679,76.67
OUT_19680,253.85
OUT_19681,256.57
OUT_19682,49.45
OUT_19683,67.15
OUT_19684,259.58
OUT_19685,76.07
OUT_19686,76.67
OUT_19687,253.09
OUT_19688,64.15
OUT_19689,86.77
OUT_19690,68.29
OUT_19691,911.3
OUT_19692,81.11
OUT_19693,76.76
OUT_19694,45.95
OUT_19695,246.16
OUT_19696,919.31
OUT_19697,248.81
OUT_19698,80.07
OUT_19699,78.13
OUT_19700,132.44
OUT_19701,72.34
OUT_19702,59.4
OUT_19703,932.27
OUT_19704,261.14
OUT_19705,89.62
OUT_19706,80.18
OUT_19707,82.21
OUT_19708,229.93
OUT_19709,922.39
OUT_19710,91.48
OUT_19711,78.67
OUT_19712,67.36
OUT_19713,76.36
OUT_19714,80.35
OUT_19715,245.8
OUT_19716,261.04
OUT_19717,81.65
OUT_19718,69.26
OUT_19719,86.12
OUT_19720,73.53
OUT_19721,77.19
OUT_19722,75.54
OUT_19723,74.58
OUT_19724,73.01
OUT_19725,255.77
OUT_19726,71.78
OUT_19727,77.52
OUT_19728,915.86
OUT_19729,940.42
OUT_19730,927.92
OUT_19731,73.82
OUT_19732,77.08
OUT_19733,73.33
OUT_19734,251.87
OUT_19735,77.41
OUT_19736,77.43
OUT_19737,61.27
OUT_19738,254.52
OUT_19739,80.49
OUT_19740,64.7
OUT_19741,60.77
OUT_19742,256.74
OUT_19743,926.89
OUT_19744,885.33
OUT_19745,251.95
OUT_19746,73.62
OUT_19747,87.36
OUT_19748,60.59
OUT_19749,64.92
OUT_19750,245.58
OUT_19751,78.09
OUT_19752,80.76
OUT_19753,272.41
OUT_19754,65.14
OUT_19755,891.79
OUT_19756,254.3
OUT_19757,943.03
OUT_19758,260.68
OUT_19759,85.41
OUT_19760,77.01
OUT_19761,240.53
OUT_19762,82.88
OUT_19763,44.06
OUT_19764,46.92
OUT_19765,78.22
OUT_19766,76.53
OUT_19767,87.16
OUT_19768,83.6
OUT_19769,2103.21
OUT_19770,92.33
OUT_19771,76.53
OUT_19772,937.62
OUT_19773,61.35
OUT_19774,941.81
OUT_19775,71.47
OUT_19776,199.74
OUT_19777,248.35
OUT_19778,76.66
OUT_19779,75.49
OUT_19780,249.97
OUT_19781,81.74
OUT_19782,38.75
OUT_19783,76.78
OUT_19784,66.94
OUT_19785,253.48
OUT_19786,250.81
OUT_19787,256.93
OUT_19788,937.45
OUT_19789,69.54
OUT_19790,73.07
OUT_19791,88.83
OUT_19792,90.5
OUT_19793,75.0
OUT_19794,237.15
OUT_19795,85.77
OUT_19796,80.25
OUT_19797,72.12
OUT_19798,88.6
OUT_19799,89.22
OUT_19800,254.55
OUT_19801,245.14
OUT_19802,2092.99
OUT_19803,928.25
OUT_19804,242.13
OUT_19805,937.43
OUT_19806,881.03
OUT_19807,72.45
OUT_19808,909.17
OUT_19809,255.44
OUT_19810,258.89
OUT_19811,87.58
OUT_19812,81.57
OUT_19813,75.32
OUT_19814,76.16
OUT_19815,79.28
OUT_19816,69.18
OUT_19817,917.63
OUT_19818,63.69
OUT_19819,70.03
OUT_19820,73.94
OUT_19821,249.68
OUT_19822,73.52
OUT_19823,239.1
OUT_19824,79.04
OUT_19825,51.82
OUT_19826,253.95
OUT_19827,2106.1
OUT_19828,891.44
OUT_19829,67.68
OUT_19830,250.58
OUT_19831,245.93
OUT_19832,79.2
OUT_19833,226.33
OUT_19834,244.68
OUT_19835,76.31
OUT_19836,78.15
OUT_19837,950.25
OUT_19838,81.15
OUT_19839,88.3
OUT_19840,79.48
OUT_19841,87.91
OUT_19842,251.6
OUT_19843,244.54
OUT_19844,79.53
OUT_19845,75.47
OUT_19846,77.23
OUT_19847,82.46
OUT_19848,57.11
OUT_19849,86.6
OUT_19850,2132.48
OUT_19851,81.15
OUT_19852,2070.17
OUT_19853,248.52
OUT_19854,90.37
OUT_19855,60.83
OUT_19856,915.73
OUT_19857,70.43
OUT_19858,65.31
OUT_19859,946.81
OUT_19860,67.51
OUT_19861,72.3
OUT_19862,75.43
OUT_19863,255.64
OUT_19864,87.84
OUT_19865,2073.73
OUT_19866,67.37
OUT_19867,256.49
OUT_19868,67.83
OUT_19869,77.15
OUT_19870,79.75
OUT_19871,260.83
OUT_19872,72.45
OUT_19873,81.37
OUT_19874,256.29
OUT_19875,248.76
OUT_19876,255.54
OUT_19877,253.75
OUT_19878,255.08
OUT_19879,73.83
OUT_19880,83.44
OUT_19881,68.26
OUT_19882,72.4
OUT_19883,53.57
OUT_19884,77.64
OUT_19885,260.63
OUT_19886,73.87
OUT_19887,258.95
OUT_19888,78.89
OUT_19889,82.62
OUT_19890,83.56
OUT_19891,41.52
OUT_19892,254.47
OUT_19893,237.52
OUT_19894,938.38
OUT_19895,77.67
OUT_19896,927.44
OUT_19897,52.49
OUT_19898,874.71
OUT_19899,254.88
OUT_19900,64.1
OUT_19901,76.76
OUT_19902,79.74
OUT_19903,74.5
OUT_19904,81.15
OUT_19905,67.72
OUT_19906,75.27
OUT_19907,234.54
OUT_19908,67.06
OUT_19909,73.67
OUT_19910,48.57
OUT_19911,53.57
OUT_19912,934.3
OUT_19913,81.62
OUT_19914,73.03
OUT_19915,77.63
OUT_19916,67.66
OUT_19917,60.88
OUT_19918,69.27
OUT_19919,69.52
OUT_19920,83.03
OUT_19921,252.94
OUT_19922,70.18
OUT_19923,254.21
OUT_19924,78.58
OUT_19925,246.51
OUT_19926,72.86
OUT_19927,76.38
OUT_19928,259.44
OUT_19929,249.66
OUT_19930,76.36
OUT_19931,280.26
OUT_19932,85.76
OUT_19933,73.33
OUT_19934,886.7
OUT_19935,917.83
OUT_19936,73.97
OUT_19937,258.75
OUT_19938,65.36
OUT_19939,81.62
OUT_19940,940.5
OUT_19941,911.76
OUT_19942,77.82
OUT_19943,940.57
OUT_19944,88.92
OUT_19945,75.53
OUT_19946,80.04
OUT_19947,912.54
OUT_19948,83.36
OUT_19949,77.37
OUT_19950,73.7
OUT_19951,913.86
OUT_19952,69.64
OUT_19953,229.7
OUT_19954,862.24
OUT_19955,84.83
OUT_19956,76.94
OUT_19957,862.57
OUT_19958,78.26
OUT_19959,919.66
OUT_19960,919.69
OUT_19961,66.36
OUT_19962,269.0
OUT_19963,79.06
OUT_19964,249.8
OUT_19965,269.08
OUT_19966,72.49
OUT_19967,69.88
OUT_19968,75.83
OUT_19969,74.04
OUT_19970,254.39
OUT_19971,271.56
OUT_19972,74.88
OUT_19973,74.51
OUT_19974,75.74
OUT_19975,261.46
OUT_19976,73.37
OUT_19977,2110.75
OUT_19978,950.37
OUT_19979,251.97
OUT_19980,73.6
OUT_19981,76.38
OUT_19982,76.17
OUT_19983,81.5
OUT_19984,252.43
OUT_19985,903.35
OUT_19986,251.09
OUT_19987,77.58
OUT_19988,74.01
OUT_19989,77.53
OUT_19990,77.89
OUT_19991,959.11
OUT_19992,262.08
OUT_19993,240.64
OUT_19994,253.4
OUT_19995,246.84
OUT_19996,260.38
OUT_19997,87.37
OUT_19998,252.98
OUT_19999,71.67
OUT_20000,70.26
