Outlet_ID,model_prediction
OUT_00001,391.87
OUT_00002,763.62
OUT_00003,637.43
OUT_00004,406.74
OUT_00005,737.65
OUT_00006,729.91
OUT_00007,748.33
OUT_00008,762.48
OUT_00009,271.2
OUT_00010,786.9
OUT_00011,628.13
OUT_00012,511.92
OUT_00013,655.39
OUT_00014,674.74
OUT_00015,713.6
OUT_00016,713.44
OUT_00017,754.24
OUT_00018,650.38
OUT_00019,778.04
OUT_00020,716.23
OUT_00021,637.85
OUT_00022,759.92
OUT_00023,779.79
OUT_00024,689.7
OUT_00025,784.03
OUT_00026,786.14
OUT_00027,910.35
OUT_00028,370.31
OUT_00029,661.0
OUT_00030,759.15
OUT_00031,742.67
OUT_00032,756.69
OUT_00033,771.52
OUT_00034,757.17
OUT_00035,766.88
OUT_00036,670.86
OUT_00037,794.6
OUT_00038,737.63
OUT_00039,477.8
OUT_00040,728.16
OUT_00041,724.52
OUT_00042,620.56
OUT_00043,654.97
OUT_00044,782.3
OUT_00045,747.77
OUT_00046,501.65
OUT_00047,805.77
OUT_00048,614.09
OUT_00049,836.47
OUT_00050,704.14
OUT_00051,730.0
OUT_00052,745.8
OUT_00053,534.65
OUT_00054,769.75
OUT_00055,759.48
OUT_00056,785.59
OUT_00057,667.03
OUT_00058,275.02
OUT_00059,670.82
OUT_00060,657.79
OUT_00061,664.6
OUT_00062,684.03
OUT_00063,669.36
OUT_00064,597.62
OUT_00065,652.64
OUT_00066,650.49
OUT_00067,663.18
OUT_00068,649.19
OUT_00069,648.95
OUT_00070,649.46
OUT_00071,629.57
OUT_00072,651.58
OUT_00073,664.04
OUT_00074,669.78
OUT_00075,652.11
OUT_00076,682.71
OUT_00077,642.75
OUT_00078,1449.17
OUT_00079,706.81
OUT_00080,661.24
OUT_00081,711.43
OUT_00082,677.49
OUT_00083,664.4
OUT_00084,649.33
OUT_00085,344.98
OUT_00086,639.09
OUT_00087,772.6
OUT_00088,675.07
OUT_00089,643.05
OUT_00090,665.06
OUT_00091,556.36
OUT_00092,671.24
OUT_00093,675.69
OUT_00094,686.82
OUT_00095,660.34
OUT_00096,653.83
OUT_00097,630.19
OUT_00098,659.18
OUT_00099,644.62
OUT_00100,669.1
OUT_00101,755.24
OUT_00102,670.28
OUT_00103,664.8
OUT_00104,670.06
OUT_00105,657.26
OUT_00106,663.22
OUT_00107,672.47
OUT_00108,694.37
OUT_00109,661.98
OUT_00110,654.09
OUT_00111,665.67
OUT_00112,797.47
OUT_00113,652.53
OUT_00114,671.45
OUT_00115,652.24
OUT_00116,663.26
OUT_00117,666.85
OUT_00118,649.34
OUT_00119,665.37
OUT_00120,678.12
OUT_00121,655.0
OUT_00122,665.27
OUT_00123,650.28
OUT_00124,553.27
OUT_00125,657.09
OUT_00126,635.84
OUT_00127,647.16
OUT_00128,649.17
OUT_00129,642.45
OUT_00130,661.99
OUT_00131,690.93
OUT_00132,669.19
OUT_00133,638.57
OUT_00134,686.96
OUT_00135,650.96
OUT_00136,678.92
OUT_00137,658.91
OUT_00138,637.81
OUT_00139,659.99
OUT_00140,657.89
OUT_00141,652.34
OUT_00142,617.5
OUT_00143,635.23
OUT_00144,637.92
OUT_00145,632.25
OUT_00146,688.73
OUT_00147,638.59
OUT_00148,641.14
OUT_00149,647.88
OUT_00150,531.87
OUT_00151,673.86
OUT_00152,670.14
OUT_00153,475.47
OUT_00154,602.35
OUT_00155,651.79
OUT_00156,636.01
OUT_00157,653.93
OUT_00158,674.89
OUT_00159,646.58
OUT_00160,649.05
OUT_00161,555.56
OUT_00162,650.23
OUT_00163,634.01
OUT_00164,671.11
OUT_00165,680.72
OUT_00166,678.18
OUT_00167,650.53
OUT_00168,691.07
OUT_00169,652.4
OUT_00170,652.0
OUT_00171,529.85
OUT_00172,698.94
OUT_00173,693.19
OUT_00174,633.17
OUT_00175,677.8
OUT_00176,507.73
OUT_00177,655.25
OUT_00178,654.72
OUT_00179,634.24
OUT_00180,643.24
OUT_00181,625.6
OUT_00182,663.75
OUT_00183,655.56
OUT_00184,645.58
OUT_00185,617.41
OUT_00186,655.94
OUT_00187,650.41
OUT_00188,661.98
OUT_00189,410.12
OUT_00190,665.99
OUT_00191,647.42
OUT_00192,668.98
OUT_00193,678.01
OUT_00194,656.95
OUT_00195,252.09
OUT_00196,634.59
OUT_00197,638.6
OUT_00198,649.99
OUT_00199,650.18
OUT_00200,635.38
OUT_00201,535.98
OUT_00202,652.96
OUT_00203,665.01
OUT_00204,650.67
OUT_00205,650.45
OUT_00206,665.63
OUT_00207,656.59
OUT_00208,655.59
OUT_00209,648.36
OUT_00210,648.32
OUT_00211,669.41
OUT_00212,662.23
OUT_00213,665.75
OUT_00214,1395.03
OUT_00215,655.67
OUT_00216,665.58
OUT_00217,687.55
OUT_00218,647.36
OUT_00219,671.25
OUT_00220,650.24
OUT_00221,656.05
OUT_00222,671.17
OUT_00223,646.25
OUT_00224,635.28
OUT_00225,632.06
OUT_00226,656.21
OUT_00227,675.54
OUT_00228,661.69
OUT_00229,676.74
OUT_00230,663.34
OUT_00231,663.88
OUT_00232,643.7
OUT_00233,649.15
OUT_00234,658.02
OUT_00235,647.92
OUT_00236,650.87
OUT_00237,674.57
OUT_00238,647.37
OUT_00239,655.0
OUT_00240,650.49
OUT_00241,265.38
OUT_00242,639.23
OUT_00243,648.94
OUT_00244,635.94
OUT_00245,658.02
OUT_00246,696.28
OUT_00247,671.67
OUT_00248,667.23
OUT_00249,678.38
OUT_00250,775.37
OUT_00251,645.94
OUT_00252,710.56
OUT_00253,664.91
OUT_00254,660.44
OUT_00255,679.21
OUT_00256,664.18
OUT_00257,771.11
OUT_00258,709.71
OUT_00259,638.15
OUT_00260,656.31
OUT_00261,647.64
OUT_00262,642.51
OUT_00263,650.84
OUT_00264,647.65
OUT_00265,667.15
OUT_00266,660.47
OUT_00267,649.91
OUT_00268,647.92
OUT_00269,651.38
OUT_00270,648.47
OUT_00271,596.37
OUT_00272,651.6
OUT_00273,652.97
OUT_00274,673.74
OUT_00275,639.05
OUT_00276,627.84
OUT_00277,663.24
OUT_00278,651.57
OUT_00279,1344.15
OUT_00280,642.79
OUT_00281,659.96
OUT_00282,646.1
OUT_00283,641.63
OUT_00284,647.05
OUT_00285,638.83
OUT_00286,650.87
OUT_00287,639.02
OUT_00288,667.38
OUT_00289,653.85
OUT_00290,663.36
OUT_00291,710.08
OUT_00292,635.55
OUT_00293,636.52
OUT_00294,651.4
OUT_00295,637.27
OUT_00296,594.76
OUT_00297,678.59
OUT_00298,649.79
OUT_00299,649.04
OUT_00300,634.43
OUT_00301,524.21
OUT_00302,532.62
OUT_00303,651.2
OUT_00304,660.58
OUT_00305,633.05
OUT_00306,620.39
OUT_00307,676.3
OUT_00308,633.23
OUT_00309,677.57
OUT_00310,702.11
OUT_00311,661.12
OUT_00312,614.94
OUT_00313,647.8
OUT_00314,664.29
OUT_00315,600.14
OUT_00316,649.29
OUT_00317,648.39
OUT_00318,648.7
OUT_00319,628.71
OUT_00320,661.47
OUT_00321,671.24
OUT_00322,639.58
OUT_00323,654.87
OUT_00324,491.77
OUT_00325,624.38
OUT_00326,648.09
OUT_00327,657.14
OUT_00328,652.23
OUT_00329,642.85
OUT_00330,653.08
OUT_00331,410.63
OUT_00332,641.77
OUT_00333,651.93
OUT_00334,650.06
OUT_00335,662.81
OUT_00336,664.93
OUT_00337,584.01
OUT_00338,716.89
OUT_00339,702.08
OUT_00340,653.67
OUT_00341,649.1
OUT_00342,657.25
OUT_00343,668.29
OUT_00344,648.26
OUT_00345,647.72
OUT_00346,678.52
OUT_00347,665.16
OUT_00348,652.68
OUT_00349,682.74
OUT_00350,825.27
OUT_00351,661.37
OUT_00352,665.75
OUT_00353,633.0
OUT_00354,664.57
OUT_00355,654.85
OUT_00356,543.82
OUT_00357,662.98
OUT_00358,660.63
OUT_00359,644.18
OUT_00360,634.61
OUT_00361,775.43
OUT_00362,664.71
OUT_00363,679.35
OUT_00364,650.24
OUT_00365,647.92
OUT_00366,647.14
OUT_00367,1485.78
OUT_00368,648.04
OUT_00369,657.11
OUT_00370,677.57
OUT_00371,628.43
OUT_00372,663.82
OUT_00373,669.64
OUT_00374,566.4
OUT_00375,270.53
OUT_00376,652.17
OUT_00377,544.76
OUT_00378,649.18
OUT_00379,650.57
OUT_00380,638.06
OUT_00381,683.06
OUT_00382,666.3
OUT_00383,653.72
OUT_00384,653.45
OUT_00385,632.04
OUT_00386,657.49
OUT_00387,700.88
OUT_00388,653.76
OUT_00389,637.56
OUT_00390,672.97
OUT_00391,219.61
OUT_00392,560.87
OUT_00393,670.27
OUT_00394,676.87
OUT_00395,677.15
OUT_00396,665.27
OUT_00397,613.01
OUT_00398,656.3
OUT_00399,302.77
OUT_00400,650.36
OUT_00401,47.17
OUT_00402,650.26
OUT_00403,192.9
OUT_00404,61.0
OUT_00405,195.24
OUT_00406,43.8
OUT_00407,60.5
OUT_00408,51.13
OUT_00409,195.02
OUT_00410,192.72
OUT_00411,66.87
OUT_00412,60.46
OUT_00413,657.23
OUT_00414,55.28
OUT_00415,64.72
OUT_00416,190.75
OUT_00417,638.75
OUT_00418,192.04
OUT_00419,49.51
OUT_00420,47.72
OUT_00421,189.48
OUT_00422,174.74
OUT_00423,658.7
OUT_00424,650.17
OUT_00425,65.02
OUT_00426,193.44
OUT_00427,190.3
OUT_00428,1690.41
OUT_00429,190.85
OUT_00430,42.21
OUT_00431,62.12
OUT_00432,1666.2
OUT_00433,200.11
OUT_00434,1672.49
OUT_00435,194.24
OUT_00436,64.07
OUT_00437,65.61
OUT_00438,187.82
OUT_00439,193.28
OUT_00440,52.73
OUT_00441,58.3
OUT_00442,58.04
OUT_00443,192.25
OUT_00444,194.21
OUT_00445,650.99
OUT_00446,68.22
OUT_00447,50.27
OUT_00448,57.93
OUT_00449,1667.98
OUT_00450,660.81
OUT_00451,56.29
OUT_00452,61.14
OUT_00453,231.29
OUT_00454,194.24
OUT_00455,1667.48
OUT_00456,194.57
OUT_00457,656.78
OUT_00458,70.77
OUT_00459,187.5
OUT_00460,187.46
OUT_00461,50.24
OUT_00462,59.96
OUT_00463,649.95
OUT_00464,58.78
OUT_00465,195.81
OUT_00466,648.94
OUT_00467,60.62
OUT_00468,664.53
OUT_00469,62.53
OUT_00470,61.26
OUT_00471,194.44
OUT_00472,198.22
OUT_00473,56.62
OUT_00474,51.35
OUT_00475,48.79
OUT_00476,198.55
OUT_00477,67.72
OUT_00478,187.13
OUT_00479,71.07
OUT_00480,71.71
OUT_00481,66.6
OUT_00482,194.5
OUT_00483,68.5
OUT_00484,54.02
OUT_00485,177.57
OUT_00486,204.21
OUT_00487,63.83
OUT_00488,62.84
OUT_00489,188.57
OUT_00490,50.61
OUT_00491,61.4
OUT_00492,672.68
OUT_00493,455.12
OUT_00494,47.15
OUT_00495,66.67
OUT_00496,61.37
OUT_00497,203.43
OUT_00498,200.89
OUT_00499,189.93
OUT_00500,65.48
OUT_00501,198.13
OUT_00502,190.32
OUT_00503,677.88
OUT_00504,190.32
OUT_00505,68.48
OUT_00506,1663.87
OUT_00507,1540.98
OUT_00508,195.12
OUT_00509,199.07
OUT_00510,190.92
OUT_00511,191.77
OUT_00512,53.15
OUT_00513,57.16
OUT_00514,64.99
OUT_00515,650.49
OUT_00516,63.63
OUT_00517,194.35
OUT_00518,189.78
OUT_00519,66.47
OUT_00520,45.24
OUT_00521,61.59
OUT_00522,55.25
OUT_00523,55.59
OUT_00524,76.45
OUT_00525,651.89
OUT_00526,193.94
OUT_00527,192.86
OUT_00528,190.52
OUT_00529,191.04
OUT_00530,664.73
OUT_00531,26.82
OUT_00532,65.44
OUT_00533,60.38
OUT_00534,665.26
OUT_00535,65.09
OUT_00536,49.96
OUT_00537,51.89
OUT_00538,64.19
OUT_00539,652.98
OUT_00540,64.77
OUT_00541,193.32
OUT_00542,63.99
OUT_00543,60.21
OUT_00544,51.65
OUT_00545,195.86
OUT_00546,191.93
OUT_00547,58.83
OUT_00548,67.67
OUT_00549,57.49
OUT_00550,187.96
OUT_00551,665.51
OUT_00552,54.77
OUT_00553,185.95
OUT_00554,64.55
OUT_00555,55.49
OUT_00556,186.1
OUT_00557,51.9
OUT_00558,51.66
OUT_00559,30.85
OUT_00560,198.04
OUT_00561,67.93
OUT_00562,50.8
OUT_00563,72.09
OUT_00564,67.41
OUT_00565,191.2
OUT_00566,74.36
OUT_00567,666.2
OUT_00568,1679.15
OUT_00569,64.91
OUT_00570,660.43
OUT_00571,63.56
OUT_00572,51.21
OUT_00573,650.68
OUT_00574,195.54
OUT_00575,57.44
OUT_00576,185.99
OUT_00577,660.85
OUT_00578,59.72
OUT_00579,1285.57
OUT_00580,658.02
OUT_00581,647.84
OUT_00582,197.95
OUT_00583,70.59
OUT_00584,62.48
OUT_00585,196.23
OUT_00586,188.82
OUT_00587,193.58
OUT_00588,36.88
OUT_00589,677.82
OUT_00590,190.87
OUT_00591,668.29
OUT_00592,62.48
OUT_00593,60.85
OUT_00594,195.54
OUT_00595,194.61
OUT_00596,52.22
OUT_00597,45.73
OUT_00598,61.31
OUT_00599,65.27
OUT_00600,652.02
OUT_00601,194.39
OUT_00602,70.2
OUT_00603,673.46
OUT_00604,195.34
OUT_00605,60.42
OUT_00606,649.1
OUT_00607,653.3
OUT_00608,195.67
OUT_00609,184.92
OUT_00610,648.11
OUT_00611,70.02
OUT_00612,66.12
OUT_00613,55.23
OUT_00614,655.99
OUT_00615,47.42
OUT_00616,190.21
OUT_00617,192.06
OUT_00618,199.06
OUT_00619,1668.52
OUT_00620,195.19
OUT_00621,188.74
OUT_00622,64.32
OUT_00623,63.94
OUT_00624,198.57
OUT_00625,199.31
OUT_00626,670.43
OUT_00627,184.53
OUT_00628,54.55
OUT_00629,190.47
OUT_00630,55.8
OUT_00631,54.34
OUT_00632,41.04
OUT_00633,676.2
OUT_00634,196.15
OUT_00635,193.31
OUT_00636,190.76
OUT_00637,194.86
OUT_00638,194.41
OUT_00639,666.26
OUT_00640,198.42
OUT_00641,54.35
OUT_00642,192.31
OUT_00643,175.96
OUT_00644,191.35
OUT_00645,191.32
OUT_00646,71.96
OUT_00647,56.13
OUT_00648,192.04
OUT_00649,670.95
OUT_00650,194.98
OUT_00651,51.62
OUT_00652,190.37
OUT_00653,62.3
OUT_00654,63.05
OUT_00655,64.41
OUT_00656,191.27
OUT_00657,63.74
OUT_00658,193.96
OUT_00659,59.16
OUT_00660,657.16
OUT_00661,195.9
OUT_00662,197.12
OUT_00663,192.63
OUT_00664,57.69
OUT_00665,56.14
OUT_00666,682.93
OUT_00667,186.16
OUT_00668,58.3
OUT_00669,67.49
OUT_00670,224.51
OUT_00671,192.48
OUT_00672,65.87
OUT_00673,195.19
OUT_00674,632.8
OUT_00675,64.92
OUT_00676,42.7
OUT_00677,203.6
OUT_00678,58.25
OUT_00679,54.69
OUT_00680,190.08
OUT_00681,55.83
OUT_00682,55.32
OUT_00683,190.67
OUT_00684,1559.05
OUT_00685,64.26
OUT_00686,677.33
OUT_00687,680.21
OUT_00688,66.45
OUT_00689,1666.06
OUT_00690,57.88
OUT_00691,1658.0
OUT_00692,44.2
OUT_00693,246.47
OUT_00694,681.95
OUT_00695,65.47
OUT_00696,59.41
OUT_00697,197.74
OUT_00698,664.31
OUT_00699,664.97
OUT_00700,67.23
OUT_00701,36.61
OUT_00702,66.86
OUT_00703,189.27
OUT_00704,190.76
OUT_00705,55.43
OUT_00706,189.42
OUT_00707,50.37
OUT_00708,53.67
OUT_00709,62.81
OUT_00710,190.44
OUT_00711,63.89
OUT_00712,664.59
OUT_00713,65.47
OUT_00714,55.02
OUT_00715,191.04
OUT_00716,57.94
OUT_00717,676.4
OUT_00718,52.09
OUT_00719,62.14
OUT_00720,640.21
OUT_00721,68.2
OUT_00722,189.99
OUT_00723,69.79
OUT_00724,54.21
OUT_00725,48.0
OUT_00726,676.6
OUT_00727,199.2
OUT_00728,659.36
OUT_00729,48.53
OUT_00730,195.19
OUT_00731,646.4
OUT_00732,197.79
OUT_00733,191.88
OUT_00734,649.09
OUT_00735,61.9
OUT_00736,655.09
OUT_00737,636.54
OUT_00738,28.04
OUT_00739,67.57
OUT_00740,195.04
OUT_00741,72.17
OUT_00742,1694.91
OUT_00743,64.22
OUT_00744,192.59
OUT_00745,192.67
OUT_00746,646.88
OUT_00747,184.49
OUT_00748,71.48
OUT_00749,193.64
OUT_00750,194.32
OUT_00751,56.82
OUT_00752,55.34
OUT_00753,655.97
OUT_00754,71.61
OUT_00755,664.12
OUT_00756,191.74
OUT_00757,189.76
OUT_00758,60.4
OUT_00759,61.19
OUT_00760,46.92
OUT_00761,192.42
OUT_00762,53.91
OUT_00763,47.56
OUT_00764,194.36
OUT_00765,47.12
OUT_00766,56.45
OUT_00767,198.42
OUT_00768,57.23
OUT_00769,198.88
OUT_00770,57.35
OUT_00771,193.96
OUT_00772,192.19
OUT_00773,669.43
OUT_00774,65.52
OUT_00775,191.41
OUT_00776,65.32
OUT_00777,56.08
OUT_00778,1694.22
OUT_00779,189.82
OUT_00780,53.66
OUT_00781,63.54
OUT_00782,44.32
OUT_00783,67.23
OUT_00784,56.34
OUT_00785,193.72
OUT_00786,121.11
OUT_00787,193.1
OUT_00788,190.72
OUT_00789,656.07
OUT_00790,57.86
OUT_00791,1652.83
OUT_00792,666.39
OUT_00793,193.19
OUT_00794,61.06
OUT_00795,673.75
OUT_00796,55.06
OUT_00797,195.13
OUT_00798,191.39
OUT_00799,655.92
OUT_00800,635.74
OUT_00801,55.96
OUT_00802,56.11
OUT_00803,193.67
OUT_00804,64.72
OUT_00805,64.3
OUT_00806,65.09
OUT_00807,62.59
OUT_00808,194.25
OUT_00809,194.84
OUT_00810,62.99
OUT_00811,62.07
OUT_00812,61.31
OUT_00813,51.49
OUT_00814,57.02
OUT_00815,1687.1
OUT_00816,67.92
OUT_00817,70.45
OUT_00818,61.05
OUT_00819,42.18
OUT_00820,50.46
OUT_00821,55.24
OUT_00822,193.7
OUT_00823,656.58
OUT_00824,55.72
OUT_00825,193.48
OUT_00826,193.7
OUT_00827,66.25
OUT_00828,193.28
OUT_00829,50.21
OUT_00830,67.61
OUT_00831,64.7
OUT_00832,51.86
OUT_00833,189.53
OUT_00834,191.83
OUT_00835,194.08
OUT_00836,191.24
OUT_00837,636.12
OUT_00838,194.03
OUT_00839,54.39
OUT_00840,1656.47
OUT_00841,43.59
OUT_00842,63.17
OUT_00843,204.66
OUT_00844,60.21
OUT_00845,196.09
OUT_00846,44.25
OUT_00847,191.25
OUT_00848,191.62
OUT_00849,194.31
OUT_00850,63.32
OUT_00851,61.22
OUT_00852,188.54
OUT_00853,1679.98
OUT_00854,191.14
OUT_00855,71.7
OUT_00856,1661.31
OUT_00857,676.43
OUT_00858,64.86
OUT_00859,71.58
OUT_00860,55.08
OUT_00861,67.45
OUT_00862,56.89
OUT_00863,63.88
OUT_00864,49.22
OUT_00865,202.3
OUT_00866,210.64
OUT_00867,188.5
OUT_00868,58.4
OUT_00869,49.15
OUT_00870,186.49
OUT_00871,662.05
OUT_00872,64.42
OUT_00873,650.51
OUT_00874,190.88
OUT_00875,62.37
OUT_00876,61.35
OUT_00877,663.52
OUT_00878,194.82
OUT_00879,191.58
OUT_00880,56.15
OUT_00881,663.98
OUT_00882,72.11
OUT_00883,67.3
OUT_00884,214.86
OUT_00885,197.33
OUT_00886,1658.33
OUT_00887,55.56
OUT_00888,63.53
OUT_00889,199.36
OUT_00890,190.01
OUT_00891,198.17
OUT_00892,54.71
OUT_00893,66.72
OUT_00894,62.19
OUT_00895,185.93
OUT_00896,62.83
OUT_00897,215.12
OUT_00898,46.67
OUT_00899,49.69
OUT_00900,72.41
OUT_00901,60.1
OUT_00902,51.61
OUT_00903,641.8
OUT_00904,55.39
OUT_00905,51.09
OUT_00906,667.01
OUT_00907,68.35
OUT_00908,61.68
OUT_00909,58.35
OUT_00910,68.61
OUT_00911,62.56
OUT_00912,646.19
OUT_00913,193.5
OUT_00914,199.4
OUT_00915,52.88
OUT_00916,193.91
OUT_00917,190.55
OUT_00918,649.41
OUT_00919,67.57
OUT_00920,190.19
OUT_00921,193.39
OUT_00922,65.04
OUT_00923,657.21
OUT_00924,196.77
OUT_00925,64.56
OUT_00926,61.93
OUT_00927,51.54
OUT_00928,55.15
OUT_00929,192.82
OUT_00930,189.71
OUT_00931,65.01
OUT_00932,69.32
OUT_00933,635.24
OUT_00934,636.15
OUT_00935,199.89
OUT_00936,65.21
OUT_00937,652.03
OUT_00938,198.93
OUT_00939,55.57
OUT_00940,64.38
OUT_00941,189.26
OUT_00942,192.5
OUT_00943,634.07
OUT_00944,57.17
OUT_00945,194.46
OUT_00946,58.52
OUT_00947,56.69
OUT_00948,63.11
OUT_00949,54.94
OUT_00950,51.32
OUT_00951,192.17
OUT_00952,653.46
OUT_00953,67.25
OUT_00954,655.25
OUT_00955,193.77
OUT_00956,192.33
OUT_00957,56.3
OUT_00958,60.94
OUT_00959,65.92
OUT_00960,635.8
OUT_00961,30.17
OUT_00962,193.25
OUT_00963,184.49
OUT_00964,51.39
OUT_00965,1690.46
OUT_00966,52.45
OUT_00967,68.09
OUT_00968,48.29
OUT_00969,214.77
OUT_00970,47.71
OUT_00971,55.95
OUT_00972,194.52
OUT_00973,653.44
OUT_00974,54.37
OUT_00975,64.09
OUT_00976,192.93
OUT_00977,64.65
OUT_00978,56.52
OUT_00979,56.24
OUT_00980,68.95
OUT_00981,197.29
OUT_00982,55.28
OUT_00983,45.24
OUT_00984,61.26
OUT_00985,186.45
OUT_00986,664.98
OUT_00987,51.27
OUT_00988,189.31
OUT_00989,73.01
OUT_00990,650.66
OUT_00991,51.74
OUT_00992,188.34
OUT_00993,64.13
OUT_00994,676.9
OUT_00995,663.52
OUT_00996,1667.45
OUT_00997,191.33
OUT_00998,216.13
OUT_00999,194.44
OUT_01000,61.2
OUT_01001,56.0
OUT_01002,52.29
OUT_01003,51.08
OUT_01004,64.32
OUT_01005,191.25
OUT_01006,1668.95
OUT_01007,54.38
OUT_01008,200.61
OUT_01009,68.09
OUT_01010,187.94
OUT_01011,194.57
OUT_01012,195.39
OUT_01013,67.18
OUT_01014,191.89
OUT_01015,189.35
OUT_01016,189.03
OUT_01017,55.38
OUT_01018,651.61
OUT_01019,55.04
OUT_01020,62.66
OUT_01021,64.75
OUT_01022,64.94
OUT_01023,648.7
OUT_01024,64.72
OUT_01025,194.67
OUT_01026,190.71
OUT_01027,56.44
OUT_01028,59.29
OUT_01029,53.88
OUT_01030,59.98
OUT_01031,44.71
OUT_01032,1673.74
OUT_01033,61.01
OUT_01034,63.01
OUT_01035,194.98
OUT_01036,651.22
OUT_01037,199.87
OUT_01038,194.03
OUT_01039,638.77
OUT_01040,192.06
OUT_01041,200.2
OUT_01042,62.48
OUT_01043,58.4
OUT_01044,1665.0
OUT_01045,51.59
OUT_01046,62.88
OUT_01047,51.87
OUT_01048,55.45
OUT_01049,194.65
OUT_01050,63.88
OUT_01051,198.56
OUT_01052,56.09
OUT_01053,72.34
OUT_01054,196.37
OUT_01055,37.77
OUT_01056,176.31
OUT_01057,64.91
OUT_01058,193.14
OUT_01059,198.97
OUT_01060,195.24
OUT_01061,1677.53
OUT_01062,57.87
OUT_01063,35.83
OUT_01064,59.7
OUT_01065,60.83
OUT_01066,62.52
OUT_01067,62.65
OUT_01068,61.04
OUT_01069,191.2
OUT_01070,64.69
OUT_01071,65.97
OUT_01072,194.62
OUT_01073,652.75
OUT_01074,189.57
OUT_01075,187.25
OUT_01076,190.86
OUT_01077,57.0
OUT_01078,52.38
OUT_01079,649.53
OUT_01080,184.88
OUT_01081,67.21
OUT_01082,61.72
OUT_01083,60.02
OUT_01084,51.83
OUT_01085,639.94
OUT_01086,197.24
OUT_01087,43.31
OUT_01088,67.99
OUT_01089,43.25
OUT_01090,656.72
OUT_01091,52.06
OUT_01092,71.23
OUT_01093,197.85
OUT_01094,64.55
OUT_01095,64.77
OUT_01096,66.52
OUT_01097,194.36
OUT_01098,55.38
OUT_01099,653.23
OUT_01100,1660.16
OUT_01101,56.07
OUT_01102,186.57
OUT_01103,68.19
OUT_01104,54.13
OUT_01105,634.85
OUT_01106,60.18
OUT_01107,661.38
OUT_01108,1668.17
OUT_01109,194.92
OUT_01110,196.46
OUT_01111,190.98
OUT_01112,61.86
OUT_01113,50.11
OUT_01114,57.5
OUT_01115,228.6
OUT_01116,198.56
OUT_01117,28.7
OUT_01118,66.09
OUT_01119,44.77
OUT_01120,54.13
OUT_01121,189.47
OUT_01122,51.19
OUT_01123,207.31
OUT_01124,1667.59
OUT_01125,49.35
OUT_01126,66.77
OUT_01127,55.29
OUT_01128,66.44
OUT_01129,69.59
OUT_01130,668.34
OUT_01131,68.91
OUT_01132,60.33
OUT_01133,667.17
OUT_01134,684.26
OUT_01135,650.09
OUT_01136,67.88
OUT_01137,186.51
OUT_01138,194.49
OUT_01139,65.66
OUT_01140,56.58
OUT_01141,65.82
OUT_01142,189.98
OUT_01143,55.79
OUT_01144,60.4
OUT_01145,194.16
OUT_01146,1584.35
OUT_01147,51.36
OUT_01148,175.31
OUT_01149,188.42
OUT_01150,57.85
OUT_01151,55.78
OUT_01152,1669.7
OUT_01153,662.92
OUT_01154,58.38
OUT_01155,52.09
OUT_01156,190.09
OUT_01157,186.74
OUT_01158,66.46
OUT_01159,64.94
OUT_01160,39.67
OUT_01161,54.17
OUT_01162,59.95
OUT_01163,57.5
OUT_01164,668.59
OUT_01165,69.93
OUT_01166,194.47
OUT_01167,56.25
OUT_01168,62.93
OUT_01169,62.25
OUT_01170,66.59
OUT_01171,72.92
OUT_01172,67.48
OUT_01173,190.16
OUT_01174,64.3
OUT_01175,658.19
OUT_01176,198.05
OUT_01177,53.89
OUT_01178,653.66
OUT_01179,192.57
OUT_01180,192.4
OUT_01181,59.86
OUT_01182,191.84
OUT_01183,63.85
OUT_01184,64.49
OUT_01185,57.34
OUT_01186,49.82
OUT_01187,45.86
OUT_01188,64.89
OUT_01189,60.14
OUT_01190,62.01
OUT_01191,193.07
OUT_01192,69.89
OUT_01193,64.46
OUT_01194,64.52
OUT_01195,189.64
OUT_01196,52.78
OUT_01197,657.8
OUT_01198,190.45
OUT_01199,51.58
OUT_01200,40.04
OUT_01201,54.89
OUT_01202,45.53
OUT_01203,674.85
OUT_01204,215.02
OUT_01205,55.45
OUT_01206,54.56
OUT_01207,1663.91
OUT_01208,51.35
OUT_01209,52.22
OUT_01210,190.33
OUT_01211,198.52
OUT_01212,1667.4
OUT_01213,53.05
OUT_01214,670.92
OUT_01215,665.33
OUT_01216,64.18
OUT_01217,652.6
OUT_01218,416.48
OUT_01219,67.49
OUT_01220,189.01
OUT_01221,1667.74
OUT_01222,45.23
OUT_01223,190.27
OUT_01224,185.73
OUT_01225,192.55
OUT_01226,64.6
OUT_01227,62.76
OUT_01228,60.92
OUT_01229,62.85
OUT_01230,186.83
OUT_01231,61.31
OUT_01232,72.52
OUT_01233,190.36
OUT_01234,71.46
OUT_01235,193.9
OUT_01236,672.31
OUT_01237,55.88
OUT_01238,183.18
OUT_01239,675.4
OUT_01240,55.5
OUT_01241,1664.8
OUT_01242,65.62
OUT_01243,70.46
OUT_01244,64.83
OUT_01245,44.11
OUT_01246,657.46
OUT_01247,55.65
OUT_01248,54.6
OUT_01249,65.72
OUT_01250,201.23
OUT_01251,66.04
OUT_01252,65.82
OUT_01253,645.0
OUT_01254,62.77
OUT_01255,61.11
OUT_01256,70.99
OUT_01257,59.61
OUT_01258,183.98
OUT_01259,44.03
OUT_01260,44.49
OUT_01261,46.91
OUT_01262,667.08
OUT_01263,637.37
OUT_01264,72.64
OUT_01265,193.03
OUT_01266,193.2
OUT_01267,637.05
OUT_01268,195.91
OUT_01269,57.23
OUT_01270,663.27
OUT_01271,47.41
OUT_01272,200.58
OUT_01273,648.11
OUT_01274,72.72
OUT_01275,67.19
OUT_01276,33.23
OUT_01277,41.63
OUT_01278,61.08
OUT_01279,189.68
OUT_01280,58.19
OUT_01281,189.95
OUT_01282,67.89
OUT_01283,46.75
OUT_01284,193.97
OUT_01285,56.16
OUT_01286,52.29
OUT_01287,657.23
OUT_01288,642.36
OUT_01289,61.29
OUT_01290,188.13
OUT_01291,654.39
OUT_01292,665.39
OUT_01293,191.56
OUT_01294,67.79
OUT_01295,188.95
OUT_01296,46.5
OUT_01297,46.02
OUT_01298,195.69
OUT_01299,1661.71
OUT_01300,194.27
OUT_01301,54.35
OUT_01302,54.51
OUT_01303,65.09
OUT_01304,659.34
OUT_01305,68.24
OUT_01306,187.41
OUT_01307,194.52
OUT_01308,45.4
OUT_01309,61.34
OUT_01310,61.29
OUT_01311,46.06
OUT_01312,72.76
OUT_01313,69.78
OUT_01314,353.81
OUT_01315,48.78
OUT_01316,1676.97
OUT_01317,64.82
OUT_01318,55.06
OUT_01319,55.14
OUT_01320,67.74
OUT_01321,52.12
OUT_01322,71.23
OUT_01323,186.0
OUT_01324,52.6
OUT_01325,187.71
OUT_01326,62.73
OUT_01327,61.35
OUT_01328,55.7
OUT_01329,60.99
OUT_01330,47.61
OUT_01331,664.71
OUT_01332,192.25
OUT_01333,62.59
OUT_01334,190.8
OUT_01335,47.91
OUT_01336,57.36
OUT_01337,72.74
OUT_01338,649.86
OUT_01339,60.04
OUT_01340,64.94
OUT_01341,67.85
OUT_01342,189.24
OUT_01343,51.07
OUT_01344,60.48
OUT_01345,33.95
OUT_01346,190.05
OUT_01347,191.69
OUT_01348,192.3
OUT_01349,62.32
OUT_01350,191.43
OUT_01351,44.61
OUT_01352,667.68
OUT_01353,67.17
OUT_01354,56.31
OUT_01355,666.26
OUT_01356,196.03
OUT_01357,63.21
OUT_01358,202.79
OUT_01359,68.94
OUT_01360,193.98
OUT_01361,54.32
OUT_01362,1640.26
OUT_01363,66.51
OUT_01364,199.69
OUT_01365,46.58
OUT_01366,193.69
OUT_01367,194.14
OUT_01368,67.72
OUT_01369,648.68
OUT_01370,65.25
OUT_01371,48.32
OUT_01372,189.67
OUT_01373,196.94
OUT_01374,193.67
OUT_01375,675.08
OUT_01376,1698.87
OUT_01377,189.58
OUT_01378,56.06
OUT_01379,56.88
OUT_01380,339.54
OUT_01381,39.0
OUT_01382,649.51
OUT_01383,183.38
OUT_01384,64.26
OUT_01385,194.32
OUT_01386,195.62
OUT_01387,55.67
OUT_01388,64.05
OUT_01389,675.26
OUT_01390,71.41
OUT_01391,650.41
OUT_01392,64.33
OUT_01393,61.79
OUT_01394,66.13
OUT_01395,212.43
OUT_01396,657.44
OUT_01397,62.39
OUT_01398,55.69
OUT_01399,64.48
OUT_01400,661.33
OUT_01401,189.35
OUT_01402,70.61
OUT_01403,193.83
OUT_01404,71.75
OUT_01405,56.3
OUT_01406,56.96
OUT_01407,50.91
OUT_01408,194.45
OUT_01409,657.64
OUT_01410,655.93
OUT_01411,634.16
OUT_01412,193.23
OUT_01413,191.95
OUT_01414,64.98
OUT_01415,50.03
OUT_01416,38.33
OUT_01417,195.02
OUT_01418,203.99
OUT_01419,202.96
OUT_01420,633.04
OUT_01421,47.59
OUT_01422,64.58
OUT_01423,48.79
OUT_01424,50.7
OUT_01425,190.13
OUT_01426,64.39
OUT_01427,64.98
OUT_01428,188.6
OUT_01429,60.89
OUT_01430,60.22
OUT_01431,49.09
OUT_01432,59.62
OUT_01433,63.53
OUT_01434,57.86
OUT_01435,54.01
OUT_01436,189.56
OUT_01437,670.55
OUT_01438,72.82
OUT_01439,192.38
OUT_01440,1697.65
OUT_01441,194.53
OUT_01442,178.05
OUT_01443,59.89
OUT_01444,191.27
OUT_01445,191.93
OUT_01446,72.01
OUT_01447,676.6
OUT_01448,184.8
OUT_01449,189.56
OUT_01450,57.34
OUT_01451,196.96
OUT_01452,56.52
OUT_01453,668.9
OUT_01454,65.51
OUT_01455,55.17
OUT_01456,72.23
OUT_01457,54.69
OUT_01458,194.23
OUT_01459,45.65
OUT_01460,192.25
OUT_01461,638.41
OUT_01462,47.15
OUT_01463,42.6
OUT_01464,60.77
OUT_01465,74.55
OUT_01466,55.86
OUT_01467,35.96
OUT_01468,64.47
OUT_01469,52.82
OUT_01470,190.15
OUT_01471,1666.32
OUT_01472,1679.98
OUT_01473,667.66
OUT_01474,67.46
OUT_01475,57.57
OUT_01476,175.39
OUT_01477,70.28
OUT_01478,58.72
OUT_01479,37.58
OUT_01480,67.85
OUT_01481,636.64
OUT_01482,54.4
OUT_01483,196.72
OUT_01484,67.65
OUT_01485,669.99
OUT_01486,52.75
OUT_01487,67.19
OUT_01488,55.84
OUT_01489,43.64
OUT_01490,190.76
OUT_01491,58.63
OUT_01492,48.61
OUT_01493,51.43
OUT_01494,46.61
OUT_01495,195.54
OUT_01496,53.98
OUT_01497,189.32
OUT_01498,179.89
OUT_01499,190.43
OUT_01500,638.28
OUT_01501,65.41
OUT_01502,193.26
OUT_01503,676.44
OUT_01504,190.9
OUT_01505,1674.58
OUT_01506,640.1
OUT_01507,666.92
OUT_01508,55.08
OUT_01509,51.03
OUT_01510,194.64
OUT_01511,58.29
OUT_01512,43.0
OUT_01513,53.22
OUT_01514,1666.68
OUT_01515,56.02
OUT_01516,66.67
OUT_01517,62.69
OUT_01518,197.6
OUT_01519,50.83
OUT_01520,648.95
OUT_01521,197.53
OUT_01522,61.3
OUT_01523,194.48
OUT_01524,195.35
OUT_01525,65.32
OUT_01526,194.88
OUT_01527,659.91
OUT_01528,1663.07
OUT_01529,67.48
OUT_01530,55.0
OUT_01531,56.16
OUT_01532,655.18
OUT_01533,43.37
OUT_01534,69.23
OUT_01535,66.06
OUT_01536,65.92
OUT_01537,72.81
OUT_01538,66.67
OUT_01539,59.72
OUT_01540,658.22
OUT_01541,74.4
OUT_01542,59.85
OUT_01543,49.12
OUT_01544,65.01
OUT_01545,189.54
OUT_01546,192.72
OUT_01547,199.06
OUT_01548,48.3
OUT_01549,193.16
OUT_01550,174.75
OUT_01551,61.25
OUT_01552,190.97
OUT_01553,190.65
OUT_01554,1665.85
OUT_01555,46.61
OUT_01556,65.28
OUT_01557,1665.56
OUT_01558,40.59
OUT_01559,665.91
OUT_01560,659.69
OUT_01561,67.27
OUT_01562,59.88
OUT_01563,189.81
OUT_01564,56.65
OUT_01565,194.82
OUT_01566,51.21
OUT_01567,1610.56
OUT_01568,61.68
OUT_01569,61.06
OUT_01570,655.95
OUT_01571,54.26
OUT_01572,194.43
OUT_01573,62.4
OUT_01574,66.35
OUT_01575,57.53
OUT_01576,62.57
OUT_01577,194.84
OUT_01578,188.37
OUT_01579,62.32
OUT_01580,56.05
OUT_01581,186.95
OUT_01582,652.22
OUT_01583,186.64
OUT_01584,57.17
OUT_01585,61.28
OUT_01586,61.93
OUT_01587,43.47
OUT_01588,194.2
OUT_01589,191.76
OUT_01590,43.9
OUT_01591,67.34
OUT_01592,67.02
OUT_01593,638.14
OUT_01594,194.6
OUT_01595,1658.67
OUT_01596,194.96
OUT_01597,63.22
OUT_01598,192.39
OUT_01599,60.42
OUT_01600,71.62
OUT_01601,52.85
OUT_01602,197.75
OUT_01603,64.77
OUT_01604,65.52
OUT_01605,667.62
OUT_01606,67.35
OUT_01607,39.27
OUT_01608,73.19
OUT_01609,185.81
OUT_01610,190.15
OUT_01611,47.3
OUT_01612,45.14
OUT_01613,55.14
OUT_01614,60.46
OUT_01615,44.24
OUT_01616,57.36
OUT_01617,47.16
OUT_01618,61.0
OUT_01619,217.16
OUT_01620,190.57
OUT_01621,653.99
OUT_01622,61.9
OUT_01623,66.09
OUT_01624,1669.31
OUT_01625,50.68
OUT_01626,55.56
OUT_01627,46.94
OUT_01628,54.56
OUT_01629,637.77
OUT_01630,48.38
OUT_01631,60.06
OUT_01632,62.13
OUT_01633,51.67
OUT_01634,674.31
OUT_01635,192.21
OUT_01636,192.96
OUT_01637,67.32
OUT_01638,194.01
OUT_01639,663.77
OUT_01640,1695.84
OUT_01641,1667.39
OUT_01642,44.6
OUT_01643,55.98
OUT_01644,73.86
OUT_01645,60.64
OUT_01646,58.05
OUT_01647,43.39
OUT_01648,64.89
OUT_01649,59.55
OUT_01650,1671.28
OUT_01651,61.23
OUT_01652,61.2
OUT_01653,192.23
OUT_01654,639.01
OUT_01655,64.98
OUT_01656,634.38
OUT_01657,60.25
OUT_01658,72.38
OUT_01659,60.63
OUT_01660,198.07
OUT_01661,192.17
OUT_01662,194.47
OUT_01663,60.63
OUT_01664,61.22
OUT_01665,1668.04
OUT_01666,661.13
OUT_01667,221.71
OUT_01668,72.83
OUT_01669,65.18
OUT_01670,53.82
OUT_01671,65.29
OUT_01672,186.48
OUT_01673,38.53
OUT_01674,56.18
OUT_01675,192.22
OUT_01676,198.92
OUT_01677,57.58
OUT_01678,56.32
OUT_01679,639.93
OUT_01680,61.39
OUT_01681,61.26
OUT_01682,61.73
OUT_01683,64.67
OUT_01684,56.18
OUT_01685,60.58
OUT_01686,188.53
OUT_01687,64.68
OUT_01688,195.3
OUT_01689,58.46
OUT_01690,62.41
OUT_01691,1644.6
OUT_01692,193.57
OUT_01693,61.58
OUT_01694,676.72
OUT_01695,194.63
OUT_01696,61.2
OUT_01697,67.34
OUT_01698,64.04
OUT_01699,55.21
OUT_01700,70.75
OUT_01701,190.26
OUT_01702,47.24
OUT_01703,61.23
OUT_01704,189.65
OUT_01705,676.27
OUT_01706,49.43
OUT_01707,66.86
OUT_01708,192.42
OUT_01709,67.2
OUT_01710,196.37
OUT_01711,43.51
OUT_01712,1691.51
OUT_01713,56.25
OUT_01714,58.67
OUT_01715,192.9
OUT_01716,1668.65
OUT_01717,51.88
OUT_01718,189.42
OUT_01719,61.62
OUT_01720,66.98
OUT_01721,67.71
OUT_01722,72.68
OUT_01723,194.25
OUT_01724,70.69
OUT_01725,1669.83
OUT_01726,53.65
OUT_01727,59.35
OUT_01728,60.18
OUT_01729,66.28
OUT_01730,193.9
OUT_01731,190.57
OUT_01732,221.92
OUT_01733,55.2
OUT_01734,192.15
OUT_01735,663.82
OUT_01736,1667.36
OUT_01737,666.78
OUT_01738,175.43
OUT_01739,187.34
OUT_01740,671.46
OUT_01741,192.6
OUT_01742,190.06
OUT_01743,56.55
OUT_01744,66.41
OUT_01745,61.5
OUT_01746,194.01
OUT_01747,54.47
OUT_01748,66.86
OUT_01749,678.12
OUT_01750,60.99
OUT_01751,65.04
OUT_01752,63.07
OUT_01753,51.43
OUT_01754,198.32
OUT_01755,199.23
OUT_01756,191.66
OUT_01757,665.38
OUT_01758,662.48
OUT_01759,69.71
OUT_01760,1670.58
OUT_01761,72.53
OUT_01762,55.08
OUT_01763,195.56
OUT_01764,58.68
OUT_01765,69.35
OUT_01766,650.91
OUT_01767,671.05
OUT_01768,194.59
OUT_01769,57.61
OUT_01770,192.96
OUT_01771,65.37
OUT_01772,195.75
OUT_01773,71.62
OUT_01774,193.68
OUT_01775,648.2
OUT_01776,60.62
OUT_01777,43.63
OUT_01778,191.62
OUT_01779,69.91
OUT_01780,198.56
OUT_01781,51.3
OUT_01782,1620.55
OUT_01783,72.22
OUT_01784,55.0
OUT_01785,636.96
OUT_01786,67.74
OUT_01787,37.72
OUT_01788,196.84
OUT_01789,48.16
OUT_01790,67.5
OUT_01791,55.5
OUT_01792,67.55
OUT_01793,63.9
OUT_01794,193.49
OUT_01795,197.83
OUT_01796,61.33
OUT_01797,58.76
OUT_01798,194.44
OUT_01799,46.52
OUT_01800,187.34
OUT_01801,655.55
OUT_01802,668.17
OUT_01803,649.72
OUT_01804,190.78
OUT_01805,201.61
OUT_01806,647.77
OUT_01807,71.11
OUT_01808,193.64
OUT_01809,193.86
OUT_01810,47.21
OUT_01811,67.98
OUT_01812,52.91
OUT_01813,194.1
OUT_01814,190.63
OUT_01815,63.37
OUT_01816,68.27
OUT_01817,69.44
OUT_01818,61.64
OUT_01819,54.46
OUT_01820,189.25
OUT_01821,1675.54
OUT_01822,69.7
OUT_01823,61.96
OUT_01824,68.71
OUT_01825,656.04
OUT_01826,665.17
OUT_01827,677.48
OUT_01828,192.03
OUT_01829,65.63
OUT_01830,64.66
OUT_01831,51.58
OUT_01832,56.55
OUT_01833,55.69
OUT_01834,656.43
OUT_01835,654.58
OUT_01836,72.33
OUT_01837,64.46
OUT_01838,194.04
OUT_01839,198.35
OUT_01840,67.38
OUT_01841,1665.43
OUT_01842,188.75
OUT_01843,59.78
OUT_01844,648.76
OUT_01845,69.09
OUT_01846,54.34
OUT_01847,665.28
OUT_01848,197.31
OUT_01849,66.16
OUT_01850,223.64
OUT_01851,669.1
OUT_01852,658.09
OUT_01853,190.26
OUT_01854,654.14
OUT_01855,57.94
OUT_01856,195.6
OUT_01857,58.27
OUT_01858,57.36
OUT_01859,67.97
OUT_01860,194.21
OUT_01861,195.15
OUT_01862,65.89
OUT_01863,190.91
OUT_01864,193.99
OUT_01865,65.57
OUT_01866,62.35
OUT_01867,65.75
OUT_01868,171.42
OUT_01869,1670.08
OUT_01870,60.84
OUT_01871,64.59
OUT_01872,197.99
OUT_01873,195.63
OUT_01874,50.69
OUT_01875,191.53
OUT_01876,196.99
OUT_01877,672.44
OUT_01878,684.58
OUT_01879,1672.41
OUT_01880,190.69
OUT_01881,62.51
OUT_01882,64.81
OUT_01883,62.29
OUT_01884,52.2
OUT_01885,191.09
OUT_01886,57.8
OUT_01887,651.32
OUT_01888,59.12
OUT_01889,194.56
OUT_01890,55.55
OUT_01891,653.74
OUT_01892,189.63
OUT_01893,42.77
OUT_01894,190.87
OUT_01895,66.12
OUT_01896,67.51
OUT_01897,663.83
OUT_01898,192.13
OUT_01899,653.85
OUT_01900,54.34
OUT_01901,1657.86
OUT_01902,56.26
OUT_01903,1686.7
OUT_01904,61.33
OUT_01905,56.84
OUT_01906,1696.27
OUT_01907,650.41
OUT_01908,637.71
OUT_01909,65.91
OUT_01910,60.88
OUT_01911,190.07
OUT_01912,65.44
OUT_01913,196.79
OUT_01914,66.47
OUT_01915,49.56
OUT_01916,64.19
OUT_01917,179.82
OUT_01918,50.71
OUT_01919,59.68
OUT_01920,67.44
OUT_01921,46.8
OUT_01922,60.31
OUT_01923,56.32
OUT_01924,61.79
OUT_01925,663.24
OUT_01926,668.75
OUT_01927,212.77
OUT_01928,664.87
OUT_01929,187.59
OUT_01930,55.11
OUT_01931,62.9
OUT_01932,189.58
OUT_01933,59.21
OUT_01934,61.13
OUT_01935,49.53
OUT_01936,56.09
OUT_01937,1695.75
OUT_01938,189.68
OUT_01939,189.29
OUT_01940,64.66
OUT_01941,198.24
OUT_01942,46.78
OUT_01943,52.22
OUT_01944,1692.81
OUT_01945,61.19
OUT_01946,195.43
OUT_01947,54.97
OUT_01948,198.27
OUT_01949,64.58
OUT_01950,66.59
OUT_01951,649.14
OUT_01952,48.77
OUT_01953,664.18
OUT_01954,195.65
OUT_01955,647.85
OUT_01956,58.06
OUT_01957,66.07
OUT_01958,198.27
OUT_01959,56.1
OUT_01960,55.4
OUT_01961,634.66
OUT_01962,69.85
OUT_01963,655.07
OUT_01964,63.54
OUT_01965,193.23
OUT_01966,64.69
OUT_01967,654.07
OUT_01968,190.93
OUT_01969,64.54
OUT_01970,1573.9
OUT_01971,193.47
OUT_01972,63.03
OUT_01973,61.31
OUT_01974,65.61
OUT_01975,190.28
OUT_01976,194.7
OUT_01977,51.47
OUT_01978,61.47
OUT_01979,196.37
OUT_01980,192.21
OUT_01981,199.75
OUT_01982,684.19
OUT_01983,206.79
OUT_01984,647.88
OUT_01985,670.04
OUT_01986,52.18
OUT_01987,47.62
OUT_01988,193.16
OUT_01989,189.07
OUT_01990,62.69
OUT_01991,638.24
OUT_01992,191.2
OUT_01993,43.91
OUT_01994,193.41
OUT_01995,67.15
OUT_01996,638.15
OUT_01997,673.78
OUT_01998,49.1
OUT_01999,663.44
OUT_02000,192.16
OUT_02001,59.99
OUT_02002,50.62
OUT_02003,61.68
OUT_02004,52.04
OUT_02005,191.98
OUT_02006,193.57
OUT_02007,194.49
OUT_02008,193.3
OUT_02009,185.18
OUT_02010,62.63
OUT_02011,51.81
OUT_02012,196.57
OUT_02013,54.66
OUT_02014,648.43
OUT_02015,63.02
OUT_02016,632.25
OUT_02017,671.04
OUT_02018,195.44
OUT_02019,51.66
OUT_02020,58.79
OUT_02021,55.08
OUT_02022,1575.24
OUT_02023,45.95
OUT_02024,189.97
OUT_02025,1671.36
OUT_02026,199.37
OUT_02027,198.21
OUT_02028,203.68
OUT_02029,195.55
OUT_02030,366.15
OUT_02031,52.48
OUT_02032,194.57
OUT_02033,40.64
OUT_02034,1662.28
OUT_02035,45.53
OUT_02036,48.34
OUT_02037,66.35
OUT_02038,49.01
OUT_02039,73.52
OUT_02040,189.73
OUT_02041,45.03
OUT_02042,61.19
OUT_02043,185.42
OUT_02044,647.18
OUT_02045,193.51
OUT_02046,71.85
OUT_02047,657.56
OUT_02048,70.54
OUT_02049,50.93
OUT_02050,65.64
OUT_02051,197.87
OUT_02052,61.68
OUT_02053,63.66
OUT_02054,669.04
OUT_02055,193.65
OUT_02056,1672.03
OUT_02057,189.65
OUT_02058,669.02
OUT_02059,195.43
OUT_02060,73.01
OUT_02061,56.65
OUT_02062,72.27
OUT_02063,59.62
OUT_02064,46.98
OUT_02065,67.78
OUT_02066,658.88
OUT_02067,64.95
OUT_02068,657.57
OUT_02069,61.61
OUT_02070,47.26
OUT_02071,65.56
OUT_02072,672.18
OUT_02073,1664.16
OUT_02074,65.68
OUT_02075,57.35
OUT_02076,67.69
OUT_02077,69.55
OUT_02078,1673.28
OUT_02079,189.28
OUT_02080,51.09
OUT_02081,59.54
OUT_02082,62.2
OUT_02083,1661.31
OUT_02084,189.9
OUT_02085,675.25
OUT_02086,192.78
OUT_02087,194.98
OUT_02088,648.09
OUT_02089,59.82
OUT_02090,65.39
OUT_02091,48.38
OUT_02092,195.53
OUT_02093,25.39
OUT_02094,650.67
OUT_02095,191.07
OUT_02096,1684.44
OUT_02097,638.1
OUT_02098,186.66
OUT_02099,190.12
OUT_02100,64.98
OUT_02101,49.02
OUT_02102,60.0
OUT_02103,192.79
OUT_02104,209.46
OUT_02105,54.22
OUT_02106,55.25
OUT_02107,56.2
OUT_02108,50.86
OUT_02109,66.5
OUT_02110,68.98
OUT_02111,50.92
OUT_02112,57.37
OUT_02113,195.54
OUT_02114,194.64
OUT_02115,48.11
OUT_02116,54.79
OUT_02117,51.61
OUT_02118,191.89
OUT_02119,191.7
OUT_02120,64.95
OUT_02121,670.47
OUT_02122,51.4
OUT_02123,188.92
OUT_02124,185.99
OUT_02125,47.52
OUT_02126,69.09
OUT_02127,66.08
OUT_02128,668.56
OUT_02129,60.19
OUT_02130,56.24
OUT_02131,639.43
OUT_02132,191.23
OUT_02133,664.79
OUT_02134,194.52
OUT_02135,185.8
OUT_02136,651.34
OUT_02137,193.68
OUT_02138,655.07
OUT_02139,670.99
OUT_02140,56.98
OUT_02141,196.86
OUT_02142,45.95
OUT_02143,198.72
OUT_02144,54.29
OUT_02145,54.97
OUT_02146,650.89
OUT_02147,187.64
OUT_02148,195.98
OUT_02149,64.76
OUT_02150,64.78
OUT_02151,193.39
OUT_02152,1675.67
OUT_02153,62.46
OUT_02154,55.22
OUT_02155,194.43
OUT_02156,66.92
OUT_02157,197.6
OUT_02158,67.25
OUT_02159,48.83
OUT_02160,59.08
OUT_02161,72.78
OUT_02162,192.51
OUT_02163,55.75
OUT_02164,188.65
OUT_02165,41.86
OUT_02166,42.67
OUT_02167,65.38
OUT_02168,64.51
OUT_02169,47.4
OUT_02170,63.15
OUT_02171,47.93
OUT_02172,190.14
OUT_02173,54.95
OUT_02174,69.25
OUT_02175,37.96
OUT_02176,1667.21
OUT_02177,189.72
OUT_02178,55.75
OUT_02179,208.55
OUT_02180,1669.18
OUT_02181,637.87
OUT_02182,65.4
OUT_02183,195.14
OUT_02184,212.19
OUT_02185,193.42
OUT_02186,68.53
OUT_02187,189.78
OUT_02188,65.1
OUT_02189,63.21
OUT_02190,1692.62
OUT_02191,194.65
OUT_02192,197.67
OUT_02193,196.17
OUT_02194,61.72
OUT_02195,54.38
OUT_02196,193.33
OUT_02197,57.13
OUT_02198,68.81
OUT_02199,55.85
OUT_02200,190.39
OUT_02201,656.04
OUT_02202,54.06
OUT_02203,638.91
OUT_02204,189.53
OUT_02205,640.51
OUT_02206,62.56
OUT_02207,651.99
OUT_02208,51.29
OUT_02209,56.93
OUT_02210,61.12
OUT_02211,61.48
OUT_02212,187.52
OUT_02213,49.75
OUT_02214,31.1
OUT_02215,188.91
OUT_02216,197.55
OUT_02217,671.94
OUT_02218,195.16
OUT_02219,190.45
OUT_02220,46.9
OUT_02221,45.9
OUT_02222,64.6
OUT_02223,200.42
OUT_02224,193.9
OUT_02225,57.37
OUT_02226,186.28
OUT_02227,57.33
OUT_02228,194.36
OUT_02229,195.86
OUT_02230,191.91
OUT_02231,62.02
OUT_02232,46.25
OUT_02233,67.92
OUT_02234,194.63
OUT_02235,59.64
OUT_02236,1663.01
OUT_02237,52.03
OUT_02238,673.14
OUT_02239,41.31
OUT_02240,61.17
OUT_02241,62.69
OUT_02242,657.07
OUT_02243,676.74
OUT_02244,197.15
OUT_02245,45.15
OUT_02246,654.72
OUT_02247,52.76
OUT_02248,192.73
OUT_02249,187.67
OUT_02250,60.13
OUT_02251,46.58
OUT_02252,54.75
OUT_02253,197.18
OUT_02254,194.47
OUT_02255,191.08
OUT_02256,51.39
OUT_02257,202.48
OUT_02258,51.12
OUT_02259,61.67
OUT_02260,64.45
OUT_02261,62.32
OUT_02262,51.74
OUT_02263,204.88
OUT_02264,47.22
OUT_02265,72.1
OUT_02266,67.57
OUT_02267,640.64
OUT_02268,56.6
OUT_02269,189.29
OUT_02270,60.62
OUT_02271,43.65
OUT_02272,202.36
OUT_02273,190.23
OUT_02274,43.48
OUT_02275,196.51
OUT_02276,63.57
OUT_02277,197.97
OUT_02278,53.43
OUT_02279,650.37
OUT_02280,194.97
OUT_02281,51.88
OUT_02282,55.2
OUT_02283,64.93
OUT_02284,189.62
OUT_02285,66.3
OUT_02286,637.86
OUT_02287,188.41
OUT_02288,197.47
OUT_02289,65.24
OUT_02290,47.28
OUT_02291,43.8
OUT_02292,57.62
OUT_02293,70.23
OUT_02294,33.47
OUT_02295,192.96
OUT_02296,163.48
OUT_02297,61.68
OUT_02298,670.06
OUT_02299,64.48
OUT_02300,56.39
OUT_02301,636.35
OUT_02302,56.88
OUT_02303,657.1
OUT_02304,190.03
OUT_02305,191.38
OUT_02306,65.9
OUT_02307,67.38
OUT_02308,654.3
OUT_02309,67.34
OUT_02310,670.21
OUT_02311,199.98
OUT_02312,192.44
OUT_02313,193.14
OUT_02314,194.81
OUT_02315,67.82
OUT_02316,64.49
OUT_02317,44.5
OUT_02318,195.46
OUT_02319,56.14
OUT_02320,185.95
OUT_02321,67.81
OUT_02322,1656.67
OUT_02323,66.45
OUT_02324,187.4
OUT_02325,67.84
OUT_02326,53.31
OUT_02327,61.55
OUT_02328,64.51
OUT_02329,63.19
OUT_02330,32.48
OUT_02331,62.39
OUT_02332,191.82
OUT_02333,71.88
OUT_02334,651.21
OUT_02335,60.49
OUT_02336,73.38
OUT_02337,58.68
OUT_02338,66.11
OUT_02339,51.22
OUT_02340,56.34
OUT_02341,189.39
OUT_02342,68.74
OUT_02343,192.57
OUT_02344,675.48
OUT_02345,67.29
OUT_02346,648.26
OUT_02347,191.3
OUT_02348,64.75
OUT_02349,194.04
OUT_02350,191.21
OUT_02351,1658.81
OUT_02352,189.86
OUT_02353,190.25
OUT_02354,193.98
OUT_02355,191.34
OUT_02356,49.52
OUT_02357,56.99
OUT_02358,663.79
OUT_02359,41.19
OUT_02360,48.83
OUT_02361,189.64
OUT_02362,47.15
OUT_02363,65.07
OUT_02364,192.49
OUT_02365,189.97
OUT_02366,51.13
OUT_02367,67.47
OUT_02368,55.93
OUT_02369,646.71
OUT_02370,43.96
OUT_02371,1661.24
OUT_02372,56.31
OUT_02373,1670.25
OUT_02374,202.68
OUT_02375,198.21
OUT_02376,71.01
OUT_02377,61.37
OUT_02378,64.84
OUT_02379,198.01
OUT_02380,56.42
OUT_02381,43.56
OUT_02382,61.78
OUT_02383,1680.8
OUT_02384,197.96
OUT_02385,666.35
OUT_02386,662.88
OUT_02387,681.76
OUT_02388,70.54
OUT_02389,39.47
OUT_02390,198.97
OUT_02391,186.02
OUT_02392,45.23
OUT_02393,54.02
OUT_02394,192.74
OUT_02395,67.57
OUT_02396,197.64
OUT_02397,72.83
OUT_02398,60.68
OUT_02399,674.64
OUT_02400,29.23
OUT_02401,1669.31
OUT_02402,56.34
OUT_02403,52.39
OUT_02404,672.0
OUT_02405,677.39
OUT_02406,51.23
OUT_02407,191.96
OUT_02408,196.91
OUT_02409,193.43
OUT_02410,52.76
OUT_02411,56.24
OUT_02412,61.1
OUT_02413,40.52
OUT_02414,64.53
OUT_02415,635.97
OUT_02416,658.36
OUT_02417,56.33
OUT_02418,650.52
OUT_02419,193.25
OUT_02420,55.99
OUT_02421,55.33
OUT_02422,1670.63
OUT_02423,224.91
OUT_02424,55.7
OUT_02425,191.37
OUT_02426,56.24
OUT_02427,189.2
OUT_02428,193.92
OUT_02429,72.61
OUT_02430,202.18
OUT_02431,1669.18
OUT_02432,55.47
OUT_02433,60.93
OUT_02434,50.24
OUT_02435,65.22
OUT_02436,670.9
OUT_02437,1686.57
OUT_02438,54.37
OUT_02439,199.8
OUT_02440,45.7
OUT_02441,61.54
OUT_02442,190.44
OUT_02443,57.63
OUT_02444,658.14
OUT_02445,223.74
OUT_02446,192.32
OUT_02447,55.77
OUT_02448,52.63
OUT_02449,63.92
OUT_02450,55.57
OUT_02451,194.11
OUT_02452,663.77
OUT_02453,72.7
OUT_02454,196.82
OUT_02455,65.03
OUT_02456,69.71
OUT_02457,192.17
OUT_02458,654.47
OUT_02459,1663.34
OUT_02460,194.35
OUT_02461,72.57
OUT_02462,67.37
OUT_02463,61.17
OUT_02464,57.28
OUT_02465,67.4
OUT_02466,66.17
OUT_02467,56.39
OUT_02468,52.25
OUT_02469,194.91
OUT_02470,195.02
OUT_02471,1672.81
OUT_02472,178.26
OUT_02473,60.14
OUT_02474,48.6
OUT_02475,1649.09
OUT_02476,60.17
OUT_02477,68.02
OUT_02478,59.0
OUT_02479,668.25
OUT_02480,64.69
OUT_02481,61.17
OUT_02482,648.46
OUT_02483,44.89
OUT_02484,193.51
OUT_02485,60.22
OUT_02486,198.0
OUT_02487,50.7
OUT_02488,64.37
OUT_02489,53.4
OUT_02490,189.44
OUT_02491,66.27
OUT_02492,196.2
OUT_02493,69.85
OUT_02494,188.76
OUT_02495,60.43
OUT_02496,195.06
OUT_02497,61.32
OUT_02498,657.06
OUT_02499,64.37
OUT_02500,193.8
OUT_02501,673.07
OUT_02502,228.74
OUT_02503,51.23
OUT_02504,63.76
OUT_02505,55.11
OUT_02506,70.31
OUT_02507,51.43
OUT_02508,65.48
OUT_02509,200.54
OUT_02510,206.27
OUT_02511,258.74
OUT_02512,186.08
OUT_02513,67.79
OUT_02514,672.46
OUT_02515,648.53
OUT_02516,648.64
OUT_02517,213.05
OUT_02518,59.58
OUT_02519,64.24
OUT_02520,193.09
OUT_02521,57.8
OUT_02522,194.21
OUT_02523,215.32
OUT_02524,665.97
OUT_02525,649.59
OUT_02526,65.29
OUT_02527,195.97
OUT_02528,194.85
OUT_02529,65.0
OUT_02530,197.17
OUT_02531,188.3
OUT_02532,63.09
OUT_02533,55.09
OUT_02534,192.6
OUT_02535,64.7
OUT_02536,59.95
OUT_02537,65.41
OUT_02538,650.59
OUT_02539,65.71
OUT_02540,51.07
OUT_02541,650.84
OUT_02542,62.7
OUT_02543,181.12
OUT_02544,195.3
OUT_02545,194.45
OUT_02546,64.34
OUT_02547,55.7
OUT_02548,194.82
OUT_02549,194.26
OUT_02550,66.63
OUT_02551,60.04
OUT_02552,665.16
OUT_02553,59.85
OUT_02554,55.29
OUT_02555,195.5
OUT_02556,64.99
OUT_02557,51.07
OUT_02558,58.14
OUT_02559,64.76
OUT_02560,48.16
OUT_02561,67.55
OUT_02562,61.14
OUT_02563,186.1
OUT_02564,57.11
OUT_02565,193.28
OUT_02566,200.28
OUT_02567,63.05
OUT_02568,186.65
OUT_02569,64.45
OUT_02570,192.95
OUT_02571,188.83
OUT_02572,67.9
OUT_02573,43.22
OUT_02574,194.36
OUT_02575,67.92
OUT_02576,1665.26
OUT_02577,70.93
OUT_02578,649.1
OUT_02579,168.97
OUT_02580,58.62
OUT_02581,191.34
OUT_02582,1667.74
OUT_02583,49.78
OUT_02584,44.34
OUT_02585,67.8
OUT_02586,1673.94
OUT_02587,48.0
OUT_02588,56.71
OUT_02589,45.51
OUT_02590,191.18
OUT_02591,669.42
OUT_02592,195.47
OUT_02593,663.66
OUT_02594,50.29
OUT_02595,72.01
OUT_02596,667.95
OUT_02597,664.83
OUT_02598,646.42
OUT_02599,1670.35
OUT_02600,190.9
OUT_02601,188.02
OUT_02602,61.29
OUT_02603,665.96
OUT_02604,46.91
OUT_02605,194.59
OUT_02606,641.15
OUT_02607,66.95
OUT_02608,191.87
OUT_02609,56.78
OUT_02610,189.88
OUT_02611,197.33
OUT_02612,193.26
OUT_02613,194.29
OUT_02614,54.98
OUT_02615,636.51
OUT_02616,665.58
OUT_02617,1655.92
OUT_02618,55.42
OUT_02619,186.74
OUT_02620,48.93
OUT_02621,187.94
OUT_02622,49.55
OUT_02623,64.96
OUT_02624,46.59
OUT_02625,193.88
OUT_02626,641.12
OUT_02627,47.11
OUT_02628,193.65
OUT_02629,52.15
OUT_02630,58.11
OUT_02631,54.91
OUT_02632,194.74
OUT_02633,64.33
OUT_02634,36.95
OUT_02635,62.56
OUT_02636,1666.26
OUT_02637,71.5
OUT_02638,190.91
OUT_02639,56.27
OUT_02640,188.51
OUT_02641,654.4
OUT_02642,48.97
OUT_02643,664.82
OUT_02644,194.53
OUT_02645,71.87
OUT_02646,64.57
OUT_02647,665.31
OUT_02648,55.51
OUT_02649,66.67
OUT_02650,188.56
OUT_02651,199.43
OUT_02652,62.9
OUT_02653,64.67
OUT_02654,678.15
OUT_02655,64.55
OUT_02656,61.23
OUT_02657,54.71
OUT_02658,51.86
OUT_02659,61.56
OUT_02660,67.33
OUT_02661,190.15
OUT_02662,61.39
OUT_02663,190.38
OUT_02664,685.48
OUT_02665,648.24
OUT_02666,179.07
OUT_02667,46.16
OUT_02668,665.5
OUT_02669,62.34
OUT_02670,47.95
OUT_02671,65.37
OUT_02672,56.97
OUT_02673,64.74
OUT_02674,44.41
OUT_02675,67.44
OUT_02676,191.31
OUT_02677,61.22
OUT_02678,64.68
OUT_02679,71.16
OUT_02680,57.13
OUT_02681,62.48
OUT_02682,61.46
OUT_02683,65.87
OUT_02684,653.89
OUT_02685,50.09
OUT_02686,189.36
OUT_02687,67.29
OUT_02688,207.88
OUT_02689,55.9
OUT_02690,196.28
OUT_02691,674.17
OUT_02692,192.98
OUT_02693,53.54
OUT_02694,61.27
OUT_02695,55.13
OUT_02696,208.23
OUT_02697,191.4
OUT_02698,189.01
OUT_02699,191.66
OUT_02700,44.11
OUT_02701,637.48
OUT_02702,64.92
OUT_02703,194.22
OUT_02704,45.2
OUT_02705,48.66
OUT_02706,67.67
OUT_02707,62.57
OUT_02708,71.11
OUT_02709,47.7
OUT_02710,200.39
OUT_02711,53.51
OUT_02712,46.15
OUT_02713,74.93
OUT_02714,194.27
OUT_02715,61.16
OUT_02716,55.98
OUT_02717,646.95
OUT_02718,63.33
OUT_02719,50.96
OUT_02720,35.66
OUT_02721,1665.88
OUT_02722,194.67
OUT_02723,60.02
OUT_02724,55.89
OUT_02725,56.03
OUT_02726,61.16
OUT_02727,62.16
OUT_02728,667.03
OUT_02729,51.33
OUT_02730,58.29
OUT_02731,193.99
OUT_02732,64.52
OUT_02733,70.78
OUT_02734,655.3
OUT_02735,52.08
OUT_02736,191.61
OUT_02737,195.93
OUT_02738,50.49
OUT_02739,192.77
OUT_02740,194.53
OUT_02741,49.19
OUT_02742,62.69
OUT_02743,59.62
OUT_02744,192.14
OUT_02745,67.24
OUT_02746,192.59
OUT_02747,64.25
OUT_02748,59.93
OUT_02749,56.12
OUT_02750,68.12
OUT_02751,664.64
OUT_02752,61.56
OUT_02753,192.86
OUT_02754,64.75
OUT_02755,1659.36
OUT_02756,60.5
OUT_02757,64.97
OUT_02758,1664.7
OUT_02759,61.16
OUT_02760,662.28
OUT_02761,64.0
OUT_02762,67.53
OUT_02763,64.28
OUT_02764,68.12
OUT_02765,637.17
OUT_02766,186.14
OUT_02767,194.45
OUT_02768,57.09
OUT_02769,65.63
OUT_02770,194.55
OUT_02771,65.06
OUT_02772,61.21
OUT_02773,186.08
OUT_02774,190.5
OUT_02775,199.99
OUT_02776,669.72
OUT_02777,65.9
OUT_02778,56.63
OUT_02779,67.76
OUT_02780,193.86
OUT_02781,194.73
OUT_02782,670.75
OUT_02783,1707.63
OUT_02784,193.86
OUT_02785,47.12
OUT_02786,64.84
OUT_02787,61.18
OUT_02788,202.86
OUT_02789,55.13
OUT_02790,50.85
OUT_02791,184.81
OUT_02792,659.49
OUT_02793,192.15
OUT_02794,62.61
OUT_02795,62.13
OUT_02796,44.11
OUT_02797,202.82
OUT_02798,193.44
OUT_02799,60.48
OUT_02800,199.58
OUT_02801,46.21
OUT_02802,60.85
OUT_02803,51.2
OUT_02804,53.7
OUT_02805,36.69
OUT_02806,180.03
OUT_02807,211.52
OUT_02808,220.48
OUT_02809,64.73
OUT_02810,193.58
OUT_02811,72.86
OUT_02812,58.44
OUT_02813,57.26
OUT_02814,61.06
OUT_02815,45.06
OUT_02816,67.42
OUT_02817,188.12
OUT_02818,191.2
OUT_02819,195.59
OUT_02820,637.25
OUT_02821,192.33
OUT_02822,68.38
OUT_02823,53.67
OUT_02824,187.44
OUT_02825,27.17
OUT_02826,91.47
OUT_02827,193.98
OUT_02828,57.85
OUT_02829,674.09
OUT_02830,193.27
OUT_02831,57.52
OUT_02832,637.27
OUT_02833,209.38
OUT_02834,192.57
OUT_02835,51.94
OUT_02836,1698.5
OUT_02837,67.95
OUT_02838,188.43
OUT_02839,66.2
OUT_02840,635.56
OUT_02841,1672.75
OUT_02842,199.22
OUT_02843,48.19
OUT_02844,53.03
OUT_02845,66.09
OUT_02846,193.93
OUT_02847,38.47
OUT_02848,26.7
OUT_02849,197.32
OUT_02850,54.18
OUT_02851,33.76
OUT_02852,195.25
OUT_02853,195.36
OUT_02854,1665.83
OUT_02855,56.7
OUT_02856,54.03
OUT_02857,192.21
OUT_02858,666.35
OUT_02859,60.98
OUT_02860,1692.33
OUT_02861,61.28
OUT_02862,49.84
OUT_02863,188.36
OUT_02864,195.43
OUT_02865,1679.06
OUT_02866,68.21
OUT_02867,64.97
OUT_02868,38.12
OUT_02869,56.89
OUT_02870,72.11
OUT_02871,66.27
OUT_02872,71.93
OUT_02873,198.5
OUT_02874,193.9
OUT_02875,192.57
OUT_02876,187.36
OUT_02877,56.88
OUT_02878,218.51
OUT_02879,45.26
OUT_02880,63.89
OUT_02881,67.23
OUT_02882,57.64
OUT_02883,1615.62
OUT_02884,44.18
OUT_02885,64.97
OUT_02886,51.83
OUT_02887,194.0
OUT_02888,52.95
OUT_02889,66.52
OUT_02890,670.71
OUT_02891,60.79
OUT_02892,1671.46
OUT_02893,69.55
OUT_02894,54.34
OUT_02895,650.63
OUT_02896,669.69
OUT_02897,201.14
OUT_02898,57.98
OUT_02899,52.04
OUT_02900,189.3
OUT_02901,199.41
OUT_02902,200.7
OUT_02903,56.02
OUT_02904,62.92
OUT_02905,56.28
OUT_02906,669.97
OUT_02907,54.96
OUT_02908,64.03
OUT_02909,209.94
OUT_02910,195.79
OUT_02911,1614.02
OUT_02912,54.6
OUT_02913,194.44
OUT_02914,55.47
OUT_02915,61.53
OUT_02916,44.53
OUT_02917,61.44
OUT_02918,59.31
OUT_02919,662.45
OUT_02920,186.77
OUT_02921,55.91
OUT_02922,647.77
OUT_02923,192.01
OUT_02924,194.22
OUT_02925,188.45
OUT_02926,59.31
OUT_02927,59.63
OUT_02928,47.33
OUT_02929,65.53
OUT_02930,676.54
OUT_02931,45.06
OUT_02932,181.38
OUT_02933,60.29
OUT_02934,55.19
OUT_02935,62.54
OUT_02936,1671.49
OUT_02937,49.71
OUT_02938,56.49
OUT_02939,194.42
OUT_02940,66.96
OUT_02941,1668.28
OUT_02942,66.46
OUT_02943,66.03
OUT_02944,57.2
OUT_02945,53.99
OUT_02946,52.82
OUT_02947,68.62
OUT_02948,53.02
OUT_02949,219.55
OUT_02950,1702.28
OUT_02951,55.15
OUT_02952,192.73
OUT_02953,192.57
OUT_02954,195.68
OUT_02955,66.32
OUT_02956,676.25
OUT_02957,45.98
OUT_02958,199.75
OUT_02959,194.57
OUT_02960,176.9
OUT_02961,56.48
OUT_02962,1698.98
OUT_02963,220.79
OUT_02964,1663.02
OUT_02965,59.59
OUT_02966,634.75
OUT_02967,48.13
OUT_02968,67.52
OUT_02969,666.55
OUT_02970,653.8
OUT_02971,192.81
OUT_02972,208.76
OUT_02973,195.21
OUT_02974,650.5
OUT_02975,55.76
OUT_02976,54.85
OUT_02977,194.58
OUT_02978,195.12
OUT_02979,51.53
OUT_02980,64.74
OUT_02981,55.9
OUT_02982,57.48
OUT_02983,194.15
OUT_02984,73.97
OUT_02985,191.51
OUT_02986,188.74
OUT_02987,46.46
OUT_02988,55.82
OUT_02989,190.2
OUT_02990,195.64
OUT_02991,49.15
OUT_02992,68.15
OUT_02993,194.77
OUT_02994,650.15
OUT_02995,66.96
OUT_02996,650.38
OUT_02997,652.04
OUT_02998,64.85
OUT_02999,46.44
OUT_03000,195.41
OUT_03001,190.49
OUT_03002,536.02
OUT_03003,61.55
OUT_03004,654.96
OUT_03005,57.91
OUT_03006,191.47
OUT_03007,66.07
OUT_03008,63.84
OUT_03009,195.23
OUT_03010,61.3
OUT_03011,55.87
OUT_03012,66.53
OUT_03013,198.33
OUT_03014,205.41
OUT_03015,184.34
OUT_03016,54.89
OUT_03017,181.09
OUT_03018,663.55
OUT_03019,200.45
OUT_03020,1660.94
OUT_03021,664.74
OUT_03022,68.22
OUT_03023,66.97
OUT_03024,192.07
OUT_03025,67.85
OUT_03026,33.93
OUT_03027,60.1
OUT_03028,190.98
OUT_03029,58.29
OUT_03030,65.25
OUT_03031,191.55
OUT_03032,62.44
OUT_03033,68.04
OUT_03034,65.93
OUT_03035,67.96
OUT_03036,657.38
OUT_03037,1663.02
OUT_03038,670.88
OUT_03039,191.91
OUT_03040,656.82
OUT_03041,189.79
OUT_03042,54.57
OUT_03043,193.8
OUT_03044,45.86
OUT_03045,68.17
OUT_03046,63.18
OUT_03047,61.06
OUT_03048,194.86
OUT_03049,53.51
OUT_03050,57.92
OUT_03051,70.88
OUT_03052,637.0
OUT_03053,381.72
OUT_03054,60.42
OUT_03055,194.79
OUT_03056,651.99
OUT_03057,71.64
OUT_03058,47.83
OUT_03059,193.21
OUT_03060,67.55
OUT_03061,676.6
OUT_03062,58.4
OUT_03063,63.87
OUT_03064,1668.34
OUT_03065,1642.7
OUT_03066,53.89
OUT_03067,70.02
OUT_03068,44.85
OUT_03069,187.11
OUT_03070,677.26
OUT_03071,67.63
OUT_03072,194.54
OUT_03073,63.39
OUT_03074,195.75
OUT_03075,1701.72
OUT_03076,197.73
OUT_03077,1668.61
OUT_03078,1670.5
OUT_03079,44.14
OUT_03080,57.07
OUT_03081,195.36
OUT_03082,73.64
OUT_03083,67.85
OUT_03084,632.91
OUT_03085,46.82
OUT_03086,45.92
OUT_03087,59.18
OUT_03088,637.89
OUT_03089,189.56
OUT_03090,195.19
OUT_03091,56.24
OUT_03092,43.97
OUT_03093,652.4
OUT_03094,67.93
OUT_03095,62.59
OUT_03096,61.51
OUT_03097,671.46
OUT_03098,64.86
OUT_03099,654.4
OUT_03100,59.81
OUT_03101,57.28
OUT_03102,195.27
OUT_03103,189.97
OUT_03104,62.46
OUT_03105,47.19
OUT_03106,47.34
OUT_03107,46.53
OUT_03108,49.33
OUT_03109,57.05
OUT_03110,61.38
OUT_03111,60.64
OUT_03112,192.19
OUT_03113,194.2
OUT_03114,53.13
OUT_03115,66.61
OUT_03116,190.83
OUT_03117,55.14
OUT_03118,60.25
OUT_03119,61.83
OUT_03120,56.4
OUT_03121,27.31
OUT_03122,56.08
OUT_03123,54.44
OUT_03124,64.08
OUT_03125,192.13
OUT_03126,52.03
OUT_03127,61.23
OUT_03128,41.65
OUT_03129,665.61
OUT_03130,60.01
OUT_03131,1657.8
OUT_03132,67.78
OUT_03133,64.1
OUT_03134,649.5
OUT_03135,61.86
OUT_03136,193.74
OUT_03137,55.77
OUT_03138,54.52
OUT_03139,191.26
OUT_03140,61.07
OUT_03141,67.42
OUT_03142,192.87
OUT_03143,62.1
OUT_03144,68.8
OUT_03145,48.45
OUT_03146,194.42
OUT_03147,206.62
OUT_03148,1665.04
OUT_03149,56.64
OUT_03150,199.07
OUT_03151,45.14
OUT_03152,62.79
OUT_03153,219.04
OUT_03154,648.94
OUT_03155,194.2
OUT_03156,188.86
OUT_03157,637.32
OUT_03158,63.61
OUT_03159,48.27
OUT_03160,189.9
OUT_03161,189.06
OUT_03162,71.97
OUT_03163,64.55
OUT_03164,653.87
OUT_03165,199.48
OUT_03166,65.96
OUT_03167,1671.05
OUT_03168,64.46
OUT_03169,46.43
OUT_03170,191.94
OUT_03171,189.88
OUT_03172,38.16
OUT_03173,67.65
OUT_03174,68.53
OUT_03175,193.28
OUT_03176,55.33
OUT_03177,66.59
OUT_03178,46.79
OUT_03179,199.75
OUT_03180,56.05
OUT_03181,68.47
OUT_03182,51.22
OUT_03183,666.66
OUT_03184,195.91
OUT_03185,64.08
OUT_03186,197.14
OUT_03187,65.14
OUT_03188,50.13
OUT_03189,194.56
OUT_03190,65.6
OUT_03191,667.62
OUT_03192,50.5
OUT_03193,54.01
OUT_03194,186.06
OUT_03195,56.23
OUT_03196,191.67
OUT_03197,61.13
OUT_03198,65.35
OUT_03199,192.48
OUT_03200,193.4
OUT_03201,187.1
OUT_03202,64.95
OUT_03203,63.63
OUT_03204,193.26
OUT_03205,61.77
OUT_03206,194.87
OUT_03207,53.71
OUT_03208,1615.09
OUT_03209,62.0
OUT_03210,67.6
OUT_03211,191.02
OUT_03212,61.59
OUT_03213,188.73
OUT_03214,197.65
OUT_03215,193.74
OUT_03216,60.34
OUT_03217,197.94
OUT_03218,194.32
OUT_03219,68.71
OUT_03220,193.66
OUT_03221,189.58
OUT_03222,194.73
OUT_03223,60.09
OUT_03224,194.59
OUT_03225,39.35
OUT_03226,51.72
OUT_03227,190.41
OUT_03228,779.77
OUT_03229,1702.84
OUT_03230,47.81
OUT_03231,190.5
OUT_03232,40.4
OUT_03233,657.0
OUT_03234,188.03
OUT_03235,71.87
OUT_03236,54.54
OUT_03237,52.58
OUT_03238,61.43
OUT_03239,61.23
OUT_03240,192.32
OUT_03241,53.42
OUT_03242,662.55
OUT_03243,43.7
OUT_03244,54.7
OUT_03245,192.09
OUT_03246,62.09
OUT_03247,65.93
OUT_03248,360.01
OUT_03249,69.79
OUT_03250,62.82
OUT_03251,656.33
OUT_03252,664.78
OUT_03253,66.13
OUT_03254,54.43
OUT_03255,207.23
OUT_03256,193.56
OUT_03257,61.57
OUT_03258,185.67
OUT_03259,202.69
OUT_03260,650.96
OUT_03261,55.48
OUT_03262,189.89
OUT_03263,58.08
OUT_03264,1658.04
OUT_03265,206.25
OUT_03266,53.55
OUT_03267,62.54
OUT_03268,189.52
OUT_03269,190.45
OUT_03270,58.78
OUT_03271,665.59
OUT_03272,188.02
OUT_03273,647.19
OUT_03274,1666.28
OUT_03275,60.15
OUT_03276,45.34
OUT_03277,64.4
OUT_03278,58.76
OUT_03279,63.99
OUT_03280,71.51
OUT_03281,1625.0
OUT_03282,187.31
OUT_03283,639.01
OUT_03284,61.16
OUT_03285,46.74
OUT_03286,68.01
OUT_03287,1559.55
OUT_03288,192.6
OUT_03289,66.54
OUT_03290,63.83
OUT_03291,66.97
OUT_03292,46.76
OUT_03293,189.07
OUT_03294,69.52
OUT_03295,56.17
OUT_03296,1674.27
OUT_03297,660.74
OUT_03298,56.06
OUT_03299,189.08
OUT_03300,193.39
OUT_03301,194.26
OUT_03302,648.76
OUT_03303,69.28
OUT_03304,64.64
OUT_03305,58.81
OUT_03306,67.19
OUT_03307,68.69
OUT_03308,199.1
OUT_03309,56.04
OUT_03310,47.92
OUT_03311,57.26
OUT_03312,680.08
OUT_03313,62.92
OUT_03314,63.78
OUT_03315,1667.33
OUT_03316,670.8
OUT_03317,47.32
OUT_03318,70.99
OUT_03319,195.08
OUT_03320,53.18
OUT_03321,191.21
OUT_03322,200.01
OUT_03323,197.19
OUT_03324,650.68
OUT_03325,1685.53
OUT_03326,69.96
OUT_03327,640.1
OUT_03328,690.65
OUT_03329,188.85
OUT_03330,1659.47
OUT_03331,65.42
OUT_03332,53.34
OUT_03333,652.67
OUT_03334,650.84
OUT_03335,206.79
OUT_03336,200.91
OUT_03337,195.96
OUT_03338,62.44
OUT_03339,59.09
OUT_03340,189.74
OUT_03341,650.03
OUT_03342,60.74
OUT_03343,63.71
OUT_03344,655.47
OUT_03345,665.53
OUT_03346,1651.26
OUT_03347,67.92
OUT_03348,53.88
OUT_03349,195.26
OUT_03350,194.32
OUT_03351,66.04
OUT_03352,195.14
OUT_03353,1674.62
OUT_03354,62.13
OUT_03355,46.55
OUT_03356,51.6
OUT_03357,194.04
OUT_03358,1668.67
OUT_03359,677.42
OUT_03360,57.0
OUT_03361,191.98
OUT_03362,66.3
OUT_03363,67.53
OUT_03364,61.44
OUT_03365,65.98
OUT_03366,188.56
OUT_03367,198.67
OUT_03368,669.1
OUT_03369,47.48
OUT_03370,203.46
OUT_03371,189.76
OUT_03372,62.6
OUT_03373,214.05
OUT_03374,57.07
OUT_03375,66.95
OUT_03376,54.28
OUT_03377,193.6
OUT_03378,48.1
OUT_03379,192.69
OUT_03380,45.77
OUT_03381,1659.96
OUT_03382,61.36
OUT_03383,653.76
OUT_03384,63.93
OUT_03385,55.17
OUT_03386,71.74
OUT_03387,641.09
OUT_03388,647.52
OUT_03389,50.58
OUT_03390,65.54
OUT_03391,661.19
OUT_03392,65.78
OUT_03393,195.22
OUT_03394,72.24
OUT_03395,646.97
OUT_03396,180.66
OUT_03397,60.81
OUT_03398,57.32
OUT_03399,62.16
OUT_03400,194.5
OUT_03401,191.69
OUT_03402,1648.07
OUT_03403,59.41
OUT_03404,64.97
OUT_03405,58.7
OUT_03406,666.63
OUT_03407,192.96
OUT_03408,56.26
OUT_03409,193.11
OUT_03410,56.01
OUT_03411,1678.19
OUT_03412,43.5
OUT_03413,650.12
OUT_03414,653.23
OUT_03415,1675.5
OUT_03416,57.96
OUT_03417,73.86
OUT_03418,655.54
OUT_03419,62.26
OUT_03420,69.48
OUT_03421,55.27
OUT_03422,58.4
OUT_03423,650.87
OUT_03424,659.15
OUT_03425,194.43
OUT_03426,63.0
OUT_03427,175.94
OUT_03428,63.94
OUT_03429,54.07
OUT_03430,191.55
OUT_03431,59.63
OUT_03432,48.15
OUT_03433,65.03
OUT_03434,192.9
OUT_03435,53.16
OUT_03436,674.82
OUT_03437,44.34
OUT_03438,194.08
OUT_03439,190.4
OUT_03440,46.89
OUT_03441,54.63
OUT_03442,194.5
OUT_03443,671.76
OUT_03444,647.58
OUT_03445,188.82
OUT_03446,664.54
OUT_03447,71.55
OUT_03448,187.48
OUT_03449,50.62
OUT_03450,240.55
OUT_03451,655.56
OUT_03452,65.0
OUT_03453,192.68
OUT_03454,36.53
OUT_03455,63.84
OUT_03456,61.07
OUT_03457,194.55
OUT_03458,1663.92
OUT_03459,67.96
OUT_03460,65.61
OUT_03461,67.69
OUT_03462,63.7
OUT_03463,59.65
OUT_03464,62.94
OUT_03465,202.25
OUT_03466,198.34
OUT_03467,675.89
OUT_03468,208.49
OUT_03469,51.73
OUT_03470,56.76
OUT_03471,51.7
OUT_03472,65.38
OUT_03473,60.41
OUT_03474,72.39
OUT_03475,66.08
OUT_03476,195.07
OUT_03477,193.03
OUT_03478,56.98
OUT_03479,71.09
OUT_03480,194.49
OUT_03481,51.33
OUT_03482,637.57
OUT_03483,64.15
OUT_03484,1694.03
OUT_03485,64.25
OUT_03486,62.75
OUT_03487,62.5
OUT_03488,46.06
OUT_03489,193.13
OUT_03490,66.19
OUT_03491,193.98
OUT_03492,670.06
OUT_03493,1704.4
OUT_03494,190.67
OUT_03495,54.89
OUT_03496,51.39
OUT_03497,194.84
OUT_03498,189.7
OUT_03499,189.76
OUT_03500,57.02
OUT_03501,194.51
OUT_03502,64.64
OUT_03503,198.31
OUT_03504,56.38
OUT_03505,214.64
OUT_03506,196.36
OUT_03507,62.45
OUT_03508,651.94
OUT_03509,57.83
OUT_03510,48.61
OUT_03511,52.58
OUT_03512,40.13
OUT_03513,657.11
OUT_03514,49.62
OUT_03515,66.88
OUT_03516,55.17
OUT_03517,67.7
OUT_03518,194.28
OUT_03519,671.46
OUT_03520,55.08
OUT_03521,191.93
OUT_03522,73.65
OUT_03523,52.88
OUT_03524,203.89
OUT_03525,46.23
OUT_03526,55.64
OUT_03527,34.79
OUT_03528,56.99
OUT_03529,194.73
OUT_03530,45.97
OUT_03531,190.98
OUT_03532,49.72
OUT_03533,674.84
OUT_03534,197.24
OUT_03535,62.4
OUT_03536,52.66
OUT_03537,194.2
OUT_03538,61.45
OUT_03539,51.46
OUT_03540,53.12
OUT_03541,192.1
OUT_03542,196.42
OUT_03543,64.15
OUT_03544,60.37
OUT_03545,195.0
OUT_03546,62.7
OUT_03547,191.96
OUT_03548,55.53
OUT_03549,1674.73
OUT_03550,191.09
OUT_03551,654.11
OUT_03552,186.34
OUT_03553,60.45
OUT_03554,204.99
OUT_03555,649.0
OUT_03556,1498.96
OUT_03557,67.42
OUT_03558,194.93
OUT_03559,1631.88
OUT_03560,191.39
OUT_03561,187.26
OUT_03562,64.57
OUT_03563,198.24
OUT_03564,198.17
OUT_03565,193.32
OUT_03566,64.62
OUT_03567,192.28
OUT_03568,53.09
OUT_03569,651.47
OUT_03570,1671.0
OUT_03571,652.14
OUT_03572,651.98
OUT_03573,70.63
OUT_03574,196.21
OUT_03575,666.5
OUT_03576,55.02
OUT_03577,1634.2
OUT_03578,200.62
OUT_03579,665.47
OUT_03580,61.74
OUT_03581,67.47
OUT_03582,195.79
OUT_03583,67.93
OUT_03584,65.63
OUT_03585,51.08
OUT_03586,64.22
OUT_03587,210.0
OUT_03588,61.07
OUT_03589,56.93
OUT_03590,57.61
OUT_03591,1661.28
OUT_03592,59.63
OUT_03593,69.25
OUT_03594,192.05
OUT_03595,189.07
OUT_03596,195.21
OUT_03597,662.96
OUT_03598,652.74
OUT_03599,65.09
OUT_03600,61.53
OUT_03601,191.76
OUT_03602,193.85
OUT_03603,43.0
OUT_03604,194.91
OUT_03605,70.85
OUT_03606,680.68
OUT_03607,192.67
OUT_03608,74.05
OUT_03609,64.83
OUT_03610,67.22
OUT_03611,62.18
OUT_03612,40.8
OUT_03613,49.44
OUT_03614,65.05
OUT_03615,664.82
OUT_03616,664.57
OUT_03617,70.62
OUT_03618,70.3
OUT_03619,194.71
OUT_03620,226.13
OUT_03621,51.51
OUT_03622,660.41
OUT_03623,194.11
OUT_03624,58.46
OUT_03625,56.18
OUT_03626,63.37
OUT_03627,50.85
OUT_03628,55.28
OUT_03629,655.05
OUT_03630,205.56
OUT_03631,664.52
OUT_03632,67.32
OUT_03633,56.74
OUT_03634,644.14
OUT_03635,1684.99
OUT_03636,59.31
OUT_03637,194.28
OUT_03638,54.9
OUT_03639,44.9
OUT_03640,66.24
OUT_03641,194.7
OUT_03642,65.36
OUT_03643,190.35
OUT_03644,674.0
OUT_03645,194.36
OUT_03646,50.99
OUT_03647,66.18
OUT_03648,193.82
OUT_03649,188.11
OUT_03650,62.85
OUT_03651,653.58
OUT_03652,62.34
OUT_03653,1665.32
OUT_03654,66.81
OUT_03655,189.82
OUT_03656,52.7
OUT_03657,59.85
OUT_03658,57.33
OUT_03659,53.44
OUT_03660,62.48
OUT_03661,61.33
OUT_03662,39.34
OUT_03663,192.42
OUT_03664,186.56
OUT_03665,674.52
OUT_03666,59.97
OUT_03667,678.31
OUT_03668,194.41
OUT_03669,673.32
OUT_03670,69.24
OUT_03671,190.71
OUT_03672,60.64
OUT_03673,64.83
OUT_03674,191.39
OUT_03675,72.92
OUT_03676,1700.6
OUT_03677,56.67
OUT_03678,187.26
OUT_03679,53.14
OUT_03680,1670.06
OUT_03681,45.41
OUT_03682,45.18
OUT_03683,48.61
OUT_03684,59.66
OUT_03685,65.0
OUT_03686,1693.72
OUT_03687,36.77
OUT_03688,56.0
OUT_03689,57.47
OUT_03690,73.45
OUT_03691,62.54
OUT_03692,51.47
OUT_03693,59.5
OUT_03694,54.28
OUT_03695,192.85
OUT_03696,62.74
OUT_03697,187.13
OUT_03698,186.05
OUT_03699,666.11
OUT_03700,183.15
OUT_03701,656.12
OUT_03702,65.35
OUT_03703,195.17
OUT_03704,193.8
OUT_03705,55.68
OUT_03706,52.7
OUT_03707,43.54
OUT_03708,51.64
OUT_03709,665.71
OUT_03710,192.13
OUT_03711,64.11
OUT_03712,57.69
OUT_03713,62.78
OUT_03714,195.02
OUT_03715,192.29
OUT_03716,64.1
OUT_03717,27.64
OUT_03718,192.86
OUT_03719,1699.47
OUT_03720,64.7
OUT_03721,190.05
OUT_03722,56.47
OUT_03723,677.88
OUT_03724,1601.0
OUT_03725,66.22
OUT_03726,194.32
OUT_03727,54.09
OUT_03728,61.17
OUT_03729,209.06
OUT_03730,191.07
OUT_03731,193.52
OUT_03732,56.8
OUT_03733,48.88
OUT_03734,183.58
OUT_03735,191.86
OUT_03736,209.54
OUT_03737,67.2
OUT_03738,187.9
OUT_03739,663.76
OUT_03740,56.1
OUT_03741,1667.74
OUT_03742,64.6
OUT_03743,195.88
OUT_03744,66.23
OUT_03745,58.43
OUT_03746,185.94
OUT_03747,56.45
OUT_03748,192.95
OUT_03749,68.19
OUT_03750,69.08
OUT_03751,66.21
OUT_03752,66.54
OUT_03753,57.5
OUT_03754,651.48
OUT_03755,68.86
OUT_03756,193.1
OUT_03757,1681.62
OUT_03758,62.67
OUT_03759,64.3
OUT_03760,194.21
OUT_03761,54.88
OUT_03762,191.91
OUT_03763,62.64
OUT_03764,649.58
OUT_03765,44.77
OUT_03766,1675.18
OUT_03767,195.6
OUT_03768,70.44
OUT_03769,194.15
OUT_03770,186.3
OUT_03771,190.34
OUT_03772,650.34
OUT_03773,666.56
OUT_03774,44.72
OUT_03775,62.74
OUT_03776,51.02
OUT_03777,67.56
OUT_03778,27.6
OUT_03779,56.27
OUT_03780,74.24
OUT_03781,192.18
OUT_03782,195.53
OUT_03783,62.43
OUT_03784,53.5
OUT_03785,52.45
OUT_03786,1671.51
OUT_03787,186.34
OUT_03788,61.19
OUT_03789,194.67
OUT_03790,61.97
OUT_03791,647.31
OUT_03792,179.48
OUT_03793,64.74
OUT_03794,76.32
OUT_03795,189.21
OUT_03796,665.51
OUT_03797,64.45
OUT_03798,199.29
OUT_03799,190.93
OUT_03800,674.56
OUT_03801,209.83
OUT_03802,192.79
OUT_03803,667.65
OUT_03804,195.8
OUT_03805,67.26
OUT_03806,65.82
OUT_03807,62.84
OUT_03808,71.79
OUT_03809,67.35
OUT_03810,70.22
OUT_03811,60.97
OUT_03812,49.86
OUT_03813,56.88
OUT_03814,1663.66
OUT_03815,657.79
OUT_03816,49.09
OUT_03817,51.02
OUT_03818,72.9
OUT_03819,187.71
OUT_03820,67.25
OUT_03821,62.68
OUT_03822,57.07
OUT_03823,187.25
OUT_03824,664.59
OUT_03825,189.42
OUT_03826,62.79
OUT_03827,54.98
OUT_03828,645.57
OUT_03829,1667.22
OUT_03830,64.58
OUT_03831,195.07
OUT_03832,187.97
OUT_03833,648.57
OUT_03834,61.03
OUT_03835,56.36
OUT_03836,57.12
OUT_03837,67.77
OUT_03838,65.46
OUT_03839,56.19
OUT_03840,647.61
OUT_03841,654.5
OUT_03842,185.29
OUT_03843,212.66
OUT_03844,665.52
OUT_03845,65.17
OUT_03846,192.07
OUT_03847,681.22
OUT_03848,200.94
OUT_03849,678.04
OUT_03850,663.86
OUT_03851,36.35
OUT_03852,54.27
OUT_03853,188.27
OUT_03854,116.27
OUT_03855,57.27
OUT_03856,192.4
OUT_03857,65.06
OUT_03858,62.58
OUT_03859,61.17
OUT_03860,198.26
OUT_03861,670.8
OUT_03862,67.43
OUT_03863,654.55
OUT_03864,651.14
OUT_03865,60.01
OUT_03866,1660.74
OUT_03867,64.35
OUT_03868,56.2
OUT_03869,179.18
OUT_03870,52.59
OUT_03871,60.75
OUT_03872,52.44
OUT_03873,193.59
OUT_03874,63.86
OUT_03875,188.54
OUT_03876,662.11
OUT_03877,199.63
OUT_03878,647.7
OUT_03879,73.04
OUT_03880,51.05
OUT_03881,60.84
OUT_03882,60.07
OUT_03883,67.31
OUT_03884,62.28
OUT_03885,1667.11
OUT_03886,222.38
OUT_03887,62.59
OUT_03888,67.34
OUT_03889,209.35
OUT_03890,666.01
OUT_03891,185.1
OUT_03892,71.14
OUT_03893,648.46
OUT_03894,54.18
OUT_03895,663.26
OUT_03896,65.28
OUT_03897,192.28
OUT_03898,196.49
OUT_03899,192.46
OUT_03900,667.06
OUT_03901,67.45
OUT_03902,659.65
OUT_03903,65.28
OUT_03904,51.87
OUT_03905,190.86
OUT_03906,661.9
OUT_03907,194.5
OUT_03908,71.3
OUT_03909,190.52
OUT_03910,664.76
OUT_03911,1696.6
OUT_03912,65.84
OUT_03913,42.39
OUT_03914,56.21
OUT_03915,64.5
OUT_03916,669.38
OUT_03917,56.47
OUT_03918,648.48
OUT_03919,68.76
OUT_03920,664.78
OUT_03921,65.36
OUT_03922,194.0
OUT_03923,1671.54
OUT_03924,72.16
OUT_03925,67.02
OUT_03926,657.51
OUT_03927,649.71
OUT_03928,1669.97
OUT_03929,59.15
OUT_03930,192.36
OUT_03931,194.25
OUT_03932,195.56
OUT_03933,61.2
OUT_03934,196.74
OUT_03935,186.82
OUT_03936,59.4
OUT_03937,189.47
OUT_03938,44.61
OUT_03939,651.64
OUT_03940,188.94
OUT_03941,59.07
OUT_03942,196.38
OUT_03943,47.42
OUT_03944,1669.67
OUT_03945,62.65
OUT_03946,67.38
OUT_03947,192.48
OUT_03948,60.94
OUT_03949,67.58
OUT_03950,57.31
OUT_03951,43.68
OUT_03952,65.79
OUT_03953,189.75
OUT_03954,1662.3
OUT_03955,204.88
OUT_03956,59.13
OUT_03957,1648.28
OUT_03958,194.76
OUT_03959,1657.81
OUT_03960,675.1
OUT_03961,67.29
OUT_03962,52.13
OUT_03963,197.48
OUT_03964,190.15
OUT_03965,656.14
OUT_03966,60.84
OUT_03967,1671.48
OUT_03968,64.4
OUT_03969,57.08
OUT_03970,54.1
OUT_03971,53.46
OUT_03972,658.16
OUT_03973,61.19
OUT_03974,194.56
OUT_03975,269.89
OUT_03976,46.39
OUT_03977,59.23
OUT_03978,67.88
OUT_03979,185.81
OUT_03980,663.77
OUT_03981,202.18
OUT_03982,654.48
OUT_03983,1663.62
OUT_03984,61.43
OUT_03985,372.15
OUT_03986,677.82
OUT_03987,55.92
OUT_03988,648.65
OUT_03989,66.92
OUT_03990,61.31
OUT_03991,659.48
OUT_03992,197.28
OUT_03993,198.31
OUT_03994,657.95
OUT_03995,70.92
OUT_03996,65.17
OUT_03997,194.85
OUT_03998,65.81
OUT_03999,1696.01
OUT_04000,65.02
OUT_04001,55.67
OUT_04002,64.31
OUT_04003,64.47
OUT_04004,53.69
OUT_04005,656.47
OUT_04006,194.36
OUT_04007,216.51
OUT_04008,35.8
OUT_04009,651.62
OUT_04010,67.35
OUT_04011,193.66
OUT_04012,56.48
OUT_04013,657.2
OUT_04014,61.16
OUT_04015,62.36
OUT_04016,57.27
OUT_04017,193.8
OUT_04018,195.78
OUT_04019,61.82
OUT_04020,44.39
OUT_04021,665.32
OUT_04022,52.69
OUT_04023,188.94
OUT_04024,51.93
OUT_04025,196.29
OUT_04026,656.69
OUT_04027,1672.89
OUT_04028,71.62
OUT_04029,63.49
OUT_04030,63.03
OUT_04031,189.23
OUT_04032,190.85
OUT_04033,191.97
OUT_04034,200.37
OUT_04035,61.2
OUT_04036,68.46
OUT_04037,191.12
OUT_04038,58.45
OUT_04039,194.06
OUT_04040,62.6
OUT_04041,54.99
OUT_04042,60.25
OUT_04043,56.18
OUT_04044,648.35
OUT_04045,193.83
OUT_04046,194.53
OUT_04047,64.66
OUT_04048,669.24
OUT_04049,36.09
OUT_04050,648.91
OUT_04051,60.71
OUT_04052,668.16
OUT_04053,55.7
OUT_04054,66.12
OUT_04055,43.64
OUT_04056,1644.43
OUT_04057,197.24
OUT_04058,32.03
OUT_04059,664.44
OUT_04060,201.42
OUT_04061,663.29
OUT_04062,638.6
OUT_04063,650.15
OUT_04064,665.89
OUT_04065,54.18
OUT_04066,61.06
OUT_04067,194.2
OUT_04068,646.8
OUT_04069,186.45
OUT_04070,191.84
OUT_04071,639.36
OUT_04072,63.71
OUT_04073,67.3
OUT_04074,65.76
OUT_04075,192.29
OUT_04076,194.89
OUT_04077,65.33
OUT_04078,61.15
OUT_04079,71.55
OUT_04080,197.58
OUT_04081,44.22
OUT_04082,66.46
OUT_04083,227.57
OUT_04084,57.02
OUT_04085,45.33
OUT_04086,74.76
OUT_04087,192.58
OUT_04088,193.59
OUT_04089,58.66
OUT_04090,189.6
OUT_04091,61.19
OUT_04092,193.98
OUT_04093,60.2
OUT_04094,194.54
OUT_04095,70.76
OUT_04096,53.72
OUT_04097,651.63
OUT_04098,188.63
OUT_04099,193.36
OUT_04100,44.08
OUT_04101,60.41
OUT_04102,648.5
OUT_04103,65.95
OUT_04104,58.05
OUT_04105,193.55
OUT_04106,196.51
OUT_04107,198.55
OUT_04108,653.25
OUT_04109,67.16
OUT_04110,191.45
OUT_04111,648.81
OUT_04112,66.29
OUT_04113,52.42
OUT_04114,190.3
OUT_04115,192.84
OUT_04116,66.07
OUT_04117,54.83
OUT_04118,66.05
OUT_04119,660.58
OUT_04120,1677.77
OUT_04121,194.78
OUT_04122,192.8
OUT_04123,394.29
OUT_04124,66.53
OUT_04125,59.49
OUT_04126,191.45
OUT_04127,52.44
OUT_04128,1674.67
OUT_04129,61.17
OUT_04130,67.58
OUT_04131,650.47
OUT_04132,68.72
OUT_04133,192.84
OUT_04134,52.38
OUT_04135,200.0
OUT_04136,1669.51
OUT_04137,194.32
OUT_04138,67.07
OUT_04139,633.82
OUT_04140,49.36
OUT_04141,64.99
OUT_04142,663.39
OUT_04143,643.68
OUT_04144,67.01
OUT_04145,55.6
OUT_04146,44.44
OUT_04147,49.8
OUT_04148,50.09
OUT_04149,55.87
OUT_04150,186.72
OUT_04151,197.72
OUT_04152,57.06
OUT_04153,62.21
OUT_04154,652.86
OUT_04155,654.31
OUT_04156,62.81
OUT_04157,62.72
OUT_04158,54.28
OUT_04159,57.18
OUT_04160,71.12
OUT_04161,1660.07
OUT_04162,57.82
OUT_04163,36.32
OUT_04164,59.55
OUT_04165,650.63
OUT_04166,67.34
OUT_04167,71.67
OUT_04168,51.76
OUT_04169,59.78
OUT_04170,166.97
OUT_04171,1702.35
OUT_04172,67.88
OUT_04173,193.58
OUT_04174,637.9
OUT_04175,67.43
OUT_04176,194.97
OUT_04177,55.73
OUT_04178,67.68
OUT_04179,64.9
OUT_04180,194.3
OUT_04181,187.86
OUT_04182,49.71
OUT_04183,62.59
OUT_04184,47.99
OUT_04185,189.43
OUT_04186,50.99
OUT_04187,194.83
OUT_04188,36.73
OUT_04189,198.5
OUT_04190,662.66
OUT_04191,56.11
OUT_04192,72.92
OUT_04193,666.09
OUT_04194,679.79
OUT_04195,61.15
OUT_04196,663.46
OUT_04197,38.99
OUT_04198,194.77
OUT_04199,1671.38
OUT_04200,189.65
OUT_04201,61.25
OUT_04202,50.6
OUT_04203,192.45
OUT_04204,56.72
OUT_04205,187.82
OUT_04206,1605.7
OUT_04207,194.83
OUT_04208,59.66
OUT_04209,64.02
OUT_04210,168.26
OUT_04211,65.2
OUT_04212,192.13
OUT_04213,67.7
OUT_04214,195.43
OUT_04215,187.89
OUT_04216,190.33
OUT_04217,655.39
OUT_04218,51.0
OUT_04219,44.78
OUT_04220,71.62
OUT_04221,652.5
OUT_04222,60.22
OUT_04223,67.43
OUT_04224,180.53
OUT_04225,61.21
OUT_04226,648.76
OUT_04227,189.18
OUT_04228,60.68
OUT_04229,189.49
OUT_04230,71.03
OUT_04231,196.73
OUT_04232,665.89
OUT_04233,637.02
OUT_04234,67.25
OUT_04235,62.42
OUT_04236,192.75
OUT_04237,1671.89
OUT_04238,188.33
OUT_04239,1565.43
OUT_04240,109.16
OUT_04241,193.97
OUT_04242,57.95
OUT_04243,65.11
OUT_04244,45.31
OUT_04245,193.64
OUT_04246,55.32
OUT_04247,57.28
OUT_04248,61.37
OUT_04249,190.42
OUT_04250,661.09
OUT_04251,1645.09
OUT_04252,55.08
OUT_04253,56.68
OUT_04254,651.27
OUT_04255,51.78
OUT_04256,199.32
OUT_04257,54.21
OUT_04258,191.79
OUT_04259,648.33
OUT_04260,1674.26
OUT_04261,650.63
OUT_04262,59.92
OUT_04263,198.04
OUT_04264,64.63
OUT_04265,31.64
OUT_04266,70.67
OUT_04267,60.35
OUT_04268,61.12
OUT_04269,632.79
OUT_04270,192.12
OUT_04271,220.4
OUT_04272,187.77
OUT_04273,42.9
OUT_04274,194.57
OUT_04275,56.55
OUT_04276,192.18
OUT_04277,51.76
OUT_04278,46.82
OUT_04279,70.47
OUT_04280,195.63
OUT_04281,194.81
OUT_04282,657.56
OUT_04283,193.02
OUT_04284,56.53
OUT_04285,61.9
OUT_04286,192.83
OUT_04287,192.04
OUT_04288,60.59
OUT_04289,72.42
OUT_04290,62.93
OUT_04291,194.54
OUT_04292,67.78
OUT_04293,675.27
OUT_04294,194.48
OUT_04295,1679.61
OUT_04296,67.41
OUT_04297,62.04
OUT_04298,190.62
OUT_04299,189.49
OUT_04300,50.23
OUT_04301,70.17
OUT_04302,61.42
OUT_04303,65.2
OUT_04304,650.43
OUT_04305,193.43
OUT_04306,61.21
OUT_04307,56.63
OUT_04308,64.95
OUT_04309,668.49
OUT_04310,64.89
OUT_04311,71.66
OUT_04312,665.9
OUT_04313,55.97
OUT_04314,59.85
OUT_04315,53.9
OUT_04316,57.28
OUT_04317,192.91
OUT_04318,186.85
OUT_04319,65.03
OUT_04320,655.51
OUT_04321,66.33
OUT_04322,658.26
OUT_04323,25.89
OUT_04324,198.4
OUT_04325,66.0
OUT_04326,192.96
OUT_04327,62.42
OUT_04328,649.69
OUT_04329,46.83
OUT_04330,192.74
OUT_04331,180.45
OUT_04332,67.84
OUT_04333,191.02
OUT_04334,192.07
OUT_04335,673.51
OUT_04336,64.24
OUT_04337,59.88
OUT_04338,59.04
OUT_04339,65.04
OUT_04340,42.8
OUT_04341,61.62
OUT_04342,648.5
OUT_04343,51.58
OUT_04344,45.57
OUT_04345,61.11
OUT_04346,59.23
OUT_04347,663.61
OUT_04348,64.81
OUT_04349,673.68
OUT_04350,194.89
OUT_04351,638.19
OUT_04352,186.27
OUT_04353,192.07
OUT_04354,53.12
OUT_04355,49.92
OUT_04356,653.99
OUT_04357,649.39
OUT_04358,195.05
OUT_04359,1666.53
OUT_04360,195.68
OUT_04361,193.01
OUT_04362,66.12
OUT_04363,66.76
OUT_04364,65.4
OUT_04365,50.41
OUT_04366,70.64
OUT_04367,48.04
OUT_04368,1694.41
OUT_04369,193.8
OUT_04370,192.74
OUT_04371,55.06
OUT_04372,41.77
OUT_04373,193.06
OUT_04374,62.53
OUT_04375,64.82
OUT_04376,64.63
OUT_04377,48.68
OUT_04378,68.8
OUT_04379,43.32
OUT_04380,58.07
OUT_04381,25.99
OUT_04382,647.39
OUT_04383,43.68
OUT_04384,56.41
OUT_04385,669.4
OUT_04386,64.76
OUT_04387,193.87
OUT_04388,194.5
OUT_04389,50.36
OUT_04390,192.65
OUT_04391,189.76
OUT_04392,192.84
OUT_04393,1591.87
OUT_04394,64.92
OUT_04395,55.92
OUT_04396,56.6
OUT_04397,62.28
OUT_04398,56.34
OUT_04399,645.15
OUT_04400,654.52
OUT_04401,55.6
OUT_04402,652.11
OUT_04403,53.0
OUT_04404,671.88
OUT_04405,672.13
OUT_04406,65.35
OUT_04407,194.0
OUT_04408,56.41
OUT_04409,1639.52
OUT_04410,70.41
OUT_04411,56.93
OUT_04412,61.46
OUT_04413,654.92
OUT_04414,649.24
OUT_04415,648.72
OUT_04416,65.22
OUT_04417,196.13
OUT_04418,194.41
OUT_04419,57.27
OUT_04420,67.51
OUT_04421,54.37
OUT_04422,664.98
OUT_04423,190.6
OUT_04424,189.46
OUT_04425,67.64
OUT_04426,56.21
OUT_04427,55.29
OUT_04428,45.71
OUT_04429,195.15
OUT_04430,196.76
OUT_04431,49.16
OUT_04432,181.34
OUT_04433,656.61
OUT_04434,193.74
OUT_04435,659.39
OUT_04436,659.46
OUT_04437,654.71
OUT_04438,641.22
OUT_04439,672.88
OUT_04440,187.67
OUT_04441,56.6
OUT_04442,650.65
OUT_04443,53.44
OUT_04444,192.82
OUT_04445,56.08
OUT_04446,193.65
OUT_04447,49.2
OUT_04448,193.28
OUT_04449,658.0
OUT_04450,192.26
OUT_04451,193.65
OUT_04452,55.43
OUT_04453,167.84
OUT_04454,189.41
OUT_04455,57.29
OUT_04456,57.78
OUT_04457,194.71
OUT_04458,195.94
OUT_04459,63.25
OUT_04460,193.91
OUT_04461,64.54
OUT_04462,65.15
OUT_04463,61.36
OUT_04464,60.13
OUT_04465,193.85
OUT_04466,194.14
OUT_04467,185.62
OUT_04468,67.23
OUT_04469,48.85
OUT_04470,45.15
OUT_04471,653.65
OUT_04472,195.62
OUT_04473,52.59
OUT_04474,175.63
OUT_04475,61.5
OUT_04476,196.14
OUT_04477,64.3
OUT_04478,646.95
OUT_04479,198.3
OUT_04480,634.45
OUT_04481,53.13
OUT_04482,190.64
OUT_04483,73.01
OUT_04484,194.52
OUT_04485,67.88
OUT_04486,55.29
OUT_04487,645.34
OUT_04488,70.25
OUT_04489,667.2
OUT_04490,60.7
OUT_04491,46.1
OUT_04492,681.24
OUT_04493,67.11
OUT_04494,61.88
OUT_04495,63.94
OUT_04496,56.61
OUT_04497,190.06
OUT_04498,197.88
OUT_04499,65.52
OUT_04500,1656.5
OUT_04501,64.69
OUT_04502,187.1
OUT_04503,48.23
OUT_04504,54.69
OUT_04505,54.67
OUT_04506,191.86
OUT_04507,655.49
OUT_04508,55.69
OUT_04509,634.25
OUT_04510,191.3
OUT_04511,46.82
OUT_04512,46.24
OUT_04513,61.72
OUT_04514,663.47
OUT_04515,194.7
OUT_04516,193.93
OUT_04517,185.41
OUT_04518,174.09
OUT_04519,48.45
OUT_04520,655.46
OUT_04521,66.98
OUT_04522,64.5
OUT_04523,678.79
OUT_04524,41.44
OUT_04525,192.93
OUT_04526,661.39
OUT_04527,55.32
OUT_04528,647.94
OUT_04529,69.4
OUT_04530,46.72
OUT_04531,62.18
OUT_04532,65.36
OUT_04533,650.74
OUT_04534,50.29
OUT_04535,194.61
OUT_04536,197.29
OUT_04537,69.52
OUT_04538,57.71
OUT_04539,65.69
OUT_04540,198.44
OUT_04541,193.23
OUT_04542,53.14
OUT_04543,52.18
OUT_04544,193.07
OUT_04545,67.55
OUT_04546,58.28
OUT_04547,190.76
OUT_04548,63.12
OUT_04549,57.57
OUT_04550,62.88
OUT_04551,195.52
OUT_04552,197.74
OUT_04553,193.77
OUT_04554,65.92
OUT_04555,65.97
OUT_04556,652.71
OUT_04557,55.24
OUT_04558,192.28
OUT_04559,64.44
OUT_04560,654.41
OUT_04561,300.1
OUT_04562,51.38
OUT_04563,56.96
OUT_04564,54.57
OUT_04565,192.48
OUT_04566,192.88
OUT_04567,67.53
OUT_04568,648.04
OUT_04569,1672.19
OUT_04570,60.15
OUT_04571,201.97
OUT_04572,61.24
OUT_04573,193.51
OUT_04574,66.06
OUT_04575,190.05
OUT_04576,666.92
OUT_04577,64.11
OUT_04578,65.05
OUT_04579,44.35
OUT_04580,194.73
OUT_04581,185.08
OUT_04582,62.57
OUT_04583,186.67
OUT_04584,62.57
OUT_04585,64.97
OUT_04586,195.42
OUT_04587,61.78
OUT_04588,56.74
OUT_04589,45.26
OUT_04590,201.58
OUT_04591,61.22
OUT_04592,190.37
OUT_04593,1669.2
OUT_04594,679.28
OUT_04595,194.08
OUT_04596,68.64
OUT_04597,61.28
OUT_04598,652.15
OUT_04599,199.1
OUT_04600,61.16
OUT_04601,47.51
OUT_04602,54.99
OUT_04603,202.08
OUT_04604,73.89
OUT_04605,44.11
OUT_04606,675.65
OUT_04607,188.5
OUT_04608,47.34
OUT_04609,1670.9
OUT_04610,671.83
OUT_04611,651.08
OUT_04612,651.44
OUT_04613,650.8
OUT_04614,57.45
OUT_04615,677.62
OUT_04616,33.54
OUT_04617,189.23
OUT_04618,228.69
OUT_04619,195.51
OUT_04620,655.54
OUT_04621,191.12
OUT_04622,51.93
OUT_04623,65.53
OUT_04624,61.42
OUT_04625,73.39
OUT_04626,674.63
OUT_04627,239.55
OUT_04628,193.89
OUT_04629,191.02
OUT_04630,190.45
OUT_04631,61.54
OUT_04632,65.45
OUT_04633,190.54
OUT_04634,193.9
OUT_04635,62.38
OUT_04636,70.02
OUT_04637,61.54
OUT_04638,47.38
OUT_04639,61.15
OUT_04640,1670.96
OUT_04641,191.99
OUT_04642,56.45
OUT_04643,52.66
OUT_04644,681.79
OUT_04645,67.09
OUT_04646,56.36
OUT_04647,57.6
OUT_04648,191.67
OUT_04649,60.04
OUT_04650,53.82
OUT_04651,647.76
OUT_04652,56.99
OUT_04653,62.75
OUT_04654,56.04
OUT_04655,52.47
OUT_04656,57.36
OUT_04657,52.51
OUT_04658,52.23
OUT_04659,67.16
OUT_04660,45.3
OUT_04661,189.46
OUT_04662,65.14
OUT_04663,64.64
OUT_04664,636.31
OUT_04665,49.14
OUT_04666,77.29
OUT_04667,637.81
OUT_04668,49.04
OUT_04669,195.63
OUT_04670,56.6
OUT_04671,180.53
OUT_04672,173.81
OUT_04673,59.33
OUT_04674,61.15
OUT_04675,194.92
OUT_04676,676.66
OUT_04677,57.04
OUT_04678,1662.43
OUT_04679,670.2
OUT_04680,61.29
OUT_04681,197.64
OUT_04682,45.89
OUT_04683,196.18
OUT_04684,67.51
OUT_04685,194.02
OUT_04686,191.13
OUT_04687,59.77
OUT_04688,52.87
OUT_04689,60.36
OUT_04690,72.08
OUT_04691,56.16
OUT_04692,62.58
OUT_04693,64.14
OUT_04694,658.69
OUT_04695,199.89
OUT_04696,67.31
OUT_04697,192.46
OUT_04698,73.07
OUT_04699,195.91
OUT_04700,196.59
OUT_04701,658.53
OUT_04702,189.62
OUT_04703,675.69
OUT_04704,654.6
OUT_04705,55.24
OUT_04706,646.23
OUT_04707,187.86
OUT_04708,49.06
OUT_04709,61.53
OUT_04710,193.73
OUT_04711,60.07
OUT_04712,61.46
OUT_04713,665.74
OUT_04714,668.09
OUT_04715,66.21
OUT_04716,190.07
OUT_04717,65.44
OUT_04718,649.22
OUT_04719,70.44
OUT_04720,70.73
OUT_04721,197.34
OUT_04722,60.36
OUT_04723,190.78
OUT_04724,651.15
OUT_04725,60.11
OUT_04726,194.72
OUT_04727,67.0
OUT_04728,193.64
OUT_04729,194.02
OUT_04730,60.37
OUT_04731,179.57
OUT_04732,66.44
OUT_04733,635.94
OUT_04734,667.33
OUT_04735,63.46
OUT_04736,194.59
OUT_04737,648.35
OUT_04738,56.48
OUT_04739,52.11
OUT_04740,37.94
OUT_04741,66.13
OUT_04742,660.09
OUT_04743,185.43
OUT_04744,193.67
OUT_04745,59.96
OUT_04746,636.56
OUT_04747,187.01
OUT_04748,61.05
OUT_04749,34.8
OUT_04750,32.87
OUT_04751,649.73
OUT_04752,1657.98
OUT_04753,192.72
OUT_04754,190.83
OUT_04755,174.07
OUT_04756,190.35
OUT_04757,58.87
OUT_04758,647.98
OUT_04759,67.75
OUT_04760,68.28
OUT_04761,190.02
OUT_04762,67.66
OUT_04763,55.76
OUT_04764,60.66
OUT_04765,191.77
OUT_04766,632.91
OUT_04767,61.46
OUT_04768,674.48
OUT_04769,59.87
OUT_04770,67.44
OUT_04771,40.36
OUT_04772,671.11
OUT_04773,54.7
OUT_04774,194.02
OUT_04775,62.13
OUT_04776,204.01
OUT_04777,54.75
OUT_04778,64.29
OUT_04779,191.65
OUT_04780,66.02
OUT_04781,194.1
OUT_04782,195.36
OUT_04783,189.63
OUT_04784,188.65
OUT_04785,191.79
OUT_04786,182.15
OUT_04787,55.66
OUT_04788,194.86
OUT_04789,72.27
OUT_04790,1671.15
OUT_04791,657.23
OUT_04792,61.05
OUT_04793,60.4
OUT_04794,66.25
OUT_04795,664.74
OUT_04796,193.76
OUT_04797,66.55
OUT_04798,648.68
OUT_04799,66.88
OUT_04800,65.42
OUT_04801,56.08
OUT_04802,64.49
OUT_04803,71.17
OUT_04804,655.15
OUT_04805,52.67
OUT_04806,59.85
OUT_04807,188.05
OUT_04808,662.06
OUT_04809,66.46
OUT_04810,193.97
OUT_04811,666.14
OUT_04812,1657.01
OUT_04813,73.12
OUT_04814,700.06
OUT_04815,53.19
OUT_04816,62.34
OUT_04817,66.5
OUT_04818,198.51
OUT_04819,1665.7
OUT_04820,74.44
OUT_04821,65.08
OUT_04822,65.34
OUT_04823,196.86
OUT_04824,64.86
OUT_04825,62.44
OUT_04826,64.76
OUT_04827,56.62
OUT_04828,45.57
OUT_04829,62.67
OUT_04830,652.48
OUT_04831,64.85
OUT_04832,185.7
OUT_04833,196.64
OUT_04834,59.51
OUT_04835,1705.95
OUT_04836,198.25
OUT_04837,62.41
OUT_04838,51.77
OUT_04839,52.15
OUT_04840,56.84
OUT_04841,66.48
OUT_04842,62.86
OUT_04843,60.29
OUT_04844,670.94
OUT_04845,55.13
OUT_04846,68.42
OUT_04847,60.14
OUT_04848,195.69
OUT_04849,187.11
OUT_04850,67.94
OUT_04851,191.17
OUT_04852,193.64
OUT_04853,1668.63
OUT_04854,649.57
OUT_04855,70.35
OUT_04856,194.4
OUT_04857,665.58
OUT_04858,73.22
OUT_04859,190.61
OUT_04860,190.04
OUT_04861,189.26
OUT_04862,187.47
OUT_04863,55.48
OUT_04864,193.66
OUT_04865,185.38
OUT_04866,192.22
OUT_04867,53.44
OUT_04868,189.08
OUT_04869,658.18
OUT_04870,67.54
OUT_04871,70.04
OUT_04872,189.96
OUT_04873,674.02
OUT_04874,44.9
OUT_04875,62.69
OUT_04876,193.94
OUT_04877,71.34
OUT_04878,59.56
OUT_04879,1663.46
OUT_04880,67.78
OUT_04881,70.33
OUT_04882,191.8
OUT_04883,68.27
OUT_04884,64.66
OUT_04885,661.61
OUT_04886,193.08
OUT_04887,669.19
OUT_04888,63.04
OUT_04889,61.04
OUT_04890,48.67
OUT_04891,196.75
OUT_04892,662.27
OUT_04893,188.28
OUT_04894,52.56
OUT_04895,65.07
OUT_04896,55.06
OUT_04897,40.8
OUT_04898,644.44
OUT_04899,192.02
OUT_04900,57.43
OUT_04901,192.06
OUT_04902,51.89
OUT_04903,224.22
OUT_04904,190.29
OUT_04905,64.92
OUT_04906,60.3
OUT_04907,64.82
OUT_04908,59.11
OUT_04909,50.57
OUT_04910,191.94
OUT_04911,61.45
OUT_04912,177.39
OUT_04913,650.67
OUT_04914,188.97
OUT_04915,61.34
OUT_04916,54.62
OUT_04917,195.92
OUT_04918,63.89
OUT_04919,1657.26
OUT_04920,191.01
OUT_04921,70.18
OUT_04922,194.52
OUT_04923,64.28
OUT_04924,641.16
OUT_04925,655.79
OUT_04926,45.72
OUT_04927,210.96
OUT_04928,190.93
OUT_04929,199.64
OUT_04930,66.82
OUT_04931,67.36
OUT_04932,194.51
OUT_04933,47.09
OUT_04934,67.79
OUT_04935,62.81
OUT_04936,195.56
OUT_04937,193.06
OUT_04938,45.3
OUT_04939,61.9
OUT_04940,66.69
OUT_04941,636.65
OUT_04942,674.22
OUT_04943,57.45
OUT_04944,656.15
OUT_04945,195.02
OUT_04946,55.64
OUT_04947,652.9
OUT_04948,51.85
OUT_04949,189.54
OUT_04950,196.7
OUT_04951,56.83
OUT_04952,199.42
OUT_04953,662.59
OUT_04954,187.37
OUT_04955,48.83
OUT_04956,64.6
OUT_04957,62.44
OUT_04958,55.27
OUT_04959,192.72
OUT_04960,60.63
OUT_04961,51.57
OUT_04962,1678.29
OUT_04963,197.64
OUT_04964,55.97
OUT_04965,50.73
OUT_04966,64.83
OUT_04967,57.45
OUT_04968,195.0
OUT_04969,192.44
OUT_04970,58.86
OUT_04971,676.69
OUT_04972,186.61
OUT_04973,666.72
OUT_04974,210.33
OUT_04975,65.13
OUT_04976,62.76
OUT_04977,57.94
OUT_04978,189.32
OUT_04979,1666.58
OUT_04980,194.24
OUT_04981,62.39
OUT_04982,188.12
OUT_04983,661.39
OUT_04984,52.21
OUT_04985,666.7
OUT_04986,195.73
OUT_04987,62.41
OUT_04988,67.62
OUT_04989,67.79
OUT_04990,194.25
OUT_04991,45.44
OUT_04992,672.31
OUT_04993,62.62
OUT_04994,214.71
OUT_04995,54.26
OUT_04996,188.48
OUT_04997,65.95
OUT_04998,56.38
OUT_04999,361.91
OUT_05000,67.24
OUT_05001,62.5
OUT_05002,65.37
OUT_05003,54.61
OUT_05004,58.05
OUT_05005,195.89
OUT_05006,26.89
OUT_05007,1549.74
OUT_05008,62.19
OUT_05009,55.65
OUT_05010,71.75
OUT_05011,189.59
OUT_05012,55.96
OUT_05013,35.4
OUT_05014,196.41
OUT_05015,185.21
OUT_05016,195.31
OUT_05017,67.45
OUT_05018,187.66
OUT_05019,30.73
OUT_05020,62.56
OUT_05021,194.44
OUT_05022,43.24
OUT_05023,61.11
OUT_05024,194.74
OUT_05025,64.14
OUT_05026,187.66
OUT_05027,55.36
OUT_05028,49.55
OUT_05029,187.57
OUT_05030,56.46
OUT_05031,59.38
OUT_05032,66.88
OUT_05033,68.18
OUT_05034,189.61
OUT_05035,51.7
OUT_05036,55.02
OUT_05037,66.29
OUT_05038,44.58
OUT_05039,54.17
OUT_05040,66.26
OUT_05041,60.86
OUT_05042,62.88
OUT_05043,64.68
OUT_05044,193.53
OUT_05045,663.36
OUT_05046,718.25
OUT_05047,62.33
OUT_05048,61.39
OUT_05049,61.33
OUT_05050,1623.44
OUT_05051,61.32
OUT_05052,663.22
OUT_05053,64.63
OUT_05054,59.73
OUT_05055,62.55
OUT_05056,192.92
OUT_05057,195.88
OUT_05058,64.87
OUT_05059,186.02
OUT_05060,58.39
OUT_05061,45.23
OUT_05062,65.07
OUT_05063,65.99
OUT_05064,197.99
OUT_05065,194.12
OUT_05066,193.14
OUT_05067,71.93
OUT_05068,51.79
OUT_05069,65.69
OUT_05070,193.5
OUT_05071,1603.74
OUT_05072,68.32
OUT_05073,189.71
OUT_05074,60.31
OUT_05075,62.54
OUT_05076,55.79
OUT_05077,67.51
OUT_05078,221.88
OUT_05079,649.4
OUT_05080,193.03
OUT_05081,59.73
OUT_05082,185.16
OUT_05083,188.6
OUT_05084,194.84
OUT_05085,186.72
OUT_05086,41.69
OUT_05087,187.11
OUT_05088,64.8
OUT_05089,187.33
OUT_05090,194.43
OUT_05091,667.63
OUT_05092,1669.91
OUT_05093,187.21
OUT_05094,188.64
OUT_05095,1671.08
OUT_05096,59.92
OUT_05097,647.41
OUT_05098,61.07
OUT_05099,64.29
OUT_05100,66.33
OUT_05101,649.88
OUT_05102,197.49
OUT_05103,64.29
OUT_05104,654.16
OUT_05105,46.19
OUT_05106,67.49
OUT_05107,189.6
OUT_05108,60.02
OUT_05109,56.71
OUT_05110,61.49
OUT_05111,61.44
OUT_05112,193.87
OUT_05113,67.36
OUT_05114,65.14
OUT_05115,658.41
OUT_05116,179.74
OUT_05117,59.69
OUT_05118,186.74
OUT_05119,62.35
OUT_05120,1691.37
OUT_05121,67.78
OUT_05122,668.25
OUT_05123,191.31
OUT_05124,195.19
OUT_05125,56.41
OUT_05126,55.58
OUT_05127,56.03
OUT_05128,189.68
OUT_05129,189.54
OUT_05130,667.39
OUT_05131,190.26
OUT_05132,56.16
OUT_05133,1655.25
OUT_05134,193.46
OUT_05135,61.75
OUT_05136,198.65
OUT_05137,52.11
OUT_05138,64.56
OUT_05139,61.2
OUT_05140,43.06
OUT_05141,194.59
OUT_05142,650.86
OUT_05143,186.89
OUT_05144,65.97
OUT_05145,60.65
OUT_05146,70.9
OUT_05147,186.62
OUT_05148,60.13
OUT_05149,185.1
OUT_05150,195.74
OUT_05151,66.5
OUT_05152,69.98
OUT_05153,67.4
OUT_05154,66.06
OUT_05155,196.69
OUT_05156,1665.28
OUT_05157,1610.41
OUT_05158,55.54
OUT_05159,192.28
OUT_05160,54.99
OUT_05161,637.96
OUT_05162,675.68
OUT_05163,192.82
OUT_05164,50.27
OUT_05165,57.78
OUT_05166,637.89
OUT_05167,197.54
OUT_05168,656.75
OUT_05169,65.09
OUT_05170,671.31
OUT_05171,67.42
OUT_05172,44.37
OUT_05173,60.16
OUT_05174,198.66
OUT_05175,635.01
OUT_05176,669.29
OUT_05177,62.41
OUT_05178,645.49
OUT_05179,45.07
OUT_05180,65.91
OUT_05181,1665.1
OUT_05182,69.43
OUT_05183,186.55
OUT_05184,46.37
OUT_05185,652.87
OUT_05186,643.06
OUT_05187,195.44
OUT_05188,663.27
OUT_05189,63.39
OUT_05190,36.56
OUT_05191,56.38
OUT_05192,194.55
OUT_05193,45.74
OUT_05194,192.83
OUT_05195,189.86
OUT_05196,60.65
OUT_05197,667.78
OUT_05198,1551.93
OUT_05199,191.44
OUT_05200,56.94
OUT_05201,672.62
OUT_05202,56.59
OUT_05203,193.39
OUT_05204,1683.89
OUT_05205,1670.3
OUT_05206,67.55
OUT_05207,104.3
OUT_05208,66.2
OUT_05209,60.09
OUT_05210,70.36
OUT_05211,191.92
OUT_05212,62.83
OUT_05213,52.39
OUT_05214,65.71
OUT_05215,64.94
OUT_05216,659.31
OUT_05217,43.79
OUT_05218,191.37
OUT_05219,63.87
OUT_05220,194.69
OUT_05221,44.24
OUT_05222,654.73
OUT_05223,67.3
OUT_05224,57.17
OUT_05225,185.55
OUT_05226,60.19
OUT_05227,51.75
OUT_05228,61.43
OUT_05229,53.72
OUT_05230,1695.12
OUT_05231,648.48
OUT_05232,195.44
OUT_05233,650.74
OUT_05234,207.5
OUT_05235,57.09
OUT_05236,46.12
OUT_05237,193.58
OUT_05238,38.03
OUT_05239,189.87
OUT_05240,196.77
OUT_05241,62.91
OUT_05242,51.79
OUT_05243,188.86
OUT_05244,194.97
OUT_05245,58.35
OUT_05246,50.7
OUT_05247,56.75
OUT_05248,191.8
OUT_05249,208.33
OUT_05250,1651.39
OUT_05251,48.44
OUT_05252,64.24
OUT_05253,200.87
OUT_05254,64.24
OUT_05255,656.01
OUT_05256,655.37
OUT_05257,666.04
OUT_05258,45.49
OUT_05259,663.84
OUT_05260,191.98
OUT_05261,56.29
OUT_05262,61.06
OUT_05263,67.07
OUT_05264,636.96
OUT_05265,378.86
OUT_05266,64.63
OUT_05267,194.5
OUT_05268,54.68
OUT_05269,1663.14
OUT_05270,199.08
OUT_05271,656.37
OUT_05272,673.37
OUT_05273,56.45
OUT_05274,188.36
OUT_05275,66.2
OUT_05276,62.1
OUT_05277,56.04
OUT_05278,65.95
OUT_05279,41.59
OUT_05280,1701.0
OUT_05281,194.52
OUT_05282,187.3
OUT_05283,196.12
OUT_05284,61.35
OUT_05285,65.03
OUT_05286,652.65
OUT_05287,668.16
OUT_05288,67.98
OUT_05289,194.1
OUT_05290,192.2
OUT_05291,41.21
OUT_05292,651.23
OUT_05293,54.68
OUT_05294,54.69
OUT_05295,225.21
OUT_05296,43.59
OUT_05297,1671.01
OUT_05298,62.29
OUT_05299,662.91
OUT_05300,192.08
OUT_05301,194.41
OUT_05302,665.63
OUT_05303,64.19
OUT_05304,55.91
OUT_05305,196.01
OUT_05306,62.7
OUT_05307,62.7
OUT_05308,64.55
OUT_05309,62.07
OUT_05310,68.79
OUT_05311,185.1
OUT_05312,59.56
OUT_05313,70.46
OUT_05314,196.07
OUT_05315,37.94
OUT_05316,202.11
OUT_05317,66.93
OUT_05318,675.7
OUT_05319,193.91
OUT_05320,192.58
OUT_05321,193.01
OUT_05322,35.75
OUT_05323,47.47
OUT_05324,193.55
OUT_05325,648.39
OUT_05326,57.66
OUT_05327,57.66
OUT_05328,191.58
OUT_05329,656.09
OUT_05330,62.77
OUT_05331,67.71
OUT_05332,648.08
OUT_05333,650.45
OUT_05334,47.23
OUT_05335,186.54
OUT_05336,192.7
OUT_05337,195.38
OUT_05338,57.35
OUT_05339,67.85
OUT_05340,650.92
OUT_05341,52.88
OUT_05342,178.49
OUT_05343,198.79
OUT_05344,194.31
OUT_05345,64.48
OUT_05346,65.81
OUT_05347,66.13
OUT_05348,68.44
OUT_05349,636.7
OUT_05350,195.37
OUT_05351,667.14
OUT_05352,191.8
OUT_05353,55.83
OUT_05354,181.59
OUT_05355,1675.68
OUT_05356,62.71
OUT_05357,668.3
OUT_05358,658.45
OUT_05359,67.8
OUT_05360,192.22
OUT_05361,52.13
OUT_05362,187.5
OUT_05363,56.97
OUT_05364,67.97
OUT_05365,56.04
OUT_05366,1660.32
OUT_05367,196.4
OUT_05368,56.9
OUT_05369,186.44
OUT_05370,69.89
OUT_05371,60.42
OUT_05372,192.92
OUT_05373,200.32
OUT_05374,60.75
OUT_05375,651.39
OUT_05376,63.96
OUT_05377,658.22
OUT_05378,40.36
OUT_05379,193.94
OUT_05380,53.95
OUT_05381,45.29
OUT_05382,59.7
OUT_05383,43.73
OUT_05384,645.06
OUT_05385,194.98
OUT_05386,62.38
OUT_05387,1701.84
OUT_05388,64.3
OUT_05389,57.01
OUT_05390,54.75
OUT_05391,47.5
OUT_05392,192.48
OUT_05393,194.59
OUT_05394,48.02
OUT_05395,64.95
OUT_05396,543.02
OUT_05397,67.11
OUT_05398,64.91
OUT_05399,61.81
OUT_05400,61.64
OUT_05401,196.56
OUT_05402,200.2
OUT_05403,668.4
OUT_05404,198.44
OUT_05405,189.86
OUT_05406,192.4
OUT_05407,666.1
OUT_05408,54.3
OUT_05409,205.55
OUT_05410,640.47
OUT_05411,71.53
OUT_05412,661.39
OUT_05413,65.11
OUT_05414,56.85
OUT_05415,191.42
OUT_05416,198.09
OUT_05417,64.03
OUT_05418,661.96
OUT_05419,189.6
OUT_05420,54.72
OUT_05421,71.71
OUT_05422,69.03
OUT_05423,61.25
OUT_05424,197.09
OUT_05425,62.18
OUT_05426,1663.1
OUT_05427,659.39
OUT_05428,672.48
OUT_05429,66.07
OUT_05430,1664.81
OUT_05431,194.72
OUT_05432,68.64
OUT_05433,59.28
OUT_05434,55.07
OUT_05435,191.09
OUT_05436,54.15
OUT_05437,65.08
OUT_05438,61.16
OUT_05439,186.02
OUT_05440,66.31
OUT_05441,61.61
OUT_05442,652.7
OUT_05443,194.21
OUT_05444,55.69
OUT_05445,192.08
OUT_05446,60.37
OUT_05447,194.34
OUT_05448,637.86
OUT_05449,47.62
OUT_05450,190.37
OUT_05451,194.62
OUT_05452,675.15
OUT_05453,1671.48
OUT_05454,186.36
OUT_05455,54.86
OUT_05456,192.0
OUT_05457,64.93
OUT_05458,192.01
OUT_05459,655.34
OUT_05460,60.31
OUT_05461,193.07
OUT_05462,192.02
OUT_05463,52.35
OUT_05464,60.71
OUT_05465,1669.66
OUT_05466,267.92
OUT_05467,62.65
OUT_05468,72.06
OUT_05469,52.11
OUT_05470,1700.34
OUT_05471,62.54
OUT_05472,65.02
OUT_05473,192.03
OUT_05474,66.08
OUT_05475,60.22
OUT_05476,55.39
OUT_05477,56.13
OUT_05478,653.4
OUT_05479,55.04
OUT_05480,63.82
OUT_05481,55.7
OUT_05482,675.73
OUT_05483,652.22
OUT_05484,66.99
OUT_05485,1663.11
OUT_05486,671.0
OUT_05487,209.85
OUT_05488,195.52
OUT_05489,43.82
OUT_05490,654.81
OUT_05491,64.49
OUT_05492,190.34
OUT_05493,678.5
OUT_05494,194.51
OUT_05495,664.34
OUT_05496,71.52
OUT_05497,670.24
OUT_05498,59.91
OUT_05499,63.38
OUT_05500,186.1
OUT_05501,657.72
OUT_05502,63.52
OUT_05503,42.36
OUT_05504,189.25
OUT_05505,176.34
OUT_05506,190.48
OUT_05507,42.66
OUT_05508,651.66
OUT_05509,194.62
OUT_05510,61.05
OUT_05511,670.25
OUT_05512,194.02
OUT_05513,53.53
OUT_05514,664.05
OUT_05515,64.91
OUT_05516,192.38
OUT_05517,47.26
OUT_05518,63.11
OUT_05519,60.5
OUT_05520,54.75
OUT_05521,62.81
OUT_05522,199.57
OUT_05523,648.86
OUT_05524,59.79
OUT_05525,187.76
OUT_05526,51.74
OUT_05527,51.71
OUT_05528,64.48
OUT_05529,67.5
OUT_05530,193.74
OUT_05531,72.83
OUT_05532,186.49
OUT_05533,62.41
OUT_05534,66.24
OUT_05535,197.46
OUT_05536,193.47
OUT_05537,668.44
OUT_05538,189.84
OUT_05539,51.75
OUT_05540,676.04
OUT_05541,56.46
OUT_05542,650.36
OUT_05543,651.87
OUT_05544,55.61
OUT_05545,195.86
OUT_05546,44.34
OUT_05547,66.14
OUT_05548,55.51
OUT_05549,48.38
OUT_05550,54.2
OUT_05551,636.04
OUT_05552,665.53
OUT_05553,193.24
OUT_05554,55.31
OUT_05555,672.3
OUT_05556,60.39
OUT_05557,46.64
OUT_05558,48.74
OUT_05559,65.27
OUT_05560,188.86
OUT_05561,55.67
OUT_05562,192.21
OUT_05563,191.49
OUT_05564,1585.97
OUT_05565,667.56
OUT_05566,57.59
OUT_05567,67.53
OUT_05568,185.43
OUT_05569,663.32
OUT_05570,62.1
OUT_05571,647.45
OUT_05572,55.96
OUT_05573,186.52
OUT_05574,62.58
OUT_05575,652.5
OUT_05576,666.88
OUT_05577,648.93
OUT_05578,1697.39
OUT_05579,651.18
OUT_05580,193.16
OUT_05581,60.84
OUT_05582,61.23
OUT_05583,53.82
OUT_05584,190.97
OUT_05585,189.98
OUT_05586,190.27
OUT_05587,190.81
OUT_05588,193.14
OUT_05589,65.08
OUT_05590,191.35
OUT_05591,191.58
OUT_05592,1665.96
OUT_05593,657.36
OUT_05594,197.29
OUT_05595,53.81
OUT_05596,64.89
OUT_05597,1667.75
OUT_05598,194.5
OUT_05599,60.95
OUT_05600,60.59
OUT_05601,45.95
OUT_05602,51.83
OUT_05603,59.82
OUT_05604,667.23
OUT_05605,57.86
OUT_05606,1650.48
OUT_05607,192.49
OUT_05608,190.54
OUT_05609,191.9
OUT_05610,66.53
OUT_05611,47.96
OUT_05612,67.88
OUT_05613,678.12
OUT_05614,65.97
OUT_05615,185.36
OUT_05616,194.15
OUT_05617,55.64
OUT_05618,186.66
OUT_05619,635.16
OUT_05620,671.65
OUT_05621,655.19
OUT_05622,37.31
OUT_05623,62.0
OUT_05624,67.92
OUT_05625,28.27
OUT_05626,657.25
OUT_05627,52.92
OUT_05628,65.77
OUT_05629,55.44
OUT_05630,198.67
OUT_05631,72.26
OUT_05632,190.19
OUT_05633,193.6
OUT_05634,56.89
OUT_05635,51.17
OUT_05636,56.18
OUT_05637,44.96
OUT_05638,194.91
OUT_05639,633.78
OUT_05640,662.68
OUT_05641,56.83
OUT_05642,67.54
OUT_05643,62.81
OUT_05644,190.93
OUT_05645,185.16
OUT_05646,67.49
OUT_05647,192.79
OUT_05648,62.8
OUT_05649,41.21
OUT_05650,43.38
OUT_05651,189.55
OUT_05652,198.32
OUT_05653,59.86
OUT_05654,44.41
OUT_05655,648.31
OUT_05656,195.95
OUT_05657,635.56
OUT_05658,676.72
OUT_05659,60.67
OUT_05660,54.83
OUT_05661,193.12
OUT_05662,70.85
OUT_05663,64.84
OUT_05664,636.85
OUT_05665,64.94
OUT_05666,65.7
OUT_05667,189.15
OUT_05668,42.36
OUT_05669,55.48
OUT_05670,201.92
OUT_05671,203.41
OUT_05672,57.57
OUT_05673,60.59
OUT_05674,72.05
OUT_05675,43.46
OUT_05676,188.12
OUT_05677,192.6
OUT_05678,54.35
OUT_05679,193.75
OUT_05680,58.12
OUT_05681,60.03
OUT_05682,673.92
OUT_05683,60.83
OUT_05684,194.65
OUT_05685,187.63
OUT_05686,57.56
OUT_05687,64.88
OUT_05688,193.86
OUT_05689,197.58
OUT_05690,194.05
OUT_05691,641.67
OUT_05692,650.01
OUT_05693,189.2
OUT_05694,1706.88
OUT_05695,42.85
OUT_05696,56.66
OUT_05697,63.62
OUT_05698,194.59
OUT_05699,1670.82
OUT_05700,66.68
OUT_05701,55.86
OUT_05702,56.27
OUT_05703,672.11
OUT_05704,61.25
OUT_05705,53.98
OUT_05706,66.66
OUT_05707,66.08
OUT_05708,64.63
OUT_05709,183.21
OUT_05710,65.25
OUT_05711,657.15
OUT_05712,64.37
OUT_05713,64.36
OUT_05714,191.02
OUT_05715,53.19
OUT_05716,658.93
OUT_05717,65.23
OUT_05718,659.32
OUT_05719,194.76
OUT_05720,55.52
OUT_05721,66.8
OUT_05722,191.07
OUT_05723,62.9
OUT_05724,54.21
OUT_05725,54.16
OUT_05726,194.75
OUT_05727,1614.96
OUT_05728,69.77
OUT_05729,66.4
OUT_05730,56.28
OUT_05731,65.19
OUT_05732,670.36
OUT_05733,649.01
OUT_05734,55.1
OUT_05735,62.61
OUT_05736,192.4
OUT_05737,62.99
OUT_05738,62.74
OUT_05739,189.59
OUT_05740,190.41
OUT_05741,46.21
OUT_05742,186.98
OUT_05743,1657.41
OUT_05744,193.64
OUT_05745,62.53
OUT_05746,54.25
OUT_05747,65.51
OUT_05748,60.05
OUT_05749,188.16
OUT_05750,198.89
OUT_05751,71.01
OUT_05752,195.05
OUT_05753,48.66
OUT_05754,190.62
OUT_05755,58.29
OUT_05756,207.31
OUT_05757,1700.98
OUT_05758,192.97
OUT_05759,62.94
OUT_05760,61.65
OUT_05761,193.02
OUT_05762,193.53
OUT_05763,51.55
OUT_05764,192.15
OUT_05765,190.09
OUT_05766,64.22
OUT_05767,60.31
OUT_05768,69.97
OUT_05769,193.66
OUT_05770,194.51
OUT_05771,65.74
OUT_05772,177.39
OUT_05773,201.83
OUT_05774,202.57
OUT_05775,61.89
OUT_05776,1702.06
OUT_05777,663.7
OUT_05778,191.33
OUT_05779,68.34
OUT_05780,60.17
OUT_05781,71.85
OUT_05782,170.67
OUT_05783,194.95
OUT_05784,57.84
OUT_05785,69.84
OUT_05786,662.07
OUT_05787,56.35
OUT_05788,57.96
OUT_05789,32.51
OUT_05790,193.3
OUT_05791,54.91
OUT_05792,193.42
OUT_05793,63.76
OUT_05794,115.24
OUT_05795,63.87
OUT_05796,61.42
OUT_05797,190.57
OUT_05798,193.6
OUT_05799,67.47
OUT_05800,187.94
OUT_05801,191.1
OUT_05802,194.32
OUT_05803,677.06
OUT_05804,646.89
OUT_05805,51.87
OUT_05806,192.68
OUT_05807,57.68
OUT_05808,62.53
OUT_05809,233.62
OUT_05810,60.86
OUT_05811,189.71
OUT_05812,62.52
OUT_05813,668.6
OUT_05814,657.87
OUT_05815,193.01
OUT_05816,213.39
OUT_05817,70.96
OUT_05818,187.36
OUT_05819,53.07
OUT_05820,60.43
OUT_05821,45.44
OUT_05822,185.09
OUT_05823,59.42
OUT_05824,631.74
OUT_05825,1691.42
OUT_05826,55.39
OUT_05827,54.29
OUT_05828,64.28
OUT_05829,192.09
OUT_05830,211.91
OUT_05831,193.65
OUT_05832,65.05
OUT_05833,64.63
OUT_05834,187.71
OUT_05835,46.29
OUT_05836,191.31
OUT_05837,190.03
OUT_05838,1669.75
OUT_05839,51.72
OUT_05840,50.91
OUT_05841,54.52
OUT_05842,64.5
OUT_05843,661.02
OUT_05844,61.2
OUT_05845,192.11
OUT_05846,666.45
OUT_05847,636.47
OUT_05848,55.78
OUT_05849,660.18
OUT_05850,192.13
OUT_05851,61.14
OUT_05852,650.2
OUT_05853,59.65
OUT_05854,665.62
OUT_05855,187.64
OUT_05856,192.24
OUT_05857,56.28
OUT_05858,60.38
OUT_05859,66.55
OUT_05860,65.7
OUT_05861,64.41
OUT_05862,55.5
OUT_05863,49.19
OUT_05864,62.93
OUT_05865,28.31
OUT_05866,57.3
OUT_05867,186.36
OUT_05868,194.82
OUT_05869,65.27
OUT_05870,643.68
OUT_05871,193.23
OUT_05872,46.25
OUT_05873,189.74
OUT_05874,67.19
OUT_05875,194.43
OUT_05876,64.88
OUT_05877,187.38
OUT_05878,64.92
OUT_05879,656.44
OUT_05880,64.03
OUT_05881,54.76
OUT_05882,196.03
OUT_05883,192.97
OUT_05884,260.44
OUT_05885,195.38
OUT_05886,190.0
OUT_05887,204.51
OUT_05888,58.97
OUT_05889,190.03
OUT_05890,648.2
OUT_05891,62.42
OUT_05892,655.74
OUT_05893,194.38
OUT_05894,657.61
OUT_05895,46.56
OUT_05896,53.47
OUT_05897,44.92
OUT_05898,61.24
OUT_05899,653.64
OUT_05900,193.78
OUT_05901,67.02
OUT_05902,197.96
OUT_05903,1698.05
OUT_05904,56.8
OUT_05905,60.29
OUT_05906,52.27
OUT_05907,194.61
OUT_05908,43.93
OUT_05909,642.86
OUT_05910,49.71
OUT_05911,49.18
OUT_05912,61.45
OUT_05913,65.16
OUT_05914,60.87
OUT_05915,189.82
OUT_05916,195.84
OUT_05917,52.63
OUT_05918,195.91
OUT_05919,50.51
OUT_05920,67.0
OUT_05921,61.51
OUT_05922,188.41
OUT_05923,45.01
OUT_05924,194.54
OUT_05925,193.96
OUT_05926,60.73
OUT_05927,1677.77
OUT_05928,58.99
OUT_05929,192.96
OUT_05930,72.88
OUT_05931,64.29
OUT_05932,184.13
OUT_05933,174.64
OUT_05934,63.23
OUT_05935,48.39
OUT_05936,1670.52
OUT_05937,668.41
OUT_05938,1666.81
OUT_05939,193.29
OUT_05940,1663.94
OUT_05941,60.86
OUT_05942,50.11
OUT_05943,639.77
OUT_05944,57.73
OUT_05945,65.74
OUT_05946,73.26
OUT_05947,1599.32
OUT_05948,658.14
OUT_05949,192.44
OUT_05950,62.75
OUT_05951,59.18
OUT_05952,67.23
OUT_05953,62.68
OUT_05954,41.04
OUT_05955,62.87
OUT_05956,659.54
OUT_05957,72.8
OUT_05958,211.72
OUT_05959,66.47
OUT_05960,670.76
OUT_05961,65.43
OUT_05962,194.2
OUT_05963,47.0
OUT_05964,29.49
OUT_05965,189.94
OUT_05966,189.51
OUT_05967,38.78
OUT_05968,56.48
OUT_05969,187.21
OUT_05970,202.52
OUT_05971,191.92
OUT_05972,60.11
OUT_05973,190.57
OUT_05974,69.4
OUT_05975,201.95
OUT_05976,54.81
OUT_05977,57.31
OUT_05978,201.17
OUT_05979,188.6
OUT_05980,63.99
OUT_05981,1664.62
OUT_05982,200.69
OUT_05983,68.22
OUT_05984,658.2
OUT_05985,46.34
OUT_05986,193.49
OUT_05987,62.47
OUT_05988,192.09
OUT_05989,54.35
OUT_05990,65.53
OUT_05991,47.64
OUT_05992,672.59
OUT_05993,46.15
OUT_05994,65.67
OUT_05995,71.22
OUT_05996,62.14
OUT_05997,52.56
OUT_05998,197.86
OUT_05999,61.86
OUT_06000,53.58
OUT_06001,56.2
OUT_06002,194.82
OUT_06003,54.56
OUT_06004,56.4
OUT_06005,189.38
OUT_06006,207.86
OUT_06007,70.07
OUT_06008,224.72
OUT_06009,192.01
OUT_06010,55.84
OUT_06011,67.34
OUT_06012,675.1
OUT_06013,644.06
OUT_06014,193.47
OUT_06015,65.44
OUT_06016,659.49
OUT_06017,61.09
OUT_06018,61.11
OUT_06019,36.76
OUT_06020,193.07
OUT_06021,71.78
OUT_06022,63.76
OUT_06023,1694.63
OUT_06024,69.18
OUT_06025,190.65
OUT_06026,666.09
OUT_06027,191.63
OUT_06028,68.33
OUT_06029,59.63
OUT_06030,1675.79
OUT_06031,40.14
OUT_06032,666.12
OUT_06033,1666.69
OUT_06034,188.96
OUT_06035,39.58
OUT_06036,52.3
OUT_06037,191.75
OUT_06038,192.75
OUT_06039,190.78
OUT_06040,191.71
OUT_06041,650.35
OUT_06042,194.3
OUT_06043,48.22
OUT_06044,1666.7
OUT_06045,60.05
OUT_06046,61.31
OUT_06047,650.19
OUT_06048,60.0
OUT_06049,658.34
OUT_06050,665.12
OUT_06051,61.39
OUT_06052,191.96
OUT_06053,197.35
OUT_06054,61.45
OUT_06055,197.07
OUT_06056,53.79
OUT_06057,198.75
OUT_06058,60.98
OUT_06059,194.17
OUT_06060,62.04
OUT_06061,190.22
OUT_06062,637.24
OUT_06063,191.67
OUT_06064,194.62
OUT_06065,192.86
OUT_06066,70.98
OUT_06067,54.62
OUT_06068,67.99
OUT_06069,64.74
OUT_06070,62.32
OUT_06071,59.4
OUT_06072,665.78
OUT_06073,61.49
OUT_06074,54.87
OUT_06075,210.18
OUT_06076,72.76
OUT_06077,58.79
OUT_06078,31.33
OUT_06079,283.58
OUT_06080,50.02
OUT_06081,1557.43
OUT_06082,670.51
OUT_06083,1693.28
OUT_06084,64.62
OUT_06085,64.24
OUT_06086,663.36
OUT_06087,196.82
OUT_06088,659.58
OUT_06089,60.31
OUT_06090,192.89
OUT_06091,67.75
OUT_06092,48.9
OUT_06093,1669.05
OUT_06094,194.03
OUT_06095,51.9
OUT_06096,676.41
OUT_06097,649.26
OUT_06098,56.67
OUT_06099,61.21
OUT_06100,669.25
OUT_06101,195.17
OUT_06102,194.64
OUT_06103,666.46
OUT_06104,414.31
OUT_06105,65.05
OUT_06106,195.42
OUT_06107,638.16
OUT_06108,43.83
OUT_06109,668.68
OUT_06110,61.11
OUT_06111,47.95
OUT_06112,188.49
OUT_06113,61.23
OUT_06114,193.99
OUT_06115,186.86
OUT_06116,64.67
OUT_06117,35.94
OUT_06118,71.07
OUT_06119,1550.87
OUT_06120,47.61
OUT_06121,61.18
OUT_06122,61.15
OUT_06123,193.94
OUT_06124,198.23
OUT_06125,71.24
OUT_06126,46.33
OUT_06127,190.28
OUT_06128,191.76
OUT_06129,57.77
OUT_06130,185.27
OUT_06131,67.5
OUT_06132,49.42
OUT_06133,64.62
OUT_06134,186.44
OUT_06135,636.77
OUT_06136,651.61
OUT_06137,191.69
OUT_06138,65.56
OUT_06139,49.66
OUT_06140,67.24
OUT_06141,65.65
OUT_06142,637.48
OUT_06143,70.21
OUT_06144,195.58
OUT_06145,194.58
OUT_06146,62.41
OUT_06147,190.91
OUT_06148,198.08
OUT_06149,193.72
OUT_06150,184.0
OUT_06151,1701.73
OUT_06152,56.34
OUT_06153,69.78
OUT_06154,69.12
OUT_06155,661.0
OUT_06156,56.39
OUT_06157,648.97
OUT_06158,205.67
OUT_06159,1654.14
OUT_06160,192.01
OUT_06161,195.21
OUT_06162,189.3
OUT_06163,49.61
OUT_06164,52.02
OUT_06165,189.91
OUT_06166,67.8
OUT_06167,193.05
OUT_06168,649.58
OUT_06169,47.36
OUT_06170,654.97
OUT_06171,54.26
OUT_06172,1669.76
OUT_06173,58.02
OUT_06174,223.74
OUT_06175,60.04
OUT_06176,194.99
OUT_06177,56.17
OUT_06178,56.67
OUT_06179,63.69
OUT_06180,52.49
OUT_06181,193.79
OUT_06182,638.63
OUT_06183,66.36
OUT_06184,58.44
OUT_06185,195.76
OUT_06186,672.39
OUT_06187,56.99
OUT_06188,52.53
OUT_06189,1626.0
OUT_06190,56.73
OUT_06191,50.39
OUT_06192,191.26
OUT_06193,196.56
OUT_06194,56.36
OUT_06195,64.67
OUT_06196,58.0
OUT_06197,201.12
OUT_06198,61.28
OUT_06199,71.01
OUT_06200,192.26
OUT_06201,60.94
OUT_06202,65.0
OUT_06203,649.22
OUT_06204,48.0
OUT_06205,1662.08
OUT_06206,203.12
OUT_06207,61.15
OUT_06208,50.78
OUT_06209,189.33
OUT_06210,1593.71
OUT_06211,54.52
OUT_06212,199.2
OUT_06213,70.37
OUT_06214,208.82
OUT_06215,665.32
OUT_06216,48.02
OUT_06217,192.5
OUT_06218,186.54
OUT_06219,62.27
OUT_06220,51.35
OUT_06221,45.87
OUT_06222,55.2
OUT_06223,69.77
OUT_06224,194.09
OUT_06225,48.89
OUT_06226,64.45
OUT_06227,204.12
OUT_06228,665.0
OUT_06229,193.86
OUT_06230,58.8
OUT_06231,67.72
OUT_06232,665.18
OUT_06233,200.53
OUT_06234,67.42
OUT_06235,49.73
OUT_06236,192.19
OUT_06237,195.78
OUT_06238,191.78
OUT_06239,61.42
OUT_06240,57.66
OUT_06241,39.74
OUT_06242,670.64
OUT_06243,64.66
OUT_06244,200.94
OUT_06245,58.79
OUT_06246,661.46
OUT_06247,67.89
OUT_06248,65.02
OUT_06249,64.47
OUT_06250,519.46
OUT_06251,191.84
OUT_06252,652.11
OUT_06253,65.51
OUT_06254,57.36
OUT_06255,678.72
OUT_06256,52.53
OUT_06257,662.92
OUT_06258,52.56
OUT_06259,211.65
OUT_06260,64.12
OUT_06261,189.19
OUT_06262,662.72
OUT_06263,62.54
OUT_06264,1664.11
OUT_06265,44.78
OUT_06266,187.67
OUT_06267,55.01
OUT_06268,63.91
OUT_06269,53.38
OUT_06270,62.47
OUT_06271,664.11
OUT_06272,192.67
OUT_06273,64.89
OUT_06274,55.92
OUT_06275,194.48
OUT_06276,198.47
OUT_06277,189.95
OUT_06278,1690.0
OUT_06279,657.81
OUT_06280,196.63
OUT_06281,185.37
OUT_06282,54.27
OUT_06283,59.98
OUT_06284,671.62
OUT_06285,62.7
OUT_06286,67.31
OUT_06287,43.01
OUT_06288,66.23
OUT_06289,648.39
OUT_06290,44.21
OUT_06291,68.32
OUT_06292,70.53
OUT_06293,192.18
OUT_06294,46.92
OUT_06295,61.21
OUT_06296,193.83
OUT_06297,53.66
OUT_06298,62.46
OUT_06299,210.12
OUT_06300,194.57
OUT_06301,185.43
OUT_06302,68.45
OUT_06303,61.52
OUT_06304,1669.5
OUT_06305,51.34
OUT_06306,61.7
OUT_06307,55.32
OUT_06308,197.79
OUT_06309,65.03
OUT_06310,64.85
OUT_06311,185.21
OUT_06312,62.87
OUT_06313,55.81
OUT_06314,68.11
OUT_06315,652.52
OUT_06316,189.74
OUT_06317,62.77
OUT_06318,51.05
OUT_06319,187.57
OUT_06320,193.4
OUT_06321,1667.26
OUT_06322,63.29
OUT_06323,664.23
OUT_06324,43.44
OUT_06325,64.37
OUT_06326,190.45
OUT_06327,680.73
OUT_06328,189.83
OUT_06329,66.21
OUT_06330,61.42
OUT_06331,193.71
OUT_06332,651.0
OUT_06333,61.08
OUT_06334,53.72
OUT_06335,53.95
OUT_06336,661.38
OUT_06337,60.06
OUT_06338,58.33
OUT_06339,215.45
OUT_06340,680.44
OUT_06341,181.77
OUT_06342,192.94
OUT_06343,55.73
OUT_06344,51.22
OUT_06345,42.65
OUT_06346,64.0
OUT_06347,192.52
OUT_06348,189.72
OUT_06349,190.46
OUT_06350,189.08
OUT_06351,194.26
OUT_06352,191.86
OUT_06353,189.25
OUT_06354,51.88
OUT_06355,72.05
OUT_06356,1668.0
OUT_06357,62.71
OUT_06358,1693.22
OUT_06359,194.53
OUT_06360,53.3
OUT_06361,639.36
OUT_06362,45.19
OUT_06363,62.69
OUT_06364,68.19
OUT_06365,182.88
OUT_06366,64.45
OUT_06367,665.06
OUT_06368,48.34
OUT_06369,222.48
OUT_06370,662.42
OUT_06371,71.64
OUT_06372,202.9
OUT_06373,1469.75
OUT_06374,66.32
OUT_06375,640.67
OUT_06376,182.11
OUT_06377,195.42
OUT_06378,54.51
OUT_06379,193.92
OUT_06380,50.06
OUT_06381,1661.7
OUT_06382,609.09
OUT_06383,72.1
OUT_06384,64.35
OUT_06385,57.0
OUT_06386,667.57
OUT_06387,1673.56
OUT_06388,67.98
OUT_06389,67.11
OUT_06390,177.1
OUT_06391,55.32
OUT_06392,1696.64
OUT_06393,46.66
OUT_06394,55.54
OUT_06395,60.15
OUT_06396,60.17
OUT_06397,54.41
OUT_06398,62.01
OUT_06399,186.48
OUT_06400,190.51
OUT_06401,41.66
OUT_06402,648.92
OUT_06403,681.92
OUT_06404,647.72
OUT_06405,192.09
OUT_06406,675.48
OUT_06407,56.04
OUT_06408,45.71
OUT_06409,36.41
OUT_06410,1605.75
OUT_06411,45.43
OUT_06412,38.09
OUT_06413,194.55
OUT_06414,1664.58
OUT_06415,172.22
OUT_06416,186.94
OUT_06417,1678.21
OUT_06418,67.28
OUT_06419,67.13
OUT_06420,1288.39
OUT_06421,53.46
OUT_06422,52.25
OUT_06423,64.74
OUT_06424,189.08
OUT_06425,63.65
OUT_06426,72.48
OUT_06427,658.43
OUT_06428,69.7
OUT_06429,55.09
OUT_06430,185.29
OUT_06431,198.29
OUT_06432,648.64
OUT_06433,181.63
OUT_06434,185.13
OUT_06435,53.92
OUT_06436,641.5
OUT_06437,64.03
OUT_06438,68.39
OUT_06439,1662.9
OUT_06440,216.25
OUT_06441,189.72
OUT_06442,194.54
OUT_06443,62.76
OUT_06444,68.37
OUT_06445,193.36
OUT_06446,61.0
OUT_06447,55.2
OUT_06448,56.86
OUT_06449,56.82
OUT_06450,54.63
OUT_06451,60.73
OUT_06452,51.88
OUT_06453,61.65
OUT_06454,193.56
OUT_06455,66.36
OUT_06456,71.58
OUT_06457,62.43
OUT_06458,67.63
OUT_06459,43.9
OUT_06460,191.1
OUT_06461,72.18
OUT_06462,691.76
OUT_06463,64.54
OUT_06464,67.47
OUT_06465,194.21
OUT_06466,670.87
OUT_06467,191.2
OUT_06468,54.62
OUT_06469,54.3
OUT_06470,54.37
OUT_06471,194.36
OUT_06472,674.07
OUT_06473,187.6
OUT_06474,62.67
OUT_06475,183.87
OUT_06476,190.73
OUT_06477,65.74
OUT_06478,57.38
OUT_06479,61.15
OUT_06480,190.57
OUT_06481,197.66
OUT_06482,67.35
OUT_06483,59.72
OUT_06484,67.06
OUT_06485,64.29
OUT_06486,64.64
OUT_06487,187.31
OUT_06488,72.64
OUT_06489,57.38
OUT_06490,666.24
OUT_06491,47.17
OUT_06492,195.6
OUT_06493,191.57
OUT_06494,65.07
OUT_06495,59.53
OUT_06496,194.82
OUT_06497,61.55
OUT_06498,64.08
OUT_06499,1670.87
OUT_06500,62.69
OUT_06501,655.37
OUT_06502,640.95
OUT_06503,51.26
OUT_06504,54.78
OUT_06505,55.96
OUT_06506,66.85
OUT_06507,647.46
OUT_06508,55.74
OUT_06509,189.58
OUT_06510,53.59
OUT_06511,60.97
OUT_06512,200.84
OUT_06513,60.4
OUT_06514,192.21
OUT_06515,192.8
OUT_06516,67.92
OUT_06517,59.58
OUT_06518,640.9
OUT_06519,194.13
OUT_06520,46.29
OUT_06521,51.0
OUT_06522,190.13
OUT_06523,195.17
OUT_06524,57.85
OUT_06525,49.19
OUT_06526,192.14
OUT_06527,54.25
OUT_06528,43.27
OUT_06529,653.53
OUT_06530,45.43
OUT_06531,187.67
OUT_06532,193.65
OUT_06533,61.31
OUT_06534,193.82
OUT_06535,650.06
OUT_06536,196.01
OUT_06537,63.32
OUT_06538,676.2
OUT_06539,62.14
OUT_06540,670.03
OUT_06541,50.44
OUT_06542,55.05
OUT_06543,190.95
OUT_06544,51.85
OUT_06545,660.6
OUT_06546,61.21
OUT_06547,61.6
OUT_06548,54.24
OUT_06549,50.46
OUT_06550,194.09
OUT_06551,188.94
OUT_06552,189.85
OUT_06553,193.63
OUT_06554,64.93
OUT_06555,263.77
OUT_06556,1645.9
OUT_06557,197.17
OUT_06558,174.7
OUT_06559,652.89
OUT_06560,47.03
OUT_06561,192.89
OUT_06562,64.56
OUT_06563,71.26
OUT_06564,55.52
OUT_06565,655.78
OUT_06566,57.66
OUT_06567,59.42
OUT_06568,192.65
OUT_06569,58.94
OUT_06570,59.23
OUT_06571,191.75
OUT_06572,61.34
OUT_06573,43.31
OUT_06574,651.4
OUT_06575,190.79
OUT_06576,62.52
OUT_06577,73.39
OUT_06578,71.48
OUT_06579,676.43
OUT_06580,64.43
OUT_06581,62.95
OUT_06582,67.37
OUT_06583,57.24
OUT_06584,46.54
OUT_06585,54.44
OUT_06586,190.72
OUT_06587,636.44
OUT_06588,48.9
OUT_06589,1661.66
OUT_06590,649.6
OUT_06591,66.14
OUT_06592,58.35
OUT_06593,185.88
OUT_06594,61.74
OUT_06595,59.66
OUT_06596,197.71
OUT_06597,62.78
OUT_06598,65.59
OUT_06599,665.17
OUT_06600,194.28
OUT_06601,60.63
OUT_06602,57.02
OUT_06603,189.48
OUT_06604,193.69
OUT_06605,67.67
OUT_06606,53.94
OUT_06607,51.02
OUT_06608,682.63
OUT_06609,188.77
OUT_06610,66.53
OUT_06611,56.23
OUT_06612,194.57
OUT_06613,663.69
OUT_06614,60.78
OUT_06615,665.3
OUT_06616,191.35
OUT_06617,193.16
OUT_06618,60.71
OUT_06619,67.67
OUT_06620,61.81
OUT_06621,72.75
OUT_06622,64.36
OUT_06623,50.12
OUT_06624,198.98
OUT_06625,1680.78
OUT_06626,192.28
OUT_06627,51.74
OUT_06628,188.08
OUT_06629,733.31
OUT_06630,216.91
OUT_06631,666.36
OUT_06632,62.77
OUT_06633,62.85
OUT_06634,189.06
OUT_06635,62.05
OUT_06636,56.75
OUT_06637,193.77
OUT_06638,54.03
OUT_06639,67.19
OUT_06640,63.21
OUT_06641,65.08
OUT_06642,61.15
OUT_06643,57.47
OUT_06644,66.8
OUT_06645,674.84
OUT_06646,190.03
OUT_06647,192.28
OUT_06648,634.99
OUT_06649,192.34
OUT_06650,50.84
OUT_06651,198.79
OUT_06652,52.35
OUT_06653,61.26
OUT_06654,57.77
OUT_06655,650.45
OUT_06656,65.45
OUT_06657,195.95
OUT_06658,1692.84
OUT_06659,64.87
OUT_06660,1752.5
OUT_06661,64.58
OUT_06662,193.71
OUT_06663,1665.4
OUT_06664,191.21
OUT_06665,61.2
OUT_06666,190.63
OUT_06667,57.17
OUT_06668,198.61
OUT_06669,48.74
OUT_06670,52.12
OUT_06671,61.1
OUT_06672,72.06
OUT_06673,58.82
OUT_06674,67.18
OUT_06675,55.37
OUT_06676,64.86
OUT_06677,652.71
OUT_06678,186.7
OUT_06679,206.05
OUT_06680,61.1
OUT_06681,60.15
OUT_06682,660.25
OUT_06683,45.16
OUT_06684,194.32
OUT_06685,61.13
OUT_06686,200.1
OUT_06687,64.63
OUT_06688,62.78
OUT_06689,62.71
OUT_06690,176.49
OUT_06691,50.64
OUT_06692,200.11
OUT_06693,65.16
OUT_06694,195.48
OUT_06695,194.57
OUT_06696,634.67
OUT_06697,55.38
OUT_06698,647.01
OUT_06699,1669.61
OUT_06700,61.2
OUT_06701,192.98
OUT_06702,195.49
OUT_06703,193.59
OUT_06704,195.52
OUT_06705,37.13
OUT_06706,197.92
OUT_06707,197.58
OUT_06708,60.1
OUT_06709,67.14
OUT_06710,193.92
OUT_06711,656.77
OUT_06712,55.06
OUT_06713,61.63
OUT_06714,59.72
OUT_06715,61.8
OUT_06716,48.85
OUT_06717,193.04
OUT_06718,660.39
OUT_06719,60.21
OUT_06720,665.67
OUT_06721,192.7
OUT_06722,54.96
OUT_06723,54.49
OUT_06724,676.51
OUT_06725,678.12
OUT_06726,188.24
OUT_06727,194.09
OUT_06728,51.63
OUT_06729,57.36
OUT_06730,64.47
OUT_06731,61.01
OUT_06732,43.15
OUT_06733,1672.27
OUT_06734,154.36
OUT_06735,55.76
OUT_06736,647.93
OUT_06737,54.4
OUT_06738,45.16
OUT_06739,192.89
OUT_06740,66.11
OUT_06741,194.42
OUT_06742,51.42
OUT_06743,68.94
OUT_06744,654.88
OUT_06745,194.76
OUT_06746,193.17
OUT_06747,643.65
OUT_06748,55.07
OUT_06749,194.49
OUT_06750,35.37
OUT_06751,191.8
OUT_06752,55.19
OUT_06753,192.78
OUT_06754,62.44
OUT_06755,54.63
OUT_06756,53.16
OUT_06757,59.07
OUT_06758,199.12
OUT_06759,48.29
OUT_06760,655.9
OUT_06761,69.09
OUT_06762,54.9
OUT_06763,679.16
OUT_06764,650.22
OUT_06765,199.64
OUT_06766,193.8
OUT_06767,191.28
OUT_06768,60.85
OUT_06769,61.24
OUT_06770,51.25
OUT_06771,52.12
OUT_06772,64.93
OUT_06773,194.25
OUT_06774,186.76
OUT_06775,189.0
OUT_06776,56.0
OUT_06777,662.68
OUT_06778,62.25
OUT_06779,63.82
OUT_06780,60.96
OUT_06781,67.4
OUT_06782,55.31
OUT_06783,54.81
OUT_06784,196.08
OUT_06785,189.35
OUT_06786,64.56
OUT_06787,51.29
OUT_06788,45.98
OUT_06789,61.26
OUT_06790,191.18
OUT_06791,59.0
OUT_06792,196.72
OUT_06793,198.46
OUT_06794,64.93
OUT_06795,185.93
OUT_06796,30.72
OUT_06797,659.61
OUT_06798,643.23
OUT_06799,55.2
OUT_06800,195.22
OUT_06801,44.67
OUT_06802,191.81
OUT_06803,195.06
OUT_06804,49.19
OUT_06805,65.25
OUT_06806,66.92
OUT_06807,53.51
OUT_06808,194.99
OUT_06809,65.32
OUT_06810,1626.0
OUT_06811,64.52
OUT_06812,67.55
OUT_06813,61.42
OUT_06814,49.38
OUT_06815,664.21
OUT_06816,193.76
OUT_06817,676.1
OUT_06818,1669.93
OUT_06819,192.2
OUT_06820,62.93
OUT_06821,194.41
OUT_06822,57.79
OUT_06823,195.92
OUT_06824,66.02
OUT_06825,192.12
OUT_06826,656.63
OUT_06827,48.49
OUT_06828,54.13
OUT_06829,55.79
OUT_06830,673.55
OUT_06831,187.62
OUT_06832,195.69
OUT_06833,187.45
OUT_06834,194.16
OUT_06835,58.05
OUT_06836,71.7
OUT_06837,187.6
OUT_06838,69.42
OUT_06839,649.02
OUT_06840,202.57
OUT_06841,186.99
OUT_06842,61.17
OUT_06843,678.14
OUT_06844,62.42
OUT_06845,188.38
OUT_06846,67.48
OUT_06847,62.73
OUT_06848,60.95
OUT_06849,195.96
OUT_06850,43.77
OUT_06851,201.15
OUT_06852,66.11
OUT_06853,64.18
OUT_06854,57.47
OUT_06855,192.81
OUT_06856,185.59
OUT_06857,61.09
OUT_06858,54.73
OUT_06859,47.94
OUT_06860,655.02
OUT_06861,65.09
OUT_06862,67.06
OUT_06863,676.51
OUT_06864,61.55
OUT_06865,194.36
OUT_06866,193.54
OUT_06867,635.42
OUT_06868,66.21
OUT_06869,61.39
OUT_06870,62.56
OUT_06871,55.99
OUT_06872,59.39
OUT_06873,67.89
OUT_06874,60.15
OUT_06875,38.48
OUT_06876,62.54
OUT_06877,72.4
OUT_06878,71.84
OUT_06879,676.13
OUT_06880,655.82
OUT_06881,679.08
OUT_06882,663.19
OUT_06883,65.23
OUT_06884,193.6
OUT_06885,57.57
OUT_06886,190.95
OUT_06887,64.68
OUT_06888,655.23
OUT_06889,55.42
OUT_06890,56.07
OUT_06891,194.17
OUT_06892,58.0
OUT_06893,183.17
OUT_06894,253.58
OUT_06895,69.29
OUT_06896,72.35
OUT_06897,197.68
OUT_06898,65.3
OUT_06899,62.53
OUT_06900,57.06
OUT_06901,194.22
OUT_06902,56.14
OUT_06903,50.74
OUT_06904,189.89
OUT_06905,191.63
OUT_06906,668.54
OUT_06907,57.76
OUT_06908,57.2
OUT_06909,55.33
OUT_06910,192.12
OUT_06911,55.48
OUT_06912,37.34
OUT_06913,67.28
OUT_06914,197.88
OUT_06915,635.45
OUT_06916,57.66
OUT_06917,56.82
OUT_06918,61.15
OUT_06919,72.73
OUT_06920,55.81
OUT_06921,61.06
OUT_06922,648.6
OUT_06923,66.33
OUT_06924,70.87
OUT_06925,62.24
OUT_06926,62.96
OUT_06927,68.02
OUT_06928,67.91
OUT_06929,64.52
OUT_06930,194.35
OUT_06931,51.15
OUT_06932,191.4
OUT_06933,196.23
OUT_06934,64.27
OUT_06935,65.52
OUT_06936,192.8
OUT_06937,71.55
OUT_06938,637.73
OUT_06939,193.73
OUT_06940,1675.55
OUT_06941,191.89
OUT_06942,193.55
OUT_06943,191.71
OUT_06944,67.32
OUT_06945,53.47
OUT_06946,66.44
OUT_06947,192.76
OUT_06948,638.77
OUT_06949,189.68
OUT_06950,61.09
OUT_06951,65.91
OUT_06952,664.42
OUT_06953,45.14
OUT_06954,58.67
OUT_06955,66.18
OUT_06956,191.39
OUT_06957,68.25
OUT_06958,43.86
OUT_06959,43.93
OUT_06960,63.06
OUT_06961,54.34
OUT_06962,51.75
OUT_06963,192.39
OUT_06964,60.54
OUT_06965,44.72
OUT_06966,64.68
OUT_06967,194.33
OUT_06968,67.11
OUT_06969,55.06
OUT_06970,32.45
OUT_06971,45.76
OUT_06972,67.44
OUT_06973,65.33
OUT_06974,202.98
OUT_06975,63.94
OUT_06976,675.55
OUT_06977,193.45
OUT_06978,56.44
OUT_06979,59.66
OUT_06980,58.96
OUT_06981,1673.81
OUT_06982,60.53
OUT_06983,62.45
OUT_06984,191.65
OUT_06985,1677.89
OUT_06986,61.55
OUT_06987,46.69
OUT_06988,197.28
OUT_06989,199.12
OUT_06990,651.72
OUT_06991,71.76
OUT_06992,46.03
OUT_06993,65.64
OUT_06994,63.67
OUT_06995,67.26
OUT_06996,662.88
OUT_06997,197.35
OUT_06998,57.08
OUT_06999,194.6
OUT_07000,686.03
OUT_07001,184.42
OUT_07002,674.19
OUT_07003,192.77
OUT_07004,64.24
OUT_07005,31.52
OUT_07006,62.85
OUT_07007,186.36
OUT_07008,1668.2
OUT_07009,198.21
OUT_07010,194.57
OUT_07011,64.34
OUT_07012,634.58
OUT_07013,1661.39
OUT_07014,195.59
OUT_07015,55.87
OUT_07016,1668.87
OUT_07017,56.99
OUT_07018,191.06
OUT_07019,53.92
OUT_07020,635.45
OUT_07021,200.36
OUT_07022,47.31
OUT_07023,60.38
OUT_07024,196.13
OUT_07025,65.61
OUT_07026,1649.26
OUT_07027,1662.61
OUT_07028,55.81
OUT_07029,673.78
OUT_07030,62.74
OUT_07031,682.22
OUT_07032,193.68
OUT_07033,190.25
OUT_07034,62.26
OUT_07035,49.35
OUT_07036,65.2
OUT_07037,192.32
OUT_07038,55.43
OUT_07039,68.01
OUT_07040,201.75
OUT_07041,66.56
OUT_07042,192.52
OUT_07043,57.33
OUT_07044,187.69
OUT_07045,181.93
OUT_07046,193.35
OUT_07047,53.58
OUT_07048,664.52
OUT_07049,50.74
OUT_07050,189.98
OUT_07051,196.13
OUT_07052,45.72
OUT_07053,63.59
OUT_07054,189.1
OUT_07055,48.39
OUT_07056,677.63
OUT_07057,651.6
OUT_07058,185.97
OUT_07059,53.36
OUT_07060,73.28
OUT_07061,668.95
OUT_07062,202.15
OUT_07063,49.21
OUT_07064,189.43
OUT_07065,668.84
OUT_07066,70.72
OUT_07067,194.4
OUT_07068,1670.14
OUT_07069,68.03
OUT_07070,200.28
OUT_07071,57.98
OUT_07072,67.58
OUT_07073,67.53
OUT_07074,65.7
OUT_07075,57.74
OUT_07076,68.3
OUT_07077,55.36
OUT_07078,193.59
OUT_07079,55.25
OUT_07080,1660.63
OUT_07081,200.86
OUT_07082,53.1
OUT_07083,71.43
OUT_07084,53.72
OUT_07085,194.46
OUT_07086,47.03
OUT_07087,50.72
OUT_07088,194.26
OUT_07089,1654.53
OUT_07090,193.62
OUT_07091,195.6
OUT_07092,63.42
OUT_07093,650.61
OUT_07094,193.59
OUT_07095,36.68
OUT_07096,190.2
OUT_07097,190.21
OUT_07098,58.39
OUT_07099,194.58
OUT_07100,73.08
OUT_07101,661.88
OUT_07102,59.35
OUT_07103,66.77
OUT_07104,55.76
OUT_07105,189.58
OUT_07106,67.13
OUT_07107,61.22
OUT_07108,657.48
OUT_07109,55.61
OUT_07110,67.74
OUT_07111,198.79
OUT_07112,347.45
OUT_07113,194.43
OUT_07114,197.36
OUT_07115,192.73
OUT_07116,67.32
OUT_07117,58.72
OUT_07118,65.47
OUT_07119,191.26
OUT_07120,191.45
OUT_07121,669.89
OUT_07122,647.42
OUT_07123,56.7
OUT_07124,664.43
OUT_07125,58.81
OUT_07126,188.59
OUT_07127,65.36
OUT_07128,44.34
OUT_07129,204.14
OUT_07130,47.53
OUT_07131,60.1
OUT_07132,221.26
OUT_07133,61.99
OUT_07134,57.93
OUT_07135,1685.25
OUT_07136,55.3
OUT_07137,61.5
OUT_07138,667.61
OUT_07139,67.36
OUT_07140,69.16
OUT_07141,664.4
OUT_07142,64.73
OUT_07143,65.3
OUT_07144,652.07
OUT_07145,48.97
OUT_07146,65.09
OUT_07147,675.35
OUT_07148,665.6
OUT_07149,189.42
OUT_07150,636.73
OUT_07151,62.97
OUT_07152,62.37
OUT_07153,58.09
OUT_07154,51.48
OUT_07155,199.35
OUT_07156,649.86
OUT_07157,193.33
OUT_07158,43.99
OUT_07159,61.54
OUT_07160,67.36
OUT_07161,1702.54
OUT_07162,27.6
OUT_07163,61.75
OUT_07164,61.51
OUT_07165,71.43
OUT_07166,187.39
OUT_07167,50.24
OUT_07168,63.84
OUT_07169,191.9
OUT_07170,62.22
OUT_07171,60.61
OUT_07172,64.51
OUT_07173,57.05
OUT_07174,55.24
OUT_07175,64.69
OUT_07176,64.96
OUT_07177,1655.99
OUT_07178,195.12
OUT_07179,66.27
OUT_07180,55.58
OUT_07181,196.53
OUT_07182,43.61
OUT_07183,684.82
OUT_07184,196.61
OUT_07185,64.04
OUT_07186,47.94
OUT_07187,651.45
OUT_07188,51.3
OUT_07189,70.0
OUT_07190,48.85
OUT_07191,64.38
OUT_07192,67.29
OUT_07193,193.4
OUT_07194,667.34
OUT_07195,647.74
OUT_07196,191.7
OUT_07197,62.12
OUT_07198,71.8
OUT_07199,192.56
OUT_07200,66.41
OUT_07201,206.76
OUT_07202,62.32
OUT_07203,193.49
OUT_07204,67.49
OUT_07205,61.8
OUT_07206,62.69
OUT_07207,195.32
OUT_07208,54.46
OUT_07209,193.56
OUT_07210,62.33
OUT_07211,56.71
OUT_07212,195.52
OUT_07213,41.29
OUT_07214,667.56
OUT_07215,1678.96
OUT_07216,60.26
OUT_07217,57.59
OUT_07218,194.53
OUT_07219,665.79
OUT_07220,71.44
OUT_07221,62.41
OUT_07222,60.39
OUT_07223,43.8
OUT_07224,36.25
OUT_07225,1689.56
OUT_07226,43.1
OUT_07227,656.46
OUT_07228,61.13
OUT_07229,33.75
OUT_07230,68.12
OUT_07231,56.75
OUT_07232,196.63
OUT_07233,1658.87
OUT_07234,56.07
OUT_07235,189.83
OUT_07236,67.22
OUT_07237,55.37
OUT_07238,72.67
OUT_07239,211.85
OUT_07240,65.75
OUT_07241,69.12
OUT_07242,66.84
OUT_07243,190.61
OUT_07244,67.22
OUT_07245,194.17
OUT_07246,67.48
OUT_07247,194.81
OUT_07248,64.52
OUT_07249,60.72
OUT_07250,1645.09
OUT_07251,193.7
OUT_07252,194.27
OUT_07253,61.52
OUT_07254,65.62
OUT_07255,53.69
OUT_07256,189.44
OUT_07257,190.06
OUT_07258,647.22
OUT_07259,666.21
OUT_07260,60.74
OUT_07261,68.29
OUT_07262,194.97
OUT_07263,662.03
OUT_07264,53.58
OUT_07265,52.41
OUT_07266,671.92
OUT_07267,70.34
OUT_07268,194.71
OUT_07269,207.6
OUT_07270,58.39
OUT_07271,64.33
OUT_07272,221.7
OUT_07273,649.51
OUT_07274,652.22
OUT_07275,70.59
OUT_07276,1664.96
OUT_07277,65.12
OUT_07278,47.96
OUT_07279,66.24
OUT_07280,223.17
OUT_07281,665.56
OUT_07282,184.69
OUT_07283,64.01
OUT_07284,194.37
OUT_07285,1667.3
OUT_07286,189.44
OUT_07287,62.39
OUT_07288,56.54
OUT_07289,658.19
OUT_07290,48.96
OUT_07291,64.4
OUT_07292,69.4
OUT_07293,62.98
OUT_07294,72.64
OUT_07295,64.79
OUT_07296,192.56
OUT_07297,67.77
OUT_07298,658.52
OUT_07299,64.11
OUT_07300,641.39
OUT_07301,66.24
OUT_07302,201.3
OUT_07303,71.09
OUT_07304,48.47
OUT_07305,641.45
OUT_07306,54.29
OUT_07307,667.11
OUT_07308,48.42
OUT_07309,60.27
OUT_07310,68.37
OUT_07311,185.83
OUT_07312,55.74
OUT_07313,64.1
OUT_07314,639.35
OUT_07315,195.38
OUT_07316,1663.16
OUT_07317,655.6
OUT_07318,194.38
OUT_07319,45.09
OUT_07320,62.07
OUT_07321,1588.6
OUT_07322,193.53
OUT_07323,46.65
OUT_07324,649.99
OUT_07325,60.55
OUT_07326,46.21
OUT_07327,678.22
OUT_07328,191.93
OUT_07329,186.86
OUT_07330,197.56
OUT_07331,667.03
OUT_07332,52.71
OUT_07333,197.24
OUT_07334,207.62
OUT_07335,670.31
OUT_07336,65.88
OUT_07337,67.58
OUT_07338,43.31
OUT_07339,69.85
OUT_07340,66.43
OUT_07341,668.51
OUT_07342,65.59
OUT_07343,190.6
OUT_07344,71.44
OUT_07345,71.99
OUT_07346,48.78
OUT_07347,194.62
OUT_07348,195.62
OUT_07349,648.62
OUT_07350,58.91
OUT_07351,189.64
OUT_07352,70.73
OUT_07353,55.9
OUT_07354,648.89
OUT_07355,60.42
OUT_07356,190.48
OUT_07357,194.47
OUT_07358,73.07
OUT_07359,56.32
OUT_07360,54.94
OUT_07361,44.89
OUT_07362,193.82
OUT_07363,66.15
OUT_07364,197.31
OUT_07365,46.65
OUT_07366,62.93
OUT_07367,665.38
OUT_07368,658.13
OUT_07369,66.74
OUT_07370,51.27
OUT_07371,190.82
OUT_07372,64.59
OUT_07373,54.71
OUT_07374,652.25
OUT_07375,61.41
OUT_07376,194.06
OUT_07377,46.72
OUT_07378,656.12
OUT_07379,52.2
OUT_07380,649.74
OUT_07381,57.7
OUT_07382,191.94
OUT_07383,188.19
OUT_07384,68.1
OUT_07385,65.6
OUT_07386,655.7
OUT_07387,56.46
OUT_07388,1700.65
OUT_07389,58.5
OUT_07390,665.44
OUT_07391,1673.48
OUT_07392,35.01
OUT_07393,642.75
OUT_07394,67.4
OUT_07395,60.65
OUT_07396,191.53
OUT_07397,43.97
OUT_07398,47.88
OUT_07399,69.93
OUT_07400,207.94
OUT_07401,65.97
OUT_07402,189.68
OUT_07403,64.8
OUT_07404,70.82
OUT_07405,54.28
OUT_07406,54.05
OUT_07407,59.6
OUT_07408,1663.1
OUT_07409,64.78
OUT_07410,193.72
OUT_07411,55.58
OUT_07412,56.31
OUT_07413,194.36
OUT_07414,189.69
OUT_07415,193.01
OUT_07416,191.99
OUT_07417,1703.16
OUT_07418,663.57
OUT_07419,56.45
OUT_07420,197.41
OUT_07421,60.18
OUT_07422,668.01
OUT_07423,199.6
OUT_07424,67.74
OUT_07425,189.34
OUT_07426,203.36
OUT_07427,60.09
OUT_07428,187.63
OUT_07429,191.2
OUT_07430,56.55
OUT_07431,61.28
OUT_07432,669.68
OUT_07433,65.56
OUT_07434,67.85
OUT_07435,64.99
OUT_07436,65.73
OUT_07437,54.42
OUT_07438,57.4
OUT_07439,30.18
OUT_07440,191.65
OUT_07441,70.36
OUT_07442,60.28
OUT_07443,681.45
OUT_07444,175.9
OUT_07445,59.91
OUT_07446,67.15
OUT_07447,194.61
OUT_07448,192.1
OUT_07449,30.3
OUT_07450,53.13
OUT_07451,640.79
OUT_07452,194.54
OUT_07453,193.54
OUT_07454,49.57
OUT_07455,186.44
OUT_07456,668.97
OUT_07457,54.52
OUT_07458,196.09
OUT_07459,72.49
OUT_07460,57.18
OUT_07461,32.7
OUT_07462,194.53
OUT_07463,193.82
OUT_07464,195.13
OUT_07465,64.4
OUT_07466,651.95
OUT_07467,187.66
OUT_07468,52.44
OUT_07469,644.65
OUT_07470,61.4
OUT_07471,187.63
OUT_07472,665.22
OUT_07473,66.06
OUT_07474,1655.43
OUT_07475,185.56
OUT_07476,67.17
OUT_07477,50.78
OUT_07478,67.5
OUT_07479,55.53
OUT_07480,650.41
OUT_07481,190.67
OUT_07482,56.81
OUT_07483,669.47
OUT_07484,194.82
OUT_07485,165.63
OUT_07486,192.63
OUT_07487,188.18
OUT_07488,188.0
OUT_07489,196.68
OUT_07490,650.44
OUT_07491,186.28
OUT_07492,1675.39
OUT_07493,196.73
OUT_07494,193.73
OUT_07495,192.79
OUT_07496,58.71
OUT_07497,192.19
OUT_07498,189.1
OUT_07499,196.88
OUT_07500,54.93
OUT_07501,194.36
OUT_07502,57.95
OUT_07503,190.19
OUT_07504,1682.28
OUT_07505,652.01
OUT_07506,62.15
OUT_07507,51.36
OUT_07508,55.88
OUT_07509,43.96
OUT_07510,71.61
OUT_07511,62.66
OUT_07512,193.51
OUT_07513,189.42
OUT_07514,61.22
OUT_07515,678.2
OUT_07516,63.48
OUT_07517,55.91
OUT_07518,57.05
OUT_07519,1689.54
OUT_07520,194.34
OUT_07521,55.23
OUT_07522,193.64
OUT_07523,56.75
OUT_07524,187.28
OUT_07525,65.84
OUT_07526,64.38
OUT_07527,56.39
OUT_07528,55.5
OUT_07529,56.72
OUT_07530,195.45
OUT_07531,60.63
OUT_07532,196.78
OUT_07533,178.01
OUT_07534,58.74
OUT_07535,187.38
OUT_07536,663.07
OUT_07537,57.87
OUT_07538,53.77
OUT_07539,188.13
OUT_07540,57.63
OUT_07541,54.3
OUT_07542,61.9
OUT_07543,68.55
OUT_07544,64.08
OUT_07545,198.37
OUT_07546,1699.16
OUT_07547,185.98
OUT_07548,54.9
OUT_07549,50.93
OUT_07550,64.01
OUT_07551,56.2
OUT_07552,194.49
OUT_07553,1675.6
OUT_07554,65.21
OUT_07555,65.94
OUT_07556,56.83
OUT_07557,657.97
OUT_07558,41.03
OUT_07559,61.55
OUT_07560,65.78
OUT_07561,190.76
OUT_07562,48.73
OUT_07563,186.76
OUT_07564,67.11
OUT_07565,67.72
OUT_07566,71.87
OUT_07567,64.97
OUT_07568,67.86
OUT_07569,66.52
OUT_07570,56.56
OUT_07571,187.48
OUT_07572,70.24
OUT_07573,52.98
OUT_07574,638.01
OUT_07575,53.78
OUT_07576,193.52
OUT_07577,57.79
OUT_07578,657.53
OUT_07579,55.51
OUT_07580,67.71
OUT_07581,636.53
OUT_07582,47.84
OUT_07583,65.2
OUT_07584,56.87
OUT_07585,64.42
OUT_07586,191.73
OUT_07587,637.31
OUT_07588,43.31
OUT_07589,60.57
OUT_07590,656.38
OUT_07591,663.45
OUT_07592,56.31
OUT_07593,195.84
OUT_07594,64.41
OUT_07595,56.12
OUT_07596,61.23
OUT_07597,62.91
OUT_07598,204.88
OUT_07599,55.57
OUT_07600,682.0
OUT_07601,72.31
OUT_07602,66.62
OUT_07603,66.38
OUT_07604,1696.68
OUT_07605,675.34
OUT_07606,72.02
OUT_07607,61.13
OUT_07608,56.54
OUT_07609,194.9
OUT_07610,53.7
OUT_07611,190.01
OUT_07612,43.65
OUT_07613,67.66
OUT_07614,60.13
OUT_07615,195.59
OUT_07616,56.58
OUT_07617,684.08
OUT_07618,62.81
OUT_07619,193.98
OUT_07620,195.33
OUT_07621,190.64
OUT_07622,188.91
OUT_07623,61.05
OUT_07624,61.25
OUT_07625,656.19
OUT_07626,34.26
OUT_07627,661.62
OUT_07628,66.63
OUT_07629,656.0
OUT_07630,60.36
OUT_07631,67.77
OUT_07632,64.14
OUT_07633,661.28
OUT_07634,63.7
OUT_07635,669.49
OUT_07636,661.71
OUT_07637,60.11
OUT_07638,201.86
OUT_07639,1663.61
OUT_07640,56.16
OUT_07641,184.86
OUT_07642,65.02
OUT_07643,201.0
OUT_07644,55.43
OUT_07645,55.46
OUT_07646,192.96
OUT_07647,70.81
OUT_07648,60.79
OUT_07649,189.19
OUT_07650,190.03
OUT_07651,67.54
OUT_07652,71.55
OUT_07653,54.97
OUT_07654,188.62
OUT_07655,1672.04
OUT_07656,47.21
OUT_07657,65.22
OUT_07658,1685.73
OUT_07659,186.71
OUT_07660,62.89
OUT_07661,186.15
OUT_07662,199.74
OUT_07663,54.39
OUT_07664,194.2
OUT_07665,61.56
OUT_07666,64.86
OUT_07667,205.22
OUT_07668,64.57
OUT_07669,39.25
OUT_07670,60.36
OUT_07671,655.25
OUT_07672,55.03
OUT_07673,56.78
OUT_07674,649.67
OUT_07675,54.22
OUT_07676,66.51
OUT_07677,664.16
OUT_07678,665.87
OUT_07679,665.99
OUT_07680,56.2
OUT_07681,194.57
OUT_07682,671.77
OUT_07683,55.7
OUT_07684,195.05
OUT_07685,678.23
OUT_07686,73.24
OUT_07687,1680.17
OUT_07688,1689.44
OUT_07689,192.84
OUT_07690,54.73
OUT_07691,71.52
OUT_07692,48.42
OUT_07693,192.92
OUT_07694,61.0
OUT_07695,69.11
OUT_07696,61.25
OUT_07697,62.74
OUT_07698,50.99
OUT_07699,55.57
OUT_07700,54.99
OUT_07701,64.64
OUT_07702,663.46
OUT_07703,1663.26
OUT_07704,659.19
OUT_07705,201.01
OUT_07706,193.4
OUT_07707,55.4
OUT_07708,194.03
OUT_07709,193.97
OUT_07710,54.48
OUT_07711,58.35
OUT_07712,194.54
OUT_07713,193.53
OUT_07714,189.18
OUT_07715,195.66
OUT_07716,44.4
OUT_07717,64.31
OUT_07718,188.21
OUT_07719,65.29
OUT_07720,1693.76
OUT_07721,191.76
OUT_07722,655.18
OUT_07723,48.19
OUT_07724,194.51
OUT_07725,190.58
OUT_07726,56.12
OUT_07727,70.58
OUT_07728,65.08
OUT_07729,56.43
OUT_07730,198.54
OUT_07731,54.06
OUT_07732,190.19
OUT_07733,60.54
OUT_07734,668.31
OUT_07735,65.09
OUT_07736,1608.66
OUT_07737,63.79
OUT_07738,66.48
OUT_07739,191.27
OUT_07740,194.8
OUT_07741,60.99
OUT_07742,640.35
OUT_07743,60.17
OUT_07744,64.66
OUT_07745,45.4
OUT_07746,651.67
OUT_07747,190.22
OUT_07748,62.64
OUT_07749,186.81
OUT_07750,186.07
OUT_07751,72.9
OUT_07752,64.87
OUT_07753,190.36
OUT_07754,64.52
OUT_07755,190.64
OUT_07756,66.36
OUT_07757,49.85
OUT_07758,55.68
OUT_07759,55.19
OUT_07760,190.71
OUT_07761,55.51
OUT_07762,1668.53
OUT_07763,199.02
OUT_07764,68.36
OUT_07765,1660.84
OUT_07766,61.23
OUT_07767,62.37
OUT_07768,57.72
OUT_07769,639.04
OUT_07770,62.46
OUT_07771,184.85
OUT_07772,649.13
OUT_07773,184.47
OUT_07774,236.14
OUT_07775,660.16
OUT_07776,61.38
OUT_07777,67.94
OUT_07778,57.49
OUT_07779,69.09
OUT_07780,62.22
OUT_07781,208.43
OUT_07782,189.33
OUT_07783,57.27
OUT_07784,483.94
OUT_07785,196.53
OUT_07786,634.65
OUT_07787,656.24
OUT_07788,62.94
OUT_07789,50.08
OUT_07790,194.04
OUT_07791,647.61
OUT_07792,648.32
OUT_07793,669.56
OUT_07794,56.34
OUT_07795,650.15
OUT_07796,1666.2
OUT_07797,64.53
OUT_07798,194.81
OUT_07799,45.13
OUT_07800,43.25
OUT_07801,657.18
OUT_07802,47.96
OUT_07803,60.74
OUT_07804,58.66
OUT_07805,35.33
OUT_07806,198.84
OUT_07807,63.91
OUT_07808,67.35
OUT_07809,203.17
OUT_07810,1665.57
OUT_07811,58.77
OUT_07812,63.8
OUT_07813,61.2
OUT_07814,66.94
OUT_07815,1672.75
OUT_07816,63.07
OUT_07817,636.52
OUT_07818,43.66
OUT_07819,183.75
OUT_07820,59.61
OUT_07821,47.41
OUT_07822,59.18
OUT_07823,660.79
OUT_07824,56.94
OUT_07825,202.37
OUT_07826,59.54
OUT_07827,194.42
OUT_07828,62.24
OUT_07829,55.9
OUT_07830,656.34
OUT_07831,190.39
OUT_07832,651.23
OUT_07833,183.03
OUT_07834,195.52
OUT_07835,60.98
OUT_07836,199.71
OUT_07837,1666.4
OUT_07838,190.56
OUT_07839,52.98
OUT_07840,189.07
OUT_07841,61.41
OUT_07842,62.43
OUT_07843,64.96
OUT_07844,64.88
OUT_07845,672.74
OUT_07846,191.96
OUT_07847,193.98
OUT_07848,57.74
OUT_07849,71.71
OUT_07850,64.8
OUT_07851,51.89
OUT_07852,43.86
OUT_07853,59.76
OUT_07854,55.98
OUT_07855,208.97
OUT_07856,194.42
OUT_07857,198.98
OUT_07858,665.28
OUT_07859,652.18
OUT_07860,194.6
OUT_07861,200.54
OUT_07862,52.33
OUT_07863,193.87
OUT_07864,197.7
OUT_07865,43.29
OUT_07866,55.39
OUT_07867,649.58
OUT_07868,61.23
OUT_07869,186.29
OUT_07870,198.72
OUT_07871,60.43
OUT_07872,46.1
OUT_07873,61.12
OUT_07874,56.66
OUT_07875,650.27
OUT_07876,1664.64
OUT_07877,1672.67
OUT_07878,60.96
OUT_07879,647.35
OUT_07880,1679.46
OUT_07881,65.78
OUT_07882,55.32
OUT_07883,651.09
OUT_07884,196.33
OUT_07885,55.93
OUT_07886,190.87
OUT_07887,55.56
OUT_07888,194.06
OUT_07889,54.74
OUT_07890,59.9
OUT_07891,68.76
OUT_07892,70.89
OUT_07893,669.43
OUT_07894,60.82
OUT_07895,57.08
OUT_07896,1665.96
OUT_07897,677.64
OUT_07898,190.25
OUT_07899,189.77
OUT_07900,65.11
OUT_07901,651.95
OUT_07902,67.15
OUT_07903,59.67
OUT_07904,67.19
OUT_07905,56.63
OUT_07906,56.64
OUT_07907,55.4
OUT_07908,665.73
OUT_07909,198.99
OUT_07910,190.66
OUT_07911,655.68
OUT_07912,72.32
OUT_07913,57.33
OUT_07914,44.78
OUT_07915,191.57
OUT_07916,1668.17
OUT_07917,61.39
OUT_07918,60.57
OUT_07919,67.85
OUT_07920,190.04
OUT_07921,42.44
OUT_07922,65.74
OUT_07923,1632.33
OUT_07924,635.91
OUT_07925,1669.66
OUT_07926,68.09
OUT_07927,71.03
OUT_07928,45.79
OUT_07929,65.66
OUT_07930,663.91
OUT_07931,65.69
OUT_07932,183.39
OUT_07933,57.95
OUT_07934,55.69
OUT_07935,668.45
OUT_07936,59.88
OUT_07937,68.7
OUT_07938,653.81
OUT_07939,189.26
OUT_07940,46.9
OUT_07941,193.73
OUT_07942,66.8
OUT_07943,190.74
OUT_07944,70.13
OUT_07945,194.34
OUT_07946,53.38
OUT_07947,192.89
OUT_07948,184.13
OUT_07949,662.08
OUT_07950,64.39
OUT_07951,64.59
OUT_07952,64.3
OUT_07953,54.16
OUT_07954,194.23
OUT_07955,183.13
OUT_07956,180.07
OUT_07957,194.57
OUT_07958,60.5
OUT_07959,58.71
OUT_07960,55.84
OUT_07961,62.07
OUT_07962,192.2
OUT_07963,67.2
OUT_07964,26.26
OUT_07965,190.06
OUT_07966,185.37
OUT_07967,649.31
OUT_07968,56.66
OUT_07969,195.64
OUT_07970,650.81
OUT_07971,650.69
OUT_07972,193.8
OUT_07973,51.6
OUT_07974,189.19
OUT_07975,54.77
OUT_07976,57.39
OUT_07977,45.49
OUT_07978,196.97
OUT_07979,66.87
OUT_07980,1678.24
OUT_07981,68.94
OUT_07982,68.55
OUT_07983,36.04
OUT_07984,63.81
OUT_07985,654.14
OUT_07986,55.31
OUT_07987,64.7
OUT_07988,67.64
OUT_07989,66.13
OUT_07990,68.3
OUT_07991,654.55
OUT_07992,56.24
OUT_07993,666.19
OUT_07994,53.07
OUT_07995,48.85
OUT_07996,44.46
OUT_07997,193.42
OUT_07998,68.37
OUT_07999,70.62
OUT_08000,67.68
OUT_08001,669.0
OUT_08002,192.34
OUT_08003,67.09
OUT_08004,50.44
OUT_08005,66.47
OUT_08006,55.8
OUT_08007,67.8
OUT_08008,197.93
OUT_08009,52.01
OUT_08010,189.2
OUT_08011,61.42
OUT_08012,56.68
OUT_08013,194.08
OUT_08014,199.41
OUT_08015,635.53
OUT_08016,62.58
OUT_08017,64.97
OUT_08018,63.19
OUT_08019,194.66
OUT_08020,44.02
OUT_08021,55.01
OUT_08022,191.36
OUT_08023,174.35
OUT_08024,57.25
OUT_08025,652.01
OUT_08026,194.73
OUT_08027,67.05
OUT_08028,52.39
OUT_08029,650.43
OUT_08030,656.48
OUT_08031,71.37
OUT_08032,1700.74
OUT_08033,1671.99
OUT_08034,56.31
OUT_08035,194.74
OUT_08036,59.52
OUT_08037,662.68
OUT_08038,194.95
OUT_08039,657.67
OUT_08040,46.85
OUT_08041,638.42
OUT_08042,203.06
OUT_08043,70.54
OUT_08044,53.21
OUT_08045,1669.73
OUT_08046,60.45
OUT_08047,1664.69
OUT_08048,64.9
OUT_08049,62.82
OUT_08050,651.66
OUT_08051,70.72
OUT_08052,195.45
OUT_08053,51.75
OUT_08054,69.06
OUT_08055,647.05
OUT_08056,56.29
OUT_08057,184.57
OUT_08058,193.66
OUT_08059,648.5
OUT_08060,62.69
OUT_08061,58.44
OUT_08062,663.72
OUT_08063,187.06
OUT_08064,48.26
OUT_08065,204.81
OUT_08066,657.23
OUT_08067,665.78
OUT_08068,57.43
OUT_08069,193.79
OUT_08070,194.44
OUT_08071,61.49
OUT_08072,180.38
OUT_08073,62.6
OUT_08074,67.3
OUT_08075,198.72
OUT_08076,189.83
OUT_08077,62.17
OUT_08078,193.71
OUT_08079,1665.57
OUT_08080,187.36
OUT_08081,57.67
OUT_08082,185.22
OUT_08083,670.99
OUT_08084,57.97
OUT_08085,55.98
OUT_08086,66.42
OUT_08087,50.47
OUT_08088,191.97
OUT_08089,62.84
OUT_08090,1696.82
OUT_08091,216.69
OUT_08092,72.41
OUT_08093,187.05
OUT_08094,56.76
OUT_08095,65.16
OUT_08096,68.5
OUT_08097,637.01
OUT_08098,191.16
OUT_08099,646.36
OUT_08100,1673.48
OUT_08101,61.35
OUT_08102,194.27
OUT_08103,61.3
OUT_08104,56.33
OUT_08105,189.38
OUT_08106,60.6
OUT_08107,188.06
OUT_08108,56.13
OUT_08109,1665.56
OUT_08110,48.9
OUT_08111,194.22
OUT_08112,632.75
OUT_08113,64.44
OUT_08114,675.91
OUT_08115,67.79
OUT_08116,188.04
OUT_08117,51.56
OUT_08118,642.39
OUT_08119,68.7
OUT_08120,658.09
OUT_08121,71.42
OUT_08122,57.75
OUT_08123,189.93
OUT_08124,60.94
OUT_08125,192.34
OUT_08126,650.42
OUT_08127,651.38
OUT_08128,634.78
OUT_08129,676.37
OUT_08130,65.41
OUT_08131,654.38
OUT_08132,56.36
OUT_08133,70.83
OUT_08134,189.13
OUT_08135,199.81
OUT_08136,32.65
OUT_08137,189.64
OUT_08138,635.4
OUT_08139,183.72
OUT_08140,658.94
OUT_08141,65.28
OUT_08142,62.69
OUT_08143,194.29
OUT_08144,44.16
OUT_08145,653.37
OUT_08146,66.32
OUT_08147,53.83
OUT_08148,194.99
OUT_08149,61.69
OUT_08150,59.73
OUT_08151,195.54
OUT_08152,56.68
OUT_08153,193.93
OUT_08154,195.12
OUT_08155,60.34
OUT_08156,153.55
OUT_08157,56.8
OUT_08158,651.16
OUT_08159,1672.11
OUT_08160,655.02
OUT_08161,68.42
OUT_08162,61.09
OUT_08163,57.46
OUT_08164,55.58
OUT_08165,192.38
OUT_08166,62.53
OUT_08167,193.2
OUT_08168,56.2
OUT_08169,58.25
OUT_08170,66.93
OUT_08171,55.42
OUT_08172,189.12
OUT_08173,194.35
OUT_08174,56.8
OUT_08175,671.25
OUT_08176,47.5
OUT_08177,654.21
OUT_08178,189.79
OUT_08179,668.84
OUT_08180,64.37
OUT_08181,189.55
OUT_08182,193.07
OUT_08183,70.03
OUT_08184,60.87
OUT_08185,39.27
OUT_08186,653.43
OUT_08187,639.94
OUT_08188,195.32
OUT_08189,38.29
OUT_08190,202.33
OUT_08191,51.43
OUT_08192,195.65
OUT_08193,60.34
OUT_08194,45.5
OUT_08195,675.45
OUT_08196,189.82
OUT_08197,37.55
OUT_08198,192.8
OUT_08199,188.93
OUT_08200,61.33
OUT_08201,1681.89
OUT_08202,50.79
OUT_08203,60.35
OUT_08204,58.76
OUT_08205,52.02
OUT_08206,645.62
OUT_08207,52.68
OUT_08208,188.9
OUT_08209,192.14
OUT_08210,65.0
OUT_08211,55.66
OUT_08212,55.34
OUT_08213,64.57
OUT_08214,54.14
OUT_08215,195.37
OUT_08216,679.7
OUT_08217,636.55
OUT_08218,1660.96
OUT_08219,190.81
OUT_08220,43.38
OUT_08221,650.56
OUT_08222,676.46
OUT_08223,74.05
OUT_08224,56.62
OUT_08225,640.64
OUT_08226,1666.09
OUT_08227,640.94
OUT_08228,671.28
OUT_08229,67.03
OUT_08230,194.5
OUT_08231,1668.49
OUT_08232,56.43
OUT_08233,674.68
OUT_08234,647.41
OUT_08235,71.73
OUT_08236,46.9
OUT_08237,650.8
OUT_08238,194.74
OUT_08239,196.74
OUT_08240,55.52
OUT_08241,690.63
OUT_08242,67.69
OUT_08243,652.72
OUT_08244,64.73
OUT_08245,53.07
OUT_08246,64.09
OUT_08247,198.54
OUT_08248,68.62
OUT_08249,67.04
OUT_08250,64.57
OUT_08251,196.12
OUT_08252,59.13
OUT_08253,47.44
OUT_08254,188.6
OUT_08255,468.6
OUT_08256,30.26
OUT_08257,185.95
OUT_08258,194.91
OUT_08259,194.35
OUT_08260,669.55
OUT_08261,653.07
OUT_08262,189.56
OUT_08263,64.65
OUT_08264,197.11
OUT_08265,44.29
OUT_08266,53.99
OUT_08267,190.8
OUT_08268,58.47
OUT_08269,57.55
OUT_08270,190.29
OUT_08271,680.87
OUT_08272,196.52
OUT_08273,651.12
OUT_08274,43.6
OUT_08275,650.11
OUT_08276,60.25
OUT_08277,190.07
OUT_08278,1494.97
OUT_08279,206.74
OUT_08280,681.37
OUT_08281,651.49
OUT_08282,43.07
OUT_08283,57.88
OUT_08284,55.95
OUT_08285,54.86
OUT_08286,204.05
OUT_08287,196.41
OUT_08288,196.7
OUT_08289,64.29
OUT_08290,55.3
OUT_08291,68.82
OUT_08292,669.32
OUT_08293,61.06
OUT_08294,193.83
OUT_08295,64.36
OUT_08296,1699.0
OUT_08297,60.22
OUT_08298,1700.6
OUT_08299,52.48
OUT_08300,193.16
OUT_08301,54.06
OUT_08302,62.04
OUT_08303,216.64
OUT_08304,1666.05
OUT_08305,657.33
OUT_08306,58.55
OUT_08307,664.06
OUT_08308,199.52
OUT_08309,187.13
OUT_08310,193.2
OUT_08311,71.99
OUT_08312,50.34
OUT_08313,661.69
OUT_08314,72.17
OUT_08315,56.43
OUT_08316,55.27
OUT_08317,62.19
OUT_08318,64.57
OUT_08319,191.58
OUT_08320,192.0
OUT_08321,196.83
OUT_08322,64.51
OUT_08323,192.75
OUT_08324,57.21
OUT_08325,195.01
OUT_08326,193.29
OUT_08327,665.94
OUT_08328,194.24
OUT_08329,183.67
OUT_08330,667.23
OUT_08331,656.63
OUT_08332,658.3
OUT_08333,58.77
OUT_08334,67.37
OUT_08335,173.4
OUT_08336,40.88
OUT_08337,62.24
OUT_08338,196.89
OUT_08339,58.46
OUT_08340,194.81
OUT_08341,53.66
OUT_08342,186.67
OUT_08343,64.68
OUT_08344,44.6
OUT_08345,55.01
OUT_08346,199.04
OUT_08347,639.28
OUT_08348,650.6
OUT_08349,38.38
OUT_08350,64.76
OUT_08351,191.57
OUT_08352,53.47
OUT_08353,71.32
OUT_08354,67.62
OUT_08355,673.96
OUT_08356,189.64
OUT_08357,187.6
OUT_08358,189.04
OUT_08359,64.89
OUT_08360,677.25
OUT_08361,222.61
OUT_08362,679.95
OUT_08363,60.88
OUT_08364,64.69
OUT_08365,62.17
OUT_08366,62.59
OUT_08367,49.14
OUT_08368,55.44
OUT_08369,63.66
OUT_08370,67.75
OUT_08371,194.8
OUT_08372,46.06
OUT_08373,66.49
OUT_08374,47.65
OUT_08375,52.34
OUT_08376,56.35
OUT_08377,190.34
OUT_08378,195.19
OUT_08379,47.94
OUT_08380,192.17
OUT_08381,66.38
OUT_08382,652.18
OUT_08383,53.22
OUT_08384,56.59
OUT_08385,64.55
OUT_08386,190.26
OUT_08387,181.65
OUT_08388,194.38
OUT_08389,64.47
OUT_08390,187.65
OUT_08391,63.47
OUT_08392,63.57
OUT_08393,57.29
OUT_08394,55.33
OUT_08395,48.29
OUT_08396,194.99
OUT_08397,67.58
OUT_08398,194.2
OUT_08399,71.08
OUT_08400,714.49
OUT_08401,61.19
OUT_08402,1675.66
OUT_08403,67.02
OUT_08404,61.15
OUT_08405,64.96
OUT_08406,215.15
OUT_08407,69.74
OUT_08408,653.17
OUT_08409,64.41
OUT_08410,55.94
OUT_08411,197.88
OUT_08412,63.14
OUT_08413,190.22
OUT_08414,195.71
OUT_08415,68.86
OUT_08416,40.01
OUT_08417,55.23
OUT_08418,61.41
OUT_08419,55.92
OUT_08420,52.54
OUT_08421,189.26
OUT_08422,254.42
OUT_08423,63.99
OUT_08424,50.94
OUT_08425,36.47
OUT_08426,68.23
OUT_08427,648.93
OUT_08428,60.54
OUT_08429,56.07
OUT_08430,55.65
OUT_08431,67.51
OUT_08432,1672.58
OUT_08433,57.38
OUT_08434,67.39
OUT_08435,57.37
OUT_08436,190.13
OUT_08437,639.61
OUT_08438,648.03
OUT_08439,53.89
OUT_08440,55.68
OUT_08441,60.27
OUT_08442,1677.94
OUT_08443,193.37
OUT_08444,191.44
OUT_08445,62.55
OUT_08446,194.05
OUT_08447,53.66
OUT_08448,193.52
OUT_08449,645.55
OUT_08450,62.8
OUT_08451,193.38
OUT_08452,1656.34
OUT_08453,53.02
OUT_08454,68.16
OUT_08455,639.34
OUT_08456,56.41
OUT_08457,679.52
OUT_08458,645.16
OUT_08459,188.98
OUT_08460,65.07
OUT_08461,189.37
OUT_08462,62.97
OUT_08463,194.74
OUT_08464,645.01
OUT_08465,189.64
OUT_08466,187.32
OUT_08467,56.36
OUT_08468,203.86
OUT_08469,189.18
OUT_08470,188.56
OUT_08471,44.56
OUT_08472,192.69
OUT_08473,201.95
OUT_08474,651.33
OUT_08475,62.14
OUT_08476,67.38
OUT_08477,656.57
OUT_08478,44.47
OUT_08479,170.65
OUT_08480,188.29
OUT_08481,65.77
OUT_08482,193.46
OUT_08483,57.87
OUT_08484,1480.19
OUT_08485,1674.18
OUT_08486,61.35
OUT_08487,53.91
OUT_08488,65.13
OUT_08489,660.34
OUT_08490,190.12
OUT_08491,198.58
OUT_08492,193.88
OUT_08493,650.25
OUT_08494,57.6
OUT_08495,47.57
OUT_08496,659.04
OUT_08497,62.82
OUT_08498,55.65
OUT_08499,62.21
OUT_08500,53.9
OUT_08501,68.41
OUT_08502,653.32
OUT_08503,48.34
OUT_08504,195.73
OUT_08505,48.12
OUT_08506,650.02
OUT_08507,66.86
OUT_08508,189.85
OUT_08509,55.88
OUT_08510,42.68
OUT_08511,33.4
OUT_08512,649.51
OUT_08513,54.88
OUT_08514,55.66
OUT_08515,193.77
OUT_08516,66.72
OUT_08517,652.05
OUT_08518,193.68
OUT_08519,57.69
OUT_08520,55.0
OUT_08521,69.29
OUT_08522,64.53
OUT_08523,193.23
OUT_08524,218.06
OUT_08525,192.76
OUT_08526,1585.65
OUT_08527,73.03
OUT_08528,54.99
OUT_08529,51.05
OUT_08530,187.87
OUT_08531,68.99
OUT_08532,189.04
OUT_08533,51.28
OUT_08534,57.38
OUT_08535,55.74
OUT_08536,62.05
OUT_08537,650.35
OUT_08538,28.02
OUT_08539,193.93
OUT_08540,650.21
OUT_08541,193.82
OUT_08542,60.65
OUT_08543,476.7
OUT_08544,671.09
OUT_08545,61.51
OUT_08546,53.56
OUT_08547,59.56
OUT_08548,46.42
OUT_08549,1763.76
OUT_08550,645.97
OUT_08551,65.96
OUT_08552,675.37
OUT_08553,187.16
OUT_08554,47.69
OUT_08555,676.42
OUT_08556,194.77
OUT_08557,56.88
OUT_08558,66.06
OUT_08559,634.35
OUT_08560,194.23
OUT_08561,190.07
OUT_08562,53.32
OUT_08563,193.78
OUT_08564,656.82
OUT_08565,665.95
OUT_08566,189.41
OUT_08567,67.8
OUT_08568,658.63
OUT_08569,71.68
OUT_08570,56.34
OUT_08571,67.52
OUT_08572,67.11
OUT_08573,198.83
OUT_08574,193.12
OUT_08575,235.77
OUT_08576,73.06
OUT_08577,179.57
OUT_08578,193.91
OUT_08579,58.53
OUT_08580,54.78
OUT_08581,184.76
OUT_08582,194.67
OUT_08583,1616.79
OUT_08584,55.53
OUT_08585,58.98
OUT_08586,55.21
OUT_08587,52.44
OUT_08588,191.84
OUT_08589,64.72
OUT_08590,194.66
OUT_08591,50.36
OUT_08592,192.88
OUT_08593,60.46
OUT_08594,65.48
OUT_08595,189.24
OUT_08596,194.17
OUT_08597,48.24
OUT_08598,62.49
OUT_08599,66.05
OUT_08600,60.01
OUT_08601,60.96
OUT_08602,193.61
OUT_08603,694.49
OUT_08604,43.99
OUT_08605,67.61
OUT_08606,664.55
OUT_08607,66.66
OUT_08608,195.3
OUT_08609,62.74
OUT_08610,55.52
OUT_08611,190.81
OUT_08612,60.55
OUT_08613,188.02
OUT_08614,1552.37
OUT_08615,65.86
OUT_08616,70.14
OUT_08617,69.03
OUT_08618,224.23
OUT_08619,657.12
OUT_08620,44.94
OUT_08621,62.65
OUT_08622,65.02
OUT_08623,190.43
OUT_08624,66.61
OUT_08625,1599.21
OUT_08626,185.33
OUT_08627,60.84
OUT_08628,56.02
OUT_08629,65.16
OUT_08630,664.23
OUT_08631,656.18
OUT_08632,64.41
OUT_08633,45.2
OUT_08634,46.08
OUT_08635,65.72
OUT_08636,1692.03
OUT_08637,53.68
OUT_08638,199.23
OUT_08639,61.39
OUT_08640,193.27
OUT_08641,193.26
OUT_08642,665.26
OUT_08643,203.41
OUT_08644,61.65
OUT_08645,71.55
OUT_08646,62.66
OUT_08647,666.94
OUT_08648,186.4
OUT_08649,56.33
OUT_08650,195.7
OUT_08651,1664.71
OUT_08652,650.24
OUT_08653,651.01
OUT_08654,60.59
OUT_08655,188.76
OUT_08656,187.64
OUT_08657,193.04
OUT_08658,651.93
OUT_08659,58.25
OUT_08660,1684.02
OUT_08661,51.57
OUT_08662,60.34
OUT_08663,61.13
OUT_08664,48.86
OUT_08665,669.89
OUT_08666,1669.51
OUT_08667,61.13
OUT_08668,56.32
OUT_08669,64.92
OUT_08670,638.95
OUT_08671,64.66
OUT_08672,62.17
OUT_08673,668.7
OUT_08674,193.18
OUT_08675,70.6
OUT_08676,1663.23
OUT_08677,63.49
OUT_08678,57.32
OUT_08679,190.35
OUT_08680,194.39
OUT_08681,44.83
OUT_08682,656.11
OUT_08683,62.24
OUT_08684,54.17
OUT_08685,63.75
OUT_08686,198.09
OUT_08687,72.06
OUT_08688,68.05
OUT_08689,60.93
OUT_08690,58.83
OUT_08691,193.19
OUT_08692,168.99
OUT_08693,190.46
OUT_08694,195.79
OUT_08695,639.51
OUT_08696,72.21
OUT_08697,63.73
OUT_08698,198.0
OUT_08699,210.73
OUT_08700,192.58
OUT_08701,195.79
OUT_08702,197.21
OUT_08703,64.14
OUT_08704,640.27
OUT_08705,189.15
OUT_08706,67.71
OUT_08707,44.9
OUT_08708,651.43
OUT_08709,50.48
OUT_08710,67.54
OUT_08711,51.41
OUT_08712,63.22
OUT_08713,67.26
OUT_08714,196.57
OUT_08715,66.17
OUT_08716,1669.38
OUT_08717,193.28
OUT_08718,56.99
OUT_08719,191.48
OUT_08720,67.21
OUT_08721,670.22
OUT_08722,189.17
OUT_08723,197.35
OUT_08724,45.22
OUT_08725,61.29
OUT_08726,57.69
OUT_08727,62.61
OUT_08728,194.32
OUT_08729,62.8
OUT_08730,62.75
OUT_08731,67.79
OUT_08732,50.52
OUT_08733,52.81
OUT_08734,67.64
OUT_08735,194.52
OUT_08736,648.55
OUT_08737,57.61
OUT_08738,186.81
OUT_08739,1652.44
OUT_08740,60.51
OUT_08741,62.38
OUT_08742,63.08
OUT_08743,68.67
OUT_08744,56.74
OUT_08745,173.98
OUT_08746,60.1
OUT_08747,64.63
OUT_08748,48.37
OUT_08749,199.31
OUT_08750,191.69
OUT_08751,193.04
OUT_08752,68.0
OUT_08753,661.74
OUT_08754,54.23
OUT_08755,61.3
OUT_08756,676.54
OUT_08757,55.53
OUT_08758,58.51
OUT_08759,653.61
OUT_08760,72.13
OUT_08761,652.24
OUT_08762,71.17
OUT_08763,201.3
OUT_08764,635.54
OUT_08765,56.43
OUT_08766,60.19
OUT_08767,634.47
OUT_08768,59.88
OUT_08769,63.51
OUT_08770,195.19
OUT_08771,194.21
OUT_08772,187.5
OUT_08773,61.2
OUT_08774,63.17
OUT_08775,190.43
OUT_08776,637.95
OUT_08777,65.07
OUT_08778,60.31
OUT_08779,64.17
OUT_08780,670.62
OUT_08781,181.49
OUT_08782,192.8
OUT_08783,640.17
OUT_08784,194.31
OUT_08785,660.1
OUT_08786,65.51
OUT_08787,191.77
OUT_08788,53.45
OUT_08789,639.25
OUT_08790,61.39
OUT_08791,193.32
OUT_08792,57.73
OUT_08793,62.2
OUT_08794,190.94
OUT_08795,62.77
OUT_08796,73.2
OUT_08797,65.99
OUT_08798,59.27
OUT_08799,64.12
OUT_08800,63.43
OUT_08801,189.76
OUT_08802,46.6
OUT_08803,193.97
OUT_08804,56.49
OUT_08805,1684.92
OUT_08806,35.01
OUT_08807,194.24
OUT_08808,186.6
OUT_08809,51.83
OUT_08810,53.69
OUT_08811,65.63
OUT_08812,55.22
OUT_08813,71.23
OUT_08814,70.18
OUT_08815,671.66
OUT_08816,60.65
OUT_08817,195.79
OUT_08818,192.9
OUT_08819,192.81
OUT_08820,62.75
OUT_08821,197.24
OUT_08822,195.71
OUT_08823,186.4
OUT_08824,64.64
OUT_08825,69.11
OUT_08826,654.95
OUT_08827,1666.89
OUT_08828,54.79
OUT_08829,50.74
OUT_08830,60.88
OUT_08831,1668.51
OUT_08832,71.91
OUT_08833,62.26
OUT_08834,74.0
OUT_08835,1672.51
OUT_08836,55.59
OUT_08837,186.24
OUT_08838,199.88
OUT_08839,63.62
OUT_08840,651.3
OUT_08841,672.56
OUT_08842,54.6
OUT_08843,676.46
OUT_08844,194.08
OUT_08845,189.33
OUT_08846,198.1
OUT_08847,187.73
OUT_08848,193.4
OUT_08849,198.56
OUT_08850,670.75
OUT_08851,72.03
OUT_08852,61.22
OUT_08853,663.45
OUT_08854,66.34
OUT_08855,649.82
OUT_08856,64.82
OUT_08857,194.34
OUT_08858,189.2
OUT_08859,60.5
OUT_08860,659.15
OUT_08861,37.56
OUT_08862,39.42
OUT_08863,51.16
OUT_08864,55.34
OUT_08865,189.02
OUT_08866,60.3
OUT_08867,54.95
OUT_08868,66.88
OUT_08869,191.67
OUT_08870,65.19
OUT_08871,649.1
OUT_08872,1665.15
OUT_08873,64.6
OUT_08874,62.03
OUT_08875,193.44
OUT_08876,61.03
OUT_08877,675.74
OUT_08878,168.95
OUT_08879,194.38
OUT_08880,66.92
OUT_08881,64.97
OUT_08882,66.16
OUT_08883,634.52
OUT_08884,649.9
OUT_08885,62.13
OUT_08886,638.3
OUT_08887,191.47
OUT_08888,55.79
OUT_08889,28.23
OUT_08890,62.6
OUT_08891,636.46
OUT_08892,195.11
OUT_08893,188.33
OUT_08894,68.58
OUT_08895,655.14
OUT_08896,70.78
OUT_08897,195.5
OUT_08898,638.89
OUT_08899,192.86
OUT_08900,54.46
OUT_08901,60.0
OUT_08902,190.53
OUT_08903,43.69
OUT_08904,70.33
OUT_08905,38.11
OUT_08906,196.31
OUT_08907,193.71
OUT_08908,57.84
OUT_08909,54.57
OUT_08910,643.54
OUT_08911,62.72
OUT_08912,194.95
OUT_08913,668.2
OUT_08914,665.55
OUT_08915,66.59
OUT_08916,45.54
OUT_08917,67.27
OUT_08918,195.55
OUT_08919,60.07
OUT_08920,56.95
OUT_08921,651.13
OUT_08922,189.11
OUT_08923,43.29
OUT_08924,194.23
OUT_08925,651.14
OUT_08926,73.07
OUT_08927,206.28
OUT_08928,659.0
OUT_08929,1665.62
OUT_08930,67.47
OUT_08931,61.12
OUT_08932,71.19
OUT_08933,196.09
OUT_08934,221.26
OUT_08935,189.95
OUT_08936,61.58
OUT_08937,66.51
OUT_08938,674.75
OUT_08939,62.16
OUT_08940,48.69
OUT_08941,61.56
OUT_08942,72.85
OUT_08943,61.2
OUT_08944,636.26
OUT_08945,61.08
OUT_08946,655.15
OUT_08947,646.7
OUT_08948,56.78
OUT_08949,195.04
OUT_08950,194.81
OUT_08951,68.48
OUT_08952,57.71
OUT_08953,45.78
OUT_08954,61.04
OUT_08955,39.3
OUT_08956,55.86
OUT_08957,54.74
OUT_08958,667.07
OUT_08959,189.39
OUT_08960,53.99
OUT_08961,56.99
OUT_08962,64.94
OUT_08963,43.02
OUT_08964,653.72
OUT_08965,675.52
OUT_08966,189.49
OUT_08967,61.25
OUT_08968,182.17
OUT_08969,648.82
OUT_08970,192.0
OUT_08971,70.69
OUT_08972,65.52
OUT_08973,61.07
OUT_08974,196.16
OUT_08975,65.7
OUT_08976,64.45
OUT_08977,60.05
OUT_08978,655.89
OUT_08979,657.7
OUT_08980,66.03
OUT_08981,70.45
OUT_08982,51.14
OUT_08983,194.29
OUT_08984,71.89
OUT_08985,67.68
OUT_08986,638.99
OUT_08987,194.89
OUT_08988,68.51
OUT_08989,66.17
OUT_08990,57.55
OUT_08991,193.24
OUT_08992,655.93
OUT_08993,59.8
OUT_08994,194.85
OUT_08995,1670.28
OUT_08996,51.97
OUT_08997,193.71
OUT_08998,201.47
OUT_08999,198.7
OUT_09000,66.96
OUT_09001,53.59
OUT_09002,70.81
OUT_09003,63.32
OUT_09004,68.54
OUT_09005,67.66
OUT_09006,1725.08
OUT_09007,1726.81
OUT_09008,59.7
OUT_09009,49.18
OUT_09010,715.77
OUT_09011,739.57
OUT_09012,1715.41
OUT_09013,70.45
OUT_09014,722.93
OUT_09015,1729.58
OUT_09016,70.82
OUT_09017,63.21
OUT_09018,73.66
OUT_09019,70.5
OUT_09020,46.4
OUT_09021,72.63
OUT_09022,210.55
OUT_09023,59.26
OUT_09024,1724.3
OUT_09025,202.96
OUT_09026,65.57
OUT_09027,65.9
OUT_09028,205.24
OUT_09029,50.6
OUT_09030,65.18
OUT_09031,67.05
OUT_09032,209.72
OUT_09033,67.5
OUT_09034,211.68
OUT_09035,203.3
OUT_09036,1723.61
OUT_09037,63.26
OUT_09038,209.7
OUT_09039,700.77
OUT_09040,63.0
OUT_09041,205.65
OUT_09042,732.98
OUT_09043,725.54
OUT_09044,205.75
OUT_09045,213.71
OUT_09046,62.96
OUT_09047,702.85
OUT_09048,730.96
OUT_09049,41.4
OUT_09050,694.51
OUT_09051,735.71
OUT_09052,67.49
OUT_09053,210.78
OUT_09054,204.88
OUT_09055,56.87
OUT_09056,194.99
OUT_09057,198.77
OUT_09058,731.31
OUT_09059,73.26
OUT_09060,70.62
OUT_09061,69.82
OUT_09062,74.42
OUT_09063,70.71
OUT_09064,733.72
OUT_09065,206.17
OUT_09066,29.52
OUT_09067,58.01
OUT_09068,747.9
OUT_09069,215.0
OUT_09070,741.64
OUT_09071,738.32
OUT_09072,1732.63
OUT_09073,210.69
OUT_09074,735.02
OUT_09075,76.5
OUT_09076,203.99
OUT_09077,70.43
OUT_09078,204.61
OUT_09079,198.23
OUT_09080,66.18
OUT_09081,749.91
OUT_09082,72.53
OUT_09083,203.37
OUT_09084,62.73
OUT_09085,67.49
OUT_09086,63.42
OUT_09087,56.73
OUT_09088,73.48
OUT_09089,679.09
OUT_09090,205.79
OUT_09091,203.59
OUT_09092,64.83
OUT_09093,731.81
OUT_09094,205.19
OUT_09095,214.9
OUT_09096,197.05
OUT_09097,743.51
OUT_09098,72.01
OUT_09099,205.18
OUT_09100,213.05
OUT_09101,211.73
OUT_09102,204.83
OUT_09103,65.53
OUT_09104,739.12
OUT_09105,67.99
OUT_09106,209.8
OUT_09107,64.62
OUT_09108,193.29
OUT_09109,73.0
OUT_09110,702.9
OUT_09111,1724.21
OUT_09112,204.49
OUT_09113,76.04
OUT_09114,209.5
OUT_09115,58.02
OUT_09116,72.92
OUT_09117,211.07
OUT_09118,56.42
OUT_09119,194.29
OUT_09120,695.39
OUT_09121,75.03
OUT_09122,758.83
OUT_09123,203.71
OUT_09124,67.67
OUT_09125,55.58
OUT_09126,70.54
OUT_09127,68.03
OUT_09128,205.9
OUT_09129,61.13
OUT_09130,63.52
OUT_09131,221.78
OUT_09132,63.18
OUT_09133,68.39
OUT_09134,733.77
OUT_09135,67.89
OUT_09136,73.68
OUT_09137,67.69
OUT_09138,69.86
OUT_09139,204.42
OUT_09140,68.85
OUT_09141,74.32
OUT_09142,207.3
OUT_09143,210.0
OUT_09144,72.05
OUT_09145,60.7
OUT_09146,216.53
OUT_09147,66.49
OUT_09148,67.34
OUT_09149,59.67
OUT_09150,65.96
OUT_09151,733.36
OUT_09152,67.28
OUT_09153,67.08
OUT_09154,211.13
OUT_09155,62.84
OUT_09156,65.55
OUT_09157,65.3
OUT_09158,199.26
OUT_09159,204.04
OUT_09160,34.0
OUT_09161,54.89
OUT_09162,66.0
OUT_09163,61.06
OUT_09164,204.61
OUT_09165,203.0
OUT_09166,62.58
OUT_09167,201.51
OUT_09168,74.95
OUT_09169,65.11
OUT_09170,697.93
OUT_09171,68.24
OUT_09172,198.92
OUT_09173,67.76
OUT_09174,201.45
OUT_09175,204.49
OUT_09176,56.08
OUT_09177,61.24
OUT_09178,74.21
OUT_09179,58.63
OUT_09180,208.7
OUT_09181,203.33
OUT_09182,217.41
OUT_09183,700.91
OUT_09184,60.23
OUT_09185,685.21
OUT_09186,708.12
OUT_09187,201.27
OUT_09188,200.4
OUT_09189,72.23
OUT_09190,205.49
OUT_09191,733.99
OUT_09192,209.88
OUT_09193,51.54
OUT_09194,69.28
OUT_09195,67.48
OUT_09196,58.8
OUT_09197,205.47
OUT_09198,728.09
OUT_09199,67.11
OUT_09200,722.79
OUT_09201,206.32
OUT_09202,59.65
OUT_09203,55.17
OUT_09204,202.69
OUT_09205,58.08
OUT_09206,68.06
OUT_09207,743.5
OUT_09208,56.47
OUT_09209,62.7
OUT_09210,211.13
OUT_09211,210.01
OUT_09212,72.76
OUT_09213,212.13
OUT_09214,1709.68
OUT_09215,728.36
OUT_09216,1725.82
OUT_09217,737.17
OUT_09218,54.08
OUT_09219,191.41
OUT_09220,199.54
OUT_09221,1727.29
OUT_09222,67.18
OUT_09223,73.2
OUT_09224,192.7
OUT_09225,60.2
OUT_09226,73.2
OUT_09227,63.35
OUT_09228,55.65
OUT_09229,211.27
OUT_09230,72.32
OUT_09231,58.96
OUT_09232,728.03
OUT_09233,702.72
OUT_09234,74.13
OUT_09235,60.58
OUT_09236,735.62
OUT_09237,73.46
OUT_09238,211.21
OUT_09239,67.23
OUT_09240,66.22
OUT_09241,192.37
OUT_09242,72.06
OUT_09243,738.57
OUT_09244,210.46
OUT_09245,69.88
OUT_09246,51.72
OUT_09247,61.45
OUT_09248,52.49
OUT_09249,70.42
OUT_09250,203.12
OUT_09251,63.2
OUT_09252,65.71
OUT_09253,205.42
OUT_09254,68.45
OUT_09255,207.96
OUT_09256,199.12
OUT_09257,1737.74
OUT_09258,67.7
OUT_09259,737.16
OUT_09260,67.99
OUT_09261,61.25
OUT_09262,730.97
OUT_09263,709.38
OUT_09264,44.6
OUT_09265,703.73
OUT_09266,55.26
OUT_09267,205.62
OUT_09268,46.46
OUT_09269,72.14
OUT_09270,72.66
OUT_09271,209.2
OUT_09272,210.55
OUT_09273,66.7
OUT_09274,1710.19
OUT_09275,1726.25
OUT_09276,67.79
OUT_09277,204.56
OUT_09278,70.69
OUT_09279,58.08
OUT_09280,70.18
OUT_09281,58.33
OUT_09282,58.04
OUT_09283,204.2
OUT_09284,203.75
OUT_09285,57.61
OUT_09286,203.48
OUT_09287,61.7
OUT_09288,670.98
OUT_09289,74.35
OUT_09290,66.77
OUT_09291,211.47
OUT_09292,65.55
OUT_09293,197.41
OUT_09294,205.28
OUT_09295,61.75
OUT_09296,66.37
OUT_09297,727.25
OUT_09298,61.51
OUT_09299,65.06
OUT_09300,67.29
OUT_09301,203.29
OUT_09302,202.1
OUT_09303,1720.61
OUT_09304,737.4
OUT_09305,72.35
OUT_09306,71.77
OUT_09307,708.83
OUT_09308,50.2
OUT_09309,62.94
OUT_09310,1725.48
OUT_09311,57.97
OUT_09312,71.76
OUT_09313,70.45
OUT_09314,211.57
OUT_09315,204.34
OUT_09316,204.79
OUT_09317,734.78
OUT_09318,683.46
OUT_09319,204.55
OUT_09320,743.66
OUT_09321,60.05
OUT_09322,72.2
OUT_09323,1693.17
OUT_09324,185.57
OUT_09325,40.42
OUT_09326,72.32
OUT_09327,62.52
OUT_09328,69.95
OUT_09329,46.37
OUT_09330,70.25
OUT_09331,201.5
OUT_09332,745.81
OUT_09333,62.63
OUT_09334,63.29
OUT_09335,54.67
OUT_09336,745.11
OUT_09337,66.16
OUT_09338,67.45
OUT_09339,72.69
OUT_09340,726.28
OUT_09341,70.66
OUT_09342,696.79
OUT_09343,196.69
OUT_09344,55.18
OUT_09345,63.41
OUT_09346,67.52
OUT_09347,199.24
OUT_09348,70.29
OUT_09349,203.53
OUT_09350,68.17
OUT_09351,204.58
OUT_09352,55.93
OUT_09353,68.32
OUT_09354,727.18
OUT_09355,203.03
OUT_09356,60.39
OUT_09357,699.61
OUT_09358,60.96
OUT_09359,72.61
OUT_09360,46.72
OUT_09361,63.25
OUT_09362,74.43
OUT_09363,69.17
OUT_09364,28.86
OUT_09365,738.08
OUT_09366,57.32
OUT_09367,62.56
OUT_09368,74.1
OUT_09369,1722.07
OUT_09370,196.71
OUT_09371,74.19
OUT_09372,207.92
OUT_09373,208.99
OUT_09374,61.24
OUT_09375,66.82
OUT_09376,64.88
OUT_09377,741.41
OUT_09378,60.62
OUT_09379,196.89
OUT_09380,206.31
OUT_09381,72.27
OUT_09382,201.19
OUT_09383,210.46
OUT_09384,67.78
OUT_09385,210.4
OUT_09386,210.01
OUT_09387,72.81
OUT_09388,199.6
OUT_09389,57.38
OUT_09390,1732.01
OUT_09391,215.67
OUT_09392,51.33
OUT_09393,73.14
OUT_09394,192.72
OUT_09395,60.0
OUT_09396,202.54
OUT_09397,199.72
OUT_09398,200.4
OUT_09399,209.7
OUT_09400,735.41
OUT_09401,205.16
OUT_09402,63.04
OUT_09403,67.79
OUT_09404,206.0
OUT_09405,201.33
OUT_09406,61.19
OUT_09407,733.18
OUT_09408,68.24
OUT_09409,69.22
OUT_09410,732.12
OUT_09411,190.66
OUT_09412,64.61
OUT_09413,63.31
OUT_09414,205.35
OUT_09415,70.32
OUT_09416,47.78
OUT_09417,204.29
OUT_09418,209.77
OUT_09419,71.33
OUT_09420,67.96
OUT_09421,72.8
OUT_09422,1723.72
OUT_09423,194.46
OUT_09424,210.65
OUT_09425,202.39
OUT_09426,43.43
OUT_09427,193.1
OUT_09428,64.99
OUT_09429,209.47
OUT_09430,208.69
OUT_09431,59.11
OUT_09432,57.12
OUT_09433,65.1
OUT_09434,68.19
OUT_09435,68.37
OUT_09436,210.57
OUT_09437,66.33
OUT_09438,70.4
OUT_09439,206.55
OUT_09440,65.38
OUT_09441,68.3
OUT_09442,203.6
OUT_09443,73.46
OUT_09444,72.27
OUT_09445,1712.42
OUT_09446,204.68
OUT_09447,207.27
OUT_09448,725.98
OUT_09449,55.27
OUT_09450,705.12
OUT_09451,74.26
OUT_09452,67.79
OUT_09453,75.22
OUT_09454,73.29
OUT_09455,196.28
OUT_09456,70.32
OUT_09457,63.08
OUT_09458,195.02
OUT_09459,60.34
OUT_09460,72.19
OUT_09461,198.35
OUT_09462,63.44
OUT_09463,727.86
OUT_09464,68.88
OUT_09465,64.97
OUT_09466,204.14
OUT_09467,68.32
OUT_09468,68.19
OUT_09469,695.76
OUT_09470,210.24
OUT_09471,210.06
OUT_09472,67.8
OUT_09473,61.02
OUT_09474,60.38
OUT_09475,66.41
OUT_09476,741.74
OUT_09477,741.61
OUT_09478,67.13
OUT_09479,202.38
OUT_09480,203.74
OUT_09481,209.57
OUT_09482,1721.55
OUT_09483,66.86
OUT_09484,703.13
OUT_09485,38.27
OUT_09486,55.72
OUT_09487,733.91
OUT_09488,43.92
OUT_09489,69.67
OUT_09490,67.88
OUT_09491,734.59
OUT_09492,210.26
OUT_09493,64.79
OUT_09494,67.82
OUT_09495,204.73
OUT_09496,62.76
OUT_09497,60.23
OUT_09498,196.79
OUT_09499,61.93
OUT_09500,44.05
OUT_09501,1721.73
OUT_09502,62.78
OUT_09503,67.09
OUT_09504,64.78
OUT_09505,205.19
OUT_09506,62.09
OUT_09507,203.25
OUT_09508,211.37
OUT_09509,747.15
OUT_09510,204.23
OUT_09511,64.96
OUT_09512,55.31
OUT_09513,65.96
OUT_09514,64.84
OUT_09515,732.11
OUT_09516,69.07
OUT_09517,67.53
OUT_09518,209.19
OUT_09519,688.66
OUT_09520,201.8
OUT_09521,75.27
OUT_09522,57.69
OUT_09523,1720.99
OUT_09524,196.36
OUT_09525,210.66
OUT_09526,71.52
OUT_09527,68.76
OUT_09528,74.61
OUT_09529,206.71
OUT_09530,52.77
OUT_09531,62.77
OUT_09532,42.91
OUT_09533,1727.38
OUT_09534,68.61
OUT_09535,62.91
OUT_09536,72.63
OUT_09537,202.3
OUT_09538,70.97
OUT_09539,73.32
OUT_09540,732.39
OUT_09541,203.45
OUT_09542,202.79
OUT_09543,202.53
OUT_09544,69.37
OUT_09545,205.4
OUT_09546,64.81
OUT_09547,209.24
OUT_09548,710.21
OUT_09549,44.97
OUT_09550,210.09
OUT_09551,210.06
OUT_09552,738.99
OUT_09553,204.38
OUT_09554,69.53
OUT_09555,64.64
OUT_09556,68.01
OUT_09557,67.03
OUT_09558,61.34
OUT_09559,210.19
OUT_09560,63.28
OUT_09561,51.45
OUT_09562,60.81
OUT_09563,46.39
OUT_09564,58.13
OUT_09565,72.53
OUT_09566,65.07
OUT_09567,213.22
OUT_09568,692.79
OUT_09569,211.44
OUT_09570,725.91
OUT_09571,60.64
OUT_09572,209.55
OUT_09573,204.61
OUT_09574,60.99
OUT_09575,51.01
OUT_09576,699.42
OUT_09577,62.88
OUT_09578,209.18
OUT_09579,731.83
OUT_09580,69.89
OUT_09581,730.58
OUT_09582,1729.31
OUT_09583,695.65
OUT_09584,62.79
OUT_09585,712.82
OUT_09586,1724.89
OUT_09587,65.45
OUT_09588,203.36
OUT_09589,207.0
OUT_09590,252.48
OUT_09591,194.7
OUT_09592,1722.28
OUT_09593,72.29
OUT_09594,201.59
OUT_09595,208.83
OUT_09596,74.6
OUT_09597,204.17
OUT_09598,62.17
OUT_09599,57.84
OUT_09600,743.16
OUT_09601,66.96
OUT_09602,68.09
OUT_09603,735.17
OUT_09604,63.08
OUT_09605,223.31
OUT_09606,198.91
OUT_09607,736.04
OUT_09608,1716.26
OUT_09609,65.93
OUT_09610,205.77
OUT_09611,74.28
OUT_09612,76.22
OUT_09613,54.78
OUT_09614,696.26
OUT_09615,206.74
OUT_09616,49.97
OUT_09617,67.61
OUT_09618,200.6
OUT_09619,62.37
OUT_09620,204.33
OUT_09621,51.74
OUT_09622,207.24
OUT_09623,52.97
OUT_09624,65.64
OUT_09625,59.35
OUT_09626,205.38
OUT_09627,212.59
OUT_09628,73.07
OUT_09629,197.73
OUT_09630,64.72
OUT_09631,196.59
OUT_09632,65.31
OUT_09633,205.53
OUT_09634,1713.23
OUT_09635,203.72
OUT_09636,740.19
OUT_09637,710.08
OUT_09638,68.7
OUT_09639,72.18
OUT_09640,70.62
OUT_09641,56.42
OUT_09642,62.82
OUT_09643,204.65
OUT_09644,64.85
OUT_09645,70.34
OUT_09646,67.55
OUT_09647,204.73
OUT_09648,702.93
OUT_09649,197.26
OUT_09650,67.41
OUT_09651,61.37
OUT_09652,72.78
OUT_09653,209.01
OUT_09654,205.06
OUT_09655,65.15
OUT_09656,709.73
OUT_09657,59.78
OUT_09658,64.79
OUT_09659,64.02
OUT_09660,203.31
OUT_09661,204.0
OUT_09662,44.06
OUT_09663,73.1
OUT_09664,56.77
OUT_09665,208.88
OUT_09666,60.49
OUT_09667,208.17
OUT_09668,210.6
OUT_09669,68.8
OUT_09670,206.72
OUT_09671,200.99
OUT_09672,69.56
OUT_09673,192.12
OUT_09674,45.65
OUT_09675,63.05
OUT_09676,220.68
OUT_09677,75.78
OUT_09678,71.1
OUT_09679,55.44
OUT_09680,203.42
OUT_09681,61.24
OUT_09682,736.62
OUT_09683,204.31
OUT_09684,63.01
OUT_09685,67.52
OUT_09686,69.73
OUT_09687,63.81
OUT_09688,209.44
OUT_09689,63.29
OUT_09690,70.84
OUT_09691,67.93
OUT_09692,64.66
OUT_09693,204.51
OUT_09694,737.64
OUT_09695,192.54
OUT_09696,70.73
OUT_09697,209.1
OUT_09698,210.32
OUT_09699,68.23
OUT_09700,60.53
OUT_09701,67.53
OUT_09702,64.55
OUT_09703,67.26
OUT_09704,49.62
OUT_09705,198.76
OUT_09706,69.57
OUT_09707,1737.03
OUT_09708,72.53
OUT_09709,33.27
OUT_09710,1716.96
OUT_09711,211.37
OUT_09712,203.05
OUT_09713,73.08
OUT_09714,67.44
OUT_09715,1718.43
OUT_09716,730.72
OUT_09717,736.45
OUT_09718,706.09
OUT_09719,722.84
OUT_09720,72.45
OUT_09721,204.65
OUT_09722,67.98
OUT_09723,203.62
OUT_09724,61.28
OUT_09725,70.43
OUT_09726,67.99
OUT_09727,1718.06
OUT_09728,72.39
OUT_09729,70.6
OUT_09730,63.29
OUT_09731,1730.26
OUT_09732,68.02
OUT_09733,68.37
OUT_09734,61.48
OUT_09735,66.18
OUT_09736,208.98
OUT_09737,69.99
OUT_09738,70.44
OUT_09739,64.34
OUT_09740,67.92
OUT_09741,54.96
OUT_09742,208.14
OUT_09743,71.16
OUT_09744,72.39
OUT_09745,73.13
OUT_09746,46.2
OUT_09747,64.26
OUT_09748,746.95
OUT_09749,59.41
OUT_09750,1726.27
OUT_09751,44.01
OUT_09752,67.38
OUT_09753,67.53
OUT_09754,204.7
OUT_09755,725.3
OUT_09756,214.7
OUT_09757,59.75
OUT_09758,202.29
OUT_09759,61.3
OUT_09760,70.89
OUT_09761,69.21
OUT_09762,742.16
OUT_09763,730.59
OUT_09764,202.22
OUT_09765,72.98
OUT_09766,206.65
OUT_09767,72.76
OUT_09768,714.6
OUT_09769,67.75
OUT_09770,206.09
OUT_09771,64.55
OUT_09772,706.53
OUT_09773,206.23
OUT_09774,737.33
OUT_09775,43.39
OUT_09776,62.28
OUT_09777,205.01
OUT_09778,1710.67
OUT_09779,205.05
OUT_09780,1730.82
OUT_09781,62.53
OUT_09782,209.73
OUT_09783,730.68
OUT_09784,210.64
OUT_09785,62.97
OUT_09786,199.27
OUT_09787,713.97
OUT_09788,729.63
OUT_09789,61.83
OUT_09790,63.2
OUT_09791,65.17
OUT_09792,735.97
OUT_09793,70.24
OUT_09794,44.07
OUT_09795,723.09
OUT_09796,72.75
OUT_09797,67.86
OUT_09798,290.95
OUT_09799,199.71
OUT_09800,74.61
OUT_09801,67.94
OUT_09802,201.52
OUT_09803,73.56
OUT_09804,55.16
OUT_09805,67.75
OUT_09806,693.7
OUT_09807,204.67
OUT_09808,733.67
OUT_09809,66.24
OUT_09810,68.28
OUT_09811,741.46
OUT_09812,1723.43
OUT_09813,680.14
OUT_09814,55.1
OUT_09815,220.28
OUT_09816,69.4
OUT_09817,1729.59
OUT_09818,56.36
OUT_09819,67.43
OUT_09820,72.86
OUT_09821,71.62
OUT_09822,66.25
OUT_09823,203.31
OUT_09824,60.93
OUT_09825,74.66
OUT_09826,73.17
OUT_09827,204.98
OUT_09828,209.73
OUT_09829,724.56
OUT_09830,192.69
OUT_09831,39.07
OUT_09832,65.31
OUT_09833,58.49
OUT_09834,73.42
OUT_09835,202.99
OUT_09836,62.94
OUT_09837,1730.53
OUT_09838,62.7
OUT_09839,73.23
OUT_09840,742.88
OUT_09841,72.53
OUT_09842,74.11
OUT_09843,59.44
OUT_09844,71.03
OUT_09845,75.27
OUT_09846,69.07
OUT_09847,203.66
OUT_09848,191.64
OUT_09849,72.73
OUT_09850,56.94
OUT_09851,209.35
OUT_09852,205.77
OUT_09853,73.0
OUT_09854,54.16
OUT_09855,73.63
OUT_09856,49.77
OUT_09857,205.79
OUT_09858,54.29
OUT_09859,729.32
OUT_09860,68.07
OUT_09861,741.42
OUT_09862,204.6
OUT_09863,195.02
OUT_09864,73.49
OUT_09865,67.86
OUT_09866,68.48
OUT_09867,208.79
OUT_09868,740.86
OUT_09869,61.52
OUT_09870,202.52
OUT_09871,198.92
OUT_09872,73.44
OUT_09873,64.29
OUT_09874,738.48
OUT_09875,68.87
OUT_09876,200.97
OUT_09877,718.74
OUT_09878,53.65
OUT_09879,72.41
OUT_09880,68.76
OUT_09881,202.47
OUT_09882,196.41
OUT_09883,200.78
OUT_09884,74.1
OUT_09885,69.94
OUT_09886,67.84
OUT_09887,195.6
OUT_09888,69.6
OUT_09889,61.29
OUT_09890,199.67
OUT_09891,71.06
OUT_09892,41.52
OUT_09893,201.96
OUT_09894,75.25
OUT_09895,72.91
OUT_09896,201.04
OUT_09897,62.64
OUT_09898,65.02
OUT_09899,52.15
OUT_09900,202.91
OUT_09901,44.72
OUT_09902,65.22
OUT_09903,1714.33
OUT_09904,36.74
OUT_09905,61.05
OUT_09906,70.62
OUT_09907,209.91
OUT_09908,212.39
OUT_09909,71.24
OUT_09910,65.33
OUT_09911,692.31
OUT_09912,696.11
OUT_09913,205.9
OUT_09914,719.07
OUT_09915,205.16
OUT_09916,200.97
OUT_09917,204.45
OUT_09918,55.3
OUT_09919,74.74
OUT_09920,72.06
OUT_09921,72.85
OUT_09922,1723.31
OUT_09923,61.78
OUT_09924,205.6
OUT_09925,205.76
OUT_09926,72.35
OUT_09927,208.78
OUT_09928,59.01
OUT_09929,210.08
OUT_09930,203.41
OUT_09931,73.25
OUT_09932,308.96
OUT_09933,1737.06
OUT_09934,740.72
OUT_09935,731.84
OUT_09936,72.18
OUT_09937,760.37
OUT_09938,57.91
OUT_09939,199.28
OUT_09940,70.79
OUT_09941,59.07
OUT_09942,63.17
OUT_09943,197.23
OUT_09944,61.31
OUT_09945,61.22
OUT_09946,743.84
OUT_09947,205.44
OUT_09948,75.63
OUT_09949,63.11
OUT_09950,69.11
OUT_09951,67.74
OUT_09952,735.01
OUT_09953,204.93
OUT_09954,45.73
OUT_09955,67.33
OUT_09956,205.35
OUT_09957,197.57
OUT_09958,72.39
OUT_09959,197.55
OUT_09960,74.68
OUT_09961,734.86
OUT_09962,69.9
OUT_09963,733.36
OUT_09964,180.14
OUT_09965,65.08
OUT_09966,714.42
OUT_09967,72.82
OUT_09968,196.19
OUT_09969,67.82
OUT_09970,68.59
OUT_09971,50.38
OUT_09972,212.64
OUT_09973,74.07
OUT_09974,59.62
OUT_09975,61.21
OUT_09976,57.29
OUT_09977,738.51
OUT_09978,204.96
OUT_09979,743.04
OUT_09980,67.42
OUT_09981,70.13
OUT_09982,1726.73
OUT_09983,71.68
OUT_09984,200.28
OUT_09985,209.38
OUT_09986,211.09
OUT_09987,679.56
OUT_09988,210.28
OUT_09989,739.6
OUT_09990,200.8
OUT_09991,63.06
OUT_09992,63.1
OUT_09993,66.94
OUT_09994,72.49
OUT_09995,58.33
OUT_09996,205.05
OUT_09997,193.15
OUT_09998,203.72
OUT_09999,47.45
OUT_10000,186.29
OUT_10001,58.94
OUT_10002,210.83
OUT_10003,201.9
OUT_10004,75.19
OUT_10005,61.03
OUT_10006,724.52
OUT_10007,1724.73
OUT_10008,42.68
OUT_10009,205.71
OUT_10010,67.83
OUT_10011,699.98
OUT_10012,57.89
OUT_10013,73.13
OUT_10014,67.95
OUT_10015,49.71
OUT_10016,75.14
OUT_10017,216.89
OUT_10018,61.68
OUT_10019,204.96
OUT_10020,67.91
OUT_10021,213.17
OUT_10022,197.04
OUT_10023,1723.07
OUT_10024,74.32
OUT_10025,204.72
OUT_10026,197.4
OUT_10027,62.6
OUT_10028,66.45
OUT_10029,37.97
OUT_10030,204.42
OUT_10031,70.68
OUT_10032,65.85
OUT_10033,76.29
OUT_10034,732.55
OUT_10035,71.62
OUT_10036,211.5
OUT_10037,206.03
OUT_10038,203.02
OUT_10039,61.63
OUT_10040,203.63
OUT_10041,716.78
OUT_10042,723.86
OUT_10043,204.77
OUT_10044,54.79
OUT_10045,66.63
OUT_10046,201.91
OUT_10047,67.47
OUT_10048,731.34
OUT_10049,65.12
OUT_10050,74.01
OUT_10051,1727.65
OUT_10052,64.3
OUT_10053,55.19
OUT_10054,60.05
OUT_10055,733.7
OUT_10056,70.3
OUT_10057,210.03
OUT_10058,677.84
OUT_10059,69.81
OUT_10060,757.67
OUT_10061,64.58
OUT_10062,71.75
OUT_10063,198.94
OUT_10064,218.25
OUT_10065,65.17
OUT_10066,67.61
OUT_10067,204.57
OUT_10068,208.77
OUT_10069,187.73
OUT_10070,61.06
OUT_10071,76.04
OUT_10072,63.02
OUT_10073,72.78
OUT_10074,205.88
OUT_10075,55.82
OUT_10076,704.97
OUT_10077,67.43
OUT_10078,197.63
OUT_10079,45.54
OUT_10080,73.73
OUT_10081,64.82
OUT_10082,203.65
OUT_10083,202.69
OUT_10084,69.2
OUT_10085,72.34
OUT_10086,196.97
OUT_10087,66.81
OUT_10088,735.32
OUT_10089,202.84
OUT_10090,737.26
OUT_10091,210.67
OUT_10092,63.19
OUT_10093,73.98
OUT_10094,59.84
OUT_10095,192.93
OUT_10096,728.16
OUT_10097,58.66
OUT_10098,64.56
OUT_10099,61.17
OUT_10100,67.71
OUT_10101,208.5
OUT_10102,62.7
OUT_10103,200.03
OUT_10104,735.6
OUT_10105,1717.6
OUT_10106,47.97
OUT_10107,743.08
OUT_10108,735.23
OUT_10109,55.46
OUT_10110,216.71
OUT_10111,204.48
OUT_10112,47.59
OUT_10113,59.85
OUT_10114,205.49
OUT_10115,67.54
OUT_10116,1713.93
OUT_10117,65.86
OUT_10118,71.81
OUT_10119,205.0
OUT_10120,208.22
OUT_10121,197.67
OUT_10122,70.27
OUT_10123,209.61
OUT_10124,736.25
OUT_10125,63.5
OUT_10126,51.69
OUT_10127,227.64
OUT_10128,209.93
OUT_10129,72.49
OUT_10130,683.78
OUT_10131,1729.36
OUT_10132,190.61
OUT_10133,193.72
OUT_10134,682.4
OUT_10135,44.29
OUT_10136,67.6
OUT_10137,62.92
OUT_10138,71.79
OUT_10139,206.14
OUT_10140,753.58
OUT_10141,201.41
OUT_10142,1728.19
OUT_10143,63.06
OUT_10144,193.13
OUT_10145,204.72
OUT_10146,210.87
OUT_10147,70.24
OUT_10148,206.03
OUT_10149,187.94
OUT_10150,65.18
OUT_10151,63.16
OUT_10152,70.22
OUT_10153,198.55
OUT_10154,196.13
OUT_10155,205.11
OUT_10156,61.49
OUT_10157,740.63
OUT_10158,74.91
OUT_10159,742.66
OUT_10160,190.11
OUT_10161,205.85
OUT_10162,69.43
OUT_10163,174.91
OUT_10164,736.66
OUT_10165,738.55
OUT_10166,74.39
OUT_10167,694.28
OUT_10168,738.68
OUT_10169,66.3
OUT_10170,68.52
OUT_10171,198.36
OUT_10172,76.01
OUT_10173,199.79
OUT_10174,1719.38
OUT_10175,192.35
OUT_10176,62.53
OUT_10177,210.33
OUT_10178,747.92
OUT_10179,69.41
OUT_10180,193.03
OUT_10181,737.1
OUT_10182,205.09
OUT_10183,725.09
OUT_10184,697.86
OUT_10185,730.7
OUT_10186,72.41
OUT_10187,198.61
OUT_10188,211.08
OUT_10189,61.59
OUT_10190,694.46
OUT_10191,65.94
OUT_10192,209.87
OUT_10193,710.41
OUT_10194,67.79
OUT_10195,198.58
OUT_10196,704.44
OUT_10197,56.27
OUT_10198,70.47
OUT_10199,210.13
OUT_10200,54.24
OUT_10201,74.5
OUT_10202,183.9
OUT_10203,63.5
OUT_10204,197.61
OUT_10205,63.96
OUT_10206,707.9
OUT_10207,206.22
OUT_10208,751.44
OUT_10209,204.89
OUT_10210,204.96
OUT_10211,207.89
OUT_10212,198.3
OUT_10213,1723.44
OUT_10214,200.98
OUT_10215,1709.81
OUT_10216,71.52
OUT_10217,218.12
OUT_10218,735.76
OUT_10219,61.84
OUT_10220,73.47
OUT_10221,51.2
OUT_10222,210.85
OUT_10223,56.16
OUT_10224,56.24
OUT_10225,65.22
OUT_10226,205.25
OUT_10227,733.81
OUT_10228,53.59
OUT_10229,697.56
OUT_10230,55.55
OUT_10231,730.92
OUT_10232,51.28
OUT_10233,192.21
OUT_10234,209.92
OUT_10235,740.94
OUT_10236,70.91
OUT_10237,198.41
OUT_10238,205.95
OUT_10239,203.22
OUT_10240,53.9
OUT_10241,58.76
OUT_10242,202.7
OUT_10243,708.46
OUT_10244,1719.25
OUT_10245,72.06
OUT_10246,208.89
OUT_10247,210.37
OUT_10248,716.88
OUT_10249,206.11
OUT_10250,728.88
OUT_10251,72.05
OUT_10252,75.39
OUT_10253,209.4
OUT_10254,728.28
OUT_10255,55.22
OUT_10256,195.78
OUT_10257,49.07
OUT_10258,70.29
OUT_10259,728.04
OUT_10260,739.44
OUT_10261,64.55
OUT_10262,740.79
OUT_10263,210.61
OUT_10264,65.4
OUT_10265,203.95
OUT_10266,202.62
OUT_10267,210.37
OUT_10268,729.13
OUT_10269,74.23
OUT_10270,42.47
OUT_10271,72.64
OUT_10272,63.22
OUT_10273,67.8
OUT_10274,746.32
OUT_10275,205.75
OUT_10276,44.81
OUT_10277,59.77
OUT_10278,67.45
OUT_10279,203.81
OUT_10280,64.62
OUT_10281,56.83
OUT_10282,707.53
OUT_10283,747.78
OUT_10284,210.89
OUT_10285,64.65
OUT_10286,211.98
OUT_10287,75.43
OUT_10288,198.34
OUT_10289,56.17
OUT_10290,63.08
OUT_10291,739.43
OUT_10292,197.83
OUT_10293,68.39
OUT_10294,1719.78
OUT_10295,65.06
OUT_10296,209.77
OUT_10297,204.48
OUT_10298,194.77
OUT_10299,1717.91
OUT_10300,53.17
OUT_10301,202.53
OUT_10302,739.85
OUT_10303,730.05
OUT_10304,205.79
OUT_10305,74.52
OUT_10306,68.91
OUT_10307,74.0
OUT_10308,686.03
OUT_10309,64.96
OUT_10310,735.07
OUT_10311,204.89
OUT_10312,203.78
OUT_10313,76.19
OUT_10314,195.57
OUT_10315,73.04
OUT_10316,697.43
OUT_10317,204.73
OUT_10318,199.22
OUT_10319,203.24
OUT_10320,62.9
OUT_10321,65.97
OUT_10322,64.96
OUT_10323,188.12
OUT_10324,47.08
OUT_10325,204.33
OUT_10326,67.29
OUT_10327,736.67
OUT_10328,196.85
OUT_10329,51.91
OUT_10330,72.8
OUT_10331,72.84
OUT_10332,65.82
OUT_10333,63.11
OUT_10334,780.66
OUT_10335,709.41
OUT_10336,216.64
OUT_10337,71.36
OUT_10338,63.24
OUT_10339,68.05
OUT_10340,211.47
OUT_10341,69.36
OUT_10342,204.5
OUT_10343,1729.09
OUT_10344,63.34
OUT_10345,206.07
OUT_10346,739.53
OUT_10347,57.99
OUT_10348,67.27
OUT_10349,730.62
OUT_10350,728.51
OUT_10351,57.0
OUT_10352,699.85
OUT_10353,49.53
OUT_10354,73.62
OUT_10355,703.44
OUT_10356,59.95
OUT_10357,67.85
OUT_10358,199.35
OUT_10359,68.07
OUT_10360,211.25
OUT_10361,210.15
OUT_10362,204.36
OUT_10363,206.13
OUT_10364,196.65
OUT_10365,205.9
OUT_10366,205.19
OUT_10367,66.27
OUT_10368,72.66
OUT_10369,72.26
OUT_10370,205.04
OUT_10371,35.62
OUT_10372,738.19
OUT_10373,67.38
OUT_10374,678.2
OUT_10375,733.31
OUT_10376,65.02
OUT_10377,65.44
OUT_10378,67.86
OUT_10379,67.76
OUT_10380,202.09
OUT_10381,731.53
OUT_10382,705.88
OUT_10383,72.08
OUT_10384,70.19
OUT_10385,201.83
OUT_10386,66.68
OUT_10387,197.43
OUT_10388,197.5
OUT_10389,61.25
OUT_10390,197.6
OUT_10391,1727.7
OUT_10392,64.85
OUT_10393,58.46
OUT_10394,194.9
OUT_10395,69.45
OUT_10396,728.38
OUT_10397,1736.34
OUT_10398,54.87
OUT_10399,744.15
OUT_10400,205.23
OUT_10401,211.1
OUT_10402,205.06
OUT_10403,198.14
OUT_10404,51.63
OUT_10405,56.73
OUT_10406,72.23
OUT_10407,687.81
OUT_10408,74.2
OUT_10409,75.35
OUT_10410,73.14
OUT_10411,71.02
OUT_10412,736.37
OUT_10413,56.4
OUT_10414,47.86
OUT_10415,200.95
OUT_10416,64.78
OUT_10417,58.78
OUT_10418,206.78
OUT_10419,65.58
OUT_10420,73.2
OUT_10421,68.01
OUT_10422,75.37
OUT_10423,732.89
OUT_10424,67.79
OUT_10425,61.19
OUT_10426,58.34
OUT_10427,43.46
OUT_10428,710.26
OUT_10429,197.47
OUT_10430,56.34
OUT_10431,730.64
OUT_10432,705.27
OUT_10433,691.06
OUT_10434,740.59
OUT_10435,68.36
OUT_10436,57.33
OUT_10437,64.92
OUT_10438,717.82
OUT_10439,61.34
OUT_10440,209.69
OUT_10441,204.78
OUT_10442,73.81
OUT_10443,73.56
OUT_10444,213.23
OUT_10445,203.44
OUT_10446,206.64
OUT_10447,213.48
OUT_10448,729.46
OUT_10449,205.06
OUT_10450,206.57
OUT_10451,75.09
OUT_10452,74.88
OUT_10453,75.48
OUT_10454,71.72
OUT_10455,69.23
OUT_10456,716.82
OUT_10457,740.51
OUT_10458,195.72
OUT_10459,737.57
OUT_10460,205.18
OUT_10461,68.23
OUT_10462,67.84
OUT_10463,70.85
OUT_10464,67.87
OUT_10465,67.1
OUT_10466,48.57
OUT_10467,201.96
OUT_10468,195.16
OUT_10469,204.21
OUT_10470,75.17
OUT_10471,68.23
OUT_10472,209.12
OUT_10473,206.79
OUT_10474,71.75
OUT_10475,67.45
OUT_10476,204.28
OUT_10477,72.49
OUT_10478,74.1
OUT_10479,692.75
OUT_10480,67.4
OUT_10481,61.75
OUT_10482,740.82
OUT_10483,196.36
OUT_10484,201.69
OUT_10485,55.95
OUT_10486,66.18
OUT_10487,46.06
OUT_10488,68.56
OUT_10489,735.82
OUT_10490,205.27
OUT_10491,64.89
OUT_10492,67.19
OUT_10493,698.26
OUT_10494,729.64
OUT_10495,75.6
OUT_10496,212.93
OUT_10497,42.21
OUT_10498,204.84
OUT_10499,67.3
OUT_10500,57.42
OUT_10501,731.98
OUT_10502,48.88
OUT_10503,746.84
OUT_10504,1725.0
OUT_10505,738.28
OUT_10506,73.82
OUT_10507,1722.91
OUT_10508,1725.28
OUT_10509,199.83
OUT_10510,736.35
OUT_10511,43.93
OUT_10512,70.48
OUT_10513,63.73
OUT_10514,209.63
OUT_10515,72.36
OUT_10516,701.29
OUT_10517,71.12
OUT_10518,66.23
OUT_10519,72.79
OUT_10520,737.5
OUT_10521,737.58
OUT_10522,736.57
OUT_10523,69.74
OUT_10524,209.79
OUT_10525,204.72
OUT_10526,72.88
OUT_10527,69.84
OUT_10528,205.2
OUT_10529,202.68
OUT_10530,729.1
OUT_10531,53.85
OUT_10532,70.52
OUT_10533,749.1
OUT_10534,60.55
OUT_10535,192.17
OUT_10536,62.81
OUT_10537,210.79
OUT_10538,65.6
OUT_10539,53.92
OUT_10540,54.22
OUT_10541,709.83
OUT_10542,214.16
OUT_10543,211.6
OUT_10544,197.22
OUT_10545,1700.17
OUT_10546,68.39
OUT_10547,198.06
OUT_10548,70.34
OUT_10549,205.99
OUT_10550,729.72
OUT_10551,54.99
OUT_10552,61.19
OUT_10553,178.94
OUT_10554,209.79
OUT_10555,61.14
OUT_10556,68.31
OUT_10557,205.42
OUT_10558,67.36
OUT_10559,64.44
OUT_10560,73.72
OUT_10561,61.3
OUT_10562,67.72
OUT_10563,56.43
OUT_10564,714.25
OUT_10565,209.59
OUT_10566,203.83
OUT_10567,202.11
OUT_10568,68.32
OUT_10569,730.65
OUT_10570,210.52
OUT_10571,213.66
OUT_10572,211.36
OUT_10573,63.78
OUT_10574,194.32
OUT_10575,60.97
OUT_10576,217.84
OUT_10577,65.91
OUT_10578,70.24
OUT_10579,210.04
OUT_10580,203.9
OUT_10581,199.24
OUT_10582,69.97
OUT_10583,736.23
OUT_10584,61.54
OUT_10585,64.77
OUT_10586,200.28
OUT_10587,198.7
OUT_10588,54.82
OUT_10589,209.34
OUT_10590,49.07
OUT_10591,67.67
OUT_10592,205.21
OUT_10593,675.87
OUT_10594,205.15
OUT_10595,62.67
OUT_10596,67.4
OUT_10597,203.59
OUT_10598,723.72
OUT_10599,53.65
OUT_10600,701.58
OUT_10601,197.52
OUT_10602,51.46
OUT_10603,61.28
OUT_10604,202.21
OUT_10605,67.66
OUT_10606,50.53
OUT_10607,74.74
OUT_10608,191.12
OUT_10609,54.85
OUT_10610,203.73
OUT_10611,194.84
OUT_10612,52.35
OUT_10613,270.86
OUT_10614,212.21
OUT_10615,70.99
OUT_10616,209.21
OUT_10617,714.58
OUT_10618,68.0
OUT_10619,65.54
OUT_10620,67.98
OUT_10621,208.71
OUT_10622,201.1
OUT_10623,67.37
OUT_10624,204.3
OUT_10625,67.84
OUT_10626,207.12
OUT_10627,67.23
OUT_10628,50.92
OUT_10629,68.55
OUT_10630,682.44
OUT_10631,62.89
OUT_10632,707.02
OUT_10633,680.6
OUT_10634,71.57
OUT_10635,56.14
OUT_10636,704.65
OUT_10637,67.7
OUT_10638,64.19
OUT_10639,196.19
OUT_10640,62.93
OUT_10641,186.24
OUT_10642,1725.86
OUT_10643,45.42
OUT_10644,706.22
OUT_10645,212.46
OUT_10646,67.51
OUT_10647,62.44
OUT_10648,208.94
OUT_10649,54.48
OUT_10650,62.93
OUT_10651,72.99
OUT_10652,199.13
OUT_10653,1716.18
OUT_10654,73.36
OUT_10655,72.56
OUT_10656,67.79
OUT_10657,1731.02
OUT_10658,68.03
OUT_10659,203.53
OUT_10660,1726.22
OUT_10661,50.19
OUT_10662,65.18
OUT_10663,206.25
OUT_10664,203.8
OUT_10665,192.88
OUT_10666,208.97
OUT_10667,208.58
OUT_10668,58.72
OUT_10669,1728.27
OUT_10670,741.1
OUT_10671,201.19
OUT_10672,199.66
OUT_10673,69.82
OUT_10674,205.28
OUT_10675,67.51
OUT_10676,205.43
OUT_10677,75.88
OUT_10678,62.48
OUT_10679,209.92
OUT_10680,64.83
OUT_10681,62.88
OUT_10682,61.3
OUT_10683,747.55
OUT_10684,66.43
OUT_10685,210.13
OUT_10686,197.24
OUT_10687,62.89
OUT_10688,204.82
OUT_10689,205.05
OUT_10690,65.17
OUT_10691,209.2
OUT_10692,210.23
OUT_10693,71.4
OUT_10694,206.83
OUT_10695,73.32
OUT_10696,739.27
OUT_10697,63.72
OUT_10698,46.94
OUT_10699,1729.86
OUT_10700,70.45
OUT_10701,62.95
OUT_10702,70.33
OUT_10703,33.3
OUT_10704,55.12
OUT_10705,1721.23
OUT_10706,72.23
OUT_10707,63.3
OUT_10708,1716.73
OUT_10709,196.55
OUT_10710,1719.63
OUT_10711,708.25
OUT_10712,31.11
OUT_10713,60.83
OUT_10714,210.5
OUT_10715,200.32
OUT_10716,205.03
OUT_10717,736.33
OUT_10718,67.46
OUT_10719,1736.83
OUT_10720,190.36
OUT_10721,201.99
OUT_10722,208.1
OUT_10723,203.64
OUT_10724,65.17
OUT_10725,65.05
OUT_10726,55.2
OUT_10727,204.26
OUT_10728,1642.45
OUT_10729,69.45
OUT_10730,1711.11
OUT_10731,68.49
OUT_10732,52.16
OUT_10733,65.89
OUT_10734,210.42
OUT_10735,205.31
OUT_10736,68.64
OUT_10737,205.39
OUT_10738,74.91
OUT_10739,67.44
OUT_10740,56.36
OUT_10741,35.97
OUT_10742,66.27
OUT_10743,73.83
OUT_10744,62.41
OUT_10745,67.41
OUT_10746,66.08
OUT_10747,744.59
OUT_10748,74.73
OUT_10749,67.96
OUT_10750,68.03
OUT_10751,50.99
OUT_10752,206.68
OUT_10753,65.91
OUT_10754,72.68
OUT_10755,65.69
OUT_10756,67.87
OUT_10757,73.14
OUT_10758,1720.63
OUT_10759,54.8
OUT_10760,745.45
OUT_10761,205.49
OUT_10762,198.8
OUT_10763,204.27
OUT_10764,202.12
OUT_10765,61.3
OUT_10766,62.85
OUT_10767,46.87
OUT_10768,192.01
OUT_10769,27.9
OUT_10770,744.28
OUT_10771,66.43
OUT_10772,63.22
OUT_10773,202.51
OUT_10774,50.12
OUT_10775,204.32
OUT_10776,738.5
OUT_10777,56.27
OUT_10778,72.2
OUT_10779,695.51
OUT_10780,207.23
OUT_10781,1726.11
OUT_10782,210.08
OUT_10783,210.94
OUT_10784,46.48
OUT_10785,65.14
OUT_10786,56.7
OUT_10787,64.41
OUT_10788,733.99
OUT_10789,58.73
OUT_10790,217.61
OUT_10791,71.39
OUT_10792,205.67
OUT_10793,736.65
OUT_10794,1710.12
OUT_10795,63.22
OUT_10796,203.95
OUT_10797,61.4
OUT_10798,1710.23
OUT_10799,65.73
OUT_10800,73.05
OUT_10801,736.34
OUT_10802,65.44
OUT_10803,711.24
OUT_10804,1727.38
OUT_10805,711.64
OUT_10806,71.91
OUT_10807,58.4
OUT_10808,64.38
OUT_10809,67.7
OUT_10810,209.64
OUT_10811,54.41
OUT_10812,74.26
OUT_10813,56.23
OUT_10814,75.78
OUT_10815,209.08
OUT_10816,203.3
OUT_10817,207.86
OUT_10818,1729.38
OUT_10819,209.12
OUT_10820,74.61
OUT_10821,204.95
OUT_10822,57.16
OUT_10823,43.08
OUT_10824,60.48
OUT_10825,194.89
OUT_10826,742.03
OUT_10827,714.37
OUT_10828,1726.74
OUT_10829,112.79
OUT_10830,67.75
OUT_10831,57.15
OUT_10832,75.54
OUT_10833,204.02
OUT_10834,1720.4
OUT_10835,74.84
OUT_10836,62.96
OUT_10837,65.91
OUT_10838,197.71
OUT_10839,210.36
OUT_10840,74.04
OUT_10841,738.14
OUT_10842,202.89
OUT_10843,59.63
OUT_10844,205.92
OUT_10845,713.35
OUT_10846,57.86
OUT_10847,63.33
OUT_10848,59.82
OUT_10849,1706.17
OUT_10850,70.89
OUT_10851,35.47
OUT_10852,196.68
OUT_10853,49.72
OUT_10854,733.86
OUT_10855,67.91
OUT_10856,69.26
OUT_10857,209.95
OUT_10858,68.12
OUT_10859,699.27
OUT_10860,67.38
OUT_10861,194.23
OUT_10862,67.27
OUT_10863,64.4
OUT_10864,197.38
OUT_10865,213.29
OUT_10866,59.32
OUT_10867,205.21
OUT_10868,71.77
OUT_10869,55.68
OUT_10870,72.87
OUT_10871,204.61
OUT_10872,728.5
OUT_10873,55.58
OUT_10874,57.5
OUT_10875,701.57
OUT_10876,704.4
OUT_10877,195.83
OUT_10878,67.42
OUT_10879,200.65
OUT_10880,206.24
OUT_10881,58.63
OUT_10882,691.66
OUT_10883,722.74
OUT_10884,75.31
OUT_10885,65.22
OUT_10886,68.53
OUT_10887,741.24
OUT_10888,56.31
OUT_10889,61.03
OUT_10890,214.9
OUT_10891,680.79
OUT_10892,61.52
OUT_10893,61.14
OUT_10894,726.75
OUT_10895,67.72
OUT_10896,68.08
OUT_10897,42.78
OUT_10898,73.29
OUT_10899,68.65
OUT_10900,64.49
OUT_10901,60.35
OUT_10902,681.7
OUT_10903,721.75
OUT_10904,68.2
OUT_10905,67.26
OUT_10906,66.45
OUT_10907,65.92
OUT_10908,62.83
OUT_10909,49.9
OUT_10910,739.22
OUT_10911,46.96
OUT_10912,62.98
OUT_10913,203.2
OUT_10914,729.79
OUT_10915,67.64
OUT_10916,204.08
OUT_10917,209.58
OUT_10918,55.18
OUT_10919,66.85
OUT_10920,67.52
OUT_10921,729.82
OUT_10922,203.25
OUT_10923,716.94
OUT_10924,735.9
OUT_10925,1718.18
OUT_10926,52.99
OUT_10927,67.81
OUT_10928,67.84
OUT_10929,710.54
OUT_10930,734.41
OUT_10931,73.04
OUT_10932,735.7
OUT_10933,198.34
OUT_10934,66.16
OUT_10935,717.56
OUT_10936,47.75
OUT_10937,68.04
OUT_10938,732.29
OUT_10939,209.3
OUT_10940,740.19
OUT_10941,734.27
OUT_10942,72.71
OUT_10943,700.63
OUT_10944,64.9
OUT_10945,72.48
OUT_10946,67.52
OUT_10947,67.85
OUT_10948,61.3
OUT_10949,57.91
OUT_10950,59.33
OUT_10951,63.63
OUT_10952,744.26
OUT_10953,204.71
OUT_10954,1719.63
OUT_10955,56.91
OUT_10956,73.95
OUT_10957,726.03
OUT_10958,44.09
OUT_10959,748.69
OUT_10960,203.18
OUT_10961,64.93
OUT_10962,1737.85
OUT_10963,1718.04
OUT_10964,1727.05
OUT_10965,60.07
OUT_10966,1720.74
OUT_10967,730.85
OUT_10968,733.75
OUT_10969,55.23
OUT_10970,205.18
OUT_10971,61.2
OUT_10972,67.6
OUT_10973,63.06
OUT_10974,199.26
OUT_10975,197.15
OUT_10976,55.57
OUT_10977,61.43
OUT_10978,69.46
OUT_10979,68.9
OUT_10980,700.35
OUT_10981,71.06
OUT_10982,198.46
OUT_10983,204.39
OUT_10984,54.22
OUT_10985,203.8
OUT_10986,70.57
OUT_10987,204.1
OUT_10988,205.84
OUT_10989,730.45
OUT_10990,735.51
OUT_10991,73.8
OUT_10992,71.56
OUT_10993,727.92
OUT_10994,71.94
OUT_10995,62.36
OUT_10996,1715.51
OUT_10997,1726.07
OUT_10998,70.51
OUT_10999,735.65
OUT_11000,67.68
OUT_11001,209.14
OUT_11002,50.27
OUT_11003,1726.83
OUT_11004,66.65
OUT_11005,204.56
OUT_11006,210.48
OUT_11007,45.7
OUT_11008,742.17
OUT_11009,204.68
OUT_11010,206.84
OUT_11011,40.24
OUT_11012,54.74
OUT_11013,199.16
OUT_11014,61.1
OUT_11015,747.44
OUT_11016,66.84
OUT_11017,739.33
OUT_11018,55.51
OUT_11019,54.35
OUT_11020,69.63
OUT_11021,730.9
OUT_11022,105.23
OUT_11023,64.14
OUT_11024,71.78
OUT_11025,204.8
OUT_11026,63.17
OUT_11027,207.51
OUT_11028,192.44
OUT_11029,1721.71
OUT_11030,63.26
OUT_11031,72.21
OUT_11032,64.68
OUT_11033,210.67
OUT_11034,201.49
OUT_11035,72.66
OUT_11036,203.79
OUT_11037,72.46
OUT_11038,199.43
OUT_11039,731.45
OUT_11040,62.77
OUT_11041,72.64
OUT_11042,207.23
OUT_11043,728.54
OUT_11044,69.9
OUT_11045,193.38
OUT_11046,204.48
OUT_11047,73.36
OUT_11048,211.45
OUT_11049,205.81
OUT_11050,203.21
OUT_11051,204.84
OUT_11052,735.15
OUT_11053,69.85
OUT_11054,207.51
OUT_11055,210.34
OUT_11056,1724.01
OUT_11057,208.46
OUT_11058,72.46
OUT_11059,60.0
OUT_11060,197.57
OUT_11061,65.12
OUT_11062,64.66
OUT_11063,707.79
OUT_11064,207.81
OUT_11065,49.39
OUT_11066,73.07
OUT_11067,62.93
OUT_11068,733.29
OUT_11069,696.34
OUT_11070,202.88
OUT_11071,56.98
OUT_11072,69.01
OUT_11073,68.03
OUT_11074,56.21
OUT_11075,52.02
OUT_11076,206.06
OUT_11077,745.31
OUT_11078,68.41
OUT_11079,63.94
OUT_11080,69.5
OUT_11081,200.69
OUT_11082,66.87
OUT_11083,187.7
OUT_11084,193.8
OUT_11085,72.63
OUT_11086,70.42
OUT_11087,56.46
OUT_11088,67.15
OUT_11089,207.53
OUT_11090,724.61
OUT_11091,73.46
OUT_11092,200.85
OUT_11093,67.54
OUT_11094,1719.44
OUT_11095,58.71
OUT_11096,53.66
OUT_11097,205.1
OUT_11098,730.8
OUT_11099,62.54
OUT_11100,76.14
OUT_11101,745.92
OUT_11102,68.67
OUT_11103,45.08
OUT_11104,66.81
OUT_11105,735.3
OUT_11106,733.91
OUT_11107,203.42
OUT_11108,1720.93
OUT_11109,202.18
OUT_11110,208.12
OUT_11111,65.53
OUT_11112,731.59
OUT_11113,204.29
OUT_11114,209.96
OUT_11115,63.54
OUT_11116,35.09
OUT_11117,208.64
OUT_11118,67.79
OUT_11119,208.84
OUT_11120,698.7
OUT_11121,60.91
OUT_11122,72.7
OUT_11123,726.01
OUT_11124,741.75
OUT_11125,201.1
OUT_11126,65.61
OUT_11127,67.82
OUT_11128,1725.97
OUT_11129,67.74
OUT_11130,59.44
OUT_11131,737.99
OUT_11132,202.79
OUT_11133,218.54
OUT_11134,68.03
OUT_11135,64.01
OUT_11136,67.94
OUT_11137,64.01
OUT_11138,187.1
OUT_11139,209.17
OUT_11140,736.26
OUT_11141,204.48
OUT_11142,58.11
OUT_11143,1721.5
OUT_11144,75.84
OUT_11145,201.65
OUT_11146,67.22
OUT_11147,68.13
OUT_11148,69.99
OUT_11149,50.04
OUT_11150,728.86
OUT_11151,210.93
OUT_11152,713.85
OUT_11153,203.33
OUT_11154,55.1
OUT_11155,66.95
OUT_11156,59.61
OUT_11157,206.52
OUT_11158,191.28
OUT_11159,61.28
OUT_11160,204.78
OUT_11161,68.04
OUT_11162,73.13
OUT_11163,198.42
OUT_11164,44.09
OUT_11165,1722.66
OUT_11166,61.03
OUT_11167,209.42
OUT_11168,1722.26
OUT_11169,73.12
OUT_11170,54.88
OUT_11171,73.11
OUT_11172,206.16
OUT_11173,68.27
OUT_11174,64.55
OUT_11175,206.26
OUT_11176,203.21
OUT_11177,730.87
OUT_11178,67.58
OUT_11179,204.82
OUT_11180,48.48
OUT_11181,73.23
OUT_11182,700.2
OUT_11183,211.5
OUT_11184,63.21
OUT_11185,68.97
OUT_11186,206.76
OUT_11187,738.97
OUT_11188,73.23
OUT_11189,209.17
OUT_11190,52.51
OUT_11191,74.61
OUT_11192,213.98
OUT_11193,67.75
OUT_11194,69.69
OUT_11195,211.26
OUT_11196,67.85
OUT_11197,203.57
OUT_11198,204.82
OUT_11199,706.13
OUT_11200,47.79
OUT_11201,209.23
OUT_11202,61.25
OUT_11203,64.97
OUT_11204,1717.77
OUT_11205,67.3
OUT_11206,55.54
OUT_11207,63.1
OUT_11208,731.61
OUT_11209,64.17
OUT_11210,57.65
OUT_11211,73.23
OUT_11212,210.68
OUT_11213,209.96
OUT_11214,1727.28
OUT_11215,62.09
OUT_11216,57.95
OUT_11217,1733.71
OUT_11218,200.08
OUT_11219,743.68
OUT_11220,63.31
OUT_11221,44.17
OUT_11222,1726.89
OUT_11223,50.21
OUT_11224,72.13
OUT_11225,1721.1
OUT_11226,73.89
OUT_11227,63.62
OUT_11228,55.41
OUT_11229,194.44
OUT_11230,62.98
OUT_11231,208.81
OUT_11232,1724.9
OUT_11233,723.79
OUT_11234,62.86
OUT_11235,35.66
OUT_11236,209.0
OUT_11237,65.78
OUT_11238,59.71
OUT_11239,728.61
OUT_11240,209.59
OUT_11241,69.59
OUT_11242,53.89
OUT_11243,44.26
OUT_11244,72.52
OUT_11245,198.92
OUT_11246,65.91
OUT_11247,72.75
OUT_11248,67.31
OUT_11249,195.91
OUT_11250,217.8
OUT_11251,1721.42
OUT_11252,69.22
OUT_11253,736.72
OUT_11254,195.35
OUT_11255,205.51
OUT_11256,200.75
OUT_11257,69.66
OUT_11258,60.91
OUT_11259,72.4
OUT_11260,724.27
OUT_11261,1692.54
OUT_11262,62.92
OUT_11263,61.16
OUT_11264,68.04
OUT_11265,732.01
OUT_11266,70.12
OUT_11267,59.16
OUT_11268,210.33
OUT_11269,1723.29
OUT_11270,83.06
OUT_11271,64.67
OUT_11272,57.08
OUT_11273,202.54
OUT_11274,59.96
OUT_11275,64.17
OUT_11276,190.6
OUT_11277,62.55
OUT_11278,65.09
OUT_11279,64.39
OUT_11280,743.6
OUT_11281,62.08
OUT_11282,67.95
OUT_11283,65.3
OUT_11284,69.96
OUT_11285,70.5
OUT_11286,210.11
OUT_11287,62.53
OUT_11288,751.27
OUT_11289,67.78
OUT_11290,201.55
OUT_11291,746.73
OUT_11292,68.0
OUT_11293,208.62
OUT_11294,44.81
OUT_11295,63.15
OUT_11296,745.16
OUT_11297,193.91
OUT_11298,210.6
OUT_11299,43.78
OUT_11300,73.67
OUT_11301,67.98
OUT_11302,66.57
OUT_11303,711.31
OUT_11304,67.32
OUT_11305,1729.5
OUT_11306,208.87
OUT_11307,1715.06
OUT_11308,204.55
OUT_11309,738.64
OUT_11310,210.29
OUT_11311,63.16
OUT_11312,67.16
OUT_11313,64.33
OUT_11314,675.23
OUT_11315,210.21
OUT_11316,1728.38
OUT_11317,740.34
OUT_11318,710.95
OUT_11319,64.88
OUT_11320,45.61
OUT_11321,210.36
OUT_11322,728.35
OUT_11323,222.07
OUT_11324,64.54
OUT_11325,64.76
OUT_11326,210.96
OUT_11327,68.3
OUT_11328,726.32
OUT_11329,63.3
OUT_11330,721.25
OUT_11331,204.23
OUT_11332,63.06
OUT_11333,210.27
OUT_11334,74.91
OUT_11335,55.69
OUT_11336,210.56
OUT_11337,203.48
OUT_11338,193.1
OUT_11339,57.83
OUT_11340,193.42
OUT_11341,73.13
OUT_11342,208.05
OUT_11343,70.58
OUT_11344,65.86
OUT_11345,44.97
OUT_11346,210.31
OUT_11347,210.33
OUT_11348,67.28
OUT_11349,55.71
OUT_11350,190.68
OUT_11351,59.08
OUT_11352,209.84
OUT_11353,65.22
OUT_11354,740.53
OUT_11355,71.79
OUT_11356,67.75
OUT_11357,204.75
OUT_11358,72.95
OUT_11359,1708.53
OUT_11360,211.59
OUT_11361,199.5
OUT_11362,205.9
OUT_11363,61.05
OUT_11364,64.4
OUT_11365,195.43
OUT_11366,64.39
OUT_11367,70.39
OUT_11368,1723.82
OUT_11369,64.39
OUT_11370,68.07
OUT_11371,201.43
OUT_11372,705.25
OUT_11373,211.24
OUT_11374,73.55
OUT_11375,212.69
OUT_11376,197.65
OUT_11377,60.5
OUT_11378,205.28
OUT_11379,75.85
OUT_11380,67.23
OUT_11381,197.11
OUT_11382,68.2
OUT_11383,203.26
OUT_11384,204.56
OUT_11385,205.86
OUT_11386,202.95
OUT_11387,66.52
OUT_11388,210.8
OUT_11389,68.46
OUT_11390,46.65
OUT_11391,67.78
OUT_11392,736.9
OUT_11393,67.31
OUT_11394,736.49
OUT_11395,198.55
OUT_11396,202.24
OUT_11397,747.63
OUT_11398,205.45
OUT_11399,72.87
OUT_11400,56.74
OUT_11401,202.16
OUT_11402,75.23
OUT_11403,1727.33
OUT_11404,70.94
OUT_11405,67.67
OUT_11406,727.01
OUT_11407,65.84
OUT_11408,64.89
OUT_11409,194.19
OUT_11410,204.1
OUT_11411,70.43
OUT_11412,55.42
OUT_11413,713.2
OUT_11414,64.29
OUT_11415,59.69
OUT_11416,756.9
OUT_11417,67.96
OUT_11418,68.14
OUT_11419,69.55
OUT_11420,188.62
OUT_11421,732.59
OUT_11422,199.81
OUT_11423,205.41
OUT_11424,195.92
OUT_11425,72.01
OUT_11426,1725.98
OUT_11427,206.46
OUT_11428,209.94
OUT_11429,73.89
OUT_11430,67.77
OUT_11431,205.56
OUT_11432,203.75
OUT_11433,70.13
OUT_11434,722.86
OUT_11435,63.53
OUT_11436,72.41
OUT_11437,695.0
OUT_11438,730.46
OUT_11439,207.14
OUT_11440,72.28
OUT_11441,63.14
OUT_11442,49.14
OUT_11443,62.87
OUT_11444,70.17
OUT_11445,58.45
OUT_11446,200.5
OUT_11447,695.05
OUT_11448,54.49
OUT_11449,209.85
OUT_11450,56.14
OUT_11451,69.3
OUT_11452,75.39
OUT_11453,210.26
OUT_11454,197.57
OUT_11455,210.01
OUT_11456,69.89
OUT_11457,206.22
OUT_11458,1734.5
OUT_11459,67.17
OUT_11460,1730.55
OUT_11461,64.2
OUT_11462,64.98
OUT_11463,44.96
OUT_11464,203.9
OUT_11465,1730.88
OUT_11466,70.29
OUT_11467,62.16
OUT_11468,204.3
OUT_11469,72.74
OUT_11470,40.99
OUT_11471,210.75
OUT_11472,72.65
OUT_11473,210.08
OUT_11474,74.66
OUT_11475,704.98
OUT_11476,61.22
OUT_11477,63.55
OUT_11478,60.59
OUT_11479,201.38
OUT_11480,41.41
OUT_11481,50.74
OUT_11482,196.85
OUT_11483,210.64
OUT_11484,199.32
OUT_11485,57.71
OUT_11486,212.92
OUT_11487,203.12
OUT_11488,211.44
OUT_11489,204.62
OUT_11490,202.94
OUT_11491,211.35
OUT_11492,210.85
OUT_11493,210.91
OUT_11494,65.97
OUT_11495,204.66
OUT_11496,65.56
OUT_11497,1734.51
OUT_11498,67.69
OUT_11499,65.78
OUT_11500,731.57
OUT_11501,37.08
OUT_11502,710.22
OUT_11503,191.53
OUT_11504,754.53
OUT_11505,70.57
OUT_11506,205.13
OUT_11507,67.38
OUT_11508,203.55
OUT_11509,51.61
OUT_11510,192.0
OUT_11511,199.81
OUT_11512,724.45
OUT_11513,206.11
OUT_11514,60.53
OUT_11515,735.89
OUT_11516,65.91
OUT_11517,209.45
OUT_11518,74.77
OUT_11519,52.29
OUT_11520,202.0
OUT_11521,75.38
OUT_11522,202.03
OUT_11523,1736.62
OUT_11524,59.73
OUT_11525,61.46
OUT_11526,62.12
OUT_11527,74.08
OUT_11528,61.13
OUT_11529,68.38
OUT_11530,45.31
OUT_11531,205.1
OUT_11532,727.23
OUT_11533,46.86
OUT_11534,720.05
OUT_11535,205.03
OUT_11536,198.48
OUT_11537,72.32
OUT_11538,68.12
OUT_11539,191.72
OUT_11540,711.09
OUT_11541,191.78
OUT_11542,75.83
OUT_11543,71.18
OUT_11544,53.67
OUT_11545,704.91
OUT_11546,62.97
OUT_11547,718.45
OUT_11548,62.63
OUT_11549,205.11
OUT_11550,59.61
OUT_11551,69.12
OUT_11552,63.16
OUT_11553,65.17
OUT_11554,47.86
OUT_11555,55.74
OUT_11556,73.75
OUT_11557,196.2
OUT_11558,67.29
OUT_11559,715.52
OUT_11560,208.77
OUT_11561,66.22
OUT_11562,62.87
OUT_11563,702.51
OUT_11564,75.05
OUT_11565,205.08
OUT_11566,55.25
OUT_11567,711.15
OUT_11568,73.15
OUT_11569,745.57
OUT_11570,68.3
OUT_11571,201.48
OUT_11572,74.29
OUT_11573,197.02
OUT_11574,200.4
OUT_11575,68.27
OUT_11576,202.31
OUT_11577,56.31
OUT_11578,193.22
OUT_11579,62.61
OUT_11580,73.37
OUT_11581,62.69
OUT_11582,67.85
OUT_11583,197.19
OUT_11584,717.64
OUT_11585,209.0
OUT_11586,68.44
OUT_11587,205.52
OUT_11588,943.24
OUT_11589,210.91
OUT_11590,1704.57
OUT_11591,67.67
OUT_11592,61.55
OUT_11593,53.07
OUT_11594,65.48
OUT_11595,61.18
OUT_11596,63.24
OUT_11597,69.54
OUT_11598,211.34
OUT_11599,694.04
OUT_11600,51.98
OUT_11601,1723.26
OUT_11602,64.5
OUT_11603,77.53
OUT_11604,69.63
OUT_11605,1725.79
OUT_11606,212.12
OUT_11607,207.29
OUT_11608,68.2
OUT_11609,62.15
OUT_11610,73.84
OUT_11611,731.07
OUT_11612,70.27
OUT_11613,740.02
OUT_11614,66.6
OUT_11615,190.81
OUT_11616,210.69
OUT_11617,197.33
OUT_11618,208.75
OUT_11619,1724.29
OUT_11620,67.73
OUT_11621,73.01
OUT_11622,713.17
OUT_11623,67.07
OUT_11624,47.4
OUT_11625,70.23
OUT_11626,55.76
OUT_11627,72.69
OUT_11628,319.04
OUT_11629,70.37
OUT_11630,726.63
OUT_11631,209.25
OUT_11632,197.85
OUT_11633,733.5
OUT_11634,67.91
OUT_11635,67.67
OUT_11636,1722.59
OUT_11637,730.56
OUT_11638,72.43
OUT_11639,72.14
OUT_11640,203.95
OUT_11641,62.94
OUT_11642,736.56
OUT_11643,1731.83
OUT_11644,1721.04
OUT_11645,63.57
OUT_11646,713.28
OUT_11647,66.27
OUT_11648,210.06
OUT_11649,67.32
OUT_11650,32.57
OUT_11651,62.47
OUT_11652,752.31
OUT_11653,63.59
OUT_11654,46.36
OUT_11655,56.24
OUT_11656,56.64
OUT_11657,75.77
OUT_11658,72.91
OUT_11659,72.42
OUT_11660,62.84
OUT_11661,67.02
OUT_11662,703.46
OUT_11663,65.84
OUT_11664,68.5
OUT_11665,1718.21
OUT_11666,702.75
OUT_11667,202.64
OUT_11668,204.18
OUT_11669,54.84
OUT_11670,43.57
OUT_11671,52.53
OUT_11672,711.63
OUT_11673,198.65
OUT_11674,736.51
OUT_11675,58.04
OUT_11676,211.82
OUT_11677,67.13
OUT_11678,67.84
OUT_11679,63.02
OUT_11680,728.82
OUT_11681,195.36
OUT_11682,56.13
OUT_11683,742.41
OUT_11684,65.43
OUT_11685,67.33
OUT_11686,731.52
OUT_11687,70.91
OUT_11688,739.75
OUT_11689,199.33
OUT_11690,74.9
OUT_11691,49.58
OUT_11692,743.88
OUT_11693,205.46
OUT_11694,69.02
OUT_11695,64.99
OUT_11696,731.21
OUT_11697,1733.63
OUT_11698,58.43
OUT_11699,201.23
OUT_11700,62.63
OUT_11701,61.0
OUT_11702,216.51
OUT_11703,69.67
OUT_11704,739.38
OUT_11705,69.52
OUT_11706,69.93
OUT_11707,207.49
OUT_11708,70.12
OUT_11709,72.3
OUT_11710,63.83
OUT_11711,211.42
OUT_11712,67.93
OUT_11713,204.36
OUT_11714,67.81
OUT_11715,205.05
OUT_11716,209.95
OUT_11717,738.05
OUT_11718,205.17
OUT_11719,195.85
OUT_11720,1723.52
OUT_11721,203.01
OUT_11722,72.86
OUT_11723,65.94
OUT_11724,72.1
OUT_11725,66.16
OUT_11726,70.27
OUT_11727,193.18
OUT_11728,72.24
OUT_11729,57.1
OUT_11730,72.41
OUT_11731,72.67
OUT_11732,67.5
OUT_11733,743.3
OUT_11734,70.64
OUT_11735,54.57
OUT_11736,45.49
OUT_11737,64.66
OUT_11738,55.56
OUT_11739,51.26
OUT_11740,55.34
OUT_11741,72.44
OUT_11742,210.21
OUT_11743,204.88
OUT_11744,47.52
OUT_11745,45.79
OUT_11746,727.89
OUT_11747,209.61
OUT_11748,60.61
OUT_11749,209.82
OUT_11750,204.6
OUT_11751,67.46
OUT_11752,63.92
OUT_11753,210.07
OUT_11754,53.72
OUT_11755,763.37
OUT_11756,37.73
OUT_11757,701.56
OUT_11758,43.6
OUT_11759,63.07
OUT_11760,66.85
OUT_11761,214.01
OUT_11762,742.12
OUT_11763,212.06
OUT_11764,205.06
OUT_11765,63.29
OUT_11766,66.18
OUT_11767,1725.31
OUT_11768,53.85
OUT_11769,704.95
OUT_11770,1727.08
OUT_11771,199.91
OUT_11772,208.19
OUT_11773,67.92
OUT_11774,64.74
OUT_11775,204.83
OUT_11776,65.96
OUT_11777,49.58
OUT_11778,72.98
OUT_11779,56.7
OUT_11780,735.2
OUT_11781,64.67
OUT_11782,69.9
OUT_11783,203.67
OUT_11784,210.9
OUT_11785,65.75
OUT_11786,49.09
OUT_11787,73.35
OUT_11788,1720.77
OUT_11789,716.76
OUT_11790,179.31
OUT_11791,698.57
OUT_11792,205.5
OUT_11793,68.31
OUT_11794,72.68
OUT_11795,46.99
OUT_11796,199.52
OUT_11797,743.49
OUT_11798,205.68
OUT_11799,205.24
OUT_11800,204.29
OUT_11801,200.5
OUT_11802,72.39
OUT_11803,76.96
OUT_11804,1718.72
OUT_11805,68.28
OUT_11806,61.15
OUT_11807,208.79
OUT_11808,203.51
OUT_11809,63.33
OUT_11810,64.71
OUT_11811,61.84
OUT_11812,61.65
OUT_11813,196.31
OUT_11814,204.5
OUT_11815,72.24
OUT_11816,705.47
OUT_11817,201.01
OUT_11818,66.04
OUT_11819,735.65
OUT_11820,716.8
OUT_11821,65.44
OUT_11822,59.78
OUT_11823,734.33
OUT_11824,210.22
OUT_11825,182.84
OUT_11826,65.53
OUT_11827,72.6
OUT_11828,64.08
OUT_11829,67.58
OUT_11830,54.81
OUT_11831,67.84
OUT_11832,67.61
OUT_11833,209.27
OUT_11834,210.91
OUT_11835,43.13
OUT_11836,76.4
OUT_11837,197.23
OUT_11838,194.0
OUT_11839,70.52
OUT_11840,46.68
OUT_11841,53.77
OUT_11842,194.45
OUT_11843,1724.58
OUT_11844,64.8
OUT_11845,683.17
OUT_11846,67.69
OUT_11847,203.82
OUT_11848,713.54
OUT_11849,50.6
OUT_11850,57.46
OUT_11851,69.82
OUT_11852,739.98
OUT_11853,1715.86
OUT_11854,56.07
OUT_11855,211.22
OUT_11856,208.02
OUT_11857,736.27
OUT_11858,196.6
OUT_11859,708.42
OUT_11860,54.05
OUT_11861,209.47
OUT_11862,207.9
OUT_11863,72.81
OUT_11864,47.98
OUT_11865,61.14
OUT_11866,208.42
OUT_11867,73.29
OUT_11868,731.1
OUT_11869,55.74
OUT_11870,210.98
OUT_11871,66.24
OUT_11872,206.03
OUT_11873,67.79
OUT_11874,72.82
OUT_11875,208.5
OUT_11876,195.92
OUT_11877,69.48
OUT_11878,67.13
OUT_11879,204.44
OUT_11880,65.15
OUT_11881,208.97
OUT_11882,208.17
OUT_11883,718.69
OUT_11884,55.13
OUT_11885,198.78
OUT_11886,205.79
OUT_11887,54.76
OUT_11888,74.31
OUT_11889,207.02
OUT_11890,65.53
OUT_11891,46.76
OUT_11892,47.61
OUT_11893,67.69
OUT_11894,748.15
OUT_11895,61.12
OUT_11896,61.25
OUT_11897,714.72
OUT_11898,694.94
OUT_11899,71.76
OUT_11900,733.06
OUT_11901,58.82
OUT_11902,56.11
OUT_11903,52.95
OUT_11904,64.78
OUT_11905,74.38
OUT_11906,65.53
OUT_11907,55.58
OUT_11908,75.3
OUT_11909,727.97
OUT_11910,203.18
OUT_11911,714.12
OUT_11912,293.16
OUT_11913,71.92
OUT_11914,210.24
OUT_11915,55.61
OUT_11916,62.71
OUT_11917,75.04
OUT_11918,46.68
OUT_11919,36.14
OUT_11920,732.63
OUT_11921,55.69
OUT_11922,739.2
OUT_11923,69.18
OUT_11924,67.6
OUT_11925,68.36
OUT_11926,55.26
OUT_11927,74.31
OUT_11928,70.23
OUT_11929,743.82
OUT_11930,63.01
OUT_11931,65.64
OUT_11932,63.35
OUT_11933,55.74
OUT_11934,214.4
OUT_11935,72.81
OUT_11936,71.33
OUT_11937,55.94
OUT_11938,74.07
OUT_11939,202.78
OUT_11940,221.86
OUT_11941,65.88
OUT_11942,211.1
OUT_11943,744.17
OUT_11944,713.33
OUT_11945,63.82
OUT_11946,64.12
OUT_11947,204.89
OUT_11948,62.59
OUT_11949,1729.52
OUT_11950,1725.34
OUT_11951,748.93
OUT_11952,70.78
OUT_11953,65.02
OUT_11954,205.5
OUT_11955,59.99
OUT_11956,55.07
OUT_11957,67.04
OUT_11958,710.56
OUT_11959,67.58
OUT_11960,729.12
OUT_11961,729.6
OUT_11962,206.77
OUT_11963,739.1
OUT_11964,72.35
OUT_11965,199.15
OUT_11966,70.3
OUT_11967,50.81
OUT_11968,700.49
OUT_11969,738.48
OUT_11970,735.67
OUT_11971,72.04
OUT_11972,206.59
OUT_11973,64.88
OUT_11974,67.82
OUT_11975,203.03
OUT_11976,748.63
OUT_11977,69.69
OUT_11978,206.18
OUT_11979,74.38
OUT_11980,70.17
OUT_11981,1724.33
OUT_11982,62.12
OUT_11983,203.91
OUT_11984,62.68
OUT_11985,55.08
OUT_11986,204.38
OUT_11987,205.32
OUT_11988,193.91
OUT_11989,199.14
OUT_11990,59.83
OUT_11991,210.24
OUT_11992,211.1
OUT_11993,211.53
OUT_11994,68.42
OUT_11995,192.41
OUT_11996,210.65
OUT_11997,66.52
OUT_11998,203.63
OUT_11999,66.58
OUT_12000,209.67
OUT_12001,68.17
OUT_12002,210.48
OUT_12003,204.95
OUT_12004,1720.14
OUT_12005,56.17
OUT_12006,204.38
OUT_12007,204.18
OUT_12008,734.63
OUT_12009,63.52
OUT_12010,52.19
OUT_12011,54.95
OUT_12012,732.79
OUT_12013,195.37
OUT_12014,50.35
OUT_12015,1723.04
OUT_12016,62.46
OUT_12017,67.64
OUT_12018,65.0
OUT_12019,58.71
OUT_12020,30.09
OUT_12021,197.83
OUT_12022,200.99
OUT_12023,70.49
OUT_12024,73.64
OUT_12025,75.36
OUT_12026,1725.23
OUT_12027,67.55
OUT_12028,210.76
OUT_12029,75.04
OUT_12030,737.45
OUT_12031,56.16
OUT_12032,211.92
OUT_12033,191.79
OUT_12034,49.79
OUT_12035,213.32
OUT_12036,740.24
OUT_12037,68.69
OUT_12038,74.46
OUT_12039,72.14
OUT_12040,74.06
OUT_12041,221.63
OUT_12042,193.68
OUT_12043,190.27
OUT_12044,62.91
OUT_12045,204.91
OUT_12046,72.76
OUT_12047,59.98
OUT_12048,65.08
OUT_12049,733.78
OUT_12050,61.74
OUT_12051,43.63
OUT_12052,68.13
OUT_12053,67.05
OUT_12054,208.01
OUT_12055,734.41
OUT_12056,73.22
OUT_12057,64.23
OUT_12058,711.31
OUT_12059,57.66
OUT_12060,1727.23
OUT_12061,56.94
OUT_12062,218.52
OUT_12063,210.67
OUT_12064,204.25
OUT_12065,68.35
OUT_12066,62.0
OUT_12067,56.82
OUT_12068,73.19
OUT_12069,62.75
OUT_12070,209.95
OUT_12071,697.14
OUT_12072,57.11
OUT_12073,74.71
OUT_12074,733.71
OUT_12075,73.53
OUT_12076,54.82
OUT_12077,67.1
OUT_12078,61.92
OUT_12079,56.97
OUT_12080,53.53
OUT_12081,704.22
OUT_12082,196.13
OUT_12083,734.31
OUT_12084,198.75
OUT_12085,54.61
OUT_12086,71.96
OUT_12087,64.67
OUT_12088,72.53
OUT_12089,50.36
OUT_12090,197.36
OUT_12091,710.77
OUT_12092,55.21
OUT_12093,61.83
OUT_12094,62.93
OUT_12095,196.08
OUT_12096,202.12
OUT_12097,65.7
OUT_12098,211.31
OUT_12099,63.17
OUT_12100,67.68
OUT_12101,64.86
OUT_12102,72.09
OUT_12103,47.88
OUT_12104,64.67
OUT_12105,67.43
OUT_12106,50.29
OUT_12107,69.95
OUT_12108,1723.26
OUT_12109,211.24
OUT_12110,194.11
OUT_12111,64.17
OUT_12112,43.53
OUT_12113,698.01
OUT_12114,49.15
OUT_12115,734.32
OUT_12116,203.44
OUT_12117,62.32
OUT_12118,201.26
OUT_12119,65.7
OUT_12120,201.8
OUT_12121,203.66
OUT_12122,72.58
OUT_12123,211.46
OUT_12124,203.12
OUT_12125,202.83
OUT_12126,63.4
OUT_12127,66.23
OUT_12128,206.04
OUT_12129,67.0
OUT_12130,61.45
OUT_12131,1721.5
OUT_12132,63.97
OUT_12133,67.83
OUT_12134,199.52
OUT_12135,56.38
OUT_12136,192.32
OUT_12137,204.87
OUT_12138,735.12
OUT_12139,738.34
OUT_12140,72.0
OUT_12141,1729.06
OUT_12142,1721.94
OUT_12143,72.49
OUT_12144,73.72
OUT_12145,727.13
OUT_12146,72.35
OUT_12147,45.49
OUT_12148,702.71
OUT_12149,68.59
OUT_12150,69.8
OUT_12151,69.38
OUT_12152,743.18
OUT_12153,211.95
OUT_12154,230.03
OUT_12155,62.84
OUT_12156,72.41
OUT_12157,203.42
OUT_12158,76.65
OUT_12159,1725.07
OUT_12160,209.33
OUT_12161,59.76
OUT_12162,1726.74
OUT_12163,55.34
OUT_12164,64.77
OUT_12165,68.4
OUT_12166,55.56
OUT_12167,53.8
OUT_12168,72.65
OUT_12169,70.01
OUT_12170,210.75
OUT_12171,63.55
OUT_12172,204.9
OUT_12173,210.72
OUT_12174,208.08
OUT_12175,72.93
OUT_12176,188.06
OUT_12177,69.24
OUT_12178,65.66
OUT_12179,75.68
OUT_12180,68.08
OUT_12181,72.05
OUT_12182,203.72
OUT_12183,63.06
OUT_12184,211.56
OUT_12185,210.27
OUT_12186,70.09
OUT_12187,210.26
OUT_12188,71.96
OUT_12189,204.19
OUT_12190,52.66
OUT_12191,67.71
OUT_12192,63.25
OUT_12193,72.48
OUT_12194,210.79
OUT_12195,70.01
OUT_12196,55.61
OUT_12197,297.99
OUT_12198,211.16
OUT_12199,74.68
OUT_12200,741.46
OUT_12201,53.86
OUT_12202,64.98
OUT_12203,730.33
OUT_12204,69.03
OUT_12205,1725.67
OUT_12206,1724.69
OUT_12207,218.87
OUT_12208,205.46
OUT_12209,68.71
OUT_12210,73.69
OUT_12211,69.72
OUT_12212,71.23
OUT_12213,67.78
OUT_12214,200.03
OUT_12215,717.62
OUT_12216,193.88
OUT_12217,68.46
OUT_12218,51.62
OUT_12219,75.21
OUT_12220,706.47
OUT_12221,29.3
OUT_12222,72.31
OUT_12223,211.93
OUT_12224,735.22
OUT_12225,40.58
OUT_12226,75.03
OUT_12227,44.57
OUT_12228,69.06
OUT_12229,67.35
OUT_12230,72.9
OUT_12231,42.74
OUT_12232,74.51
OUT_12233,60.63
OUT_12234,68.68
OUT_12235,204.69
OUT_12236,74.32
OUT_12237,749.07
OUT_12238,71.33
OUT_12239,208.59
OUT_12240,65.13
OUT_12241,58.43
OUT_12242,727.21
OUT_12243,71.76
OUT_12244,203.62
OUT_12245,65.07
OUT_12246,75.23
OUT_12247,72.97
OUT_12248,260.15
OUT_12249,1709.39
OUT_12250,747.24
OUT_12251,60.85
OUT_12252,67.26
OUT_12253,193.5
OUT_12254,61.0
OUT_12255,732.77
OUT_12256,749.8
OUT_12257,44.19
OUT_12258,1699.96
OUT_12259,206.47
OUT_12260,64.93
OUT_12261,69.67
OUT_12262,204.84
OUT_12263,1720.38
OUT_12264,1723.68
OUT_12265,198.81
OUT_12266,68.06
OUT_12267,201.79
OUT_12268,1731.22
OUT_12269,73.65
OUT_12270,195.95
OUT_12271,67.8
OUT_12272,203.9
OUT_12273,199.75
OUT_12274,67.38
OUT_12275,203.67
OUT_12276,65.36
OUT_12277,1728.41
OUT_12278,70.17
OUT_12279,200.79
OUT_12280,203.42
OUT_12281,204.96
OUT_12282,210.05
OUT_12283,725.95
OUT_12284,61.2
OUT_12285,210.55
OUT_12286,71.02
OUT_12287,73.68
OUT_12288,72.38
OUT_12289,72.83
OUT_12290,72.57
OUT_12291,704.14
OUT_12292,197.79
OUT_12293,72.21
OUT_12294,203.21
OUT_12295,752.27
OUT_12296,64.53
OUT_12297,204.31
OUT_12298,195.8
OUT_12299,69.69
OUT_12300,38.51
OUT_12301,735.31
OUT_12302,67.7
OUT_12303,66.83
OUT_12304,73.92
OUT_12305,67.98
OUT_12306,1697.89
OUT_12307,66.65
OUT_12308,193.14
OUT_12309,68.49
OUT_12310,213.03
OUT_12311,205.86
OUT_12312,204.67
OUT_12313,61.4
OUT_12314,209.89
OUT_12315,75.62
OUT_12316,63.36
OUT_12317,66.11
OUT_12318,67.96
OUT_12319,65.94
OUT_12320,68.18
OUT_12321,73.01
OUT_12322,65.83
OUT_12323,66.74
OUT_12324,185.09
OUT_12325,208.47
OUT_12326,69.74
OUT_12327,736.47
OUT_12328,195.93
OUT_12329,65.9
OUT_12330,67.81
OUT_12331,739.59
OUT_12332,205.38
OUT_12333,203.4
OUT_12334,1701.97
OUT_12335,211.24
OUT_12336,68.17
OUT_12337,72.46
OUT_12338,209.79
OUT_12339,75.75
OUT_12340,201.49
OUT_12341,72.29
OUT_12342,61.35
OUT_12343,679.59
OUT_12344,189.13
OUT_12345,1743.43
OUT_12346,735.2
OUT_12347,210.09
OUT_12348,1718.19
OUT_12349,205.07
OUT_12350,62.85
OUT_12351,73.26
OUT_12352,56.78
OUT_12353,55.76
OUT_12354,60.04
OUT_12355,203.59
OUT_12356,55.9
OUT_12357,63.25
OUT_12358,71.26
OUT_12359,60.46
OUT_12360,729.43
OUT_12361,68.45
OUT_12362,55.25
OUT_12363,54.76
OUT_12364,69.83
OUT_12365,50.42
OUT_12366,70.53
OUT_12367,197.73
OUT_12368,1719.67
OUT_12369,727.37
OUT_12370,202.88
OUT_12371,705.44
OUT_12372,1720.76
OUT_12373,189.91
OUT_12374,205.81
OUT_12375,211.47
OUT_12376,717.09
OUT_12377,68.51
OUT_12378,213.18
OUT_12379,69.92
OUT_12380,57.13
OUT_12381,725.73
OUT_12382,54.58
OUT_12383,64.17
OUT_12384,743.3
OUT_12385,65.24
OUT_12386,72.35
OUT_12387,201.9
OUT_12388,703.58
OUT_12389,207.22
OUT_12390,113.45
OUT_12391,209.29
OUT_12392,66.29
OUT_12393,201.27
OUT_12394,704.06
OUT_12395,72.37
OUT_12396,712.76
OUT_12397,61.7
OUT_12398,1718.64
OUT_12399,210.7
OUT_12400,1679.18
OUT_12401,747.55
OUT_12402,204.69
OUT_12403,72.13
OUT_12404,45.85
OUT_12405,51.3
OUT_12406,204.87
OUT_12407,61.88
OUT_12408,72.1
OUT_12409,206.8
OUT_12410,204.48
OUT_12411,61.14
OUT_12412,207.67
OUT_12413,211.36
OUT_12414,750.63
OUT_12415,204.89
OUT_12416,209.26
OUT_12417,732.39
OUT_12418,211.03
OUT_12419,63.36
OUT_12420,201.4
OUT_12421,203.52
OUT_12422,64.86
OUT_12423,205.17
OUT_12424,729.98
OUT_12425,1721.62
OUT_12426,67.68
OUT_12427,75.79
OUT_12428,74.87
OUT_12429,203.78
OUT_12430,201.7
OUT_12431,72.88
OUT_12432,71.05
OUT_12433,60.01
OUT_12434,204.21
OUT_12435,205.49
OUT_12436,736.16
OUT_12437,67.02
OUT_12438,60.95
OUT_12439,72.02
OUT_12440,693.62
OUT_12441,68.31
OUT_12442,204.6
OUT_12443,36.49
OUT_12444,746.08
OUT_12445,1731.75
OUT_12446,204.69
OUT_12447,56.06
OUT_12448,205.52
OUT_12449,75.05
OUT_12450,205.03
OUT_12451,72.26
OUT_12452,59.31
OUT_12453,48.24
OUT_12454,73.65
OUT_12455,53.78
OUT_12456,713.36
OUT_12457,72.04
OUT_12458,68.97
OUT_12459,206.04
OUT_12460,725.54
OUT_12461,63.16
OUT_12462,69.15
OUT_12463,717.69
OUT_12464,205.02
OUT_12465,54.48
OUT_12466,51.2
OUT_12467,57.19
OUT_12468,70.23
OUT_12469,724.68
OUT_12470,195.8
OUT_12471,50.97
OUT_12472,43.75
OUT_12473,200.77
OUT_12474,69.39
OUT_12475,56.48
OUT_12476,207.8
OUT_12477,69.07
OUT_12478,72.35
OUT_12479,200.92
OUT_12480,731.57
OUT_12481,55.51
OUT_12482,741.53
OUT_12483,707.18
OUT_12484,1730.76
OUT_12485,707.34
OUT_12486,76.29
OUT_12487,58.25
OUT_12488,737.58
OUT_12489,46.86
OUT_12490,64.78
OUT_12491,64.03
OUT_12492,1720.52
OUT_12493,57.7
OUT_12494,1731.64
OUT_12495,208.66
OUT_12496,201.79
OUT_12497,64.54
OUT_12498,201.78
OUT_12499,67.11
OUT_12500,66.86
OUT_12501,204.42
OUT_12502,725.48
OUT_12503,202.23
OUT_12504,59.69
OUT_12505,67.72
OUT_12506,36.36
OUT_12507,743.2
OUT_12508,202.27
OUT_12509,735.52
OUT_12510,52.16
OUT_12511,49.95
OUT_12512,209.45
OUT_12513,206.59
OUT_12514,1718.81
OUT_12515,198.55
OUT_12516,62.05
OUT_12517,72.81
OUT_12518,735.27
OUT_12519,70.15
OUT_12520,68.71
OUT_12521,67.71
OUT_12522,739.23
OUT_12523,206.92
OUT_12524,62.25
OUT_12525,67.43
OUT_12526,63.49
OUT_12527,71.72
OUT_12528,68.82
OUT_12529,728.77
OUT_12530,741.72
OUT_12531,739.12
OUT_12532,67.93
OUT_12533,54.81
OUT_12534,63.97
OUT_12535,74.83
OUT_12536,735.26
OUT_12537,67.19
OUT_12538,208.34
OUT_12539,74.74
OUT_12540,65.3
OUT_12541,72.63
OUT_12542,201.85
OUT_12543,58.12
OUT_12544,211.92
OUT_12545,70.22
OUT_12546,65.97
OUT_12547,70.7
OUT_12548,67.96
OUT_12549,73.21
OUT_12550,72.1
OUT_12551,72.75
OUT_12552,692.75
OUT_12553,202.79
OUT_12554,63.57
OUT_12555,62.7
OUT_12556,63.25
OUT_12557,72.22
OUT_12558,55.13
OUT_12559,46.5
OUT_12560,69.13
OUT_12561,1722.13
OUT_12562,733.4
OUT_12563,726.89
OUT_12564,211.84
OUT_12565,56.26
OUT_12566,67.94
OUT_12567,67.78
OUT_12568,61.36
OUT_12569,737.71
OUT_12570,210.82
OUT_12571,56.85
OUT_12572,733.31
OUT_12573,75.17
OUT_12574,68.66
OUT_12575,196.77
OUT_12576,71.97
OUT_12577,56.68
OUT_12578,204.81
OUT_12579,209.97
OUT_12580,718.98
OUT_12581,736.02
OUT_12582,744.64
OUT_12583,65.96
OUT_12584,67.25
OUT_12585,72.46
OUT_12586,61.02
OUT_12587,734.95
OUT_12588,1724.22
OUT_12589,57.94
OUT_12590,63.02
OUT_12591,210.07
OUT_12592,1730.75
OUT_12593,205.22
OUT_12594,715.18
OUT_12595,213.0
OUT_12596,740.04
OUT_12597,37.98
OUT_12598,715.34
OUT_12599,73.04
OUT_12600,204.85
OUT_12601,67.38
OUT_12602,63.57
OUT_12603,735.85
OUT_12604,201.44
OUT_12605,195.97
OUT_12606,205.21
OUT_12607,207.18
OUT_12608,73.85
OUT_12609,66.04
OUT_12610,56.51
OUT_12611,213.58
OUT_12612,57.0
OUT_12613,75.23
OUT_12614,73.06
OUT_12615,210.01
OUT_12616,74.3
OUT_12617,46.45
OUT_12618,190.14
OUT_12619,66.93
OUT_12620,62.4
OUT_12621,722.5
OUT_12622,63.13
OUT_12623,737.15
OUT_12624,1719.7
OUT_12625,1723.3
OUT_12626,70.06
OUT_12627,64.19
OUT_12628,211.32
OUT_12629,746.17
OUT_12630,201.61
OUT_12631,67.83
OUT_12632,728.96
OUT_12633,56.3
OUT_12634,64.96
OUT_12635,209.59
OUT_12636,67.87
OUT_12637,70.54
OUT_12638,1731.11
OUT_12639,67.34
OUT_12640,68.07
OUT_12641,702.1
OUT_12642,1725.37
OUT_12643,204.31
OUT_12644,207.06
OUT_12645,72.37
OUT_12646,73.3
OUT_12647,66.21
OUT_12648,65.31
OUT_12649,55.49
OUT_12650,58.85
OUT_12651,51.5
OUT_12652,205.32
OUT_12653,209.81
OUT_12654,733.08
OUT_12655,59.99
OUT_12656,64.75
OUT_12657,57.07
OUT_12658,1730.13
OUT_12659,64.51
OUT_12660,197.08
OUT_12661,48.35
OUT_12662,64.97
OUT_12663,65.2
OUT_12664,204.75
OUT_12665,58.24
OUT_12666,705.97
OUT_12667,51.86
OUT_12668,193.32
OUT_12669,65.38
OUT_12670,210.01
OUT_12671,74.31
OUT_12672,730.84
OUT_12673,68.72
OUT_12674,67.92
OUT_12675,1727.58
OUT_12676,54.78
OUT_12677,199.51
OUT_12678,212.92
OUT_12679,56.41
OUT_12680,65.0
OUT_12681,59.85
OUT_12682,733.05
OUT_12683,1726.34
OUT_12684,75.55
OUT_12685,62.4
OUT_12686,66.74
OUT_12687,70.89
OUT_12688,63.92
OUT_12689,211.82
OUT_12690,210.42
OUT_12691,1722.22
OUT_12692,201.48
OUT_12693,209.7
OUT_12694,62.58
OUT_12695,68.39
OUT_12696,67.34
OUT_12697,730.94
OUT_12698,197.58
OUT_12699,50.81
OUT_12700,67.93
OUT_12701,60.76
OUT_12702,732.16
OUT_12703,64.63
OUT_12704,703.03
OUT_12705,732.49
OUT_12706,209.58
OUT_12707,208.68
OUT_12708,72.62
OUT_12709,202.59
OUT_12710,45.37
OUT_12711,29.72
OUT_12712,201.19
OUT_12713,57.7
OUT_12714,204.03
OUT_12715,72.63
OUT_12716,204.51
OUT_12717,199.72
OUT_12718,70.86
OUT_12719,194.92
OUT_12720,77.26
OUT_12721,63.27
OUT_12722,209.18
OUT_12723,51.69
OUT_12724,59.34
OUT_12725,70.94
OUT_12726,68.4
OUT_12727,55.64
OUT_12728,1731.44
OUT_12729,194.74
OUT_12730,723.77
OUT_12731,210.08
OUT_12732,58.33
OUT_12733,72.43
OUT_12734,707.73
OUT_12735,213.33
OUT_12736,67.39
OUT_12737,65.2
OUT_12738,71.39
OUT_12739,69.57
OUT_12740,736.75
OUT_12741,57.74
OUT_12742,1729.2
OUT_12743,210.25
OUT_12744,209.17
OUT_12745,736.41
OUT_12746,71.04
OUT_12747,65.65
OUT_12748,76.16
OUT_12749,65.51
OUT_12750,219.39
OUT_12751,69.49
OUT_12752,67.52
OUT_12753,211.84
OUT_12754,740.16
OUT_12755,211.59
OUT_12756,69.92
OUT_12757,48.93
OUT_12758,62.6
OUT_12759,62.58
OUT_12760,63.28
OUT_12761,68.47
OUT_12762,75.73
OUT_12763,193.2
OUT_12764,67.78
OUT_12765,49.82
OUT_12766,44.47
OUT_12767,72.17
OUT_12768,56.81
OUT_12769,700.31
OUT_12770,53.51
OUT_12771,63.14
OUT_12772,67.77
OUT_12773,55.63
OUT_12774,74.21
OUT_12775,66.31
OUT_12776,65.66
OUT_12777,205.84
OUT_12778,65.05
OUT_12779,67.34
OUT_12780,66.97
OUT_12781,74.74
OUT_12782,213.6
OUT_12783,723.16
OUT_12784,176.19
OUT_12785,205.65
OUT_12786,71.63
OUT_12787,64.08
OUT_12788,205.28
OUT_12789,211.86
OUT_12790,206.82
OUT_12791,70.48
OUT_12792,195.05
OUT_12793,204.79
OUT_12794,72.32
OUT_12795,50.69
OUT_12796,66.89
OUT_12797,63.11
OUT_12798,54.21
OUT_12799,58.67
OUT_12800,67.54
OUT_12801,210.34
OUT_12802,63.24
OUT_12803,67.19
OUT_12804,697.08
OUT_12805,68.35
OUT_12806,203.16
OUT_12807,739.88
OUT_12808,74.22
OUT_12809,184.08
OUT_12810,211.94
OUT_12811,201.12
OUT_12812,70.25
OUT_12813,205.9
OUT_12814,205.3
OUT_12815,734.36
OUT_12816,215.62
OUT_12817,204.61
OUT_12818,67.6
OUT_12819,73.92
OUT_12820,722.22
OUT_12821,203.31
OUT_12822,37.34
OUT_12823,47.07
OUT_12824,70.26
OUT_12825,72.27
OUT_12826,63.17
OUT_12827,71.82
OUT_12828,70.19
OUT_12829,68.13
OUT_12830,54.86
OUT_12831,47.63
OUT_12832,206.77
OUT_12833,206.95
OUT_12834,1730.05
OUT_12835,66.42
OUT_12836,209.82
OUT_12837,62.92
OUT_12838,59.48
OUT_12839,71.05
OUT_12840,72.85
OUT_12841,45.74
OUT_12842,670.7
OUT_12843,204.54
OUT_12844,205.81
OUT_12845,211.09
OUT_12846,67.06
OUT_12847,67.26
OUT_12848,1728.42
OUT_12849,204.91
OUT_12850,68.92
OUT_12851,203.17
OUT_12852,72.54
OUT_12853,72.35
OUT_12854,67.66
OUT_12855,1729.1
OUT_12856,63.91
OUT_12857,741.6
OUT_12858,69.25
OUT_12859,58.21
OUT_12860,65.6
OUT_12861,211.59
OUT_12862,205.07
OUT_12863,687.65
OUT_12864,72.45
OUT_12865,1701.33
OUT_12866,64.48
OUT_12867,211.58
OUT_12868,63.23
OUT_12869,61.35
OUT_12870,58.35
OUT_12871,72.99
OUT_12872,68.57
OUT_12873,1717.99
OUT_12874,1725.11
OUT_12875,737.09
OUT_12876,203.36
OUT_12877,61.46
OUT_12878,67.83
OUT_12879,204.49
OUT_12880,63.05
OUT_12881,186.13
OUT_12882,1723.37
OUT_12883,211.57
OUT_12884,65.24
OUT_12885,203.53
OUT_12886,193.37
OUT_12887,72.34
OUT_12888,66.9
OUT_12889,204.44
OUT_12890,1688.38
OUT_12891,203.65
OUT_12892,205.7
OUT_12893,56.34
OUT_12894,67.87
OUT_12895,62.01
OUT_12896,199.58
OUT_12897,63.35
OUT_12898,54.17
OUT_12899,72.13
OUT_12900,714.46
OUT_12901,67.55
OUT_12902,57.74
OUT_12903,62.88
OUT_12904,201.57
OUT_12905,736.87
OUT_12906,732.42
OUT_12907,739.11
OUT_12908,74.54
OUT_12909,196.02
OUT_12910,57.4
OUT_12911,702.62
OUT_12912,69.52
OUT_12913,192.31
OUT_12914,73.37
OUT_12915,202.86
OUT_12916,53.67
OUT_12917,70.87
OUT_12918,204.62
OUT_12919,64.15
OUT_12920,56.09
OUT_12921,212.54
OUT_12922,72.38
OUT_12923,740.46
OUT_12924,209.78
OUT_12925,203.22
OUT_12926,746.06
OUT_12927,53.22
OUT_12928,67.37
OUT_12929,54.69
OUT_12930,198.25
OUT_12931,70.75
OUT_12932,1726.03
OUT_12933,216.15
OUT_12934,228.5
OUT_12935,735.4
OUT_12936,61.93
OUT_12937,61.3
OUT_12938,57.25
OUT_12939,1696.58
OUT_12940,64.79
OUT_12941,730.77
OUT_12942,199.58
OUT_12943,73.6
OUT_12944,201.48
OUT_12945,209.32
OUT_12946,209.36
OUT_12947,68.01
OUT_12948,62.28
OUT_12949,733.83
OUT_12950,201.66
OUT_12951,226.68
OUT_12952,44.74
OUT_12953,742.28
OUT_12954,57.34
OUT_12955,65.81
OUT_12956,62.73
OUT_12957,60.99
OUT_12958,201.73
OUT_12959,70.48
OUT_12960,204.54
OUT_12961,743.15
OUT_12962,66.2
OUT_12963,205.08
OUT_12964,51.93
OUT_12965,738.41
OUT_12966,63.56
OUT_12967,67.23
OUT_12968,43.72
OUT_12969,1732.15
OUT_12970,197.73
OUT_12971,698.0
OUT_12972,199.67
OUT_12973,56.8
OUT_12974,1722.65
OUT_12975,67.17
OUT_12976,726.42
OUT_12977,729.71
OUT_12978,1724.12
OUT_12979,205.03
OUT_12980,66.04
OUT_12981,63.97
OUT_12982,209.42
OUT_12983,64.38
OUT_12984,69.71
OUT_12985,739.31
OUT_12986,729.65
OUT_12987,1717.29
OUT_12988,44.46
OUT_12989,56.85
OUT_12990,197.89
OUT_12991,733.34
OUT_12992,205.83
OUT_12993,739.64
OUT_12994,211.28
OUT_12995,69.83
OUT_12996,205.16
OUT_12997,209.11
OUT_12998,65.13
OUT_12999,64.5
OUT_13000,204.49
OUT_13001,64.54
OUT_13002,69.7
OUT_13003,55.83
OUT_13004,195.18
OUT_13005,67.64
OUT_13006,62.66
OUT_13007,47.36
OUT_13008,1670.86
OUT_13009,53.79
OUT_13010,657.69
OUT_13011,60.57
OUT_13012,72.45
OUT_13013,66.94
OUT_13014,48.78
OUT_13015,202.5
OUT_13016,64.52
OUT_13017,652.56
OUT_13018,199.25
OUT_13019,674.0
OUT_13020,199.78
OUT_13021,72.65
OUT_13022,64.42
OUT_13023,1670.7
OUT_13024,63.46
OUT_13025,65.5
OUT_13026,638.35
OUT_13027,187.79
OUT_13028,64.61
OUT_13029,220.35
OUT_13030,65.2
OUT_13031,65.06
OUT_13032,669.04
OUT_13033,50.24
OUT_13034,48.02
OUT_13035,1679.01
OUT_13036,198.33
OUT_13037,67.89
OUT_13038,62.0
OUT_13039,198.89
OUT_13040,64.82
OUT_13041,71.95
OUT_13042,64.95
OUT_13043,64.08
OUT_13044,198.68
OUT_13045,57.36
OUT_13046,63.9
OUT_13047,66.58
OUT_13048,62.73
OUT_13049,65.38
OUT_13050,54.33
OUT_13051,67.38
OUT_13052,656.28
OUT_13053,194.83
OUT_13054,64.91
OUT_13055,1658.56
OUT_13056,195.83
OUT_13057,668.7
OUT_13058,35.06
OUT_13059,64.44
OUT_13060,70.57
OUT_13061,61.66
OUT_13062,57.47
OUT_13063,656.85
OUT_13064,66.43
OUT_13065,65.97
OUT_13066,193.89
OUT_13067,55.55
OUT_13068,61.51
OUT_13069,56.44
OUT_13070,61.43
OUT_13071,37.56
OUT_13072,663.84
OUT_13073,73.62
OUT_13074,63.01
OUT_13075,197.48
OUT_13076,194.27
OUT_13077,61.99
OUT_13078,71.07
OUT_13079,60.53
OUT_13080,67.79
OUT_13081,56.66
OUT_13082,61.29
OUT_13083,51.79
OUT_13084,64.1
OUT_13085,61.31
OUT_13086,56.96
OUT_13087,59.35
OUT_13088,664.76
OUT_13089,61.92
OUT_13090,74.99
OUT_13091,193.77
OUT_13092,200.69
OUT_13093,195.25
OUT_13094,58.79
OUT_13095,199.52
OUT_13096,194.33
OUT_13097,643.5
OUT_13098,67.12
OUT_13099,41.16
OUT_13100,70.06
OUT_13101,196.83
OUT_13102,56.39
OUT_13103,62.43
OUT_13104,197.21
OUT_13105,653.27
OUT_13106,64.46
OUT_13107,55.51
OUT_13108,67.79
OUT_13109,204.64
OUT_13110,68.88
OUT_13111,199.7
OUT_13112,69.5
OUT_13113,1689.58
OUT_13114,62.47
OUT_13115,64.25
OUT_13116,188.02
OUT_13117,46.26
OUT_13118,1578.65
OUT_13119,196.89
OUT_13120,196.91
OUT_13121,67.37
OUT_13122,70.82
OUT_13123,53.26
OUT_13124,58.02
OUT_13125,201.92
OUT_13126,73.35
OUT_13127,61.24
OUT_13128,664.27
OUT_13129,195.28
OUT_13130,195.47
OUT_13131,72.04
OUT_13132,67.8
OUT_13133,57.87
OUT_13134,67.1
OUT_13135,658.55
OUT_13136,68.9
OUT_13137,63.86
OUT_13138,64.88
OUT_13139,70.42
OUT_13140,1669.76
OUT_13141,194.42
OUT_13142,73.25
OUT_13143,73.75
OUT_13144,663.57
OUT_13145,44.57
OUT_13146,60.78
OUT_13147,57.92
OUT_13148,194.58
OUT_13149,654.28
OUT_13150,195.82
OUT_13151,195.63
OUT_13152,195.0
OUT_13153,191.53
OUT_13154,68.09
OUT_13155,61.15
OUT_13156,68.61
OUT_13157,201.43
OUT_13158,655.4
OUT_13159,69.38
OUT_13160,73.65
OUT_13161,65.47
OUT_13162,73.63
OUT_13163,61.35
OUT_13164,60.26
OUT_13165,195.08
OUT_13166,67.26
OUT_13167,204.25
OUT_13168,640.63
OUT_13169,57.32
OUT_13170,196.24
OUT_13171,200.12
OUT_13172,193.43
OUT_13173,673.79
OUT_13174,68.91
OUT_13175,53.99
OUT_13176,62.66
OUT_13177,201.96
OUT_13178,67.83
OUT_13179,61.6
OUT_13180,199.36
OUT_13181,56.58
OUT_13182,72.27
OUT_13183,59.68
OUT_13184,196.81
OUT_13185,195.93
OUT_13186,196.55
OUT_13187,57.83
OUT_13188,198.0
OUT_13189,197.83
OUT_13190,74.23
OUT_13191,56.65
OUT_13192,39.96
OUT_13193,54.42
OUT_13194,208.23
OUT_13195,70.28
OUT_13196,62.99
OUT_13197,68.25
OUT_13198,195.74
OUT_13199,63.94
OUT_13200,56.39
OUT_13201,194.36
OUT_13202,73.56
OUT_13203,202.11
OUT_13204,63.15
OUT_13205,75.37
OUT_13206,656.95
OUT_13207,64.47
OUT_13208,58.19
OUT_13209,74.3
OUT_13210,194.26
OUT_13211,62.98
OUT_13212,57.17
OUT_13213,195.77
OUT_13214,34.59
OUT_13215,54.13
OUT_13216,64.39
OUT_13217,64.42
OUT_13218,64.46
OUT_13219,48.81
OUT_13220,660.2
OUT_13221,64.46
OUT_13222,66.34
OUT_13223,196.71
OUT_13224,73.38
OUT_13225,68.25
OUT_13226,63.01
OUT_13227,199.5
OUT_13228,664.14
OUT_13229,59.97
OUT_13230,1668.12
OUT_13231,659.7
OUT_13232,1669.81
OUT_13233,54.86
OUT_13234,1668.74
OUT_13235,69.76
OUT_13236,67.46
OUT_13237,1669.42
OUT_13238,655.89
OUT_13239,56.59
OUT_13240,1660.2
OUT_13241,194.66
OUT_13242,67.59
OUT_13243,196.4
OUT_13244,62.92
OUT_13245,62.83
OUT_13246,191.47
OUT_13247,63.58
OUT_13248,66.56
OUT_13249,61.88
OUT_13250,54.51
OUT_13251,57.81
OUT_13252,672.15
OUT_13253,47.97
OUT_13254,1668.36
OUT_13255,63.09
OUT_13256,641.35
OUT_13257,59.75
OUT_13258,197.53
OUT_13259,73.99
OUT_13260,70.05
OUT_13261,62.81
OUT_13262,63.71
OUT_13263,58.63
OUT_13264,202.55
OUT_13265,60.81
OUT_13266,1690.1
OUT_13267,73.47
OUT_13268,72.01
OUT_13269,654.28
OUT_13270,652.0
OUT_13271,658.57
OUT_13272,638.5
OUT_13273,64.11
OUT_13274,74.27
OUT_13275,58.08
OUT_13276,57.52
OUT_13277,200.56
OUT_13278,52.86
OUT_13279,187.38
OUT_13280,197.83
OUT_13281,666.0
OUT_13282,56.01
OUT_13283,47.44
OUT_13284,670.3
OUT_13285,692.54
OUT_13286,195.53
OUT_13287,66.02
OUT_13288,672.65
OUT_13289,675.14
OUT_13290,64.88
OUT_13291,64.2
OUT_13292,193.71
OUT_13293,199.08
OUT_13294,192.28
OUT_13295,62.7
OUT_13296,1641.38
OUT_13297,191.7
OUT_13298,190.52
OUT_13299,57.88
OUT_13300,65.55
OUT_13301,72.98
OUT_13302,196.17
OUT_13303,196.3
OUT_13304,66.24
OUT_13305,61.6
OUT_13306,48.48
OUT_13307,60.63
OUT_13308,55.91
OUT_13309,195.75
OUT_13310,69.81
OUT_13311,202.36
OUT_13312,73.74
OUT_13313,57.1
OUT_13314,1695.28
OUT_13315,64.17
OUT_13316,56.39
OUT_13317,69.04
OUT_13318,657.02
OUT_13319,665.88
OUT_13320,682.35
OUT_13321,68.01
OUT_13322,61.33
OUT_13323,64.11
OUT_13324,191.22
OUT_13325,61.93
OUT_13326,72.83
OUT_13327,68.29
OUT_13328,62.78
OUT_13329,56.24
OUT_13330,56.37
OUT_13331,63.18
OUT_13332,67.02
OUT_13333,1665.9
OUT_13334,195.3
OUT_13335,1695.22
OUT_13336,51.92
OUT_13337,58.73
OUT_13338,662.94
OUT_13339,677.19
OUT_13340,58.45
OUT_13341,57.6
OUT_13342,64.76
OUT_13343,649.83
OUT_13344,61.78
OUT_13345,59.95
OUT_13346,54.72
OUT_13347,1666.27
OUT_13348,51.91
OUT_13349,67.63
OUT_13350,659.35
OUT_13351,197.15
OUT_13352,198.95
OUT_13353,199.11
OUT_13354,64.51
OUT_13355,186.92
OUT_13356,47.92
OUT_13357,67.49
OUT_13358,53.07
OUT_13359,72.67
OUT_13360,195.81
OUT_13361,64.8
OUT_13362,50.13
OUT_13363,65.06
OUT_13364,193.35
OUT_13365,63.08
OUT_13366,199.65
OUT_13367,67.7
OUT_13368,196.15
OUT_13369,201.12
OUT_13370,679.21
OUT_13371,63.83
OUT_13372,61.52
OUT_13373,58.47
OUT_13374,64.34
OUT_13375,60.42
OUT_13376,210.7
OUT_13377,203.36
OUT_13378,67.6
OUT_13379,1669.52
OUT_13380,193.14
OUT_13381,63.04
OUT_13382,73.24
OUT_13383,68.19
OUT_13384,192.05
OUT_13385,194.13
OUT_13386,66.08
OUT_13387,184.65
OUT_13388,196.09
OUT_13389,195.88
OUT_13390,657.02
OUT_13391,191.64
OUT_13392,672.28
OUT_13393,65.96
OUT_13394,68.18
OUT_13395,651.9
OUT_13396,64.78
OUT_13397,60.48
OUT_13398,64.98
OUT_13399,63.01
OUT_13400,68.11
OUT_13401,195.06
OUT_13402,201.63
OUT_13403,1669.15
OUT_13404,67.5
OUT_13405,194.5
OUT_13406,55.71
OUT_13407,69.73
OUT_13408,68.12
OUT_13409,191.47
OUT_13410,664.65
OUT_13411,67.63
OUT_13412,1664.74
OUT_13413,199.7
OUT_13414,654.34
OUT_13415,61.22
OUT_13416,195.27
OUT_13417,665.85
OUT_13418,68.05
OUT_13419,43.89
OUT_13420,38.83
OUT_13421,67.74
OUT_13422,61.2
OUT_13423,64.65
OUT_13424,64.65
OUT_13425,66.34
OUT_13426,70.28
OUT_13427,63.64
OUT_13428,64.65
OUT_13429,72.62
OUT_13430,651.11
OUT_13431,63.02
OUT_13432,61.97
OUT_13433,60.86
OUT_13434,69.99
OUT_13435,60.55
OUT_13436,63.17
OUT_13437,63.27
OUT_13438,57.96
OUT_13439,71.84
OUT_13440,667.62
OUT_13441,69.04
OUT_13442,663.0
OUT_13443,195.96
OUT_13444,63.01
OUT_13445,62.93
OUT_13446,662.53
OUT_13447,198.53
OUT_13448,672.25
OUT_13449,61.34
OUT_13450,195.44
OUT_13451,61.59
OUT_13452,66.11
OUT_13453,640.4
OUT_13454,72.23
OUT_13455,208.7
OUT_13456,73.75
OUT_13457,195.29
OUT_13458,663.65
OUT_13459,43.71
OUT_13460,73.65
OUT_13461,70.92
OUT_13462,205.02
OUT_13463,57.7
OUT_13464,196.33
OUT_13465,70.4
OUT_13466,55.92
OUT_13467,72.94
OUT_13468,686.13
OUT_13469,642.77
OUT_13470,196.06
OUT_13471,63.57
OUT_13472,199.66
OUT_13473,66.42
OUT_13474,67.01
OUT_13475,31.77
OUT_13476,185.33
OUT_13477,669.53
OUT_13478,191.72
OUT_13479,53.07
OUT_13480,58.09
OUT_13481,1665.07
OUT_13482,196.77
OUT_13483,51.23
OUT_13484,188.53
OUT_13485,642.8
OUT_13486,60.31
OUT_13487,64.08
OUT_13488,196.11
OUT_13489,199.65
OUT_13490,202.36
OUT_13491,66.32
OUT_13492,55.25
OUT_13493,59.72
OUT_13494,60.47
OUT_13495,67.79
OUT_13496,664.45
OUT_13497,57.21
OUT_13498,197.49
OUT_13499,195.65
OUT_13500,190.91
OUT_13501,206.65
OUT_13502,67.88
OUT_13503,61.26
OUT_13504,656.37
OUT_13505,655.85
OUT_13506,657.29
OUT_13507,186.42
OUT_13508,62.91
OUT_13509,194.27
OUT_13510,72.22
OUT_13511,60.95
OUT_13512,74.92
OUT_13513,72.14
OUT_13514,1669.2
OUT_13515,196.11
OUT_13516,663.37
OUT_13517,195.77
OUT_13518,62.42
OUT_13519,65.86
OUT_13520,661.45
OUT_13521,68.67
OUT_13522,644.26
OUT_13523,51.5
OUT_13524,194.27
OUT_13525,59.88
OUT_13526,665.05
OUT_13527,675.92
OUT_13528,67.41
OUT_13529,56.29
OUT_13530,661.86
OUT_13531,194.56
OUT_13532,61.29
OUT_13533,194.97
OUT_13534,1663.19
OUT_13535,65.86
OUT_13536,675.97
OUT_13537,71.87
OUT_13538,63.15
OUT_13539,199.67
OUT_13540,1666.47
OUT_13541,60.75
OUT_13542,75.37
OUT_13543,200.35
OUT_13544,199.52
OUT_13545,200.01
OUT_13546,194.69
OUT_13547,194.34
OUT_13548,69.26
OUT_13549,195.99
OUT_13550,64.4
OUT_13551,191.25
OUT_13552,67.91
OUT_13553,60.17
OUT_13554,197.04
OUT_13555,71.12
OUT_13556,667.72
OUT_13557,72.34
OUT_13558,57.98
OUT_13559,56.35
OUT_13560,1668.99
OUT_13561,62.08
OUT_13562,670.12
OUT_13563,658.85
OUT_13564,73.43
OUT_13565,67.37
OUT_13566,61.59
OUT_13567,47.32
OUT_13568,196.49
OUT_13569,63.01
OUT_13570,45.16
OUT_13571,46.29
OUT_13572,57.66
OUT_13573,63.16
OUT_13574,679.2
OUT_13575,656.21
OUT_13576,55.27
OUT_13577,64.64
OUT_13578,63.66
OUT_13579,665.11
OUT_13580,186.36
OUT_13581,67.06
OUT_13582,202.8
OUT_13583,44.47
OUT_13584,72.29
OUT_13585,60.97
OUT_13586,72.91
OUT_13587,66.53
OUT_13588,47.03
OUT_13589,58.05
OUT_13590,204.53
OUT_13591,61.43
OUT_13592,200.01
OUT_13593,63.76
OUT_13594,51.31
OUT_13595,668.3
OUT_13596,650.19
OUT_13597,46.47
OUT_13598,62.78
OUT_13599,1632.51
OUT_13600,56.46
OUT_13601,70.47
OUT_13602,194.99
OUT_13603,659.9
OUT_13604,68.11
OUT_13605,205.84
OUT_13606,46.21
OUT_13607,195.73
OUT_13608,197.16
OUT_13609,38.04
OUT_13610,73.16
OUT_13611,651.35
OUT_13612,57.55
OUT_13613,1618.0
OUT_13614,183.6
OUT_13615,42.6
OUT_13616,67.33
OUT_13617,187.54
OUT_13618,1669.94
OUT_13619,195.29
OUT_13620,675.97
OUT_13621,59.9
OUT_13622,193.21
OUT_13623,192.36
OUT_13624,196.34
OUT_13625,197.36
OUT_13626,202.34
OUT_13627,197.53
OUT_13628,57.39
OUT_13629,71.71
OUT_13630,65.13
OUT_13631,194.41
OUT_13632,71.93
OUT_13633,185.26
OUT_13634,647.81
OUT_13635,65.37
OUT_13636,61.68
OUT_13637,55.99
OUT_13638,193.0
OUT_13639,1669.2
OUT_13640,189.39
OUT_13641,199.11
OUT_13642,671.19
OUT_13643,56.13
OUT_13644,667.77
OUT_13645,672.17
OUT_13646,47.52
OUT_13647,1656.8
OUT_13648,1666.65
OUT_13649,659.77
OUT_13650,67.52
OUT_13651,194.72
OUT_13652,57.18
OUT_13653,36.72
OUT_13654,202.16
OUT_13655,64.52
OUT_13656,64.53
OUT_13657,202.95
OUT_13658,50.09
OUT_13659,62.43
OUT_13660,195.06
OUT_13661,34.58
OUT_13662,196.98
OUT_13663,195.76
OUT_13664,652.44
OUT_13665,1687.75
OUT_13666,55.95
OUT_13667,71.67
OUT_13668,197.17
OUT_13669,71.34
OUT_13670,678.39
OUT_13671,183.58
OUT_13672,200.14
OUT_13673,60.82
OUT_13674,56.57
OUT_13675,63.04
OUT_13676,62.8
OUT_13677,644.22
OUT_13678,639.98
OUT_13679,60.63
OUT_13680,74.32
OUT_13681,64.22
OUT_13682,61.24
OUT_13683,194.94
OUT_13684,194.82
OUT_13685,64.7
OUT_13686,65.1
OUT_13687,195.52
OUT_13688,67.37
OUT_13689,64.79
OUT_13690,57.09
OUT_13691,196.44
OUT_13692,50.2
OUT_13693,196.0
OUT_13694,1665.89
OUT_13695,73.03
OUT_13696,196.28
OUT_13697,195.63
OUT_13698,71.76
OUT_13699,205.63
OUT_13700,67.92
OUT_13701,56.87
OUT_13702,199.78
OUT_13703,66.35
OUT_13704,54.44
OUT_13705,60.19
OUT_13706,69.62
OUT_13707,61.17
OUT_13708,61.96
OUT_13709,65.84
OUT_13710,73.84
OUT_13711,72.6
OUT_13712,61.84
OUT_13713,68.88
OUT_13714,69.61
OUT_13715,676.74
OUT_13716,661.43
OUT_13717,202.14
OUT_13718,663.16
OUT_13719,194.81
OUT_13720,63.42
OUT_13721,196.56
OUT_13722,198.72
OUT_13723,196.59
OUT_13724,71.01
OUT_13725,72.68
OUT_13726,194.46
OUT_13727,65.31
OUT_13728,64.95
OUT_13729,66.26
OUT_13730,61.56
OUT_13731,63.16
OUT_13732,200.4
OUT_13733,62.52
OUT_13734,642.74
OUT_13735,56.22
OUT_13736,666.64
OUT_13737,643.45
OUT_13738,70.73
OUT_13739,67.26
OUT_13740,52.42
OUT_13741,64.07
OUT_13742,665.41
OUT_13743,67.74
OUT_13744,64.58
OUT_13745,57.44
OUT_13746,65.79
OUT_13747,195.65
OUT_13748,68.45
OUT_13749,65.19
OUT_13750,203.11
OUT_13751,73.98
OUT_13752,195.93
OUT_13753,1669.74
OUT_13754,67.39
OUT_13755,195.53
OUT_13756,64.3
OUT_13757,665.52
OUT_13758,639.58
OUT_13759,72.38
OUT_13760,194.32
OUT_13761,667.62
OUT_13762,638.62
OUT_13763,664.33
OUT_13764,61.63
OUT_13765,64.87
OUT_13766,57.06
OUT_13767,197.78
OUT_13768,196.99
OUT_13769,48.32
OUT_13770,50.38
OUT_13771,58.01
OUT_13772,71.5
OUT_13773,193.53
OUT_13774,55.57
OUT_13775,51.34
OUT_13776,194.71
OUT_13777,195.46
OUT_13778,63.18
OUT_13779,56.64
OUT_13780,651.03
OUT_13781,63.88
OUT_13782,73.01
OUT_13783,74.92
OUT_13784,72.66
OUT_13785,50.09
OUT_13786,193.17
OUT_13787,73.07
OUT_13788,72.91
OUT_13789,194.76
OUT_13790,211.03
OUT_13791,665.7
OUT_13792,65.6
OUT_13793,189.45
OUT_13794,66.62
OUT_13795,62.88
OUT_13796,195.37
OUT_13797,57.43
OUT_13798,60.15
OUT_13799,66.81
OUT_13800,664.52
OUT_13801,1607.38
OUT_13802,662.92
OUT_13803,53.75
OUT_13804,62.63
OUT_13805,56.98
OUT_13806,198.17
OUT_13807,191.9
OUT_13808,1670.97
OUT_13809,60.94
OUT_13810,45.82
OUT_13811,196.42
OUT_13812,659.88
OUT_13813,1699.16
OUT_13814,72.93
OUT_13815,658.53
OUT_13816,75.65
OUT_13817,187.46
OUT_13818,196.81
OUT_13819,209.89
OUT_13820,67.08
OUT_13821,657.69
OUT_13822,56.59
OUT_13823,193.17
OUT_13824,57.29
OUT_13825,53.22
OUT_13826,194.63
OUT_13827,195.1
OUT_13828,1688.83
OUT_13829,210.88
OUT_13830,60.8
OUT_13831,193.03
OUT_13832,53.32
OUT_13833,197.67
OUT_13834,198.52
OUT_13835,195.8
OUT_13836,62.97
OUT_13837,64.52
OUT_13838,63.82
OUT_13839,195.22
OUT_13840,194.74
OUT_13841,63.59
OUT_13842,52.55
OUT_13843,201.87
OUT_13844,71.2
OUT_13845,57.73
OUT_13846,75.73
OUT_13847,193.6
OUT_13848,68.36
OUT_13849,53.77
OUT_13850,62.93
OUT_13851,683.57
OUT_13852,65.16
OUT_13853,59.38
OUT_13854,56.28
OUT_13855,46.13
OUT_13856,63.38
OUT_13857,663.62
OUT_13858,649.03
OUT_13859,57.44
OUT_13860,60.02
OUT_13861,70.7
OUT_13862,67.17
OUT_13863,64.24
OUT_13864,70.54
OUT_13865,61.39
OUT_13866,70.09
OUT_13867,75.19
OUT_13868,68.2
OUT_13869,49.79
OUT_13870,64.2
OUT_13871,195.66
OUT_13872,67.68
OUT_13873,199.43
OUT_13874,27.72
OUT_13875,666.8
OUT_13876,195.2
OUT_13877,665.61
OUT_13878,195.57
OUT_13879,199.78
OUT_13880,1693.34
OUT_13881,200.16
OUT_13882,56.77
OUT_13883,1674.24
OUT_13884,672.07
OUT_13885,73.18
OUT_13886,66.58
OUT_13887,63.36
OUT_13888,62.88
OUT_13889,64.37
OUT_13890,57.03
OUT_13891,192.67
OUT_13892,56.65
OUT_13893,63.58
OUT_13894,195.14
OUT_13895,48.2
OUT_13896,197.75
OUT_13897,189.18
OUT_13898,62.7
OUT_13899,73.44
OUT_13900,200.67
OUT_13901,64.88
OUT_13902,196.73
OUT_13903,73.41
OUT_13904,664.77
OUT_13905,1663.47
OUT_13906,69.8
OUT_13907,195.3
OUT_13908,1666.69
OUT_13909,64.47
OUT_13910,71.69
OUT_13911,55.9
OUT_13912,652.44
OUT_13913,198.99
OUT_13914,201.9
OUT_13915,200.2
OUT_13916,188.96
OUT_13917,197.04
OUT_13918,201.95
OUT_13919,192.45
OUT_13920,73.46
OUT_13921,1668.28
OUT_13922,67.53
OUT_13923,62.5
OUT_13924,213.32
OUT_13925,669.22
OUT_13926,191.15
OUT_13927,67.64
OUT_13928,57.94
OUT_13929,62.47
OUT_13930,61.62
OUT_13931,205.7
OUT_13932,209.81
OUT_13933,195.44
OUT_13934,64.77
OUT_13935,192.04
OUT_13936,60.79
OUT_13937,657.76
OUT_13938,195.73
OUT_13939,64.85
OUT_13940,208.52
OUT_13941,61.47
OUT_13942,59.91
OUT_13943,672.17
OUT_13944,641.57
OUT_13945,64.48
OUT_13946,194.76
OUT_13947,197.98
OUT_13948,65.88
OUT_13949,65.77
OUT_13950,665.73
OUT_13951,194.38
OUT_13952,70.05
OUT_13953,196.47
OUT_13954,1667.1
OUT_13955,69.53
OUT_13956,670.9
OUT_13957,64.66
OUT_13958,195.1
OUT_13959,192.92
OUT_13960,47.7
OUT_13961,197.97
OUT_13962,64.17
OUT_13963,651.41
OUT_13964,65.39
OUT_13965,195.05
OUT_13966,56.66
OUT_13967,59.94
OUT_13968,55.98
OUT_13969,199.81
OUT_13970,676.17
OUT_13971,68.75
OUT_13972,654.73
OUT_13973,197.74
OUT_13974,72.8
OUT_13975,666.94
OUT_13976,68.02
OUT_13977,659.13
OUT_13978,67.47
OUT_13979,189.03
OUT_13980,207.75
OUT_13981,1668.23
OUT_13982,1674.56
OUT_13983,69.46
OUT_13984,73.65
OUT_13985,62.82
OUT_13986,1679.62
OUT_13987,67.24
OUT_13988,198.98
OUT_13989,55.5
OUT_13990,63.23
OUT_13991,199.45
OUT_13992,645.35
OUT_13993,67.96
OUT_13994,195.38
OUT_13995,74.56
OUT_13996,1688.13
OUT_13997,66.8
OUT_13998,1666.22
OUT_13999,66.41
OUT_14000,65.47
OUT_14001,51.01
OUT_14002,67.26
OUT_14003,68.3
OUT_14004,67.36
OUT_14005,194.18
OUT_14006,62.99
OUT_14007,199.01
OUT_14008,194.67
OUT_14009,196.43
OUT_14010,66.56
OUT_14011,199.05
OUT_14012,44.33
OUT_14013,72.41
OUT_14014,674.91
OUT_14015,659.18
OUT_14016,67.35
OUT_14017,192.94
OUT_14018,43.09
OUT_14019,194.33
OUT_14020,48.68
OUT_14021,195.32
OUT_14022,75.31
OUT_14023,1668.1
OUT_14024,643.37
OUT_14025,653.45
OUT_14026,66.96
OUT_14027,72.24
OUT_14028,73.35
OUT_14029,643.24
OUT_14030,670.54
OUT_14031,197.72
OUT_14032,655.5
OUT_14033,658.83
OUT_14034,1695.73
OUT_14035,64.93
OUT_14036,670.82
OUT_14037,651.13
OUT_14038,62.8
OUT_14039,197.07
OUT_14040,196.03
OUT_14041,58.18
OUT_14042,58.39
OUT_14043,61.43
OUT_14044,46.87
OUT_14045,192.62
OUT_14046,46.7
OUT_14047,197.12
OUT_14048,68.96
OUT_14049,57.37
OUT_14050,1676.83
OUT_14051,207.03
OUT_14052,65.94
OUT_14053,73.18
OUT_14054,69.92
OUT_14055,58.98
OUT_14056,197.14
OUT_14057,662.88
OUT_14058,196.33
OUT_14059,59.07
OUT_14060,194.02
OUT_14061,193.17
OUT_14062,652.54
OUT_14063,1591.44
OUT_14064,64.3
OUT_14065,669.24
OUT_14066,72.27
OUT_14067,67.81
OUT_14068,188.13
OUT_14069,58.26
OUT_14070,197.07
OUT_14071,59.5
OUT_14072,189.97
OUT_14073,64.4
OUT_14074,640.63
OUT_14075,61.72
OUT_14076,639.55
OUT_14077,63.3
OUT_14078,205.86
OUT_14079,65.86
OUT_14080,193.19
OUT_14081,46.87
OUT_14082,673.08
OUT_14083,64.57
OUT_14084,67.72
OUT_14085,208.8
OUT_14086,672.16
OUT_14087,65.59
OUT_14088,197.97
OUT_14089,666.7
OUT_14090,662.02
OUT_14091,64.4
OUT_14092,51.35
OUT_14093,1681.32
OUT_14094,67.67
OUT_14095,195.12
OUT_14096,64.57
OUT_14097,45.09
OUT_14098,195.29
OUT_14099,202.12
OUT_14100,46.97
OUT_14101,62.02
OUT_14102,194.71
OUT_14103,68.09
OUT_14104,64.29
OUT_14105,64.51
OUT_14106,186.78
OUT_14107,67.65
OUT_14108,63.38
OUT_14109,662.41
OUT_14110,200.13
OUT_14111,681.34
OUT_14112,64.16
OUT_14113,67.69
OUT_14114,665.36
OUT_14115,64.73
OUT_14116,66.14
OUT_14117,196.46
OUT_14118,1630.44
OUT_14119,193.76
OUT_14120,44.54
OUT_14121,70.59
OUT_14122,50.97
OUT_14123,55.77
OUT_14124,55.29
OUT_14125,56.76
OUT_14126,195.08
OUT_14127,652.52
OUT_14128,57.76
OUT_14129,64.69
OUT_14130,60.21
OUT_14131,653.23
OUT_14132,202.73
OUT_14133,641.64
OUT_14134,72.14
OUT_14135,187.48
OUT_14136,65.01
OUT_14137,51.16
OUT_14138,62.34
OUT_14139,1669.89
OUT_14140,56.62
OUT_14141,56.78
OUT_14142,195.29
OUT_14143,67.69
OUT_14144,194.53
OUT_14145,173.54
OUT_14146,193.91
OUT_14147,187.09
OUT_14148,67.32
OUT_14149,65.09
OUT_14150,69.41
OUT_14151,54.35
OUT_14152,201.74
OUT_14153,50.91
OUT_14154,193.28
OUT_14155,67.1
OUT_14156,196.52
OUT_14157,72.55
OUT_14158,60.33
OUT_14159,201.03
OUT_14160,50.78
OUT_14161,62.46
OUT_14162,193.04
OUT_14163,62.71
OUT_14164,195.68
OUT_14165,195.06
OUT_14166,194.81
OUT_14167,50.3
OUT_14168,72.0
OUT_14169,194.19
OUT_14170,194.32
OUT_14171,62.58
OUT_14172,195.76
OUT_14173,195.48
OUT_14174,55.42
OUT_14175,676.49
OUT_14176,65.52
OUT_14177,60.46
OUT_14178,66.15
OUT_14179,195.62
OUT_14180,74.43
OUT_14181,51.31
OUT_14182,196.9
OUT_14183,73.46
OUT_14184,67.46
OUT_14185,64.68
OUT_14186,656.3
OUT_14187,67.39
OUT_14188,61.68
OUT_14189,198.26
OUT_14190,68.86
OUT_14191,656.49
OUT_14192,656.16
OUT_14193,72.85
OUT_14194,60.0
OUT_14195,638.55
OUT_14196,60.4
OUT_14197,659.14
OUT_14198,57.69
OUT_14199,68.06
OUT_14200,1666.54
OUT_14201,74.08
OUT_14202,65.04
OUT_14203,195.31
OUT_14204,67.13
OUT_14205,61.25
OUT_14206,58.5
OUT_14207,194.28
OUT_14208,1667.88
OUT_14209,198.9
OUT_14210,195.36
OUT_14211,74.83
OUT_14212,202.44
OUT_14213,64.68
OUT_14214,50.9
OUT_14215,199.71
OUT_14216,74.28
OUT_14217,1632.55
OUT_14218,65.98
OUT_14219,67.79
OUT_14220,57.93
OUT_14221,194.17
OUT_14222,1686.13
OUT_14223,63.8
OUT_14224,68.77
OUT_14225,641.25
OUT_14226,639.0
OUT_14227,72.36
OUT_14228,196.3
OUT_14229,188.95
OUT_14230,68.6
OUT_14231,652.38
OUT_14232,60.88
OUT_14233,203.13
OUT_14234,69.45
OUT_14235,36.79
OUT_14236,207.06
OUT_14237,196.18
OUT_14238,204.83
OUT_14239,66.32
OUT_14240,1667.78
OUT_14241,661.57
OUT_14242,644.62
OUT_14243,204.04
OUT_14244,70.38
OUT_14245,62.75
OUT_14246,57.86
OUT_14247,195.87
OUT_14248,205.27
OUT_14249,195.62
OUT_14250,56.01
OUT_14251,684.54
OUT_14252,196.63
OUT_14253,194.8
OUT_14254,67.75
OUT_14255,61.29
OUT_14256,40.97
OUT_14257,195.46
OUT_14258,196.14
OUT_14259,56.99
OUT_14260,187.45
OUT_14261,56.24
OUT_14262,657.24
OUT_14263,193.0
OUT_14264,68.26
OUT_14265,195.5
OUT_14266,209.1
OUT_14267,190.41
OUT_14268,187.78
OUT_14269,195.59
OUT_14270,70.63
OUT_14271,198.5
OUT_14272,196.31
OUT_14273,195.88
OUT_14274,1667.89
OUT_14275,194.52
OUT_14276,56.52
OUT_14277,192.13
OUT_14278,56.78
OUT_14279,58.94
OUT_14280,651.3
OUT_14281,1664.3
OUT_14282,667.16
OUT_14283,194.17
OUT_14284,68.36
OUT_14285,57.29
OUT_14286,67.56
OUT_14287,201.74
OUT_14288,64.14
OUT_14289,64.95
OUT_14290,196.08
OUT_14291,195.75
OUT_14292,655.31
OUT_14293,62.15
OUT_14294,1670.55
OUT_14295,56.71
OUT_14296,64.69
OUT_14297,640.61
OUT_14298,204.56
OUT_14299,196.68
OUT_14300,653.08
OUT_14301,62.86
OUT_14302,67.45
OUT_14303,201.81
OUT_14304,64.72
OUT_14305,653.97
OUT_14306,64.8
OUT_14307,72.34
OUT_14308,65.0
OUT_14309,64.61
OUT_14310,204.41
OUT_14311,61.33
OUT_14312,62.01
OUT_14313,51.19
OUT_14314,194.96
OUT_14315,69.47
OUT_14316,201.97
OUT_14317,69.84
OUT_14318,653.06
OUT_14319,197.3
OUT_14320,75.14
OUT_14321,59.89
OUT_14322,193.98
OUT_14323,670.17
OUT_14324,64.22
OUT_14325,63.08
OUT_14326,195.17
OUT_14327,67.55
OUT_14328,648.36
OUT_14329,52.61
OUT_14330,51.5
OUT_14331,72.75
OUT_14332,196.35
OUT_14333,70.18
OUT_14334,644.16
OUT_14335,61.93
OUT_14336,666.91
OUT_14337,1673.04
OUT_14338,192.54
OUT_14339,61.47
OUT_14340,191.4
OUT_14341,193.81
OUT_14342,208.53
OUT_14343,196.56
OUT_14344,64.49
OUT_14345,63.2
OUT_14346,652.59
OUT_14347,64.48
OUT_14348,69.68
OUT_14349,202.4
OUT_14350,666.33
OUT_14351,654.08
OUT_14352,662.42
OUT_14353,64.85
OUT_14354,65.48
OUT_14355,652.84
OUT_14356,197.46
OUT_14357,651.12
OUT_14358,72.74
OUT_14359,651.63
OUT_14360,57.8
OUT_14361,653.66
OUT_14362,67.92
OUT_14363,195.34
OUT_14364,662.46
OUT_14365,193.41
OUT_14366,61.87
OUT_14367,1669.74
OUT_14368,200.0
OUT_14369,56.14
OUT_14370,195.58
OUT_14371,66.92
OUT_14372,60.15
OUT_14373,672.62
OUT_14374,660.04
OUT_14375,192.02
OUT_14376,657.65
OUT_14377,62.0
OUT_14378,63.84
OUT_14379,199.66
OUT_14380,197.81
OUT_14381,194.52
OUT_14382,67.96
OUT_14383,196.03
OUT_14384,660.63
OUT_14385,42.87
OUT_14386,186.6
OUT_14387,66.12
OUT_14388,196.06
OUT_14389,195.15
OUT_14390,196.98
OUT_14391,667.8
OUT_14392,67.61
OUT_14393,187.5
OUT_14394,59.72
OUT_14395,73.21
OUT_14396,198.72
OUT_14397,55.74
OUT_14398,188.07
OUT_14399,56.83
OUT_14400,57.22
OUT_14401,57.63
OUT_14402,57.48
OUT_14403,58.97
OUT_14404,52.89
OUT_14405,62.89
OUT_14406,67.89
OUT_14407,30.31
OUT_14408,209.45
OUT_14409,68.76
OUT_14410,43.4
OUT_14411,63.25
OUT_14412,73.02
OUT_14413,63.75
OUT_14414,204.76
OUT_14415,652.4
OUT_14416,64.3
OUT_14417,58.86
OUT_14418,52.15
OUT_14419,61.91
OUT_14420,66.64
OUT_14421,36.74
OUT_14422,56.89
OUT_14423,638.48
OUT_14424,187.74
OUT_14425,62.76
OUT_14426,60.02
OUT_14427,67.81
OUT_14428,52.79
OUT_14429,656.22
OUT_14430,186.08
OUT_14431,63.06
OUT_14432,46.2
OUT_14433,666.62
OUT_14434,50.85
OUT_14435,196.6
OUT_14436,1630.91
OUT_14437,63.85
OUT_14438,673.29
OUT_14439,68.17
OUT_14440,181.74
OUT_14441,684.84
OUT_14442,662.04
OUT_14443,38.9
OUT_14444,191.88
OUT_14445,67.57
OUT_14446,69.09
OUT_14447,73.13
OUT_14448,74.31
OUT_14449,55.72
OUT_14450,660.41
OUT_14451,203.93
OUT_14452,54.55
OUT_14453,1669.51
OUT_14454,192.51
OUT_14455,61.26
OUT_14456,72.34
OUT_14457,204.25
OUT_14458,196.99
OUT_14459,187.93
OUT_14460,57.98
OUT_14461,195.84
OUT_14462,195.41
OUT_14463,201.23
OUT_14464,70.81
OUT_14465,67.13
OUT_14466,64.76
OUT_14467,654.14
OUT_14468,1698.53
OUT_14469,196.17
OUT_14470,194.8
OUT_14471,195.0
OUT_14472,214.34
OUT_14473,67.75
OUT_14474,54.99
OUT_14475,47.61
OUT_14476,657.63
OUT_14477,71.72
OUT_14478,62.85
OUT_14479,195.52
OUT_14480,64.99
OUT_14481,69.99
OUT_14482,653.78
OUT_14483,194.61
OUT_14484,67.77
OUT_14485,654.37
OUT_14486,48.81
OUT_14487,67.94
OUT_14488,196.98
OUT_14489,60.58
OUT_14490,198.86
OUT_14491,73.17
OUT_14492,61.53
OUT_14493,1674.05
OUT_14494,197.35
OUT_14495,195.04
OUT_14496,59.87
OUT_14497,56.91
OUT_14498,46.49
OUT_14499,37.08
OUT_14500,67.28
OUT_14501,55.4
OUT_14502,662.64
OUT_14503,51.48
OUT_14504,65.78
OUT_14505,683.51
OUT_14506,67.45
OUT_14507,74.34
OUT_14508,1668.08
OUT_14509,47.26
OUT_14510,197.43
OUT_14511,62.12
OUT_14512,65.15
OUT_14513,669.88
OUT_14514,1678.58
OUT_14515,193.91
OUT_14516,194.35
OUT_14517,62.81
OUT_14518,201.47
OUT_14519,667.31
OUT_14520,195.24
OUT_14521,299.52
OUT_14522,195.77
OUT_14523,68.46
OUT_14524,656.83
OUT_14525,1670.6
OUT_14526,661.58
OUT_14527,64.28
OUT_14528,62.98
OUT_14529,196.55
OUT_14530,209.32
OUT_14531,203.25
OUT_14532,64.26
OUT_14533,65.17
OUT_14534,55.83
OUT_14535,195.92
OUT_14536,642.0
OUT_14537,201.06
OUT_14538,212.08
OUT_14539,52.23
OUT_14540,194.28
OUT_14541,64.78
OUT_14542,55.06
OUT_14543,73.3
OUT_14544,57.85
OUT_14545,67.76
OUT_14546,75.07
OUT_14547,1675.89
OUT_14548,55.67
OUT_14549,45.83
OUT_14550,46.32
OUT_14551,1533.3
OUT_14552,60.46
OUT_14553,673.31
OUT_14554,62.07
OUT_14555,192.01
OUT_14556,642.79
OUT_14557,197.2
OUT_14558,668.06
OUT_14559,50.35
OUT_14560,64.63
OUT_14561,193.11
OUT_14562,54.47
OUT_14563,64.19
OUT_14564,194.83
OUT_14565,67.07
OUT_14566,659.58
OUT_14567,70.96
OUT_14568,194.32
OUT_14569,69.89
OUT_14570,66.85
OUT_14571,187.09
OUT_14572,196.56
OUT_14573,195.16
OUT_14574,55.48
OUT_14575,74.41
OUT_14576,195.8
OUT_14577,667.8
OUT_14578,64.13
OUT_14579,67.64
OUT_14580,72.45
OUT_14581,56.42
OUT_14582,54.71
OUT_14583,54.98
OUT_14584,663.55
OUT_14585,56.78
OUT_14586,1668.25
OUT_14587,54.92
OUT_14588,661.95
OUT_14589,192.73
OUT_14590,199.26
OUT_14591,65.54
OUT_14592,36.0
OUT_14593,55.83
OUT_14594,198.46
OUT_14595,68.04
OUT_14596,67.59
OUT_14597,55.82
OUT_14598,64.03
OUT_14599,65.28
OUT_14600,665.54
OUT_14601,675.22
OUT_14602,1694.92
OUT_14603,196.99
OUT_14604,65.18
OUT_14605,64.44
OUT_14606,204.58
OUT_14607,199.0
OUT_14608,664.77
OUT_14609,44.03
OUT_14610,61.3
OUT_14611,192.53
OUT_14612,665.24
OUT_14613,187.46
OUT_14614,191.28
OUT_14615,1673.09
OUT_14616,67.26
OUT_14617,62.77
OUT_14618,63.01
OUT_14619,652.22
OUT_14620,70.95
OUT_14621,54.74
OUT_14622,196.09
OUT_14623,186.33
OUT_14624,59.81
OUT_14625,49.76
OUT_14626,196.21
OUT_14627,64.16
OUT_14628,195.29
OUT_14629,193.72
OUT_14630,1653.4
OUT_14631,674.84
OUT_14632,67.28
OUT_14633,73.03
OUT_14634,64.37
OUT_14635,658.7
OUT_14636,197.48
OUT_14637,67.56
OUT_14638,191.94
OUT_14639,195.1
OUT_14640,68.43
OUT_14641,196.43
OUT_14642,37.91
OUT_14643,64.22
OUT_14644,198.8
OUT_14645,664.09
OUT_14646,67.51
OUT_14647,65.07
OUT_14648,55.43
OUT_14649,195.44
OUT_14650,69.92
OUT_14651,197.29
OUT_14652,68.8
OUT_14653,66.24
OUT_14654,61.08
OUT_14655,61.94
OUT_14656,67.62
OUT_14657,65.63
OUT_14658,62.44
OUT_14659,70.15
OUT_14660,67.39
OUT_14661,56.14
OUT_14662,653.08
OUT_14663,1692.44
OUT_14664,663.34
OUT_14665,63.09
OUT_14666,66.79
OUT_14667,54.04
OUT_14668,69.75
OUT_14669,64.54
OUT_14670,194.04
OUT_14671,1678.04
OUT_14672,675.96
OUT_14673,194.7
OUT_14674,196.0
OUT_14675,57.49
OUT_14676,64.93
OUT_14677,59.96
OUT_14678,67.54
OUT_14679,194.08
OUT_14680,194.72
OUT_14681,673.42
OUT_14682,73.44
OUT_14683,668.24
OUT_14684,57.12
OUT_14685,196.05
OUT_14686,194.18
OUT_14687,194.57
OUT_14688,195.55
OUT_14689,62.83
OUT_14690,195.95
OUT_14691,72.18
OUT_14692,32.48
OUT_14693,196.65
OUT_14694,657.39
OUT_14695,61.49
OUT_14696,127.37
OUT_14697,59.19
OUT_14698,652.05
OUT_14699,672.46
OUT_14700,68.81
OUT_14701,67.33
OUT_14702,56.71
OUT_14703,62.85
OUT_14704,58.33
OUT_14705,195.75
OUT_14706,67.78
OUT_14707,52.1
OUT_14708,679.12
OUT_14709,650.98
OUT_14710,193.52
OUT_14711,61.18
OUT_14712,662.76
OUT_14713,56.02
OUT_14714,194.64
OUT_14715,70.15
OUT_14716,57.91
OUT_14717,56.67
OUT_14718,67.49
OUT_14719,218.6
OUT_14720,1665.86
OUT_14721,201.27
OUT_14722,195.52
OUT_14723,199.03
OUT_14724,216.26
OUT_14725,659.87
OUT_14726,195.85
OUT_14727,57.3
OUT_14728,192.01
OUT_14729,55.91
OUT_14730,194.43
OUT_14731,61.48
OUT_14732,64.68
OUT_14733,67.61
OUT_14734,57.95
OUT_14735,197.38
OUT_14736,195.89
OUT_14737,56.17
OUT_14738,191.67
OUT_14739,198.2
OUT_14740,44.84
OUT_14741,658.23
OUT_14742,70.56
OUT_14743,664.15
OUT_14744,57.2
OUT_14745,193.3
OUT_14746,65.25
OUT_14747,66.52
OUT_14748,68.15
OUT_14749,663.6
OUT_14750,195.73
OUT_14751,187.94
OUT_14752,665.99
OUT_14753,185.73
OUT_14754,673.39
OUT_14755,189.17
OUT_14756,195.97
OUT_14757,663.38
OUT_14758,186.81
OUT_14759,198.64
OUT_14760,678.12
OUT_14761,67.8
OUT_14762,212.17
OUT_14763,67.88
OUT_14764,63.71
OUT_14765,190.93
OUT_14766,199.32
OUT_14767,678.61
OUT_14768,197.18
OUT_14769,49.1
OUT_14770,202.35
OUT_14771,1665.84
OUT_14772,70.87
OUT_14773,676.36
OUT_14774,662.38
OUT_14775,65.48
OUT_14776,63.25
OUT_14777,195.8
OUT_14778,644.59
OUT_14779,67.12
OUT_14780,60.03
OUT_14781,67.71
OUT_14782,675.69
OUT_14783,195.46
OUT_14784,64.81
OUT_14785,65.45
OUT_14786,58.8
OUT_14787,665.98
OUT_14788,64.44
OUT_14789,67.3
OUT_14790,67.74
OUT_14791,194.13
OUT_14792,65.16
OUT_14793,58.35
OUT_14794,61.11
OUT_14795,55.97
OUT_14796,55.68
OUT_14797,69.51
OUT_14798,199.63
OUT_14799,641.39
OUT_14800,660.18
OUT_14801,73.78
OUT_14802,196.44
OUT_14803,195.17
OUT_14804,57.0
OUT_14805,63.06
OUT_14806,61.58
OUT_14807,59.14
OUT_14808,66.62
OUT_14809,1666.12
OUT_14810,196.87
OUT_14811,205.72
OUT_14812,64.94
OUT_14813,50.0
OUT_14814,185.5
OUT_14815,60.72
OUT_14816,48.14
OUT_14817,65.1
OUT_14818,671.15
OUT_14819,66.79
OUT_14820,651.47
OUT_14821,62.15
OUT_14822,1702.42
OUT_14823,656.14
OUT_14824,48.7
OUT_14825,197.78
OUT_14826,55.12
OUT_14827,53.94
OUT_14828,68.05
OUT_14829,49.79
OUT_14830,1681.23
OUT_14831,62.23
OUT_14832,56.23
OUT_14833,1686.61
OUT_14834,664.07
OUT_14835,62.74
OUT_14836,195.46
OUT_14837,57.27
OUT_14838,64.0
OUT_14839,182.23
OUT_14840,67.46
OUT_14841,64.77
OUT_14842,198.31
OUT_14843,204.14
OUT_14844,65.54
OUT_14845,67.74
OUT_14846,655.79
OUT_14847,194.52
OUT_14848,67.6
OUT_14849,73.98
OUT_14850,69.3
OUT_14851,63.86
OUT_14852,64.45
OUT_14853,199.86
OUT_14854,72.27
OUT_14855,77.56
OUT_14856,656.77
OUT_14857,202.25
OUT_14858,205.16
OUT_14859,672.86
OUT_14860,61.41
OUT_14861,70.48
OUT_14862,199.25
OUT_14863,190.32
OUT_14864,651.94
OUT_14865,195.88
OUT_14866,60.25
OUT_14867,67.75
OUT_14868,641.95
OUT_14869,667.22
OUT_14870,194.7
OUT_14871,188.36
OUT_14872,1673.06
OUT_14873,59.77
OUT_14874,1680.05
OUT_14875,1683.27
OUT_14876,663.41
OUT_14877,64.06
OUT_14878,191.23
OUT_14879,65.05
OUT_14880,67.56
OUT_14881,651.96
OUT_14882,671.31
OUT_14883,197.06
OUT_14884,668.41
OUT_14885,652.43
OUT_14886,52.2
OUT_14887,194.46
OUT_14888,65.11
OUT_14889,195.68
OUT_14890,65.41
OUT_14891,68.13
OUT_14892,57.79
OUT_14893,69.19
OUT_14894,194.68
OUT_14895,64.76
OUT_14896,67.2
OUT_14897,204.83
OUT_14898,73.36
OUT_14899,50.94
OUT_14900,62.56
OUT_14901,196.34
OUT_14902,191.6
OUT_14903,48.24
OUT_14904,197.44
OUT_14905,195.85
OUT_14906,56.47
OUT_14907,63.02
OUT_14908,200.31
OUT_14909,61.75
OUT_14910,62.54
OUT_14911,663.9
OUT_14912,60.55
OUT_14913,193.03
OUT_14914,655.03
OUT_14915,67.16
OUT_14916,191.09
OUT_14917,54.65
OUT_14918,60.59
OUT_14919,64.41
OUT_14920,61.31
OUT_14921,70.13
OUT_14922,1700.46
OUT_14923,189.46
OUT_14924,201.13
OUT_14925,193.47
OUT_14926,194.91
OUT_14927,200.6
OUT_14928,675.0
OUT_14929,194.59
OUT_14930,660.12
OUT_14931,57.95
OUT_14932,56.63
OUT_14933,72.68
OUT_14934,195.07
OUT_14935,193.98
OUT_14936,200.43
OUT_14937,652.78
OUT_14938,195.29
OUT_14939,68.26
OUT_14940,665.73
OUT_14941,640.1
OUT_14942,66.73
OUT_14943,63.35
OUT_14944,65.81
OUT_14945,51.93
OUT_14946,644.5
OUT_14947,663.03
OUT_14948,67.69
OUT_14949,54.04
OUT_14950,72.46
OUT_14951,62.89
OUT_14952,63.51
OUT_14953,197.42
OUT_14954,197.8
OUT_14955,61.45
OUT_14956,187.21
OUT_14957,64.2
OUT_14958,662.15
OUT_14959,1662.75
OUT_14960,198.84
OUT_14961,64.5
OUT_14962,192.13
OUT_14963,190.53
OUT_14964,72.44
OUT_14965,194.28
OUT_14966,74.65
OUT_14967,194.71
OUT_14968,196.22
OUT_14969,66.9
OUT_14970,64.39
OUT_14971,196.53
OUT_14972,183.99
OUT_14973,50.24
OUT_14974,677.39
OUT_14975,65.2
OUT_14976,189.73
OUT_14977,194.53
OUT_14978,64.78
OUT_14979,72.8
OUT_14980,49.24
OUT_14981,685.2
OUT_14982,195.04
OUT_14983,198.95
OUT_14984,73.19
OUT_14985,69.13
OUT_14986,662.37
OUT_14987,195.1
OUT_14988,192.47
OUT_14989,199.29
OUT_14990,195.35
OUT_14991,663.78
OUT_14992,650.88
OUT_14993,657.29
OUT_14994,645.38
OUT_14995,60.58
OUT_14996,70.55
OUT_14997,65.25
OUT_14998,198.82
OUT_14999,72.54
OUT_15000,61.49
OUT_15001,195.95
OUT_15002,61.62
OUT_15003,74.12
OUT_15004,189.12
OUT_15005,1672.01
OUT_15006,194.86
OUT_15007,1673.56
OUT_15008,192.74
OUT_15009,52.92
OUT_15010,63.25
OUT_15011,58.25
OUT_15012,190.21
OUT_15013,193.49
OUT_15014,71.69
OUT_15015,64.47
OUT_15016,58.72
OUT_15017,55.84
OUT_15018,44.27
OUT_15019,199.16
OUT_15020,651.53
OUT_15021,68.26
OUT_15022,188.67
OUT_15023,64.33
OUT_15024,197.31
OUT_15025,661.34
OUT_15026,60.1
OUT_15027,211.38
OUT_15028,195.5
OUT_15029,62.9
OUT_15030,67.68
OUT_15031,65.87
OUT_15032,64.64
OUT_15033,196.72
OUT_15034,65.2
OUT_15035,204.47
OUT_15036,59.52
OUT_15037,64.36
OUT_15038,195.49
OUT_15039,180.39
OUT_15040,63.72
OUT_15041,665.44
OUT_15042,666.29
OUT_15043,194.75
OUT_15044,67.44
OUT_15045,56.7
OUT_15046,676.15
OUT_15047,1675.69
OUT_15048,62.74
OUT_15049,654.26
OUT_15050,56.95
OUT_15051,662.73
OUT_15052,656.04
OUT_15053,640.85
OUT_15054,194.56
OUT_15055,1679.07
OUT_15056,61.21
OUT_15057,1647.46
OUT_15058,69.68
OUT_15059,62.8
OUT_15060,64.26
OUT_15061,663.99
OUT_15062,194.67
OUT_15063,664.19
OUT_15064,62.08
OUT_15065,663.67
OUT_15066,63.03
OUT_15067,200.87
OUT_15068,67.84
OUT_15069,60.33
OUT_15070,205.18
OUT_15071,64.37
OUT_15072,202.06
OUT_15073,73.74
OUT_15074,65.43
OUT_15075,52.27
OUT_15076,650.93
OUT_15077,51.67
OUT_15078,678.33
OUT_15079,67.44
OUT_15080,63.46
OUT_15081,653.6
OUT_15082,672.66
OUT_15083,663.94
OUT_15084,65.68
OUT_15085,195.55
OUT_15086,49.58
OUT_15087,58.77
OUT_15088,56.9
OUT_15089,1665.9
OUT_15090,63.82
OUT_15091,659.17
OUT_15092,195.07
OUT_15093,669.51
OUT_15094,73.25
OUT_15095,66.48
OUT_15096,194.49
OUT_15097,61.69
OUT_15098,659.34
OUT_15099,64.21
OUT_15100,198.85
OUT_15101,194.74
OUT_15102,64.47
OUT_15103,659.45
OUT_15104,190.34
OUT_15105,69.71
OUT_15106,67.4
OUT_15107,64.36
OUT_15108,653.72
OUT_15109,68.81
OUT_15110,61.34
OUT_15111,194.53
OUT_15112,64.88
OUT_15113,72.73
OUT_15114,642.26
OUT_15115,196.51
OUT_15116,196.07
OUT_15117,70.17
OUT_15118,55.64
OUT_15119,32.75
OUT_15120,61.39
OUT_15121,60.86
OUT_15122,662.35
OUT_15123,64.77
OUT_15124,50.53
OUT_15125,640.89
OUT_15126,55.81
OUT_15127,46.04
OUT_15128,64.34
OUT_15129,191.51
OUT_15130,68.07
OUT_15131,56.65
OUT_15132,665.41
OUT_15133,65.93
OUT_15134,194.78
OUT_15135,666.02
OUT_15136,72.9
OUT_15137,64.5
OUT_15138,66.17
OUT_15139,195.76
OUT_15140,72.93
OUT_15141,54.96
OUT_15142,72.19
OUT_15143,65.01
OUT_15144,69.12
OUT_15145,1658.7
OUT_15146,199.05
OUT_15147,665.74
OUT_15148,191.81
OUT_15149,194.83
OUT_15150,59.32
OUT_15151,68.01
OUT_15152,67.36
OUT_15153,196.14
OUT_15154,651.24
OUT_15155,197.62
OUT_15156,687.76
OUT_15157,71.15
OUT_15158,659.43
OUT_15159,657.41
OUT_15160,1694.02
OUT_15161,194.18
OUT_15162,51.24
OUT_15163,665.13
OUT_15164,73.39
OUT_15165,188.1
OUT_15166,202.16
OUT_15167,192.46
OUT_15168,643.7
OUT_15169,57.55
OUT_15170,202.22
OUT_15171,61.94
OUT_15172,62.75
OUT_15173,192.65
OUT_15174,55.73
OUT_15175,52.02
OUT_15176,194.45
OUT_15177,195.84
OUT_15178,66.41
OUT_15179,1675.72
OUT_15180,55.93
OUT_15181,196.54
OUT_15182,68.22
OUT_15183,663.18
OUT_15184,645.0
OUT_15185,662.22
OUT_15186,72.73
OUT_15187,194.73
OUT_15188,52.24
OUT_15189,194.26
OUT_15190,64.34
OUT_15191,75.11
OUT_15192,64.72
OUT_15193,200.85
OUT_15194,194.96
OUT_15195,61.72
OUT_15196,223.43
OUT_15197,50.27
OUT_15198,663.31
OUT_15199,193.38
OUT_15200,195.6
OUT_15201,74.2
OUT_15202,642.62
OUT_15203,196.31
OUT_15204,198.74
OUT_15205,61.45
OUT_15206,55.36
OUT_15207,72.29
OUT_15208,671.95
OUT_15209,61.04
OUT_15210,48.14
OUT_15211,68.19
OUT_15212,650.41
OUT_15213,66.59
OUT_15214,197.03
OUT_15215,198.03
OUT_15216,197.48
OUT_15217,68.34
OUT_15218,193.33
OUT_15219,193.63
OUT_15220,201.09
OUT_15221,62.11
OUT_15222,660.65
OUT_15223,65.68
OUT_15224,195.72
OUT_15225,74.41
OUT_15226,61.52
OUT_15227,63.14
OUT_15228,653.41
OUT_15229,55.79
OUT_15230,63.16
OUT_15231,193.32
OUT_15232,1665.56
OUT_15233,195.05
OUT_15234,65.27
OUT_15235,1706.91
OUT_15236,640.71
OUT_15237,60.01
OUT_15238,1665.76
OUT_15239,63.7
OUT_15240,198.99
OUT_15241,58.05
OUT_15242,62.36
OUT_15243,182.66
OUT_15244,67.61
OUT_15245,56.73
OUT_15246,661.81
OUT_15247,70.52
OUT_15248,65.89
OUT_15249,658.82
OUT_15250,667.11
OUT_15251,176.71
OUT_15252,1666.19
OUT_15253,195.42
OUT_15254,51.18
OUT_15255,662.47
OUT_15256,653.8
OUT_15257,64.75
OUT_15258,68.15
OUT_15259,661.61
OUT_15260,658.93
OUT_15261,64.77
OUT_15262,66.22
OUT_15263,199.29
OUT_15264,187.99
OUT_15265,57.11
OUT_15266,1660.64
OUT_15267,664.54
OUT_15268,67.79
OUT_15269,73.98
OUT_15270,44.1
OUT_15271,71.63
OUT_15272,674.96
OUT_15273,191.73
OUT_15274,192.95
OUT_15275,44.68
OUT_15276,67.52
OUT_15277,194.74
OUT_15278,53.28
OUT_15279,64.85
OUT_15280,194.37
OUT_15281,62.5
OUT_15282,188.83
OUT_15283,1654.82
OUT_15284,73.55
OUT_15285,1697.3
OUT_15286,63.22
OUT_15287,204.14
OUT_15288,48.14
OUT_15289,195.96
OUT_15290,186.37
OUT_15291,664.69
OUT_15292,61.19
OUT_15293,50.59
OUT_15294,1669.61
OUT_15295,52.14
OUT_15296,64.33
OUT_15297,61.55
OUT_15298,193.37
OUT_15299,657.81
OUT_15300,195.45
OUT_15301,195.96
OUT_15302,68.86
OUT_15303,195.3
OUT_15304,202.03
OUT_15305,69.95
OUT_15306,62.16
OUT_15307,69.25
OUT_15308,196.5
OUT_15309,69.16
OUT_15310,195.9
OUT_15311,194.61
OUT_15312,31.81
OUT_15313,195.13
OUT_15314,56.87
OUT_15315,1676.8
OUT_15316,672.92
OUT_15317,676.97
OUT_15318,199.76
OUT_15319,198.69
OUT_15320,189.85
OUT_15321,52.01
OUT_15322,653.64
OUT_15323,210.38
OUT_15324,197.11
OUT_15325,72.9
OUT_15326,61.79
OUT_15327,653.2
OUT_15328,57.69
OUT_15329,672.07
OUT_15330,72.65
OUT_15331,195.29
OUT_15332,72.45
OUT_15333,640.22
OUT_15334,195.03
OUT_15335,658.33
OUT_15336,60.32
OUT_15337,641.87
OUT_15338,58.14
OUT_15339,43.24
OUT_15340,662.87
OUT_15341,199.04
OUT_15342,1679.57
OUT_15343,195.98
OUT_15344,677.68
OUT_15345,65.54
OUT_15346,194.62
OUT_15347,69.47
OUT_15348,65.05
OUT_15349,207.11
OUT_15350,64.99
OUT_15351,196.11
OUT_15352,198.81
OUT_15353,1666.28
OUT_15354,55.16
OUT_15355,67.53
OUT_15356,1666.1
OUT_15357,70.49
OUT_15358,651.99
OUT_15359,54.36
OUT_15360,67.48
OUT_15361,203.16
OUT_15362,195.76
OUT_15363,195.1
OUT_15364,194.15
OUT_15365,63.82
OUT_15366,58.04
OUT_15367,64.9
OUT_15368,57.71
OUT_15369,196.58
OUT_15370,196.05
OUT_15371,67.4
OUT_15372,1668.22
OUT_15373,179.48
OUT_15374,52.78
OUT_15375,198.1
OUT_15376,642.0
OUT_15377,204.67
OUT_15378,69.42
OUT_15379,192.84
OUT_15380,56.21
OUT_15381,196.35
OUT_15382,194.24
OUT_15383,65.62
OUT_15384,70.27
OUT_15385,67.77
OUT_15386,68.39
OUT_15387,194.95
OUT_15388,70.3
OUT_15389,65.71
OUT_15390,664.84
OUT_15391,194.42
OUT_15392,192.37
OUT_15393,60.91
OUT_15394,61.41
OUT_15395,63.65
OUT_15396,64.05
OUT_15397,674.72
OUT_15398,660.1
OUT_15399,667.22
OUT_15400,663.78
OUT_15401,67.58
OUT_15402,198.74
OUT_15403,66.85
OUT_15404,44.53
OUT_15405,68.34
OUT_15406,64.19
OUT_15407,205.2
OUT_15408,47.08
OUT_15409,194.37
OUT_15410,186.64
OUT_15411,196.08
OUT_15412,637.87
OUT_15413,67.65
OUT_15414,66.86
OUT_15415,1667.08
OUT_15416,198.01
OUT_15417,655.52
OUT_15418,661.79
OUT_15419,194.4
OUT_15420,190.72
OUT_15421,70.07
OUT_15422,57.84
OUT_15423,189.18
OUT_15424,637.94
OUT_15425,195.06
OUT_15426,60.46
OUT_15427,62.94
OUT_15428,1661.68
OUT_15429,190.14
OUT_15430,64.42
OUT_15431,196.62
OUT_15432,63.24
OUT_15433,62.9
OUT_15434,64.74
OUT_15435,658.43
OUT_15436,70.8
OUT_15437,204.74
OUT_15438,194.83
OUT_15439,207.15
OUT_15440,67.9
OUT_15441,70.12
OUT_15442,651.86
OUT_15443,71.5
OUT_15444,198.07
OUT_15445,63.0
OUT_15446,193.57
OUT_15447,201.72
OUT_15448,68.12
OUT_15449,647.51
OUT_15450,191.61
OUT_15451,658.18
OUT_15452,194.7
OUT_15453,71.68
OUT_15454,198.86
OUT_15455,656.69
OUT_15456,67.24
OUT_15457,61.43
OUT_15458,653.75
OUT_15459,71.45
OUT_15460,195.8
OUT_15461,663.86
OUT_15462,658.07
OUT_15463,200.72
OUT_15464,194.73
OUT_15465,72.83
OUT_15466,660.6
OUT_15467,201.67
OUT_15468,1668.01
OUT_15469,178.55
OUT_15470,650.59
OUT_15471,45.82
OUT_15472,659.38
OUT_15473,55.2
OUT_15474,196.41
OUT_15475,66.84
OUT_15476,68.14
OUT_15477,191.58
OUT_15478,70.29
OUT_15479,50.02
OUT_15480,657.04
OUT_15481,658.04
OUT_15482,56.21
OUT_15483,203.89
OUT_15484,193.62
OUT_15485,275.35
OUT_15486,68.12
OUT_15487,661.89
OUT_15488,74.87
OUT_15489,659.39
OUT_15490,64.26
OUT_15491,63.05
OUT_15492,68.32
OUT_15493,671.87
OUT_15494,190.71
OUT_15495,67.49
OUT_15496,1693.63
OUT_15497,657.7
OUT_15498,650.86
OUT_15499,71.78
OUT_15500,51.29
OUT_15501,67.25
OUT_15502,657.03
OUT_15503,42.86
OUT_15504,668.86
OUT_15505,194.1
OUT_15506,671.88
OUT_15507,200.89
OUT_15508,68.45
OUT_15509,677.61
OUT_15510,64.64
OUT_15511,1665.3
OUT_15512,650.8
OUT_15513,1667.97
OUT_15514,1669.78
OUT_15515,61.65
OUT_15516,191.66
OUT_15517,654.92
OUT_15518,181.36
OUT_15519,208.12
OUT_15520,74.31
OUT_15521,664.19
OUT_15522,652.31
OUT_15523,195.43
OUT_15524,196.87
OUT_15525,59.53
OUT_15526,201.69
OUT_15527,201.69
OUT_15528,662.55
OUT_15529,56.87
OUT_15530,63.66
OUT_15531,67.74
OUT_15532,665.47
OUT_15533,52.65
OUT_15534,1666.84
OUT_15535,200.65
OUT_15536,55.87
OUT_15537,194.66
OUT_15538,657.01
OUT_15539,70.67
OUT_15540,72.47
OUT_15541,63.76
OUT_15542,69.57
OUT_15543,672.83
OUT_15544,73.67
OUT_15545,194.46
OUT_15546,63.86
OUT_15547,199.2
OUT_15548,657.96
OUT_15549,195.72
OUT_15550,73.12
OUT_15551,203.03
OUT_15552,1691.24
OUT_15553,64.43
OUT_15554,62.85
OUT_15555,56.0
OUT_15556,65.2
OUT_15557,68.39
OUT_15558,67.77
OUT_15559,54.5
OUT_15560,196.33
OUT_15561,47.75
OUT_15562,1675.26
OUT_15563,58.97
OUT_15564,67.42
OUT_15565,641.66
OUT_15566,67.02
OUT_15567,64.65
OUT_15568,67.39
OUT_15569,67.69
OUT_15570,47.42
OUT_15571,72.79
OUT_15572,66.72
OUT_15573,63.0
OUT_15574,198.96
OUT_15575,71.79
OUT_15576,65.01
OUT_15577,28.85
OUT_15578,652.07
OUT_15579,206.44
OUT_15580,198.35
OUT_15581,195.46
OUT_15582,207.78
OUT_15583,1706.23
OUT_15584,670.13
OUT_15585,63.13
OUT_15586,191.69
OUT_15587,199.5
OUT_15588,72.11
OUT_15589,68.99
OUT_15590,31.98
OUT_15591,57.47
OUT_15592,1668.81
OUT_15593,663.58
OUT_15594,67.59
OUT_15595,194.34
OUT_15596,674.18
OUT_15597,64.68
OUT_15598,1681.75
OUT_15599,61.17
OUT_15600,195.87
OUT_15601,675.33
OUT_15602,67.43
OUT_15603,186.91
OUT_15604,192.34
OUT_15605,64.33
OUT_15606,203.83
OUT_15607,673.72
OUT_15608,195.66
OUT_15609,200.03
OUT_15610,63.29
OUT_15611,61.15
OUT_15612,59.97
OUT_15613,1636.61
OUT_15614,62.66
OUT_15615,198.16
OUT_15616,64.09
OUT_15617,63.78
OUT_15618,65.03
OUT_15619,193.51
OUT_15620,64.49
OUT_15621,195.91
OUT_15622,65.13
OUT_15623,192.6
OUT_15624,663.46
OUT_15625,199.53
OUT_15626,670.1
OUT_15627,1670.04
OUT_15628,1660.63
OUT_15629,666.09
OUT_15630,44.32
OUT_15631,34.21
OUT_15632,67.52
OUT_15633,58.14
OUT_15634,194.4
OUT_15635,66.78
OUT_15636,34.96
OUT_15637,1684.8
OUT_15638,195.68
OUT_15639,73.52
OUT_15640,67.66
OUT_15641,63.03
OUT_15642,63.08
OUT_15643,51.08
OUT_15644,51.43
OUT_15645,57.11
OUT_15646,194.97
OUT_15647,62.79
OUT_15648,198.38
OUT_15649,196.87
OUT_15650,1659.04
OUT_15651,187.54
OUT_15652,73.35
OUT_15653,64.85
OUT_15654,65.74
OUT_15655,65.77
OUT_15656,42.47
OUT_15657,63.84
OUT_15658,64.61
OUT_15659,195.56
OUT_15660,62.83
OUT_15661,63.03
OUT_15662,194.67
OUT_15663,59.35
OUT_15664,680.36
OUT_15665,1669.43
OUT_15666,190.71
OUT_15667,660.66
OUT_15668,193.16
OUT_15669,655.07
OUT_15670,195.0
OUT_15671,68.42
OUT_15672,198.45
OUT_15673,660.44
OUT_15674,678.1
OUT_15675,200.72
OUT_15676,56.57
OUT_15677,196.14
OUT_15678,200.91
OUT_15679,63.99
OUT_15680,658.36
OUT_15681,57.51
OUT_15682,60.72
OUT_15683,63.0
OUT_15684,64.37
OUT_15685,204.23
OUT_15686,69.66
OUT_15687,66.17
OUT_15688,1675.76
OUT_15689,61.98
OUT_15690,202.05
OUT_15691,195.79
OUT_15692,53.56
OUT_15693,667.69
OUT_15694,196.25
OUT_15695,74.23
OUT_15696,196.8
OUT_15697,1668.9
OUT_15698,61.97
OUT_15699,71.85
OUT_15700,195.16
OUT_15701,195.47
OUT_15702,665.23
OUT_15703,71.13
OUT_15704,64.77
OUT_15705,71.37
OUT_15706,195.04
OUT_15707,668.81
OUT_15708,674.49
OUT_15709,55.3
OUT_15710,69.98
OUT_15711,60.2
OUT_15712,196.06
OUT_15713,72.19
OUT_15714,64.23
OUT_15715,70.26
OUT_15716,192.65
OUT_15717,1675.23
OUT_15718,68.01
OUT_15719,653.22
OUT_15720,62.82
OUT_15721,64.85
OUT_15722,204.83
OUT_15723,48.11
OUT_15724,652.61
OUT_15725,67.06
OUT_15726,67.82
OUT_15727,193.41
OUT_15728,1668.35
OUT_15729,663.07
OUT_15730,201.59
OUT_15731,653.53
OUT_15732,52.17
OUT_15733,672.75
OUT_15734,72.71
OUT_15735,64.94
OUT_15736,197.63
OUT_15737,195.53
OUT_15738,197.61
OUT_15739,667.49
OUT_15740,194.04
OUT_15741,67.88
OUT_15742,72.23
OUT_15743,64.29
OUT_15744,63.17
OUT_15745,655.61
OUT_15746,670.84
OUT_15747,43.23
OUT_15748,648.57
OUT_15749,62.01
OUT_15750,676.1
OUT_15751,654.54
OUT_15752,64.58
OUT_15753,68.54
OUT_15754,193.06
OUT_15755,660.04
OUT_15756,649.81
OUT_15757,195.81
OUT_15758,216.4
OUT_15759,35.23
OUT_15760,193.6
OUT_15761,44.2
OUT_15762,199.84
OUT_15763,195.88
OUT_15764,193.74
OUT_15765,56.64
OUT_15766,67.41
OUT_15767,65.57
OUT_15768,56.81
OUT_15769,180.11
OUT_15770,65.96
OUT_15771,60.33
OUT_15772,192.97
OUT_15773,195.72
OUT_15774,195.2
OUT_15775,72.3
OUT_15776,64.8
OUT_15777,196.7
OUT_15778,197.77
OUT_15779,195.46
OUT_15780,665.14
OUT_15781,194.4
OUT_15782,1661.89
OUT_15783,202.12
OUT_15784,55.89
OUT_15785,47.51
OUT_15786,66.39
OUT_15787,656.84
OUT_15788,195.9
OUT_15789,62.42
OUT_15790,1691.3
OUT_15791,57.79
OUT_15792,204.1
OUT_15793,1667.24
OUT_15794,202.01
OUT_15795,201.18
OUT_15796,72.98
OUT_15797,656.91
OUT_15798,194.8
OUT_15799,675.84
OUT_15800,678.24
OUT_15801,670.36
OUT_15802,1685.81
OUT_15803,63.85
OUT_15804,58.08
OUT_15805,67.39
OUT_15806,74.65
OUT_15807,57.44
OUT_15808,190.27
OUT_15809,194.98
OUT_15810,54.79
OUT_15811,61.44
OUT_15812,195.85
OUT_15813,66.06
OUT_15814,658.59
OUT_15815,60.73
OUT_15816,67.84
OUT_15817,60.95
OUT_15818,67.58
OUT_15819,66.55
OUT_15820,64.89
OUT_15821,58.18
OUT_15822,60.95
OUT_15823,43.65
OUT_15824,60.45
OUT_15825,651.95
OUT_15826,194.48
OUT_15827,62.88
OUT_15828,680.16
OUT_15829,198.44
OUT_15830,200.79
OUT_15831,48.76
OUT_15832,205.54
OUT_15833,49.89
OUT_15834,666.52
OUT_15835,45.65
OUT_15836,62.17
OUT_15837,1671.23
OUT_15838,641.73
OUT_15839,664.34
OUT_15840,664.62
OUT_15841,205.51
OUT_15842,59.72
OUT_15843,191.78
OUT_15844,41.26
OUT_15845,667.01
OUT_15846,196.01
OUT_15847,1672.52
OUT_15848,674.08
OUT_15849,658.54
OUT_15850,46.57
OUT_15851,54.65
OUT_15852,678.06
OUT_15853,1686.43
OUT_15854,186.6
OUT_15855,57.49
OUT_15856,67.36
OUT_15857,73.18
OUT_15858,70.32
OUT_15859,194.1
OUT_15860,67.03
OUT_15861,1697.52
OUT_15862,658.49
OUT_15863,67.89
OUT_15864,64.77
OUT_15865,194.95
OUT_15866,186.75
OUT_15867,202.31
OUT_15868,68.21
OUT_15869,199.87
OUT_15870,47.38
OUT_15871,1675.25
OUT_15872,195.71
OUT_15873,57.3
OUT_15874,674.52
OUT_15875,67.75
OUT_15876,69.91
OUT_15877,1668.04
OUT_15878,193.81
OUT_15879,66.0
OUT_15880,187.7
OUT_15881,61.55
OUT_15882,651.25
OUT_15883,59.92
OUT_15884,65.56
OUT_15885,57.2
OUT_15886,669.23
OUT_15887,59.39
OUT_15888,70.39
OUT_15889,72.26
OUT_15890,1639.18
OUT_15891,63.8
OUT_15892,60.45
OUT_15893,59.04
OUT_15894,65.64
OUT_15895,678.34
OUT_15896,63.05
OUT_15897,70.07
OUT_15898,67.86
OUT_15899,652.17
OUT_15900,205.34
OUT_15901,200.69
OUT_15902,64.86
OUT_15903,64.42
OUT_15904,71.79
OUT_15905,194.94
OUT_15906,1668.26
OUT_15907,63.33
OUT_15908,211.41
OUT_15909,195.41
OUT_15910,70.97
OUT_15911,191.19
OUT_15912,657.5
OUT_15913,61.03
OUT_15914,64.68
OUT_15915,56.6
OUT_15916,67.3
OUT_15917,49.44
OUT_15918,60.26
OUT_15919,683.27
OUT_15920,195.44
OUT_15921,665.0
OUT_15922,647.87
OUT_15923,63.03
OUT_15924,204.27
OUT_15925,63.61
OUT_15926,659.85
OUT_15927,56.55
OUT_15928,57.32
OUT_15929,198.07
OUT_15930,656.6
OUT_15931,665.14
OUT_15932,73.2
OUT_15933,57.0
OUT_15934,671.66
OUT_15935,196.58
OUT_15936,52.75
OUT_15937,69.96
OUT_15938,56.89
OUT_15939,61.34
OUT_15940,63.31
OUT_15941,63.22
OUT_15942,665.74
OUT_15943,70.56
OUT_15944,72.32
OUT_15945,203.81
OUT_15946,31.23
OUT_15947,64.97
OUT_15948,46.39
OUT_15949,63.12
OUT_15950,72.26
OUT_15951,1655.07
OUT_15952,675.22
OUT_15953,194.72
OUT_15954,180.1
OUT_15955,669.94
OUT_15956,62.74
OUT_15957,60.18
OUT_15958,639.34
OUT_15959,214.65
OUT_15960,73.43
OUT_15961,197.12
OUT_15962,188.07
OUT_15963,61.32
OUT_15964,58.18
OUT_15965,64.53
OUT_15966,200.38
OUT_15967,65.75
OUT_15968,678.57
OUT_15969,62.4
OUT_15970,59.91
OUT_15971,1660.85
OUT_15972,194.74
OUT_15973,197.29
OUT_15974,194.85
OUT_15975,207.96
OUT_15976,67.64
OUT_15977,64.31
OUT_15978,211.35
OUT_15979,652.26
OUT_15980,73.35
OUT_15981,65.75
OUT_15982,50.37
OUT_15983,31.2
OUT_15984,60.42
OUT_15985,658.15
OUT_15986,204.48
OUT_15987,71.17
OUT_15988,61.5
OUT_15989,674.2
OUT_15990,188.88
OUT_15991,62.45
OUT_15992,56.58
OUT_15993,202.16
OUT_15994,194.52
OUT_15995,65.86
OUT_15996,659.42
OUT_15997,46.59
OUT_15998,199.55
OUT_15999,59.44
OUT_16000,657.72
OUT_16001,199.75
OUT_16002,42.76
OUT_16003,191.18
OUT_16004,649.83
OUT_16005,59.65
OUT_16006,193.31
OUT_16007,70.19
OUT_16008,199.68
OUT_16009,61.57
OUT_16010,67.46
OUT_16011,70.42
OUT_16012,68.04
OUT_16013,55.42
OUT_16014,64.54
OUT_16015,43.97
OUT_16016,658.05
OUT_16017,68.64
OUT_16018,63.16
OUT_16019,200.36
OUT_16020,201.4
OUT_16021,54.16
OUT_16022,66.42
OUT_16023,195.03
OUT_16024,51.19
OUT_16025,192.69
OUT_16026,197.5
OUT_16027,67.28
OUT_16028,65.48
OUT_16029,199.99
OUT_16030,68.0
OUT_16031,195.79
OUT_16032,73.13
OUT_16033,45.67
OUT_16034,662.49
OUT_16035,197.19
OUT_16036,199.46
OUT_16037,69.97
OUT_16038,63.43
OUT_16039,68.19
OUT_16040,67.07
OUT_16041,1661.83
OUT_16042,202.52
OUT_16043,658.75
OUT_16044,52.0
OUT_16045,196.4
OUT_16046,195.23
OUT_16047,64.08
OUT_16048,195.89
OUT_16049,639.23
OUT_16050,72.58
OUT_16051,63.14
OUT_16052,73.71
OUT_16053,63.24
OUT_16054,192.74
OUT_16055,665.9
OUT_16056,65.76
OUT_16057,73.41
OUT_16058,195.03
OUT_16059,68.09
OUT_16060,61.04
OUT_16061,56.17
OUT_16062,201.85
OUT_16063,202.4
OUT_16064,649.93
OUT_16065,72.35
OUT_16066,64.86
OUT_16067,49.95
OUT_16068,61.38
OUT_16069,200.82
OUT_16070,64.61
OUT_16071,1669.4
OUT_16072,64.62
OUT_16073,64.52
OUT_16074,66.08
OUT_16075,1669.12
OUT_16076,64.54
OUT_16077,196.35
OUT_16078,193.13
OUT_16079,190.49
OUT_16080,67.54
OUT_16081,45.88
OUT_16082,195.04
OUT_16083,657.64
OUT_16084,195.7
OUT_16085,1684.44
OUT_16086,653.2
OUT_16087,194.39
OUT_16088,664.75
OUT_16089,56.7
OUT_16090,73.05
OUT_16091,67.49
OUT_16092,64.39
OUT_16093,192.63
OUT_16094,1677.13
OUT_16095,65.18
OUT_16096,57.86
OUT_16097,658.7
OUT_16098,54.75
OUT_16099,196.36
OUT_16100,62.92
OUT_16101,61.92
OUT_16102,186.61
OUT_16103,187.53
OUT_16104,194.55
OUT_16105,195.84
OUT_16106,196.74
OUT_16107,199.52
OUT_16108,1666.53
OUT_16109,57.64
OUT_16110,67.94
OUT_16111,57.04
OUT_16112,195.83
OUT_16113,673.65
OUT_16114,642.79
OUT_16115,71.69
OUT_16116,676.32
OUT_16117,57.45
OUT_16118,67.56
OUT_16119,59.53
OUT_16120,66.6
OUT_16121,67.32
OUT_16122,47.79
OUT_16123,664.4
OUT_16124,194.97
OUT_16125,62.32
OUT_16126,188.21
OUT_16127,60.87
OUT_16128,197.5
OUT_16129,68.37
OUT_16130,191.5
OUT_16131,62.56
OUT_16132,72.47
OUT_16133,72.53
OUT_16134,68.0
OUT_16135,660.47
OUT_16136,669.53
OUT_16137,63.19
OUT_16138,62.98
OUT_16139,62.89
OUT_16140,200.1
OUT_16141,68.04
OUT_16142,653.53
OUT_16143,653.95
OUT_16144,637.94
OUT_16145,44.31
OUT_16146,671.34
OUT_16147,199.23
OUT_16148,47.01
OUT_16149,56.42
OUT_16150,643.09
OUT_16151,67.68
OUT_16152,65.17
OUT_16153,654.17
OUT_16154,195.81
OUT_16155,56.91
OUT_16156,195.98
OUT_16157,50.55
OUT_16158,197.07
OUT_16159,68.25
OUT_16160,62.65
OUT_16161,194.39
OUT_16162,202.55
OUT_16163,67.29
OUT_16164,639.09
OUT_16165,60.08
OUT_16166,61.53
OUT_16167,66.41
OUT_16168,72.94
OUT_16169,1661.74
OUT_16170,660.17
OUT_16171,194.68
OUT_16172,652.11
OUT_16173,201.91
OUT_16174,45.94
OUT_16175,68.06
OUT_16176,662.64
OUT_16177,191.83
OUT_16178,59.06
OUT_16179,207.69
OUT_16180,1671.41
OUT_16181,195.33
OUT_16182,61.44
OUT_16183,1654.45
OUT_16184,653.63
OUT_16185,652.5
OUT_16186,67.9
OUT_16187,71.44
OUT_16188,39.05
OUT_16189,197.07
OUT_16190,659.76
OUT_16191,67.94
OUT_16192,195.84
OUT_16193,199.8
OUT_16194,651.25
OUT_16195,1685.18
OUT_16196,196.54
OUT_16197,64.99
OUT_16198,61.43
OUT_16199,1666.8
OUT_16200,43.54
OUT_16201,667.13
OUT_16202,64.2
OUT_16203,57.45
OUT_16204,193.92
OUT_16205,64.51
OUT_16206,64.62
OUT_16207,190.26
OUT_16208,55.59
OUT_16209,651.23
OUT_16210,65.35
OUT_16211,49.57
OUT_16212,67.09
OUT_16213,63.45
OUT_16214,68.03
OUT_16215,647.3
OUT_16216,653.48
OUT_16217,196.2
OUT_16218,64.4
OUT_16219,668.27
OUT_16220,66.16
OUT_16221,64.62
OUT_16222,55.64
OUT_16223,1604.03
OUT_16224,69.57
OUT_16225,195.08
OUT_16226,34.22
OUT_16227,61.75
OUT_16228,1685.96
OUT_16229,1687.54
OUT_16230,195.66
OUT_16231,66.72
OUT_16232,64.45
OUT_16233,61.69
OUT_16234,194.06
OUT_16235,195.93
OUT_16236,62.24
OUT_16237,199.97
OUT_16238,1650.32
OUT_16239,43.75
OUT_16240,201.17
OUT_16241,55.81
OUT_16242,191.79
OUT_16243,652.13
OUT_16244,666.28
OUT_16245,668.48
OUT_16246,55.28
OUT_16247,57.55
OUT_16248,197.08
OUT_16249,64.45
OUT_16250,60.23
OUT_16251,67.75
OUT_16252,656.64
OUT_16253,55.88
OUT_16254,659.2
OUT_16255,651.16
OUT_16256,197.29
OUT_16257,73.67
OUT_16258,669.67
OUT_16259,62.01
OUT_16260,69.29
OUT_16261,193.98
OUT_16262,56.44
OUT_16263,50.55
OUT_16264,58.39
OUT_16265,61.43
OUT_16266,65.65
OUT_16267,72.78
OUT_16268,54.9
OUT_16269,192.04
OUT_16270,69.7
OUT_16271,677.33
OUT_16272,196.09
OUT_16273,665.03
OUT_16274,73.95
OUT_16275,656.61
OUT_16276,44.03
OUT_16277,57.18
OUT_16278,188.34
OUT_16279,193.01
OUT_16280,50.61
OUT_16281,56.77
OUT_16282,69.43
OUT_16283,204.39
OUT_16284,658.74
OUT_16285,60.69
OUT_16286,67.14
OUT_16287,197.62
OUT_16288,187.61
OUT_16289,69.18
OUT_16290,60.68
OUT_16291,57.67
OUT_16292,195.57
OUT_16293,193.49
OUT_16294,64.67
OUT_16295,67.18
OUT_16296,207.59
OUT_16297,198.0
OUT_16298,62.96
OUT_16299,191.28
OUT_16300,656.12
OUT_16301,65.47
OUT_16302,653.48
OUT_16303,1675.4
OUT_16304,1657.78
OUT_16305,62.38
OUT_16306,61.08
OUT_16307,59.77
OUT_16308,66.05
OUT_16309,226.97
OUT_16310,194.92
OUT_16311,674.75
OUT_16312,68.24
OUT_16313,56.25
OUT_16314,1677.43
OUT_16315,664.42
OUT_16316,65.12
OUT_16317,668.28
OUT_16318,659.34
OUT_16319,64.6
OUT_16320,56.47
OUT_16321,196.89
OUT_16322,673.76
OUT_16323,202.72
OUT_16324,64.53
OUT_16325,44.43
OUT_16326,660.67
OUT_16327,191.92
OUT_16328,656.73
OUT_16329,1669.08
OUT_16330,666.25
OUT_16331,1692.63
OUT_16332,67.52
OUT_16333,65.28
OUT_16334,651.68
OUT_16335,191.65
OUT_16336,1671.1
OUT_16337,68.09
OUT_16338,66.33
OUT_16339,48.09
OUT_16340,62.79
OUT_16341,195.91
OUT_16342,45.32
OUT_16343,660.12
OUT_16344,55.69
OUT_16345,51.47
OUT_16346,43.05
OUT_16347,61.45
OUT_16348,199.56
OUT_16349,661.2
OUT_16350,66.75
OUT_16351,653.1
OUT_16352,69.99
OUT_16353,68.67
OUT_16354,66.86
OUT_16355,69.46
OUT_16356,65.55
OUT_16357,67.84
OUT_16358,45.25
OUT_16359,199.56
OUT_16360,57.36
OUT_16361,64.16
OUT_16362,682.56
OUT_16363,51.49
OUT_16364,673.1
OUT_16365,66.83
OUT_16366,63.0
OUT_16367,196.06
OUT_16368,63.14
OUT_16369,63.51
OUT_16370,194.81
OUT_16371,61.5
OUT_16372,72.66
OUT_16373,57.31
OUT_16374,68.56
OUT_16375,206.21
OUT_16376,68.46
OUT_16377,57.4
OUT_16378,71.06
OUT_16379,56.96
OUT_16380,73.65
OUT_16381,61.61
OUT_16382,654.26
OUT_16383,652.86
OUT_16384,202.71
OUT_16385,63.5
OUT_16386,64.33
OUT_16387,196.5
OUT_16388,1697.7
OUT_16389,640.03
OUT_16390,201.14
OUT_16391,65.86
OUT_16392,54.05
OUT_16393,73.34
OUT_16394,666.2
OUT_16395,54.18
OUT_16396,72.44
OUT_16397,659.04
OUT_16398,202.34
OUT_16399,60.22
OUT_16400,67.45
OUT_16401,64.17
OUT_16402,197.0
OUT_16403,659.4
OUT_16404,191.15
OUT_16405,61.48
OUT_16406,70.33
OUT_16407,193.14
OUT_16408,67.85
OUT_16409,196.04
OUT_16410,54.84
OUT_16411,196.25
OUT_16412,72.82
OUT_16413,652.67
OUT_16414,662.72
OUT_16415,69.72
OUT_16416,61.51
OUT_16417,662.22
OUT_16418,72.91
OUT_16419,203.17
OUT_16420,50.79
OUT_16421,205.17
OUT_16422,69.07
OUT_16423,194.76
OUT_16424,654.11
OUT_16425,193.68
OUT_16426,658.02
OUT_16427,46.57
OUT_16428,61.48
OUT_16429,195.91
OUT_16430,57.43
OUT_16431,65.53
OUT_16432,36.74
OUT_16433,187.58
OUT_16434,67.11
OUT_16435,664.36
OUT_16436,195.35
OUT_16437,1697.94
OUT_16438,73.62
OUT_16439,192.47
OUT_16440,67.75
OUT_16441,1666.19
OUT_16442,55.29
OUT_16443,67.37
OUT_16444,196.38
OUT_16445,65.15
OUT_16446,51.55
OUT_16447,61.42
OUT_16448,201.97
OUT_16449,192.15
OUT_16450,59.97
OUT_16451,665.51
OUT_16452,195.73
OUT_16453,59.95
OUT_16454,207.15
OUT_16455,197.7
OUT_16456,62.87
OUT_16457,193.39
OUT_16458,65.78
OUT_16459,667.01
OUT_16460,1686.8
OUT_16461,208.87
OUT_16462,65.15
OUT_16463,196.65
OUT_16464,60.22
OUT_16465,189.04
OUT_16466,57.19
OUT_16467,671.51
OUT_16468,196.05
OUT_16469,63.13
OUT_16470,653.21
OUT_16471,65.99
OUT_16472,57.17
OUT_16473,30.11
OUT_16474,63.04
OUT_16475,62.81
OUT_16476,61.31
OUT_16477,196.89
OUT_16478,194.72
OUT_16479,200.39
OUT_16480,186.64
OUT_16481,73.88
OUT_16482,61.06
OUT_16483,196.53
OUT_16484,194.95
OUT_16485,60.06
OUT_16486,67.85
OUT_16487,194.47
OUT_16488,1671.51
OUT_16489,192.12
OUT_16490,49.13
OUT_16491,74.02
OUT_16492,1691.13
OUT_16493,62.43
OUT_16494,195.74
OUT_16495,73.89
OUT_16496,195.26
OUT_16497,641.99
OUT_16498,61.52
OUT_16499,199.62
OUT_16500,57.98
OUT_16501,194.63
OUT_16502,663.9
OUT_16503,70.14
OUT_16504,71.6
OUT_16505,65.75
OUT_16506,54.26
OUT_16507,68.33
OUT_16508,61.62
OUT_16509,60.1
OUT_16510,67.39
OUT_16511,652.16
OUT_16512,63.0
OUT_16513,196.38
OUT_16514,199.98
OUT_16515,194.62
OUT_16516,194.92
OUT_16517,188.23
OUT_16518,57.05
OUT_16519,72.84
OUT_16520,1656.12
OUT_16521,205.33
OUT_16522,64.85
OUT_16523,67.22
OUT_16524,207.31
OUT_16525,191.44
OUT_16526,62.65
OUT_16527,61.45
OUT_16528,55.25
OUT_16529,199.56
OUT_16530,661.11
OUT_16531,656.63
OUT_16532,66.2
OUT_16533,192.69
OUT_16534,74.0
OUT_16535,60.95
OUT_16536,657.57
OUT_16537,192.81
OUT_16538,1677.09
OUT_16539,195.86
OUT_16540,649.09
OUT_16541,73.49
OUT_16542,195.29
OUT_16543,197.07
OUT_16544,191.07
OUT_16545,56.95
OUT_16546,64.83
OUT_16547,56.43
OUT_16548,1696.88
OUT_16549,54.08
OUT_16550,72.59
OUT_16551,194.81
OUT_16552,73.28
OUT_16553,186.38
OUT_16554,60.5
OUT_16555,64.33
OUT_16556,65.8
OUT_16557,58.01
OUT_16558,195.36
OUT_16559,203.17
OUT_16560,64.96
OUT_16561,64.41
OUT_16562,65.55
OUT_16563,68.37
OUT_16564,60.09
OUT_16565,58.57
OUT_16566,54.18
OUT_16567,68.84
OUT_16568,63.75
OUT_16569,195.64
OUT_16570,1666.6
OUT_16571,69.2
OUT_16572,72.3
OUT_16573,1617.41
OUT_16574,32.37
OUT_16575,65.8
OUT_16576,660.76
OUT_16577,55.46
OUT_16578,195.24
OUT_16579,194.5
OUT_16580,61.58
OUT_16581,65.8
OUT_16582,62.05
OUT_16583,673.31
OUT_16584,56.91
OUT_16585,71.47
OUT_16586,641.57
OUT_16587,72.09
OUT_16588,195.53
OUT_16589,64.84
OUT_16590,673.7
OUT_16591,64.84
OUT_16592,195.15
OUT_16593,663.52
OUT_16594,68.79
OUT_16595,63.56
OUT_16596,1671.74
OUT_16597,1669.24
OUT_16598,664.61
OUT_16599,65.83
OUT_16600,43.04
OUT_16601,196.03
OUT_16602,643.75
OUT_16603,57.56
OUT_16604,63.76
OUT_16605,1690.4
OUT_16606,68.54
OUT_16607,196.44
OUT_16608,67.99
OUT_16609,195.69
OUT_16610,47.0
OUT_16611,69.69
OUT_16612,186.12
OUT_16613,46.64
OUT_16614,64.82
OUT_16615,54.49
OUT_16616,195.83
OUT_16617,196.96
OUT_16618,69.46
OUT_16619,195.3
OUT_16620,199.98
OUT_16621,63.0
OUT_16622,189.23
OUT_16623,660.22
OUT_16624,55.66
OUT_16625,69.76
OUT_16626,56.24
OUT_16627,67.96
OUT_16628,57.34
OUT_16629,51.53
OUT_16630,47.45
OUT_16631,190.86
OUT_16632,195.62
OUT_16633,660.83
OUT_16634,54.38
OUT_16635,74.68
OUT_16636,62.88
OUT_16637,63.91
OUT_16638,64.43
OUT_16639,1670.39
OUT_16640,188.08
OUT_16641,651.13
OUT_16642,191.53
OUT_16643,186.28
OUT_16644,206.47
OUT_16645,196.0
OUT_16646,197.65
OUT_16647,180.66
OUT_16648,56.14
OUT_16649,657.6
OUT_16650,73.21
OUT_16651,67.38
OUT_16652,219.0
OUT_16653,47.35
OUT_16654,673.13
OUT_16655,65.17
OUT_16656,667.21
OUT_16657,652.15
OUT_16658,61.61
OUT_16659,666.7
OUT_16660,65.71
OUT_16661,64.74
OUT_16662,199.68
OUT_16663,63.02
OUT_16664,65.72
OUT_16665,195.23
OUT_16666,44.4
OUT_16667,62.89
OUT_16668,64.74
OUT_16669,70.06
OUT_16670,639.77
OUT_16671,49.2
OUT_16672,65.99
OUT_16673,196.3
OUT_16674,63.86
OUT_16675,638.29
OUT_16676,665.21
OUT_16677,61.54
OUT_16678,35.38
OUT_16679,69.89
OUT_16680,196.93
OUT_16681,69.85
OUT_16682,67.92
OUT_16683,74.44
OUT_16684,64.18
OUT_16685,200.32
OUT_16686,57.15
OUT_16687,652.5
OUT_16688,1616.56
OUT_16689,60.33
OUT_16690,658.8
OUT_16691,66.68
OUT_16692,192.13
OUT_16693,64.2
OUT_16694,194.01
OUT_16695,74.34
OUT_16696,51.73
OUT_16697,60.07
OUT_16698,209.03
OUT_16699,67.55
OUT_16700,52.64
OUT_16701,61.3
OUT_16702,199.13
OUT_16703,666.46
OUT_16704,73.27
OUT_16705,199.97
OUT_16706,65.93
OUT_16707,669.98
OUT_16708,61.49
OUT_16709,73.53
OUT_16710,66.23
OUT_16711,669.81
OUT_16712,666.03
OUT_16713,69.94
OUT_16714,64.81
OUT_16715,55.4
OUT_16716,213.27
OUT_16717,204.16
OUT_16718,67.93
OUT_16719,200.48
OUT_16720,38.63
OUT_16721,195.11
OUT_16722,64.77
OUT_16723,69.99
OUT_16724,641.88
OUT_16725,196.27
OUT_16726,196.21
OUT_16727,65.78
OUT_16728,679.59
OUT_16729,52.24
OUT_16730,68.16
OUT_16731,196.31
OUT_16732,200.43
OUT_16733,65.06
OUT_16734,62.87
OUT_16735,60.89
OUT_16736,54.19
OUT_16737,188.37
OUT_16738,664.89
OUT_16739,203.35
OUT_16740,207.21
OUT_16741,653.36
OUT_16742,682.07
OUT_16743,67.61
OUT_16744,61.53
OUT_16745,194.89
OUT_16746,199.83
OUT_16747,187.08
OUT_16748,62.78
OUT_16749,653.88
OUT_16750,55.56
OUT_16751,65.04
OUT_16752,55.32
OUT_16753,666.48
OUT_16754,62.4
OUT_16755,62.68
OUT_16756,61.74
OUT_16757,209.65
OUT_16758,58.47
OUT_16759,64.54
OUT_16760,192.72
OUT_16761,55.54
OUT_16762,191.3
OUT_16763,43.27
OUT_16764,62.96
OUT_16765,58.29
OUT_16766,196.68
OUT_16767,53.86
OUT_16768,188.01
OUT_16769,638.5
OUT_16770,196.14
OUT_16771,43.41
OUT_16772,60.77
OUT_16773,51.75
OUT_16774,51.35
OUT_16775,680.19
OUT_16776,190.57
OUT_16777,177.85
OUT_16778,197.65
OUT_16779,59.32
OUT_16780,69.34
OUT_16781,49.39
OUT_16782,53.41
OUT_16783,202.31
OUT_16784,191.79
OUT_16785,643.01
OUT_16786,674.26
OUT_16787,662.49
OUT_16788,45.65
OUT_16789,61.49
OUT_16790,195.32
OUT_16791,658.84
OUT_16792,70.82
OUT_16793,195.4
OUT_16794,199.7
OUT_16795,56.27
OUT_16796,195.5
OUT_16797,62.17
OUT_16798,64.47
OUT_16799,62.97
OUT_16800,50.26
OUT_16801,56.66
OUT_16802,61.6
OUT_16803,61.85
OUT_16804,668.51
OUT_16805,63.19
OUT_16806,666.43
OUT_16807,196.75
OUT_16808,639.78
OUT_16809,1667.77
OUT_16810,187.9
OUT_16811,57.41
OUT_16812,661.3
OUT_16813,641.55
OUT_16814,63.13
OUT_16815,651.7
OUT_16816,73.23
OUT_16817,197.0
OUT_16818,199.08
OUT_16819,68.51
OUT_16820,668.74
OUT_16821,204.86
OUT_16822,66.3
OUT_16823,67.59
OUT_16824,206.33
OUT_16825,55.04
OUT_16826,73.66
OUT_16827,1665.71
OUT_16828,191.17
OUT_16829,65.97
OUT_16830,656.69
OUT_16831,72.02
OUT_16832,641.76
OUT_16833,188.09
OUT_16834,193.35
OUT_16835,62.65
OUT_16836,52.69
OUT_16837,61.35
OUT_16838,657.86
OUT_16839,202.16
OUT_16840,668.94
OUT_16841,638.95
OUT_16842,61.36
OUT_16843,69.77
OUT_16844,195.18
OUT_16845,64.58
OUT_16846,67.52
OUT_16847,61.23
OUT_16848,1674.13
OUT_16849,67.56
OUT_16850,55.01
OUT_16851,656.32
OUT_16852,196.29
OUT_16853,67.15
OUT_16854,64.65
OUT_16855,203.61
OUT_16856,195.24
OUT_16857,200.37
OUT_16858,648.24
OUT_16859,64.28
OUT_16860,196.82
OUT_16861,190.04
OUT_16862,69.17
OUT_16863,664.58
OUT_16864,1668.94
OUT_16865,73.71
OUT_16866,195.72
OUT_16867,58.06
OUT_16868,675.45
OUT_16869,61.55
OUT_16870,195.18
OUT_16871,72.85
OUT_16872,677.12
OUT_16873,200.02
OUT_16874,194.91
OUT_16875,196.29
OUT_16876,639.43
OUT_16877,68.0
OUT_16878,67.23
OUT_16879,60.36
OUT_16880,663.76
OUT_16881,61.4
OUT_16882,194.75
OUT_16883,61.25
OUT_16884,642.68
OUT_16885,55.2
OUT_16886,63.11
OUT_16887,51.9
OUT_16888,205.42
OUT_16889,195.51
OUT_16890,59.87
OUT_16891,667.11
OUT_16892,38.38
OUT_16893,204.47
OUT_16894,196.63
OUT_16895,73.96
OUT_16896,66.95
OUT_16897,69.96
OUT_16898,62.04
OUT_16899,667.01
OUT_16900,668.13
OUT_16901,71.61
OUT_16902,196.63
OUT_16903,74.23
OUT_16904,61.87
OUT_16905,185.61
OUT_16906,63.24
OUT_16907,64.54
OUT_16908,654.08
OUT_16909,651.01
OUT_16910,67.4
OUT_16911,73.82
OUT_16912,69.53
OUT_16913,195.58
OUT_16914,70.64
OUT_16915,74.84
OUT_16916,56.93
OUT_16917,70.2
OUT_16918,55.62
OUT_16919,57.52
OUT_16920,195.97
OUT_16921,192.02
OUT_16922,59.93
OUT_16923,197.14
OUT_16924,654.96
OUT_16925,661.08
OUT_16926,64.08
OUT_16927,202.02
OUT_16928,193.16
OUT_16929,71.99
OUT_16930,196.38
OUT_16931,64.47
OUT_16932,197.48
OUT_16933,52.02
OUT_16934,195.83
OUT_16935,1696.02
OUT_16936,201.45
OUT_16937,664.63
OUT_16938,66.62
OUT_16939,64.9
OUT_16940,47.1
OUT_16941,64.0
OUT_16942,199.81
OUT_16943,45.38
OUT_16944,187.46
OUT_16945,67.24
OUT_16946,1660.66
OUT_16947,64.7
OUT_16948,57.78
OUT_16949,51.75
OUT_16950,72.74
OUT_16951,60.57
OUT_16952,67.48
OUT_16953,56.02
OUT_16954,67.45
OUT_16955,46.62
OUT_16956,49.06
OUT_16957,58.28
OUT_16958,673.09
OUT_16959,1669.26
OUT_16960,67.98
OUT_16961,195.52
OUT_16962,61.82
OUT_16963,64.36
OUT_16964,56.18
OUT_16965,195.11
OUT_16966,67.37
OUT_16967,202.45
OUT_16968,194.82
OUT_16969,194.37
OUT_16970,194.98
OUT_16971,658.72
OUT_16972,63.19
OUT_16973,63.02
OUT_16974,196.02
OUT_16975,195.43
OUT_16976,69.62
OUT_16977,657.45
OUT_16978,69.34
OUT_16979,58.12
OUT_16980,61.34
OUT_16981,58.12
OUT_16982,65.91
OUT_16983,198.51
OUT_16984,51.05
OUT_16985,192.99
OUT_16986,1669.57
OUT_16987,196.82
OUT_16988,197.72
OUT_16989,195.14
OUT_16990,1659.87
OUT_16991,200.81
OUT_16992,54.24
OUT_16993,57.38
OUT_16994,195.59
OUT_16995,54.71
OUT_16996,195.39
OUT_16997,195.62
OUT_16998,54.95
OUT_16999,196.11
OUT_17000,62.83
OUT_17001,82.8
OUT_17002,258.79
OUT_17003,55.19
OUT_17004,253.47
OUT_17005,253.98
OUT_17006,263.17
OUT_17007,254.48
OUT_17008,920.07
OUT_17009,2097.72
OUT_17010,2102.72
OUT_17011,62.0
OUT_17012,52.3
OUT_17013,67.25
OUT_17014,2068.53
OUT_17015,254.93
OUT_17016,65.34
OUT_17017,72.86
OUT_17018,75.24
OUT_17019,261.52
OUT_17020,46.42
OUT_17021,938.92
OUT_17022,45.76
OUT_17023,85.73
OUT_17024,79.46
OUT_17025,919.11
OUT_17026,64.1
OUT_17027,81.33
OUT_17028,954.29
OUT_17029,75.71
OUT_17030,75.26
OUT_17031,76.05
OUT_17032,73.14
OUT_17033,74.73
OUT_17034,254.02
OUT_17035,76.41
OUT_17036,72.03
OUT_17037,259.08
OUT_17038,85.93
OUT_17039,258.92
OUT_17040,65.52
OUT_17041,207.49
OUT_17042,74.29
OUT_17043,44.92
OUT_17044,931.01
OUT_17045,80.2
OUT_17046,71.4
OUT_17047,941.89
OUT_17048,77.77
OUT_17049,2102.2
OUT_17050,254.34
OUT_17051,65.93
OUT_17052,76.38
OUT_17053,256.17
OUT_17054,256.9
OUT_17055,87.57
OUT_17056,248.6
OUT_17057,256.13
OUT_17058,948.86
OUT_17059,255.71
OUT_17060,63.25
OUT_17061,241.57
OUT_17062,82.36
OUT_17063,72.87
OUT_17064,253.67
OUT_17065,82.09
OUT_17066,894.49
OUT_17067,2107.9
OUT_17068,257.41
OUT_17069,249.6
OUT_17070,241.74
OUT_17071,2096.96
OUT_17072,80.43
OUT_17073,257.72
OUT_17074,255.84
OUT_17075,58.2
OUT_17076,85.13
OUT_17077,66.8
OUT_17078,920.3
OUT_17079,82.28
OUT_17080,256.9
OUT_17081,74.6
OUT_17082,2088.78
OUT_17083,79.18
OUT_17084,72.68
OUT_17085,937.21
OUT_17086,75.28
OUT_17087,948.75
OUT_17088,977.22
OUT_17089,62.32
OUT_17090,64.83
OUT_17091,48.83
OUT_17092,938.48
OUT_17093,77.1
OUT_17094,85.25
OUT_17095,257.21
OUT_17096,86.78
OUT_17097,80.57
OUT_17098,249.37
OUT_17099,255.03
OUT_17100,254.07
OUT_17101,816.84
OUT_17102,256.28
OUT_17103,57.77
OUT_17104,246.66
OUT_17105,73.64
OUT_17106,65.41
OUT_17107,229.1
OUT_17108,70.87
OUT_17109,75.38
OUT_17110,909.59
OUT_17111,253.72
OUT_17112,75.48
OUT_17113,62.71
OUT_17114,86.38
OUT_17115,67.95
OUT_17116,64.67
OUT_17117,72.51
OUT_17118,74.53
OUT_17119,255.78
OUT_17120,88.95
OUT_17121,923.49
OUT_17122,244.25
OUT_17123,914.42
OUT_17124,802.18
OUT_17125,261.34
OUT_17126,62.92
OUT_17127,87.92
OUT_17128,90.17
OUT_17129,915.15
OUT_17130,75.62
OUT_17131,2077.14
OUT_17132,83.77
OUT_17133,65.65
OUT_17134,69.76
OUT_17135,244.28
OUT_17136,247.31
OUT_17137,258.08
OUT_17138,81.42
OUT_17139,72.47
OUT_17140,255.74
OUT_17141,242.01
OUT_17142,225.55
OUT_17143,260.7
OUT_17144,242.49
OUT_17145,36.45
OUT_17146,66.26
OUT_17147,63.16
OUT_17148,268.64
OUT_17149,267.97
OUT_17150,74.47
OUT_17151,80.23
OUT_17152,260.49
OUT_17153,2071.44
OUT_17154,89.3
OUT_17155,87.63
OUT_17156,76.75
OUT_17157,255.53
OUT_17158,241.55
OUT_17159,240.5
OUT_17160,933.65
OUT_17161,264.05
OUT_17162,943.19
OUT_17163,69.17
OUT_17164,84.01
OUT_17165,76.72
OUT_17166,74.93
OUT_17167,895.35
OUT_17168,62.23
OUT_17169,61.6
OUT_17170,53.98
OUT_17171,89.16
OUT_17172,948.13
OUT_17173,254.54
OUT_17174,31.83
OUT_17175,1983.26
OUT_17176,75.99
OUT_17177,243.3
OUT_17178,956.75
OUT_17179,228.56
OUT_17180,71.8
OUT_17181,76.97
OUT_17182,85.09
OUT_17183,913.67
OUT_17184,59.06
OUT_17185,90.44
OUT_17186,243.17
OUT_17187,2112.36
OUT_17188,74.45
OUT_17189,259.54
OUT_17190,87.0
OUT_17191,72.11
OUT_17192,889.77
OUT_17193,253.22
OUT_17194,256.91
OUT_17195,74.67
OUT_17196,67.58
OUT_17197,81.39
OUT_17198,274.53
OUT_17199,88.14
OUT_17200,254.7
OUT_17201,252.89
OUT_17202,245.32
OUT_17203,84.45
OUT_17204,255.07
OUT_17205,63.18
OUT_17206,262.57
OUT_17207,920.65
OUT_17208,934.91
OUT_17209,75.75
OUT_17210,64.85
OUT_17211,76.62
OUT_17212,87.44
OUT_17213,75.28
OUT_17214,254.33
OUT_17215,269.18
OUT_17216,2111.31
OUT_17217,77.85
OUT_17218,88.89
OUT_17219,134.61
OUT_17220,65.32
OUT_17221,76.06
OUT_17222,256.27
OUT_17223,73.31
OUT_17224,255.75
OUT_17225,215.13
OUT_17226,57.12
OUT_17227,86.8
OUT_17228,72.35
OUT_17229,75.12
OUT_17230,65.66
OUT_17231,902.71
OUT_17232,905.3
OUT_17233,242.93
OUT_17234,257.61
OUT_17235,73.07
OUT_17236,83.07
OUT_17237,69.79
OUT_17238,70.85
OUT_17239,259.93
OUT_17240,241.83
OUT_17241,249.97
OUT_17242,256.44
OUT_17243,76.18
OUT_17244,82.44
OUT_17245,253.0
OUT_17246,258.84
OUT_17247,256.94
OUT_17248,256.91
OUT_17249,70.05
OUT_17250,256.31
OUT_17251,61.94
OUT_17252,51.28
OUT_17253,256.17
OUT_17254,71.58
OUT_17255,73.55
OUT_17256,74.01
OUT_17257,255.47
OUT_17258,80.11
OUT_17259,246.81
OUT_17260,240.59
OUT_17261,70.31
OUT_17262,73.99
OUT_17263,904.84
OUT_17264,79.85
OUT_17265,85.79
OUT_17266,74.44
OUT_17267,83.75
OUT_17268,78.92
OUT_17269,255.17
OUT_17270,942.37
OUT_17271,68.65
OUT_17272,262.75
OUT_17273,261.18
OUT_17274,75.77
OUT_17275,258.39
OUT_17276,261.02
OUT_17277,256.18
OUT_17278,74.02
OUT_17279,73.34
OUT_17280,2086.83
OUT_17281,66.88
OUT_17282,246.12
OUT_17283,86.27
OUT_17284,91.71
OUT_17285,259.79
OUT_17286,90.14
OUT_17287,74.51
OUT_17288,87.26
OUT_17289,251.88
OUT_17290,50.76
OUT_17291,75.19
OUT_17292,71.77
OUT_17293,253.82
OUT_17294,88.56
OUT_17295,76.95
OUT_17296,59.69
OUT_17297,62.85
OUT_17298,76.87
OUT_17299,76.02
OUT_17300,64.41
OUT_17301,946.85
OUT_17302,261.26
OUT_17303,258.19
OUT_17304,883.47
OUT_17305,255.63
OUT_17306,84.49
OUT_17307,259.95
OUT_17308,252.65
OUT_17309,58.66
OUT_17310,83.27
OUT_17311,75.3
OUT_17312,930.9
OUT_17313,69.65
OUT_17314,922.69
OUT_17315,916.16
OUT_17316,71.81
OUT_17317,241.74
OUT_17318,930.57
OUT_17319,55.97
OUT_17320,243.06
OUT_17321,909.4
OUT_17322,259.21
OUT_17323,258.79
OUT_17324,923.94
OUT_17325,256.79
OUT_17326,2115.32
OUT_17327,79.23
OUT_17328,251.9
OUT_17329,930.27
OUT_17330,77.85
OUT_17331,56.79
OUT_17332,76.18
OUT_17333,68.75
OUT_17334,928.76
OUT_17335,78.14
OUT_17336,76.06
OUT_17337,78.25
OUT_17338,256.22
OUT_17339,254.52
OUT_17340,77.62
OUT_17341,74.24
OUT_17342,255.47
OUT_17343,253.84
OUT_17344,74.51
OUT_17345,919.99
OUT_17346,84.18
OUT_17347,73.85
OUT_17348,898.21
OUT_17349,81.68
OUT_17350,941.17
OUT_17351,87.38
OUT_17352,81.81
OUT_17353,67.04
OUT_17354,920.0
OUT_17355,64.18
OUT_17356,76.0
OUT_17357,78.96
OUT_17358,70.87
OUT_17359,68.2
OUT_17360,67.4
OUT_17361,86.39
OUT_17362,244.86
OUT_17363,67.25
OUT_17364,255.47
OUT_17365,75.61
OUT_17366,907.67
OUT_17367,74.56
OUT_17368,83.88
OUT_17369,65.9
OUT_17370,70.83
OUT_17371,2115.86
OUT_17372,907.21
OUT_17373,254.36
OUT_17374,911.01
OUT_17375,88.65
OUT_17376,46.0
OUT_17377,60.74
OUT_17378,903.79
OUT_17379,69.26
OUT_17380,78.56
OUT_17381,81.75
OUT_17382,74.7
OUT_17383,84.47
OUT_17384,49.23
OUT_17385,256.33
OUT_17386,253.98
OUT_17387,75.58
OUT_17388,79.3
OUT_17389,2101.4
OUT_17390,73.02
OUT_17391,76.07
OUT_17392,890.87
OUT_17393,71.17
OUT_17394,247.31
OUT_17395,62.83
OUT_17396,260.09
OUT_17397,250.48
OUT_17398,47.78
OUT_17399,82.42
OUT_17400,247.64
OUT_17401,77.5
OUT_17402,259.15
OUT_17403,249.16
OUT_17404,264.01
OUT_17405,919.01
OUT_17406,76.52
OUT_17407,88.87
OUT_17408,933.79
OUT_17409,64.73
OUT_17410,84.39
OUT_17411,47.83
OUT_17412,74.3
OUT_17413,258.27
OUT_17414,255.69
OUT_17415,256.42
OUT_17416,904.75
OUT_17417,65.8
OUT_17418,258.14
OUT_17419,254.67
OUT_17420,254.02
OUT_17421,76.19
OUT_17422,935.53
OUT_17423,937.32
OUT_17424,2088.66
OUT_17425,2086.45
OUT_17426,87.07
OUT_17427,87.95
OUT_17428,72.81
OUT_17429,74.67
OUT_17430,905.7
OUT_17431,84.96
OUT_17432,242.6
OUT_17433,917.77
OUT_17434,85.75
OUT_17435,939.9
OUT_17436,911.04
OUT_17437,2112.26
OUT_17438,73.7
OUT_17439,65.59
OUT_17440,909.03
OUT_17441,86.04
OUT_17442,60.17
OUT_17443,252.68
OUT_17444,53.91
OUT_17445,71.31
OUT_17446,253.94
OUT_17447,866.16
OUT_17448,68.88
OUT_17449,88.12
OUT_17450,242.46
OUT_17451,251.67
OUT_17452,85.13
OUT_17453,256.18
OUT_17454,79.74
OUT_17455,51.28
OUT_17456,72.71
OUT_17457,934.82
OUT_17458,70.96
OUT_17459,956.33
OUT_17460,254.53
OUT_17461,65.18
OUT_17462,75.1
OUT_17463,241.34
OUT_17464,255.49
OUT_17465,83.7
OUT_17466,64.35
OUT_17467,88.61
OUT_17468,260.0
OUT_17469,74.13
OUT_17470,82.42
OUT_17471,255.77
OUT_17472,73.18
OUT_17473,240.47
OUT_17474,947.08
OUT_17475,70.68
OUT_17476,259.61
OUT_17477,921.93
OUT_17478,941.2
OUT_17479,83.32
OUT_17480,73.03
OUT_17481,72.64
OUT_17482,85.29
OUT_17483,242.43
OUT_17484,254.03
OUT_17485,87.42
OUT_17486,71.27
OUT_17487,73.92
OUT_17488,65.09
OUT_17489,87.57
OUT_17490,88.04
OUT_17491,256.01
OUT_17492,934.66
OUT_17493,73.24
OUT_17494,937.29
OUT_17495,939.12
OUT_17496,75.04
OUT_17497,71.49
OUT_17498,81.14
OUT_17499,63.15
OUT_17500,253.23
OUT_17501,257.93
OUT_17502,257.75
OUT_17503,72.37
OUT_17504,73.69
OUT_17505,89.77
OUT_17506,915.59
OUT_17507,75.94
OUT_17508,934.28
OUT_17509,56.75
OUT_17510,87.52
OUT_17511,61.61
OUT_17512,73.77
OUT_17513,67.9
OUT_17514,66.91
OUT_17515,72.09
OUT_17516,261.73
OUT_17517,79.28
OUT_17518,70.13
OUT_17519,257.06
OUT_17520,248.06
OUT_17521,260.44
OUT_17522,922.27
OUT_17523,81.84
OUT_17524,939.86
OUT_17525,82.93
OUT_17526,258.25
OUT_17527,251.91
OUT_17528,256.28
OUT_17529,69.6
OUT_17530,917.91
OUT_17531,62.08
OUT_17532,916.07
OUT_17533,75.71
OUT_17534,73.2
OUT_17535,256.69
OUT_17536,52.81
OUT_17537,74.77
OUT_17538,246.74
OUT_17539,53.39
OUT_17540,945.81
OUT_17541,65.55
OUT_17542,251.0
OUT_17543,58.04
OUT_17544,81.44
OUT_17545,84.61
OUT_17546,76.06
OUT_17547,77.2
OUT_17548,61.71
OUT_17549,2095.08
OUT_17550,246.45
OUT_17551,63.63
OUT_17552,85.99
OUT_17553,88.82
OUT_17554,260.45
OUT_17555,56.13
OUT_17556,201.08
OUT_17557,73.86
OUT_17558,87.78
OUT_17559,256.18
OUT_17560,63.29
OUT_17561,70.96
OUT_17562,52.9
OUT_17563,87.36
OUT_17564,61.7
OUT_17565,105.12
OUT_17566,260.06
OUT_17567,260.83
OUT_17568,249.81
OUT_17569,65.27
OUT_17570,64.61
OUT_17571,44.68
OUT_17572,247.75
OUT_17573,86.32
OUT_17574,924.4
OUT_17575,65.22
OUT_17576,68.99
OUT_17577,256.91
OUT_17578,68.26
OUT_17579,257.2
OUT_17580,62.64
OUT_17581,940.79
OUT_17582,78.59
OUT_17583,245.66
OUT_17584,940.4
OUT_17585,941.11
OUT_17586,78.98
OUT_17587,260.47
OUT_17588,74.44
OUT_17589,260.48
OUT_17590,82.88
OUT_17591,76.56
OUT_17592,80.36
OUT_17593,56.25
OUT_17594,82.28
OUT_17595,90.27
OUT_17596,945.5
OUT_17597,86.92
OUT_17598,2098.14
OUT_17599,44.36
OUT_17600,81.32
OUT_17601,903.39
OUT_17602,899.52
OUT_17603,261.77
OUT_17604,946.22
OUT_17605,253.06
OUT_17606,2083.74
OUT_17607,933.63
OUT_17608,77.83
OUT_17609,69.58
OUT_17610,205.44
OUT_17611,91.78
OUT_17612,74.1
OUT_17613,255.16
OUT_17614,255.7
OUT_17615,259.01
OUT_17616,76.76
OUT_17617,81.44
OUT_17618,2100.78
OUT_17619,253.38
OUT_17620,73.78
OUT_17621,939.7
OUT_17622,927.97
OUT_17623,89.64
OUT_17624,249.6
OUT_17625,258.63
OUT_17626,83.18
OUT_17627,94.27
OUT_17628,81.48
OUT_17629,915.74
OUT_17630,255.82
OUT_17631,71.6
OUT_17632,247.64
OUT_17633,90.33
OUT_17634,75.84
OUT_17635,83.21
OUT_17636,902.47
OUT_17637,78.57
OUT_17638,79.83
OUT_17639,73.17
OUT_17640,242.8
OUT_17641,49.01
OUT_17642,77.05
OUT_17643,54.94
OUT_17644,74.42
OUT_17645,249.13
OUT_17646,940.99
OUT_17647,84.7
OUT_17648,68.85
OUT_17649,81.2
OUT_17650,71.73
OUT_17651,902.7
OUT_17652,2096.83
OUT_17653,313.88
OUT_17654,243.55
OUT_17655,57.84
OUT_17656,933.99
OUT_17657,51.79
OUT_17658,54.63
OUT_17659,255.91
OUT_17660,945.62
OUT_17661,937.95
OUT_17662,952.99
OUT_17663,52.31
OUT_17664,897.04
OUT_17665,70.17
OUT_17666,53.92
OUT_17667,910.52
OUT_17668,935.49
OUT_17669,74.78
OUT_17670,74.48
OUT_17671,256.79
OUT_17672,75.8
OUT_17673,911.98
OUT_17674,75.6
OUT_17675,254.82
OUT_17676,255.74
OUT_17677,906.33
OUT_17678,85.98
OUT_17679,243.94
OUT_17680,63.1
OUT_17681,77.52
OUT_17682,77.99
OUT_17683,254.36
OUT_17684,75.83
OUT_17685,260.61
OUT_17686,83.35
OUT_17687,2102.14
OUT_17688,252.34
OUT_17689,86.48
OUT_17690,55.49
OUT_17691,76.21
OUT_17692,74.62
OUT_17693,74.03
OUT_17694,946.87
OUT_17695,56.46
OUT_17696,257.98
OUT_17697,242.37
OUT_17698,2072.16
OUT_17699,256.22
OUT_17700,63.3
OUT_17701,76.41
OUT_17702,83.38
OUT_17703,250.05
OUT_17704,74.55
OUT_17705,61.8
OUT_17706,79.11
OUT_17707,945.29
OUT_17708,84.73
OUT_17709,259.53
OUT_17710,52.31
OUT_17711,80.27
OUT_17712,83.99
OUT_17713,76.08
OUT_17714,70.83
OUT_17715,76.78
OUT_17716,73.03
OUT_17717,953.69
OUT_17718,932.3
OUT_17719,82.43
OUT_17720,256.28
OUT_17721,253.33
OUT_17722,80.46
OUT_17723,76.35
OUT_17724,76.5
OUT_17725,73.63
OUT_17726,2085.17
OUT_17727,250.52
OUT_17728,65.16
OUT_17729,245.62
OUT_17730,84.64
OUT_17731,65.1
OUT_17732,255.52
OUT_17733,84.75
OUT_17734,89.33
OUT_17735,259.21
OUT_17736,940.42
OUT_17737,903.66
OUT_17738,935.98
OUT_17739,948.04
OUT_17740,240.53
OUT_17741,249.56
OUT_17742,257.82
OUT_17743,72.26
OUT_17744,252.76
OUT_17745,78.52
OUT_17746,64.93
OUT_17747,74.4
OUT_17748,82.13
OUT_17749,87.98
OUT_17750,74.93
OUT_17751,74.86
OUT_17752,946.58
OUT_17753,262.49
OUT_17754,2111.0
OUT_17755,255.63
OUT_17756,241.11
OUT_17757,77.11
OUT_17758,88.13
OUT_17759,78.09
OUT_17760,72.34
OUT_17761,911.09
OUT_17762,240.93
OUT_17763,260.88
OUT_17764,252.07
OUT_17765,73.03
OUT_17766,73.78
OUT_17767,71.32
OUT_17768,79.05
OUT_17769,2096.12
OUT_17770,910.8
OUT_17771,249.92
OUT_17772,88.42
OUT_17773,77.46
OUT_17774,74.56
OUT_17775,259.56
OUT_17776,895.01
OUT_17777,253.03
OUT_17778,907.55
OUT_17779,80.71
OUT_17780,240.13
OUT_17781,86.01
OUT_17782,251.69
OUT_17783,937.42
OUT_17784,80.02
OUT_17785,89.1
OUT_17786,256.59
OUT_17787,84.8
OUT_17788,85.65
OUT_17789,88.29
OUT_17790,69.75
OUT_17791,901.5
OUT_17792,243.78
OUT_17793,68.02
OUT_17794,82.73
OUT_17795,53.78
OUT_17796,72.66
OUT_17797,67.04
OUT_17798,71.9
OUT_17799,45.83
OUT_17800,947.13
OUT_17801,242.48
OUT_17802,259.33
OUT_17803,78.43
OUT_17804,75.07
OUT_17805,2102.01
OUT_17806,88.53
OUT_17807,72.04
OUT_17808,258.09
OUT_17809,277.03
OUT_17810,79.66
OUT_17811,247.32
OUT_17812,54.19
OUT_17813,74.33
OUT_17814,74.17
OUT_17815,902.14
OUT_17816,84.96
OUT_17817,56.42
OUT_17818,941.06
OUT_17819,63.87
OUT_17820,932.88
OUT_17821,79.1
OUT_17822,72.67
OUT_17823,70.71
OUT_17824,254.78
OUT_17825,61.25
OUT_17826,261.12
OUT_17827,961.6
OUT_17828,84.31
OUT_17829,88.92
OUT_17830,927.48
OUT_17831,910.59
OUT_17832,69.99
OUT_17833,43.71
OUT_17834,259.77
OUT_17835,243.3
OUT_17836,2114.35
OUT_17837,86.96
OUT_17838,906.49
OUT_17839,922.11
OUT_17840,68.19
OUT_17841,74.99
OUT_17842,85.24
OUT_17843,2106.17
OUT_17844,257.94
OUT_17845,916.93
OUT_17846,256.74
OUT_17847,261.4
OUT_17848,85.1
OUT_17849,255.42
OUT_17850,81.93
OUT_17851,260.48
OUT_17852,252.77
OUT_17853,248.2
OUT_17854,2108.04
OUT_17855,900.58
OUT_17856,922.21
OUT_17857,85.28
OUT_17858,256.21
OUT_17859,247.14
OUT_17860,67.21
OUT_17861,67.62
OUT_17862,89.16
OUT_17863,86.87
OUT_17864,81.39
OUT_17865,75.3
OUT_17866,87.01
OUT_17867,254.87
OUT_17868,70.14
OUT_17869,255.47
OUT_17870,63.89
OUT_17871,258.61
OUT_17872,90.95
OUT_17873,86.51
OUT_17874,54.27
OUT_17875,259.96
OUT_17876,257.51
OUT_17877,66.11
OUT_17878,259.59
OUT_17879,90.18
OUT_17880,2084.89
OUT_17881,83.6
OUT_17882,254.99
OUT_17883,257.4
OUT_17884,921.06
OUT_17885,51.06
OUT_17886,261.31
OUT_17887,74.24
OUT_17888,81.2
OUT_17889,249.22
OUT_17890,77.59
OUT_17891,914.61
OUT_17892,85.6
OUT_17893,91.06
OUT_17894,53.2
OUT_17895,77.72
OUT_17896,69.43
OUT_17897,82.71
OUT_17898,81.27
OUT_17899,255.94
OUT_17900,87.35
OUT_17901,44.02
OUT_17902,926.22
OUT_17903,67.12
OUT_17904,72.86
OUT_17905,75.4
OUT_17906,914.59
OUT_17907,255.86
OUT_17908,83.02
OUT_17909,65.43
OUT_17910,2090.65
OUT_17911,62.62
OUT_17912,253.33
OUT_17913,72.16
OUT_17914,88.14
OUT_17915,63.22
OUT_17916,76.11
OUT_17917,48.23
OUT_17918,946.28
OUT_17919,54.32
OUT_17920,71.57
OUT_17921,86.45
OUT_17922,65.68
OUT_17923,2105.18
OUT_17924,87.39
OUT_17925,64.13
OUT_17926,256.49
OUT_17927,255.84
OUT_17928,73.89
OUT_17929,53.44
OUT_17930,81.37
OUT_17931,78.88
OUT_17932,88.65
OUT_17933,916.83
OUT_17934,242.39
OUT_17935,246.51
OUT_17936,910.2
OUT_17937,256.76
OUT_17938,72.03
OUT_17939,71.19
OUT_17940,74.06
OUT_17941,79.38
OUT_17942,86.7
OUT_17943,82.3
OUT_17944,932.67
OUT_17945,75.92
OUT_17946,73.0
OUT_17947,923.26
OUT_17948,88.85
OUT_17949,77.18
OUT_17950,56.18
OUT_17951,81.4
OUT_17952,84.19
OUT_17953,55.06
OUT_17954,70.61
OUT_17955,916.35
OUT_17956,256.21
OUT_17957,245.88
OUT_17958,66.75
OUT_17959,65.68
OUT_17960,71.79
OUT_17961,64.19
OUT_17962,46.69
OUT_17963,261.02
OUT_17964,256.06
OUT_17965,68.09
OUT_17966,75.08
OUT_17967,904.25
OUT_17968,65.41
OUT_17969,81.57
OUT_17970,64.94
OUT_17971,74.88
OUT_17972,253.79
OUT_17973,918.15
OUT_17974,75.66
OUT_17975,912.62
OUT_17976,74.5
OUT_17977,73.17
OUT_17978,78.47
OUT_17979,926.27
OUT_17980,79.08
OUT_17981,80.09
OUT_17982,42.5
OUT_17983,2117.89
OUT_17984,74.28
OUT_17985,75.17
OUT_17986,939.26
OUT_17987,938.28
OUT_17988,894.16
OUT_17989,2084.62
OUT_17990,86.32
OUT_17991,250.58
OUT_17992,72.33
OUT_17993,82.46
OUT_17994,255.52
OUT_17995,941.13
OUT_17996,84.26
OUT_17997,82.67
OUT_17998,74.28
OUT_17999,85.06
OUT_18000,86.71
OUT_18001,67.59
OUT_18002,89.12
OUT_18003,66.98
OUT_18004,260.2
OUT_18005,66.59
OUT_18006,903.31
OUT_18007,88.58
OUT_18008,92.08
OUT_18009,81.97
OUT_18010,91.97
OUT_18011,921.74
OUT_18012,909.96
OUT_18013,77.2
OUT_18014,81.54
OUT_18015,253.64
OUT_18016,85.11
OUT_18017,948.62
OUT_18018,904.51
OUT_18019,72.75
OUT_18020,243.61
OUT_18021,83.53
OUT_18022,2101.35
OUT_18023,2102.12
OUT_18024,70.35
OUT_18025,261.72
OUT_18026,248.83
OUT_18027,255.75
OUT_18028,250.62
OUT_18029,2101.57
OUT_18030,73.18
OUT_18031,252.18
OUT_18032,75.88
OUT_18033,242.5
OUT_18034,245.03
OUT_18035,929.66
OUT_18036,948.24
OUT_18037,48.8
OUT_18038,76.83
OUT_18039,57.73
OUT_18040,258.55
OUT_18041,86.23
OUT_18042,69.36
OUT_18043,88.34
OUT_18044,260.56
OUT_18045,246.9
OUT_18046,255.04
OUT_18047,68.01
OUT_18048,76.5
OUT_18049,88.19
OUT_18050,938.05
OUT_18051,250.05
OUT_18052,72.08
OUT_18053,254.71
OUT_18054,64.1
OUT_18055,2103.88
OUT_18056,75.74
OUT_18057,87.03
OUT_18058,256.28
OUT_18059,71.07
OUT_18060,885.53
OUT_18061,246.53
OUT_18062,247.38
OUT_18063,73.58
OUT_18064,72.89
OUT_18065,78.48
OUT_18066,63.75
OUT_18067,265.35
OUT_18068,260.02
OUT_18069,74.46
OUT_18070,85.8
OUT_18071,2105.84
OUT_18072,948.86
OUT_18073,256.02
OUT_18074,73.72
OUT_18075,260.58
OUT_18076,67.77
OUT_18077,75.47
OUT_18078,252.35
OUT_18079,86.64
OUT_18080,85.47
OUT_18081,84.38
OUT_18082,75.48
OUT_18083,84.13
OUT_18084,86.79
OUT_18085,257.92
OUT_18086,918.01
OUT_18087,256.8
OUT_18088,72.15
OUT_18089,55.47
OUT_18090,252.61
OUT_18091,248.16
OUT_18092,250.05
OUT_18093,301.86
OUT_18094,257.66
OUT_18095,255.23
OUT_18096,87.09
OUT_18097,41.21
OUT_18098,55.55
OUT_18099,949.05
OUT_18100,256.98
OUT_18101,73.18
OUT_18102,257.37
OUT_18103,92.48
OUT_18104,261.55
OUT_18105,64.48
OUT_18106,257.45
OUT_18107,76.77
OUT_18108,251.35
OUT_18109,75.91
OUT_18110,916.2
OUT_18111,76.42
OUT_18112,72.47
OUT_18113,61.43
OUT_18114,77.57
OUT_18115,87.2
OUT_18116,51.02
OUT_18117,259.55
OUT_18118,66.77
OUT_18119,61.9
OUT_18120,65.38
OUT_18121,82.66
OUT_18122,69.58
OUT_18123,256.09
OUT_18124,56.93
OUT_18125,2094.4
OUT_18126,78.64
OUT_18127,63.28
OUT_18128,2078.27
OUT_18129,81.91
OUT_18130,905.48
OUT_18131,257.78
OUT_18132,84.34
OUT_18133,72.87
OUT_18134,88.72
OUT_18135,91.02
OUT_18136,242.23
OUT_18137,71.34
OUT_18138,37.0
OUT_18139,85.51
OUT_18140,81.6
OUT_18141,922.44
OUT_18142,77.21
OUT_18143,81.46
OUT_18144,256.13
OUT_18145,255.59
OUT_18146,260.49
OUT_18147,90.06
OUT_18148,74.43
OUT_18149,918.96
OUT_18150,925.47
OUT_18151,75.96
OUT_18152,255.13
OUT_18153,242.9
OUT_18154,254.35
OUT_18155,251.85
OUT_18156,252.77
OUT_18157,945.16
OUT_18158,902.17
OUT_18159,63.85
OUT_18160,965.43
OUT_18161,59.07
OUT_18162,70.52
OUT_18163,927.59
OUT_18164,65.34
OUT_18165,55.65
OUT_18166,2088.79
OUT_18167,935.79
OUT_18168,71.83
OUT_18169,80.9
OUT_18170,916.1
OUT_18171,74.93
OUT_18172,939.84
OUT_18173,253.02
OUT_18174,255.81
OUT_18175,257.85
OUT_18176,50.91
OUT_18177,74.72
OUT_18178,84.9
OUT_18179,260.77
OUT_18180,90.68
OUT_18181,81.77
OUT_18182,88.93
OUT_18183,258.34
OUT_18184,72.85
OUT_18185,256.2
OUT_18186,255.7
OUT_18187,978.35
OUT_18188,60.87
OUT_18189,256.43
OUT_18190,78.42
OUT_18191,932.81
OUT_18192,250.51
OUT_18193,77.03
OUT_18194,253.82
OUT_18195,255.58
OUT_18196,65.38
OUT_18197,72.47
OUT_18198,39.36
OUT_18199,87.37
OUT_18200,246.91
OUT_18201,86.44
OUT_18202,251.62
OUT_18203,935.67
OUT_18204,259.07
OUT_18205,63.62
OUT_18206,74.34
OUT_18207,921.29
OUT_18208,258.16
OUT_18209,2080.54
OUT_18210,906.73
OUT_18211,251.66
OUT_18212,60.59
OUT_18213,43.57
OUT_18214,80.62
OUT_18215,259.68
OUT_18216,203.07
OUT_18217,258.87
OUT_18218,947.56
OUT_18219,75.42
OUT_18220,888.99
OUT_18221,251.11
OUT_18222,255.5
OUT_18223,902.46
OUT_18224,250.96
OUT_18225,73.96
OUT_18226,935.66
OUT_18227,259.33
OUT_18228,77.84
OUT_18229,77.55
OUT_18230,72.81
OUT_18231,81.33
OUT_18232,74.06
OUT_18233,61.51
OUT_18234,936.37
OUT_18235,74.68
OUT_18236,90.01
OUT_18237,70.82
OUT_18238,88.86
OUT_18239,64.08
OUT_18240,914.23
OUT_18241,2103.17
OUT_18242,942.75
OUT_18243,89.9
OUT_18244,84.09
OUT_18245,245.24
OUT_18246,251.39
OUT_18247,79.98
OUT_18248,241.78
OUT_18249,238.26
OUT_18250,77.2
OUT_18251,74.15
OUT_18252,84.56
OUT_18253,78.89
OUT_18254,882.62
OUT_18255,60.24
OUT_18256,77.27
OUT_18257,911.38
OUT_18258,79.56
OUT_18259,75.39
OUT_18260,92.52
OUT_18261,80.38
OUT_18262,69.87
OUT_18263,933.76
OUT_18264,921.88
OUT_18265,255.64
OUT_18266,77.99
OUT_18267,937.93
OUT_18268,64.02
OUT_18269,52.29
OUT_18270,80.72
OUT_18271,82.5
OUT_18272,60.4
OUT_18273,88.2
OUT_18274,256.19
OUT_18275,934.23
OUT_18276,84.1
OUT_18277,77.96
OUT_18278,89.26
OUT_18279,2093.59
OUT_18280,50.15
OUT_18281,255.87
OUT_18282,89.64
OUT_18283,52.12
OUT_18284,76.32
OUT_18285,239.44
OUT_18286,921.25
OUT_18287,254.86
OUT_18288,74.82
OUT_18289,251.81
OUT_18290,922.12
OUT_18291,897.02
OUT_18292,79.99
OUT_18293,938.61
OUT_18294,73.02
OUT_18295,76.07
OUT_18296,926.68
OUT_18297,245.44
OUT_18298,75.62
OUT_18299,255.42
OUT_18300,256.15
OUT_18301,65.9
OUT_18302,76.66
OUT_18303,50.59
OUT_18304,88.24
OUT_18305,934.75
OUT_18306,256.06
OUT_18307,75.41
OUT_18308,256.0
OUT_18309,257.97
OUT_18310,241.01
OUT_18311,71.43
OUT_18312,76.95
OUT_18313,259.08
OUT_18314,904.54
OUT_18315,76.58
OUT_18316,78.72
OUT_18317,253.6
OUT_18318,66.52
OUT_18319,248.95
OUT_18320,89.19
OUT_18321,934.8
OUT_18322,248.12
OUT_18323,258.39
OUT_18324,244.23
OUT_18325,83.53
OUT_18326,65.16
OUT_18327,41.39
OUT_18328,74.25
OUT_18329,76.12
OUT_18330,902.06
OUT_18331,901.05
OUT_18332,81.88
OUT_18333,68.59
OUT_18334,912.65
OUT_18335,242.27
OUT_18336,83.49
OUT_18337,936.65
OUT_18338,2099.32
OUT_18339,248.92
OUT_18340,77.4
OUT_18341,259.99
OUT_18342,251.41
OUT_18343,260.66
OUT_18344,295.25
OUT_18345,78.75
OUT_18346,259.27
OUT_18347,63.1
OUT_18348,69.72
OUT_18349,80.23
OUT_18350,77.85
OUT_18351,70.92
OUT_18352,2103.63
OUT_18353,68.6
OUT_18354,260.94
OUT_18355,67.61
OUT_18356,64.57
OUT_18357,74.16
OUT_18358,930.93
OUT_18359,80.96
OUT_18360,86.35
OUT_18361,253.98
OUT_18362,255.42
OUT_18363,261.91
OUT_18364,84.8
OUT_18365,256.78
OUT_18366,260.03
OUT_18367,67.32
OUT_18368,930.52
OUT_18369,249.15
OUT_18370,84.93
OUT_18371,82.73
OUT_18372,89.76
OUT_18373,53.16
OUT_18374,85.27
OUT_18375,77.93
OUT_18376,90.29
OUT_18377,2073.04
OUT_18378,244.98
OUT_18379,76.04
OUT_18380,260.21
OUT_18381,82.31
OUT_18382,894.31
OUT_18383,950.28
OUT_18384,73.53
OUT_18385,74.81
OUT_18386,82.01
OUT_18387,940.3
OUT_18388,64.46
OUT_18389,73.6
OUT_18390,76.78
OUT_18391,251.2
OUT_18392,901.06
OUT_18393,80.1
OUT_18394,244.53
OUT_18395,70.56
OUT_18396,74.02
OUT_18397,82.46
OUT_18398,953.57
OUT_18399,258.78
OUT_18400,75.01
OUT_18401,75.52
OUT_18402,71.87
OUT_18403,259.03
OUT_18404,80.97
OUT_18405,255.43
OUT_18406,86.52
OUT_18407,929.38
OUT_18408,2095.06
OUT_18409,255.49
OUT_18410,256.57
OUT_18411,248.35
OUT_18412,74.54
OUT_18413,942.29
OUT_18414,261.95
OUT_18415,77.96
OUT_18416,254.39
OUT_18417,57.15
OUT_18418,76.05
OUT_18419,74.26
OUT_18420,255.8
OUT_18421,255.34
OUT_18422,256.39
OUT_18423,78.32
OUT_18424,67.33
OUT_18425,257.34
OUT_18426,72.98
OUT_18427,257.73
OUT_18428,87.49
OUT_18429,261.85
OUT_18430,75.86
OUT_18431,257.72
OUT_18432,86.1
OUT_18433,76.34
OUT_18434,82.51
OUT_18435,74.22
OUT_18436,73.05
OUT_18437,76.25
OUT_18438,72.49
OUT_18439,253.87
OUT_18440,910.3
OUT_18441,78.41
OUT_18442,75.48
OUT_18443,77.38
OUT_18444,247.18
OUT_18445,81.65
OUT_18446,260.3
OUT_18447,943.83
OUT_18448,55.72
OUT_18449,255.36
OUT_18450,75.49
OUT_18451,76.06
OUT_18452,2113.88
OUT_18453,77.23
OUT_18454,923.78
OUT_18455,85.79
OUT_18456,74.12
OUT_18457,63.93
OUT_18458,67.82
OUT_18459,257.98
OUT_18460,84.53
OUT_18461,252.84
OUT_18462,89.34
OUT_18463,78.98
OUT_18464,75.82
OUT_18465,66.35
OUT_18466,76.08
OUT_18467,86.75
OUT_18468,2082.2
OUT_18469,249.03
OUT_18470,65.09
OUT_18471,74.93
OUT_18472,49.33
OUT_18473,866.33
OUT_18474,84.23
OUT_18475,71.21
OUT_18476,215.42
OUT_18477,2088.88
OUT_18478,57.17
OUT_18479,2117.51
OUT_18480,75.93
OUT_18481,926.07
OUT_18482,256.91
OUT_18483,82.82
OUT_18484,79.82
OUT_18485,256.2
OUT_18486,901.07
OUT_18487,47.15
OUT_18488,87.24
OUT_18489,75.39
OUT_18490,82.86
OUT_18491,926.04
OUT_18492,74.23
OUT_18493,81.97
OUT_18494,73.16
OUT_18495,90.33
OUT_18496,62.55
OUT_18497,261.6
OUT_18498,83.39
OUT_18499,68.3
OUT_18500,84.39
OUT_18501,2109.32
OUT_18502,921.27
OUT_18503,75.49
OUT_18504,939.09
OUT_18505,242.15
OUT_18506,252.56
OUT_18507,914.78
OUT_18508,257.31
OUT_18509,68.05
OUT_18510,85.81
OUT_18511,2093.03
OUT_18512,86.13
OUT_18513,76.69
OUT_18514,72.74
OUT_18515,75.2
OUT_18516,132.16
OUT_18517,83.51
OUT_18518,256.12
OUT_18519,56.42
OUT_18520,72.56
OUT_18521,253.36
OUT_18522,900.96
OUT_18523,932.04
OUT_18524,259.87
OUT_18525,54.69
OUT_18526,74.57
OUT_18527,262.52
OUT_18528,73.62
OUT_18529,75.88
OUT_18530,81.93
OUT_18531,251.21
OUT_18532,933.93
OUT_18533,75.08
OUT_18534,32.25
OUT_18535,90.92
OUT_18536,104.61
OUT_18537,887.29
OUT_18538,259.42
OUT_18539,259.38
OUT_18540,83.46
OUT_18541,257.48
OUT_18542,892.15
OUT_18543,77.99
OUT_18544,86.88
OUT_18545,936.14
OUT_18546,239.51
OUT_18547,258.88
OUT_18548,252.54
OUT_18549,260.13
OUT_18550,85.5
OUT_18551,69.5
OUT_18552,85.43
OUT_18553,73.68
OUT_18554,254.16
OUT_18555,255.57
OUT_18556,934.79
OUT_18557,88.71
OUT_18558,51.87
OUT_18559,254.0
OUT_18560,50.23
OUT_18561,71.06
OUT_18562,257.22
OUT_18563,53.63
OUT_18564,86.1
OUT_18565,54.63
OUT_18566,73.02
OUT_18567,259.38
OUT_18568,52.24
OUT_18569,246.65
OUT_18570,73.6
OUT_18571,63.33
OUT_18572,908.08
OUT_18573,258.13
OUT_18574,74.31
OUT_18575,231.8
OUT_18576,259.16
OUT_18577,244.32
OUT_18578,256.91
OUT_18579,259.22
OUT_18580,80.37
OUT_18581,256.28
OUT_18582,256.02
OUT_18583,76.68
OUT_18584,237.3
OUT_18585,80.73
OUT_18586,71.04
OUT_18587,256.78
OUT_18588,49.68
OUT_18589,937.86
OUT_18590,82.92
OUT_18591,78.39
OUT_18592,86.04
OUT_18593,255.54
OUT_18594,50.32
OUT_18595,75.92
OUT_18596,83.47
OUT_18597,249.24
OUT_18598,85.77
OUT_18599,76.39
OUT_18600,69.18
OUT_18601,80.83
OUT_18602,260.47
OUT_18603,77.37
OUT_18604,936.78
OUT_18605,77.67
OUT_18606,80.9
OUT_18607,912.45
OUT_18608,254.62
OUT_18609,65.17
OUT_18610,68.06
OUT_18611,295.69
OUT_18612,80.99
OUT_18613,76.9
OUT_18614,887.37
OUT_18615,69.66
OUT_18616,71.53
OUT_18617,260.71
OUT_18618,87.17
OUT_18619,255.67
OUT_18620,75.72
OUT_18621,82.55
OUT_18622,241.31
OUT_18623,949.41
OUT_18624,73.34
OUT_18625,76.48
OUT_18626,256.17
OUT_18627,255.8
OUT_18628,250.16
OUT_18629,81.96
OUT_18630,935.49
OUT_18631,937.74
OUT_18632,259.78
OUT_18633,77.08
OUT_18634,74.52
OUT_18635,255.83
OUT_18636,259.49
OUT_18637,933.72
OUT_18638,89.1
OUT_18639,83.99
OUT_18640,83.41
OUT_18641,244.73
OUT_18642,66.03
OUT_18643,86.09
OUT_18644,60.37
OUT_18645,71.89
OUT_18646,250.77
OUT_18647,261.59
OUT_18648,935.6
OUT_18649,247.43
OUT_18650,91.01
OUT_18651,73.43
OUT_18652,256.68
OUT_18653,82.86
OUT_18654,90.48
OUT_18655,71.44
OUT_18656,74.37
OUT_18657,85.33
OUT_18658,249.26
OUT_18659,917.55
OUT_18660,933.66
OUT_18661,75.84
OUT_18662,245.6
OUT_18663,254.21
OUT_18664,54.88
OUT_18665,63.47
OUT_18666,74.18
OUT_18667,888.55
OUT_18668,244.47
OUT_18669,244.75
OUT_18670,242.4
OUT_18671,2116.56
OUT_18672,70.56
OUT_18673,80.38
OUT_18674,936.42
OUT_18675,903.77
OUT_18676,248.89
OUT_18677,74.7
OUT_18678,244.99
OUT_18679,255.85
OUT_18680,252.11
OUT_18681,87.13
OUT_18682,2076.67
OUT_18683,74.2
OUT_18684,926.37
OUT_18685,85.4
OUT_18686,46.96
OUT_18687,67.28
OUT_18688,253.92
OUT_18689,917.07
OUT_18690,76.88
OUT_18691,73.0
OUT_18692,72.92
OUT_18693,249.75
OUT_18694,71.0
OUT_18695,71.49
OUT_18696,240.9
OUT_18697,66.13
OUT_18698,75.25
OUT_18699,76.31
OUT_18700,256.89
OUT_18701,918.55
OUT_18702,252.37
OUT_18703,255.18
OUT_18704,77.26
OUT_18705,75.65
OUT_18706,75.62
OUT_18707,936.77
OUT_18708,79.35
OUT_18709,73.47
OUT_18710,80.58
OUT_18711,65.19
OUT_18712,256.64
OUT_18713,73.78
OUT_18714,929.28
OUT_18715,913.38
OUT_18716,85.75
OUT_18717,85.55
OUT_18718,82.19
OUT_18719,254.83
OUT_18720,82.59
OUT_18721,74.19
OUT_18722,75.79
OUT_18723,91.35
OUT_18724,65.94
OUT_18725,80.07
OUT_18726,56.0
OUT_18727,250.41
OUT_18728,243.85
OUT_18729,264.04
OUT_18730,64.1
OUT_18731,85.11
OUT_18732,919.25
OUT_18733,68.65
OUT_18734,83.55
OUT_18735,256.03
OUT_18736,256.03
OUT_18737,2071.12
OUT_18738,2075.64
OUT_18739,256.28
OUT_18740,914.85
OUT_18741,257.61
OUT_18742,75.83
OUT_18743,75.1
OUT_18744,88.49
OUT_18745,892.19
OUT_18746,77.73
OUT_18747,90.79
OUT_18748,255.89
OUT_18749,41.43
OUT_18750,76.18
OUT_18751,912.3
OUT_18752,74.52
OUT_18753,83.44
OUT_18754,941.36
OUT_18755,254.76
OUT_18756,74.53
OUT_18757,72.37
OUT_18758,74.43
OUT_18759,73.62
OUT_18760,74.13
OUT_18761,939.79
OUT_18762,260.2
OUT_18763,76.24
OUT_18764,64.51
OUT_18765,73.79
OUT_18766,256.95
OUT_18767,902.98
OUT_18768,946.0
OUT_18769,73.71
OUT_18770,82.33
OUT_18771,91.75
OUT_18772,913.3
OUT_18773,62.9
OUT_18774,255.66
OUT_18775,255.94
OUT_18776,86.01
OUT_18777,261.64
OUT_18778,89.04
OUT_18779,248.54
OUT_18780,64.16
OUT_18781,255.78
OUT_18782,245.33
OUT_18783,81.6
OUT_18784,82.84
OUT_18785,81.51
OUT_18786,74.12
OUT_18787,54.08
OUT_18788,2093.72
OUT_18789,257.3
OUT_18790,246.78
OUT_18791,918.84
OUT_18792,65.75
OUT_18793,2100.9
OUT_18794,80.47
OUT_18795,255.56
OUT_18796,2088.78
OUT_18797,74.44
OUT_18798,65.27
OUT_18799,248.46
OUT_18800,254.88
OUT_18801,251.07
OUT_18802,2122.29
OUT_18803,49.44
OUT_18804,73.36
OUT_18805,2078.71
OUT_18806,74.81
OUT_18807,86.93
OUT_18808,79.95
OUT_18809,83.37
OUT_18810,75.52
OUT_18811,83.64
OUT_18812,58.67
OUT_18813,85.64
OUT_18814,243.35
OUT_18815,886.63
OUT_18816,74.11
OUT_18817,61.32
OUT_18818,80.98
OUT_18819,940.25
OUT_18820,74.02
OUT_18821,239.53
OUT_18822,84.48
OUT_18823,261.54
OUT_18824,92.66
OUT_18825,927.84
OUT_18826,256.79
OUT_18827,2080.12
OUT_18828,72.7
OUT_18829,218.38
OUT_18830,71.72
OUT_18831,227.04
OUT_18832,261.88
OUT_18833,255.07
OUT_18834,79.47
OUT_18835,940.52
OUT_18836,74.39
OUT_18837,86.3
OUT_18838,943.73
OUT_18839,81.15
OUT_18840,254.03
OUT_18841,69.94
OUT_18842,68.58
OUT_18843,242.13
OUT_18844,2091.2
OUT_18845,68.09
OUT_18846,75.94
OUT_18847,41.07
OUT_18848,256.14
OUT_18849,82.13
OUT_18850,2096.87
OUT_18851,55.13
OUT_18852,925.35
OUT_18853,255.21
OUT_18854,73.97
OUT_18855,926.8
OUT_18856,86.36
OUT_18857,70.74
OUT_18858,930.05
OUT_18859,85.6
OUT_18860,252.65
OUT_18861,87.08
OUT_18862,259.69
OUT_18863,933.99
OUT_18864,229.66
OUT_18865,86.18
OUT_18866,873.64
OUT_18867,253.34
OUT_18868,53.57
OUT_18869,78.64
OUT_18870,254.43
OUT_18871,80.21
OUT_18872,241.07
OUT_18873,257.94
OUT_18874,929.3
OUT_18875,80.79
OUT_18876,255.76
OUT_18877,2108.24
OUT_18878,76.31
OUT_18879,61.74
OUT_18880,84.28
OUT_18881,42.18
OUT_18882,257.16
OUT_18883,244.18
OUT_18884,262.27
OUT_18885,915.15
OUT_18886,64.52
OUT_18887,62.94
OUT_18888,255.07
OUT_18889,79.12
OUT_18890,259.0
OUT_18891,63.47
OUT_18892,261.52
OUT_18893,76.0
OUT_18894,255.37
OUT_18895,76.51
OUT_18896,940.17
OUT_18897,255.43
OUT_18898,89.55
OUT_18899,53.43
OUT_18900,241.51
OUT_18901,65.52
OUT_18902,258.27
OUT_18903,887.68
OUT_18904,261.63
OUT_18905,259.36
OUT_18906,66.93
OUT_18907,54.45
OUT_18908,79.03
OUT_18909,945.24
OUT_18910,256.19
OUT_18911,937.81
OUT_18912,903.65
OUT_18913,938.89
OUT_18914,255.6
OUT_18915,255.89
OUT_18916,62.22
OUT_18917,52.25
OUT_18918,76.47
OUT_18919,894.07
OUT_18920,58.12
OUT_18921,259.19
OUT_18922,246.62
OUT_18923,52.36
OUT_18924,255.94
OUT_18925,257.07
OUT_18926,73.21
OUT_18927,81.82
OUT_18928,76.22
OUT_18929,245.82
OUT_18930,920.78
OUT_18931,74.7
OUT_18932,71.39
OUT_18933,248.25
OUT_18934,2094.34
OUT_18935,64.16
OUT_18936,71.92
OUT_18937,70.02
OUT_18938,246.83
OUT_18939,945.8
OUT_18940,71.22
OUT_18941,935.9
OUT_18942,244.96
OUT_18943,83.51
OUT_18944,236.56
OUT_18945,257.16
OUT_18946,75.82
OUT_18947,55.61
OUT_18948,256.82
OUT_18949,75.43
OUT_18950,919.77
OUT_18951,257.76
OUT_18952,256.01
OUT_18953,73.81
OUT_18954,85.07
OUT_18955,52.61
OUT_18956,940.36
OUT_18957,85.57
OUT_18958,931.13
OUT_18959,71.84
OUT_18960,66.15
OUT_18961,56.17
OUT_18962,257.57
OUT_18963,73.18
OUT_18964,54.1
OUT_18965,242.69
OUT_18966,241.27
OUT_18967,78.54
OUT_18968,260.78
OUT_18969,72.58
OUT_18970,255.95
OUT_18971,75.42
OUT_18972,252.37
OUT_18973,252.3
OUT_18974,64.46
OUT_18975,252.11
OUT_18976,53.76
OUT_18977,87.34
OUT_18978,72.47
OUT_18979,255.51
OUT_18980,51.52
OUT_18981,89.17
OUT_18982,943.82
OUT_18983,936.96
OUT_18984,76.31
OUT_18985,2099.26
OUT_18986,934.62
OUT_18987,78.72
OUT_18988,255.41
OUT_18989,83.8
OUT_18990,71.2
OUT_18991,87.5
OUT_18992,926.24
OUT_18993,77.06
OUT_18994,251.47
OUT_18995,1113.0
OUT_18996,244.51
OUT_18997,82.13
OUT_18998,938.06
OUT_18999,85.45
OUT_19000,88.19
OUT_19001,41.19
OUT_19002,256.43
OUT_19003,75.47
OUT_19004,920.88
OUT_19005,76.33
OUT_19006,253.07
OUT_19007,79.39
OUT_19008,71.9
OUT_19009,81.8
OUT_19010,64.87
OUT_19011,80.63
OUT_19012,2088.93
OUT_19013,256.99
OUT_19014,70.03
OUT_19015,73.96
OUT_19016,46.96
OUT_19017,77.59
OUT_19018,951.18
OUT_19019,76.2
OUT_19020,61.92
OUT_19021,59.65
OUT_19022,73.77
OUT_19023,254.78
OUT_19024,2094.73
OUT_19025,962.77
OUT_19026,264.88
OUT_19027,256.1
OUT_19028,908.17
OUT_19029,249.4
OUT_19030,2082.72
OUT_19031,74.71
OUT_19032,80.57
OUT_19033,240.01
OUT_19034,256.06
OUT_19035,57.03
OUT_19036,87.5
OUT_19037,75.02
OUT_19038,940.84
OUT_19039,2115.3
OUT_19040,2104.28
OUT_19041,257.25
OUT_19042,245.61
OUT_19043,914.02
OUT_19044,239.25
OUT_19045,929.79
OUT_19046,257.83
OUT_19047,82.53
OUT_19048,65.94
OUT_19049,918.69
OUT_19050,249.18
OUT_19051,821.11
OUT_19052,256.12
OUT_19053,85.48
OUT_19054,256.52
OUT_19055,72.77
OUT_19056,63.37
OUT_19057,77.55
OUT_19058,252.66
OUT_19059,86.12
OUT_19060,250.64
OUT_19061,263.89
OUT_19062,253.51
OUT_19063,258.47
OUT_19064,250.01
OUT_19065,76.76
OUT_19066,86.12
OUT_19067,68.21
OUT_19068,2094.24
OUT_19069,254.1
OUT_19070,82.4
OUT_19071,71.17
OUT_19072,262.33
OUT_19073,250.37
OUT_19074,74.12
OUT_19075,949.57
OUT_19076,253.98
OUT_19077,79.21
OUT_19078,70.9
OUT_19079,84.58
OUT_19080,70.85
OUT_19081,87.97
OUT_19082,78.15
OUT_19083,89.17
OUT_19084,54.96
OUT_19085,252.05
OUT_19086,63.06
OUT_19087,73.22
OUT_19088,79.86
OUT_19089,248.06
OUT_19090,243.06
OUT_19091,2110.52
OUT_19092,884.31
OUT_19093,82.05
OUT_19094,935.39
OUT_19095,81.99
OUT_19096,75.45
OUT_19097,89.0
OUT_19098,78.61
OUT_19099,73.92
OUT_19100,248.91
OUT_19101,81.1
OUT_19102,68.12
OUT_19103,254.6
OUT_19104,257.31
OUT_19105,248.99
OUT_19106,66.95
OUT_19107,75.1
OUT_19108,67.16
OUT_19109,52.64
OUT_19110,255.72
OUT_19111,68.5
OUT_19112,75.92
OUT_19113,87.3
OUT_19114,252.85
OUT_19115,902.94
OUT_19116,253.11
OUT_19117,66.85
OUT_19118,72.33
OUT_19119,242.94
OUT_19120,244.48
OUT_19121,2108.31
OUT_19122,254.16
OUT_19123,56.41
OUT_19124,71.75
OUT_19125,892.8
OUT_19126,2078.43
OUT_19127,87.75
OUT_19128,68.31
OUT_19129,249.15
OUT_19130,247.0
OUT_19131,258.18
OUT_19132,255.63
OUT_19133,900.59
OUT_19134,257.23
OUT_19135,258.94
OUT_19136,70.62
OUT_19137,261.9
OUT_19138,78.41
OUT_19139,250.99
OUT_19140,72.25
OUT_19141,90.71
OUT_19142,915.96
OUT_19143,85.92
OUT_19144,89.32
OUT_19145,64.7
OUT_19146,257.07
OUT_19147,85.18
OUT_19148,75.25
OUT_19149,61.67
OUT_19150,84.2
OUT_19151,2102.74
OUT_19152,256.15
OUT_19153,227.47
OUT_19154,917.05
OUT_19155,80.74
OUT_19156,88.78
OUT_19157,59.31
OUT_19158,88.12
OUT_19159,925.07
OUT_19160,258.79
OUT_19161,246.32
OUT_19162,63.56
OUT_19163,244.63
OUT_19164,250.19
OUT_19165,90.5
OUT_19166,76.08
OUT_19167,247.93
OUT_19168,53.48
OUT_19169,257.73
OUT_19170,77.16
OUT_19171,64.07
OUT_19172,74.72
OUT_19173,80.99
OUT_19174,86.94
OUT_19175,75.9
OUT_19176,255.95
OUT_19177,936.53
OUT_19178,64.02
OUT_19179,68.12
OUT_19180,74.28
OUT_19181,64.86
OUT_19182,251.35
OUT_19183,64.2
OUT_19184,80.33
OUT_19185,244.53
OUT_19186,962.17
OUT_19187,2086.69
OUT_19188,75.43
OUT_19189,80.36
OUT_19190,240.88
OUT_19191,70.01
OUT_19192,63.28
OUT_19193,73.09
OUT_19194,256.37
OUT_19195,248.15
OUT_19196,256.44
OUT_19197,80.18
OUT_19198,61.61
OUT_19199,70.63
OUT_19200,69.18
OUT_19201,2032.83
OUT_19202,80.56
OUT_19203,64.49
OUT_19204,911.72
OUT_19205,76.28
OUT_19206,251.54
OUT_19207,243.06
OUT_19208,245.6
OUT_19209,255.37
OUT_19210,245.51
OUT_19211,915.51
OUT_19212,78.35
OUT_19213,61.96
OUT_19214,930.57
OUT_19215,73.42
OUT_19216,258.07
OUT_19217,256.43
OUT_19218,73.23
OUT_19219,61.76
OUT_19220,81.02
OUT_19221,62.93
OUT_19222,83.05
OUT_19223,67.21
OUT_19224,43.45
OUT_19225,257.23
OUT_19226,77.71
OUT_19227,244.73
OUT_19228,75.6
OUT_19229,253.4
OUT_19230,929.97
OUT_19231,67.78
OUT_19232,255.45
OUT_19233,245.63
OUT_19234,74.96
OUT_19235,934.65
OUT_19236,253.7
OUT_19237,76.31
OUT_19238,73.15
OUT_19239,79.59
OUT_19240,257.19
OUT_19241,75.44
OUT_19242,78.52
OUT_19243,245.04
OUT_19244,259.39
OUT_19245,87.86
OUT_19246,255.45
OUT_19247,81.75
OUT_19248,287.72
OUT_19249,256.31
OUT_19250,75.22
OUT_19251,77.78
OUT_19252,921.62
OUT_19253,231.34
OUT_19254,79.73
OUT_19255,244.75
OUT_19256,73.12
OUT_19257,258.83
OUT_19258,2087.15
OUT_19259,62.56
OUT_19260,73.23
OUT_19261,252.24
OUT_19262,77.22
OUT_19263,261.18
OUT_19264,54.8
OUT_19265,255.98
OUT_19266,254.92
OUT_19267,64.22
OUT_19268,238.05
OUT_19269,82.38
OUT_19270,75.83
OUT_19271,262.87
OUT_19272,76.56
OUT_19273,947.84
OUT_19274,86.71
OUT_19275,2100.93
OUT_19276,67.9
OUT_19277,84.52
OUT_19278,940.28
OUT_19279,72.43
OUT_19280,73.98
OUT_19281,84.89
OUT_19282,925.5
OUT_19283,244.48
OUT_19284,917.44
OUT_19285,251.57
OUT_19286,73.45
OUT_19287,76.73
OUT_19288,62.44
OUT_19289,240.49
OUT_19290,85.58
OUT_19291,952.75
OUT_19292,54.46
OUT_19293,66.88
OUT_19294,254.82
OUT_19295,259.81
OUT_19296,254.98
OUT_19297,73.61
OUT_19298,936.94
OUT_19299,76.19
OUT_19300,927.92
OUT_19301,83.86
OUT_19302,85.89
OUT_19303,2102.36
OUT_19304,86.33
OUT_19305,75.82
OUT_19306,78.52
OUT_19307,2096.13
OUT_19308,884.31
OUT_19309,50.0
OUT_19310,2095.98
OUT_19311,2102.66
OUT_19312,2092.91
OUT_19313,65.95
OUT_19314,87.7
OUT_19315,86.54
OUT_19316,257.25
OUT_19317,72.94
OUT_19318,931.47
OUT_19319,252.53
OUT_19320,932.36
OUT_19321,65.59
OUT_19322,80.99
OUT_19323,912.82
OUT_19324,249.51
OUT_19325,931.26
OUT_19326,85.68
OUT_19327,75.5
OUT_19328,84.23
OUT_19329,74.87
OUT_19330,70.13
OUT_19331,246.3
OUT_19332,909.81
OUT_19333,929.31
OUT_19334,74.98
OUT_19335,75.87
OUT_19336,75.14
OUT_19337,62.67
OUT_19338,71.51
OUT_19339,884.31
OUT_19340,63.64
OUT_19341,929.39
OUT_19342,926.32
OUT_19343,55.44
OUT_19344,939.61
OUT_19345,256.63
OUT_19346,55.57
OUT_19347,65.9
OUT_19348,2121.46
OUT_19349,257.34
OUT_19350,827.46
OUT_19351,63.55
OUT_19352,62.34
OUT_19353,252.14
OUT_19354,71.93
OUT_19355,892.73
OUT_19356,934.55
OUT_19357,904.78
OUT_19358,258.56
OUT_19359,81.49
OUT_19360,901.75
OUT_19361,74.11
OUT_19362,251.22
OUT_19363,267.33
OUT_19364,84.59
OUT_19365,2100.33
OUT_19366,2066.06
OUT_19367,255.79
OUT_19368,935.94
OUT_19369,76.9
OUT_19370,80.74
OUT_19371,77.78
OUT_19372,258.31
OUT_19373,74.43
OUT_19374,78.64
OUT_19375,50.74
OUT_19376,67.22
OUT_19377,87.99
OUT_19378,62.73
OUT_19379,82.57
OUT_19380,65.42
OUT_19381,255.71
OUT_19382,936.05
OUT_19383,244.16
OUT_19384,83.47
OUT_19385,73.87
OUT_19386,64.76
OUT_19387,74.16
OUT_19388,256.83
OUT_19389,82.33
OUT_19390,59.69
OUT_19391,76.74
OUT_19392,75.26
OUT_19393,262.92
OUT_19394,256.94
OUT_19395,88.88
OUT_19396,77.52
OUT_19397,939.2
OUT_19398,87.13
OUT_19399,90.3
OUT_19400,75.63
OUT_19401,905.39
OUT_19402,64.62
OUT_19403,256.42
OUT_19404,65.07
OUT_19405,896.17
OUT_19406,88.68
OUT_19407,971.41
OUT_19408,46.4
OUT_19409,255.98
OUT_19410,79.79
OUT_19411,55.95
OUT_19412,55.12
OUT_19413,79.58
OUT_19414,74.56
OUT_19415,242.92
OUT_19416,935.7
OUT_19417,924.16
OUT_19418,254.04
OUT_19419,65.99
OUT_19420,261.08
OUT_19421,48.64
OUT_19422,75.49
OUT_19423,255.56
OUT_19424,84.77
OUT_19425,241.02
OUT_19426,88.54
OUT_19427,75.4
OUT_19428,66.58
OUT_19429,46.36
OUT_19430,55.46
OUT_19431,254.09
OUT_19432,74.85
OUT_19433,71.17
OUT_19434,2103.83
OUT_19435,66.87
OUT_19436,245.06
OUT_19437,256.23
OUT_19438,84.81
OUT_19439,72.69
OUT_19440,245.78
OUT_19441,67.59
OUT_19442,56.19
OUT_19443,250.25
OUT_19444,83.67
OUT_19445,250.93
OUT_19446,74.15
OUT_19447,83.25
OUT_19448,63.0
OUT_19449,941.8
OUT_19450,63.25
OUT_19451,256.14
OUT_19452,250.7
OUT_19453,62.58
OUT_19454,82.8
OUT_19455,68.32
OUT_19456,70.97
OUT_19457,72.07
OUT_19458,241.7
OUT_19459,251.04
OUT_19460,240.7
OUT_19461,47.79
OUT_19462,937.2
OUT_19463,937.2
OUT_19464,55.11
OUT_19465,87.29
OUT_19466,76.16
OUT_19467,256.15
OUT_19468,78.97
OUT_19469,62.87
OUT_19470,67.92
OUT_19471,266.53
OUT_19472,258.34
OUT_19473,920.18
OUT_19474,82.31
OUT_19475,45.22
OUT_19476,258.23
OUT_19477,70.86
OUT_19478,260.21
OUT_19479,83.52
OUT_19480,64.98
OUT_19481,252.46
OUT_19482,256.71
OUT_19483,63.26
OUT_19484,76.58
OUT_19485,67.13
OUT_19486,75.04
OUT_19487,258.48
OUT_19488,76.69
OUT_19489,85.2
OUT_19490,82.18
OUT_19491,76.1
OUT_19492,241.84
OUT_19493,914.38
OUT_19494,62.15
OUT_19495,916.03
OUT_19496,35.14
OUT_19497,90.96
OUT_19498,53.89
OUT_19499,45.79
OUT_19500,85.77
OUT_19501,78.49
OUT_19502,936.5
OUT_19503,68.69
OUT_19504,74.56
OUT_19505,71.76
OUT_19506,237.14
OUT_19507,56.21
OUT_19508,74.63
OUT_19509,241.9
OUT_19510,87.27
OUT_19511,259.37
OUT_19512,204.5
OUT_19513,259.18
OUT_19514,928.51
OUT_19515,67.25
OUT_19516,85.46
OUT_19517,65.83
OUT_19518,88.1
OUT_19519,913.85
OUT_19520,64.39
OUT_19521,931.25
OUT_19522,73.18
OUT_19523,53.8
OUT_19524,89.35
OUT_19525,57.91
OUT_19526,75.27
OUT_19527,74.63
OUT_19528,85.47
OUT_19529,77.33
OUT_19530,76.48
OUT_19531,242.63
OUT_19532,66.91
OUT_19533,87.59
OUT_19534,67.2
OUT_19535,917.64
OUT_19536,63.48
OUT_19537,879.38
OUT_19538,240.59
OUT_19539,262.72
OUT_19540,259.86
OUT_19541,239.51
OUT_19542,77.36
OUT_19543,88.1
OUT_19544,882.79
OUT_19545,86.81
OUT_19546,260.23
OUT_19547,249.16
OUT_19548,2112.21
OUT_19549,256.34
OUT_19550,257.32
OUT_19551,259.92
OUT_19552,940.97
OUT_19553,77.75
OUT_19554,952.96
OUT_19555,84.79
OUT_19556,941.82
OUT_19557,85.09
OUT_19558,88.45
OUT_19559,66.02
OUT_19560,938.72
OUT_19561,253.18
OUT_19562,251.95
OUT_19563,75.06
OUT_19564,64.84
OUT_19565,249.38
OUT_19566,82.96
OUT_19567,70.34
OUT_19568,251.67
OUT_19569,75.99
OUT_19570,930.29
OUT_19571,256.44
OUT_19572,239.58
OUT_19573,69.94
OUT_19574,2106.83
OUT_19575,81.02
OUT_19576,257.52
OUT_19577,221.19
OUT_19578,73.49
OUT_19579,74.2
OUT_19580,67.59
OUT_19581,82.78
OUT_19582,88.73
OUT_19583,254.71
OUT_19584,261.24
OUT_19585,258.0
OUT_19586,76.61
OUT_19587,929.3
OUT_19588,2106.38
OUT_19589,251.55
OUT_19590,245.14
OUT_19591,60.28
OUT_19592,243.36
OUT_19593,200.29
OUT_19594,256.7
OUT_19595,2101.65
OUT_19596,46.17
OUT_19597,260.8
OUT_19598,65.63
OUT_19599,912.48
OUT_19600,256.46
OUT_19601,72.64
OUT_19602,918.52
OUT_19603,64.34
OUT_19604,70.8
OUT_19605,910.23
OUT_19606,39.61
OUT_19607,74.79
OUT_19608,78.6
OUT_19609,87.78
OUT_19610,74.45
OUT_19611,246.73
OUT_19612,67.29
OUT_19613,934.1
OUT_19614,937.71
OUT_19615,913.34
OUT_19616,69.95
OUT_19617,246.21
OUT_19618,58.94
OUT_19619,68.07
OUT_19620,87.95
OUT_19621,43.31
OUT_19622,72.29
OUT_19623,255.12
OUT_19624,65.28
OUT_19625,890.66
OUT_19626,73.08
OUT_19627,251.4
OUT_19628,942.19
OUT_19629,255.79
OUT_19630,59.52
OUT_19631,74.37
OUT_19632,258.66
OUT_19633,240.97
OUT_19634,2072.59
OUT_19635,72.79
OUT_19636,920.87
OUT_19637,2107.75
OUT_19638,72.94
OUT_19639,65.31
OUT_19640,59.25
OUT_19641,905.99
OUT_19642,268.66
OUT_19643,258.62
OUT_19644,893.94
OUT_19645,73.63
OUT_19646,2081.82
OUT_19647,57.17
OUT_19648,2084.65
OUT_19649,64.73
OUT_19650,84.07
OUT_19651,76.68
OUT_19652,934.76
OUT_19653,260.78
OUT_19654,254.94
OUT_19655,54.41
OUT_19656,254.75
OUT_19657,248.2
OUT_19658,55.86
OUT_19659,84.58
OUT_19660,939.98
OUT_19661,924.19
OUT_19662,66.86
OUT_19663,85.32
OUT_19664,82.77
OUT_19665,251.96
OUT_19666,916.72
OUT_19667,76.07
OUT_19668,254.84
OUT_19669,255.14
OUT_19670,247.04
OUT_19671,240.5
OUT_19672,957.04
OUT_19673,66.0
OUT_19674,257.45
OUT_19675,253.86
OUT_19676,255.8
OUT_19677,249.79
OUT_19678,256.22
OUT_19679,77.86
OUT_19680,255.65
OUT_19681,256.14
OUT_19682,52.39
OUT_19683,65.83
OUT_19684,258.3
OUT_19685,76.52
OUT_19686,76.04
OUT_19687,254.95
OUT_19688,64.42
OUT_19689,88.1
OUT_19690,68.1
OUT_19691,901.55
OUT_19692,79.19
OUT_19693,76.78
OUT_19694,44.5
OUT_19695,245.34
OUT_19696,934.73
OUT_19697,250.4
OUT_19698,79.61
OUT_19699,76.34
OUT_19700,92.86
OUT_19701,72.67
OUT_19702,60.36
OUT_19703,934.86
OUT_19704,259.82
OUT_19705,91.04
OUT_19706,78.45
OUT_19707,82.8
OUT_19708,238.9
OUT_19709,911.83
OUT_19710,90.19
OUT_19711,78.21
OUT_19712,66.29
OUT_19713,76.12
OUT_19714,79.22
OUT_19715,237.8
OUT_19716,258.62
OUT_19717,87.12
OUT_19718,67.72
OUT_19719,83.8
OUT_19720,73.11
OUT_19721,76.11
OUT_19722,74.77
OUT_19723,72.61
OUT_19724,73.13
OUT_19725,256.77
OUT_19726,72.16
OUT_19727,76.45
OUT_19728,917.61
OUT_19729,942.43
OUT_19730,920.45
OUT_19731,74.37
OUT_19732,75.75
OUT_19733,72.93
OUT_19734,252.92
OUT_19735,75.79
OUT_19736,76.3
OUT_19737,63.22
OUT_19738,254.57
OUT_19739,82.77
OUT_19740,65.39
OUT_19741,59.88
OUT_19742,257.07
OUT_19743,913.67
OUT_19744,907.85
OUT_19745,249.25
OUT_19746,72.95
OUT_19747,87.41
OUT_19748,63.4
OUT_19749,64.45
OUT_19750,245.72
OUT_19751,79.17
OUT_19752,82.09
OUT_19753,262.74
OUT_19754,65.85
OUT_19755,911.22
OUT_19756,256.35
OUT_19757,942.97
OUT_19758,257.95
OUT_19759,86.06
OUT_19760,75.28
OUT_19761,244.46
OUT_19762,83.17
OUT_19763,44.28
OUT_19764,46.21
OUT_19765,77.79
OUT_19766,74.59
OUT_19767,87.43
OUT_19768,84.58
OUT_19769,2102.34
OUT_19770,89.96
OUT_19771,76.01
OUT_19772,929.37
OUT_19773,62.01
OUT_19774,941.22
OUT_19775,72.69
OUT_19776,202.9
OUT_19777,252.56
OUT_19778,77.19
OUT_19779,75.47
OUT_19780,255.47
OUT_19781,83.56
OUT_19782,42.61
OUT_19783,75.96
OUT_19784,64.28
OUT_19785,255.35
OUT_19786,252.06
OUT_19787,256.08
OUT_19788,909.46
OUT_19789,71.62
OUT_19790,73.55
OUT_19791,90.42
OUT_19792,90.16
OUT_19793,74.07
OUT_19794,241.3
OUT_19795,86.03
OUT_19796,81.85
OUT_19797,73.15
OUT_19798,88.14
OUT_19799,91.34
OUT_19800,255.71
OUT_19801,243.36
OUT_19802,2081.78
OUT_19803,930.06
OUT_19804,247.1
OUT_19805,932.39
OUT_19806,903.16
OUT_19807,72.78
OUT_19808,926.0
OUT_19809,256.16
OUT_19810,257.4
OUT_19811,88.77
OUT_19812,85.03
OUT_19813,74.53
OUT_19814,75.44
OUT_19815,79.5
OUT_19816,69.1
OUT_19817,918.03
OUT_19818,62.23
OUT_19819,70.69
OUT_19820,74.26
OUT_19821,253.14
OUT_19822,73.1
OUT_19823,242.22
OUT_19824,80.49
OUT_19825,51.86
OUT_19826,255.64
OUT_19827,2115.77
OUT_19828,900.58
OUT_19829,66.67
OUT_19830,254.5
OUT_19831,246.23
OUT_19832,79.86
OUT_19833,232.61
OUT_19834,246.52
OUT_19835,75.19
OUT_19836,75.86
OUT_19837,938.3
OUT_19838,82.34
OUT_19839,87.9
OUT_19840,79.04
OUT_19841,85.97
OUT_19842,256.27
OUT_19843,248.1
OUT_19844,79.28
OUT_19845,73.41
OUT_19846,76.57
OUT_19847,85.79
OUT_19848,58.05
OUT_19849,82.5
OUT_19850,2119.75
OUT_19851,82.84
OUT_19852,2085.72
OUT_19853,252.73
OUT_19854,89.77
OUT_19855,62.47
OUT_19856,926.15
OUT_19857,68.81
OUT_19858,64.48
OUT_19859,937.21
OUT_19860,67.0
OUT_19861,73.66
OUT_19862,73.53
OUT_19863,254.74
OUT_19864,88.29
OUT_19865,2085.02
OUT_19866,64.8
OUT_19867,257.78
OUT_19868,70.81
OUT_19869,75.03
OUT_19870,77.54
OUT_19871,257.69
OUT_19872,71.62
OUT_19873,80.76
OUT_19874,256.62
OUT_19875,248.14
OUT_19876,256.25
OUT_19877,256.12
OUT_19878,255.58
OUT_19879,73.9
OUT_19880,84.45
OUT_19881,66.98
OUT_19882,72.66
OUT_19883,55.26
OUT_19884,77.18
OUT_19885,258.17
OUT_19886,73.13
OUT_19887,257.61
OUT_19888,79.97
OUT_19889,78.72
OUT_19890,77.49
OUT_19891,43.46
OUT_19892,256.01
OUT_19893,240.61
OUT_19894,944.47
OUT_19895,77.34
OUT_19896,942.33
OUT_19897,51.8
OUT_19898,891.71
OUT_19899,255.92
OUT_19900,64.05
OUT_19901,75.94
OUT_19902,79.6
OUT_19903,74.14
OUT_19904,82.79
OUT_19905,67.81
OUT_19906,74.43
OUT_19907,231.1
OUT_19908,68.29
OUT_19909,72.73
OUT_19910,47.55
OUT_19911,53.83
OUT_19912,932.16
OUT_19913,82.33
OUT_19914,71.84
OUT_19915,75.61
OUT_19916,67.46
OUT_19917,60.87
OUT_19918,67.03
OUT_19919,70.28
OUT_19920,82.76
OUT_19921,253.16
OUT_19922,71.64
OUT_19923,256.26
OUT_19924,77.01
OUT_19925,244.64
OUT_19926,73.03
OUT_19927,75.49
OUT_19928,257.19
OUT_19929,249.64
OUT_19930,78.39
OUT_19931,262.37
OUT_19932,86.1
OUT_19933,72.43
OUT_19934,902.1
OUT_19935,953.93
OUT_19936,74.28
OUT_19937,256.65
OUT_19938,63.76
OUT_19939,81.65
OUT_19940,940.36
OUT_19941,904.64
OUT_19942,76.57
OUT_19943,937.92
OUT_19944,87.83
OUT_19945,74.86
OUT_19946,80.75
OUT_19947,932.68
OUT_19948,84.54
OUT_19949,77.24
OUT_19950,72.07
OUT_19951,906.74
OUT_19952,69.65
OUT_19953,237.92
OUT_19954,841.81
OUT_19955,82.53
OUT_19956,76.57
OUT_19957,898.84
OUT_19958,78.65
OUT_19959,908.19
OUT_19960,921.56
OUT_19961,65.41
OUT_19962,258.69
OUT_19963,80.01
OUT_19964,252.06
OUT_19965,259.09
OUT_19966,72.44
OUT_19967,70.15
OUT_19968,75.49
OUT_19969,73.83
OUT_19970,257.07
OUT_19971,262.05
OUT_19972,74.63
OUT_19973,77.89
OUT_19974,75.92
OUT_19975,258.67
OUT_19976,71.99
OUT_19977,2104.86
OUT_19978,937.83
OUT_19979,250.49
OUT_19980,72.49
OUT_19981,77.4
OUT_19982,75.26
OUT_19983,82.1
OUT_19984,256.36
OUT_19985,910.26
OUT_19986,249.87
OUT_19987,76.45
OUT_19988,74.52
OUT_19989,75.98
OUT_19990,77.08
OUT_19991,940.38
OUT_19992,256.97
OUT_19993,254.69
OUT_19994,254.85
OUT_19995,247.99
OUT_19996,265.42
OUT_19997,89.75
OUT_19998,254.84
OUT_19999,72.14
OUT_20000,66.61
