Outlet_ID,Trade_Spend_Allocation_LKR
OUT_03556,2550.0
OUT_02351,2550.0
OUT_00039,2550.0
OUT_01997,2550.0
OUT_03577,2550.0
OUT_05198,2550.0
OUT_01878,2550.0
OUT_00010,2550.0
OUT_02288,2550.0
OUT_00026,2550.0
OUT_08305,2550.0
OUT_00399,2550.0
OUT_00389,2550.0
OUT_00877,2550.0
OUT_00271,2550.0
OUT_04399,2550.0
OUT_04061,2550.0
OUT_05658,2550.0
OUT_03370,2550.0
OUT_08992,2550.0
OUT_08583,2550.0
OUT_06490,2550.0
OUT_06340,2550.0
OUT_01877,2550.0
OUT_00246,2550.0
OUT_04606,2550.0
OUT_04062,2550.0
OUT_00579,2550.0
OUT_07600,2550.0
OUT_08355,2550.0
OUT_03451,2550.0
OUT_06433,2550.0
OUT_08280,2550.0
OUT_08275,2550.0
OUT_05540,2550.0
OUT_02883,2550.0
OUT_03669,2550.0
OUT_04131,2550.0
OUT_02800,2550.0
OUT_03932,2550.0
OUT_06884,2550.0
OUT_00044,2550.0
OUT_02034,2550.0
OUT_06718,2550.0
OUT_08526,2550.0
OUT_00040,2550.0
OUT_04471,2550.0
OUT_07505,2550.0
OUT_00303,2550.0
OUT_02083,2550.0
OUT_00398,2550.0
OUT_05984,2550.0
OUT_00684,2550.0
OUT_03165,2550.0
OUT_06784,2550.0
OUT_06097,2550.0
OUT_03312,2550.0
OUT_07817,2550.0
OUT_08218,2550.0
OUT_02765,2550.0
OUT_00100,2550.0
OUT_01440,2550.0
OUT_06922,2550.0
OUT_01203,2550.0
OUT_00076,2550.0
OUT_02758,2550.0
OUT_02523,2550.0
OUT_07451,2550.0
OUT_08761,2550.0
OUT_00262,2550.0
OUT_04249,2550.0
OUT_02684,2550.0
OUT_05071,2550.0
OUT_06860,2550.0
OUT_02236,2550.0
OUT_04640,2550.0
OUT_02243,2550.0
OUT_03129,2550.0
OUT_04033,2550.0
OUT_03288,2550.0
OUT_07156,2550.0
OUT_06568,2550.0
OUT_05166,2550.0
OUT_00834,2550.0
OUT_08271,2550.0
OUT_05804,2550.0
OUT_01499,2550.0
OUT_07440,2550.0
OUT_08541,2550.0
OUT_05430,2550.0
OUT_04992,2550.0
OUT_04414,2550.0
OUT_00388,2550.0
OUT_07617,2550.0
OUT_02135,2550.0
OUT_05170,2550.0
OUT_07967,2550.0
OUT_00643,2550.0
OUT_02028,2550.0
OUT_00078,2550.0
OUT_07504,2550.0
OUT_05523,2550.0
OUT_04449,2550.0
OUT_01932,2550.0
OUT_03911,2550.0
OUT_03891,2550.0
OUT_04702,2550.0
OUT_03723,2550.0
OUT_01073,2550.0
OUT_08186,2550.0
OUT_03910,2550.0
OUT_05522,2550.0
OUT_02427,2550.0
OUT_02018,2550.0
OUT_05233,2550.0
OUT_06439,2550.0
OUT_07302,2550.0
OUT_07362,2550.0
OUT_02890,2550.0
OUT_01391,2550.0
OUT_05716,2550.0
OUT_04928,2550.0
OUT_04108,2550.0
OUT_06153,2550.0
OUT_06650,2550.0
OUT_05406,2550.0
OUT_05384,2550.0
OUT_06243,2550.0
OUT_02740,2550.0
OUT_08884,2550.0
OUT_00337,2550.0
OUT_05606,2550.0
OUT_04737,2550.0
OUT_02133,2550.0
OUT_01197,2550.0
OUT_00094,2550.0
OUT_07390,2550.0
OUT_02181,2550.0
OUT_03809,2550.0
OUT_03281,2550.0
OUT_05623,2550.0
OUT_01195,2550.0
OUT_00694,2550.0
OUT_03148,2550.0
OUT_08831,2550.0
OUT_00168,2550.0
OUT_04807,2550.0
OUT_06866,2550.0
OUT_03643,2550.0
OUT_01218,2550.0
OUT_04568,2550.0
OUT_07639,2550.0
OUT_07044,2550.0
OUT_07901,2550.0
OUT_03484,2550.0
OUT_00551,2550.0
OUT_06373,2550.0
OUT_08739,2550.0
OUT_00310,2550.0
OUT_00336,2550.0
OUT_02647,2550.0
OUT_00374,2550.0
OUT_08506,2550.0
OUT_02276,2550.0
OUT_08858,2550.0
OUT_08636,2550.0
OUT_08182,2550.0
OUT_08100,2550.0
OUT_02667,2550.0
OUT_07235,2550.0
OUT_06151,2550.0
OUT_03097,2550.0
OUT_00140,2550.0
OUT_03705,2550.0
OUT_00396,2550.0
OUT_04239,2550.0
OUT_05168,2550.0
OUT_08658,2550.0
OUT_07335,2550.0
OUT_02445,2550.0
OUT_03074,2550.0
OUT_08206,2550.0
OUT_03213,2550.0
OUT_06327,2550.0
OUT_08083,2550.0
OUT_03018,2550.0
OUT_07879,2550.0
OUT_07243,2550.0
OUT_03849,2550.0
OUT_02546,2550.0
OUT_07144,2550.0
OUT_05250,2550.0
OUT_07845,2550.0
OUT_05778,2550.0
OUT_00333,2550.0
OUT_01307,2550.0
OUT_07148,2550.0
OUT_08217,2550.0
OUT_07204,2550.0
OUT_06212,2550.0
OUT_04442,2550.0
OUT_02836,2550.0
OUT_06933,2550.0
OUT_07285,2550.0
OUT_08442,2550.0
OUT_04734,2550.0
OUT_04621,2550.0
OUT_05248,2550.0
OUT_03567,2550.0
OUT_05057,2550.0
OUT_05914,2550.0
OUT_02932,2550.0
OUT_08437,2550.0
OUT_05455,2550.0
OUT_00856,2550.0
OUT_01477,2550.0
OUT_05575,2550.0
OUT_06803,2550.0
OUT_08382,2550.0
OUT_01207,2550.0
OUT_00792,2550.0
OUT_00924,2550.0
OUT_04174,2550.0
OUT_03957,2550.0
OUT_03186,2550.0
OUT_04846,2550.0
OUT_04299,2550.0
OUT_01603,2550.0
OUT_08956,2550.0
OUT_04507,2550.0
OUT_04261,2550.0
OUT_03330,2550.0
OUT_00691,2550.0
OUT_00196,2550.0
OUT_01512,2550.0
OUT_02212,2550.0
OUT_05410,2550.0
OUT_03125,2550.0
OUT_08605,2550.0
OUT_05696,2550.0
OUT_00130,2550.0
OUT_06176,2550.0
OUT_04308,2550.0
OUT_01085,2550.0
OUT_03724,2550.0
OUT_08129,2550.0
OUT_06485,2550.0
OUT_07413,2550.0
OUT_02636,2550.0
OUT_02358,2550.0
OUT_05495,2550.0
OUT_00799,2550.0
OUT_06615,2550.0
OUT_02376,2550.0
OUT_03212,2550.0
OUT_04939,2550.0
OUT_07492,2550.0
OUT_08025,2550.0
OUT_08827,2550.0
OUT_07048,2550.0
OUT_00952,2550.0
OUT_00032,2550.0
OUT_03893,2550.0
OUT_07582,2550.0
OUT_05538,2550.0
OUT_04708,2550.0
OUT_05592,2550.0
OUT_07467,2550.0
OUT_08090,2550.0
OUT_07187,2550.0
OUT_00454,2550.0
OUT_03230,2550.0
OUT_05759,2550.0
OUT_06906,2550.0
OUT_02804,2550.0
OUT_04183,2550.0
OUT_07893,2550.0
OUT_08247,2550.0
OUT_00001,2550.0
OUT_00255,2550.0
OUT_05691,2550.0
OUT_05885,2550.0
OUT_04678,2550.0
OUT_02313,2550.0
OUT_02482,2550.0
OUT_04720,2550.0
OUT_08673,2550.0
OUT_00815,2550.0
OUT_07577,2550.0
OUT_04342,2550.0
OUT_07911,2550.0
OUT_06510,2550.0
OUT_03355,2550.0
OUT_05647,2550.0
OUT_05156,2550.0
OUT_07396,2550.0
OUT_04836,2550.0
OUT_07795,2550.0
OUT_08719,2550.0
OUT_07791,2550.0
OUT_08032,2550.0
OUT_07408,2550.0
OUT_08474,2550.0
OUT_04466,2550.0
OUT_00045,2550.0
OUT_01660,2550.0
OUT_02759,2550.0
OUT_03850,2550.0
OUT_05117,2550.0
OUT_01780,2550.0
OUT_02824,2550.0
OUT_02865,2550.0
OUT_05756,2550.0
OUT_00497,2550.0
OUT_04817,2550.0
OUT_06826,2550.0
OUT_05005,2550.0
OUT_02714,2550.0
OUT_06049,2550.0
OUT_02312,2550.0
OUT_06361,2550.0
OUT_00190,2550.0
OUT_05159,2550.0
OUT_03358,2550.0
OUT_01409,2550.0
OUT_05056,2550.0
OUT_07310,2550.0
OUT_01593,2550.0
OUT_04402,2550.0
OUT_02294,2550.0
OUT_02026,2550.0
OUT_01844,2550.0
OUT_08677,2550.0
OUT_05253,2550.0
OUT_08666,2550.0
OUT_06453,2550.0
OUT_03031,2550.0
OUT_08537,2550.0
OUT_02792,2550.0
OUT_04903,2550.0
OUT_07519,2550.0
OUT_00881,2550.0
OUT_08333,2550.0
OUT_03388,2550.0
OUT_01099,2550.0
OUT_04641,2550.0
OUT_04755,2550.0
OUT_05029,2550.0
OUT_00052,2550.0
OUT_08979,2550.0
OUT_00951,2550.0
OUT_00442,2550.0
OUT_03906,2550.0
OUT_08865,2550.0
OUT_04384,2550.0
OUT_08119,2550.0
OUT_06647,2550.0
OUT_03764,2550.0
OUT_01006,2550.0
OUT_01709,2550.0
OUT_04607,2550.0
OUT_08764,2550.0
OUT_06462,2550.0
OUT_04293,2550.0
OUT_06170,2550.0
OUT_02328,2550.0
OUT_07980,2550.0
OUT_00291,2550.0
OUT_03591,2550.0
OUT_02242,2550.0
OUT_03206,2550.0
OUT_05743,2550.0
OUT_01506,2550.0
OUT_07944,2550.0
OUT_04835,2550.0
OUT_06050,2550.0
OUT_02541,2550.0
OUT_00364,2550.0
OUT_07008,2550.0
OUT_08233,2550.0
OUT_06367,2550.0
OUT_06065,2550.0
OUT_07322,2550.0
OUT_08958,2550.0
OUT_07527,2550.0
OUT_03174,2550.0
OUT_00051,2550.0
OUT_06299,2550.0
OUT_02858,2550.0
OUT_06586,2550.0
OUT_06277,2550.0
OUT_02176,2550.0
OUT_08875,2550.0
OUT_06629,2550.0
OUT_07626,2550.0
OUT_02578,2550.0
OUT_06665,2550.0
OUT_01495,2550.0
OUT_06764,2550.0
OUT_00907,2550.0
OUT_00104,2550.0
OUT_02099,2550.0
OUT_08744,2550.0
OUT_02753,2550.0
OUT_00366,2550.0
OUT_07643,2550.0
OUT_02365,2550.0
OUT_05292,2550.0
OUT_01886,2550.0
OUT_02225,2550.0
OUT_06127,2550.0
OUT_01279,2550.0
OUT_02314,2550.0
OUT_03239,2550.0
OUT_07061,2550.0
OUT_02745,2550.0
OUT_06818,2550.0
OUT_08243,2550.0
OUT_06561,2550.0
OUT_04477,2550.0
OUT_08705,2550.0
OUT_08785,2550.0
OUT_00356,2550.0
OUT_04444,2550.0
OUT_00358,2550.0
OUT_02392,2550.0
OUT_02969,2550.0
OUT_01784,2550.0
OUT_04368,2550.0
OUT_08565,2550.0
OUT_04282,2550.0
OUT_03781,2550.0
OUT_08007,2550.0
OUT_01078,2550.0
OUT_06088,2550.0
OUT_04575,2550.0
OUT_01352,2550.0
OUT_03964,2550.0
OUT_00762,2550.0
OUT_08179,2550.0
OUT_02892,2550.0
OUT_00072,2550.0
OUT_08577,2550.0
OUT_05022,2550.0
OUT_04161,2550.0
OUT_06523,2550.0
OUT_05333,2550.0
OUT_00876,2550.0
OUT_00060,2550.0
OUT_00604,2550.0
OUT_03570,2550.0
OUT_02508,2550.0
OUT_04413,2550.0
OUT_05270,2550.0
OUT_06760,2550.0
OUT_05988,2550.0
OUT_05239,2550.0
OUT_06915,2550.0
OUT_05884,2550.0
OUT_04706,2550.0
OUT_00179,2550.0
OUT_03228,2550.0
OUT_05185,2550.0
OUT_08999,2550.0
OUT_04941,2550.0
OUT_04599,2550.0
OUT_00639,2550.0
OUT_00054,2550.0
OUT_08026,2550.0
OUT_00592,2550.0
OUT_04104,2550.0
OUT_03386,2550.0
OUT_07089,2550.0
OUT_02303,2550.0
OUT_07195,2550.0
OUT_08362,2550.0
OUT_00506,2550.0
OUT_04731,2550.0
OUT_06643,2550.0
OUT_04729,2550.0
OUT_06197,2550.0
OUT_07081,2550.0
OUT_07233,2550.0
OUT_08906,2550.0
OUT_05736,2550.0
OUT_06250,2550.0
OUT_01236,2550.0
OUT_06602,2550.0
OUT_07914,2550.0
OUT_05657,2550.0
OUT_08169,2550.0
OUT_08721,2550.0
OUT_08029,2550.0
OUT_07151,2550.0
OUT_01100,2550.0
OUT_08997,2550.0
OUT_06839,2550.0
OUT_04808,2550.0
OUT_00125,2550.0
OUT_04583,2550.0
OUT_00764,2550.0
OUT_00870,2550.0
OUT_07298,2550.0
OUT_00113,2550.0
OUT_08262,2550.0
OUT_08252,2550.0
OUT_07455,2550.0
OUT_03564,2550.0
OUT_04659,2550.0
OUT_01293,2550.0
OUT_03533,2550.0
OUT_08885,2550.0
OUT_08789,2550.0
OUT_02104,2550.0
OUT_07720,2550.0
OUT_03184,2550.0
OUT_07041,2550.0
OUT_03359,2550.0
OUT_05470,2550.0
OUT_07572,2550.0
OUT_06880,2550.0
OUT_01725,2550.0
OUT_00841,2550.0
OUT_08135,2550.0
OUT_08165,2550.0
OUT_03133,2550.0
OUT_04873,2550.0
OUT_06444,2550.0
OUT_07512,2550.0
OUT_07317,2550.0
OUT_02562,2550.0
OUT_06215,2550.0
OUT_00186,2550.0
OUT_05937,2550.0
OUT_01244,2550.0
OUT_02422,2550.0
OUT_03829,2550.0
OUT_07940,2550.0
OUT_01461,2550.0
OUT_05667,2550.0
OUT_06863,2550.0
OUT_00524,2550.0
OUT_00250,2550.0
OUT_02681,2550.0
OUT_04888,2550.0
OUT_02458,2550.0
OUT_02510,2550.0
OUT_04812,2550.0
OUT_07391,2550.0
OUT_04897,2550.0
OUT_04276,2550.0
OUT_04092,2550.0
OUT_00070,2550.0
OUT_07143,2550.0
OUT_00402,2550.0
OUT_04872,2550.0
OUT_02594,2550.0
OUT_02956,2550.0
OUT_03529,2550.0
OUT_02604,2550.0
OUT_01473,2550.0
OUT_05256,2550.0
OUT_01875,2550.0
OUT_07831,2550.0
OUT_01528,2550.0
OUT_02341,2550.0
OUT_01764,2550.0
OUT_08756,2550.0
OUT_07810,2550.0
OUT_00903,2550.0
OUT_05478,2550.0
OUT_01272,2550.0
OUT_00219,2550.0
OUT_07321,2550.0
OUT_07928,2550.0
OUT_07927,2550.0
OUT_06437,2550.0
OUT_01075,2550.0
OUT_04879,2550.0
OUT_05782,2550.0
OUT_01807,2550.0
OUT_07219,2550.0
OUT_07496,2550.0
OUT_08708,2550.0
OUT_00606,2550.0
OUT_04925,2550.0
OUT_05258,2550.0
OUT_06545,2550.0
OUT_05223,2550.0
OUT_04679,2550.0
OUT_01747,2550.0
OUT_06262,2550.0
OUT_06996,2550.0
OUT_07658,2550.0
OUT_00663,2550.0
OUT_08099,2550.0
OUT_02321,2550.0
OUT_00112,2550.0
OUT_08331,2550.0
OUT_07970,2550.0
OUT_03454,2550.0
OUT_07141,2550.0
OUT_00215,2550.0
OUT_04884,2550.0
OUT_08840,2550.0
OUT_02697,2550.0
OUT_06285,2550.0
OUT_08138,2550.0
OUT_00328,2550.0
OUT_00017,2550.0
OUT_00781,2550.0
OUT_01559,2550.0
OUT_05095,2550.0
OUT_04158,2550.0
OUT_00381,2550.0
OUT_04236,2550.0
OUT_03296,2550.0
OUT_07786,2550.0
OUT_07258,2550.0
OUT_05231,2550.0
OUT_07985,2550.0
OUT_08634,2550.0
OUT_00865,2550.0
OUT_03616,2550.0
OUT_04600,2550.0
OUT_07414,2550.0
OUT_01838,2550.0
OUT_06993,2550.0
OUT_00131,2550.0
OUT_08953,2550.0
OUT_03373,2550.0
OUT_08062,2550.0
OUT_06888,2550.0
OUT_01930,2550.0
OUT_08178,2550.0
OUT_03371,2550.0
OUT_07411,2550.0
OUT_01320,2550.0
OUT_00867,2550.0
OUT_02794,2550.0
OUT_00105,2550.0
OUT_00600,2550.0
OUT_01546,2550.0
OUT_00417,2550.0
OUT_00135,2550.0
OUT_08061,2550.0
OUT_03498,2550.0
OUT_06797,2550.0
OUT_01643,2550.0
OUT_04032,2550.0
OUT_02404,2550.0
OUT_02165,2550.0
OUT_02177,2550.0
OUT_05852,2550.0
OUT_06387,2550.0
OUT_00152,2550.0
OUT_07113,2550.0
OUT_00521,2550.0
OUT_02936,2550.0
OUT_03651,2550.0
OUT_03741,2550.0
OUT_03611,2550.0
OUT_08556,2550.0
OUT_01701,2550.0
OUT_07713,2550.0
OUT_04781,2550.0
OUT_01032,2550.0
OUT_00782,2550.0
OUT_08699,2550.0
OUT_00857,2550.0
OUT_07956,2550.0
OUT_00160,2550.0
OUT_08292,2550.0
OUT_00591,2550.0
OUT_08647,2550.0
OUT_01472,2550.0
OUT_00284,2550.0
OUT_00099,2550.0
OUT_07590,2550.0
OUT_06379,2550.0
OUT_01369,2550.0
OUT_04453,2550.0
OUT_02652,2550.0
OUT_00117,2550.0
OUT_06161,2550.0
OUT_03569,2550.0
OUT_02616,2550.0
OUT_01825,2550.0
OUT_08581,2550.0
OUT_01629,2550.0
OUT_01712,2550.0
OUT_03421,2550.0
OUT_05692,2550.0
OUT_04383,2550.0
OUT_01488,2550.0
OUT_06600,2550.0
OUT_00128,2550.0
OUT_01803,2550.0
OUT_03988,2550.0
OUT_02459,2550.0
OUT_03219,2550.0
OUT_02501,2550.0
OUT_00367,2550.0
OUT_06265,2550.0
OUT_04979,2550.0
OUT_04289,2550.0
OUT_03418,2550.0
OUT_02000,2550.0
OUT_01937,2550.0
OUT_06460,2550.0
OUT_08637,2550.0
OUT_08159,2550.0
OUT_06720,2550.0
OUT_04497,2550.0
OUT_07671,2550.0
OUT_06266,2550.0
OUT_04260,2550.0
OUT_07305,2550.0
OUT_08493,2550.0
OUT_07236,2550.0
OUT_02520,2550.0
OUT_01820,2550.0
OUT_07625,2550.0
OUT_03803,2550.0
OUT_06956,2550.0
OUT_00973,2550.0
OUT_03678,2550.0
OUT_07792,2550.0
OUT_08604,2550.0
OUT_08438,2550.0
OUT_08592,2550.0
OUT_01133,2550.0
OUT_05882,2550.0
OUT_05544,2550.0
OUT_02822,2550.0
OUT_04056,2550.0
OUT_08081,2550.0
OUT_07332,2550.0
OUT_02295,2550.0
OUT_00167,2550.0
OUT_01588,2550.0
OUT_01887,2550.0
OUT_02538,2550.0
OUT_07533,2550.0
OUT_02059,2550.0
OUT_06677,2550.0
OUT_08173,2550.0
OUT_00146,2550.0
OUT_07918,2550.0
OUT_05956,2550.0
OUT_08388,2550.0
OUT_02515,2550.0
OUT_02997,2550.0
OUT_00121,2550.0
OUT_00677,2550.0
OUT_05889,2550.0
OUT_00689,2550.0
OUT_04634,2550.0
OUT_08929,2550.0
OUT_03592,2550.0
OUT_04889,2550.0
OUT_07804,2550.0
OUT_01346,2550.0
OUT_02830,2550.0
OUT_00589,2550.0
OUT_00682,2550.0
OUT_03155,2550.0
OUT_05112,2550.0
OUT_08458,2550.0
OUT_03986,2550.0
OUT_01058,2550.0
OUT_02950,2550.0
OUT_00664,2550.0
OUT_04612,2550.0
OUT_03345,2550.0
OUT_08916,2550.0
OUT_02187,2550.0
OUT_08187,2550.0
OUT_06832,2550.0
OUT_05537,2550.0
OUT_05062,2550.0
OUT_04553,2550.0
OUT_06356,2550.0
OUT_07161,2550.0
OUT_06914,2550.0
OUT_03989,2550.0
OUT_02902,2550.0
OUT_02832,2550.0
OUT_06420,2550.0
OUT_06026,2550.0
OUT_04605,2550.0
OUT_04226,2550.0
OUT_05845,2550.0
OUT_07857,2550.0
OUT_07760,2550.0
OUT_02895,2550.0
OUT_03101,2550.0
OUT_03862,2550.0
OUT_02966,2550.0
OUT_07679,2550.0
OUT_05134,2550.0
OUT_05757,2550.0
OUT_08931,2550.0
OUT_02841,2550.0
OUT_03610,2550.0
OUT_04133,2550.0
OUT_06454,2550.0
OUT_00847,2550.0
OUT_02986,2550.0
OUT_05968,2550.0
OUT_00084,2550.0
OUT_03667,2550.0
OUT_00788,2550.0
OUT_01357,2550.0
OUT_02204,2550.0
OUT_04105,2550.0
OUT_04136,2550.0
OUT_03316,2550.0
OUT_00202,2550.0
OUT_00307,2550.0
OUT_08046,2550.0
OUT_00913,2550.0
OUT_05072,2550.0
OUT_04830,2550.0
OUT_08452,2550.0
OUT_04232,2550.0
OUT_01965,2550.0
OUT_04086,2550.0
OUT_08234,2550.0
OUT_03634,2550.0
OUT_08049,2550.0
OUT_01861,2550.0
OUT_01074,2550.0
OUT_05815,2550.0
OUT_00504,2550.0
OUT_05304,2550.0
OUT_07183,2550.0
OUT_06287,2550.0
OUT_00645,2550.0
OUT_03077,2550.0
OUT_03982,2550.0
OUT_01868,2550.0
OUT_00275,2550.0
OUT_04997,2550.0
OUT_08260,2550.0
OUT_01146,2550.0
OUT_07138,2550.0
OUT_05129,2550.0
OUT_07736,2550.0
OUT_00222,2550.0
OUT_01277,2550.0
OUT_04020,2550.0
OUT_06268,2550.0
OUT_04372,2550.0
OUT_02457,2550.0
OUT_07892,2550.0
OUT_00214,2550.0
OUT_00947,2550.0
OUT_07943,2550.0
OUT_07149,2550.0
OUT_08812,2550.0
OUT_06591,2550.0
OUT_03765,2550.0
OUT_06205,2550.0
OUT_04472,2550.0
OUT_01953,2550.0
OUT_07536,2550.0
OUT_01757,2550.0
OUT_03458,2550.0
OUT_08167,2550.0
OUT_07053,2550.0
OUT_02359,2550.0
OUT_04581,2550.0
OUT_01090,2550.0
OUT_00029,2550.0
OUT_08030,2550.0
OUT_04227,2550.0
OUT_08205,2550.0
OUT_07688,2550.0
OUT_04887,2550.0
OUT_01094,2550.0
OUT_06631,2550.0
OUT_08913,2550.0
OUT_01210,2550.0
OUT_08483,2550.0
OUT_00344,2550.0
OUT_08464,2550.0
OUT_06628,2550.0
OUT_08037,2550.0
OUT_04128,2550.0
OUT_08330,2550.0
OUT_01741,2550.0
OUT_07781,2550.0
OUT_06381,2550.0
OUT_00734,2550.0
OUT_02596,2550.0
OUT_06016,2550.0
OUT_03818,2550.0
OUT_07101,2550.0
OUT_03435,2550.0
OUT_06902,2550.0
OUT_08819,2550.0
OUT_08777,2550.0
OUT_07009,2550.0
OUT_02186,2550.0
OUT_02761,2550.0
OUT_03684,2550.0
OUT_04772,2550.0
OUT_00115,2550.0
OUT_01827,2550.0
OUT_00254,2550.0
OUT_05803,2550.0
OUT_05572,2550.0
OUT_08427,2550.0
OUT_00905,2550.0
OUT_00013,2550.0
OUT_02930,2550.0
OUT_00124,2550.0
OUT_00508,2550.0
OUT_05656,2550.0
OUT_04031,2550.0
OUT_02046,2550.0
OUT_04211,2550.0
OUT_05004,2550.0
OUT_03081,2550.0
OUT_00074,2550.0
OUT_04029,2550.0
OUT_05906,2550.0
OUT_03142,2550.0
OUT_03869,2550.0
OUT_01284,2550.0
OUT_07329,2550.0
OUT_07240,2550.0
OUT_02962,2550.0
OUT_06820,2550.0
OUT_05471,2550.0
OUT_05960,2550.0
OUT_07002,2550.0
OUT_06538,2550.0
OUT_01619,2550.0
OUT_07456,2550.0
OUT_02517,2550.0
OUT_07739,2550.0
OUT_05552,2550.0
OUT_00158,2550.0
OUT_02440,2550.0
OUT_02531,2550.0
OUT_03605,2550.0
OUT_07445,2550.0
OUT_00322,2550.0
OUT_00332,2550.0
OUT_06704,2550.0
OUT_07485,2550.0
OUT_03866,2550.0
OUT_04425,2550.0
OUT_08436,2550.0
OUT_04070,2550.0
OUT_08818,2550.0
OUT_03907,2550.0
OUT_06489,2550.0
OUT_03119,2550.0
OUT_08412,2550.0
OUT_05633,2550.0
OUT_05025,2550.0
OUT_03503,2550.0
OUT_02201,2550.0
OUT_08226,2550.0
OUT_01035,2550.0
OUT_00649,2550.0
OUT_04396,2550.0
OUT_03493,2550.0
OUT_05287,2550.0
OUT_07596,2550.0
OUT_03745,2550.0
OUT_01375,2550.0
OUT_03524,2550.0
OUT_03208,2550.0
OUT_02466,2550.0
OUT_06763,2550.0
OUT_06904,2550.0
OUT_02665,2550.0
OUT_08704,2550.0
OUT_00431,2550.0
OUT_04423,2550.0
OUT_08257,2550.0
OUT_08881,2550.0
OUT_08841,2550.0
OUT_03963,2550.0
OUT_01052,2550.0
OUT_00062,2550.0
OUT_00736,2550.0
OUT_06193,2550.0
OUT_07644,2550.0
OUT_07122,2550.0
OUT_05829,2550.0
OUT_03635,2550.0
OUT_01349,2550.0
OUT_05051,2550.0
OUT_04122,2550.0
OUT_07392,2550.0
OUT_00751,2550.0
OUT_07203,2550.0
OUT_02943,2550.0
OUT_02864,2550.0
OUT_06075,2550.0
OUT_04758,2550.0
OUT_03450,2550.0
OUT_06815,2550.0
OUT_05838,2550.0
OUT_03959,2550.0
OUT_01679,2550.0
OUT_04059,2550.0
OUT_08904,2550.0
OUT_08532,2550.0
OUT_03287,2550.0
OUT_06663,2550.0
OUT_04875,2550.0
OUT_06954,2550.0
OUT_03676,2550.0
OUT_05045,2550.0
OUT_00613,2550.0
OUT_04667,2550.0
OUT_07725,2550.0
OUT_04139,2550.0
OUT_08222,2550.0
OUT_00614,2550.0
OUT_07681,2550.0
OUT_04785,2550.0
OUT_04154,2550.0
OUT_04048,2550.0
OUT_07498,2550.0
OUT_00909,2550.0
OUT_00486,2550.0
OUT_06045,2550.0
OUT_01521,2550.0
OUT_03694,2550.0
OUT_05855,2550.0
OUT_00208,2550.0
OUT_06192,2550.0
OUT_00082,2550.0
OUT_05948,2550.0
OUT_05354,2550.0
OUT_08368,2550.0
OUT_05679,2550.0
OUT_01283,2550.0
OUT_05997,2550.0
OUT_08823,2550.0
OUT_05581,2550.0
OUT_08120,2550.0
OUT_05428,2550.0
OUT_00609,2550.0
OUT_07581,2550.0
OUT_03406,2550.0
OUT_02734,2550.0
OUT_08092,2550.0
OUT_00616,2550.0
OUT_07773,2550.0
OUT_01366,2550.0
OUT_02601,2550.0
OUT_04795,2550.0
OUT_03536,2550.0
OUT_03748,2550.0
OUT_02686,2550.0
OUT_04803,2550.0
OUT_05887,2550.0
OUT_04589,2550.0
OUT_02871,2550.0
OUT_05619,2550.0
OUT_05387,2550.0
OUT_03861,2550.0
OUT_02446,2550.0
OUT_00789,2550.0
OUT_06895,2550.0
OUT_06370,2550.0
OUT_04094,2550.0
OUT_03655,2550.0
OUT_03251,2550.0
OUT_02808,2550.0
OUT_04258,2550.0
OUT_06315,2550.0
OUT_03217,2550.0
OUT_07935,2550.0
OUT_00823,2550.0
OUT_03096,2550.0
OUT_02078,2550.0
OUT_03075,2550.0
OUT_08784,2550.0
OUT_01448,2550.0
OUT_04153,2550.0
OUT_07920,2550.0
OUT_08692,2550.0
OUT_05128,2550.0
OUT_08681,2550.0
OUT_00047,2550.0
OUT_00803,2550.0
OUT_01631,2550.0
OUT_00145,2550.0
OUT_00430,2550.0
OUT_08258,2550.0
OUT_06626,2550.0
OUT_04610,2550.0
OUT_00965,2550.0
OUT_00590,2550.0
OUT_05754,2550.0
OUT_04143,2550.0
OUT_05776,2550.0
OUT_02581,2550.0
OUT_08730,2550.0
OUT_05245,2550.0
OUT_01563,2550.0
OUT_01419,2550.0
OUT_02077,2550.0
OUT_02219,2550.0
OUT_05543,2550.0
OUT_04665,2550.0
OUT_03311,2550.0
OUT_01220,2550.0
OUT_00169,2550.0
OUT_06375,2550.0
OUT_07834,2550.0
OUT_00449,2550.0
OUT_02813,2550.0
OUT_06738,2550.0
OUT_00011,2550.0
OUT_00269,2550.0
OUT_05023,2550.0
OUT_00380,2550.0
OUT_07614,2550.0
OUT_00644,2550.0
OUT_08400,2550.0
OUT_08273,2550.0
OUT_07241,2550.0
OUT_03431,2550.0
OUT_03499,2550.0
OUT_01851,2550.0
OUT_05281,2550.0
OUT_01894,2550.0
OUT_01605,2550.0
OUT_05850,2550.0
OUT_04052,2550.0
OUT_08190,2550.0
OUT_07575,2550.0
OUT_01367,2550.0
OUT_02989,2550.0
OUT_03059,2550.0
OUT_00925,2550.0
OUT_00335,2550.0
OUT_06886,2550.0
OUT_07313,2550.0
OUT_04802,2550.0
OUT_02860,2550.0
OUT_08177,2550.0
OUT_00210,2550.0
OUT_07826,2550.0
OUT_08552,2550.0
OUT_02421,2550.0
OUT_03804,2550.0
OUT_07245,2550.0
OUT_08767,2550.0
OUT_00912,2550.0
OUT_05372,2550.0
OUT_01554,2550.0
OUT_00021,2550.0
OUT_04598,2550.0
OUT_07418,2550.0
OUT_04428,2550.0
OUT_03467,2550.0
OUT_00686,2550.0
OUT_06284,2550.0
OUT_05448,2550.0
OUT_00593,2550.0
OUT_06264,2550.0
OUT_00775,2550.0
OUT_05735,2550.0
OUT_03534,2550.0
OUT_00191,2550.0
OUT_01245,2550.0
OUT_05508,2550.0
OUT_08849,2550.0
OUT_03402,2550.0
OUT_06732,2550.0
OUT_01802,2550.0
OUT_00392,2550.0
OUT_03859,2550.0
OUT_01841,2550.0
OUT_00236,2550.0
OUT_08657,2550.0
OUT_03960,2550.0
OUT_08676,2550.0
OUT_01906,2550.0
OUT_07311,2550.0
OUT_08387,2550.0
OUT_06953,2550.0
OUT_04547,2550.0
OUT_00312,2550.0
OUT_04095,2550.0
OUT_05091,2550.0
OUT_02364,2550.0
OUT_07135,2550.0
OUT_03500,2550.0
OUT_05135,2550.0
OUT_00463,2550.0
OUT_05564,2550.0
OUT_00276,2550.0
OUT_01060,2550.0
OUT_01961,2550.0
OUT_06009,2550.0
OUT_00226,2550.0
OUT_01589,2550.0
OUT_01922,2550.0
OUT_06813,2550.0
OUT_00621,2550.0
OUT_08921,2550.0
OUT_01980,2550.0
OUT_00014,2550.0
OUT_00166,2550.0
OUT_01033,2550.0
OUT_06024,2550.0
OUT_02999,2550.0
OUT_03182,2550.0
OUT_06881,2550.0
OUT_05337,2550.0
OUT_04181,2550.0
OUT_02852,2550.0
OUT_00182,2550.0
OUT_02774,2550.0
OUT_04367,2550.0
OUT_04618,2550.0
OUT_02573,2550.0
OUT_06751,2550.0
OUT_04393,2550.0
OUT_08874,2550.0
OUT_00172,2550.0
OUT_01041,2550.0
OUT_08097,2550.0
OUT_02267,2550.0
OUT_07472,2550.0
OUT_08782,2550.0
OUT_00617,2550.0
OUT_01416,2550.0
OUT_05302,2550.0
OUT_03680,2550.0
OUT_03482,2550.0
OUT_04088,2550.0
OUT_00242,2550.0
OUT_01556,2550.0
OUT_07769,2550.0
OUT_04971,2550.0
OUT_06032,2550.0
OUT_08899,2550.0
OUT_05321,2550.0
OUT_01991,2550.0
OUT_03730,2550.0
OUT_06480,2550.0
OUT_05903,2550.0
OUT_07157,2550.0
OUT_04999,2550.0
OUT_04309,2550.0
OUT_03283,2550.0
OUT_00634,2550.0
OUT_05147,2550.0
OUT_05828,2550.0
OUT_01408,2550.0
OUT_05714,2550.0
OUT_03260,2550.0
OUT_07539,2550.0
OUT_00466,2550.0
OUT_07010,2550.0
OUT_07872,2550.0
OUT_05286,2550.0
OUT_01944,2550.0
OUT_03235,2550.0
OUT_01351,2550.0
OUT_00280,2550.0
OUT_04382,2550.0
OUT_04791,2550.0
OUT_04654,2550.0
OUT_01290,2550.0
OUT_06147,2550.0
OUT_05900,2550.0
OUT_00119,2550.0
OUT_05786,2550.0
OUT_04949,2550.0
OUT_01766,2550.0
OUT_06410,2550.0
OUT_01045,2550.0
OUT_03572,2550.0
OUT_00434,2550.0
OUT_00991,2550.0
OUT_07497,2550.0
OUT_05176,2550.0
OUT_06671,2550.0
OUT_04254,2550.0
OUT_01356,2550.0
OUT_06189,2550.0
OUT_01806,2550.0
OUT_03738,2550.0
OUT_03320,2550.0
OUT_00237,2550.0
OUT_08947,2550.0
OUT_03314,2550.0
OUT_04221,2550.0
OUT_06821,2550.0
OUT_00581,2550.0
OUT_06992,2550.0
OUT_07982,2550.0
OUT_08877,2550.0
OUT_06350,2550.0
OUT_00994,2550.0
OUT_08069,2550.0
OUT_07139,2550.0
OUT_01591,2550.0
OUT_05940,2550.0
OUT_06974,2550.0
OUT_03103,2550.0
OUT_00069,2550.0
OUT_07923,2550.0
OUT_02680,2550.0
OUT_02334,2550.0
OUT_06843,2550.0
OUT_00378,2550.0
OUT_08624,2550.0
OUT_07991,2550.0
OUT_01152,2550.0
OUT_06182,2550.0
OUT_00126,2550.0
OUT_05712,2550.0
OUT_08008,2550.0
OUT_01164,2550.0
OUT_00501,2550.0
OUT_07422,2550.0
OUT_05568,2550.0
OUT_00087,2550.0
OUT_02727,2550.0
OUT_05269,2550.0
OUT_08054,2550.0
OUT_02586,2550.0
OUT_04028,2550.0
OUT_01086,2550.0
OUT_01557,2550.0
OUT_03623,2550.0
OUT_02688,2550.0
OUT_05694,2550.0
OUT_01939,2550.0
OUT_03353,2550.0
OUT_07695,2550.0
OUT_01730,2550.0
OUT_07520,2550.0
OUT_05050,2550.0
OUT_05202,2550.0
OUT_08948,1250.0
OUT_01425,1250.0
OUT_02755,1250.0
OUT_01507,1250.0
OUT_03856,1250.0
OUT_07827,1250.0
OUT_03902,1250.0
OUT_07300,1250.0
OUT_00491,1250.0
OUT_06508,1250.0
OUT_00266,1250.0
OUT_02398,1250.0
OUT_04676,1250.0
OUT_00170,1250.0
OUT_01624,1250.0
OUT_07647,1250.0
OUT_03379,1250.0
OUT_02863,1250.0
OUT_03933,1250.0
OUT_04465,1250.0
OUT_06770,1250.0
OUT_01970,1250.0
OUT_06102,1250.0
OUT_08219,1250.0
OUT_00005,1250.0
OUT_06293,1250.0
OUT_01650,1250.0
OUT_07172,1250.0
OUT_01147,1250.0
OUT_02837,1250.0
OUT_08236,1250.0
OUT_00871,1250.0
OUT_04360,1250.0
OUT_01533,1250.0
OUT_06362,1250.0
OUT_06027,1250.0
OUT_04039,1250.0
OUT_04478,1250.0
OUT_02405,1250.0
OUT_02016,1250.0
OUT_02957,1250.0
OUT_05432,1250.0
OUT_03088,1250.0
OUT_01708,1250.0
OUT_03396,1250.0
OUT_01183,1250.0
OUT_05358,1250.0
OUT_02397,1250.0
OUT_03697,1250.0
OUT_04822,1250.0
OUT_01101,1250.0
OUT_04698,1250.0
OUT_00582,1250.0
OUT_00652,1250.0
OUT_01485,1250.0
OUT_01453,1250.0
OUT_07482,1250.0
OUT_03983,1250.0
OUT_02231,1250.0
OUT_07450,1250.0
OUT_07988,1250.0
OUT_08484,1250.0
OUT_06733,1250.0
OUT_01322,1250.0
OUT_03771,1250.0
OUT_08051,1250.0
OUT_05205,1250.0
OUT_06975,1250.0
OUT_00267,1250.0
OUT_05313,1250.0
OUT_00151,1250.0
OUT_08572,1250.0
OUT_01525,1250.0
OUT_08883,1250.0
OUT_08959,1250.0
OUT_06688,1250.0
OUT_06931,1250.0
OUT_08763,1250.0
OUT_01912,1250.0
OUT_02160,1250.0
OUT_02098,1250.0
OUT_02129,1250.0
OUT_08611,1250.0
OUT_01869,1250.0
OUT_00668,1250.0
OUT_01348,1250.0
OUT_06970,1250.0
OUT_02857,1250.0
OUT_00188,1250.0
OUT_08108,1250.0
OUT_04206,1250.0
OUT_04586,1250.0
OUT_06658,1250.0
OUT_07436,1250.0
OUT_00956,1250.0
OUT_01975,1250.0
OUT_00086,1250.0
OUT_05347,1250.0
OUT_06746,1250.0
OUT_05799,1250.0
OUT_01291,1250.0
OUT_07937,1250.0
OUT_00048,1250.0
OUT_06962,1250.0
OUT_03204,1250.0
OUT_03576,1250.0
OUT_08588,1250.0
OUT_04783,1250.0
OUT_02931,1250.0
OUT_08066,1250.0
OUT_07718,1250.0
OUT_07349,1250.0
OUT_03774,1250.0
OUT_07334,1250.0
OUT_08086,1250.0
OUT_04871,1250.0
OUT_03302,1250.0
OUT_01189,1250.0
OUT_03276,1250.0
OUT_06737,1250.0
OUT_00324,1250.0
OUT_05073,1250.0
OUT_08822,1250.0
OUT_05943,1250.0
OUT_03979,1250.0
OUT_01853,1250.0
OUT_07325,1250.0
OUT_03100,1250.0
OUT_03403,1250.0
OUT_06578,1250.0
OUT_00093,1250.0
OUT_04776,1250.0
OUT_05104,1250.0
OUT_08969,1250.0
OUT_04034,1250.0
OUT_03227,1250.0
OUT_05571,1250.0
OUT_03164,1250.0
OUT_06692,1250.0
OUT_03580,1250.0
OUT_05220,1250.0
OUT_07068,1250.0
OUT_03821,1250.0
OUT_07129,1250.0
OUT_04867,1250.0
OUT_00954,1250.0
OUT_02911,1250.0
OUT_02157,1250.0
OUT_01214,1250.0
OUT_08747,1250.0
OUT_01321,1250.0
OUT_03513,1250.0
OUT_03972,1250.0
OUT_05558,1250.0
OUT_04489,1250.0
OUT_02783,1250.0
OUT_08237,1250.0
OUT_01759,1250.0
OUT_05899,1250.0
OUT_08080,1250.0
OUT_01828,1250.0
OUT_03350,1250.0
OUT_04987,1250.0
OUT_08035,1250.0
OUT_07529,1250.0
OUT_04322,1250.0
OUT_01438,1250.0
OUT_06775,1250.0
OUT_03887,1250.0
OUT_04457,1250.0
OUT_07891,1250.0
OUT_00770,1250.0
OUT_00308,1250.0
OUT_01501,1250.0
OUT_04804,1250.0
OUT_08264,1250.0
OUT_02843,1250.0
OUT_06507,1250.0
OUT_04357,1250.0
OUT_02555,1250.0
OUT_06091,1250.0
OUT_05990,1250.0
OUT_05625,1250.0
OUT_04164,1250.0
OUT_01949,1250.0
OUT_00136,1250.0
OUT_04793,1250.0
OUT_06540,1250.0
OUT_04280,1250.0
OUT_03201,1250.0
OUT_07276,1250.0
OUT_02330,1250.0
OUT_08320,1250.0
OUT_00963,1250.0
OUT_03732,1250.0
OUT_08011,1250.0
OUT_02390,1250.0
OUT_06235,1250.0
OUT_04986,1250.0
OUT_02666,1250.0
OUT_07299,1250.0
OUT_03782,1250.0
OUT_02339,1250.0
OUT_04944,1250.0
OUT_00866,1250.0
OUT_07728,1250.0
OUT_05980,1250.0
OUT_00568,1250.0
OUT_06122,1250.0
OUT_04506,1250.0
OUT_04220,1250.0
OUT_06724,1250.0
OUT_04551,1250.0
OUT_00023,1250.0
OUT_03409,1250.0
OUT_00331,1250.0
OUT_00605,1250.0
OUT_01117,1250.0
OUT_08253,1250.0
OUT_00252,1250.0
OUT_06612,1250.0
OUT_01740,1250.0
OUT_07744,1250.0
OUT_04862,1250.0
OUT_03297,1250.0
OUT_05090,1250.0
OUT_02434,1250.0
OUT_08607,1250.0
OUT_05408,1250.0
OUT_00316,1250.0
OUT_08991,1250.0
OUT_06583,1250.0
OUT_01587,1250.0
OUT_00176,1250.0
OUT_05626,1250.0
OUT_06095,1250.0
OUT_05462,1250.0
OUT_07859,1250.0
OUT_02509,1250.0
OUT_06488,1250.0
OUT_01738,1250.0
OUT_04594,1250.0
OUT_05369,1250.0
OUT_00185,1250.0
OUT_05954,1250.0
OUT_07224,1250.0
OUT_04123,1250.0
OUT_03578,1250.0
OUT_07058,1250.0
OUT_04058,1250.0
OUT_07586,1250.0
OUT_06103,1250.0
OUT_05591,1250.0
OUT_03506,1250.0
OUT_05204,1250.0
OUT_04097,1250.0
OUT_00056,1250.0
OUT_05703,1250.0
OUT_05758,1250.0
OUT_02729,1250.0
OUT_03981,1250.0
OUT_03234,1250.0
OUT_07421,1250.0
OUT_00397,1250.0
OUT_07070,1250.0
OUT_00256,1250.0
OUT_08527,1250.0
OUT_00373,1250.0
OUT_04319,1250.0
OUT_02941,1250.0
OUT_08308,1250.0
OUT_08457,1250.0
OUT_06965,1250.0
OUT_05011,1250.0
OUT_02488,1250.0
OUT_08468,1250.0
OUT_08811,1250.0
OUT_05941,1250.0
OUT_06364,1250.0
OUT_00212,1250.0
OUT_01054,1250.0
OUT_00323,1250.0
OUT_06304,1250.0
OUT_01967,1250.0
OUT_07642,1250.0
OUT_05981,1250.0
OUT_07609,1250.0
OUT_00159,1250.0
OUT_03967,1250.0
OUT_05329,1250.0
OUT_02575,1250.0
OUT_02703,1250.0
OUT_02772,1250.0
OUT_03486,1250.0
OUT_01076,1250.0
OUT_05888,1250.0
OUT_03602,1250.0
OUT_03092,1250.0
OUT_00019,1250.0
OUT_03301,1250.0
OUT_08312,1250.0
OUT_00251,1250.0
OUT_06473,1250.0
OUT_00362,1250.0
OUT_01753,1250.0
OUT_03797,1250.0
OUT_03779,1250.0
OUT_00346,1250.0
OUT_07342,1250.0
OUT_07660,1250.0
OUT_06932,1250.0
OUT_01325,1250.0
OUT_04494,1250.0
OUT_01923,1250.0
OUT_00974,1250.0
OUT_05994,1250.0
OUT_07561,1250.0
OUT_07571,1250.0
OUT_03356,1250.0
OUT_06237,1250.0
OUT_01755,1250.0
OUT_00390,1250.0
OUT_06400,1250.0
OUT_06421,1250.0
OUT_07365,1250.0
OUT_04718,1250.0
OUT_02838,1250.0
OUT_07112,1250.0
OUT_01910,1250.0
OUT_01225,1250.0
OUT_04448,1250.0
OUT_02144,1250.0
OUT_07636,1250.0
OUT_03931,1250.0
OUT_02022,1250.0
OUT_04647,1250.0
OUT_08804,1250.0
OUT_08641,1250.0
OUT_03325,1250.0
OUT_08408,1250.0
OUT_02121,1250.0
OUT_07771,1250.0
OUT_07097,1250.0
OUT_04027,1250.0
OUT_07534,1250.0
OUT_05178,1250.0
OUT_05230,1250.0
OUT_01266,1250.0
OUT_02428,1250.0
OUT_02207,1250.0
OUT_01765,1250.0
OUT_03488,1250.0
OUT_00416,1250.0
OUT_08736,1250.0
OUT_00382,1250.0
OUT_07291,1250.0
OUT_06355,1250.0
OUT_00116,1250.0
OUT_08348,1250.0
OUT_01924,1250.0
OUT_08502,1250.0
OUT_08783,1250.0
OUT_08780,1250.0
OUT_05584,1250.0
OUT_06307,1250.0
OUT_01746,1250.0
OUT_03310,1250.0
OUT_06116,1250.0
OUT_03203,1250.0
OUT_08341,1250.0
OUT_02079,1250.0
OUT_00656,1250.0
OUT_08557,1250.0
OUT_03510,1250.0
OUT_00669,1250.0
OUT_00384,1250.0
OUT_06417,1250.0
OUT_05445,1250.0
OUT_03009,1250.0
OUT_05412,1250.0
OUT_08845,1250.0
OUT_07772,1250.0
OUT_06125,1250.0
OUT_05834,1250.0
OUT_00845,1250.0
OUT_04066,1250.0
OUT_08714,1250.0
OUT_05215,1250.0
OUT_07762,1250.0
OUT_05303,1250.0
OUT_00756,1250.0
OUT_04119,1250.0
OUT_07801,1250.0
OUT_07125,1250.0
OUT_04078,1250.0
OUT_00347,1250.0
OUT_02178,1250.0
OUT_00741,1250.0
OUT_04966,1250.0
OUT_01789,1250.0
OUT_08653,1250.0
OUT_07978,1250.0
OUT_02797,1250.0
OUT_03609,1250.0
OUT_01857,1250.0
OUT_04011,1250.0
OUT_05936,1250.0
OUT_02374,1250.0
OUT_01899,1250.0
OUT_08669,1250.0
OUT_00240,1250.0
OUT_03339,1250.0
OUT_02200,1250.0
OUT_00460,1250.0
OUT_03816,1250.0
OUT_07178,1250.0
OUT_08665,1250.0
OUT_05843,1250.0
OUT_07975,1250.0
OUT_01518,1250.0
OUT_08319,1250.0
OUT_07419,1250.0
OUT_03645,1250.0
OUT_00059,1250.0
OUT_01104,1250.0
OUT_08126,1250.0
OUT_07552,1250.0
OUT_03093,1250.0
OUT_02056,1250.0
OUT_07176,1250.0
OUT_04865,1250.0
OUT_02152,1250.0
OUT_00286,1250.0
OUT_05877,1250.0
OUT_02607,1250.0
OUT_03290,1250.0
OUT_01496,1250.0
OUT_01436,1250.0
OUT_05033,1250.0
OUT_04380,1250.0
OUT_07000,1250.0
OUT_06686,1250.0
OUT_02717,1250.0
OUT_03636,1250.0
OUT_06083,1250.0
OUT_08660,1250.0
OUT_04241,1250.0
OUT_00055,1250.0
OUT_06890,1250.0
OUT_02570,1250.0
OUT_07003,1250.0
OUT_00507,1250.0
OUT_03128,1250.0
OUT_06937,1250.0
OUT_01380,1250.0
OUT_08274,1250.0
OUT_07105,1250.0
OUT_07111,1250.0
OUT_08380,1250.0
OUT_08377,1250.0
OUT_03140,1250.0
OUT_07704,1250.0
OUT_02134,1250.0
OUT_00292,1250.0
OUT_03366,1250.0
OUT_02304,1250.0
OUT_00897,1250.0
OUT_05069,1250.0
OUT_08497,1250.0
OUT_06808,1250.0
OUT_03360,1250.0
OUT_07108,1250.0
OUT_02190,1250.0
OUT_03700,1250.0
OUT_08525,1250.0
OUT_07029,1250.0
OUT_03200,1250.0
OUT_00194,1250.0
OUT_00607,1250.0
OUT_08617,1250.0
OUT_00053,1250.0
OUT_00133,1250.0
OUT_06082,1250.0
OUT_07106,1250.0
OUT_04458,1250.0
OUT_00480,1250.0
OUT_02648,1250.0
OUT_03928,1250.0
OUT_03084,1250.0
OUT_04958,1250.0
OUT_08836,1250.0
OUT_07949,1250.0
OUT_02762,1250.0
OUT_05514,1250.0
OUT_03731,1250.0
OUT_00603,1250.0
OUT_03566,1250.0
OUT_03940,1250.0
OUT_02583,1250.0
OUT_00726,1250.0
OUT_06870,1250.0
OUT_02970,1250.0
OUT_07678,1250.0
OUT_00089,1250.0
OUT_04026,1250.0
OUT_08887,1250.0
OUT_07667,1250.0
OUT_03372,1250.0
OUT_08595,1250.0
OUT_06699,1250.0
OUT_00144,1250.0
OUT_06090,1250.0
OUT_06017,1250.0
OUT_07463,1250.0
OUT_07296,1250.0
OUT_08749,1250.0
OUT_02544,1250.0
OUT_04049,1250.0
OUT_03254,1250.0
OUT_05338,1250.0
OUT_04502,1250.0
OUT_07261,1250.0
OUT_05088,1250.0
OUT_07279,1250.0
OUT_04833,1250.0
OUT_08297,1250.0
OUT_05861,1250.0
OUT_02066,1250.0
OUT_03004,1250.0
OUT_04199,1250.0
OUT_00407,1250.0
OUT_03393,1250.0
OUT_05555,1250.0
OUT_07447,1250.0
OUT_07197,1250.0
OUT_04229,1250.0
OUT_03507,1250.0
OUT_03551,1250.0
OUT_03044,1250.0
OUT_01634,1250.0
OUT_05551,1250.0
OUT_03909,1250.0
OUT_03086,1250.0
OUT_00464,1250.0
OUT_05674,1250.0
OUT_00483,1250.0
OUT_00049,1250.0
OUT_01613,1250.0
OUT_03949,1250.0
OUT_07481,1250.0
OUT_05335,1200.0
OUT_03349,1200.0
OUT_08531,1200.0
OUT_01110,1200.0
OUT_03111,1200.0
OUT_06985,1200.0
OUT_01891,1200.0
OUT_01739,1200.0
OUT_04148,1200.0
OUT_06201,1200.0
OUT_02369,1200.0
OUT_01261,1200.0
OUT_00354,1200.0
OUT_06119,1200.0
OUT_03905,1200.0
OUT_04287,1200.0
OUT_06394,1200.0
OUT_04571,1200.0
OUT_06596,1200.0
OUT_03432,1200.0
OUT_06638,1200.0
OUT_00989,1200.0
OUT_08351,1200.0
OUT_01460,1200.0
OUT_04064,1200.0
OUT_07919,1200.0
OUT_01176,1200.0
OUT_01121,1200.0
OUT_02548,1200.0
OUT_06590,1200.0
OUT_01984,1200.0
OUT_06259,1200.0
OUT_08269,1200.0
OUT_04166,1200.0
OUT_08649,1200.0
OUT_07201,1200.0
OUT_00731,1200.0
OUT_06135,1200.0
OUT_06943,1200.0
OUT_04914,1200.0
OUT_03154,1200.0
OUT_07170,1200.0
OUT_07393,1200.0
OUT_05910,1200.0
OUT_05982,1200.0
OUT_04083,1200.0
OUT_02054,1200.0
OUT_04068,1200.0
OUT_08652,1200.0
OUT_02922,1200.0
OUT_03257,1200.0
OUT_02834,1200.0
OUT_07486,1200.0
OUT_08392,1200.0
OUT_00042,1200.0
OUT_05644,1200.0
OUT_07580,1200.0
OUT_02987,1200.0
OUT_05377,1200.0
OUT_07090,1200.0
OUT_02461,1200.0
OUT_04866,1200.0
OUT_07483,1200.0
OUT_00679,1200.0
OUT_06789,1200.0
OUT_07897,1200.0
OUT_01918,1200.0
OUT_07035,1200.0
OUT_00849,1200.0
OUT_07430,1200.0
OUT_02367,1200.0
OUT_01946,1200.0
OUT_06278,1200.0
OUT_08399,1200.0
OUT_02481,1200.0
OUT_07256,1200.0
OUT_02920,1200.0
OUT_03761,1200.0
OUT_03941,1200.0
OUT_07316,1200.0
OUT_01502,1200.0
OUT_06359,1200.0
OUT_03341,1200.0
OUT_02091,1200.0
OUT_07793,1200.0
OUT_06411,1200.0
OUT_03175,1200.0
OUT_01866,1200.0
OUT_00020,1200.0
OUT_01454,1200.0
OUT_05947,1200.0
OUT_04526,1200.0
OUT_08183,1200.0
OUT_02266,1200.0
OUT_02660,1200.0
OUT_01756,1200.0
OUT_03719,1200.0
OUT_08370,1200.0
OUT_08270,1200.0
OUT_00516,1200.0
OUT_06855,1200.0
OUT_03334,1200.0
OUT_00761,1200.0
OUT_03245,1200.0
OUT_05131,1200.0
OUT_04500,1200.0
OUT_05024,1200.0
OUT_05318,1200.0
OUT_05119,1200.0
OUT_01520,1200.0
OUT_05702,1200.0
OUT_01682,1200.0
OUT_03415,1200.0
OUT_04544,1200.0
OUT_07787,1200.0
OUT_08213,1200.0
OUT_00918,1200.0
OUT_03126,1200.0
OUT_08621,1200.0
OUT_00320,1200.0
OUT_03884,1200.0
OUT_05684,1200.0
OUT_06856,1200.0
OUT_05365,1200.0
OUT_01396,1200.0
OUT_00154,1200.0
OUT_04111,1200.0
OUT_06474,1200.0
OUT_05840,1200.0
OUT_02537,1200.0
OUT_02283,1200.0
OUT_01313,1200.0
OUT_03400,1200.0
OUT_08254,1200.0
OUT_04552,1200.0
OUT_00746,1200.0
OUT_08359,1200.0
OUT_07727,1200.0
OUT_04602,1200.0
OUT_00111,1200.0
OUT_04171,1200.0
OUT_03099,1200.0
OUT_06141,1200.0
OUT_07887,1200.0
OUT_04980,1200.0
OUT_04819,1200.0
OUT_05761,1200.0
OUT_07816,1200.0
OUT_03161,1200.0
OUT_04476,1200.0
OUT_03515,1200.0
OUT_03899,1200.0
OUT_04340,1200.0
OUT_07080,1200.0
OUT_01028,1200.0
OUT_06497,1200.0
OUT_06448,1200.0
OUT_02927,1200.0
OUT_04962,1200.0
OUT_03263,1200.0
OUT_08995,1200.0
OUT_02153,1200.0
OUT_00462,1200.0
OUT_00879,1200.0
OUT_06883,1200.0
OUT_01987,1200.0
OUT_04361,1200.0
OUT_07452,1200.0
OUT_02576,1200.0
OUT_05605,1200.0
OUT_07934,1200.0
OUT_06851,1200.0
OUT_07517,1200.0
OUT_08294,1200.0
OUT_02124,1200.0
OUT_04138,1200.0
OUT_00283,1200.0
OUT_04256,1200.0
OUT_03892,1200.0
OUT_07075,1200.0
OUT_08340,1200.0
OUT_00224,1200.0
OUT_03048,1200.0
OUT_07083,1200.0
OUT_05472,1200.0
OUT_08781,1200.0
OUT_07544,1200.0
OUT_02674,1200.0
OUT_04746,1200.0
OUT_07096,1200.0
OUT_00326,1200.0
OUT_04854,1200.0
OUT_06060,1200.0
OUT_07709,1200.0
OUT_03753,1200.0
OUT_04167,1200.0
OUT_00683,1200.0
OUT_03442,1200.0
OUT_08073,1200.0
OUT_03586,1200.0
OUT_03242,1200.0
OUT_04364,1200.0
OUT_08364,1200.0
OUT_01415,1200.0
OUT_00247,1200.0
OUT_06128,1200.0
OUT_06525,1200.0
OUT_08629,1200.0
OUT_04159,1200.0
OUT_03305,1200.0
OUT_06957,1200.0
OUT_01808,1200.0
OUT_06905,1200.0
OUT_00687,1200.0
OUT_00360,1200.0
OUT_03785,1200.0
OUT_08160,1200.0
OUT_05652,1200.0
OUT_02742,1200.0
OUT_08356,1200.0
OUT_02782,1200.0
OUT_08166,1200.0
OUT_03367,1200.0
OUT_00676,1200.0
OUT_06173,1200.0
OUT_01421,1200.0
OUT_08817,1200.0
OUT_00558,1200.0
OUT_05594,1200.0
OUT_00385,1200.0
OUT_01668,1200.0
OUT_01783,1200.0
OUT_03015,1200.0
OUT_05139,1200.0
OUT_05766,1200.0
OUT_06951,1200.0
OUT_03836,1200.0
OUT_05755,1200.0
OUT_06794,1200.0
OUT_03122,1200.0
OUT_01717,1200.0
OUT_03014,1200.0
OUT_01050,1200.0
OUT_01542,1200.0
OUT_03387,1200.0
OUT_01688,1200.0
OUT_03995,1200.0
OUT_03654,1200.0
OUT_06063,1200.0
OUT_01715,1200.0
OUT_01901,1200.0
OUT_00299,1200.0
OUT_06241,1200.0
OUT_01267,1200.0
OUT_06725,1200.0
OUT_04335,1200.0
OUT_03158,1200.0
OUT_06465,1200.0
OUT_01335,1200.0
OUT_08128,1200.0
OUT_08180,1200.0
OUT_08765,1200.0
OUT_00034,1200.0
OUT_03875,1200.0
OUT_07750,1200.0
OUT_01406,1200.0
OUT_07306,1200.0
OUT_06258,1200.0
OUT_08082,1200.0
OUT_08375,1200.0
OUT_06159,1200.0
OUT_07511,1200.0
OUT_06347,1200.0
OUT_02632,1200.0
OUT_01553,1200.0
OUT_01199,1200.0
OUT_05222,1200.0
OUT_04036,1200.0
OUT_02081,1200.0
OUT_08943,1200.0
OUT_03078,1200.0
OUT_04703,1200.0
OUT_00147,1200.0
OUT_07785,1200.0
OUT_06302,1200.0
OUT_07065,1200.0
OUT_02551,1200.0
OUT_01420,1200.0
OUT_04615,1200.0
OUT_08728,1200.0
OUT_04184,1200.0
OUT_04240,1200.0
OUT_04060,1200.0
OUT_06382,1200.0
OUT_08139,1200.0
OUT_08914,1200.0
OUT_02705,1200.0
OUT_07962,1200.0
OUT_06051,1200.0
OUT_08154,1200.0
OUT_00983,1200.0
OUT_05531,1200.0
OUT_04262,1200.0
OUT_06648,1200.0
OUT_08245,1200.0
OUT_04587,1200.0
OUT_01135,1200.0
OUT_02533,1200.0
OUT_01610,1200.0
OUT_00118,1200.0
OUT_01211,1200.0
OUT_04754,1200.0
OUT_08998,1200.0
OUT_02232,1200.0
OUT_05806,1200.0
OUT_08857,1200.0
OUT_05711,1200.0
OUT_03930,1200.0
OUT_06759,1200.0
OUT_04190,1200.0
OUT_03192,1200.0
OUT_03801,1200.0
OUT_07254,1200.0
OUT_05780,1200.0
OUT_02005,1200.0
OUT_00096,1200.0
OUT_02569,1200.0
OUT_00852,1200.0
OUT_07521,1200.0
OUT_02731,1200.0
OUT_08231,1200.0
OUT_03061,1200.0
OUT_03519,1200.0
OUT_08952,1200.0
OUT_06873,1200.0
OUT_05038,1200.0
OUT_01180,1200.0
OUT_01168,1200.0
OUT_04898,1200.0
OUT_03390,1200.0
OUT_01286,1200.0
OUT_03508,1200.0
OUT_08942,1200.0
OUT_04955,1200.0
OUT_05512,1200.0
OUT_05824,1200.0
OUT_00313,1200.0
OUT_04509,1200.0
OUT_04412,1200.0
OUT_00315,1200.0
OUT_06825,500.0
OUT_08072,500.0
OUT_05014,500.0
OUT_08985,500.0
OUT_02998,500.0
OUT_06318,500.0
OUT_06569,500.0
OUT_02420,500.0
OUT_07641,500.0
OUT_02623,500.0
OUT_03914,500.0
OUT_03423,500.0
OUT_02597,500.0
OUT_07074,500.0
OUT_03144,500.0
OUT_03002,500.0
OUT_08926,500.0
OUT_04906,500.0
OUT_08101,500.0
OUT_04201,500.0
OUT_00495,500.0
OUT_03012,500.0
OUT_04334,500.0
OUT_04787,500.0
OUT_08147,500.0
OUT_02844,500.0
OUT_02193,500.0
OUT_01119,500.0
OUT_01359,500.0
OUT_05409,500.0
OUT_06452,500.0
OUT_07142,500.0
OUT_08544,500.0
OUT_06188,500.0
OUT_03913,500.0
OUT_02215,500.0
OUT_01362,500.0
OUT_04366,500.0
OUT_04766,500.0
OUT_06467,500.0
OUT_02724,500.0
OUT_06044,500.0
OUT_05238,500.0
OUT_05704,500.0
OUT_06084,500.0
OUT_05084,500.0
OUT_00930,500.0
OUT_04330,500.0
OUT_08171,500.0
OUT_01389,500.0
OUT_01648,500.0
OUT_05978,500.0
OUT_01999,500.0
OUT_07207,500.0
OUT_06533,500.0
OUT_03613,500.0
OUT_05781,500.0
OUT_01839,500.0
OUT_00549,500.0
OUT_03199,500.0
OUT_05306,500.0
OUT_06998,500.0
OUT_03038,500.0
OUT_01796,500.0
OUT_01114,500.0
OUT_02496,500.0
OUT_00485,500.0
OUT_06609,500.0
OUT_00890,500.0
OUT_04432,500.0
OUT_08753,500.0
OUT_01072,500.0
OUT_04045,500.0
OUT_04902,500.0
OUT_06056,500.0
OUT_05747,500.0
OUT_08862,500.0
OUT_05160,500.0
OUT_07423,500.0
OUT_08528,500.0
OUT_04521,500.0
OUT_06430,500.0
OUT_02410,500.0
OUT_03058,500.0
OUT_00138,500.0
OUT_07670,500.0
OUT_05039,500.0
OUT_03385,500.0
OUT_03980,500.0
OUT_02237,500.0
OUT_00036,500.0
OUT_07280,500.0
OUT_06275,500.0
OUT_06745,500.0
OUT_05312,500.0
OUT_03326,500.0
OUT_05405,500.0
OUT_06679,500.0
OUT_01700,500.0
OUT_02437,500.0
OUT_07674,500.0
OUT_02926,500.0
OUT_00030,500.0
OUT_00445,500.0
OUT_07729,500.0
OUT_06926,500.0
OUT_06174,500.0
OUT_01884,500.0
OUT_02603,500.0
OUT_01561,500.0
OUT_07894,500.0
OUT_08619,500.0
OUT_02590,500.0
OUT_06670,500.0
OUT_05894,500.0
OUT_00127,500.0
OUT_08787,500.0
OUT_04709,500.0
OUT_08406,500.0
OUT_01773,500.0
OUT_06834,500.0
OUT_06436,500.0
OUT_08609,500.0
OUT_01096,500.0
OUT_05076,500.0
OUT_03439,500.0
OUT_03226,500.0
OUT_07424,500.0
OUT_04852,500.0
OUT_01993,500.0
OUT_03559,500.0
OUT_04792,500.0
OUT_08648,500.0
OUT_01859,500.0
OUT_05532,500.0
OUT_06801,500.0
OUT_01059,500.0
OUT_07124,500.0
OUT_08309,500.0
OUT_06952,500.0
OUT_07205,500.0
OUT_01103,500.0
OUT_06021,500.0
OUT_08505,500.0
OUT_02467,500.0
OUT_08157,500.0
OUT_01500,500.0
OUT_05459,500.0
OUT_08832,500.0
OUT_08114,500.0
OUT_00771,500.0
OUT_01516,500.0
OUT_01246,500.0
OUT_01329,500.0
OUT_02256,500.0
OUT_05203,500.0
OUT_05161,500.0
OUT_03952,500.0
OUT_04934,500.0
OUT_01916,500.0
OUT_07087,500.0
OUT_05672,500.0
OUT_06920,500.0
OUT_02668,500.0
OUT_00999,500.0
OUT_01666,500.0
OUT_01636,500.0
OUT_02599,500.0
OUT_00921,500.0
OUT_01024,500.0
OUT_02598,500.0
OUT_08344,500.0
OUT_08682,500.0
OUT_07444,500.0
OUT_01274,500.0
OUT_07337,500.0
OUT_03401,500.0
OUT_08674,500.0
OUT_02254,500.0
OUT_00697,500.0
OUT_02379,500.0
OUT_03838,500.0
OUT_00081,500.0
OUT_05283,500.0
OUT_02605,500.0
OUT_04533,500.0
OUT_04796,500.0
OUT_01043,500.0
OUT_03798,500.0
OUT_04347,500.0
OUT_05466,500.0
OUT_08016,500.0
OUT_03231,500.0
OUT_03253,500.0
OUT_08972,500.0
OUT_03728,500.0
OUT_01872,500.0
OUT_00577,500.0
OUT_00570,500.0
OUT_04025,500.0
OUT_06625,500.0
OUT_01726,500.0
OUT_04617,500.0
OUT_05453,500.0
OUT_00722,500.0
OUT_07038,500.0
OUT_08248,500.0
OUT_05009,500.0
OUT_00528,500.0
OUT_03319,500.0
OUT_02625,500.0
OUT_05378,500.0
OUT_07067,500.0
OUT_08115,500.0
OUT_02323,500.0
OUT_00872,500.0
OUT_08727,500.0
OUT_07372,500.0
OUT_07352,500.0
OUT_08834,500.0
OUT_01053,500.0
OUT_05108,500.0
OUT_06610,500.0
OUT_03419,500.0
OUT_08696,500.0
OUT_08614,500.0
OUT_03642,500.0
OUT_06778,500.0
OUT_05620,500.0
OUT_05912,500.0
OUT_06804,500.0
OUT_07913,500.0
OUT_00920,500.0
OUT_05107,500.0
OUT_07344,500.0
OUT_00180,500.0
OUT_07782,500.0
OUT_04461,500.0
OUT_08313,500.0
OUT_07741,500.0
OUT_01989,500.0
OUT_05243,500.0
OUT_04042,500.0
OUT_06673,500.0
OUT_00319,500.0
OUT_08151,500.0
OUT_06426,500.0
OUT_01963,500.0
OUT_08425,500.0
OUT_05096,500.0
OUT_05141,500.0
OUT_01093,500.0
OUT_05999,500.0
OUT_03682,500.0
OUT_00231,500.0
OUT_02415,500.0
OUT_02327,500.0
OUT_03480,500.0
OUT_00295,500.0
OUT_02827,500.0
OUT_03888,500.0
OUT_04475,500.0
OUT_05892,500.0
OUT_00018,500.0
OUT_08402,500.0
OUT_00594,500.0
OUT_07811,500.0
OUT_07417,500.0
OUT_02149,500.0
OUT_02634,500.0
OUT_02372,500.0
OUT_02246,500.0
OUT_00700,500.0
OUT_01347,500.0
OUT_01250,500.0
OUT_08799,500.0
OUT_04696,500.0
OUT_04112,500.0
OUT_07973,500.0
OUT_06660,500.0
OUT_07968,500.0
OUT_04882,500.0
OUT_04671,500.0
OUT_02037,500.0
OUT_05573,500.0
OUT_00220,500.0
OUT_08471,500.0
OUT_04748,500.0
OUT_02961,500.0
OUT_00165,500.0
OUT_04422,500.0
OUT_01334,500.0
OUT_03377,500.0
OUT_07871,500.0
OUT_08635,500.0
OUT_05149,500.0
OUT_08374,500.0
OUT_05189,500.0
OUT_07916,500.0
OUT_08161,500.0
OUT_02136,500.0
OUT_00123,500.0
OUT_06632,500.0
OUT_04977,500.0
OUT_05879,500.0
OUT_01775,500.0
OUT_00637,500.0
OUT_03157,500.0
OUT_07563,500.0
OUT_06438,500.0
OUT_05386,500.0
OUT_03975,500.0
OUT_05957,500.0
OUT_04937,500.0
OUT_05037,500.0
OUT_07454,500.0
OUT_02595,500.0
OUT_05246,500.0
OUT_07567,500.0
OUT_05103,500.0
OUT_06068,500.0
OUT_03915,500.0
OUT_04756,500.0
OUT_00739,500.0
OUT_06112,500.0
OUT_07032,500.0
OUT_07333,500.0
OUT_01623,500.0
OUT_00329,500.0
OUT_01009,500.0
OUT_03176,500.0
OUT_05809,500.0
OUT_06156,500.0
OUT_08919,500.0
OUT_00827,500.0
OUT_05678,500.0
OUT_04701,500.0
OUT_02704,500.0
OUT_02928,500.0
OUT_03384,500.0
OUT_06649,500.0
OUT_06187,500.0
OUT_08131,500.0
OUT_01102,500.0
OUT_03971,500.0
OUT_06802,500.0
OUT_03139,500.0
OUT_00784,500.0
OUT_04305,500.0
OUT_06184,500.0
OUT_05705,500.0
OUT_01131,500.0
OUT_05322,500.0
OUT_07848,500.0
OUT_03998,500.0
OUT_00006,500.0
OUT_03885,500.0
OUT_01339,500.0
OUT_02887,500.0
OUT_01734,500.0
OUT_01526,500.0
OUT_05517,500.0
OUT_04129,500.0
OUT_06109,500.0
OUT_07371,500.0
OUT_03346,500.0
OUT_05199,500.0
OUT_05021,500.0
OUT_08347,500.0
OUT_00043,500.0
OUT_08141,500.0
OUT_01227,500.0
OUT_08329,500.0
OUT_08015,500.0
OUT_06960,500.0
OUT_07162,500.0
OUT_04435,500.0
OUT_06790,500.0
OUT_04163,500.0
OUT_06580,500.0
OUT_08896,500.0
OUT_00681,500.0
OUT_03787,500.0
OUT_07297,500.0
OUT_05856,500.0
OUT_00672,500.0
OUT_03108,500.0
OUT_08124,500.0
OUT_06597,500.0
OUT_00740,500.0
OUT_07257,500.0
OUT_06949,500.0
OUT_06190,500.0
OUT_08550,500.0
OUT_03874,500.0
OUT_05146,500.0
OUT_04434,500.0
OUT_06799,500.0
OUT_07376,500.0
OUT_07152,500.0
OUT_05376,500.0
OUT_06828,500.0
OUT_06997,500.0
OUT_02691,500.0
OUT_03098,500.0
OUT_00232,500.0
OUT_04222,500.0
OUT_07767,500.0
OUT_08512,500.0
OUT_01175,500.0
OUT_07650,500.0
OUT_05276,500.0
OUT_01547,500.0
OUT_06940,500.0
OUT_02147,500.0
OUT_07473,500.0
OUT_04091,500.0
OUT_00530,500.0
OUT_04037,500.0
OUT_06291,500.0
OUT_00997,500.0
OUT_07200,500.0
OUT_04455,500.0
OUT_07198,500.0
OUT_01105,500.0
OUT_01540,500.0
OUT_04886,500.0
OUT_04193,500.0
OUT_03789,500.0
OUT_06228,500.0
OUT_04349,500.0
OUT_03010,500.0
OUT_02867,500.0
OUT_05541,500.0
OUT_06290,500.0
OUT_03300,500.0
OUT_02901,500.0
OUT_02441,500.0
OUT_07818,500.0
OUT_03746,500.0
OUT_02038,500.0
OUT_04464,500.0
OUT_08671,500.0
OUT_03232,500.0
OUT_03876,500.0
OUT_07281,500.0
OUT_01718,500.0
OUT_01405,500.0
OUT_05925,500.0
OUT_03441,500.0
OUT_07271,500.0
OUT_04938,500.0
OUT_07282,500.0
OUT_06029,500.0
OUT_08645,500.0
OUT_00640,500.0
OUT_05421,500.0
OUT_07248,500.0
OUT_00704,500.0
OUT_06961,500.0
OUT_06120,500.0
OUT_02991,500.0
OUT_02964,500.0
OUT_04004,500.0
OUT_01394,500.0
OUT_08594,500.0
OUT_07011,500.0
OUT_00439,500.0
OUT_00786,500.0
OUT_06007,500.0
OUT_08709,500.0
OUT_00257,500.0
OUT_04101,500.0
OUT_06328,500.0
OUT_04310,500.0
OUT_07275,500.0
OUT_03171,500.0
OUT_07114,500.0
OUT_01289,500.0
OUT_02072,500.0
OUT_04805,500.0
OUT_01411,500.0
OUT_08196,500.0
OUT_00889,500.0
OUT_00184,500.0
OUT_07528,500.0
OUT_06767,500.0
OUT_06005,500.0
OUT_07522,500.0
OUT_07260,500.0
OUT_06281,500.0
OUT_05433,500.0
OUT_04418,500.0
OUT_02944,500.0
OUT_08542,500.0
OUT_03207,500.0
OUT_02217,500.0
OUT_08463,500.0
OUT_01510,500.0
OUT_08933,500.0
OUT_04774,500.0
OUT_03322,500.0
OUT_06368,500.0
OUT_08480,500.0
OUT_07623,500.0
OUT_01386,500.0
OUT_05939,500.0
OUT_05105,500.0
OUT_05211,500.0
OUT_00580,500.0
OUT_04281,500.0
OUT_07308,500.0
OUT_04420,500.0
OUT_04270,500.0
OUT_00403,500.0
OUT_08940,500.0
OUT_02003,500.0
OUT_04585,500.0
OUT_05979,500.0
OUT_01702,500.0
OUT_03561,500.0
OUT_03757,500.0
OUT_05651,500.0
OUT_01888,500.0
OUT_08433,500.0
OUT_02281,500.0
OUT_05116,500.0
OUT_06360,500.0
OUT_03089,500.0
OUT_07761,500.0
OUT_01130,500.0
OUT_00730,500.0
OUT_06418,500.0
OUT_05126,500.0
OUT_06398,500.0
OUT_05615,500.0
OUT_03843,500.0
OUT_08839,500.0
OUT_01895,500.0
OUT_06555,500.0
OUT_04517,500.0
OUT_06524,500.0
OUT_01560,500.0
OUT_06709,500.0
OUT_03338,500.0
OUT_03479,500.0
OUT_05003,500.0
OUT_04959,500.0
OUT_04763,500.0
OUT_04069,500.0
OUT_05725,500.0
OUT_04496,500.0
OUT_00359,500.0
OUT_02132,500.0
OUT_06493,500.0
OUT_00820,500.0
OUT_03648,500.0
OUT_08361,500.0
OUT_02487,500.0
OUT_05310,500.0
OUT_05570,500.0
OUT_03240,500.0
OUT_05416,500.0
OUT_01219,500.0
OUT_04644,500.0
OUT_00482,500.0
OUT_04619,500.0
OUT_05482,500.0
OUT_08064,500.0
OUT_02325,500.0
OUT_08469,500.0
OUT_00742,500.0
OUT_00902,500.0
OUT_05595,500.0
OUT_02089,500.0
OUT_08053,500.0
OUT_05008,500.0
OUT_04417,500.0
OUT_01153,500.0
OUT_07668,500.0
OUT_07199,500.0
OUT_05763,500.0
OUT_01676,500.0
OUT_00209,500.0
OUT_02984,500.0
OUT_06249,500.0
OUT_07664,500.0
OUT_05965,500.0
OUT_08246,500.0
OUT_07363,500.0
OUT_03262,500.0
OUT_07589,500.0
OUT_04263,500.0
OUT_00343,500.0
OUT_04561,500.0
OUT_04085,500.0
OUT_06726,500.0
OUT_08623,500.0
OUT_04670,500.0
OUT_00595,500.0
OUT_03629,500.0
OUT_00475,500.0
OUT_01678,500.0
OUT_08122,500.0
OUT_08301,500.0
OUT_07268,500.0
OUT_02061,500.0
OUT_02620,500.0
OUT_06023,500.0
OUT_04642,500.0
OUT_08560,500.0
OUT_07401,500.0
OUT_06167,500.0
OUT_03672,500.0
OUT_02656,500.0
OUT_00611,500.0
OUT_07351,500.0
OUT_03792,500.0
OUT_00601,500.0
OUT_00928,500.0
OUT_07015,500.0
OUT_01532,500.0
OUT_02917,500.0
OUT_05047,500.0
OUT_03147,500.0
OUT_01860,500.0
OUT_03293,500.0
OUT_03681,500.0
OUT_08084,500.0
OUT_03840,500.0
OUT_03898,500.0
OUT_06811,500.0
OUT_05525,500.0
OUT_06200,500.0
OUT_02777,500.0
OUT_00922,500.0
OUT_08304,500.0
OUT_02085,500.0
OUT_03756,500.0
OUT_08775,500.0
OUT_05214,500.0
OUT_07487,500.0
OUT_08600,500.0
OUT_07899,500.0
OUT_06276,500.0
OUT_07407,500.0
OUT_00673,500.0
OUT_06008,500.0
OUT_05007,500.0
OUT_05443,500.0
OUT_00461,500.0
OUT_06793,500.0
OUT_06446,500.0
OUT_07119,500.0
OUT_05922,500.0
OUT_00768,500.0
OUT_02946,500.0
OUT_03735,500.0
OUT_06754,500.0
OUT_02885,500.0
OUT_06608,500.0
OUT_08793,500.0
OUT_01816,500.0
OUT_06080,500.0
OUT_05492,500.0
OUT_05934,500.0
OUT_05036,500.0
OUT_07604,500.0
OUT_02567,500.0
OUT_03457,500.0
OUT_08415,500.0
OUT_08404,500.0
OUT_05497,500.0
OUT_07399,500.0
OUT_05426,500.0
OUT_03542,500.0
OUT_07314,500.0
OUT_06006,500.0
OUT_01822,500.0
OUT_02981,500.0
OUT_06158,500.0
OUT_06505,500.0
OUT_01167,500.0
OUT_07683,500.0
OUT_04927,500.0
OUT_02205,500.0
OUT_01801,500.0
OUT_06783,500.0
OUT_05666,500.0
OUT_01370,500.0
OUT_00233,500.0
OUT_08044,500.0
OUT_01882,500.0
OUT_02571,500.0
OUT_08168,500.0
OUT_08549,500.0
OUT_05473,500.0
OUT_03802,500.0
OUT_01379,500.0
OUT_00511,500.0
OUT_02148,500.0
OUT_04910,500.0
OUT_08350,500.0
OUT_00297,500.0
OUT_02617,500.0
OUT_06352,500.0
OUT_06842,500.0
OUT_00294,500.0
OUT_06160,500.0
OUT_00225,500.0
OUT_04397,500.0
OUT_03950,500.0
OUT_01621,500.0
OUT_04511,500.0
OUT_02951,500.0
OUT_04742,500.0
OUT_05833,500.0
OUT_07745,500.0
OUT_05640,500.0
OUT_01273,500.0
OUT_07042,500.0
OUT_08317,500.0
OUT_01973,500.0
OUT_04626,500.0
OUT_08936,500.0
OUT_07001,500.0
OUT_04165,500.0
OUT_00300,500.0
OUT_01256,500.0
OUT_08695,500.0
OUT_00387,500.0
OUT_02696,500.0
OUT_06537,500.0
OUT_04495,500.0
OUT_07621,500.0
OUT_04324,500.0
OUT_07953,500.0
OUT_00458,500.0
OUT_03183,500.0
OUT_06377,500.0
OUT_00229,500.0
OUT_08134,500.0
OUT_04697,500.0
OUT_06617,500.0
OUT_00883,500.0
OUT_06570,500.0
OUT_08754,500.0
OUT_05055,500.0
OUT_05140,500.0
OUT_03795,500.0
OUT_05363,500.0
OUT_08571,500.0
OUT_07925,500.0
OUT_02540,500.0
OUT_00654,500.0
OUT_03646,500.0
OUT_04160,500.0
OUT_00944,500.0
OUT_05019,500.0
OUT_01813,500.0
OUT_01323,500.0
OUT_04283,500.0
OUT_04437,500.0
OUT_02248,500.0
OUT_07218,500.0
OUT_02473,500.0
OUT_06252,500.0
OUT_03162,500.0
OUT_00287,500.0
OUT_07354,500.0
OUT_07191,500.0
OUT_03215,500.0
OUT_02310,500.0
OUT_04369,500.0
OUT_02587,500.0
OUT_05919,500.0
OUT_05905,500.0
OUT_05557,500.0
OUT_03071,500.0
OUT_07618,500.0
OUT_01221,500.0
OUT_02062,500.0
OUT_06427,500.0
OUT_07933,500.0
OUT_04267,500.0
OUT_04880,500.0
OUT_06968,500.0
OUT_07979,500.0
OUT_00451,500.0
OUT_03644,500.0
OUT_06796,500.0
OUT_02227,500.0
OUT_02983,500.0
OUT_00273,500.0
OUT_00050,500.0
OUT_08851,500.0
OUT_05835,500.0
OUT_08593,500.0
OUT_01278,500.0
OUT_02737,500.0
OUT_04942,500.0
OUT_03582,500.0
OUT_08889,500.0
OUT_03799,500.0
OUT_06325,500.0
OUT_02042,500.0
OUT_05075,500.0
OUT_05841,500.0
OUT_03679,500.0
OUT_08372,500.0
OUT_03548,500.0
OUT_01826,500.0
OUT_06076,500.0
OUT_06634,500.0
OUT_04813,500.0
OUT_07595,500.0
OUT_08352,500.0
OUT_05832,500.0
OUT_06429,500.0
OUT_02333,500.0
OUT_08470,500.0
OUT_01166,500.0
OUT_08360,500.0
OUT_05201,500.0
OUT_08023,500.0
OUT_03523,500.0
OUT_07046,500.0
OUT_01254,500.0
OUT_02262,500.0
OUT_02407,500.0
OUT_05539,500.0
OUT_04217,500.0
OUT_03258,500.0
OUT_02811,500.0
OUT_06646,500.0
OUT_06329,500.0
OUT_02106,500.0
OUT_04719,500.0
OUT_03686,500.0
OUT_02279,500.0
OUT_01466,500.0
OUT_02584,500.0
OUT_02196,500.0
OUT_08491,500.0
OUT_02938,500.0
OUT_08630,500.0
OUT_04248,500.0
OUT_08966,500.0
OUT_08212,500.0
OUT_03306,500.0
OUT_07907,500.0
OUT_04578,500.0
OUT_07532,500.0
OUT_07562,500.0
OUT_03924,500.0
OUT_03532,500.0
OUT_03221,500.0
OUT_08606,500.0
OUT_06236,500.0
OUT_04724,500.0
OUT_07954,500.0
OUT_07763,500.0
OUT_07225,500.0
OUT_08872,500.0
OUT_07153,500.0
OUT_07202,500.0
OUT_02611,500.0
OUT_02823,500.0
OUT_01241,500.0
OUT_05087,500.0
OUT_08045,500.0
OUT_08242,500.0
OUT_08449,500.0
OUT_07069,500.0
OUT_03720,500.0
OUT_07426,500.0
OUT_01181,500.0
OUT_04415,500.0
OUT_08694,500.0
OUT_01095,500.0
OUT_04967,500.0
OUT_00452,500.0
OUT_04510,500.0
OUT_02403,500.0
OUT_07262,500.0
OUT_00708,500.0
OUT_07437,500.0
OUT_08277,500.0
OUT_04611,500.0
OUT_07443,500.0
OUT_01025,500.0
OUT_01031,500.0
OUT_00139,500.0
OUT_03023,500.0
OUT_03601,500.0
OUT_04002,500.0
OUT_01503,500.0
OUT_06983,500.0
OUT_01150,500.0
OUT_01620,500.0
OUT_04311,0.0
OUT_01064,0.0
OUT_02939,0.0
OUT_02128,0.0
OUT_02087,0.0
OUT_07971,0.0
OUT_02086,0.0
OUT_00967,0.0
OUT_07606,0.0
OUT_08974,0.0
OUT_03244,0.0
OUT_04404,0.0
OUT_02770,0.0
OUT_02803,0.0
OUT_03540,0.0
OUT_08939,0.0
OUT_01021,0.0
OUT_06165,0.0
OUT_06162,0.0
OUT_03469,0.0
OUT_03130,0.0
OUT_00481,0.0
OUT_01509,0.0
OUT_05562,0.0
OUT_08680,0.0
OUT_02906,0.0
OUT_05975,0.0
OUT_00660,0.0
OUT_06230,0.0
OUT_01883,0.0
OUT_06913,0.0
OUT_00342,0.0
OUT_08795,0.0
OUT_08003,0.0
OUT_00372,0.0
OUT_00265,0.0
OUT_08909,0.0
OUT_08639,0.0
OUT_02349,0.0
OUT_08576,0.0
OUT_06824,0.0
OUT_06313,0.0
OUT_06723,0.0
OUT_07382,0.0
OUT_04856,0.0
OUT_01990,0.0
OUT_03315,0.0
OUT_08742,0.0
OUT_06227,0.0
OUT_01253,0.0
OUT_06896,0.0
OUT_00685,0.0
OUT_01392,0.0
OUT_03763,0.0
OUT_02960,0.0
OUT_07579,0.0
OUT_08807,0.0
OUT_07640,0.0
OUT_02138,0.0
OUT_01162,0.0
OUT_03452,0.0
OUT_05209,0.0
OUT_08199,0.0
OUT_02579,0.0
OUT_08603,0.0
OUT_07508,0.0
OUT_01729,0.0
OUT_00071,0.0
OUT_06010,0.0
OUT_04130,0.0
OUT_01998,0.0
OUT_01964,0.0
OUT_00522,0.0
OUT_00721,0.0
OUT_07715,0.0
OUT_08945,0.0
OUT_03625,0.0
OUT_08816,0.0
OUT_05638,0.0
OUT_01549,0.0
OUT_01687,0.0
OUT_03615,0.0
OUT_01594,0.0
OUT_02400,0.0
OUT_06743,0.0
OUT_06526,0.0
OUT_08802,0.0
OUT_01252,0.0
OUT_00829,0.0
OUT_02155,0.0
OUT_05427,0.0
OUT_02224,0.0
OUT_04162,0.0
OUT_08559,0.0
OUT_01710,0.0
OUT_05991,0.0
OUT_04932,0.0
OUT_04429,0.0
OUT_02229,0.0
OUT_08272,0.0
OUT_04994,0.0
OUT_03057,0.0
OUT_02035,0.0
OUT_06137,0.0
OUT_03476,0.0
OUT_02872,0.0
OUT_05099,0.0
OUT_02257,0.0
OUT_07800,0.0
OUT_00808,0.0
OUT_03027,0.0
OUT_04209,0.0
OUT_08702,0.0
OUT_08295,0.0
OUT_05627,0.0
OUT_06809,0.0
OUT_03041,0.0
OUT_08879,0.0
OUT_05485,0.0
OUT_08978,0.0
OUT_03657,0.0
OUT_05536,0.0
OUT_05642,0.0
OUT_01288,0.0
OUT_02710,0.0
OUT_05792,0.0
OUT_01769,0.0
OUT_05385,0.0
OUT_00699,0.0
OUT_00101,0.0
OUT_05618,0.0
OUT_01198,0.0
OUT_07752,0.0
OUT_08796,0.0
OUT_02454,0.0
OUT_06711,0.0
OUT_03855,0.0
OUT_04921,0.0
OUT_00338,0.0
OUT_01268,0.0
OUT_04333,0.0
OUT_07798,0.0
OUT_07160,0.0
OUT_04401,0.0
OUT_07126,0.0
OUT_07690,0.0
OUT_08132,0.0
OUT_05969,0.0
OUT_05669,0.0
OUT_07330,0.0
OUT_05255,0.0
OUT_08284,0.0
OUT_07040,0.0
OUT_03711,0.0
OUT_08401,0.0
OUT_02894,0.0
OUT_08685,0.0
OUT_04557,0.0
OUT_01971,0.0
OUT_05567,0.0
OUT_00743,0.0
OUT_07776,0.0
OUT_03327,0.0
OUT_01564,0.0
OUT_05908,0.0
OUT_01413,0.0
OUT_03710,0.0
OUT_01011,0.0
OUT_07246,0.0
OUT_06121,0.0
OUT_02549,0.0
OUT_01821,0.0
OUT_00171,0.0
OUT_00079,0.0
OUT_01111,0.0
OUT_03407,0.0
OUT_05015,0.0
OUT_00327,0.0
OUT_06057,0.0
OUT_04371,0.0
OUT_07696,0.0
OUT_06445,0.0
OUT_05727,0.0
OUT_05449,0.0
OUT_00937,0.0
OUT_05375,0.0
OUT_02431,0.0
OUT_01692,0.0
OUT_01711,0.0
OUT_01597,0.0
OUT_02307,0.0
OUT_00563,0.0
OUT_02017,0.0
OUT_02889,0.0
OUT_02275,0.0
OUT_08265,0.0
OUT_08986,0.0
OUT_05065,0.0
OUT_06447,0.0
OUT_03563,0.0
OUT_02664,0.0
OUT_04348,0.0
OUT_03229,0.0
OUT_01376,0.0
OUT_04237,0.0
OUT_04664,0.0
OUT_07326,0.0
OUT_01658,0.0
OUT_00321,0.0
OUT_07214,0.0
OUT_06229,0.0
OUT_04318,0.0
OUT_04238,0.0
OUT_07687,0.0
OUT_00795,0.0
OUT_00298,0.0
OUT_03842,0.0
OUT_08407,0.0
OUT_00274,0.0
OUT_06199,0.0
OUT_02985,0.0
OUT_04313,0.0
OUT_05379,0.0
OUT_08216,0.0
OUT_02600,0.0
OUT_06129,0.0
OUT_00290,0.0
OUT_07103,0.0
OUT_06882,0.0
OUT_04035,0.0
OUT_00802,0.0
OUT_02854,0.0
OUT_00097,0.0
OUT_08813,0.0
OUT_07102,0.0
OUT_06301,0.0
OUT_03337,0.0
OUT_00395,0.0
OUT_02773,0.0
OUT_05289,0.0
OUT_05596,0.0
OUT_01846,0.0
OUT_05560,0.0
OUT_06621,0.0
OUT_00447,0.0
OUT_08110,0.0
OUT_01768,0.0
OUT_02499,0.0
OUT_08911,0.0
OUT_04499,0.0
OUT_05314,0.0
OUT_05576,0.0
OUT_02109,0.0
OUT_03939,0.0
OUT_06058,0.0
OUT_02708,0.0
OUT_02626,0.0
OUT_01600,0.0
OUT_03209,0.0
OUT_07215,0.0
OUT_06479,0.0
OUT_03090,0.0
OUT_05506,0.0
OUT_04378,0.0
OUT_06551,0.0
OUT_00995,0.0
OUT_03917,0.0
OUT_08622,0.0
OUT_04580,0.0
OUT_01022,0.0
OUT_04427,0.0
OUT_04314,0.0
OUT_03808,0.0
OUT_02464,0.0
OUT_04266,0.0
OUT_05607,0.0
OUT_07685,0.0
OUT_04169,0.0
OUT_01897,0.0
OUT_07499,0.0
OUT_00352,0.0
OUT_02344,0.0
OUT_07921,0.0
OUT_06415,0.0
OUT_01535,0.0
OUT_08112,0.0
OUT_07587,0.0
OUT_08850,0.0
OUT_07220,0.0
OUT_06255,0.0
OUT_02143,0.0
OUT_05998,0.0
OUT_00825,0.0
OUT_03729,0.0
OUT_05661,0.0
OUT_01962,0.0
OUT_00279,0.0
OUT_03463,0.0
OUT_07686,0.0
OUT_03104,0.0
OUT_03118,0.0
OUT_06163,0.0
OUT_02877,0.0
OUT_00002,0.0
OUT_00942,0.0
OUT_02788,0.0
OUT_06714,0.0
OUT_04116,0.0
OUT_05143,0.0
OUT_08228,0.0
OUT_07868,0.0
OUT_01960,0.0
OUT_05263,0.0
OUT_00153,0.0
OUT_03344,0.0
OUT_03342,0.0
OUT_02866,0.0
OUT_02903,0.0
OUT_08968,0.0
OUT_01572,0.0
OUT_05871,0.0
OUT_03063,0.0
OUT_07553,0.0
OUT_02150,0.0
OUT_01601,0.0
OUT_00406,0.0
OUT_03978,0.0
OUT_04044,0.0
OUT_04005,0.0
OUT_05124,0.0
OUT_01639,0.0
OUT_05216,0.0
OUT_03916,0.0
OUT_04779,0.0
OUT_05030,0.0
OUT_02937,0.0
OUT_02340,0.0
OUT_08321,0.0
OUT_02125,0.0
OUT_01829,0.0
OUT_04191,0.0
OUT_07564,0.0
OUT_00033,0.0
OUT_08267,0.0
OUT_00745,0.0
OUT_01534,0.0
OUT_06183,0.0
OUT_08591,0.0
OUT_07494,0.0
OUT_06981,0.0
OUT_02433,0.0
OUT_01823,0.0
OUT_01898,0.0
OUT_03436,0.0
OUT_07663,0.0
OUT_02484,0.0
OUT_01690,0.0
OUT_07185,0.0
OUT_02375,0.0
OUT_01390,0.0
OUT_06015,0.0
OUT_01956,0.0
OUT_01550,0.0
OUT_04870,0.0
OUT_06110,0.0
OUT_05641,0.0
OUT_05971,0.0
OUT_05316,0.0
OUT_01696,0.0
OUT_08988,0.0
OUT_06517,0.0
OUT_08140,0.0
OUT_08203,0.0
OUT_02462,0.0
OUT_01903,0.0
OUT_04546,0.0
OUT_03180,0.0
OUT_07341,0.0
OUT_04007,0.0
OUT_05271,0.0
OUT_02226,0.0
OUT_08837,0.0
OUT_08486,0.0
OUT_02047,0.0
OUT_01538,0.0
OUT_05916,0.0
OUT_03526,0.0
OUT_05942,0.0
OUT_07983,0.0
OUT_03690,0.0
OUT_01904,0.0
OUT_01047,0.0
OUT_05164,0.0
OUT_01065,0.0
OUT_03487,0.0
OUT_04963,0.0
OUT_06419,0.0
OUT_04118,0.0
OUT_01030,0.0
OUT_03043,0.0
OUT_08208,0.0
OUT_06976,0.0
OUT_06405,0.0
OUT_02111,0.0
OUT_06297,0.0
OUT_03826,0.0
OUT_08664,0.0
OUT_05436,0.0
OUT_01184,0.0
OUT_00915,0.0
OUT_00661,0.0
OUT_06836,0.0
OUT_06123,0.0
OUT_00546,0.0
OUT_02240,0.0
OUT_04390,0.0
OUT_07858,0.0
OUT_02502,0.0
OUT_03558,0.0
OUT_07714,0.0
OUT_02259,0.0
OUT_05751,0.0
OUT_02067,0.0
OUT_06308,0.0
OUT_05066,0.0
OUT_08012,0.0
OUT_04912,0.0
OUT_02442,0.0
OUT_08473,0.0
OUT_00496,0.0
OUT_00353,0.0
OUT_05165,0.0
OUT_05831,0.0
OUT_08873,0.0
OUT_04376,0.0
OUT_02963,0.0
OUT_05675,0.0
OUT_04601,0.0
OUT_01752,0.0
OUT_06432,0.0
OUT_03713,0.0
OUT_01442,0.0
OUT_02255,0.0
OUT_05373,0.0
OUT_04814,0.0
OUT_06351,0.0
OUT_06476,0.0
OUT_01581,0.0
OUT_07738,0.0
OUT_05844,0.0
OUT_02743,0.0
OUT_05355,0.0
OUT_00833,0.0
OUT_07627,0.0
OUT_03446,0.0
OUT_06700,0.0
OUT_07993,0.0
OUT_06614,0.0
OUT_03880,0.0
OUT_06298,0.0
OUT_05918,0.0
OUT_02430,0.0
OUT_01943,0.0
OUT_05966,0.0
OUT_05987,0.0
OUT_01907,0.0
OUT_01002,0.0
OUT_06385,0.0
OUT_03997,0.0
OUT_03904,0.0
OUT_02318,0.0
OUT_04365,0.0
OUT_02904,0.0
OUT_07155,0.0
OUT_00484,0.0
OUT_06689,0.0
OUT_01169,0.0
OUT_02919,0.0
OUT_04093,0.0
OUT_08038,0.0
OUT_05339,0.0
OUT_07136,0.0
OUT_07055,0.0
OUT_06108,0.0
OUT_02592,0.0
OUT_04950,0.0
OUT_06698,0.0
OUT_07619,0.0
OUT_07283,0.0
OUT_02829,0.0
OUT_01469,0.0
OUT_06910,0.0
OUT_08538,0.0
OUT_05920,0.0
OUT_08910,0.0
OUT_08477,0.0
OUT_06550,0.0
OUT_08976,0.0
OUT_08251,0.0
OUT_00584,0.0
OUT_06214,0.0
OUT_04296,0.0
OUT_01377,0.0
OUT_00818,0.0
OUT_05955,0.0
OUT_07502,0.0
OUT_05221,0.0
OUT_01748,0.0
OUT_04972,0.0
OUT_08307,0.0
OUT_06012,0.0
OUT_05035,0.0
OUT_03953,0.0
OUT_01645,0.0
OUT_04328,0.0
OUT_02114,0.0
OUT_05632,0.0
OUT_00585,0.0
OUT_03587,0.0
OUT_01574,0.0
OUT_00934,0.0
OUT_01458,0.0
OUT_00971,0.0
OUT_03699,0.0
OUT_01651,0.0
OUT_03434,0.0
OUT_00066,0.0
OUT_05413,0.0
OUT_03766,0.0
OUT_03046,0.0
OUT_06142,0.0
OUT_03210,0.0
OUT_05060,0.0
OUT_04713,0.0
OUT_02698,0.0
OUT_07400,0.0
OUT_07416,0.0
OUT_01832,0.0
OUT_07877,0.0
OUT_04545,0.0
OUT_07629,0.0
OUT_07711,0.0
OUT_08625,0.0
OUT_02094,0.0
OUT_07340,0.0
OUT_03040,0.0
OUT_00349,0.0
OUT_02947,0.0
OUT_00088,0.0
OUT_05771,0.0
OUT_04951,0.0
OUT_01541,0.0
OUT_08429,0.0
OUT_06742,0.0
OUT_04233,0.0
OUT_03378,0.0
OUT_03256,0.0
OUT_02736,0.0
OUT_04274,0.0
OUT_02277,0.0
OUT_00940,0.0
OUT_08153,0.0
OUT_05218,0.0
OUT_01282,0.0
OUT_00175,0.0
OUT_03653,0.0
OUT_08336,0.0
OUT_06020,0.0
OUT_06878,0.0
OUT_00400,0.0
OUT_02040,0.0
OUT_04818,0.0
OUT_04205,0.0
OUT_01925,0.0
OUT_03776,0.0
OUT_08706,0.0
OUT_01474,0.0
OUT_03187,0.0
OUT_00573,0.0
OUT_02230,0.0
OUT_04363,0.0
OUT_06728,0.0
OUT_01070,0.0
OUT_00441,0.0
OUT_00498,0.0
OUT_00732,0.0
OUT_01276,0.0
OUT_04899,0.0
OUT_04192,0.0
OUT_05673,0.0
OUT_02699,0.0
OUT_01494,0.0
OUT_00987,0.0
OUT_02305,0.0
OUT_07602,0.0
OUT_03233,0.0
OUT_03417,0.0
OUT_05419,0.0
OUT_02542,0.0
OUT_00156,0.0
OUT_01854,0.0
OUT_08056,0.0
OUT_03617,0.0
OUT_06987,0.0
OUT_08105,0.0
OUT_01364,0.0
OUT_00363,0.0
OUT_00657,0.0
OUT_01804,0.0
OUT_08971,0.0
OUT_01713,0.0
OUT_03444,0.0
OUT_07903,0.0
OUT_03397,0.0
OUT_05795,0.0
OUT_07174,0.0
OUT_03778,0.0
OUT_00031,0.0
OUT_08445,0.0
OUT_02265,0.0
OUT_06078,0.0
OUT_05530,0.0
OUT_02702,0.0
OUT_07856,0.0
OUT_04688,0.0
OUT_01387,0.0
OUT_06916,0.0
OUT_01835,0.0
OUT_00132,0.0
OUT_06349,0.0
OUT_05773,0.0
OUT_00858,0.0
OUT_02996,0.0
OUT_00891,0.0
OUT_05342,0.0
OUT_07368,0.0
OUT_04046,0.0
OUT_05739,0.0
OUT_05163,0.0
OUT_02311,0.0
OUT_05324,0.0
OUT_01985,0.0
OUT_04441,0.0
OUT_04213,0.0
OUT_05484,0.0
OUT_02447,0.0
OUT_01212,0.0
OUT_05407,0.0
OUT_03255,0.0
OUT_04492,0.0
OUT_07764,0.0
OUT_06534,0.0
OUT_07086,0.0
OUT_01969,0.0
OUT_04278,0.0
OUT_00655,0.0
OUT_01144,0.0
OUT_07028,0.0
OUT_04375,0.0
OUT_01341,0.0
OUT_00302,0.0
OUT_07457,0.0
OUT_06358,0.0
OUT_01264,0.0
OUT_04685,0.0
OUT_05391,0.0
OUT_07652,0.0
OUT_04141,0.0
OUT_02004,0.0
OUT_06491,0.0
OUT_05609,0.0
OUT_03649,0.0
OUT_06166,0.0
OUT_08508,0.0
OUT_03903,0.0
OUT_04484,0.0
OUT_06761,0.0
OUT_06777,0.0
OUT_07966,0.0
OUT_03927,0.0
OUT_05624,0.0
OUT_08454,0.0
OUT_02475,0.0
OUT_07768,0.0
OUT_04513,0.0
OUT_06529,0.0
OUT_01428,0.0
OUT_03878,0.0
OUT_08907,0.0
OUT_04733,0.0
OUT_00630,0.0
OUT_02058,0.0
OUT_02873,0.0
OUT_02828,0.0
OUT_02011,0.0
OUT_05327,0.0
OUT_05457,0.0
OUT_08413,0.0
OUT_07288,0.0
OUT_06303,0.0
OUT_08967,0.0
OUT_05848,0.0
OUT_05926,0.0
OUT_06401,0.0
OUT_06067,0.0
OUT_05921,0.0
OUT_02954,0.0
OUT_07017,0.0
OUT_00927,0.0
OUT_04998,0.0
OUT_02429,0.0
OUT_07779,0.0
OUT_04771,0.0
OUT_03065,0.0
OUT_05901,0.0
OUT_05612,0.0
OUT_02657,0.0
OUT_06242,0.0
OUT_05513,0.0
OUT_02060,0.0
OUT_02746,0.0
OUT_04300,0.0
OUT_00666,0.0
OUT_01222,0.0
OUT_08059,0.0
OUT_07945,0.0
OUT_02168,0.0
OUT_06701,0.0
OUT_04231,0.0
OUT_07284,0.0
OUT_03354,0.0
OUT_04574,0.0
OUT_03066,0.0
OUT_03520,0.0
OUT_03543,0.0
OUT_02882,0.0
OUT_02199,0.0
OUT_02738,0.0
OUT_03166,0.0
OUT_05046,0.0
OUT_00641,0.0
OUT_05120,0.0
OUT_06257,0.0
OUT_08751,0.0
OUT_07020,0.0
OUT_06344,0.0
OUT_00529,0.0
OUT_00562,0.0
OUT_08957,0.0
OUT_07932,0.0
OUT_00559,0.0
OUT_00828,0.0
OUT_04800,0.0
OUT_08792,0.0
OUT_02069,0.0
OUT_00244,0.0
OUT_08462,0.0
OUT_04200,0.0
OUT_05034,0.0
OUT_06999,0.0
OUT_04556,0.0
OUT_04892,0.0
OUT_05616,0.0
OUT_02448,0.0
OUT_01705,0.0
OUT_03443,0.0
OUT_06334,0.0
OUT_05414,0.0
OUT_01374,0.0
OUT_02202,0.0
OUT_03574,0.0
OUT_06868,0.0
OUT_03134,0.0
OUT_08200,0.0
OUT_08424,0.0
OUT_04522,0.0
OUT_01188,0.0
OUT_00205,0.0
OUT_02995,0.0
OUT_00009,0.0
OUT_06938,0.0
OUT_03739,0.0
OUT_05772,0.0
OUT_01575,0.0
OUT_06706,0.0
OUT_05127,0.0
OUT_07228,0.0
OUT_04686,0.0
OUT_05061,0.0
OUT_06779,0.0
OUT_00419,0.0
OUT_05814,0.0
OUT_05435,0.0
OUT_06396,0.0
OUT_07908,0.0
OUT_00545,0.0
OUT_06633,0.0
OUT_06806,0.0
OUT_00281,0.0
OUT_00990,0.0
OUT_03278,0.0
OUT_06185,0.0
OUT_06729,0.0
OUT_01475,0.0
OUT_03414,0.0
OUT_08585,0.0
OUT_02810,0.0
OUT_08143,0.0
OUT_01315,0.0
OUT_07094,0.0
OUT_06042,0.0
OUT_04629,0.0
OUT_04419,0.0
OUT_07186,0.0
OUT_05362,0.0
OUT_05224,0.0
OUT_07889,0.0
OUT_01297,0.0
OUT_06559,0.0
OUT_00638,0.0
OUT_07093,0.0
OUT_08332,0.0
OUT_04452,0.0
OUT_02923,0.0
OUT_03194,0.0
OUT_04904,0.0
OUT_03596,0.0
OUT_02172,0.0
OUT_00977,0.0
OUT_05646,0.0
OUT_04723,0.0
OUT_06295,0.0
OUT_02958,0.0
OUT_06374,0.0
OUT_04868,0.0
OUT_03079,0.0
OUT_05800,0.0
OUT_03994,0.0
OUT_07946,0.0
OUT_06206,0.0
OUT_02014,0.0
OUT_00103,0.0
OUT_06844,0.0
OUT_04590,0.0
OUT_07267,0.0
OUT_03025,0.0
OUT_08975,0.0
OUT_03786,0.0
OUT_02677,0.0
OUT_08411,0.0
OUT_05706,0.0
OUT_04907,0.0
OUT_07373,0.0
OUT_00197,0.0
OUT_07557,0.0
OUT_08434,0.0
OUT_07819,0.0
OUT_07115,0.0
OUT_03670,0.0
OUT_05016,0.0
OUT_05229,0.0
OUT_04273,0.0
OUT_07832,0.0
OUT_01616,0.0
OUT_08545,0.0
OUT_06072,0.0
OUT_03552,0.0
OUT_08711,0.0
OUT_02063,0.0
OUT_08961,0.0
OUT_08662,0.0
OUT_07594,0.0
OUT_05930,0.0
OUT_03725,0.0
OUT_00114,0.0
OUT_03429,0.0
OUT_08465,0.0
OUT_02884,0.0
OUT_00412,0.0
OUT_03733,0.0
OUT_02245,0.0
OUT_06389,0.0
OUT_04017,0.0
OUT_08067,0.0
OUT_02910,0.0
OUT_04857,0.0
OUT_08774,0.0
OUT_00091,0.0
OUT_06846,0.0
OUT_06528,0.0
OUT_04760,0.0
OUT_04493,0.0
OUT_00330,0.0
OUT_04681,0.0
OUT_02780,0.0
OUT_03525,0.0
OUT_07274,0.0
OUT_03813,0.0
OUT_08555,0.0
OUT_02802,0.0
OUT_01423,0.0
OUT_00038,0.0
OUT_08444,0.0
OUT_06014,0.0
OUT_02383,0.0
OUT_01926,0.0
OUT_08563,0.0
OUT_06224,0.0
OUT_02051,0.0
OUT_03013,0.0
OUT_02628,0.0
OUT_00968,0.0
OUT_03848,0.0
OUT_01934,0.0
OUT_06503,0.0
OUT_03298,0.0
OUT_03832,0.0
OUT_01921,0.0
OUT_00822,0.0
OUT_07840,0.0
OUT_04518,0.0
OUT_05577,0.0
OUT_03822,0.0
OUT_07607,0.0
OUT_05869,0.0
OUT_05148,0.0
OUT_07222,0.0
OUT_01178,0.0
OUT_08268,0.0
OUT_04120,0.0
OUT_00394,0.0
OUT_04922,0.0
OUT_03714,0.0
OUT_08142,0.0
OUT_00317,0.0
OUT_00809,0.0
OUT_05240,0.0
OUT_06004,0.0
OUT_07656,0.0
OUT_08863,0.0
OUT_04549,0.0
OUT_03246,0.0
OUT_01328,0.0
OUT_01481,0.0
OUT_06773,0.0
OUT_07601,0.0
OUT_00193,0.0
OUT_00790,0.0
OUT_01332,0.0
OUT_02608,0.0
OUT_07468,0.0
OUT_07910,0.0
OUT_08631,0.0
OUT_00680,0.0
OUT_06343,0.0
OUT_04302,0.0
OUT_05629,0.0
OUT_04690,0.0
OUT_06861,0.0
OUT_02406,0.0
OUT_05153,0.0
OUT_00690,0.0
OUT_05719,0.0
OUT_02293,0.0
OUT_00935,0.0
OUT_05610,0.0
OUT_06138,0.0
OUT_03116,0.0
OUT_05067,0.0
OUT_06428,0.0
OUT_03935,0.0
OUT_01842,0.0
OUT_05133,0.0
OUT_06780,0.0
OUT_01617,0.0
OUT_06601,0.0
OUT_05866,0.0
OUT_04558,0.0
OUT_00459,0.0
OUT_00108,0.0
OUT_07659,0.0
OUT_07717,0.0
OUT_01092,0.0
OUT_07208,0.0
OUT_00535,0.0
OUT_02489,0.0
OUT_01776,0.0
OUT_08022,0.0
OUT_03871,0.0
OUT_06440,0.0
OUT_08010,0.0
OUT_02789,0.0
OUT_06140,0.0
OUT_01137,0.0
OUT_03291,0.0
OUT_01200,0.0
OUT_06798,0.0
OUT_01652,0.0
OUT_04952,0.0
OUT_01087,0.0
OUT_02048,0.0
OUT_05122,0.0
OUT_01579,0.0
OUT_05356,0.0
OUT_00514,0.0
OUT_06623,0.0
OUT_05685,0.0
OUT_05142,0.0
OUT_00596,0.0
OUT_06172,0.0
OUT_07091,0.0
OUT_03762,0.0
OUT_01257,0.0
OUT_02159,0.0
OUT_01259,0.0
OUT_01004,0.0
OUT_06541,0.0
OUT_06464,0.0
OUT_02893,0.0
OUT_08743,0.0
OUT_07402,0.0
OUT_00107,0.0
OUT_06667,0.0
OUT_03317,0.0
OUT_01056,0.0
OUT_06979,0.0
OUT_05770,0.0
OUT_01023,0.0
OUT_05737,0.0
OUT_06458,0.0
OUT_08475,0.0
OUT_07825,0.0
OUT_03505,0.0
OUT_05951,0.0
OUT_02602,0.0
OUT_04317,0.0
OUT_01165,0.0
OUT_07039,0.0
OUT_06092,0.0
OUT_00817,0.0
OUT_00120,0.0
OUT_06384,0.0
OUT_05274,0.0
OUT_05631,0.0
OUT_03590,0.0
OUT_01464,0.0
OUT_01805,0.0
OUT_07150,0.0
OUT_02043,0.0
OUT_07802,0.0
OUT_05013,0.0
OUT_03328,0.0
OUT_06099,0.0
OUT_02642,0.0
OUT_05808,0.0
OUT_01948,0.0
OUT_08326,0.0
OUT_03622,0.0
OUT_00234,0.0
OUT_04717,0.0
OUT_06850,0.0
OUT_04752,0.0
OUT_00772,0.0
OUT_05823,0.0
OUT_03416,0.0
OUT_04473,0.0
OUT_08043,0.0
OUT_06239,0.0
OUT_08547,0.0
OUT_03365,0.0
OUT_02631,0.0
OUT_01976,0.0
OUT_05707,0.0
OUT_05190,0.0
OUT_05928,0.0
OUT_04515,0.0
OUT_01019,0.0
OUT_06984,0.0
OUT_06696,0.0
OUT_00665,0.0
OUT_05114,0.0
OUT_00077,0.0
OUT_00816,0.0
OUT_03295,0.0
OUT_04735,0.0
OUT_04394,0.0
OUT_02180,0.0
OUT_02820,0.0
OUT_00899,0.0
OUT_03190,0.0
OUT_05668,0.0
OUT_05086,0.0
OUT_07014,0.0
OUT_08065,0.0
OUT_08496,0.0
OUT_04403,0.0
OUT_04666,0.0
OUT_05074,0.0
OUT_00717,0.0
OUT_02353,0.0
OUT_02682,0.0
OUT_00129,0.0
OUT_06481,0.0
OUT_07163,0.0
OUT_07358,0.0
OUT_00753,0.0
OUT_02396,0.0
OUT_02835,0.0
OUT_06198,0.0
OUT_02706,0.0
OUT_00985,0.0
OUT_02504,0.0
OUT_01986,0.0
OUT_06178,0.0
OUT_08052,0.0
OUT_01397,0.0
OUT_06543,0.0
OUT_04566,0.0
OUT_01457,0.0
OUT_02194,0.0
OUT_02630,0.0
OUT_07031,0.0
OUT_08846,0.0
OUT_04831,0.0
OUT_00555,0.0
OUT_03870,0.0
OUT_08013,0.0
OUT_00747,0.0
OUT_06093,0.0
OUT_02228,0.0
OUT_05662,0.0
OUT_08740,0.0
OUT_05853,0.0
OUT_08338,0.0
OUT_06282,0.0
OUT_07669,0.0
OUT_07576,0.0
OUT_04560,0.0
OUT_04460,0.0
OUT_07353,0.0
OUT_02263,0.0
OUT_03827,0.0
OUT_02480,0.0
OUT_01384,0.0
OUT_03363,0.0
OUT_03113,0.0
OUT_08398,0.0
OUT_04325,0.0
OUT_00503,0.0
OUT_01596,0.0
OUT_00769,0.0
OUT_01622,0.0
OUT_05094,0.0
OUT_02044,0.0
OUT_02701,0.0
OUT_04370,0.0
OUT_04189,0.0
OUT_05993,0.0
OUT_04398,0.0
OUT_02925,0.0
OUT_02036,0.0
OUT_03292,0.0
OUT_00653,0.0
OUT_07027,0.0
OUT_08036,0.0
OUT_04881,0.0
OUT_02790,0.0
OUT_02909,0.0
OUT_08515,0.0
OUT_06867,0.0
OUT_05774,0.0
OUT_00567,0.0
OUT_02707,0.0
OUT_06531,0.0
OUT_05649,0.0
OUT_06492,0.0
OUT_01770,0.0
OUT_02990,0.0
OUT_07005,0.0
OUT_08900,0.0
OUT_07847,0.0
OUT_04536,0.0
OUT_07780,0.0
OUT_07194,0.0
OUT_04304,0.0
OUT_01599,0.0
OUT_03920,0.0
OUT_02074,0.0
OUT_07269,0.0
OUT_02560,0.0
OUT_08626,0.0
OUT_03049,0.0
OUT_07638,0.0
OUT_08195,0.0
OUT_00868,0.0
OUT_00334,0.0
OUT_04102,0.0
OUT_00318,0.0
OUT_02103,0.0
OUT_02992,0.0
OUT_04146,0.0
OUT_06898,0.0
OUT_02371,0.0
OUT_00149,0.0
OUT_03945,0.0
OUT_08951,0.0
OUT_03987,0.0
OUT_02289,0.0
OUT_03846,0.0
OUT_00884,0.0
OUT_07997,0.0
OUT_07620,0.0
OUT_07751,0.0
OUT_08229,0.0
OUT_01459,0.0
OUT_07864,0.0
OUT_08675,0.0
OUT_06211,0.0
OUT_04929,0.0
OUT_06563,0.0
OUT_00542,0.0
OUT_01140,0.0
OUT_05206,0.0
OUT_04931,0.0
OUT_02141,0.0
OUT_06567,0.0
OUT_02211,0.0
OUT_01732,0.0
OUT_05415,0.0
OUT_01950,0.0
OUT_06876,0.0
OUT_07936,0.0
OUT_07969,0.0
OUT_05458,0.0
OUT_08701,0.0
OUT_07797,0.0
OUT_02455,0.0
OUT_07876,0.0
OUT_05962,0.0
OUT_03343,0.0
OUT_08224,0.0
OUT_07540,0.0
OUT_04290,0.0
OUT_02025,0.0
OUT_06207,0.0
OUT_05709,0.0
OUT_05500,0.0
OUT_03996,0.0
OUT_03516,0.0
OUT_05499,0.0
OUT_06622,0.0
OUT_08915,0.0
OUT_04445,0.0
OUT_00636,0.0
OUT_00811,0.0
OUT_04646,0.0
OUT_08303,0.0
OUT_01845,0.0
OUT_07250,0.0
OUT_07432,0.0
OUT_05078,0.0
OUT_07836,0.0
OUT_07753,0.0
OUT_01217,0.0
OUT_03181,0.0
OUT_01662,0.0
OUT_06234,0.0
OUT_08982,0.0
OUT_08925,0.0
OUT_00259,0.0
OUT_01850,0.0
OUT_04540,0.0
OUT_00575,0.0
OUT_08987,0.0
OUT_02354,0.0
OUT_03462,0.0
OUT_02395,0.0
OUT_06155,0.0
OUT_01317,0.0
OUT_03956,0.0
OUT_04074,0.0
OUT_00923,0.0
OUT_07514,0.0
OUT_07085,0.0
OUT_04652,0.0
OUT_03593,0.0
OUT_02816,0.0
OUT_01051,0.0
OUT_06022,0.0
OUT_00432,0.0
OUT_03501,0.0
OUT_03810,0.0
OUT_07998,0.0
OUT_02518,0.0
OUT_01514,0.0
OUT_06942,0.0
OUT_07470,0.0
OUT_07263,0.0
OUT_05854,0.0
OUT_01298,0.0
OUT_02638,0.0
OUT_04668,0.0
OUT_04821,0.0
OUT_06542,0.0
OUT_06785,0.0
OUT_06133,0.0
OUT_02711,0.0
OUT_03758,0.0
OUT_04470,0.0
OUT_06148,0.0
OUT_00572,0.0
OUT_00163,0.0
OUT_08339,0.0
OUT_07898,0.0
OUT_00376,0.0
OUT_05717,0.0
OUT_03993,0.0
OUT_08430,0.0
OUT_07862,0.0
OUT_06675,0.0
OUT_06854,0.0
OUT_07410,0.0
OUT_04673,0.0
OUT_07870,0.0
OUT_01134,0.0
OUT_00737,0.0
OUT_06990,0.0
OUT_07460,0.0
OUT_07703,0.0
OUT_03324,0.0
OUT_04970,0.0
OUT_00429,0.0
OUT_06515,0.0
OUT_01209,0.0
OUT_04204,0.0
OUT_00309,0.0
OUT_02216,0.0
OUT_06054,0.0
OUT_00774,0.0
OUT_07088,0.0
OUT_00340,0.0
OUT_06829,0.0
OUT_03828,0.0
OUT_07301,0.0
OUT_00187,0.0
OUT_03708,0.0
OUT_03394,0.0
OUT_07770,0.0
OUT_06683,0.0
OUT_00780,0.0
OUT_03225,0.0
OUT_01879,0.0
OUT_07132,0.0
OUT_06822,0.0
OUT_08741,0.0
OUT_08941,0.0
OUT_07184,0.0
OUT_03085,0.0
OUT_03193,0.0
OUT_06164,0.0
OUT_00777,0.0
OUT_06337,0.0
OUT_02685,0.0
OUT_02377,0.0
OUT_03247,0.0
OUT_00831,0.0
OUT_05174,0.0
OUT_07545,0.0
OUT_02718,0.0
OUT_07477,0.0
OUT_01517,0.0
OUT_00843,0.0
OUT_02324,0.0
OUT_02439,0.0
OUT_07535,0.0
OUT_06585,0.0
OUT_07359,0.0
OUT_08548,0.0
OUT_03032,0.0
OUT_07319,0.0
OUT_04712,0.0
OUT_03603,0.0
OUT_06263,0.0
OUT_05063,0.0
OUT_01673,0.0
OUT_04920,0.0
OUT_04087,0.0
OUT_02386,0.0
OUT_04954,0.0
OUT_02775,0.0
OUT_03514,0.0
OUT_01486,0.0
OUT_06218,0.0
OUT_01951,0.0
OUT_02191,0.0
OUT_07525,0.0
OUT_03392,0.0
OUT_08650,0.0
OUT_04326,0.0
OUT_03788,0.0
OUT_00457,0.0
OUT_00720,0.0
OUT_02472,0.0
OUT_02653,0.0
OUT_06408,0.0
OUT_01654,0.0
OUT_02875,0.0
OUT_06666,0.0
OUT_06296,0.0
OUT_06186,0.0
OUT_05343,0.0
OUT_08760,0.0
OUT_08091,0.0
OUT_05101,0.0
OUT_07052,0.0
OUT_07404,0.0
OUT_08378,0.0
OUT_01049,0.0
OUT_07361,0.0
OUT_02676,0.0
OUT_05042,0.0
OUT_07213,0.0
OUT_01880,0.0
OUT_03631,0.0
OUT_08746,0.0
OUT_00981,0.0
OUT_07569,0.0
OUT_08687,0.0
OUT_08553,0.0
OUT_06684,0.0
OUT_00401,0.0
OUT_00539,0.0
OUT_02529,0.0
OUT_08962,0.0
OUT_00248,0.0
OUT_03539,0.0
OUT_08870,0.0
OUT_02725,0.0
OUT_06872,0.0
OUT_07784,0.0
OUT_01151,0.0
OUT_06339,0.0
OUT_08691,0.0
OUT_02470,0.0
OUT_04535,0.0
OUT_06149,0.0
OUT_03955,0.0
OUT_02444,0.0
OUT_06891,0.0
OUT_04491,0.0
OUT_04653,0.0
OUT_07507,0.0
OUT_00024,0.0
OUT_01576,0.0
OUT_05617,0.0
OUT_04539,0.0
OUT_02402,0.0
OUT_05188,0.0
OUT_02299,0.0
OUT_05779,0.0
OUT_03716,0.0
OUT_05494,0.0
OUT_03087,0.0
OUT_05563,0.0
OUT_07339,0.0
OUT_05357,0.0
OUT_02690,0.0
OUT_06300,0.0
OUT_08078,0.0
OUT_06830,0.0
OUT_01625,0.0
OUT_03369,0.0
OUT_07584,0.0
OUT_08261,0.0
OUT_00421,0.0
OUT_07530,0.0
OUT_05291,0.0
OUT_07612,0.0
OUT_02116,0.0
OUT_04637,0.0
OUT_08835,0.0
OUT_07375,0.0
OUT_03279,0.0
OUT_00962,0.0
OUT_01156,0.0
OUT_05637,0.0
OUT_06171,0.0
OUT_08162,0.0
OUT_03637,0.0
OUT_03695,0.0
OUT_07018,0.0
OUT_07500,0.0
OUT_06310,0.0
OUT_01982,0.0
OUT_04373,0.0
OUT_03991,0.0
OUT_02192,0.0
OUT_03497,0.0
OUT_03006,0.0
OUT_00855,0.0
OUT_08456,0.0
OUT_05648,0.0
OUT_00488,0.0
OUT_08949,0.0
OUT_02897,0.0
OUT_05175,0.0
OUT_03272,0.0
OUT_02582,0.0
OUT_05381,0.0
OUT_06136,0.0
OUT_08202,0.0
OUT_08302,0.0
OUT_01858,0.0
OUT_01000,0.0
OUT_00671,0.0
OUT_08389,0.0
OUT_07550,0.0
OUT_01568,0.0
OUT_03660,0.0
OUT_08021,0.0
OUT_04103,0.0
OUT_02316,0.0
OUT_07309,0.0
OUT_00718,0.0
OUT_02357,0.0
OUT_04082,0.0
OUT_05588,0.0
OUT_03962,0.0
OUT_05332,0.0
OUT_05109,0.0
OUT_02821,0.0
OUT_04864,0.0
OUT_08104,0.0
OUT_07307,0.0
OUT_07289,0.0
OUT_05374,0.0
OUT_02633,0.0
OUT_02593,0.0
OUT_07490,0.0
OUT_01578,0.0
OUT_06469,0.0
OUT_01905,0.0
OUT_05493,0.0
OUT_05614,0.0
OUT_04940,0.0
OUT_08938,0.0
OUT_02645,0.0
OUT_08843,0.0
OUT_05130,0.0
OUT_08697,0.0
OUT_05196,0.0
OUT_05496,0.0
OUT_05252,0.0
OUT_05621,0.0
OUT_07006,0.0
OUT_03722,0.0
OUT_03854,0.0
OUT_04567,0.0
OUT_08176,0.0
OUT_01615,0.0
OUT_01269,0.0
OUT_00264,0.0
OUT_02498,0.0
OUT_03647,0.0
OUT_03661,0.0
OUT_01714,0.0
OUT_03005,0.0
OUT_00693,0.0
OUT_01446,0.0
OUT_05744,0.0
OUT_00502,0.0
OUT_02503,0.0
OUT_07605,0.0
OUT_02073,0.0
OUT_01129,0.0
OUT_07491,0.0
OUT_07118,0.0
OUT_04354,0.0
OUT_03624,0.0
OUT_03581,0.0
OUT_04188,0.0
OUT_04332,0.0
OUT_00065,0.0
OUT_02522,0.0
OUT_01061,0.0
OUT_02973,0.0
OUT_02635,0.0
OUT_07167,0.0
OUT_01385,0.0
OUT_02239,0.0
OUT_04532,0.0
OUT_00966,0.0
OUT_00426,0.0
OUT_08994,0.0
OUT_05491,0.0
OUT_06864,0.0
OUT_06849,0.0
OUT_06739,0.0
OUT_00301,0.0
OUT_06472,0.0
OUT_04682,0.0
OUT_05468,0.0
OUT_06041,0.0
OUT_01777,0.0
OUT_04775,0.0
OUT_02270,0.0
OUT_00933,0.0
OUT_02977,0.0
OUT_03794,0.0
OUT_02006,0.0
OUT_08466,0.0
OUT_08028,0.0
OUT_02308,0.0
OUT_03289,0.0
OUT_06639,0.0
OUT_02494,0.0
OUT_06069,0.0
OUT_05402,0.0
OUT_08435,0.0
OUT_04381,0.0
OUT_00525,0.0
OUT_05794,0.0
OUT_00844,0.0
OUT_01893,0.0
OUT_00473,0.0
OUT_06309,0.0
OUT_02982,0.0
OUT_03120,0.0
OUT_04030,0.0
OUT_04973,0.0
OUT_00538,0.0
OUT_08050,0.0
OUT_04482,0.0
OUT_02118,0.0
OUT_00804,0.0
OUT_00805,0.0
OUT_07635,0.0
OUT_06273,0.0
OUT_00285,0.0
OUT_03737,0.0
OUT_06721,0.0
OUT_00713,0.0
OUT_05236,0.0
OUT_01316,0.0
OUT_05300,0.0
OUT_07947,0.0
OUT_04947,0.0
OUT_08188,0.0
OUT_07331,0.0
OUT_07244,0.0
OUT_08018,0.0
OUT_07740,0.0
OUT_00628,0.0
OUT_03264,0.0
OUT_06402,0.0
OUT_03052,0.0
OUT_06582,0.0
OUT_06220,0.0
OUT_07348,0.0
OUT_00181,0.0
OUT_04990,0.0
OUT_06925,0.0
OUT_08861,0.0
OUT_08310,0.0
OUT_02747,0.0
OUT_08175,0.0
OUT_05519,0.0
OUT_02741,0.0
OUT_06713,0.0
OUT_04433,0.0
OUT_05710,0.0
OUT_00243,0.0
OUT_02812,0.0
OUT_03633,0.0
OUT_02241,0.0
OUT_04286,0.0
OUT_07364,0.0
OUT_01551,0.0
OUT_03280,0.0
OUT_05604,0.0
OUT_07746,0.0
OUT_07346,0.0
OUT_07863,0.0
OUT_01443,0.0
OUT_03585,0.0
OUT_05699,0.0
OUT_07616,0.0
OUT_03597,0.0
OUT_08409,0.0
OUT_05396,0.0
OUT_08478,0.0
OUT_00493,0.0
OUT_05181,0.0
OUT_01782,0.0
OUT_03273,0.0
OUT_05237,0.0
OUT_00945,0.0
OUT_07056,0.0
OUT_04198,0.0
OUT_05180,0.0
OUT_00996,0.0
OUT_07495,0.0
OUT_02033,0.0
OUT_06690,0.0
OUT_04099,0.0
OUT_00993,0.0
OUT_04216,0.0
OUT_03537,0.0
OUT_01609,0.0
OUT_05949,0.0
OUT_08263,0.0
OUT_03471,0.0
OUT_06994,0.0
OUT_02345,0.0
OUT_08536,0.0
OUT_02260,0.0
OUT_08394,0.0
OUT_07974,0.0
OUT_01983,0.0
OUT_05961,0.0
OUT_06087,0.0
OUT_01955,0.0
OUT_07312,0.0
OUT_06662,0.0
OUT_01647,0.0
OUT_06322,0.0
OUT_01262,0.0
OUT_06577,0.0
OUT_07708,0.0
OUT_03685,0.0
OUT_04917,0.0
OUT_07004,0.0
OUT_08903,0.0
OUT_06877,0.0
OUT_03614,0.0
OUT_04345,0.0
OUT_03448,0.0
OUT_05769,0.0
OUT_07513,0.0
OUT_08459,0.0
OUT_06800,0.0
OUT_02624,0.0
OUT_05398,0.0
OUT_04065,0.0
OUT_04264,0.0
OUT_03017,0.0
OUT_08070,0.0
OUT_05171,0.0
OUT_04374,0.0
OUT_03361,0.0
OUT_03042,0.0
OUT_04767,0.0
OUT_04764,0.0
OUT_03282,0.0
OUT_00625,0.0
OUT_06676,0.0
OUT_04275,0.0
OUT_06404,0.0
OUT_03701,0.0
OUT_04632,0.0
OUT_08220,0.0
OUT_08543,0.0
OUT_07716,0.0
OUT_02337,0.0
OUT_04343,0.0
OUT_02880,0.0
OUT_06504,0.0
OUT_00438,0.0
OUT_01226,0.0
OUT_07591,0.0
OUT_05698,0.0
OUT_04520,0.0
OUT_01338,0.0
OUT_04593,0.0
OUT_07506,0.0
OUT_06089,0.0
OUT_03736,0.0
OUT_00748,0.0
OUT_08856,0.0
OUT_06366,0.0
OUT_02968,0.0
OUT_00494,0.0
OUT_08895,0.0
OUT_00541,0.0
OUT_03156,0.0
OUT_00201,0.0
OUT_06502,0.0
OUT_06341,0.0
OUT_04908,0.0
OUT_03437,0.0
OUT_07749,0.0
OUT_01258,0.0
OUT_06603,0.0
OUT_01523,0.0
OUT_03900,0.0
OUT_01174,0.0
OUT_02068,0.0
OUT_03974,0.0
OUT_08759,0.0
OUT_08033,0.0
OUT_06279,0.0
OUT_06805,0.0
OUT_00083,0.0
OUT_06077,0.0
OUT_06101,0.0
OUT_01958,0.0
OUT_03805,0.0
OUT_08602,0.0
OUT_05467,0.0
OUT_05382,0.0
OUT_00851,0.0
OUT_08646,0.0
OUT_03674,0.0
OUT_02264,0.0
OUT_03008,0.0
OUT_01664,0.0
OUT_05504,0.0
OUT_00724,0.0
OUT_00536,0.0
OUT_08077,0.0
OUT_00164,0.0
OUT_05100,0.0
OUT_00499,0.0
OUT_00729,0.0
OUT_07885,0.0
OUT_01870,0.0
OUT_01456,0.0
OUT_07833,0.0
OUT_02010,0.0
OUT_01082,0.0
OUT_02156,0.0
OUT_05529,0.0
OUT_04738,0.0
OUT_02350,0.0
OUT_05585,0.0
OUT_04140,0.0
OUT_05509,0.0
OUT_00619,0.0
OUT_07057,0.0
OUT_03768,0.0
OUT_07543,0.0
OUT_01794,0.0
OUT_08977,0.0
OUT_08587,0.0
OUT_03494,0.0
OUT_06157,0.0
OUT_04572,0.0
OUT_04820,0.0
OUT_04269,0.0
OUT_06378,0.0
OUT_01331,0.0
OUT_05323,0.0
OUT_06046,0.0
OUT_00733,0.0
OUT_03841,0.0
OUT_01231,0.0
OUT_05092,0.0
OUT_03265,0.0
OUT_02536,0.0
OUT_06399,0.0
OUT_08712,0.0
OUT_07190,0.0
OUT_04894,0.0
OUT_01190,0.0
OUT_03351,0.0
OUT_08227,0.0
OUT_01062,0.0
OUT_05093,0.0
OUT_02671,0.0
OUT_01040,0.0
OUT_00982,0.0
OUT_01787,0.0
OUT_00728,0.0
OUT_03069,0.0
OUT_05580,0.0
OUT_00035,0.0
OUT_02748,0.0
OUT_01683,0.0
OUT_02874,0.0
OUT_08632,0.0
OUT_04224,0.0
OUT_06548,0.0
OUT_01843,0.0
OUT_05400,0.0
OUT_07684,0.0
OUT_04569,0.0
OUT_03491,0.0
OUT_08488,0.0
OUT_01573,0.0
OUT_05352,0.0
OUT_01511,0.0
OUT_02343,0.0
OUT_02009,0.0
OUT_00727,0.0
OUT_07542,0.0
OUT_05730,0.0
OUT_04933,0.0
OUT_01354,0.0
OUT_03707,0.0
OUT_06363,0.0
OUT_02619,0.0
OUT_01669,0.0
OUT_07884,0.0
OUT_05187,0.0
OUT_04488,0.0
OUT_06455,0.0
OUT_07230,0.0
OUT_01285,0.0
OUT_05859,0.0
OUT_06267,0.0
OUT_02763,0.0
OUT_05434,0.0
OUT_04038,0.0
OUT_01577,0.0
OUT_02197,0.0
OUT_08455,0.0
OUT_00263,0.0
OUT_02924,0.0
OUT_06456,0.0
OUT_02878,0.0
OUT_03806,0.0
OUT_03318,0.0
OUT_05762,0.0
OUT_00405,0.0
OUT_03934,0.0
OUT_01919,0.0
OUT_03640,0.0
OUT_03095,0.0
OUT_02474,0.0
OUT_08145,0.0
OUT_00258,0.0
OUT_07264,0.0
OUT_02301,0.0
OUT_08917,0.0
OUT_03248,0.0
OUT_03277,0.0
OUT_08405,0.0
OUT_04991,0.0
OUT_01173,0.0
OUT_04107,0.0
OUT_00861,0.0
OUT_05846,0.0
OUT_03167,0.0
OUT_06383,0.0
OUT_04151,0.0
OUT_07592,0.0
OUT_00750,0.0
OUT_04877,0.0
OUT_00650,0.0
OUT_04185,0.0
OUT_07217,0.0
OUT_07909,0.0
OUT_08750,0.0
OUT_05890,0.0
OUT_04173,0.0
OUT_01978,0.0
OUT_04386,0.0
OUT_06702,0.0
OUT_00370,0.0
OUT_08815,0.0
OUT_04315,0.0
OUT_05726,0.0
OUT_00758,0.0
OUT_01350,0.0
OUT_00260,0.0
OUT_00351,0.0
OUT_02198,0.0
OUT_06332,0.0
OUT_07196,0.0
OUT_03179,0.0
OUT_08447,0.0
OUT_06879,0.0
OUT_06807,0.0
OUT_06680,0.0
OUT_02417,0.0
OUT_01018,0.0
OUT_00278,0.0
OUT_03584,0.0
OUT_05527,0.0
OUT_03594,0.0
OUT_05032,0.0
OUT_08440,0.0
OUT_02161,0.0
OUT_00873,0.0
OUT_04331,0.0
OUT_08490,0.0
OUT_08121,0.0
OUT_01680,0.0
OUT_03677,0.0
OUT_06769,0.0
OUT_02268,0.0
OUT_05098,0.0
OUT_05425,0.0
OUT_03867,0.0
OUT_05476,0.0
OUT_06810,0.0
OUT_06642,0.0
OUT_02385,0.0
OUT_05805,0.0
OUT_08980,0.0
OUT_00199,0.0
OUT_02146,0.0
OUT_07948,0.0
OUT_07702,0.0
OUT_08663,0.0
OUT_08322,0.0
OUT_04409,0.0
OUT_07904,0.0
OUT_01294,0.0
OUT_06903,0.0
OUT_03333,0.0
OUT_02861,0.0
OUT_06795,0.0
OUT_00647,0.0
OUT_00984,0.0
OUT_05349,0.0
OUT_08717,0.0
OUT_03528,0.0
OUT_03715,0.0
OUT_06317,0.0
OUT_04732,0.0
OUT_00207,0.0
OUT_03518,0.0
OUT_03405,0.0
OUT_03860,0.0
OUT_05403,0.0
OUT_03868,0.0
OUT_04789,0.0
OUT_07137,0.0
OUT_04197,0.0
OUT_03568,0.0
OUT_08610,0.0
OUT_02452,0.0
OUT_08852,0.0
OUT_07388,0.0
OUT_08024,0.0
OUT_05411,0.0
OUT_06958,0.0
OUT_07958,0.0
OUT_01115,0.0
OUT_08703,0.0
OUT_07821,0.0
OUT_06450,0.0
OUT_04628,0.0
OUT_07747,0.0
OUT_03037,0.0
OUT_08954,0.0
OUT_06294,0.0
OUT_04251,0.0
OUT_01437,0.0
OUT_01586,0.0
OUT_05089,0.0
OUT_06055,0.0
OUT_07304,0.0
OUT_07599,0.0
OUT_06753,0.0
OUT_06416,0.0
OUT_08902,0.0
OUT_02651,0.0
OUT_00239,0.0
OUT_05554,0.0
OUT_00085,0.0
OUT_04501,0.0
OUT_07844,0.0
OUT_06611,0.0
OUT_04837,0.0
OUT_01237,0.0
OUT_01873,0.0
OUT_00725,0.0
OUT_02831,0.0
OUT_03389,0.0
OUT_06326,0.0
OUT_05985,0.0
OUT_00610,0.0
OUT_07295,0.0
OUT_04081,0.0
OUT_04677,0.0
OUT_02591,0.0
OUT_00519,0.0
OUT_03382,0.0
OUT_04778,0.0
OUT_05442,0.0
OUT_06288,0.0
OUT_07942,0.0
OUT_02092,0.0
OUT_00972,0.0
OUT_02855,0.0
OUT_06311,0.0
OUT_08499,0.0
OUT_03241,0.0
OUT_00277,0.0
OUT_06132,0.0
OUT_03628,0.0
OUT_03490,0.0
OUT_07837,0.0
OUT_03399,0.0
OUT_07610,0.0
OUT_04016,0.0
OUT_00846,0.0
OUT_08722,0.0
OUT_08876,0.0
OUT_04284,0.0
OUT_01451,0.0
OUT_00931,0.0
OUT_04801,0.0
OUT_03796,0.0
OUT_03169,0.0
OUT_07270,0.0
OUT_01154,0.0
OUT_04730,0.0
OUT_07699,0.0
OUT_01749,0.0
OUT_08501,0.0
OUT_05812,0.0
OUT_00561,0.0
OUT_04288,0.0
OUT_06324,0.0
OUT_01505,0.0
OUT_02553,0.0
OUT_02218,0.0
OUT_06945,0.0
OUT_07732,0.0
OUT_01314,0.0
OUT_01824,0.0
OUT_08240,0.0
OUT_00411,0.0
OUT_08689,0.0
OUT_04021,0.0
OUT_07290,0.0
OUT_08428,0.0
OUT_01742,0.0
OUT_02363,0.0
OUT_02425,0.0
OUT_05817,0.0
OUT_02846,0.0
OUT_04389,0.0
OUT_04132,0.0
OUT_01635,0.0
OUT_02558,0.0
OUT_05929,0.0
OUT_03717,0.0
OUT_08125,0.0
OUT_02158,0.0
OUT_08826,0.0
OUT_01661,0.0
OUT_01145,0.0
OUT_05401,0.0
OUT_01917,0.0
OUT_07100,0.0
OUT_01027,0.0
OUT_04346,0.0
OUT_02662,0.0
OUT_08107,0.0
OUT_05931,0.0
OUT_07227,0.0
OUT_03807,0.0
OUT_06271,0.0
OUT_08102,0.0
OUT_07347,0.0
OUT_06708,0.0
OUT_00674,0.0
OUT_05210,0.0
OUT_06441,0.0
OUT_03173,0.0
OUT_03824,0.0
OUT_08357,0.0
OUT_08391,0.0
OUT_08323,0.0
OUT_02486,0.0
OUT_05915,0.0
OUT_08950,0.0
OUT_04604,0.0
OUT_01659,0.0
OUT_07633,0.0
OUT_02095,0.0
OUT_08932,0.0
OUT_00880,0.0
OUT_05307,0.0
OUT_06487,0.0
OUT_08642,0.0
OUT_05297,0.0
OUT_08670,0.0
OUT_03468,0.0
OUT_08521,0.0
OUT_03286,0.0
OUT_06624,0.0
OUT_04265,0.0
OUT_03819,0.0
OUT_01697,0.0
OUT_05524,0.0
OUT_04356,0.0
OUT_02451,0.0
OUT_03857,0.0
OUT_06177,0.0
OUT_02988,0.0
OUT_08232,0.0
OUT_08824,0.0
OUT_01810,0.0
OUT_01954,0.0
OUT_06357,0.0
OUT_05740,0.0
OUT_05345,0.0
OUT_01852,0.0
OUT_05917,0.0
OUT_02274,0.0
OUT_07705,0.0
OUT_08504,0.0
OUT_00443,0.0
OUT_00929,0.0
OUT_01530,0.0
OUT_05863,0.0
OUT_08738,0.0
OUT_07757,0.0
OUT_05860,0.0
OUT_03284,0.0
OUT_06150,0.0
OUT_08659,0.0
OUT_07465,0.0
OUT_06321,0.0
OUT_07665,0.0
OUT_07630,0.0
OUT_00022,0.0
OUT_03115,0.0
OUT_03141,0.0
OUT_04595,0.0
OUT_02771,0.0
OUT_08006,0.0
OUT_08495,0.0
OUT_06105,0.0
OUT_07120,0.0
OUT_04252,0.0
OUT_06918,0.0
OUT_00576,0.0
OUT_06064,0.0
OUT_08485,0.0
OUT_05944,0.0
OUT_05660,0.0
OUT_02287,0.0
OUT_05542,0.0
OUT_04827,0.0
OUT_08031,0.0
OUT_04722,0.0
OUT_06118,0.0
OUT_01471,0.0
OUT_03347,0.0
OUT_05724,0.0
OUT_08886,0.0
OUT_06995,0.0
OUT_00629,0.0
OUT_06225,0.0
OUT_05654,0.0
OUT_02338,0.0
OUT_03110,0.0
OUT_02809,0.0
OUT_02002,0.0
OUT_04336,0.0
OUT_05053,0.0
OUT_00553,0.0
OUT_08700,0.0
OUT_06894,0.0
OUT_06019,0.0
OUT_07425,0.0
OUT_06216,0.0
OUT_00061,0.0
OUT_07047,0.0
OUT_08191,0.0
OUT_07981,0.0
OUT_02110,0.0
OUT_03294,0.0
OUT_01424,0.0
OUT_01785,0.0
OUT_02557,0.0
OUT_05839,0.0
OUT_05664,0.0
OUT_06581,0.0
OUT_04512,0.0
OUT_07448,0.0
OUT_05079,0.0
OUT_00383,0.0
OUT_07064,0.0
OUT_05851,0.0
OUT_03702,0.0
OUT_03094,0.0
OUT_06899,0.0
OUT_06393,0.0
OUT_02670,0.0
OUT_05334,0.0
OUT_03641,0.0
OUT_00433,0.0
OUT_07547,0.0
OUT_01681,0.0
OUT_02082,0.0
OUT_00646,0.0
OUT_02244,0.0
OUT_00122,0.0
OUT_07338,0.0
OUT_03309,0.0
OUT_03495,0.0
OUT_06554,0.0
OUT_08414,0.0
OUT_03274,0.0
OUT_06572,0.0
OUT_05785,0.0
OUT_02130,0.0
OUT_08343,0.0
OUT_05713,0.0
OUT_08737,0.0
OUT_04057,0.0
OUT_06403,0.0
OUT_05983,0.0
OUT_01429,0.0
OUT_05489,0.0
OUT_07054,0.0
OUT_07783,0.0
OUT_04797,0.0
OUT_00371,0.0
OUT_07145,0.0
OUT_08225,0.0
OUT_05002,0.0
OUT_01815,0.0
OUT_08467,0.0
OUT_07706,0.0
OUT_05444,0.0
OUT_04177,0.0
OUT_00853,0.0
OUT_08582,0.0
OUT_06213,0.0
OUT_00839,0.0
OUT_05044,0.0
OUT_03218,0.0
OUT_03718,0.0
OUT_03793,0.0
OUT_08667,0.0
OUT_06048,0.0
OUT_03812,0.0
OUT_03329,0.0
OUT_05680,0.0
OUT_04157,0.0
OUT_07853,0.0
OUT_02768,0.0
OUT_07883,0.0
OUT_02700,0.0
OUT_06869,0.0
OUT_01513,0.0
OUT_01847,0.0
OUT_03383,0.0
OUT_07551,0.0
OUT_05518,0.0
OUT_03449,0.0
OUT_02142,0.0
OUT_07634,0.0
OUT_05465,0.0
OUT_08088,0.0
OUT_01463,0.0
OUT_08573,0.0
OUT_01327,0.0
OUT_01497,0.0
OUT_01862,0.0
OUT_02075,0.0
OUT_05927,0.0
OUT_04876,0.0
OUT_08643,0.0
OUT_02250,0.0
OUT_06927,0.0
OUT_02905,0.0
OUT_00195,0.0
OUT_06031,0.0
OUT_03160,0.0
OUT_00046,0.0
OUT_03770,0.0
OUT_01404,0.0
OUT_07255,0.0
OUT_02015,0.0
OUT_00468,0.0
OUT_00566,0.0
OUT_02456,0.0
OUT_07778,0.0
OUT_03845,0.0
OUT_00767,0.0
OUT_02443,0.0
OUT_02972,0.0
OUT_02107,0.0
OUT_04438,0.0
OUT_04579,0.0
OUT_02233,0.0
OUT_01081,0.0
OUT_04863,0.0
OUT_02649,0.0
OUT_03028,0.0
OUT_06697,0.0
OUT_00703,0.0
OUT_00627,0.0
OUT_05837,0.0
OUT_02137,0.0
OUT_07861,0.0
OUT_02784,0.0
OUT_01122,0.0
OUT_04919,0.0
OUT_04901,0.0
OUT_00678,0.0
OUT_08779,0.0
OUT_05995,0.0
OUT_00531,0.0
OUT_05635,0.0
OUT_07077,0.0
OUT_05582,0.0
OUT_06917,0.0
OUT_02399,0.0
OUT_02940,0.0
OUT_03001,0.0
OUT_00505,0.0
OUT_04196,0.0
OUT_01388,0.0
OUT_08137,0.0
OUT_05232,0.0
OUT_05731,0.0
OUT_02100,0.0
OUT_01979,0.0
OUT_05935,0.0
OUT_03790,0.0
OUT_03222,0.0
OUT_02463,0.0
OUT_01699,0.0
OUT_07926,0.0
OUT_06001,0.0
OUT_05298,0.0
OUT_04018,0.0
OUT_05404,0.0
OUT_02001,0.0
OUT_07025,0.0
OUT_01083,0.0
OUT_06948,0.0
OUT_02223,0.0
OUT_01977,0.0
OUT_07104,0.0
OUT_03921,0.0
OUT_00992,0.0
OUT_04799,0.0
OUT_06221,0.0
OUT_05862,0.0
OUT_02101,0.0
OUT_08882,0.0
OUT_01881,0.0
OUT_07960,0.0
OUT_02574,0.0
OUT_01628,0.0
OUT_05058,0.0
OUT_06988,0.0
OUT_02119,0.0
OUT_05344,0.0
OUT_01750,0.0
OUT_08358,0.0
OUT_00948,0.0
OUT_06991,0.0
OUT_01003,0.0
OUT_06616,0.0
OUT_05481,0.0
OUT_04426,0.0
OUT_02900,0.0
OUT_00794,0.0
OUT_04780,0.0
OUT_00569,0.0
OUT_03268,0.0
OUT_06073,0.0
OUT_02785,0.0
OUT_06865,0.0
OUT_04988,0.0
OUT_01792,0.0
OUT_01703,0.0
OUT_03835,0.0
OUT_08214,0.0
OUT_01940,0.0
OUT_06037,0.0
OUT_05173,0.0
OUT_03357,0.0
OUT_02471,0.0
OUT_01336,0.0
OUT_02088,0.0
OUT_07759,0.0
OUT_08443,0.0
OUT_08256,0.0
OUT_05017,0.0
OUT_02300,0.0
OUT_06672,0.0
OUT_03340,0.0
OUT_04514,0.0
OUT_01531,0.0
OUT_03946,0.0
OUT_08144,0.0
OUT_00408,0.0
OUT_05909,0.0
OUT_07866,0.0
OUT_04848,0.0
OUT_07013,0.0
OUT_02807,0.0
OUT_04768,0.0
OUT_06449,0.0
OUT_08854,0.0
OUT_06390,0.0
OUT_00860,0.0
OUT_08821,0.0
OUT_02658,0.0
OUT_05028,0.0
OUT_07412,0.0
OUT_07016,0.0
OUT_08381,0.0
OUT_07813,0.0
OUT_00228,0.0
OUT_02850,0.0
OUT_08306,0.0
OUT_05227,0.0
OUT_01779,0.0
OUT_06835,0.0
OUT_00624,0.0
OUT_05452,0.0
OUT_04508,0.0
OUT_04126,0.0
OUT_08098,0.0
OUT_00938,0.0
OUT_06312,0.0
OUT_04012,0.0
OUT_00469,0.0
OUT_04054,0.0
OUT_01771,0.0
OUT_08716,0.0
OUT_02298,0.0
OUT_02315,0.0
OUT_07598,0.0
OUT_02805,0.0
OUT_06043,0.0
OUT_08489,0.0
OUT_08113,0.0
OUT_01608,0.0
OUT_05556,0.0
OUT_02798,0.0
OUT_05490,0.0
OUT_05182,0.0
OUT_00540,0.0
OUT_00003,0.0
OUT_07807,0.0
OUT_00345,0.0
OUT_08766,0.0
OUT_08431,0.0
OUT_04247,0.0
OUT_03896,0.0
OUT_02370,0.0
OUT_06484,0.0
OUT_00986,0.0
OUT_03455,0.0
OUT_00339,0.0
OUT_02842,0.0
OUT_04203,0.0
OUT_03833,0.0
OUT_07661,0.0
OUT_05535,0.0
OUT_01693,0.0
OUT_07123,0.0
OUT_06331,0.0
OUT_03769,0.0
OUT_05533,0.0
OUT_05429,0.0
OUT_08713,0.0
OUT_06025,0.0
OUT_08516,0.0
OUT_00375,0.0
OUT_07992,0.0
OUT_08123,0.0
OUT_03035,0.0
OUT_01361,0.0
OUT_01508,0.0
OUT_02170,0.0
OUT_04075,0.0
OUT_05590,0.0
OUT_08513,0.0
OUT_02424,0.0
OUT_07880,0.0
OUT_03412,0.0
OUT_01063,0.0
OUT_03003,0.0
OUT_03211,0.0
OUT_07886,0.0
OUT_04660,0.0
OUT_04824,0.0
OUT_03954,0.0
OUT_06967,0.0
OUT_07677,0.0
OUT_02870,0.0
OUT_07855,0.0
OUT_00787,0.0
OUT_02715,0.0
OUT_07458,0.0
OUT_03755,0.0
OUT_06253,0.0
OUT_06772,0.0
OUT_08554,0.0
OUT_05893,0.0
OUT_01684,0.0
OUT_00878,0.0
OUT_00597,0.0
OUT_03698,0.0
OUT_00612,0.0
OUT_01491,0.0
OUT_02045,0.0
OUT_01393,0.0
OUT_04750,0.0
OUT_03883,0.0
OUT_04923,0.0
OUT_08568,0.0
OUT_04981,0.0
OUT_07385,0.0
OUT_00635,0.0
OUT_00424,0.0
OUT_06499,0.0
OUT_08211,0.0
OUT_02162,0.0
OUT_01182,0.0
OUT_08644,0.0
OUT_03447,0.0
OUT_00813,0.0
OUT_08503,0.0
OUT_06113,0.0
OUT_02713,0.0
OUT_03064,0.0
OUT_08814,0.0
OUT_07383,0.0
OUT_02258,0.0
OUT_01204,0.0
OUT_00446,0.0
OUT_06209,0.0
OUT_04272,0.0
OUT_04936,0.0
OUT_00157,0.0
OUT_05486,0.0
OUT_07076,0.0
OUT_07701,0.0
OUT_06175,0.0
OUT_05687,0.0
OUT_01149,0.0
OUT_02912,0.0
OUT_00304,0.0
OUT_02513,0.0
OUT_03882,0.0
OUT_01007,0.0
OUT_08569,0.0
OUT_08346,0.0
OUT_04321,0.0
OUT_01343,0.0
OUT_02021,0.0
OUT_03055,0.0
OUT_06414,0.0
OUT_07060,0.0
OUT_04885,0.0
OUT_06251,0.0
OUT_07987,0.0
OUT_01584,0.0
OUT_06653,0.0
OUT_06144,0.0
OUT_03485,0.0
OUT_05262,0.0
OUT_02476,0.0
OUT_04656,0.0
OUT_01793,0.0
OUT_03571,0.0
OUT_04684,0.0
OUT_07464,0.0
OUT_00950,0.0
OUT_05566,0.0
OUT_03815,0.0
OUT_00512,0.0
OUT_03068,0.0
OUT_08672,0.0
OUT_07515,0.0
OUT_01439,0.0
OUT_01441,0.0
OUT_02432,0.0
OUT_02414,0.0
OUT_01158,0.0
OUT_08019,0.0
OUT_03433,0.0
OUT_00241,0.0
OUT_05561,0.0
OUT_05807,0.0
OUT_06052,0.0
OUT_06606,0.0
OUT_08181,0.0
OUT_05734,0.0
OUT_00296,0.0
OUT_02080,0.0
OUT_07369,0.0
OUT_07578,0.0
OUT_01920,0.0
OUT_07266,0.0
OUT_04616,0.0
OUT_05083,0.0
OUT_02214,0.0
OUT_08367,0.0
OUT_00979,0.0
OUT_04047,0.0
OUT_06289,0.0
OUT_04995,0.0
OUT_04663,0.0
OUT_02023,0.0
OUT_03688,0.0
OUT_07503,0.0
OUT_03062,0.0
OUT_06217,0.0
OUT_04395,0.0
OUT_06059,0.0
OUT_07805,0.0
OUT_06893,0.0
OUT_04259,0.0
OUT_08633,0.0
OUT_08342,0.0
OUT_00177,0.0
OUT_04469,0.0
OUT_07377,0.0
OUT_03136,0.0
OUT_04516,0.0
OUT_03668,0.0
OUT_01088,0.0
OUT_02096,0.0
OUT_02679,0.0
OUT_07107,0.0
OUT_04636,0.0
OUT_07518,0.0
OUT_03285,0.0
OUT_01071,0.0
OUT_05753,0.0
OUT_00709,0.0
OUT_03117,0.0
OUT_04635,0.0
OUT_07719,0.0
OUT_03834,0.0
OUT_05970,0.0
OUT_00910,0.0
OUT_00423,0.0
OUT_00444,0.0
OUT_03517,0.0
OUT_07403,0.0
OUT_01745,0.0
OUT_06941,0.0
OUT_00453,0.0
OUT_01037,0.0
OUT_01141,0.0
OUT_01800,0.0
OUT_02381,0.0
OUT_06853,0.0
OUT_06232,0.0
OUT_05695,0.0
OUT_05733,0.0
OUT_00900,0.0
OUT_00620,0.0
OUT_04003,0.0
OUT_07823,0.0
OUT_02614,0.0
OUT_00490,0.0
OUT_00978,0.0
OUT_05450,0.0
OUT_04743,0.0
OUT_02757,0.0
OUT_02302,0.0
OUT_05110,0.0
OUT_08215,0.0
OUT_07323,0.0
OUT_06086,0.0
OUT_07386,0.0
OUT_04777,0.0
OUT_08349,0.0
OUT_04993,0.0
OUT_07406,0.0
OUT_00959,0.0
OUT_03742,0.0
OUT_02663,0.0
OUT_06134,0.0
OUT_03410,0.0
OUT_07965,0.0
OUT_04911,0.0
OUT_00227,0.0
OUT_05593,0.0
OUT_01034,0.0
OUT_00355,0.0
OUT_04463,0.0
OUT_01107,0.0
OUT_02493,0.0
OUT_04675,0.0
OUT_01427,0.0
OUT_02618,0.0
OUT_07415,0.0
OUT_07632,0.0
OUT_07878,0.0
OUT_04483,0.0
OUT_01855,0.0
OUT_03881,0.0
OUT_07459,0.0
OUT_03413,0.0
OUT_07895,0.0
OUT_01482,0.0
OUT_04329,0.0
OUT_04067,0.0
OUT_04945,0.0
OUT_00513,0.0
OUT_06782,0.0
OUT_07140,0.0
OUT_05027,0.0
OUT_02752,0.0
OUT_08500,0.0
OUT_01522,0.0
OUT_00479,0.0
OUT_03951,0.0
OUT_05121,0.0
OUT_00098,0.0
OUT_05368,0.0
OUT_06245,0.0
OUT_01172,0.0
OUT_07756,0.0
OUT_01863,0.0
OUT_06522,0.0
OUT_08020,0.0
OUT_05249,0.0
OUT_00174,0.0
OUT_06651,0.0
OUT_05559,0.0
OUT_05659,0.0
OUT_05820,0.0
OUT_04010,0.0
OUT_03579,0.0
OUT_05150,0.0
OUT_06146,0.0
OUT_02568,0.0
OUT_05469,0.0
OUT_02284,0.0
OUT_07051,0.0
OUT_03321,0.0
OUT_01112,0.0
OUT_02760,0.0
OUT_01381,0.0
OUT_05438,0.0
OUT_04964,0.0
OUT_07986,0.0
OUT_06333,0.0
OUT_02907,0.0
OUT_02744,0.0
OUT_08283,0.0
OUT_06424,0.0
OUT_06576,0.0
OUT_02994,0.0
OUT_03823,0.0
OUT_05842,0.0
OUT_07830,0.0
OUT_04957,0.0
OUT_02979,0.0
OUT_01240,0.0
OUT_00565,0.0
OUT_04683,0.0
OUT_03583,0.0
OUT_05351,0.0
OUT_02348,0.0
OUT_07355,0.0
OUT_02589,0.0
OUT_04707,0.0
OUT_05686,0.0
OUT_00223,0.0
OUT_06950,0.0
OUT_04946,0.0
OUT_08935,0.0
OUT_05992,0.0
OUT_01892,0.0
OUT_05870,0.0
OUT_00578,0.0
OUT_04826,0.0
OUT_01194,0.0
OUT_07593,0.0
OUT_08096,0.0
OUT_03901,0.0
OUT_01929,0.0
OUT_04351,0.0
OUT_01834,0.0
OUT_08798,0.0
OUT_00080,0.0
OUT_05977,0.0
OUT_03800,0.0
OUT_03011,0.0
OUT_05932,0.0
OUT_04842,0.0
OUT_05911,0.0
OUT_08079,0.0
OUT_05077,0.0
OUT_06461,0.0
OUT_08487,0.0
OUT_06682,0.0
OUT_03630,0.0
OUT_06752,0.0
OUT_04182,0.0
OUT_02527,0.0
OUT_06936,0.0
OUT_01048,0.0
OUT_04858,0.0
OUT_01840,0.0
OUT_04769,0.0
OUT_07229,0.0
OUT_04055,0.0
OUT_04563,0.0
OUT_00821,0.0
OUT_01865,0.0
OUT_04985,0.0
OUT_04443,0.0
OUT_02490,0.0
OUT_04815,0.0
OUT_03362,0.0
OUT_07475,0.0
OUT_08773,0.0
OUT_05282,0.0
OUT_07961,0.0
OUT_02554,0.0
OUT_08223,0.0
OUT_03259,0.0
OUT_02208,0.0
OUT_02721,0.0
OUT_04728,0.0
OUT_05422,0.0
OUT_02606,0.0
OUT_02500,0.0
OUT_05418,0.0
OUT_03607,0.0
OUT_07030,0.0
OUT_05933,0.0
OUT_06018,0.0
OUT_04961,0.0
OUT_08136,0.0
OUT_07379,0.0
OUT_03465,0.0
OUT_00015,0.0
OUT_00552,0.0
OUT_03509,0.0
OUT_06509,0.0
OUT_02368,0.0
OUT_02297,0.0
OUT_07062,0.0
OUT_05603,0.0
OUT_06336,0.0
OUT_04110,0.0
OUT_01360,0.0
OUT_05464,0.0
OUT_05613,0.0
OUT_06498,0.0
OUT_05653,0.0
OUT_08655,0.0
OUT_07888,0.0
OUT_07906,0.0
OUT_00895,0.0
OUT_01758,0.0
OUT_05266,0.0
OUT_02695,0.0
OUT_05097,0.0
OUT_05693,0.0
OUT_01431,0.0
OUT_04405,0.0
OUT_04447,0.0
OUT_08688,0.0
OUT_00235,0.0
OUT_07189,0.0
OUT_03261,0.0
OUT_07469,0.0
OUT_05688,0.0
OUT_06391,0.0
OUT_04337,0.0
OUT_04446,0.0
OUT_04843,0.0
OUT_04306,0.0
OUT_04726,0.0
OUT_08244,0.0
OUT_06613,0.0
OUT_05259,0.0
OUT_05681,0.0
OUT_05254,0.0
OUT_02380,0.0
OUT_02465,0.0
OUT_07574,0.0
OUT_06422,0.0
OUT_03082,0.0
OUT_02113,0.0
OUT_06154,0.0
OUT_00807,0.0
OUT_02272,0.0
OUT_04117,0.0
OUT_06750,0.0
OUT_06765,0.0
OUT_04150,0.0
OUT_00936,0.0
OUT_00939,0.0
OUT_02730,0.0
OUT_00824,0.0
OUT_04291,0.0
OUT_03138,0.0
OUT_06749,0.0
OUT_01013,0.0
OUT_07394,0.0
OUT_00826,0.0
OUT_06858,0.0
OUT_05319,0.0
OUT_07566,0.0
OUT_01186,0.0
OUT_08300,0.0
OUT_01455,0.0
OUT_05752,0.0
OUT_08912,0.0
OUT_01324,0.0
OUT_08060,0.0
OUT_01974,0.0
OUT_00975,0.0
OUT_06840,0.0
OUT_00414,0.0
OUT_08833,0.0
OUT_01452,0.0
OUT_08004,0.0
OUT_08149,0.0
OUT_03083,0.0
OUT_07493,0.0
OUT_08574,0.0
OUT_06434,0.0
OUT_04926,0.0
OUT_03734,0.0
OUT_02563,0.0
OUT_03837,0.0
OUT_08842,0.0
OUT_03958,0.0
OUT_01571,0.0
OUT_00658,0.0
OUT_05183,0.0
OUT_08923,0.0
OUT_08116,0.0
OUT_03538,0.0
OUT_00073,0.0
OUT_06685,0.0
OUT_03308,0.0
OUT_05849,0.0
OUT_04023,0.0
OUT_05813,0.0
OUT_08908,0.0
OUT_04974,0.0
OUT_00598,0.0
OUT_05811,0.0
OUT_00474,0.0
OUT_05924,0.0
OUT_04648,0.0
OUT_05049,0.0
OUT_01015,0.0
OUT_02411,0.0
OUT_02974,0.0
OUT_03000,0.0
OUT_08752,0.0
OUT_06319,0.0
OUT_02423,0.0
OUT_01797,0.0
OUT_02640,0.0
OUT_03303,0.0
OUT_07154,0.0
OUT_06756,0.0
OUT_05277,0.0
OUT_03124,0.0
OUT_00696,0.0
OUT_01582,0.0
OUT_02477,0.0
OUT_04388,0.0
OUT_05550,0.0
OUT_05048,0.0
OUT_06654,0.0
OUT_05670,0.0
OUT_04187,0.0
OUT_04175,0.0
OUT_01548,0.0
OUT_07427,0.0
OUT_06457,0.0
OUT_06955,0.0
OUT_08733,0.0
OUT_02251,0.0
OUT_03852,0.0
OUT_08094,0.0
OUT_08855,0.0
OUT_03557,0.0
OUT_06002,0.0
OUT_04825,0.0
OUT_03021,0.0
OUT_07471,0.0
OUT_04006,0.0
OUT_07523,0.0
OUT_03198,0.0
OUT_04861,0.0
OUT_06691,0.0
OUT_07748,0.0
OUT_00109,0.0
OUT_05973,0.0
OUT_05399,0.0
OUT_02913,0.0
OUT_04761,0.0
OUT_02955,0.0
OUT_04411,0.0
OUT_06535,0.0
OUT_05898,0.0
OUT_02317,0.0
OUT_01856,0.0
OUT_03555,0.0
OUT_03076,0.0
OUT_02673,0.0
OUT_05328,0.0
OUT_04984,0.0
OUT_00428,0.0
OUT_06181,0.0
OUT_04115,0.0
OUT_05847,0.0
OUT_03102,0.0
OUT_07516,0.0
OUT_02580,0.0
OUT_05463,0.0
OUT_08654,0.0
OUT_05331,0.0
OUT_03650,0.0
OUT_06139,0.0
OUT_08524,0.0
OUT_06712,0.0
OUT_04098,0.0
OUT_02749,0.0
OUT_04554,0.0
OUT_06694,0.0
OUT_00425,0.0
OUT_05498,0.0
OUT_01723,0.0
OUT_00556,0.0
OUT_08651,0.0
OUT_08241,0.0
OUT_01161,0.0
OUT_00830,0.0
OUT_05907,0.0
OUT_06744,0.0
OUT_00477,0.0
OUT_04900,0.0
OUT_07098,0.0
OUT_02151,0.0
OUT_06909,0.0
OUT_06827,0.0
OUT_07849,0.0
OUT_07929,0.0
OUT_07724,0.0
OUT_08686,0.0
OUT_08194,0.0
OUT_04468,0.0
OUT_04948,0.0
OUT_02848,0.0
OUT_03541,0.0
OUT_07869,0.0
OUT_06409,0.0
OUT_06758,0.0
OUT_08808,0.0
OUT_03313,0.0
OUT_04749,0.0
OUT_04559,0.0
OUT_00448,0.0
OUT_06371,0.0
OUT_01305,0.0
OUT_00702,0.0
OUT_03411,0.0
OUT_06100,0.0
OUT_07474,0.0
OUT_03791,0.0
OUT_03749,0.0
OUT_07648,0.0
OUT_01125,0.0
OUT_03968,0.0
OUT_04013,0.0
OUT_01465,0.0
OUT_04960,0.0
OUT_06741,0.0
OUT_04705,0.0
OUT_03544,0.0
OUT_08334,0.0
OUT_06130,0.0
OUT_06871,0.0
OUT_07177,0.0
OUT_07758,0.0
OUT_07327,0.0
OUT_00192,0.0
OUT_05895,0.0
OUT_05290,0.0
OUT_08786,0.0
OUT_03689,0.0
OUT_07662,0.0
OUT_04840,0.0
OUT_07984,0.0
OUT_08460,0.0
OUT_02154,0.0
OUT_01686,0.0
OUT_07808,0.0
OUT_08866,0.0
OUT_07232,0.0
OUT_06859,0.0
OUT_01689,0.0
OUT_01450,0.0
OUT_07822,0.0
OUT_00779,0.0
OUT_06892,0.0
OUT_05972,0.0
OUT_00178,0.0
OUT_03894,0.0
OUT_06587,0.0
OUT_05945,0.0
OUT_02766,0.0
OUT_05311,0.0
OUT_01721,0.0
OUT_01992,0.0
OUT_02050,0.0
OUT_05597,0.0
OUT_05395,0.0
OUT_01106,0.0
OUT_04279,0.0
OUT_02269,0.0
OUT_02526,0.0
OUT_02331,0.0
OUT_07537,0.0
OUT_05460,0.0
OUT_05628,0.0
OUT_01470,0.0
OUT_03489,0.0
OUT_04387,0.0
OUT_06292,0.0
OUT_03675,0.0
OUT_04529,0.0
OUT_02055,0.0
OUT_01412,0.0
OUT_04841,0.0
OUT_06546,0.0
OUT_00515,0.0
OUT_03114,0.0
OUT_07860,0.0
OUT_06483,0.0
OUT_06727,0.0
OUT_06104,0.0
OUT_01995,0.0
OUT_08325,0.0
OUT_02556,0.0
OUT_00148,0.0
OUT_01067,0.0
OUT_07212,0.0
OUT_02661,0.0
OUT_01123,0.0
OUT_03220,0.0
OUT_01790,0.0
OUT_08193,0.0
OUT_08476,0.0
OUT_04208,0.0
OUT_01371,0.0
OUT_03073,0.0
OUT_03937,0.0
OUT_04076,0.0
OUT_04650,0.0
OUT_00554,0.0
OUT_08859,0.0
OUT_00571,0.0
OUT_05784,0.0
OUT_07253,0.0
OUT_02786,0.0
OUT_04312,0.0
OUT_01216,0.0
OUT_04782,0.0
OUT_00410,0.0
OUT_02933,0.0
OUT_02382,0.0
OUT_04627,0.0
OUT_01945,0.0
OUT_01230,0.0
OUT_03504,0.0
OUT_07842,0.0
OUT_04762,0.0
OUT_01733,0.0
OUT_04391,0.0
OUT_02654,0.0
OUT_04968,0.0
OUT_04505,0.0
OUT_06923,0.0
OUT_02539,0.0
OUT_01867,0.0
OUT_05308,0.0
OUT_07238,0.0
OUT_08155,0.0
OUT_03671,0.0
OUT_08089,0.0
OUT_03530,0.0
OUT_01938,0.0
OUT_05777,0.0
OUT_01674,0.0
OUT_08509,0.0
OUT_06079,0.0
OUT_06062,0.0
OUT_05487,0.0
OUT_07489,0.0
OUT_07273,0.0
OUT_02173,0.0
OUT_07654,0.0
OUT_08844,0.0
OUT_02898,0.0
OUT_05791,0.0
OUT_06511,0.0
OUT_06755,0.0
OUT_08810,0.0
OUT_03237,0.0
OUT_06096,0.0
OUT_00238,0.0
OUT_05963,0.0
OUT_02610,0.0
OUT_05241,0.0
OUT_08146,0.0
OUT_05423,0.0
OUT_05548,0.0
OUT_08964,0.0
OUT_06238,0.0
OUT_04523,0.0
OUT_06862,0.0
OUT_03973,0.0
OUT_00261,0.0
OUT_00305,0.0
OUT_08638,0.0
OUT_07559,0.0
OUT_03780,0.0
OUT_07765,0.0
OUT_07950,0.0
OUT_03712,0.0
OUT_04459,0.0
OUT_04215,0.0
OUT_05488,0.0
OUT_03773,0.0
OUT_05690,0.0
OUT_00427,0.0
OUT_03922,0.0
OUT_07357,0.0
OUT_03376,0.0
OUT_08905,0.0
OUT_07628,0.0
OUT_06695,0.0
OUT_01552,0.0
OUT_07453,0.0
OUT_03224,0.0
OUT_05115,0.0
OUT_08613,0.0
OUT_06407,0.0
OUT_04462,0.0
OUT_01754,0.0
OUT_02102,0.0
OUT_08055,0.0
OUT_03727,0.0
OUT_06734,0.0
OUT_07287,0.0
OUT_05179,0.0
OUT_08869,0.0
OUT_07930,0.0
OUT_00904,0.0
OUT_05380,0.0
OUT_05420,0.0
OUT_02719,0.0
OUT_01089,0.0
OUT_07360,0.0
OUT_08668,0.0
OUT_05729,0.0
OUT_08596,0.0
OUT_01981,0.0
OUT_07216,0.0
OUT_07037,0.0
OUT_02123,0.0
OUT_02145,0.0
OUT_03496,0.0
OUT_00626,0.0
OUT_06094,0.0
OUT_03460,0.0
OUT_03750,0.0
OUT_02261,0.0
OUT_06413,0.0
OUT_02008,0.0
OUT_08825,0.0
OUT_06977,0.0
OUT_07367,0.0
OUT_01066,0.0
OUT_07693,0.0
OUT_05113,0.0
OUT_08174,0.0
OUT_04744,0.0
OUT_01936,0.0
OUT_03024,0.0
OUT_06935,0.0
OUT_03873,0.0
OUT_03767,0.0
OUT_07095,0.0
OUT_08710,0.0
OUT_06482,0.0
OUT_01046,0.0
OUT_07026,0.0
OUT_04096,0.0
OUT_03056,0.0
OUT_02722,0.0
OUT_01330,0.0
OUT_06852,0.0
OUT_03662,0.0
OUT_08847,0.0
OUT_05546,0.0
OUT_05191,0.0
OUT_01280,0.0
OUT_07931,0.0
OUT_03618,0.0
OUT_06305,0.0
OUT_07951,0.0
OUT_07766,0.0
OUT_02801,0.0
OUT_05475,0.0
OUT_04725,0.0
OUT_05598,0.0
OUT_07221,0.0
OUT_01562,0.0
OUT_03189,0.0
OUT_08520,0.0
OUT_05697,0.0
OUT_07874,0.0
OUT_06260,0.0
OUT_01942,0.0
OUT_05367,0.0
OUT_03195,0.0
OUT_05810,0.0
OUT_03243,0.0
OUT_01763,0.0
OUT_02547,0.0
OUT_06280,0.0
OUT_01344,0.0
OUT_04550,0.0
OUT_04127,0.0
OUT_02519,0.0
OUT_05876,0.0
OUT_05267,0.0
OUT_07722,0.0
OUT_06365,0.0
OUT_03535,0.0
OUT_04582,0.0
OUT_07905,0.0
OUT_04109,0.0
OUT_05708,0.0
OUT_03502,0.0
OUT_06195,0.0
OUT_04479,0.0
OUT_08048,0.0
OUT_01251,0.0
OUT_04504,0.0
OUT_01772,0.0
OUT_01340,0.0
OUT_06908,0.0
OUT_06845,0.0
OUT_00776,0.0
OUT_01171,0.0
OUT_03047,0.0
OUT_07622,0.0
OUT_04149,0.0
OUT_08530,0.0
OUT_02980,0.0
OUT_04700,0.0
OUT_05878,0.0
OUT_08820,0.0
OUT_04022,0.0
OUT_01671,0.0
OUT_06929,0.0
OUT_02112,0.0
OUT_01833,0.0
OUT_02182,0.0
OUT_00759,0.0
OUT_04525,0.0
OUT_08734,0.0
OUT_06203,0.0
OUT_03172,0.0
OUT_04891,0.0
OUT_02896,0.0
OUT_04320,0.0
OUT_00204,0.0
OUT_02646,0.0
OUT_05579,0.0
OUT_01213,0.0
OUT_08040,0.0
OUT_03323,0.0
OUT_07777,0.0
OUT_01831,0.0
OUT_04077,0.0
OUT_04850,0.0
OUT_02851,0.0
OUT_05574,0.0
OUT_05031,0.0
OUT_03445,0.0
OUT_07168,0.0
OUT_08809,0.0
OUT_05348,0.0
OUT_03475,0.0
OUT_00707,0.0
OUT_06687,0.0
OUT_02163,0.0
OUT_00369,0.0
OUT_06592,0.0
OUT_08678,0.0
OUT_01312,0.0
OUT_01449,0.0
OUT_04041,0.0
OUT_08729,0.0
OUT_03666,0.0
OUT_08328,0.0
OUT_04135,0.0
OUT_05521,0.0
OUT_06442,0.0
OUT_04669,0.0
OUT_02131,0.0
OUT_03512,0.0
OUT_08461,0.0
OUT_03202,0.0
OUT_00819,0.0
OUT_01885,0.0
OUT_02319,0.0
OUT_01788,0.0
OUT_00510,0.0
OUT_03521,0.0
OUT_01378,0.0
OUT_00796,0.0
OUT_04355,0.0
OUT_08693,0.0
OUT_07043,0.0
OUT_01402,0.0
OUT_07549,0.0
OUT_02565,0.0
OUT_05783,0.0
OUT_05389,0.0
OUT_04747,0.0
OUT_04285,0.0
OUT_08418,0.0
OUT_02528,0.0
OUT_08698,0.0
OUT_02361,0.0
OUT_06924,0.0
OUT_03918,0.0
OUT_06599,0.0
OUT_06571,0.0
OUT_01737,0.0
OUT_08930,0.0
OUT_01228,0.0
OUT_04809,0.0
OUT_05361,0.0
OUT_05070,0.0
OUT_07449,0.0
OUT_08235,0.0
OUT_01876,0.0
OUT_06323,0.0
OUT_01968,0.0
OUT_06244,0.0
OUT_06722,0.0
OUT_03474,0.0
OUT_00932,0.0
OUT_06314,0.0
OUT_06180,0.0
OUT_05520,0.0
OUT_02779,0.0
OUT_00675,0.0
OUT_07021,0.0
OUT_05902,0.0
OUT_03109,0.0
OUT_00836,0.0
OUT_02030,0.0
OUT_04134,0.0
OUT_05293,0.0
OUT_07613,0.0
OUT_07073,0.0
OUT_00908,0.0
OUT_06627,0.0
OUT_06516,0.0
OUT_05265,0.0
OUT_04410,0.0
OUT_05010,0.0
OUT_08417,0.0
OUT_02787,0.0
OUT_06061,0.0
OUT_07484,0.0
OUT_05797,0.0
OUT_01633,0.0
OUT_06930,0.0
OUT_06594,0.0
OUT_05826,0.0
OUT_08558,0.0
OUT_08426,0.0
OUT_00894,0.0
OUT_08001,0.0
OUT_07488,0.0
OUT_06980,0.0
OUT_05340,0.0
OUT_03364,0.0
OUT_04350,0.0
OUT_08421,0.0
OUT_02506,0.0
OUT_04657,0.0
OUT_03588,0.0
OUT_05001,0.0
OUT_05417,0.0
OUT_07789,0.0
OUT_06071,0.0
OUT_06819,0.0
OUT_00435,0.0
OUT_06518,0.0
OUT_04909,0.0
OUT_06039,0.0
OUT_08620,0.0
OUT_01447,0.0
OUT_08384,0.0
OUT_02627,0.0
OUT_00648,0.0
OUT_06514,0.0
OUT_03759,0.0
OUT_05068,0.0
OUT_07439,0.0
OUT_01735,0.0
OUT_01401,0.0
OUT_05234,0.0
OUT_01342,0.0
OUT_03091,0.0
OUT_00200,0.0
OUT_04538,0.0
OUT_01670,0.0
OUT_08209,0.0
OUT_08805,0.0
OUT_05989,0.0
OUT_04855,0.0
OUT_01493,0.0
OUT_04757,0.0
OUT_02948,0.0
OUT_06607,0.0
OUT_08239,0.0
OUT_08366,0.0
OUT_08771,0.0
OUT_05145,0.0
OUT_04714,0.0
OUT_05085,0.0
OUT_04614,0.0
OUT_08009,0.0
OUT_05528,0.0
OUT_00914,0.0
OUT_03307,0.0
OUT_03214,0.0
OUT_04975,0.0
OUT_04633,0.0
OUT_08276,0.0
OUT_02720,0.0
OUT_02210,0.0
OUT_05643,0.0
OUT_02188,0.0
OUT_00749,0.0
OUT_07336,0.0
OUT_04810,0.0
OUT_03575,0.0
OUT_05080,0.0
OUT_06661,0.0
OUT_00230,0.0
OUT_03352,0.0
OUT_01098,0.0
OUT_00314,0.0
OUT_02639,0.0
OUT_05872,0.0
OUT_06033,0.0
OUT_07843,0.0
OUT_01657,0.0
OUT_08981,0.0
OUT_04649,0.0
OUT_03863,0.0
OUT_01677,0.0
OUT_02793,0.0
OUT_07442,0.0
OUT_02352,0.0
OUT_03483,0.0
OUT_01010,0.0
OUT_00667,0.0
OUT_04625,0.0
OUT_08087,0.0
OUT_02868,0.0
OUT_00418,0.0
OUT_02732,0.0
OUT_05722,0.0
OUT_01296,0.0
OUT_05545,0.0
OUT_08725,0.0
OUT_07615,0.0
OUT_02659,0.0
OUT_03608,0.0
OUT_07130,0.0
OUT_01743,0.0
OUT_05364,0.0
OUT_02534,0.0
OUT_05279,0.0
OUT_07653,0.0
OUT_08867,0.0
OUT_08396,0.0
OUT_00478,0.0
OUT_03811,0.0
OUT_04245,0.0
OUT_03632,0.0
OUT_05601,0.0
OUT_01630,0.0
OUT_06564,0.0
OUT_01836,0.0
OUT_08640,0.0
OUT_05886,0.0
OUT_00095,0.0
OUT_08221,0.0
OUT_05665,0.0
OUT_08410,0.0
OUT_07350,0.0
OUT_07712,0.0
OUT_01193,0.0
OUT_02507,0.0
OUT_04806,0.0
OUT_01716,0.0
OUT_01206,0.0
OUT_04591,0.0
OUT_07374,0.0
OUT_04424,0.0
OUT_05645,0.0
OUT_08450,0.0
OUT_05138,0.0
OUT_08901,0.0
OUT_02335,0.0
OUT_06117,0.0
OUT_03304,0.0
OUT_03205,0.0
OUT_07851,0.0
OUT_00583,0.0
OUT_00633,0.0
OUT_08890,0.0
OUT_01020,0.0
OUT_08715,0.0
OUT_01295,0.0
OUT_05294,0.0
OUT_01544,0.0
OUT_06562,0.0
OUT_00887,0.0
OUT_07990,0.0
OUT_04168,0.0
OUT_02273,0.0
OUT_00526,0.0
OUT_07846,0.0
OUT_01368,0.0
OUT_08599,0.0
OUT_05602,0.0
OUT_03135,0.0
OUT_07754,0.0
OUT_04089,0.0
OUT_07109,0.0
OUT_00150,0.0
OUT_08718,0.0
OUT_02728,0.0
OUT_03992,0.0
OUT_05106,0.0
OUT_06316,0.0
OUT_04379,0.0
OUT_06841,0.0
OUT_00791,0.0
OUT_08291,0.0
OUT_06959,0.0
OUT_05228,0.0
OUT_02419,0.0
OUT_07409,0.0
OUT_03858,0.0
OUT_01187,0.0
OUT_08164,0.0
OUT_01524,0.0
OUT_01849,0.0
OUT_05257,0.0
OUT_01565,0.0
OUT_03053,0.0
OUT_06222,0.0
OUT_06348,0.0
OUT_04327,0.0
OUT_03553,0.0
OUT_04210,0.0
OUT_06530,0.0
OUT_01722,0.0
OUT_02572,0.0
OUT_00760,0.0
OUT_01138,0.0
OUT_07794,0.0
OUT_04674,0.0
OUT_02881,0.0
OUT_02678,0.0
OUT_08482,0.0
OUT_08432,0.0
OUT_03007,0.0
OUT_01337,0.0
OUT_00249,0.0
OUT_01941,0.0
OUT_00752,0.0
OUT_06971,0.0
OUT_03683,0.0
OUT_03531,0.0
OUT_03275,0.0
OUT_01604,0.0
OUT_02585,0.0
OUT_06330,0.0
OUT_03990,0.0
OUT_05830,0.0
OUT_06776,0.0
OUT_04303,0.0
OUT_02171,0.0
OUT_02332,0.0
OUT_01192,0.0
OUT_00901,0.0
OUT_05827,0.0
OUT_08927,0.0
OUT_01720,0.0
OUT_07441,0.0
OUT_05000,0.0
OUT_06659,0.0
OUT_04786,0.0
OUT_06338,0.0
OUT_08365,0.0
OUT_05583,0.0
OUT_08551,0.0
OUT_03943,0.0
OUT_02908,0.0
OUT_03151,0.0
OUT_05207,0.0
OUT_05858,0.0
OUT_01260,0.0
OUT_05818,0.0
OUT_04916,0.0
OUT_00599,0.0
OUT_08897,0.0
OUT_03865,0.0
OUT_00544,0.0
OUT_00409,0.0
OUT_04639,0.0
OUT_05964,0.0
OUT_01691,0.0
OUT_04527,0.0
OUT_01057,0.0
OUT_07405,0.0
OUT_03692,0.0
OUT_07242,0.0
OUT_01704,0.0
OUT_08379,0.0
OUT_05260,0.0
OUT_04935,0.0
OUT_03820,0.0
OUT_03704,0.0
OUT_04155,0.0
OUT_02869,0.0
OUT_00793,0.0
OUT_08492,0.0
OUT_01927,0.0
OUT_04235,0.0
OUT_05480,0.0
OUT_08679,0.0
OUT_06964,0.0
OUT_01418,0.0
OUT_03777,0.0
OUT_02418,0.0
OUT_00500,0.0
OUT_04832,0.0
OUT_06000,0.0
OUT_03703,0.0
OUT_03976,0.0
OUT_00710,0.0
OUT_03726,0.0
OUT_08720,0.0
OUT_08250,0.0
OUT_02726,0.0
OUT_07611,0.0
OUT_02453,0.0
OUT_01179,0.0
OUT_05043,0.0
OUT_03760,0.0
OUT_03054,0.0
OUT_05501,0.0
OUT_00162,0.0
OUT_00806,0.0
OUT_03188,0.0
OUT_02978,0.0
OUT_03159,0.0
OUT_03269,0.0
OUT_08575,0.0
OUT_01724,0.0
OUT_01818,0.0
OUT_07555,0.0
OUT_04079,0.0
OUT_01566,0.0
OUT_07247,0.0
OUT_05288,0.0
OUT_08385,0.0
OUT_04359,0.0
OUT_02899,0.0
OUT_07964,0.0
OUT_01611,0.0
OUT_06459,0.0
OUT_01160,0.0
OUT_05477,0.0
OUT_02117,0.0
OUT_03522,0.0
OUT_06145,0.0
OUT_07134,0.0
OUT_07828,0.0
OUT_07691,0.0
OUT_01039,0.0
OUT_07007,0.0
OUT_06240,0.0
OUT_04080,0.0
OUT_08608,0.0
OUT_00574,0.0
OUT_08684,0.0
OUT_01079,0.0
OUT_06040,0.0
OUT_07646,0.0
OUT_04693,0.0
OUT_01646,0.0
OUT_04024,0.0
OUT_02039,0.0
OUT_07435,0.0
OUT_06306,0.0
OUT_07799,0.0
OUT_03034,0.0
OUT_06335,0.0
OUT_03752,0.0
OUT_08628,0.0
OUT_07180,0.0
OUT_03546,0.0
OUT_00520,0.0
OUT_00785,0.0
OUT_05441,0.0
OUT_04883,0.0
OUT_07292,0.0
OUT_00885,0.0
OUT_08027,0.0
OUT_02976,0.0
OUT_03051,0.0
OUT_06619,0.0
OUT_05169,0.0
OUT_04838,0.0
OUT_01080,0.0
OUT_07384,0.0
OUT_05172,0.0
OUT_02799,0.0
OUT_04019,0.0
OUT_03153,0.0
OUT_08946,0.0
OUT_06748,0.0
OUT_02189,0.0
OUT_01933,0.0
OUT_01091,0.0
OUT_00854,0.0
OUT_03177,0.0
OUT_06605,0.0
OUT_08755,0.0
OUT_02071,0.0
OUT_06644,0.0
OUT_04400,0.0
OUT_06762,0.0
OUT_04716,0.0
OUT_08416,0.0
OUT_07146,0.0
OUT_03473,0.0
OUT_07710,0.0
OUT_04431,0.0
OUT_01590,0.0
OUT_01014,0.0
OUT_01399,0.0
OUT_05320,0.0
OUT_01537,0.0
OUT_05330,0.0
OUT_06513,0.0
OUT_05273,0.0
OUT_00203,0.0
OUT_04202,0.0
OUT_03461,0.0
OUT_03472,0.0
OUT_07651,0.0
OUT_07420,0.0
OUT_01529,0.0
OUT_08898,0.0
OUT_04765,0.0
OUT_08534,0.0
OUT_00766,0.0
OUT_01365,0.0
OUT_06486,0.0
OUT_03430,0.0
OUT_00949,0.0
OUT_00487,0.0
OUT_01871,0.0
OUT_06470,0.0
OUT_03879,0.0
OUT_07631,0.0
OUT_01017,0.0
OUT_07158,0.0
OUT_08111,0.0
OUT_03022,0.0
OUT_07164,0.0
OUT_05764,0.0
OUT_07755,0.0
OUT_05212,0.0
OUT_06547,0.0
OUT_01952,0.0
OUT_08420,0.0
OUT_00835,0.0
OUT_07022,0.0
OUT_02709,0.0
OUT_07159,0.0
OUT_03026,0.0
OUT_05388,0.0
OUT_02891,0.0
OUT_08390,0.0
OUT_05474,0.0
OUT_07657,0.0
OUT_08561,0.0
OUT_01229,0.0
OUT_05880,0.0
OUT_00543,0.0
OUT_03612,0.0
OUT_08386,0.0
OUT_06919,0.0
OUT_01515,0.0
OUT_07675,0.0
OUT_06463,0.0
OUT_01271,0.0
OUT_08286,0.0
OUT_04323,0.0
OUT_05798,0.0
OUT_08918,0.0
OUT_04976,0.0
OUT_08627,0.0
OUT_08189,0.0
OUT_04223,0.0
OUT_05873,0.0
OUT_06034,0.0
OUT_01318,0.0
OUT_04834,0.0
OUT_06668,0.0
OUT_06947,0.0
OUT_04753,0.0
OUT_04608,0.0
OUT_02309,0.0
OUT_07110,0.0
OUT_07676,0.0
OUT_04978,0.0
OUT_01727,0.0
OUT_00906,0.0
OUT_04243,0.0
OUT_01097,0.0
OUT_01109,0.0
OUT_03123,0.0
OUT_01249,0.0
OUT_07824,0.0
OUT_00744,0.0
OUT_04297,0.0
OUT_04014,0.0
OUT_07541,0.0
OUT_07429,0.0
OUT_03747,0.0
OUT_02764,0.0
OUT_01663,0.0
OUT_05875,0.0
OUT_06715,0.0
OUT_06496,0.0
OUT_04759,0.0
OUT_04542,0.0
OUT_08354,0.0
OUT_00560,0.0
OUT_03908,0.0
OUT_00270,0.0
OUT_05516,0.0
OUT_02769,0.0
OUT_00492,0.0
OUT_07941,0.0
OUT_05346,0.0
OUT_02108,0.0
OUT_06074,0.0
OUT_02637,0.0
OUT_07461,0.0
OUT_06716,0.0
OUT_02839,0.0
OUT_08293,0.0
OUT_07573,0.0
OUT_07171,0.0
OUT_02588,0.0
OUT_05793,0.0
OUT_03466,0.0
OUT_05006,0.0
OUT_04890,0.0
OUT_04406,0.0
OUT_06889,0.0
OUT_01637,0.0
OUT_03033,0.0
OUT_01310,0.0
OUT_06047,0.0
OUT_01675,0.0
OUT_05225,0.0
OUT_01177,0.0
OUT_08769,0.0
OUT_01786,0.0
OUT_03453,0.0
OUT_08204,0.0
OUT_07438,0.0
OUT_01909,0.0
OUT_05219,0.0
OUT_05151,0.0
OUT_07345,0.0
OUT_05749,0.0
OUT_03422,0.0
OUT_07092,0.0
OUT_00926,0.0
OUT_03178,0.0
OUT_02524,0.0
OUT_04740,0.0
OUT_08210,0.0
OUT_04528,0.0
OUT_06887,0.0
OUT_07852,0.0
OUT_05745,0.0
OUT_02845,0.0
OUT_04953,0.0
OUT_06423,0.0
OUT_04655,0.0
OUT_00618,0.0
OUT_06208,0.0
OUT_03573,0.0
OUT_01781,0.0
OUT_03127,0.0
OUT_07050,0.0
OUT_02065,0.0
OUT_05748,0.0
OUT_00518,0.0
OUT_02781,0.0
OUT_06248,0.0
OUT_08955,0.0
OUT_08198,0.0
OUT_06557,0.0
OUT_08790,0.0
OUT_02833,0.0
OUT_00896,0.0
OUT_01489,0.0
OUT_01468,0.0
OUT_03604,0.0
OUT_07735,0.0
OUT_02683,0.0
OUT_06837,0.0
OUT_01383,0.0
OUT_05284,0.0
OUT_02826,0.0
OUT_06191,0.0
OUT_03947,0.0
OUT_05959,0.0
OUT_05167,0.0
OUT_08529,0.0
OUT_03428,0.0
OUT_08005,0.0
OUT_07565,0.0
OUT_07378,0.0
OUT_06847,0.0
OUT_08498,0.0
OUT_01432,0.0
OUT_08439,0.0
OUT_01159,0.0
OUT_00919,0.0
OUT_05440,0.0
OUT_08868,0.0
OUT_07318,0.0
OUT_00850,0.0
OUT_01569,0.0
OUT_00282,0.0
OUT_00783,0.0
OUT_07554,0.0
OUT_03527,0.0
OUT_05394,0.0
OUT_01462,0.0
OUT_07585,0.0
OUT_01694,0.0
OUT_04100,0.0
OUT_08152,0.0
OUT_02285,0.0
OUT_07731,0.0
OUT_01504,0.0
OUT_01128,0.0
OUT_02650,0.0
OUT_04301,0.0
OUT_07637,0.0
OUT_07397,0.0
OUT_05309,0.0
OUT_04255,0.0
OUT_07387,0.0
OUT_01728,0.0
OUT_08707,0.0
OUT_06226,0.0
OUT_06143,0.0
OUT_02485,0.0
OUT_02716,0.0
OUT_04741,0.0
OUT_05701,0.0
OUT_02013,0.0
OUT_06494,0.0
OUT_08562,0.0
OUT_01972,0.0
OUT_02391,0.0
OUT_05741,0.0
OUT_03606,0.0
OUT_02393,0.0
OUT_07272,0.0
OUT_02934,0.0
OUT_04362,0.0
OUT_04001,0.0
OUT_02282,0.0
OUT_06986,0.0
OUT_06838,0.0
OUT_04727,0.0
OUT_02993,0.0
OUT_08996,0.0
OUT_08748,0.0
OUT_00701,0.0
OUT_07303,0.0
OUT_04680,0.0
OUT_01707,0.0
OUT_00602,0.0
OUT_05350,0.0
OUT_04658,0.0
OUT_07226,0.0
OUT_06681,0.0
OUT_05251,0.0
OUT_04930,0.0
OUT_04956,0.0
OUT_06532,0.0
OUT_00293,0.0
OUT_02253,0.0
OUT_05177,0.0
OUT_06380,0.0
OUT_02694,0.0
OUT_01558,0.0
OUT_04784,0.0
OUT_04298,0.0
OUT_03067,0.0
OUT_07814,0.0
OUT_01113,0.0
OUT_05746,0.0
OUT_01837,0.0
OUT_08993,0.0
OUT_08074,0.0
OUT_03626,0.0
OUT_06730,0.0
OUT_03374,0.0
OUT_01966,0.0
OUT_02291,0.0
OUT_01242,0.0
OUT_06618,0.0
OUT_07531,0.0
OUT_01627,0.0
OUT_08071,0.0
OUT_03216,0.0
OUT_06874,0.0
OUT_07989,0.0
OUT_07182,0.0
OUT_00557,0.0
OUT_07510,0.0
OUT_06593,0.0
OUT_08829,0.0
OUT_06126,0.0
OUT_03425,0.0
OUT_03168,0.0
OUT_04043,0.0
OUT_05285,0.0
OUT_03784,0.0
OUT_01484,0.0
OUT_07977,0.0
OUT_07223,0.0
OUT_05137,0.0
OUT_03545,0.0
OUT_04895,0.0
OUT_01068,0.0
OUT_08014,0.0
OUT_08960,0.0
OUT_06740,0.0
OUT_02478,0.0
OUT_04246,0.0
OUT_08316,0.0
OUT_01308,0.0
OUT_00472,0.0
OUT_07066,0.0
OUT_06640,0.0
OUT_07788,0.0
OUT_06451,0.0
OUT_03250,0.0
OUT_08757,0.0
OUT_04829,0.0
OUT_07356,0.0
OUT_07131,0.0
OUT_02185,0.0
OUT_08937,0.0
OUT_02252,0.0
OUT_02669,0.0
OUT_05295,0.0
OUT_02336,0.0
OUT_08441,0.0
OUT_03299,0.0
OUT_08788,0.0
OUT_05896,0.0
OUT_01931,0.0
OUT_06131,0.0
OUT_05102,0.0
OUT_07251,0.0
OUT_04592,0.0
OUT_05796,0.0
OUT_07049,0.0
OUT_06500,0.0
OUT_04794,0.0
OUT_00941,0.0
OUT_03547,0.0
OUT_02247,0.0
OUT_03270,0.0
OUT_00523,0.0
OUT_06939,0.0
OUT_04228,0.0
OUT_08616,0.0
OUT_01185,0.0
OUT_03621,0.0
OUT_04687,0.0
OUT_04268,0.0
OUT_04691,0.0
OUT_03751,0.0
OUT_02222,0.0
OUT_08934,0.0
OUT_08735,0.0
OUT_07809,0.0
OUT_06506,0.0
OUT_08197,0.0
OUT_07034,0.0
OUT_01434,0.0
OUT_04624,0.0
OUT_02167,0.0
OUT_05630,0.0
OUT_04084,0.0
OUT_01205,0.0
OUT_05510,0.0
OUT_06857,0.0
OUT_05996,0.0
OUT_04715,0.0
OUT_08150,0.0
OUT_08337,0.0
OUT_04531,0.0
OUT_01900,0.0
OUT_02084,0.0
OUT_07865,0.0
OUT_02622,0.0
OUT_01480,0.0
OUT_06735,0.0
OUT_05946,0.0
OUT_04905,0.0
OUT_00415,0.0
OUT_02692,0.0
OUT_08539,0.0
OUT_06641,0.0
OUT_05371,0.0
OUT_04073,0.0
OUT_00869,0.0
OUT_04106,0.0
OUT_04207,0.0
OUT_08353,0.0
OUT_05020,0.0
OUT_05986,0.0
OUT_02511,0.0
OUT_02693,0.0
OUT_05821,0.0
OUT_05217,0.0
OUT_03420,0.0
OUT_06247,0.0
OUT_07446,0.0
OUT_06552,0.0
OUT_02413,0.0
OUT_06768,0.0
OUT_04486,0.0
OUT_07939,0.0
OUT_02491,0.0
OUT_02409,0.0
OUT_08570,0.0
OUT_04597,0.0
OUT_02326,0.0
OUT_02967,0.0
OUT_02655,0.0
OUT_07366,0.0
OUT_04816,0.0
OUT_04341,0.0
OUT_04408,0.0
OUT_04773,0.0
OUT_03658,0.0
OUT_08794,0.0
OUT_06283,0.0
OUT_07829,0.0
OUT_08578,0.0
OUT_06792,0.0
OUT_03464,0.0
OUT_06989,0.0
OUT_00615,0.0
OUT_05424,0.0
OUT_04630,0.0
OUT_04695,0.0
OUT_05208,0.0
OUT_04989,0.0
OUT_08615,0.0
OUT_03426,0.0
OUT_02767,0.0
OUT_05082,0.0
OUT_07952,0.0
OUT_07692,0.0
OUT_02029,0.0
OUT_05370,0.0
OUT_08290,0.0
OUT_03030,0.0
OUT_02296,0.0
OUT_04721,0.0
OUT_04121,0.0
OUT_04543,0.0
OUT_05132,0.0
OUT_03149,0.0
OUT_01896,0.0
OUT_08800,0.0
OUT_08519,0.0
OUT_08661,0.0
OUT_05738,0.0
OUT_08285,0.0
OUT_01874,0.0
OUT_00893,0.0
OUT_08522,0.0
OUT_01311,0.0
OUT_08395,0.0
OUT_04156,0.0
OUT_03825,0.0
OUT_06425,0.0
OUT_07700,0.0
OUT_05040,0.0
OUT_03060,0.0
OUT_01988,0.0
OUT_01655,0.0
OUT_02468,0.0
OUT_04537,0.0
OUT_07689,0.0
OUT_05923,0.0
OUT_06911,0.0
OUT_08383,0.0
OUT_03984,0.0
OUT_08523,0.0
OUT_05152,0.0
OUT_06152,0.0
OUT_03830,0.0
OUT_06085,0.0
OUT_05897,0.0
OUT_02209,0.0
OUT_07133,0.0
OUT_03897,0.0
OUT_05760,0.0
OUT_07431,0.0
OUT_05235,0.0
OUT_01084,0.0
OUT_04172,0.0
OUT_02629,0.0
OUT_07624,0.0
OUT_00550,0.0
OUT_01612,0.0
OUT_04416,0.0
OUT_07608,0.0
OUT_06435,0.0
OUT_06560,0.0
OUT_07994,0.0
OUT_00436,0.0
OUT_04915,0.0
OUT_05600,0.0
OUT_01306,0.0
OUT_05650,0.0
OUT_06833,0.0
OUT_05447,0.0
OUT_02438,0.0
OUT_08612,0.0
OUT_01055,0.0
OUT_01902,0.0
OUT_04040,0.0
OUT_04745,0.0
OUT_05193,0.0
OUT_06231,0.0
OUT_06630,0.0
OUT_08989,0.0
OUT_05301,0.0
OUT_06969,0.0
OUT_08103,0.0
OUT_05515,0.0
OUT_02093,0.0
OUT_01223,0.0
OUT_06584,0.0
OUT_04555,0.0
OUT_01644,0.0
OUT_02175,0.0
OUT_01303,0.0
OUT_07996,0.0
OUT_08289,0.0
OUT_01001,0.0
OUT_08311,0.0
OUT_07389,0.0
OUT_02672,0.0
OUT_08314,0.0
OUT_01026,0.0
OUT_01672,0.0
OUT_03696,0.0
OUT_03145,0.0
OUT_01005,0.0
OUT_02712,0.0
OUT_04338,0.0
OUT_01143,0.0
OUT_00564,0.0
OUT_04421,0.0
OUT_04344,0.0
OUT_06194,0.0
OUT_06710,0.0
OUT_01265,0.0
OUT_01914,0.0
OUT_07231,0.0
OUT_03693,0.0
OUT_05041,0.0
OUT_04965,0.0
OUT_00471,0.0
OUT_07917,0.0
OUT_04845,0.0
OUT_06169,0.0
OUT_00862,0.0
OUT_07476,0.0
OUT_00735,0.0
OUT_00695,0.0
OUT_02166,0.0
OUT_02271,0.0
OUT_08282,0.0
OUT_02127,0.0
OUT_07900,0.0
OUT_06781,0.0
OUT_09000,0.0
OUT_01372,0.0
OUT_01959,0.0
OUT_04257,0.0
OUT_06944,0.0
OUT_01580,0.0
OUT_02378,0.0
OUT_06771,0.0
OUT_07680,0.0
OUT_01592,0.0
OUT_06495,0.0
OUT_08423,0.0
OUT_02140,0.0
OUT_08163,0.0
OUT_02020,0.0
OUT_08597,0.0
OUT_05326,0.0
OUT_05913,0.0
OUT_06791,0.0
OUT_04918,0.0
OUT_03132,0.0
OUT_04596,0.0
OUT_01234,0.0
OUT_07381,0.0
OUT_08984,0.0
OUT_07478,0.0
OUT_01319,0.0
OUT_03817,0.0
OUT_02521,0.0
OUT_02356,0.0
OUT_08778,0.0
OUT_01127,0.0
OUT_02723,0.0
OUT_06573,0.0
OUT_01761,0.0
OUT_00842,0.0
OUT_01170,0.0
OUT_05789,0.0
OUT_07560,0.0
OUT_06812,0.0
OUT_03223,0.0
OUT_06973,0.0
OUT_05341,0.0
OUT_03565,0.0
OUT_03589,0.0
OUT_03549,0.0
OUT_03550,0.0
OUT_03554,0.0
OUT_07501,0.0
OUT_07509,0.0
OUT_07524,0.0
OUT_07526,0.0
OUT_03511,0.0
OUT_03470,0.0
OUT_03477,0.0
OUT_03478,0.0
OUT_03481,0.0
OUT_03492,0.0
OUT_07538,0.0
OUT_07546,0.0
OUT_07548,0.0
OUT_07556,0.0
OUT_07558,0.0
OUT_04498,0.0
OUT_04503,0.0
OUT_04456,0.0
OUT_04467,0.0
OUT_04474,0.0
OUT_04480,0.0
OUT_04481,0.0
OUT_04485,0.0
OUT_04430,0.0
OUT_04436,0.0
OUT_04439,0.0
OUT_04440,0.0
OUT_04450,0.0
OUT_04451,0.0
OUT_04454,0.0
OUT_07147,0.0
OUT_07165,0.0
OUT_07166,0.0
OUT_07169,0.0
OUT_03438,0.0
OUT_03440,0.0
OUT_03456,0.0
OUT_03459,0.0
OUT_03404,0.0
OUT_03408,0.0
OUT_03424,0.0
OUT_03427,0.0
OUT_07568,0.0
OUT_07570,0.0
OUT_07583,0.0
OUT_07588,0.0
OUT_03368,0.0
OUT_03375,0.0
OUT_03380,0.0
OUT_04573,0.0
OUT_04576,0.0
OUT_04577,0.0
OUT_04519,0.0
OUT_04524,0.0
OUT_04530,0.0
OUT_04534,0.0
OUT_04541,0.0
OUT_04548,0.0
OUT_07116,0.0
OUT_07117,0.0
OUT_07121,0.0
OUT_07127,0.0
OUT_07128,0.0
OUT_04487,0.0
OUT_04490,0.0
OUT_03381,0.0
OUT_03391,0.0
OUT_03395,0.0
OUT_03398,0.0
OUT_03335,0.0
OUT_03336,0.0
OUT_03348,0.0
OUT_03331,0.0
OUT_03332,0.0
OUT_03271,0.0
OUT_03249,0.0
OUT_03252,0.0
OUT_03266,0.0
OUT_03267,0.0
OUT_07597,0.0
OUT_07603,0.0
OUT_03236,0.0
OUT_03238,0.0
OUT_03185,0.0
OUT_03191,0.0
OUT_03196,0.0
OUT_03197,0.0
OUT_07645,0.0
OUT_07649,0.0
OUT_03143,0.0
OUT_03146,0.0
OUT_04631,0.0
OUT_04638,0.0
OUT_04643,0.0
OUT_04645,0.0
OUT_04584,0.0
OUT_04588,0.0
OUT_04603,0.0
OUT_04609,0.0
OUT_04613,0.0
OUT_07079,0.0
OUT_07082,0.0
OUT_07084,0.0
OUT_07099,0.0
OUT_04562,0.0
OUT_04564,0.0
OUT_04565,0.0
OUT_04570,0.0
OUT_03150,0.0
OUT_03152,0.0
OUT_03163,0.0
OUT_03170,0.0
OUT_03112,0.0
OUT_03121,0.0
OUT_03131,0.0
OUT_03137,0.0
OUT_03080,0.0
OUT_03105,0.0
OUT_03106,0.0
OUT_03107,0.0
OUT_07655,0.0
OUT_07666,0.0
OUT_07672,0.0
OUT_07673,0.0
OUT_04694,0.0
OUT_04699,0.0
OUT_04704,0.0
OUT_04710,0.0
OUT_04651,0.0
OUT_04661,0.0
OUT_04662,0.0
OUT_04672,0.0
OUT_07059,0.0
OUT_07063,0.0
OUT_07071,0.0
OUT_07072,0.0
OUT_07078,0.0
OUT_04620,0.0
OUT_04622,0.0
OUT_04623,0.0
OUT_07682,0.0
OUT_03050,0.0
OUT_03070,0.0
OUT_03072,0.0
OUT_07694,0.0
OUT_07697,0.0
OUT_07698,0.0
OUT_07707,0.0
OUT_03016,0.0
OUT_03019,0.0
OUT_03020,0.0
OUT_03029,0.0
OUT_03036,0.0
OUT_03039,0.0
OUT_03045,0.0
OUT_02952,0.0
OUT_02953,0.0
OUT_02959,0.0
OUT_02965,0.0
OUT_02971,0.0
OUT_02975,0.0
OUT_07721,0.0
OUT_07723,0.0
OUT_07726,0.0
OUT_07730,0.0
OUT_07733,0.0
OUT_07734,0.0
OUT_07737,0.0
OUT_07742,0.0
OUT_07743,0.0
OUT_02921,0.0
OUT_02929,0.0
OUT_04770,0.0
OUT_04711,0.0
OUT_04736,0.0
OUT_04739,0.0
OUT_07019,0.0
OUT_07023,0.0
OUT_07024,0.0
OUT_07033,0.0
OUT_07036,0.0
OUT_07045,0.0
OUT_04689,0.0
OUT_04692,0.0
OUT_02935,0.0
OUT_02942,0.0
OUT_02945,0.0
OUT_02949,0.0
OUT_02888,0.0
OUT_02914,0.0
OUT_02915,0.0
OUT_02916,0.0
OUT_02918,0.0
OUT_02856,0.0
OUT_02859,0.0
OUT_02862,0.0
OUT_02876,0.0
OUT_02879,0.0
OUT_02886,0.0
OUT_07774,0.0
OUT_07775,0.0
OUT_02825,0.0
OUT_02840,0.0
OUT_02847,0.0
OUT_02849,0.0
OUT_02853,0.0
OUT_02791,0.0
OUT_02795,0.0
OUT_02796,0.0
OUT_02806,0.0
OUT_02814,0.0
OUT_02815,0.0
OUT_02817,0.0
OUT_02818,0.0
OUT_02819,0.0
OUT_07790,0.0
OUT_07796,0.0
OUT_07803,0.0
OUT_07806,0.0
OUT_07812,0.0
OUT_06978,0.0
OUT_06982,0.0
OUT_04811,0.0
OUT_04823,0.0
OUT_04828,0.0
OUT_04788,0.0
OUT_04790,0.0
OUT_04798,0.0
OUT_07012,0.0
OUT_04751,0.0
OUT_02776,0.0
OUT_02778,0.0
OUT_02733,0.0
OUT_02735,0.0
OUT_02739,0.0
OUT_02750,0.0
OUT_02751,0.0
OUT_02754,0.0
OUT_02756,0.0
OUT_07815,0.0
OUT_07820,0.0
OUT_07835,0.0
OUT_07838,0.0
OUT_07839,0.0
OUT_07841,0.0
OUT_06946,0.0
OUT_04874,0.0
OUT_04878,0.0
OUT_04893,0.0
OUT_04896,0.0
OUT_04839,0.0
OUT_04844,0.0
OUT_04847,0.0
OUT_04849,0.0
OUT_04851,0.0
OUT_04853,0.0
OUT_04859,0.0
OUT_04860,0.0
OUT_04869,0.0
OUT_06963,0.0
OUT_06966,0.0
OUT_06972,0.0
OUT_02675,0.0
OUT_02687,0.0
OUT_02689,0.0
OUT_07850,0.0
OUT_07854,0.0
OUT_07867,0.0
OUT_07873,0.0
OUT_07875,0.0
OUT_02641,0.0
OUT_02643,0.0
OUT_02644,0.0
OUT_02609,0.0
OUT_02612,0.0
OUT_02613,0.0
OUT_02615,0.0
OUT_02621,0.0
OUT_02577,0.0
OUT_07881,0.0
OUT_07882,0.0
OUT_07890,0.0
OUT_07896,0.0
OUT_07902,0.0
OUT_02535,0.0
OUT_02543,0.0
OUT_02545,0.0
OUT_02550,0.0
OUT_04969,0.0
OUT_04982,0.0
OUT_04983,0.0
OUT_04996,0.0
OUT_04943,0.0
OUT_04913,0.0
OUT_04924,0.0
OUT_06921,0.0
OUT_06928,0.0
OUT_06934,0.0
OUT_02552,0.0
OUT_02559,0.0
OUT_02561,0.0
OUT_02564,0.0
OUT_02566,0.0
OUT_02505,0.0
OUT_02512,0.0
OUT_02514,0.0
OUT_02516,0.0
OUT_02525,0.0
OUT_02530,0.0
OUT_02532,0.0
OUT_07912,0.0
OUT_07915,0.0
OUT_07922,0.0
OUT_07924,0.0
OUT_07938,0.0
OUT_02479,0.0
OUT_02483,0.0
OUT_02492,0.0
OUT_02495,0.0
OUT_02497,0.0
OUT_02449,0.0
OUT_02450,0.0
OUT_02460,0.0
OUT_02469,0.0
OUT_02408,0.0
OUT_02412,0.0
OUT_02416,0.0
OUT_02426,0.0
OUT_02435,0.0
OUT_02436,0.0
OUT_07955,0.0
OUT_07957,0.0
OUT_07959,0.0
OUT_07963,0.0
OUT_07972,0.0
OUT_02384,0.0
OUT_02387,0.0
OUT_02388,0.0
OUT_02389,0.0
OUT_02394,0.0
OUT_02401,0.0
OUT_02346,0.0
OUT_02347,0.0
OUT_02355,0.0
OUT_02360,0.0
OUT_02362,0.0
OUT_02366,0.0
OUT_02373,0.0
OUT_07976,0.0
OUT_07995,0.0
OUT_07999,0.0
OUT_08000,0.0
OUT_05064,0.0
OUT_05081,0.0
OUT_05052,0.0
OUT_05054,0.0
OUT_05059,0.0
OUT_05012,0.0
OUT_05018,0.0
OUT_05026,0.0
OUT_06897,0.0
OUT_06900,0.0
OUT_06901,0.0
OUT_06907,0.0
OUT_06912,0.0
OUT_08002,0.0
OUT_02320,0.0
OUT_02322,0.0
OUT_02329,0.0
OUT_02342,0.0
OUT_02280,0.0
OUT_02286,0.0
OUT_02290,0.0
OUT_02292,0.0
OUT_02306,0.0
OUT_02249,0.0
OUT_02278,0.0
OUT_08017,0.0
OUT_08034,0.0
OUT_02220,0.0
OUT_02221,0.0
OUT_02234,0.0
OUT_02235,0.0
OUT_02238,0.0
OUT_02183,0.0
OUT_02184,0.0
OUT_02195,0.0
OUT_02203,0.0
OUT_02206,0.0
OUT_02213,0.0
OUT_08039,0.0
OUT_08041,0.0
OUT_08042,0.0
OUT_08047,0.0
OUT_08057,0.0
OUT_08058,0.0
OUT_08063,0.0
OUT_08068,0.0
OUT_02164,0.0
OUT_05184,0.0
OUT_05186,0.0
OUT_05136,0.0
OUT_05144,0.0
OUT_05154,0.0
OUT_05155,0.0
OUT_05157,0.0
OUT_05158,0.0
OUT_05111,0.0
OUT_05118,0.0
OUT_05123,0.0
OUT_05125,0.0
OUT_06875,0.0
OUT_06885,0.0
OUT_02169,0.0
OUT_02174,0.0
OUT_02179,0.0
OUT_02120,0.0
OUT_02122,0.0
OUT_02126,0.0
OUT_02139,0.0
OUT_08075,0.0
OUT_08076,0.0
OUT_08085,0.0
OUT_08093,0.0
OUT_08095,0.0
OUT_02090,0.0
OUT_00028,0.0
OUT_02097,0.0
OUT_02105,0.0
OUT_02115,0.0
OUT_02057,0.0
OUT_02064,0.0
OUT_02070,0.0
OUT_02076,0.0
OUT_00037,0.0
OUT_02024,0.0
OUT_02027,0.0
OUT_08970,0.0
OUT_02031,0.0
OUT_02032,0.0
OUT_02041,0.0
OUT_02049,0.0
OUT_02052,0.0
OUT_02053,0.0
OUT_08973,0.0
OUT_08106,0.0
OUT_08109,0.0
OUT_08117,0.0
OUT_08118,0.0
OUT_08127,0.0
OUT_08130,0.0
OUT_08133,0.0
OUT_08983,0.0
OUT_05242,0.0
OUT_05244,0.0
OUT_05247,0.0
OUT_08990,0.0
OUT_05192,0.0
OUT_06320,0.0
OUT_05194,0.0
OUT_05195,0.0
OUT_05197,0.0
OUT_05200,0.0
OUT_06342,0.0
OUT_05213,0.0
OUT_06345,0.0
OUT_06823,0.0
OUT_06831,0.0
OUT_06346,0.0
OUT_06353,0.0
OUT_06848,0.0
OUT_05162,0.0
OUT_01994,0.0
OUT_01996,0.0
OUT_02007,0.0
OUT_02012,0.0
OUT_06354,0.0
OUT_02019,0.0
OUT_06369,0.0
OUT_06372,0.0
OUT_08871,0.0
OUT_04072,0.0
OUT_06246,0.0
OUT_08148,0.0
OUT_00161,0.0
OUT_08928,0.0
OUT_08156,0.0
OUT_08158,0.0
OUT_00137,0.0
OUT_01928,0.0
OUT_00141,0.0
OUT_01935,0.0
OUT_01947,0.0
OUT_01957,0.0
OUT_00142,0.0
OUT_00143,0.0
OUT_00155,0.0
OUT_01908,0.0
OUT_01911,0.0
OUT_01913,0.0
OUT_00025,0.0
OUT_01915,0.0
OUT_01864,0.0
OUT_00106,0.0
OUT_01889,0.0
OUT_01890,0.0
OUT_08170,0.0
OUT_08172,0.0
OUT_08184,0.0
OUT_08185,0.0
OUT_08192,0.0
OUT_00110,0.0
OUT_05296,0.0
OUT_05299,0.0
OUT_00134,0.0
OUT_05305,0.0
OUT_00075,0.0
OUT_05315,0.0
OUT_05317,0.0
OUT_05261,0.0
OUT_05264,0.0
OUT_05268,0.0
OUT_05272,0.0
OUT_05275,0.0
OUT_05278,0.0
OUT_05280,0.0
OUT_00090,0.0
OUT_00092,0.0
OUT_00102,0.0
OUT_00041,0.0
OUT_06814,0.0
OUT_06816,0.0
OUT_06817,0.0
OUT_05226,0.0
OUT_00057,0.0
OUT_01848,0.0
OUT_01799,0.0
OUT_01809,0.0
OUT_01811,0.0
OUT_01812,0.0
OUT_01814,0.0
OUT_01817,0.0
OUT_01819,0.0
OUT_01830,0.0
OUT_01767,0.0
OUT_01774,0.0
OUT_01778,0.0
OUT_01791,0.0
OUT_01795,0.0
OUT_01798,0.0
OUT_08201,0.0
OUT_08207,0.0
OUT_05360,0.0
OUT_05366,0.0
OUT_00058,0.0
OUT_00063,0.0
OUT_05325,0.0
OUT_00064,0.0
OUT_05336,0.0
OUT_00067,0.0
OUT_00068,0.0
OUT_06766,0.0
OUT_08944,0.0
OUT_04113,0.0
OUT_06774,0.0
OUT_04114,0.0
OUT_06786,0.0
OUT_06787,0.0
OUT_06788,0.0
OUT_04124,0.0
OUT_08230,0.0
OUT_01736,0.0
OUT_01744,0.0
OUT_01751,0.0
OUT_01760,0.0
OUT_04125,0.0
OUT_01762,0.0
OUT_01706,0.0
OUT_04071,0.0
OUT_01719,0.0
OUT_00008,0.0
OUT_01731,0.0
OUT_08238,0.0
OUT_08249,0.0
OUT_08255,0.0
OUT_08259,0.0
OUT_04090,0.0
OUT_01685,0.0
OUT_04050,0.0
OUT_01695,0.0
OUT_01698,0.0
OUT_08266,0.0
OUT_08278,0.0
OUT_08279,0.0
OUT_08281,0.0
OUT_04051,0.0
OUT_04053,0.0
OUT_08287,0.0
OUT_08288,0.0
OUT_04063,0.0
OUT_07315,0.0
OUT_01640,0.0
OUT_01641,0.0
OUT_01642,0.0
OUT_07320,0.0
OUT_01649,0.0
OUT_01653,0.0
OUT_07324,0.0
OUT_01656,0.0
OUT_07328,0.0
OUT_05431,0.0
OUT_05437,0.0
OUT_05439,0.0
OUT_05446,0.0
OUT_05383,0.0
OUT_05390,0.0
OUT_05392,0.0
OUT_05393,0.0
OUT_07265,0.0
OUT_05397,0.0
OUT_04170,0.0
OUT_06731,0.0
OUT_04176,0.0
OUT_06736,0.0
OUT_04178,0.0
OUT_06747,0.0
OUT_06757,0.0
OUT_05353,0.0
OUT_05359,0.0
OUT_01665,0.0
OUT_01667,0.0
OUT_01607,0.0
OUT_04179,0.0
OUT_01614,0.0
OUT_01618,0.0
OUT_01626,0.0
OUT_04180,0.0
OUT_01632,0.0
OUT_01638,0.0
OUT_08296,0.0
OUT_08298,0.0
OUT_08299,0.0
OUT_04186,0.0
OUT_04194,0.0
OUT_08315,0.0
OUT_04195,0.0
OUT_08318,0.0
OUT_08324,0.0
OUT_04137,0.0
OUT_01583,0.0
OUT_01585,0.0
OUT_04142,0.0
OUT_01595,0.0
OUT_01598,0.0
OUT_01602,0.0
OUT_01606,0.0
OUT_01543,0.0
OUT_01545,0.0
OUT_01555,0.0
OUT_04144,0.0
OUT_01567,0.0
OUT_04145,0.0
OUT_01570,0.0
OUT_01519,0.0
OUT_01527,0.0
OUT_01536,0.0
OUT_01539,0.0
OUT_08327,0.0
OUT_08335,0.0
OUT_04147,0.0
OUT_08345,0.0
OUT_04152,0.0
OUT_05526,0.0
OUT_05534,0.0
OUT_05479,0.0
OUT_05483,0.0
OUT_05502,0.0
OUT_05503,0.0
OUT_05505,0.0
OUT_05507,0.0
OUT_07277,0.0
OUT_07278,0.0
OUT_05451,0.0
OUT_05454,0.0
OUT_05456,0.0
OUT_05461,0.0
OUT_06703,0.0
OUT_06705,0.0
OUT_06707,0.0
OUT_07286,0.0
OUT_06717,0.0
OUT_06719,0.0
OUT_01479,0.0
OUT_07293,0.0
OUT_01483,0.0
OUT_07294,0.0
OUT_01487,0.0
OUT_01490,0.0
OUT_01492,0.0
OUT_01498,0.0
OUT_04008,0.0
OUT_04009,0.0
OUT_01467,0.0
OUT_01476,0.0
OUT_01478,0.0
OUT_08363,0.0
OUT_08369,0.0
OUT_08371,0.0
OUT_08373,0.0
OUT_08376,0.0
OUT_04015,0.0
OUT_05578,0.0
OUT_05586,0.0
OUT_05587,0.0
OUT_05589,0.0
OUT_05599,0.0
OUT_03977,0.0
OUT_05547,0.0
OUT_05549,0.0
OUT_05553,0.0
OUT_05565,0.0
OUT_05569,0.0
OUT_06664,0.0
OUT_06669,0.0
OUT_06674,0.0
OUT_06678,0.0
OUT_03985,0.0
OUT_06693,0.0
OUT_05511,0.0
OUT_03999,0.0
OUT_01417,0.0
OUT_01422,0.0
OUT_01426,0.0
OUT_01430,0.0
OUT_01433,0.0
OUT_04000,0.0
OUT_01435,0.0
OUT_01444,0.0
OUT_01445,0.0
OUT_08393,0.0
OUT_03944,0.0
OUT_08397,0.0
OUT_08403,0.0
OUT_08419,0.0
OUT_08422,0.0
OUT_01395,0.0
OUT_01398,0.0
OUT_01400,0.0
OUT_01403,0.0
OUT_01407,0.0
OUT_01410,0.0
OUT_01414,0.0
OUT_01353,0.0
OUT_01355,0.0
OUT_01358,0.0
OUT_01363,0.0
OUT_03948,0.0
OUT_01373,0.0
OUT_01382,0.0
OUT_03961,0.0
OUT_01326,0.0
OUT_01333,0.0
OUT_01345,0.0
OUT_03965,0.0
OUT_03966,0.0
OUT_08446,0.0
OUT_08448,0.0
OUT_05683,0.0
OUT_05689,0.0
OUT_05700,0.0
OUT_03969,0.0
OUT_05639,0.0
OUT_03970,0.0
OUT_05655,0.0
OUT_05663,0.0
OUT_05608,0.0
OUT_05611,0.0
OUT_05622,0.0
OUT_07343,0.0
OUT_05634,0.0
OUT_05636,0.0
OUT_06635,0.0
OUT_06636,0.0
OUT_06637,0.0
OUT_03912,0.0
OUT_03919,0.0
OUT_06645,0.0
OUT_06652,0.0
OUT_06655,0.0
OUT_06656,0.0
OUT_06657,0.0
OUT_08451,0.0
OUT_08453,0.0
OUT_01287,0.0
OUT_01292,0.0
OUT_01299,0.0
OUT_01300,0.0
OUT_01301,0.0
OUT_01302,0.0
OUT_03923,0.0
OUT_01304,0.0
OUT_03925,0.0
OUT_03926,0.0
OUT_01309,0.0
OUT_03929,0.0
OUT_01255,0.0
OUT_01263,0.0
OUT_03936,0.0
OUT_01270,0.0
OUT_01275,0.0
OUT_01281,0.0
OUT_08472,0.0
OUT_08479,0.0
OUT_08481,0.0
OUT_03938,0.0
OUT_01224,0.0
OUT_01232,0.0
OUT_01233,0.0
OUT_03942,0.0
OUT_01235,0.0
OUT_01238,0.0
OUT_01239,0.0
OUT_03886,0.0
OUT_01243,0.0
OUT_01247,0.0
OUT_01248,0.0
OUT_08494,0.0
OUT_08507,0.0
OUT_08510,0.0
OUT_08511,0.0
OUT_08514,0.0
OUT_08517,0.0
OUT_08518,0.0
OUT_01191,0.0
OUT_05742,0.0
OUT_03889,0.0
OUT_05750,0.0
OUT_03890,0.0
OUT_05765,0.0
OUT_05715,0.0
OUT_05718,0.0
OUT_05720,0.0
OUT_05721,0.0
OUT_05723,0.0
OUT_05728,0.0
OUT_05732,0.0
OUT_06604,0.0
OUT_03895,0.0
OUT_06620,0.0
OUT_07370,0.0
OUT_05671,0.0
OUT_05676,0.0
OUT_05677,0.0
OUT_05682,0.0
OUT_01196,0.0
OUT_01201,0.0
OUT_01202,0.0
OUT_07380,0.0
OUT_01208,0.0
OUT_01215,0.0
OUT_01163,0.0
OUT_07395,0.0
OUT_04234,0.0
OUT_04242,0.0
OUT_04244,0.0
OUT_04250,0.0
OUT_08533,0.0
OUT_08535,0.0
OUT_04253,0.0
OUT_08540,0.0
OUT_08546,0.0
OUT_04212,0.0
OUT_04214,0.0
OUT_01132,0.0
OUT_01136,0.0
OUT_01139,0.0
OUT_01142,0.0
OUT_04218,0.0
OUT_01148,0.0
OUT_01155,0.0
OUT_01157,0.0
OUT_01108,0.0
OUT_04219,0.0
OUT_01116,0.0
OUT_01118,0.0
OUT_01120,0.0
OUT_01124,0.0
OUT_01126,0.0
OUT_04225,0.0
OUT_08564,0.0
OUT_08566,0.0
OUT_08567,0.0
OUT_04230,0.0
OUT_07239,0.0
OUT_08579,0.0
OUT_08580,0.0
OUT_06565,0.0
OUT_06566,0.0
OUT_05767,0.0
OUT_05768,0.0
OUT_05775,0.0
OUT_05787,0.0
OUT_05788,0.0
OUT_07249,0.0
OUT_05790,0.0
OUT_07252,0.0
OUT_07259,0.0
OUT_06574,0.0
OUT_06575,0.0
OUT_06579,0.0
OUT_07398,0.0
OUT_06588,0.0
OUT_06589,0.0
OUT_03847,0.0
OUT_06595,0.0
OUT_06598,0.0
OUT_03851,0.0
OUT_03853,0.0
OUT_03864,0.0
OUT_01069,0.0
OUT_01077,0.0
OUT_03872,0.0
OUT_01036,0.0
OUT_01038,0.0
OUT_01042,0.0
OUT_01044,0.0
OUT_03877,0.0
OUT_08584,0.0
OUT_08586,0.0
OUT_08589,0.0
OUT_08590,0.0
OUT_03831,0.0
OUT_08598,0.0
OUT_08601,0.0
OUT_03839,0.0
OUT_03844,0.0
OUT_03783,0.0
OUT_01008,0.0
OUT_01012,0.0
OUT_01016,0.0
OUT_03814,0.0
OUT_01029,0.0
OUT_00969,0.0
OUT_00970,0.0
OUT_00976,0.0
OUT_00980,0.0
OUT_00988,0.0
OUT_00998,0.0
OUT_07428,0.0
OUT_00943,0.0
OUT_00946,0.0
OUT_00953,0.0
OUT_00955,0.0
OUT_00957,0.0
OUT_00958,0.0
OUT_00960,0.0
OUT_00961,0.0
OUT_00964,0.0
OUT_03754,0.0
OUT_04352,0.0
OUT_08618,0.0
OUT_06527,0.0
OUT_04353,0.0
OUT_05836,0.0
OUT_05857,0.0
OUT_05801,0.0
OUT_05802,0.0
OUT_05816,0.0
OUT_05819,0.0
OUT_04358,0.0
OUT_05822,0.0
OUT_05825,0.0
OUT_06536,0.0
OUT_06539,0.0
OUT_06544,0.0
OUT_06549,0.0
OUT_04295,0.0
OUT_06553,0.0
OUT_06556,0.0
OUT_06558,0.0
OUT_04307,0.0
OUT_00911,0.0
OUT_00916,0.0
OUT_00917,0.0
OUT_00874,0.0
OUT_00875,0.0
OUT_00882,0.0
OUT_00886,0.0
OUT_00888,0.0
OUT_00892,0.0
OUT_04316,0.0
OUT_00898,0.0
OUT_08656,0.0
OUT_04271,0.0
OUT_00840,0.0
OUT_04277,0.0
OUT_00848,0.0
OUT_06501,0.0
OUT_04292,0.0
OUT_04294,0.0
OUT_05904,0.0
OUT_07209,0.0
OUT_07210,0.0
OUT_05864,0.0
OUT_05865,0.0
OUT_05867,0.0
OUT_05868,0.0
OUT_05874,0.0
OUT_05881,0.0
OUT_05883,0.0
OUT_05891,0.0
OUT_07211,0.0
OUT_06512,0.0
OUT_06519,0.0
OUT_06520,0.0
OUT_06521,0.0
OUT_07234,0.0
OUT_00859,0.0
OUT_07237,0.0
OUT_00863,0.0
OUT_00864,0.0
OUT_03772,0.0
OUT_00810,0.0
OUT_00812,0.0
OUT_00814,0.0
OUT_00832,0.0
OUT_00837,0.0
OUT_00838,0.0
OUT_08683,0.0
OUT_08690,0.0
OUT_03775,0.0
OUT_00778,0.0
OUT_03721,0.0
OUT_00797,0.0
OUT_00798,0.0
OUT_00800,0.0
OUT_00801,0.0
OUT_00754,0.0
OUT_00755,0.0
OUT_00757,0.0
OUT_00763,0.0
OUT_00765,0.0
OUT_00773,0.0
OUT_08723,0.0
OUT_08724,0.0
OUT_08726,0.0
OUT_08731,0.0
OUT_08732,0.0
OUT_03740,0.0
OUT_00711,0.0
OUT_00712,0.0
OUT_00714,0.0
OUT_00715,0.0
OUT_06468,0.0
OUT_03743,0.0
OUT_06003,0.0
OUT_06011,0.0
OUT_06013,0.0
OUT_05967,0.0
OUT_05974,0.0
OUT_05976,0.0
OUT_03744,0.0
OUT_05938,0.0
OUT_07433,0.0
OUT_05950,0.0
OUT_05952,0.0
OUT_05953,0.0
OUT_05958,0.0
OUT_06471,0.0
OUT_06475,0.0
OUT_06477,0.0
OUT_06478,0.0
OUT_07434,0.0
OUT_07462,0.0
OUT_03687,0.0
OUT_00716,0.0
OUT_00719,0.0
OUT_00723,0.0
OUT_03691,0.0
OUT_00738,0.0
OUT_00688,0.0
OUT_00692,0.0
OUT_03706,0.0
OUT_00698,0.0
OUT_03709,0.0
OUT_00705,0.0
OUT_00706,0.0
OUT_00651,0.0
OUT_00659,0.0
OUT_00662,0.0
OUT_00670,0.0
OUT_08745,0.0
OUT_03656,0.0
OUT_03659,0.0
OUT_08758,0.0
OUT_08762,0.0
OUT_08768,0.0
OUT_08770,0.0
OUT_08772,0.0
OUT_03663,0.0
OUT_00622,0.0
OUT_00623,0.0
OUT_00631,0.0
OUT_00632,0.0
OUT_00642,0.0
OUT_00586,0.0
OUT_00587,0.0
OUT_00588,0.0
OUT_03664,0.0
OUT_00608,0.0
OUT_03665,0.0
OUT_03673,0.0
OUT_08776,0.0
OUT_03627,0.0
OUT_03638,0.0
OUT_08791,0.0
OUT_03639,0.0
OUT_08797,0.0
OUT_03652,0.0
OUT_08801,0.0
OUT_08803,0.0
OUT_06106,0.0
OUT_06107,0.0
OUT_06111,0.0
OUT_06114,0.0
OUT_06115,0.0
OUT_06066,0.0
OUT_06070,0.0
OUT_06081,0.0
OUT_07466,0.0
OUT_06028,0.0
OUT_06030,0.0
OUT_06035,0.0
OUT_06036,0.0
OUT_06038,0.0
OUT_06053,0.0
OUT_06443,0.0
OUT_07479,0.0
OUT_06466,0.0
OUT_08806,0.0
OUT_07480,0.0
OUT_00527,0.0
OUT_00532,0.0
OUT_00533,0.0
OUT_00534,0.0
OUT_00537,0.0
OUT_00547,0.0
OUT_00548,0.0
OUT_03595,0.0
OUT_00489,0.0
OUT_00509,0.0
OUT_00517,0.0
OUT_08828,0.0
OUT_07173,0.0
OUT_08830,0.0
OUT_08838,0.0
OUT_06397,0.0
OUT_06406,0.0
OUT_04392,0.0
OUT_06196,0.0
OUT_06202,0.0
OUT_06204,0.0
OUT_06210,0.0
OUT_04407,0.0
OUT_06168,0.0
OUT_04377,0.0
OUT_06179,0.0
OUT_06124,0.0
OUT_04385,0.0
OUT_07175,0.0
OUT_07179,0.0
OUT_06412,0.0
OUT_07181,0.0
OUT_06431,0.0
OUT_07188,0.0
OUT_06098,0.0
OUT_00455,0.0
OUT_00456,0.0
OUT_00465,0.0
OUT_00467,0.0
OUT_00470,0.0
OUT_07192,0.0
OUT_07193,0.0
OUT_00476,0.0
OUT_07206,0.0
OUT_00437,0.0
OUT_00440,0.0
OUT_00450,0.0
OUT_00391,0.0
OUT_00393,0.0
OUT_00404,0.0
OUT_00413,0.0
OUT_04339,0.0
OUT_00420,0.0
OUT_00422,0.0
OUT_08848,0.0
OUT_08853,0.0
OUT_08860,0.0
OUT_08864,0.0
OUT_00361,0.0
OUT_00365,0.0
OUT_00368,0.0
OUT_00377,0.0
OUT_00379,0.0
OUT_00386,0.0
OUT_00341,0.0
OUT_00348,0.0
OUT_00350,0.0
OUT_00357,0.0
OUT_00306,0.0
OUT_00311,0.0
OUT_00325,0.0
OUT_03598,0.0
OUT_08878,0.0
OUT_08880,0.0
OUT_08888,0.0
OUT_08891,0.0
OUT_08892,0.0
OUT_08893,0.0
OUT_08894,0.0
OUT_00268,0.0
OUT_03599,0.0
OUT_06286,0.0
OUT_03600,0.0
OUT_06254,0.0
OUT_06256,0.0
OUT_06261,0.0
OUT_06269,0.0
OUT_06270,0.0
OUT_06272,0.0
OUT_06274,0.0
OUT_06219,0.0
OUT_06223,0.0
OUT_03619,0.0
OUT_03620,0.0
OUT_06233,0.0
OUT_00016,0.0
OUT_06376,0.0
OUT_03560,0.0
OUT_06386,0.0
OUT_06388,0.0
OUT_06392,0.0
OUT_06395,0.0
OUT_00272,0.0
OUT_00012,0.0
OUT_00288,0.0
OUT_00289,0.0
OUT_03562,0.0
OUT_00245,0.0
OUT_00253,0.0
OUT_00206,0.0
OUT_00211,0.0
OUT_00213,0.0
OUT_00216,0.0
OUT_00217,0.0
OUT_00218,0.0
OUT_00221,0.0
OUT_00173,0.0
OUT_00183,0.0
OUT_00189,0.0
OUT_00198,0.0
OUT_08920,0.0
OUT_08922,0.0
OUT_08924,0.0
OUT_08963,0.0
OUT_00007,0.0
OUT_08965,0.0
OUT_00004,0.0
OUT_00027,0.0
