Outlet_ID,Maximum_Monthly_Liters
OUT_00001,1941.47
OUT_00002,1668.42
OUT_00003,1790.85
OUT_00004,1682.09
OUT_00005,1815.72
OUT_00006,1559.2
OUT_00007,1774.48
OUT_00008,1673.0
OUT_00009,1783.23
OUT_00010,1886.5
OUT_00011,1779.04
OUT_00012,1332.69
OUT_00013,948.24
OUT_00014,928.09
OUT_00015,1067.36
OUT_00016,1526.39
OUT_00017,1261.02
OUT_00018,903.58
OUT_00019,1734.83
OUT_00020,1898.0
OUT_00021,1513.38
OUT_00022,1502.44
OUT_00023,1533.95
OUT_00024,1857.52
OUT_00025,1579.62
OUT_00026,1698.87
OUT_00027,1316.9
OUT_00028,1790.22
OUT_00029,977.38
OUT_00030,1759.36
OUT_00031,1327.47
OUT_00032,1754.48
OUT_00033,1543.39
OUT_00034,1493.87
OUT_00035,1751.65
OUT_00036,1459.02
OUT_00037,1497.65
OUT_00038,1906.65
OUT_00039,1774.48
OUT_00040,1845.0
OUT_00041,1435.6
OUT_00042,1577.28
OUT_00043,906.5
OUT_00044,1527.35
OUT_00045,1803.11
OUT_00046,1013.58
OUT_00047,1741.85
OUT_00048,936.19
OUT_00049,1744.9
OUT_00050,907.8
OUT_00051,1859.27
OUT_00052,1717.43
OUT_00053,1786.66
OUT_00054,1824.23
OUT_00055,1839.4
OUT_00056,1617.32
OUT_00057,957.51
OUT_00058,1886.11
OUT_00059,970.34
OUT_00060,1165.37
OUT_00061,967.7
OUT_00062,969.77
OUT_00063,974.44
OUT_00064,995.55
OUT_00065,874.01
OUT_00066,941.86
OUT_00067,946.1
OUT_00068,926.24
OUT_00069,954.59
OUT_00070,997.09
OUT_00071,987.06
OUT_00072,1007.62
OUT_00073,978.86
OUT_00074,1028.25
OUT_00075,889.01
OUT_00076,1006.01
OUT_00077,982.93
OUT_00078,1192.85
OUT_00079,939.55
OUT_00080,849.85
OUT_00081,937.29
OUT_00082,1003.01
OUT_00083,907.05
OUT_00084,835.67
OUT_00085,960.9
OUT_00086,1083.06
OUT_00087,1021.91
OUT_00088,965.1
OUT_00089,852.84
OUT_00090,704.1
OUT_00091,810.77
OUT_00092,975.92
OUT_00093,915.83
OUT_00094,891.43
OUT_00095,982.57
OUT_00096,976.05
OUT_00097,912.41
OUT_00098,907.87
OUT_00099,919.06
OUT_00100,947.81
OUT_00101,909.49
OUT_00102,926.55
OUT_00103,755.06
OUT_00104,936.3
OUT_00105,993.51
OUT_00106,845.62
OUT_00107,928.02
OUT_00108,951.65
OUT_00109,951.76
OUT_00110,968.92
OUT_00111,931.61
OUT_00112,973.15
OUT_00113,1033.33
OUT_00114,905.88
OUT_00115,957.62
OUT_00116,960.89
OUT_00117,957.6
OUT_00118,1040.39
OUT_00119,910.19
OUT_00120,946.78
OUT_00121,997.97
OUT_00122,909.36
OUT_00123,910.33
OUT_00124,947.58
OUT_00125,928.81
OUT_00126,735.77
OUT_00127,976.47
OUT_00128,939.28
OUT_00129,904.09
OUT_00130,934.73
OUT_00131,980.12
OUT_00132,879.17
OUT_00133,792.44
OUT_00134,946.23
OUT_00135,890.07
OUT_00136,1001.65
OUT_00137,934.4
OUT_00138,911.88
OUT_00139,910.46
OUT_00140,789.88
OUT_00141,929.87
OUT_00142,1004.17
OUT_00143,974.74
OUT_00144,905.76
OUT_00145,942.51
OUT_00146,915.82
OUT_00147,943.23
OUT_00148,874.78
OUT_00149,914.18
OUT_00150,914.02
OUT_00151,882.54
OUT_00152,990.0
OUT_00153,915.43
OUT_00154,888.69
OUT_00155,952.52
OUT_00156,930.0
OUT_00157,994.32
OUT_00158,885.56
OUT_00159,827.3
OUT_00160,982.2
OUT_00161,870.44
OUT_00162,874.89
OUT_00163,854.94
OUT_00164,957.19
OUT_00165,934.44
OUT_00166,876.58
OUT_00167,976.59
OUT_00168,979.38
OUT_00169,964.28
OUT_00170,954.17
OUT_00171,964.59
OUT_00172,862.95
OUT_00173,852.59
OUT_00174,934.42
OUT_00175,949.4
OUT_00176,933.73
OUT_00177,892.99
OUT_00178,980.5
OUT_00179,999.79
OUT_00180,945.01
OUT_00181,886.22
OUT_00182,958.71
OUT_00183,920.03
OUT_00184,964.36
OUT_00185,897.81
OUT_00186,1016.13
OUT_00187,955.22
OUT_00188,937.65
OUT_00189,949.64
OUT_00190,961.21
OUT_00191,975.03
OUT_00192,915.91
OUT_00193,906.45
OUT_00194,928.26
OUT_00195,958.57
OUT_00196,969.15
OUT_00197,816.35
OUT_00198,941.59
OUT_00199,883.55
OUT_00200,978.83
OUT_00201,696.39
OUT_00202,894.35
OUT_00203,921.31
OUT_00204,904.9
OUT_00205,1071.79
OUT_00206,844.89
OUT_00207,964.84
OUT_00208,959.2
OUT_00209,999.22
OUT_00210,903.94
OUT_00211,939.9
OUT_00212,936.74
OUT_00213,981.53
OUT_00214,1086.15
OUT_00215,1002.0
OUT_00216,956.59
OUT_00217,980.98
OUT_00218,891.98
OUT_00219,961.57
OUT_00220,989.99
OUT_00221,945.27
OUT_00222,989.23
OUT_00223,936.91
OUT_00224,871.9
OUT_00225,962.75
OUT_00226,985.03
OUT_00227,977.28
OUT_00228,884.93
OUT_00229,868.78
OUT_00230,838.18
OUT_00231,927.53
OUT_00232,968.14
OUT_00233,891.77
OUT_00234,930.56
OUT_00235,904.1
OUT_00236,853.83
OUT_00237,893.96
OUT_00238,916.47
OUT_00239,912.74
OUT_00240,947.5
OUT_00241,1003.8
OUT_00242,949.41
OUT_00243,989.88
OUT_00244,824.8
OUT_00245,872.81
OUT_00246,919.49
OUT_00247,1058.36
OUT_00248,846.1
OUT_00249,978.24
OUT_00250,926.24
OUT_00251,933.02
OUT_00252,889.91
OUT_00253,1018.46
OUT_00254,854.98
OUT_00255,922.42
OUT_00256,841.15
OUT_00257,935.36
OUT_00258,947.07
OUT_00259,943.86
OUT_00260,870.06
OUT_00261,953.34
OUT_00262,944.76
OUT_00263,961.62
OUT_00264,933.69
OUT_00265,983.13
OUT_00266,951.02
OUT_00267,958.02
OUT_00268,943.36
OUT_00269,899.39
OUT_00270,1031.79
OUT_00271,839.9
OUT_00272,911.69
OUT_00273,981.23
OUT_00274,898.09
OUT_00275,959.65
OUT_00276,826.04
OUT_00277,894.12
OUT_00278,995.61
OUT_00279,1184.01
OUT_00280,971.2
OUT_00281,848.03
OUT_00282,947.49
OUT_00283,882.04
OUT_00284,875.65
OUT_00285,933.44
OUT_00286,921.46
OUT_00287,921.5
OUT_00288,946.84
OUT_00289,802.52
OUT_00290,923.96
OUT_00291,950.23
OUT_00292,924.43
OUT_00293,908.86
OUT_00294,901.02
OUT_00295,871.12
OUT_00296,1008.07
OUT_00297,923.89
OUT_00298,899.16
OUT_00299,952.99
OUT_00300,1007.49
OUT_00301,965.48
OUT_00302,1019.5
OUT_00303,987.09
OUT_00304,847.05
OUT_00305,830.31
OUT_00306,951.72
OUT_00307,1011.64
OUT_00308,1009.19
OUT_00309,969.92
OUT_00310,944.87
OUT_00311,958.62
OUT_00312,989.47
OUT_00313,1018.37
OUT_00314,854.82
OUT_00315,916.04
OUT_00316,908.05
OUT_00317,999.51
OUT_00318,976.82
OUT_00319,900.26
OUT_00320,889.3
OUT_00321,963.07
OUT_00322,964.45
OUT_00323,927.88
OUT_00324,853.77
OUT_00325,883.74
OUT_00326,1003.24
OUT_00327,898.4
OUT_00328,915.73
OUT_00329,940.82
OUT_00330,952.9
OUT_00331,937.93
OUT_00332,835.12
OUT_00333,956.88
OUT_00334,979.84
OUT_00335,924.63
OUT_00336,920.86
OUT_00337,928.25
OUT_00338,970.08
OUT_00339,975.74
OUT_00340,994.17
OUT_00341,918.89
OUT_00342,1005.52
OUT_00343,1012.08
OUT_00344,915.59
OUT_00345,985.21
OUT_00346,991.24
OUT_00347,944.86
OUT_00348,877.46
OUT_00349,969.02
OUT_00350,968.33
OUT_00351,965.29
OUT_00352,852.57
OUT_00353,947.3
OUT_00354,947.74
OUT_00355,913.16
OUT_00356,889.86
OUT_00357,884.5
OUT_00358,892.1
OUT_00359,991.59
OUT_00360,915.14
OUT_00361,956.66
OUT_00362,929.49
OUT_00363,953.14
OUT_00364,911.61
OUT_00365,886.05
OUT_00366,860.95
OUT_00367,1251.31
OUT_00368,916.52
OUT_00369,964.1
OUT_00370,928.05
OUT_00371,924.0
OUT_00372,1014.99
OUT_00373,942.9
OUT_00374,918.48
OUT_00375,897.6
OUT_00376,1020.46
OUT_00377,975.65
OUT_00378,1045.69
OUT_00379,926.45
OUT_00380,979.88
OUT_00381,967.59
OUT_00382,843.5
OUT_00383,894.25
OUT_00384,978.23
OUT_00385,980.89
OUT_00386,939.74
OUT_00387,960.28
OUT_00388,966.1
OUT_00389,925.84
OUT_00390,893.6
OUT_00391,884.29
OUT_00392,948.17
OUT_00393,986.44
OUT_00394,956.84
OUT_00395,958.17
OUT_00396,946.82
OUT_00397,958.34
OUT_00398,997.46
OUT_00399,898.32
OUT_00400,922.63
OUT_00401,137.1
OUT_00402,885.74
OUT_00403,291.23
OUT_00404,103.04
OUT_00405,385.64
OUT_00406,125.97
OUT_00407,154.06
OUT_00408,103.87
OUT_00409,380.82
OUT_00410,313.6
OUT_00411,89.88
OUT_00412,98.71
OUT_00413,997.59
OUT_00414,100.75
OUT_00415,145.59
OUT_00416,360.76
OUT_00417,781.4
OUT_00418,272.55
OUT_00419,85.31
OUT_00420,76.37
OUT_00421,227.37
OUT_00422,327.11
OUT_00423,821.59
OUT_00424,803.11
OUT_00425,151.17
OUT_00426,301.34
OUT_00427,253.06
OUT_00428,1991.69
OUT_00429,259.36
OUT_00430,142.05
OUT_00431,103.91
OUT_00432,2002.67
OUT_00433,273.05
OUT_00434,1948.56
OUT_00435,345.33
OUT_00436,101.99
OUT_00437,98.24
OUT_00438,320.5
OUT_00439,266.57
OUT_00440,165.87
OUT_00441,165.87
OUT_00442,136.51
OUT_00443,315.62
OUT_00444,316.6
OUT_00445,898.74
OUT_00446,128.56
OUT_00447,92.6
OUT_00448,126.0
OUT_00449,2031.35
OUT_00450,956.34
OUT_00451,115.25
OUT_00452,144.2
OUT_00453,296.47
OUT_00454,308.7
OUT_00455,1912.04
OUT_00456,283.83
OUT_00457,961.44
OUT_00458,94.43
OUT_00459,330.15
OUT_00460,311.11
OUT_00461,93.02
OUT_00462,135.47
OUT_00463,898.14
OUT_00464,110.99
OUT_00465,304.35
OUT_00466,988.05
OUT_00467,92.67
OUT_00468,1006.63
OUT_00469,164.86
OUT_00470,102.83
OUT_00471,243.29
OUT_00472,290.82
OUT_00473,120.59
OUT_00474,74.67
OUT_00475,127.22
OUT_00476,327.26
OUT_00477,142.33
OUT_00478,263.14
OUT_00479,98.21
OUT_00480,129.79
OUT_00481,86.16
OUT_00482,281.08
OUT_00483,99.07
OUT_00484,96.52
OUT_00485,318.89
OUT_00486,345.31
OUT_00487,102.24
OUT_00488,126.62
OUT_00489,338.42
OUT_00490,132.97
OUT_00491,103.97
OUT_00492,891.18
OUT_00493,388.78
OUT_00494,118.88
OUT_00495,95.06
OUT_00496,152.89
OUT_00497,262.02
OUT_00498,330.71
OUT_00499,364.5
OUT_00500,99.61
OUT_00501,300.95
OUT_00502,240.65
OUT_00503,884.08
OUT_00504,221.34
OUT_00505,112.64
OUT_00506,1900.53
OUT_00507,1926.46
OUT_00508,314.03
OUT_00509,279.05
OUT_00510,305.04
OUT_00511,283.33
OUT_00512,103.42
OUT_00513,105.88
OUT_00514,76.72
OUT_00515,989.38
OUT_00516,128.97
OUT_00517,336.26
OUT_00518,235.68
OUT_00519,130.98
OUT_00520,83.2
OUT_00521,114.73
OUT_00522,134.09
OUT_00523,93.29
OUT_00524,118.59
OUT_00525,860.06
OUT_00526,306.94
OUT_00527,334.81
OUT_00528,299.94
OUT_00529,309.0
OUT_00530,972.08
OUT_00531,118.66
OUT_00532,132.58
OUT_00533,101.55
OUT_00534,982.16
OUT_00535,70.94
OUT_00536,105.81
OUT_00537,92.56
OUT_00538,162.59
OUT_00539,968.1
OUT_00540,85.4
OUT_00541,339.4
OUT_00542,89.49
OUT_00543,91.28
OUT_00544,81.84
OUT_00545,325.0
OUT_00546,250.95
OUT_00547,102.27
OUT_00548,97.03
OUT_00549,79.13
OUT_00550,273.15
OUT_00551,952.71
OUT_00552,89.05
OUT_00553,232.21
OUT_00554,88.64
OUT_00555,127.91
OUT_00556,298.68
OUT_00557,75.95
OUT_00558,97.28
OUT_00559,121.77
OUT_00560,301.01
OUT_00561,135.62
OUT_00562,144.94
OUT_00563,108.97
OUT_00564,119.91
OUT_00565,336.94
OUT_00566,154.96
OUT_00567,1025.88
OUT_00568,2015.6
OUT_00569,104.77
OUT_00570,968.45
OUT_00571,140.42
OUT_00572,153.35
OUT_00573,839.0
OUT_00574,325.06
OUT_00575,97.59
OUT_00576,272.64
OUT_00577,977.41
OUT_00578,125.16
OUT_00579,2073.43
OUT_00580,991.74
OUT_00581,946.0
OUT_00582,368.78
OUT_00583,116.65
OUT_00584,127.79
OUT_00585,333.02
OUT_00586,291.3
OUT_00587,213.44
OUT_00588,71.77
OUT_00589,997.08
OUT_00590,341.99
OUT_00591,921.63
OUT_00592,113.56
OUT_00593,117.79
OUT_00594,293.59
OUT_00595,265.55
OUT_00596,127.04
OUT_00597,120.22
OUT_00598,94.85
OUT_00599,89.03
OUT_00600,981.13
OUT_00601,317.42
OUT_00602,116.11
OUT_00603,938.53
OUT_00604,329.3
OUT_00605,134.67
OUT_00606,1044.82
OUT_00607,842.2
OUT_00608,323.99
OUT_00609,290.41
OUT_00610,855.49
OUT_00611,120.08
OUT_00612,143.33
OUT_00613,117.64
OUT_00614,985.44
OUT_00615,89.01
OUT_00616,309.34
OUT_00617,295.14
OUT_00618,320.18
OUT_00619,2009.9
OUT_00620,412.05
OUT_00621,360.33
OUT_00622,106.91
OUT_00623,115.88
OUT_00624,336.7
OUT_00625,288.53
OUT_00626,882.73
OUT_00627,204.48
OUT_00628,130.93
OUT_00629,339.36
OUT_00630,132.91
OUT_00631,140.96
OUT_00632,120.2
OUT_00633,938.32
OUT_00634,333.75
OUT_00635,299.11
OUT_00636,257.36
OUT_00637,318.39
OUT_00638,339.93
OUT_00639,949.52
OUT_00640,317.8
OUT_00641,109.01
OUT_00642,298.96
OUT_00643,226.14
OUT_00644,310.52
OUT_00645,238.62
OUT_00646,94.73
OUT_00647,125.55
OUT_00648,386.04
OUT_00649,936.19
OUT_00650,284.33
OUT_00651,89.7
OUT_00652,311.4
OUT_00653,99.32
OUT_00654,124.23
OUT_00655,89.22
OUT_00656,278.2
OUT_00657,106.47
OUT_00658,361.47
OUT_00659,140.89
OUT_00660,853.18
OUT_00661,252.88
OUT_00662,327.81
OUT_00663,350.77
OUT_00664,98.22
OUT_00665,128.13
OUT_00666,863.4
OUT_00667,283.37
OUT_00668,133.69
OUT_00669,129.37
OUT_00670,304.67
OUT_00671,326.56
OUT_00672,167.81
OUT_00673,265.11
OUT_00674,798.3
OUT_00675,101.72
OUT_00676,168.42
OUT_00677,330.96
OUT_00678,114.53
OUT_00679,151.24
OUT_00680,225.14
OUT_00681,105.24
OUT_00682,108.47
OUT_00683,365.23
OUT_00684,2065.76
OUT_00685,82.72
OUT_00686,929.1
OUT_00687,910.27
OUT_00688,116.66
OUT_00689,2075.25
OUT_00690,88.67
OUT_00691,1984.0
OUT_00692,108.09
OUT_00693,341.62
OUT_00694,967.15
OUT_00695,108.52
OUT_00696,103.36
OUT_00697,281.76
OUT_00698,904.84
OUT_00699,997.46
OUT_00700,127.59
OUT_00701,118.23
OUT_00702,99.74
OUT_00703,260.36
OUT_00704,332.54
OUT_00705,124.54
OUT_00706,262.58
OUT_00707,111.13
OUT_00708,86.59
OUT_00709,112.96
OUT_00710,245.09
OUT_00711,121.91
OUT_00712,910.71
OUT_00713,123.84
OUT_00714,84.58
OUT_00715,325.84
OUT_00716,81.08
OUT_00717,880.54
OUT_00718,115.14
OUT_00719,151.47
OUT_00720,985.99
OUT_00721,98.04
OUT_00722,267.25
OUT_00723,93.93
OUT_00724,146.86
OUT_00725,82.38
OUT_00726,958.72
OUT_00727,360.22
OUT_00728,837.75
OUT_00729,108.27
OUT_00730,229.39
OUT_00731,966.59
OUT_00732,310.95
OUT_00733,229.72
OUT_00734,861.98
OUT_00735,118.24
OUT_00736,896.82
OUT_00737,919.96
OUT_00738,103.89
OUT_00739,154.04
OUT_00740,287.19
OUT_00741,139.41
OUT_00742,2133.74
OUT_00743,134.58
OUT_00744,208.32
OUT_00745,305.97
OUT_00746,771.23
OUT_00747,305.21
OUT_00748,157.01
OUT_00749,200.83
OUT_00750,261.07
OUT_00751,159.73
OUT_00752,111.16
OUT_00753,945.41
OUT_00754,143.09
OUT_00755,914.06
OUT_00756,200.23
OUT_00757,213.27
OUT_00758,112.82
OUT_00759,60.97
OUT_00760,91.34
OUT_00761,289.0
OUT_00762,106.65
OUT_00763,71.98
OUT_00764,331.89
OUT_00765,88.84
OUT_00766,97.9
OUT_00767,328.42
OUT_00768,74.09
OUT_00769,363.33
OUT_00770,90.98
OUT_00771,321.07
OUT_00772,328.33
OUT_00773,860.86
OUT_00774,86.8
OUT_00775,358.37
OUT_00776,108.51
OUT_00777,147.4
OUT_00778,1929.38
OUT_00779,230.85
OUT_00780,103.9
OUT_00781,124.89
OUT_00782,102.6
OUT_00783,79.67
OUT_00784,126.52
OUT_00785,333.42
OUT_00786,128.13
OUT_00787,294.79
OUT_00788,273.58
OUT_00789,901.41
OUT_00790,108.5
OUT_00791,1997.76
OUT_00792,942.9
OUT_00793,201.32
OUT_00794,95.93
OUT_00795,950.68
OUT_00796,98.56
OUT_00797,293.16
OUT_00798,265.33
OUT_00799,870.76
OUT_00800,949.02
OUT_00801,95.67
OUT_00802,110.72
OUT_00803,291.99
OUT_00804,93.69
OUT_00805,106.63
OUT_00806,94.65
OUT_00807,156.46
OUT_00808,256.08
OUT_00809,336.23
OUT_00810,154.84
OUT_00811,107.5
OUT_00812,103.17
OUT_00813,116.21
OUT_00814,123.37
OUT_00815,1922.23
OUT_00816,93.92
OUT_00817,90.16
OUT_00818,152.29
OUT_00819,92.23
OUT_00820,97.32
OUT_00821,153.14
OUT_00822,215.24
OUT_00823,915.77
OUT_00824,105.64
OUT_00825,307.31
OUT_00826,298.07
OUT_00827,127.17
OUT_00828,278.92
OUT_00829,109.08
OUT_00830,154.17
OUT_00831,137.62
OUT_00832,111.27
OUT_00833,317.12
OUT_00834,330.13
OUT_00835,322.17
OUT_00836,306.64
OUT_00837,932.8
OUT_00838,350.88
OUT_00839,140.2
OUT_00840,2045.99
OUT_00841,144.21
OUT_00842,100.4
OUT_00843,357.96
OUT_00844,93.77
OUT_00845,286.12
OUT_00846,75.07
OUT_00847,204.56
OUT_00848,338.51
OUT_00849,250.38
OUT_00850,128.05
OUT_00851,96.55
OUT_00852,329.95
OUT_00853,2036.6
OUT_00854,293.08
OUT_00855,100.12
OUT_00856,2080.97
OUT_00857,953.69
OUT_00858,100.04
OUT_00859,116.48
OUT_00860,90.43
OUT_00861,111.46
OUT_00862,102.59
OUT_00863,106.4
OUT_00864,86.08
OUT_00865,299.06
OUT_00866,259.44
OUT_00867,272.09
OUT_00868,155.8
OUT_00869,129.79
OUT_00870,274.59
OUT_00871,969.41
OUT_00872,111.75
OUT_00873,971.67
OUT_00874,305.62
OUT_00875,136.98
OUT_00876,89.24
OUT_00877,885.55
OUT_00878,284.92
OUT_00879,259.54
OUT_00880,89.14
OUT_00881,919.92
OUT_00882,139.21
OUT_00883,132.29
OUT_00884,328.76
OUT_00885,359.99
OUT_00886,1977.98
OUT_00887,96.1
OUT_00888,107.79
OUT_00889,350.16
OUT_00890,329.67
OUT_00891,368.67
OUT_00892,92.42
OUT_00893,121.92
OUT_00894,124.95
OUT_00895,220.47
OUT_00896,95.94
OUT_00897,317.05
OUT_00898,114.18
OUT_00899,147.08
OUT_00900,87.43
OUT_00901,130.7
OUT_00902,102.55
OUT_00903,949.54
OUT_00904,90.89
OUT_00905,108.05
OUT_00906,965.29
OUT_00907,101.4
OUT_00908,133.83
OUT_00909,114.29
OUT_00910,119.53
OUT_00911,126.38
OUT_00912,899.11
OUT_00913,254.39
OUT_00914,337.36
OUT_00915,90.95
OUT_00916,288.71
OUT_00917,223.88
OUT_00918,980.15
OUT_00919,124.63
OUT_00920,322.11
OUT_00921,342.6
OUT_00922,116.48
OUT_00923,936.36
OUT_00924,212.34
OUT_00925,134.11
OUT_00926,84.13
OUT_00927,101.86
OUT_00928,135.76
OUT_00929,298.57
OUT_00930,342.4
OUT_00931,100.46
OUT_00932,144.06
OUT_00933,988.41
OUT_00934,913.41
OUT_00935,320.05
OUT_00936,121.91
OUT_00937,971.68
OUT_00938,232.18
OUT_00939,109.6
OUT_00940,126.35
OUT_00941,250.33
OUT_00942,267.97
OUT_00943,1018.71
OUT_00944,103.51
OUT_00945,333.23
OUT_00946,114.45
OUT_00947,98.66
OUT_00948,116.0
OUT_00949,90.71
OUT_00950,109.73
OUT_00951,269.97
OUT_00952,831.32
OUT_00953,111.6
OUT_00954,928.84
OUT_00955,309.17
OUT_00956,312.22
OUT_00957,91.28
OUT_00958,121.47
OUT_00959,127.49
OUT_00960,905.62
OUT_00961,99.35
OUT_00962,348.39
OUT_00963,254.21
OUT_00964,76.27
OUT_00965,2104.88
OUT_00966,109.77
OUT_00967,143.35
OUT_00968,116.57
OUT_00969,297.17
OUT_00970,111.59
OUT_00971,105.59
OUT_00972,300.92
OUT_00973,915.05
OUT_00974,113.35
OUT_00975,97.54
OUT_00976,285.25
OUT_00977,97.45
OUT_00978,121.64
OUT_00979,114.87
OUT_00980,109.25
OUT_00981,298.57
OUT_00982,123.33
OUT_00983,84.11
OUT_00984,128.11
OUT_00985,390.05
OUT_00986,888.01
OUT_00987,125.55
OUT_00988,262.71
OUT_00989,127.4
OUT_00990,996.47
OUT_00991,144.62
OUT_00992,255.12
OUT_00993,121.34
OUT_00994,1030.43
OUT_00995,1054.39
OUT_00996,2080.76
OUT_00997,316.98
OUT_00998,345.35
OUT_00999,324.65
OUT_01000,122.59
OUT_01001,114.34
OUT_01002,104.5
OUT_01003,139.21
OUT_01004,102.81
OUT_01005,250.6
OUT_01006,1948.47
OUT_01007,125.62
OUT_01008,299.31
OUT_01009,128.08
OUT_01010,251.04
OUT_01011,304.63
OUT_01012,333.87
OUT_01013,110.37
OUT_01014,253.22
OUT_01015,340.3
OUT_01016,246.78
OUT_01017,141.22
OUT_01018,968.69
OUT_01019,108.66
OUT_01020,109.6
OUT_01021,108.59
OUT_01022,152.03
OUT_01023,834.44
OUT_01024,111.03
OUT_01025,332.68
OUT_01026,219.96
OUT_01027,120.09
OUT_01028,151.44
OUT_01029,106.7
OUT_01030,98.57
OUT_01031,113.38
OUT_01032,1970.04
OUT_01033,132.17
OUT_01034,123.81
OUT_01035,273.62
OUT_01036,918.61
OUT_01037,269.49
OUT_01038,352.32
OUT_01039,579.89
OUT_01040,337.6
OUT_01041,291.39
OUT_01042,126.13
OUT_01043,106.45
OUT_01044,1922.48
OUT_01045,131.35
OUT_01046,84.01
OUT_01047,95.36
OUT_01048,123.01
OUT_01049,311.75
OUT_01050,130.47
OUT_01051,331.1
OUT_01052,72.55
OUT_01053,110.37
OUT_01054,274.83
OUT_01055,96.15
OUT_01056,342.91
OUT_01057,86.07
OUT_01058,275.35
OUT_01059,308.55
OUT_01060,338.53
OUT_01061,2001.95
OUT_01062,108.11
OUT_01063,88.44
OUT_01064,116.53
OUT_01065,102.17
OUT_01066,90.37
OUT_01067,75.68
OUT_01068,141.19
OUT_01069,255.77
OUT_01070,133.53
OUT_01071,164.35
OUT_01072,291.76
OUT_01073,949.55
OUT_01074,307.5
OUT_01075,343.79
OUT_01076,316.65
OUT_01077,89.78
OUT_01078,104.61
OUT_01079,931.69
OUT_01080,276.23
OUT_01081,147.7
OUT_01082,92.11
OUT_01083,64.41
OUT_01084,87.72
OUT_01085,916.35
OUT_01086,283.85
OUT_01087,132.67
OUT_01088,92.49
OUT_01089,90.17
OUT_01090,1000.58
OUT_01091,85.5
OUT_01092,99.89
OUT_01093,259.59
OUT_01094,104.59
OUT_01095,124.31
OUT_01096,142.94
OUT_01097,328.1
OUT_01098,97.87
OUT_01099,955.21
OUT_01100,1958.57
OUT_01101,108.01
OUT_01102,302.58
OUT_01103,106.19
OUT_01104,113.45
OUT_01105,920.22
OUT_01106,121.08
OUT_01107,927.42
OUT_01108,1974.92
OUT_01109,318.2
OUT_01110,322.03
OUT_01111,320.29
OUT_01112,120.07
OUT_01113,136.32
OUT_01114,115.85
OUT_01115,248.55
OUT_01116,360.52
OUT_01117,175.46
OUT_01118,95.6
OUT_01119,122.8
OUT_01120,113.7
OUT_01121,323.3
OUT_01122,139.28
OUT_01123,263.91
OUT_01124,2189.17
OUT_01125,173.84
OUT_01126,122.95
OUT_01127,105.82
OUT_01128,108.02
OUT_01129,136.46
OUT_01130,999.59
OUT_01131,126.0
OUT_01132,120.77
OUT_01133,931.61
OUT_01134,876.86
OUT_01135,1053.39
OUT_01136,142.55
OUT_01137,282.9
OUT_01138,300.32
OUT_01139,107.76
OUT_01140,80.87
OUT_01141,99.74
OUT_01142,287.7
OUT_01143,70.82
OUT_01144,107.14
OUT_01145,311.05
OUT_01146,2055.59
OUT_01147,131.73
OUT_01148,285.33
OUT_01149,304.42
OUT_01150,82.42
OUT_01151,118.77
OUT_01152,1977.87
OUT_01153,973.44
OUT_01154,118.0
OUT_01155,120.67
OUT_01156,255.77
OUT_01157,328.6
OUT_01158,83.75
OUT_01159,72.53
OUT_01160,76.69
OUT_01161,104.51
OUT_01162,119.64
OUT_01163,82.14
OUT_01164,964.55
OUT_01165,114.48
OUT_01166,296.72
OUT_01167,86.73
OUT_01168,143.12
OUT_01169,142.41
OUT_01170,99.5
OUT_01171,102.79
OUT_01172,75.17
OUT_01173,303.21
OUT_01174,105.84
OUT_01175,890.05
OUT_01176,277.8
OUT_01177,92.23
OUT_01178,924.13
OUT_01179,230.05
OUT_01180,263.28
OUT_01181,114.72
OUT_01182,310.99
OUT_01183,121.5
OUT_01184,115.89
OUT_01185,82.8
OUT_01186,109.4
OUT_01187,144.66
OUT_01188,102.65
OUT_01189,145.69
OUT_01190,111.17
OUT_01191,316.53
OUT_01192,102.64
OUT_01193,64.54
OUT_01194,121.12
OUT_01195,327.73
OUT_01196,55.47
OUT_01197,924.82
OUT_01198,244.93
OUT_01199,136.11
OUT_01200,79.68
OUT_01201,136.06
OUT_01202,100.46
OUT_01203,908.37
OUT_01204,292.34
OUT_01205,93.17
OUT_01206,112.54
OUT_01207,2029.63
OUT_01208,142.8
OUT_01209,106.3
OUT_01210,314.76
OUT_01211,302.96
OUT_01212,2011.61
OUT_01213,143.48
OUT_01214,879.87
OUT_01215,956.9
OUT_01216,110.73
OUT_01217,987.36
OUT_01218,444.46
OUT_01219,106.71
OUT_01220,383.54
OUT_01221,1926.75
OUT_01222,143.31
OUT_01223,286.54
OUT_01224,278.34
OUT_01225,291.34
OUT_01226,95.19
OUT_01227,103.13
OUT_01228,105.37
OUT_01229,120.05
OUT_01230,273.66
OUT_01231,169.16
OUT_01232,124.5
OUT_01233,336.15
OUT_01234,103.11
OUT_01235,216.13
OUT_01236,992.48
OUT_01237,104.31
OUT_01238,284.72
OUT_01239,956.74
OUT_01240,117.62
OUT_01241,2099.76
OUT_01242,136.93
OUT_01243,107.8
OUT_01244,105.62
OUT_01245,103.7
OUT_01246,949.33
OUT_01247,81.41
OUT_01248,68.8
OUT_01249,109.65
OUT_01250,295.56
OUT_01251,144.4
OUT_01252,120.02
OUT_01253,787.0
OUT_01254,99.54
OUT_01255,103.7
OUT_01256,114.06
OUT_01257,101.66
OUT_01258,279.63
OUT_01259,86.45
OUT_01260,95.09
OUT_01261,103.12
OUT_01262,917.0
OUT_01263,915.16
OUT_01264,118.49
OUT_01265,229.55
OUT_01266,314.13
OUT_01267,875.29
OUT_01268,258.91
OUT_01269,107.22
OUT_01270,950.92
OUT_01271,91.18
OUT_01272,327.95
OUT_01273,1008.04
OUT_01274,134.37
OUT_01275,149.01
OUT_01276,95.12
OUT_01277,126.11
OUT_01278,79.13
OUT_01279,278.08
OUT_01280,133.46
OUT_01281,298.98
OUT_01282,94.16
OUT_01283,101.7
OUT_01284,313.82
OUT_01285,123.41
OUT_01286,124.53
OUT_01287,861.49
OUT_01288,913.08
OUT_01289,102.9
OUT_01290,301.53
OUT_01291,934.72
OUT_01292,974.99
OUT_01293,309.89
OUT_01294,133.42
OUT_01295,338.44
OUT_01296,152.01
OUT_01297,127.33
OUT_01298,309.1
OUT_01299,1938.46
OUT_01300,208.96
OUT_01301,107.09
OUT_01302,174.35
OUT_01303,98.92
OUT_01304,872.95
OUT_01305,96.21
OUT_01306,278.92
OUT_01307,329.2
OUT_01308,80.54
OUT_01309,141.67
OUT_01310,100.46
OUT_01311,98.34
OUT_01312,112.14
OUT_01313,115.98
OUT_01314,324.67
OUT_01315,86.01
OUT_01316,2093.12
OUT_01317,117.86
OUT_01318,105.94
OUT_01319,90.17
OUT_01320,104.0
OUT_01321,106.36
OUT_01322,97.67
OUT_01323,354.75
OUT_01324,81.22
OUT_01325,218.79
OUT_01326,100.62
OUT_01327,96.61
OUT_01328,102.9
OUT_01329,119.69
OUT_01330,79.79
OUT_01331,1008.41
OUT_01332,350.19
OUT_01333,105.32
OUT_01334,238.94
OUT_01335,85.9
OUT_01336,108.9
OUT_01337,142.48
OUT_01338,933.38
OUT_01339,110.48
OUT_01340,93.52
OUT_01341,126.46
OUT_01342,303.68
OUT_01343,101.03
OUT_01344,134.29
OUT_01345,101.74
OUT_01346,329.13
OUT_01347,259.24
OUT_01348,316.7
OUT_01349,129.53
OUT_01350,256.03
OUT_01351,125.57
OUT_01352,955.68
OUT_01353,128.5
OUT_01354,66.77
OUT_01355,868.77
OUT_01356,337.12
OUT_01357,92.09
OUT_01358,277.38
OUT_01359,107.89
OUT_01360,310.66
OUT_01361,147.72
OUT_01362,1915.61
OUT_01363,113.22
OUT_01364,293.26
OUT_01365,133.64
OUT_01366,310.07
OUT_01367,335.97
OUT_01368,111.65
OUT_01369,1026.36
OUT_01370,81.65
OUT_01371,83.3
OUT_01372,226.87
OUT_01373,258.53
OUT_01374,336.24
OUT_01375,905.25
OUT_01376,2006.91
OUT_01377,208.3
OUT_01378,118.44
OUT_01379,164.55
OUT_01380,307.22
OUT_01381,113.52
OUT_01382,932.54
OUT_01383,304.34
OUT_01384,143.5
OUT_01385,237.01
OUT_01386,300.82
OUT_01387,98.47
OUT_01388,135.18
OUT_01389,1049.81
OUT_01390,154.51
OUT_01391,1018.6
OUT_01392,165.22
OUT_01393,113.53
OUT_01394,100.34
OUT_01395,277.39
OUT_01396,1009.29
OUT_01397,81.27
OUT_01398,144.86
OUT_01399,109.86
OUT_01400,988.27
OUT_01401,273.96
OUT_01402,134.67
OUT_01403,324.63
OUT_01404,105.48
OUT_01405,56.58
OUT_01406,89.45
OUT_01407,111.64
OUT_01408,325.82
OUT_01409,948.83
OUT_01410,1016.91
OUT_01411,916.43
OUT_01412,237.27
OUT_01413,307.42
OUT_01414,112.67
OUT_01415,90.71
OUT_01416,145.08
OUT_01417,290.25
OUT_01418,267.23
OUT_01419,297.33
OUT_01420,902.16
OUT_01421,93.52
OUT_01422,109.86
OUT_01423,88.35
OUT_01424,98.71
OUT_01425,270.96
OUT_01426,109.41
OUT_01427,107.76
OUT_01428,257.98
OUT_01429,95.68
OUT_01430,147.38
OUT_01431,123.0
OUT_01432,105.05
OUT_01433,97.74
OUT_01434,92.68
OUT_01435,105.02
OUT_01436,321.85
OUT_01437,960.78
OUT_01438,101.45
OUT_01439,315.85
OUT_01440,2014.33
OUT_01441,293.42
OUT_01442,218.26
OUT_01443,105.96
OUT_01444,260.94
OUT_01445,300.75
OUT_01446,111.79
OUT_01447,857.5
OUT_01448,308.11
OUT_01449,299.84
OUT_01450,101.9
OUT_01451,300.61
OUT_01452,103.95
OUT_01453,925.44
OUT_01454,96.85
OUT_01455,126.17
OUT_01456,119.56
OUT_01457,107.45
OUT_01458,300.29
OUT_01459,115.64
OUT_01460,340.85
OUT_01461,894.82
OUT_01462,66.33
OUT_01463,47.71
OUT_01464,107.49
OUT_01465,134.62
OUT_01466,124.22
OUT_01467,151.47
OUT_01468,89.86
OUT_01469,158.67
OUT_01470,254.08
OUT_01471,1993.99
OUT_01472,1903.06
OUT_01473,994.53
OUT_01474,141.4
OUT_01475,93.31
OUT_01476,272.13
OUT_01477,139.2
OUT_01478,88.73
OUT_01479,132.78
OUT_01480,99.52
OUT_01481,841.99
OUT_01482,113.0
OUT_01483,271.41
OUT_01484,111.32
OUT_01485,893.82
OUT_01486,134.96
OUT_01487,141.88
OUT_01488,90.51
OUT_01489,126.27
OUT_01490,292.53
OUT_01491,127.8
OUT_01492,124.92
OUT_01493,80.83
OUT_01494,115.0
OUT_01495,238.92
OUT_01496,121.67
OUT_01497,284.15
OUT_01498,272.03
OUT_01499,302.49
OUT_01500,941.98
OUT_01501,141.76
OUT_01502,353.84
OUT_01503,954.79
OUT_01504,284.3
OUT_01505,2087.75
OUT_01506,886.16
OUT_01507,964.14
OUT_01508,98.01
OUT_01509,107.41
OUT_01510,302.06
OUT_01511,96.14
OUT_01512,98.63
OUT_01513,95.01
OUT_01514,1956.47
OUT_01515,83.66
OUT_01516,126.36
OUT_01517,111.53
OUT_01518,285.14
OUT_01519,115.37
OUT_01520,950.92
OUT_01521,318.3
OUT_01522,96.7
OUT_01523,309.57
OUT_01524,264.0
OUT_01525,120.77
OUT_01526,297.92
OUT_01527,965.77
OUT_01528,2132.33
OUT_01529,134.56
OUT_01530,126.57
OUT_01531,94.93
OUT_01532,892.15
OUT_01533,123.77
OUT_01534,118.6
OUT_01535,78.22
OUT_01536,120.11
OUT_01537,109.08
OUT_01538,148.3
OUT_01539,121.2
OUT_01540,1018.27
OUT_01541,163.69
OUT_01542,118.71
OUT_01543,141.76
OUT_01544,146.14
OUT_01545,364.57
OUT_01546,332.76
OUT_01547,340.81
OUT_01548,99.87
OUT_01549,322.07
OUT_01550,320.62
OUT_01551,114.98
OUT_01552,358.26
OUT_01553,257.3
OUT_01554,2049.14
OUT_01555,148.35
OUT_01556,127.16
OUT_01557,1985.27
OUT_01558,103.3
OUT_01559,996.11
OUT_01560,931.67
OUT_01561,115.43
OUT_01562,90.78
OUT_01563,287.46
OUT_01564,141.63
OUT_01565,235.87
OUT_01566,133.16
OUT_01567,1961.23
OUT_01568,94.19
OUT_01569,139.25
OUT_01570,890.88
OUT_01571,95.21
OUT_01572,329.55
OUT_01573,122.4
OUT_01574,115.47
OUT_01575,114.52
OUT_01576,102.47
OUT_01577,299.77
OUT_01578,241.79
OUT_01579,103.89
OUT_01580,132.7
OUT_01581,234.95
OUT_01582,891.73
OUT_01583,311.13
OUT_01584,104.16
OUT_01585,94.38
OUT_01586,132.42
OUT_01587,113.41
OUT_01588,271.74
OUT_01589,332.21
OUT_01590,104.49
OUT_01591,112.31
OUT_01592,108.54
OUT_01593,884.01
OUT_01594,335.34
OUT_01595,2154.98
OUT_01596,304.78
OUT_01597,85.92
OUT_01598,406.6
OUT_01599,111.89
OUT_01600,132.18
OUT_01601,92.64
OUT_01602,313.33
OUT_01603,98.85
OUT_01604,132.31
OUT_01605,924.79
OUT_01606,87.43
OUT_01607,126.38
OUT_01608,105.46
OUT_01609,234.28
OUT_01610,252.2
OUT_01611,91.58
OUT_01612,84.75
OUT_01613,81.67
OUT_01614,82.47
OUT_01615,89.69
OUT_01616,133.24
OUT_01617,135.55
OUT_01618,129.88
OUT_01619,381.07
OUT_01620,308.7
OUT_01621,965.6
OUT_01622,99.34
OUT_01623,87.73
OUT_01624,1996.94
OUT_01625,117.99
OUT_01626,107.97
OUT_01627,139.29
OUT_01628,113.64
OUT_01629,852.29
OUT_01630,125.19
OUT_01631,98.85
OUT_01632,106.25
OUT_01633,102.19
OUT_01634,928.84
OUT_01635,278.41
OUT_01636,223.98
OUT_01637,81.68
OUT_01638,289.08
OUT_01639,995.81
OUT_01640,2074.01
OUT_01641,2099.17
OUT_01642,97.82
OUT_01643,129.9
OUT_01644,104.21
OUT_01645,165.36
OUT_01646,118.4
OUT_01647,113.26
OUT_01648,134.08
OUT_01649,105.08
OUT_01650,1926.21
OUT_01651,175.63
OUT_01652,115.18
OUT_01653,296.05
OUT_01654,900.44
OUT_01655,87.08
OUT_01656,941.52
OUT_01657,122.66
OUT_01658,139.84
OUT_01659,93.79
OUT_01660,244.87
OUT_01661,316.98
OUT_01662,292.77
OUT_01663,91.12
OUT_01664,68.1
OUT_01665,1978.53
OUT_01666,931.83
OUT_01667,254.97
OUT_01668,126.19
OUT_01669,86.09
OUT_01670,115.27
OUT_01671,105.48
OUT_01672,206.81
OUT_01673,113.2
OUT_01674,84.51
OUT_01675,265.39
OUT_01676,386.79
OUT_01677,76.13
OUT_01678,96.97
OUT_01679,813.3
OUT_01680,142.57
OUT_01681,99.79
OUT_01682,102.39
OUT_01683,134.32
OUT_01684,109.44
OUT_01685,107.33
OUT_01686,275.36
OUT_01687,104.3
OUT_01688,214.79
OUT_01689,138.3
OUT_01690,100.78
OUT_01691,2015.79
OUT_01692,312.0
OUT_01693,111.18
OUT_01694,924.65
OUT_01695,339.57
OUT_01696,92.98
OUT_01697,105.97
OUT_01698,108.11
OUT_01699,86.0
OUT_01700,98.1
OUT_01701,288.75
OUT_01702,120.44
OUT_01703,160.32
OUT_01704,300.83
OUT_01705,983.92
OUT_01706,114.35
OUT_01707,114.05
OUT_01708,299.13
OUT_01709,130.78
OUT_01710,328.47
OUT_01711,104.02
OUT_01712,1956.15
OUT_01713,96.91
OUT_01714,115.03
OUT_01715,271.03
OUT_01716,2067.86
OUT_01717,135.61
OUT_01718,285.34
OUT_01719,97.51
OUT_01720,126.71
OUT_01721,99.66
OUT_01722,122.53
OUT_01723,262.62
OUT_01724,106.97
OUT_01725,1938.81
OUT_01726,91.71
OUT_01727,105.95
OUT_01728,93.96
OUT_01729,127.96
OUT_01730,324.77
OUT_01731,293.76
OUT_01732,282.39
OUT_01733,113.96
OUT_01734,270.44
OUT_01735,1058.58
OUT_01736,1898.95
OUT_01737,915.07
OUT_01738,286.65
OUT_01739,303.92
OUT_01740,957.96
OUT_01741,258.53
OUT_01742,278.58
OUT_01743,56.89
OUT_01744,105.18
OUT_01745,104.14
OUT_01746,330.33
OUT_01747,103.46
OUT_01748,129.54
OUT_01749,966.92
OUT_01750,93.55
OUT_01751,141.73
OUT_01752,106.03
OUT_01753,102.46
OUT_01754,306.19
OUT_01755,346.1
OUT_01756,322.73
OUT_01757,955.69
OUT_01758,1067.62
OUT_01759,130.04
OUT_01760,1971.79
OUT_01761,105.71
OUT_01762,104.19
OUT_01763,283.31
OUT_01764,124.56
OUT_01765,102.03
OUT_01766,869.2
OUT_01767,913.6
OUT_01768,311.7
OUT_01769,114.83
OUT_01770,259.38
OUT_01771,132.43
OUT_01772,307.17
OUT_01773,109.5
OUT_01774,356.85
OUT_01775,905.05
OUT_01776,94.88
OUT_01777,153.6
OUT_01778,302.46
OUT_01779,108.63
OUT_01780,325.62
OUT_01781,87.92
OUT_01782,2066.09
OUT_01783,138.88
OUT_01784,163.65
OUT_01785,989.74
OUT_01786,111.2
OUT_01787,144.96
OUT_01788,274.61
OUT_01789,109.45
OUT_01790,121.39
OUT_01791,94.4
OUT_01792,150.93
OUT_01793,113.02
OUT_01794,322.4
OUT_01795,298.88
OUT_01796,97.85
OUT_01797,82.84
OUT_01798,235.77
OUT_01799,144.38
OUT_01800,230.77
OUT_01801,902.43
OUT_01802,963.91
OUT_01803,933.25
OUT_01804,367.01
OUT_01805,294.31
OUT_01806,1002.74
OUT_01807,132.67
OUT_01808,265.54
OUT_01809,295.1
OUT_01810,172.43
OUT_01811,114.87
OUT_01812,62.37
OUT_01813,359.39
OUT_01814,330.95
OUT_01815,99.14
OUT_01816,150.56
OUT_01817,135.23
OUT_01818,142.07
OUT_01819,136.53
OUT_01820,327.73
OUT_01821,2075.78
OUT_01822,129.73
OUT_01823,129.49
OUT_01824,133.7
OUT_01825,983.33
OUT_01826,1016.71
OUT_01827,971.5
OUT_01828,344.99
OUT_01829,102.28
OUT_01830,90.28
OUT_01831,82.9
OUT_01832,82.47
OUT_01833,114.12
OUT_01834,929.7
OUT_01835,929.44
OUT_01836,83.06
OUT_01837,104.59
OUT_01838,236.39
OUT_01839,291.08
OUT_01840,123.22
OUT_01841,1897.8
OUT_01842,247.16
OUT_01843,108.65
OUT_01844,905.03
OUT_01845,126.84
OUT_01846,92.12
OUT_01847,971.9
OUT_01848,309.72
OUT_01849,123.99
OUT_01850,255.78
OUT_01851,921.86
OUT_01852,866.28
OUT_01853,345.39
OUT_01854,903.51
OUT_01855,109.51
OUT_01856,308.0
OUT_01857,100.85
OUT_01858,130.16
OUT_01859,143.86
OUT_01860,250.19
OUT_01861,280.56
OUT_01862,118.7
OUT_01863,269.53
OUT_01864,257.6
OUT_01865,118.2
OUT_01866,118.72
OUT_01867,119.11
OUT_01868,244.59
OUT_01869,2010.02
OUT_01870,102.25
OUT_01871,107.31
OUT_01872,265.69
OUT_01873,336.55
OUT_01874,108.14
OUT_01875,289.06
OUT_01876,302.65
OUT_01877,989.77
OUT_01878,974.14
OUT_01879,1933.84
OUT_01880,219.2
OUT_01881,98.61
OUT_01882,152.04
OUT_01883,96.0
OUT_01884,115.42
OUT_01885,346.42
OUT_01886,98.18
OUT_01887,964.5
OUT_01888,132.06
OUT_01889,225.37
OUT_01890,79.88
OUT_01891,950.27
OUT_01892,262.62
OUT_01893,126.13
OUT_01894,343.82
OUT_01895,138.8
OUT_01896,109.91
OUT_01897,974.35
OUT_01898,296.9
OUT_01899,933.58
OUT_01900,100.56
OUT_01901,2041.07
OUT_01902,107.46
OUT_01903,2087.91
OUT_01904,117.82
OUT_01905,102.03
OUT_01906,2009.93
OUT_01907,981.83
OUT_01908,849.18
OUT_01909,138.28
OUT_01910,124.73
OUT_01911,310.05
OUT_01912,112.51
OUT_01913,283.23
OUT_01914,148.5
OUT_01915,89.45
OUT_01916,131.2
OUT_01917,295.16
OUT_01918,113.43
OUT_01919,126.12
OUT_01920,137.58
OUT_01921,109.5
OUT_01922,127.27
OUT_01923,87.89
OUT_01924,127.23
OUT_01925,925.89
OUT_01926,921.62
OUT_01927,301.75
OUT_01928,985.23
OUT_01929,326.73
OUT_01930,126.57
OUT_01931,90.53
OUT_01932,244.77
OUT_01933,65.26
OUT_01934,143.04
OUT_01935,85.99
OUT_01936,120.06
OUT_01937,2012.44
OUT_01938,315.87
OUT_01939,304.64
OUT_01940,111.21
OUT_01941,300.79
OUT_01942,88.03
OUT_01943,95.0
OUT_01944,2016.98
OUT_01945,108.27
OUT_01946,326.53
OUT_01947,99.97
OUT_01948,325.85
OUT_01949,99.46
OUT_01950,118.62
OUT_01951,878.13
OUT_01952,109.01
OUT_01953,965.37
OUT_01954,303.19
OUT_01955,945.93
OUT_01956,100.28
OUT_01957,89.17
OUT_01958,289.66
OUT_01959,135.28
OUT_01960,114.74
OUT_01961,958.89
OUT_01962,91.26
OUT_01963,940.6
OUT_01964,99.4
OUT_01965,299.77
OUT_01966,92.36
OUT_01967,877.52
OUT_01968,212.49
OUT_01969,99.91
OUT_01970,1991.59
OUT_01971,359.08
OUT_01972,93.24
OUT_01973,148.02
OUT_01974,108.43
OUT_01975,287.43
OUT_01976,226.81
OUT_01977,120.55
OUT_01978,87.71
OUT_01979,389.47
OUT_01980,255.03
OUT_01981,291.4
OUT_01982,967.5
OUT_01983,314.0
OUT_01984,902.09
OUT_01985,993.55
OUT_01986,106.16
OUT_01987,100.55
OUT_01988,255.58
OUT_01989,226.19
OUT_01990,104.31
OUT_01991,993.47
OUT_01992,249.02
OUT_01993,114.32
OUT_01994,228.05
OUT_01995,95.21
OUT_01996,898.86
OUT_01997,846.48
OUT_01998,136.74
OUT_01999,1005.0
OUT_02000,274.61
OUT_02001,119.13
OUT_02002,167.5
OUT_02003,89.71
OUT_02004,94.0
OUT_02005,216.56
OUT_02006,389.41
OUT_02007,239.49
OUT_02008,248.85
OUT_02009,313.68
OUT_02010,93.17
OUT_02011,140.86
OUT_02012,320.12
OUT_02013,111.04
OUT_02014,849.24
OUT_02015,95.82
OUT_02016,1019.85
OUT_02017,956.47
OUT_02018,279.95
OUT_02019,118.63
OUT_02020,108.57
OUT_02021,120.95
OUT_02022,1946.58
OUT_02023,123.96
OUT_02024,218.9
OUT_02025,2036.43
OUT_02026,366.46
OUT_02027,315.02
OUT_02028,264.72
OUT_02029,234.79
OUT_02030,314.56
OUT_02031,53.73
OUT_02032,356.99
OUT_02033,147.74
OUT_02034,1995.84
OUT_02035,81.12
OUT_02036,103.51
OUT_02037,112.6
OUT_02038,130.89
OUT_02039,98.2
OUT_02040,199.67
OUT_02041,110.53
OUT_02042,87.46
OUT_02043,240.2
OUT_02044,947.88
OUT_02045,241.98
OUT_02046,107.27
OUT_02047,1020.65
OUT_02048,135.99
OUT_02049,87.7
OUT_02050,80.65
OUT_02051,353.77
OUT_02052,117.1
OUT_02053,141.3
OUT_02054,840.22
OUT_02055,325.18
OUT_02056,1961.1
OUT_02057,324.43
OUT_02058,1037.14
OUT_02059,258.36
OUT_02060,132.56
OUT_02061,84.63
OUT_02062,100.97
OUT_02063,74.66
OUT_02064,125.68
OUT_02065,95.83
OUT_02066,974.97
OUT_02067,87.39
OUT_02068,938.95
OUT_02069,95.87
OUT_02070,77.33
OUT_02071,144.79
OUT_02072,996.7
OUT_02073,2002.46
OUT_02074,92.18
OUT_02075,88.06
OUT_02076,84.62
OUT_02077,90.61
OUT_02078,2059.89
OUT_02079,311.18
OUT_02080,100.78
OUT_02081,95.19
OUT_02082,176.53
OUT_02083,1944.8
OUT_02084,348.34
OUT_02085,884.16
OUT_02086,277.58
OUT_02087,311.75
OUT_02088,916.69
OUT_02089,130.34
OUT_02090,114.21
OUT_02091,126.65
OUT_02092,308.55
OUT_02093,70.23
OUT_02094,884.69
OUT_02095,266.73
OUT_02096,2013.99
OUT_02097,960.38
OUT_02098,329.23
OUT_02099,318.61
OUT_02100,80.62
OUT_02101,182.71
OUT_02102,139.65
OUT_02103,317.68
OUT_02104,346.86
OUT_02105,86.34
OUT_02106,126.43
OUT_02107,86.65
OUT_02108,92.11
OUT_02109,157.88
OUT_02110,105.27
OUT_02111,163.64
OUT_02112,80.37
OUT_02113,315.12
OUT_02114,313.38
OUT_02115,130.13
OUT_02116,109.53
OUT_02117,81.89
OUT_02118,270.56
OUT_02119,232.04
OUT_02120,106.33
OUT_02121,982.84
OUT_02122,83.78
OUT_02123,283.57
OUT_02124,357.68
OUT_02125,95.75
OUT_02126,114.97
OUT_02127,92.15
OUT_02128,854.93
OUT_02129,140.16
OUT_02130,106.14
OUT_02131,684.55
OUT_02132,283.08
OUT_02133,923.58
OUT_02134,281.09
OUT_02135,324.36
OUT_02136,899.19
OUT_02137,289.11
OUT_02138,1014.24
OUT_02139,1048.05
OUT_02140,138.78
OUT_02141,256.22
OUT_02142,147.55
OUT_02143,264.29
OUT_02144,110.3
OUT_02145,98.4
OUT_02146,1714.27
OUT_02147,321.06
OUT_02148,339.19
OUT_02149,101.32
OUT_02150,118.03
OUT_02151,260.14
OUT_02152,2131.55
OUT_02153,109.09
OUT_02154,127.21
OUT_02155,260.23
OUT_02156,97.69
OUT_02157,288.03
OUT_02158,111.1
OUT_02159,96.67
OUT_02160,118.86
OUT_02161,107.2
OUT_02162,284.42
OUT_02163,149.95
OUT_02164,301.25
OUT_02165,145.7
OUT_02166,92.76
OUT_02167,118.25
OUT_02168,105.04
OUT_02169,78.22
OUT_02170,160.61
OUT_02171,109.42
OUT_02172,271.55
OUT_02173,77.4
OUT_02174,100.87
OUT_02175,116.28
OUT_02176,2057.44
OUT_02177,297.27
OUT_02178,116.93
OUT_02179,314.32
OUT_02180,1952.81
OUT_02181,914.38
OUT_02182,130.07
OUT_02183,251.26
OUT_02184,280.1
OUT_02185,368.77
OUT_02186,96.94
OUT_02187,314.48
OUT_02188,127.12
OUT_02189,122.05
OUT_02190,2006.86
OUT_02191,313.8
OUT_02192,285.27
OUT_02193,371.9
OUT_02194,124.32
OUT_02195,111.92
OUT_02196,232.28
OUT_02197,111.7
OUT_02198,85.56
OUT_02199,113.86
OUT_02200,329.48
OUT_02201,992.75
OUT_02202,83.87
OUT_02203,1037.55
OUT_02204,334.44
OUT_02205,935.16
OUT_02206,122.6
OUT_02207,906.02
OUT_02208,119.75
OUT_02209,128.5
OUT_02210,127.67
OUT_02211,128.01
OUT_02212,377.5
OUT_02213,86.76
OUT_02214,175.37
OUT_02215,359.88
OUT_02216,303.21
OUT_02217,866.82
OUT_02218,337.96
OUT_02219,270.88
OUT_02220,100.67
OUT_02221,171.29
OUT_02222,99.53
OUT_02223,289.87
OUT_02224,294.77
OUT_02225,103.64
OUT_02226,317.8
OUT_02227,104.98
OUT_02228,265.59
OUT_02229,271.96
OUT_02230,282.91
OUT_02231,106.39
OUT_02232,88.37
OUT_02233,133.07
OUT_02234,320.35
OUT_02235,61.17
OUT_02236,1942.52
OUT_02237,108.63
OUT_02238,946.26
OUT_02239,105.38
OUT_02240,120.74
OUT_02241,108.14
OUT_02242,915.47
OUT_02243,907.35
OUT_02244,243.33
OUT_02245,101.53
OUT_02246,920.23
OUT_02247,114.17
OUT_02248,348.06
OUT_02249,281.99
OUT_02250,98.05
OUT_02251,76.6
OUT_02252,146.33
OUT_02253,221.08
OUT_02254,273.72
OUT_02255,329.7
OUT_02256,92.77
OUT_02257,355.67
OUT_02258,98.2
OUT_02259,91.54
OUT_02260,134.13
OUT_02261,126.89
OUT_02262,133.73
OUT_02263,295.94
OUT_02264,98.64
OUT_02265,170.26
OUT_02266,102.65
OUT_02267,1008.2
OUT_02268,101.05
OUT_02269,320.28
OUT_02270,123.91
OUT_02271,152.68
OUT_02272,299.34
OUT_02273,214.15
OUT_02274,99.18
OUT_02275,325.75
OUT_02276,84.7
OUT_02277,337.82
OUT_02278,72.53
OUT_02279,846.85
OUT_02280,320.29
OUT_02281,73.14
OUT_02282,113.97
OUT_02283,117.99
OUT_02284,335.18
OUT_02285,100.36
OUT_02286,793.91
OUT_02287,257.2
OUT_02288,328.98
OUT_02289,104.4
OUT_02290,92.12
OUT_02291,139.05
OUT_02292,139.38
OUT_02293,122.48
OUT_02294,148.14
OUT_02295,281.23
OUT_02296,239.79
OUT_02297,112.53
OUT_02298,969.08
OUT_02299,97.2
OUT_02300,85.98
OUT_02301,875.08
OUT_02302,101.18
OUT_02303,863.67
OUT_02304,262.2
OUT_02305,309.21
OUT_02306,174.0
OUT_02307,131.33
OUT_02308,916.93
OUT_02309,85.57
OUT_02310,933.4
OUT_02311,297.85
OUT_02312,280.94
OUT_02313,339.39
OUT_02314,332.24
OUT_02315,115.38
OUT_02316,104.07
OUT_02317,75.8
OUT_02318,306.96
OUT_02319,89.01
OUT_02320,305.89
OUT_02321,165.87
OUT_02322,2010.96
OUT_02323,129.17
OUT_02324,323.98
OUT_02325,131.25
OUT_02326,97.83
OUT_02327,72.49
OUT_02328,116.16
OUT_02329,111.5
OUT_02330,161.56
OUT_02331,152.55
OUT_02332,194.97
OUT_02333,113.21
OUT_02334,963.97
OUT_02335,121.98
OUT_02336,122.19
OUT_02337,130.96
OUT_02338,110.42
OUT_02339,184.43
OUT_02340,105.84
OUT_02341,303.13
OUT_02342,137.95
OUT_02343,339.83
OUT_02344,859.2
OUT_02345,123.72
OUT_02346,920.34
OUT_02347,328.28
OUT_02348,103.55
OUT_02349,308.22
OUT_02350,331.74
OUT_02351,1973.19
OUT_02352,304.68
OUT_02353,329.19
OUT_02354,293.75
OUT_02355,339.0
OUT_02356,75.8
OUT_02357,77.69
OUT_02358,954.44
OUT_02359,128.65
OUT_02360,100.03
OUT_02361,277.4
OUT_02362,103.9
OUT_02363,148.94
OUT_02364,352.25
OUT_02365,386.49
OUT_02366,131.47
OUT_02367,123.87
OUT_02368,93.61
OUT_02369,890.09
OUT_02370,142.78
OUT_02371,1966.43
OUT_02372,131.78
OUT_02373,1928.98
OUT_02374,262.64
OUT_02375,231.97
OUT_02376,101.57
OUT_02377,101.59
OUT_02378,94.2
OUT_02379,309.54
OUT_02380,96.47
OUT_02381,105.23
OUT_02382,132.62
OUT_02383,1973.72
OUT_02384,287.95
OUT_02385,868.18
OUT_02386,787.76
OUT_02387,1015.18
OUT_02388,146.39
OUT_02389,153.71
OUT_02390,302.81
OUT_02391,276.83
OUT_02392,165.95
OUT_02393,87.78
OUT_02394,266.07
OUT_02395,99.72
OUT_02396,296.65
OUT_02397,120.73
OUT_02398,105.81
OUT_02399,886.76
OUT_02400,109.47
OUT_02401,2102.94
OUT_02402,117.18
OUT_02403,111.72
OUT_02404,986.48
OUT_02405,1021.74
OUT_02406,89.0
OUT_02407,249.52
OUT_02408,339.88
OUT_02409,301.17
OUT_02410,138.89
OUT_02411,133.51
OUT_02412,114.07
OUT_02413,74.88
OUT_02414,111.65
OUT_02415,974.28
OUT_02416,916.32
OUT_02417,142.23
OUT_02418,791.65
OUT_02419,211.57
OUT_02420,91.04
OUT_02421,153.49
OUT_02422,2027.26
OUT_02423,272.23
OUT_02424,76.86
OUT_02425,278.7
OUT_02426,82.58
OUT_02427,326.22
OUT_02428,305.86
OUT_02429,122.68
OUT_02430,273.38
OUT_02431,1911.61
OUT_02432,131.03
OUT_02433,69.77
OUT_02434,132.81
OUT_02435,103.23
OUT_02436,839.52
OUT_02437,2074.21
OUT_02438,115.6
OUT_02439,306.61
OUT_02440,126.84
OUT_02441,93.24
OUT_02442,261.88
OUT_02443,102.52
OUT_02444,981.8
OUT_02445,303.46
OUT_02446,318.28
OUT_02447,92.71
OUT_02448,123.35
OUT_02449,91.0
OUT_02450,85.59
OUT_02451,317.41
OUT_02452,991.65
OUT_02453,117.64
OUT_02454,306.85
OUT_02455,129.2
OUT_02456,89.24
OUT_02457,371.75
OUT_02458,951.29
OUT_02459,1985.91
OUT_02460,304.17
OUT_02461,166.55
OUT_02462,98.75
OUT_02463,113.01
OUT_02464,114.64
OUT_02465,120.28
OUT_02466,104.2
OUT_02467,96.74
OUT_02468,94.97
OUT_02469,239.75
OUT_02470,328.35
OUT_02471,1937.69
OUT_02472,212.48
OUT_02473,117.75
OUT_02474,139.55
OUT_02475,1998.91
OUT_02476,103.97
OUT_02477,147.07
OUT_02478,77.78
OUT_02479,952.37
OUT_02480,132.33
OUT_02481,139.72
OUT_02482,961.66
OUT_02483,159.41
OUT_02484,371.53
OUT_02485,102.89
OUT_02486,253.24
OUT_02487,105.32
OUT_02488,124.86
OUT_02489,99.44
OUT_02490,299.62
OUT_02491,116.6
OUT_02492,252.59
OUT_02493,135.37
OUT_02494,234.44
OUT_02495,89.27
OUT_02496,278.02
OUT_02497,111.77
OUT_02498,919.2
OUT_02499,85.0
OUT_02500,241.71
OUT_02501,868.75
OUT_02502,286.97
OUT_02503,102.83
OUT_02504,98.21
OUT_02505,116.0
OUT_02506,90.91
OUT_02507,77.01
OUT_02508,134.2
OUT_02509,345.33
OUT_02510,277.86
OUT_02511,379.45
OUT_02512,273.5
OUT_02513,107.19
OUT_02514,935.89
OUT_02515,925.01
OUT_02516,783.76
OUT_02517,354.41
OUT_02518,82.55
OUT_02519,101.0
OUT_02520,406.98
OUT_02521,105.03
OUT_02522,355.55
OUT_02523,319.53
OUT_02524,1023.41
OUT_02525,983.27
OUT_02526,148.29
OUT_02527,306.99
OUT_02528,259.4
OUT_02529,130.56
OUT_02530,238.89
OUT_02531,410.19
OUT_02532,89.45
OUT_02533,126.75
OUT_02534,305.46
OUT_02535,126.04
OUT_02536,152.57
OUT_02537,122.23
OUT_02538,868.11
OUT_02539,79.95
OUT_02540,95.27
OUT_02541,934.55
OUT_02542,84.31
OUT_02543,320.75
OUT_02544,291.67
OUT_02545,295.71
OUT_02546,97.91
OUT_02547,122.83
OUT_02548,239.36
OUT_02549,357.53
OUT_02550,136.16
OUT_02551,79.31
OUT_02552,898.39
OUT_02553,96.3
OUT_02554,92.85
OUT_02555,319.82
OUT_02556,101.15
OUT_02557,152.28
OUT_02558,129.36
OUT_02559,125.4
OUT_02560,91.27
OUT_02561,130.24
OUT_02562,81.31
OUT_02563,206.68
OUT_02564,95.8
OUT_02565,302.18
OUT_02566,328.09
OUT_02567,66.91
OUT_02568,327.25
OUT_02569,126.09
OUT_02570,254.02
OUT_02571,307.05
OUT_02572,107.31
OUT_02573,134.0
OUT_02574,258.38
OUT_02575,130.6
OUT_02576,2051.34
OUT_02577,147.31
OUT_02578,899.76
OUT_02579,267.5
OUT_02580,105.22
OUT_02581,332.16
OUT_02582,1984.53
OUT_02583,105.5
OUT_02584,122.56
OUT_02585,87.14
OUT_02586,1932.72
OUT_02587,131.36
OUT_02588,104.7
OUT_02589,103.05
OUT_02590,360.17
OUT_02591,939.44
OUT_02592,286.62
OUT_02593,999.73
OUT_02594,82.08
OUT_02595,88.79
OUT_02596,980.03
OUT_02597,896.44
OUT_02598,928.92
OUT_02599,2016.62
OUT_02600,351.23
OUT_02601,404.29
OUT_02602,119.97
OUT_02603,932.02
OUT_02604,121.31
OUT_02605,303.26
OUT_02606,828.66
OUT_02607,130.95
OUT_02608,278.22
OUT_02609,85.36
OUT_02610,346.03
OUT_02611,242.72
OUT_02612,290.49
OUT_02613,312.39
OUT_02614,75.51
OUT_02615,933.89
OUT_02616,945.88
OUT_02617,2098.66
OUT_02618,95.35
OUT_02619,309.44
OUT_02620,89.12
OUT_02621,219.61
OUT_02622,104.36
OUT_02623,101.03
OUT_02624,104.43
OUT_02625,353.31
OUT_02626,943.79
OUT_02627,107.19
OUT_02628,287.1
OUT_02629,57.79
OUT_02630,89.79
OUT_02631,127.05
OUT_02632,268.39
OUT_02633,100.87
OUT_02634,112.38
OUT_02635,124.69
OUT_02636,2029.67
OUT_02637,103.88
OUT_02638,329.56
OUT_02639,64.83
OUT_02640,337.11
OUT_02641,934.32
OUT_02642,113.3
OUT_02643,967.2
OUT_02644,278.21
OUT_02645,115.12
OUT_02646,114.99
OUT_02647,950.29
OUT_02648,128.85
OUT_02649,112.73
OUT_02650,239.27
OUT_02651,226.42
OUT_02652,125.22
OUT_02653,112.33
OUT_02654,936.26
OUT_02655,142.08
OUT_02656,98.46
OUT_02657,107.82
OUT_02658,112.76
OUT_02659,104.27
OUT_02660,106.32
OUT_02661,289.05
OUT_02662,136.84
OUT_02663,324.49
OUT_02664,955.9
OUT_02665,1010.49
OUT_02666,260.15
OUT_02667,153.15
OUT_02668,859.14
OUT_02669,116.14
OUT_02670,149.62
OUT_02671,141.14
OUT_02672,105.02
OUT_02673,104.03
OUT_02674,77.48
OUT_02675,92.38
OUT_02676,310.27
OUT_02677,102.15
OUT_02678,89.97
OUT_02679,92.44
OUT_02680,102.25
OUT_02681,128.91
OUT_02682,123.42
OUT_02683,106.36
OUT_02684,836.9
OUT_02685,118.76
OUT_02686,334.39
OUT_02687,98.87
OUT_02688,307.93
OUT_02689,95.92
OUT_02690,249.99
OUT_02691,907.2
OUT_02692,260.99
OUT_02693,95.58
OUT_02694,93.35
OUT_02695,120.91
OUT_02696,236.3
OUT_02697,364.49
OUT_02698,392.1
OUT_02699,348.4
OUT_02700,98.32
OUT_02701,819.18
OUT_02702,139.03
OUT_02703,325.48
OUT_02704,137.76
OUT_02705,113.87
OUT_02706,94.94
OUT_02707,132.92
OUT_02708,120.98
OUT_02709,99.2
OUT_02710,352.2
OUT_02711,101.93
OUT_02712,115.68
OUT_02713,134.72
OUT_02714,242.1
OUT_02715,130.87
OUT_02716,102.32
OUT_02717,957.49
OUT_02718,93.01
OUT_02719,98.96
OUT_02720,97.92
OUT_02721,2120.97
OUT_02722,261.86
OUT_02723,108.48
OUT_02724,93.36
OUT_02725,145.54
OUT_02726,120.61
OUT_02727,96.56
OUT_02728,937.19
OUT_02729,95.29
OUT_02730,88.89
OUT_02731,372.27
OUT_02732,112.79
OUT_02733,92.36
OUT_02734,895.47
OUT_02735,89.97
OUT_02736,310.11
OUT_02737,226.27
OUT_02738,96.31
OUT_02739,311.68
OUT_02740,372.78
OUT_02741,130.78
OUT_02742,84.97
OUT_02743,94.51
OUT_02744,325.88
OUT_02745,99.73
OUT_02746,330.25
OUT_02747,116.57
OUT_02748,114.64
OUT_02749,94.07
OUT_02750,107.47
OUT_02751,943.6
OUT_02752,105.12
OUT_02753,317.4
OUT_02754,91.0
OUT_02755,1917.33
OUT_02756,131.96
OUT_02757,156.25
OUT_02758,2014.89
OUT_02759,149.8
OUT_02760,1024.33
OUT_02761,92.38
OUT_02762,106.68
OUT_02763,119.87
OUT_02764,108.13
OUT_02765,890.87
OUT_02766,233.42
OUT_02767,242.29
OUT_02768,146.29
OUT_02769,125.19
OUT_02770,316.73
OUT_02771,131.11
OUT_02772,99.22
OUT_02773,229.18
OUT_02774,238.72
OUT_02775,344.28
OUT_02776,959.13
OUT_02777,152.58
OUT_02778,77.25
OUT_02779,115.03
OUT_02780,294.08
OUT_02781,277.25
OUT_02782,1011.02
OUT_02783,2029.97
OUT_02784,292.78
OUT_02785,99.57
OUT_02786,110.09
OUT_02787,100.03
OUT_02788,229.04
OUT_02789,101.53
OUT_02790,104.63
OUT_02791,306.72
OUT_02792,841.07
OUT_02793,263.8
OUT_02794,100.5
OUT_02795,127.74
OUT_02796,129.2
OUT_02797,355.81
OUT_02798,320.56
OUT_02799,73.57
OUT_02800,342.85
OUT_02801,111.52
OUT_02802,123.0
OUT_02803,79.73
OUT_02804,131.86
OUT_02805,143.96
OUT_02806,348.57
OUT_02807,306.61
OUT_02808,275.0
OUT_02809,101.42
OUT_02810,379.07
OUT_02811,136.3
OUT_02812,89.25
OUT_02813,145.69
OUT_02814,116.48
OUT_02815,149.8
OUT_02816,112.48
OUT_02817,321.12
OUT_02818,330.21
OUT_02819,336.07
OUT_02820,1001.14
OUT_02821,306.5
OUT_02822,127.37
OUT_02823,83.06
OUT_02824,348.09
OUT_02825,126.93
OUT_02826,98.55
OUT_02827,345.32
OUT_02828,139.3
OUT_02829,933.78
OUT_02830,254.39
OUT_02831,100.16
OUT_02832,923.71
OUT_02833,297.32
OUT_02834,303.54
OUT_02835,115.78
OUT_02836,2016.3
OUT_02837,127.8
OUT_02838,264.88
OUT_02839,145.34
OUT_02840,930.53
OUT_02841,2111.26
OUT_02842,327.28
OUT_02843,105.38
OUT_02844,111.59
OUT_02845,115.94
OUT_02846,233.24
OUT_02847,153.98
OUT_02848,108.87
OUT_02849,323.51
OUT_02850,110.17
OUT_02851,83.72
OUT_02852,277.47
OUT_02853,299.24
OUT_02854,2062.93
OUT_02855,88.42
OUT_02856,85.94
OUT_02857,292.16
OUT_02858,920.72
OUT_02859,114.15
OUT_02860,2102.33
OUT_02861,82.66
OUT_02862,177.34
OUT_02863,325.98
OUT_02864,292.37
OUT_02865,1949.47
OUT_02866,140.84
OUT_02867,132.35
OUT_02868,75.29
OUT_02869,99.08
OUT_02870,98.15
OUT_02871,107.22
OUT_02872,131.38
OUT_02873,297.35
OUT_02874,332.65
OUT_02875,272.79
OUT_02876,287.59
OUT_02877,99.16
OUT_02878,245.22
OUT_02879,94.24
OUT_02880,97.1
OUT_02881,104.16
OUT_02882,121.33
OUT_02883,1994.72
OUT_02884,87.98
OUT_02885,103.9
OUT_02886,133.9
OUT_02887,323.84
OUT_02888,134.29
OUT_02889,130.33
OUT_02890,912.28
OUT_02891,87.8
OUT_02892,2032.98
OUT_02893,127.94
OUT_02894,99.14
OUT_02895,983.1
OUT_02896,753.1
OUT_02897,295.31
OUT_02898,107.72
OUT_02899,129.39
OUT_02900,223.39
OUT_02901,322.99
OUT_02902,271.88
OUT_02903,77.2
OUT_02904,119.79
OUT_02905,123.93
OUT_02906,997.88
OUT_02907,81.05
OUT_02908,112.6
OUT_02909,295.9
OUT_02910,233.04
OUT_02911,1974.69
OUT_02912,85.33
OUT_02913,351.51
OUT_02914,113.88
OUT_02915,78.87
OUT_02916,93.08
OUT_02917,121.09
OUT_02918,110.27
OUT_02919,971.68
OUT_02920,242.24
OUT_02921,99.87
OUT_02922,912.09
OUT_02923,297.62
OUT_02924,356.21
OUT_02925,301.45
OUT_02926,103.69
OUT_02927,90.79
OUT_02928,149.63
OUT_02929,139.98
OUT_02930,960.4
OUT_02931,95.44
OUT_02932,297.84
OUT_02933,92.94
OUT_02934,99.08
OUT_02935,126.38
OUT_02936,2095.88
OUT_02937,125.31
OUT_02938,111.35
OUT_02939,400.12
OUT_02940,117.8
OUT_02941,1957.2
OUT_02942,113.55
OUT_02943,122.54
OUT_02944,91.05
OUT_02945,131.93
OUT_02946,81.49
OUT_02947,95.25
OUT_02948,110.5
OUT_02949,246.85
OUT_02950,2066.74
OUT_02951,104.93
OUT_02952,286.69
OUT_02953,235.5
OUT_02954,288.7
OUT_02955,139.47
OUT_02956,928.54
OUT_02957,132.42
OUT_02958,299.78
OUT_02959,311.82
OUT_02960,321.46
OUT_02961,110.6
OUT_02962,2011.45
OUT_02963,330.81
OUT_02964,2079.11
OUT_02965,89.81
OUT_02966,834.78
OUT_02967,55.39
OUT_02968,93.13
OUT_02969,962.6
OUT_02970,999.29
OUT_02971,352.79
OUT_02972,369.68
OUT_02973,334.04
OUT_02974,693.01
OUT_02975,84.03
OUT_02976,108.72
OUT_02977,351.37
OUT_02978,353.62
OUT_02979,95.08
OUT_02980,109.67
OUT_02981,131.53
OUT_02982,101.42
OUT_02983,371.94
OUT_02984,132.68
OUT_02985,269.38
OUT_02986,344.4
OUT_02987,118.18
OUT_02988,82.82
OUT_02989,266.34
OUT_02990,254.47
OUT_02991,114.11
OUT_02992,92.21
OUT_02993,255.26
OUT_02994,819.28
OUT_02995,118.35
OUT_02996,934.24
OUT_02997,931.79
OUT_02998,111.89
OUT_02999,128.64
OUT_03000,277.49
OUT_03001,229.63
OUT_03002,431.07
OUT_03003,136.27
OUT_03004,928.63
OUT_03005,83.83
OUT_03006,248.44
OUT_03007,119.39
OUT_03008,126.26
OUT_03009,271.6
OUT_03010,103.28
OUT_03011,132.78
OUT_03012,104.37
OUT_03013,371.1
OUT_03014,275.82
OUT_03015,345.66
OUT_03016,113.31
OUT_03017,282.86
OUT_03018,951.71
OUT_03019,231.48
OUT_03020,1962.63
OUT_03021,861.32
OUT_03022,136.54
OUT_03023,127.4
OUT_03024,233.65
OUT_03025,96.88
OUT_03026,113.64
OUT_03027,94.4
OUT_03028,279.06
OUT_03029,139.13
OUT_03030,99.98
OUT_03031,275.92
OUT_03032,127.32
OUT_03033,131.4
OUT_03034,80.74
OUT_03035,93.95
OUT_03036,934.08
OUT_03037,1948.54
OUT_03038,805.1
OUT_03039,327.64
OUT_03040,823.43
OUT_03041,298.25
OUT_03042,138.02
OUT_03043,362.76
OUT_03044,93.02
OUT_03045,154.68
OUT_03046,117.01
OUT_03047,106.67
OUT_03048,298.39
OUT_03049,115.89
OUT_03050,107.7
OUT_03051,129.03
OUT_03052,1013.69
OUT_03053,414.23
OUT_03054,96.32
OUT_03055,296.65
OUT_03056,868.32
OUT_03057,129.22
OUT_03058,106.65
OUT_03059,317.94
OUT_03060,97.33
OUT_03061,995.61
OUT_03062,90.25
OUT_03063,101.84
OUT_03064,2010.24
OUT_03065,2072.48
OUT_03066,151.58
OUT_03067,131.52
OUT_03068,86.84
OUT_03069,223.07
OUT_03070,972.22
OUT_03071,151.4
OUT_03072,285.95
OUT_03073,126.38
OUT_03074,340.42
OUT_03075,1991.99
OUT_03076,390.78
OUT_03077,1984.6
OUT_03078,1975.28
OUT_03079,108.41
OUT_03080,136.07
OUT_03081,277.81
OUT_03082,108.42
OUT_03083,88.15
OUT_03084,989.95
OUT_03085,160.18
OUT_03086,150.55
OUT_03087,174.98
OUT_03088,895.67
OUT_03089,324.79
OUT_03090,272.26
OUT_03091,127.54
OUT_03092,133.42
OUT_03093,1030.72
OUT_03094,111.39
OUT_03095,135.27
OUT_03096,133.42
OUT_03097,1050.48
OUT_03098,112.43
OUT_03099,813.52
OUT_03100,101.43
OUT_03101,99.49
OUT_03102,306.75
OUT_03103,363.89
OUT_03104,142.24
OUT_03105,128.59
OUT_03106,93.05
OUT_03107,92.48
OUT_03108,131.38
OUT_03109,110.17
OUT_03110,111.64
OUT_03111,111.31
OUT_03112,218.62
OUT_03113,328.38
OUT_03114,155.51
OUT_03115,166.94
OUT_03116,206.96
OUT_03117,87.38
OUT_03118,93.37
OUT_03119,119.44
OUT_03120,124.01
OUT_03121,96.12
OUT_03122,137.22
OUT_03123,97.11
OUT_03124,98.51
OUT_03125,345.35
OUT_03126,97.81
OUT_03127,125.08
OUT_03128,112.15
OUT_03129,899.13
OUT_03130,161.22
OUT_03131,1976.41
OUT_03132,89.39
OUT_03133,97.25
OUT_03134,998.87
OUT_03135,115.13
OUT_03136,272.29
OUT_03137,92.63
OUT_03138,94.54
OUT_03139,230.88
OUT_03140,103.29
OUT_03141,146.58
OUT_03142,277.48
OUT_03143,90.81
OUT_03144,125.98
OUT_03145,81.2
OUT_03146,340.15
OUT_03147,334.08
OUT_03148,2108.02
OUT_03149,117.88
OUT_03150,233.61
OUT_03151,137.98
OUT_03152,112.97
OUT_03153,301.28
OUT_03154,886.5
OUT_03155,336.76
OUT_03156,305.21
OUT_03157,935.97
OUT_03158,95.4
OUT_03159,108.32
OUT_03160,331.51
OUT_03161,295.35
OUT_03162,148.76
OUT_03163,131.89
OUT_03164,923.77
OUT_03165,287.08
OUT_03166,117.69
OUT_03167,2011.0
OUT_03168,117.72
OUT_03169,129.07
OUT_03170,349.35
OUT_03171,269.37
OUT_03172,106.88
OUT_03173,124.5
OUT_03174,139.3
OUT_03175,280.28
OUT_03176,89.1
OUT_03177,77.07
OUT_03178,101.71
OUT_03179,267.99
OUT_03180,100.49
OUT_03181,139.29
OUT_03182,104.4
OUT_03183,954.26
OUT_03184,343.77
OUT_03185,125.58
OUT_03186,297.21
OUT_03187,105.15
OUT_03188,125.93
OUT_03189,271.54
OUT_03190,152.43
OUT_03191,926.58
OUT_03192,81.7
OUT_03193,91.42
OUT_03194,354.0
OUT_03195,124.16
OUT_03196,294.8
OUT_03197,95.53
OUT_03198,101.3
OUT_03199,280.41
OUT_03200,234.45
OUT_03201,321.89
OUT_03202,91.59
OUT_03203,93.25
OUT_03204,310.41
OUT_03205,108.72
OUT_03206,368.05
OUT_03207,120.58
OUT_03208,1991.13
OUT_03209,130.76
OUT_03210,82.98
OUT_03211,245.89
OUT_03212,116.21
OUT_03213,233.4
OUT_03214,345.68
OUT_03215,310.95
OUT_03216,85.37
OUT_03217,311.39
OUT_03218,264.09
OUT_03219,90.14
OUT_03220,241.13
OUT_03221,335.62
OUT_03222,212.58
OUT_03223,97.53
OUT_03224,346.56
OUT_03225,130.79
OUT_03226,124.17
OUT_03227,281.32
OUT_03228,1918.23
OUT_03229,2204.09
OUT_03230,144.98
OUT_03231,378.85
OUT_03232,105.56
OUT_03233,861.71
OUT_03234,230.51
OUT_03235,102.95
OUT_03236,135.3
OUT_03237,136.55
OUT_03238,136.05
OUT_03239,127.61
OUT_03240,250.42
OUT_03241,127.3
OUT_03242,867.85
OUT_03243,122.87
OUT_03244,102.96
OUT_03245,206.24
OUT_03246,94.83
OUT_03247,107.89
OUT_03248,368.74
OUT_03249,97.44
OUT_03250,112.4
OUT_03251,953.62
OUT_03252,964.61
OUT_03253,104.78
OUT_03254,124.14
OUT_03255,271.78
OUT_03256,335.69
OUT_03257,119.57
OUT_03258,362.28
OUT_03259,259.66
OUT_03260,930.59
OUT_03261,127.09
OUT_03262,283.23
OUT_03263,93.74
OUT_03264,1951.59
OUT_03265,272.2
OUT_03266,84.19
OUT_03267,114.09
OUT_03268,363.81
OUT_03269,228.35
OUT_03270,79.73
OUT_03271,849.4
OUT_03272,323.53
OUT_03273,888.33
OUT_03274,1995.12
OUT_03275,97.06
OUT_03276,97.73
OUT_03277,139.27
OUT_03278,120.87
OUT_03279,98.12
OUT_03280,108.6
OUT_03281,2000.04
OUT_03282,308.2
OUT_03283,901.32
OUT_03284,114.6
OUT_03285,97.7
OUT_03286,151.05
OUT_03287,1925.58
OUT_03288,345.59
OUT_03289,97.05
OUT_03290,96.68
OUT_03291,137.86
OUT_03292,157.85
OUT_03293,311.57
OUT_03294,134.7
OUT_03295,174.32
OUT_03296,1975.07
OUT_03297,973.54
OUT_03298,128.37
OUT_03299,245.62
OUT_03300,234.12
OUT_03301,293.27
OUT_03302,956.66
OUT_03303,107.05
OUT_03304,107.32
OUT_03305,166.25
OUT_03306,114.47
OUT_03307,123.99
OUT_03308,338.59
OUT_03309,92.57
OUT_03310,76.75
OUT_03311,155.79
OUT_03312,967.4
OUT_03313,98.47
OUT_03314,111.13
OUT_03315,1975.75
OUT_03316,990.36
OUT_03317,72.99
OUT_03318,94.84
OUT_03319,309.9
OUT_03320,68.76
OUT_03321,260.88
OUT_03322,306.87
OUT_03323,315.83
OUT_03324,881.49
OUT_03325,2044.7
OUT_03326,114.18
OUT_03327,890.53
OUT_03328,936.49
OUT_03329,251.7
OUT_03330,1890.83
OUT_03331,116.72
OUT_03332,117.84
OUT_03333,958.68
OUT_03334,980.09
OUT_03335,332.48
OUT_03336,294.08
OUT_03337,272.99
OUT_03338,128.57
OUT_03339,118.54
OUT_03340,313.95
OUT_03341,886.4
OUT_03342,103.22
OUT_03343,123.2
OUT_03344,933.13
OUT_03345,856.46
OUT_03346,1936.18
OUT_03347,129.25
OUT_03348,116.48
OUT_03349,353.11
OUT_03350,297.3
OUT_03351,116.49
OUT_03352,271.56
OUT_03353,2072.9
OUT_03354,94.49
OUT_03355,132.09
OUT_03356,75.52
OUT_03357,250.37
OUT_03358,1979.22
OUT_03359,889.92
OUT_03360,154.07
OUT_03361,293.39
OUT_03362,90.15
OUT_03363,99.55
OUT_03364,108.48
OUT_03365,119.16
OUT_03366,307.91
OUT_03367,326.96
OUT_03368,895.67
OUT_03369,112.8
OUT_03370,354.74
OUT_03371,274.89
OUT_03372,92.56
OUT_03373,311.21
OUT_03374,89.91
OUT_03375,105.64
OUT_03376,78.64
OUT_03377,296.31
OUT_03378,84.11
OUT_03379,387.14
OUT_03380,143.65
OUT_03381,1980.29
OUT_03382,128.83
OUT_03383,821.09
OUT_03384,112.6
OUT_03385,93.62
OUT_03386,155.11
OUT_03387,915.62
OUT_03388,766.5
OUT_03389,128.21
OUT_03390,97.2
OUT_03391,995.26
OUT_03392,111.55
OUT_03393,299.42
OUT_03394,123.83
OUT_03395,862.43
OUT_03396,286.47
OUT_03397,110.63
OUT_03398,80.08
OUT_03399,116.75
OUT_03400,366.78
OUT_03401,258.62
OUT_03402,2138.12
OUT_03403,127.15
OUT_03404,102.83
OUT_03405,88.99
OUT_03406,900.14
OUT_03407,256.17
OUT_03408,102.33
OUT_03409,322.68
OUT_03410,109.36
OUT_03411,1966.21
OUT_03412,108.71
OUT_03413,955.91
OUT_03414,1001.41
OUT_03415,1943.95
OUT_03416,132.1
OUT_03417,134.51
OUT_03418,942.7
OUT_03419,96.36
OUT_03420,128.23
OUT_03421,131.16
OUT_03422,121.32
OUT_03423,958.21
OUT_03424,962.43
OUT_03425,258.14
OUT_03426,89.51
OUT_03427,241.74
OUT_03428,98.05
OUT_03429,116.86
OUT_03430,286.24
OUT_03431,77.75
OUT_03432,124.17
OUT_03433,100.12
OUT_03434,233.1
OUT_03435,161.83
OUT_03436,857.49
OUT_03437,105.14
OUT_03438,358.65
OUT_03439,288.17
OUT_03440,118.52
OUT_03441,110.91
OUT_03442,236.65
OUT_03443,915.03
OUT_03444,973.04
OUT_03445,266.75
OUT_03446,803.02
OUT_03447,121.48
OUT_03448,290.81
OUT_03449,78.2
OUT_03450,271.1
OUT_03451,964.0
OUT_03452,92.22
OUT_03453,373.15
OUT_03454,173.98
OUT_03455,136.84
OUT_03456,75.14
OUT_03457,325.61
OUT_03458,1986.64
OUT_03459,122.22
OUT_03460,98.84
OUT_03461,111.43
OUT_03462,97.67
OUT_03463,108.63
OUT_03464,109.0
OUT_03465,306.25
OUT_03466,305.94
OUT_03467,948.96
OUT_03468,221.16
OUT_03469,109.55
OUT_03470,80.24
OUT_03471,108.41
OUT_03472,131.22
OUT_03473,106.46
OUT_03474,156.06
OUT_03475,109.25
OUT_03476,318.0
OUT_03477,257.13
OUT_03478,93.89
OUT_03479,154.37
OUT_03480,320.34
OUT_03481,93.08
OUT_03482,784.3
OUT_03483,98.42
OUT_03484,2159.29
OUT_03485,121.29
OUT_03486,151.14
OUT_03487,102.34
OUT_03488,107.68
OUT_03489,360.56
OUT_03490,89.94
OUT_03491,267.23
OUT_03492,966.36
OUT_03493,2032.38
OUT_03494,338.75
OUT_03495,105.7
OUT_03496,79.95
OUT_03497,274.55
OUT_03498,203.89
OUT_03499,303.02
OUT_03500,114.53
OUT_03501,299.69
OUT_03502,107.81
OUT_03503,311.53
OUT_03504,91.76
OUT_03505,254.36
OUT_03506,262.52
OUT_03507,151.8
OUT_03508,967.89
OUT_03509,79.8
OUT_03510,101.81
OUT_03511,115.96
OUT_03512,98.83
OUT_03513,984.4
OUT_03514,91.12
OUT_03515,111.2
OUT_03516,114.07
OUT_03517,132.46
OUT_03518,232.32
OUT_03519,975.32
OUT_03520,99.13
OUT_03521,335.7
OUT_03522,125.23
OUT_03523,121.53
OUT_03524,332.1
OUT_03525,86.91
OUT_03526,74.94
OUT_03527,142.97
OUT_03528,94.39
OUT_03529,351.21
OUT_03530,144.13
OUT_03531,271.23
OUT_03532,148.31
OUT_03533,977.14
OUT_03534,355.54
OUT_03535,134.67
OUT_03536,143.82
OUT_03537,270.14
OUT_03538,125.39
OUT_03539,135.66
OUT_03540,75.36
OUT_03541,303.47
OUT_03542,289.84
OUT_03543,102.06
OUT_03544,115.3
OUT_03545,307.83
OUT_03546,95.32
OUT_03547,286.46
OUT_03548,106.02
OUT_03549,1922.66
OUT_03550,261.91
OUT_03551,994.14
OUT_03552,344.11
OUT_03553,105.57
OUT_03554,298.43
OUT_03555,877.44
OUT_03556,2020.24
OUT_03557,128.52
OUT_03558,288.02
OUT_03559,2097.71
OUT_03560,306.06
OUT_03561,264.68
OUT_03562,128.65
OUT_03563,308.36
OUT_03564,304.34
OUT_03565,240.56
OUT_03566,132.35
OUT_03567,340.29
OUT_03568,174.47
OUT_03569,932.38
OUT_03570,1966.64
OUT_03571,1009.94
OUT_03572,913.69
OUT_03573,114.27
OUT_03574,308.64
OUT_03575,879.74
OUT_03576,128.0
OUT_03577,2082.73
OUT_03578,359.15
OUT_03579,911.3
OUT_03580,105.72
OUT_03581,113.79
OUT_03582,336.77
OUT_03583,106.54
OUT_03584,94.8
OUT_03585,139.58
OUT_03586,149.15
OUT_03587,302.18
OUT_03588,143.37
OUT_03589,86.72
OUT_03590,103.56
OUT_03591,1922.6
OUT_03592,120.33
OUT_03593,106.9
OUT_03594,231.99
OUT_03595,264.09
OUT_03596,321.23
OUT_03597,966.49
OUT_03598,999.36
OUT_03599,137.33
OUT_03600,97.05
OUT_03601,248.87
OUT_03602,239.09
OUT_03603,143.68
OUT_03604,330.85
OUT_03605,113.95
OUT_03606,1075.83
OUT_03607,238.37
OUT_03608,125.95
OUT_03609,110.37
OUT_03610,117.32
OUT_03611,123.83
OUT_03612,119.58
OUT_03613,128.27
OUT_03614,101.01
OUT_03615,935.83
OUT_03616,984.7
OUT_03617,120.18
OUT_03618,156.21
OUT_03619,257.85
OUT_03620,307.27
OUT_03621,172.56
OUT_03622,919.11
OUT_03623,248.86
OUT_03624,122.92
OUT_03625,115.97
OUT_03626,98.57
OUT_03627,107.73
OUT_03628,65.93
OUT_03629,959.2
OUT_03630,328.85
OUT_03631,1012.17
OUT_03632,123.51
OUT_03633,149.52
OUT_03634,999.66
OUT_03635,2042.78
OUT_03636,123.43
OUT_03637,279.56
OUT_03638,80.09
OUT_03639,96.36
OUT_03640,95.5
OUT_03641,320.69
OUT_03642,135.47
OUT_03643,362.22
OUT_03644,962.4
OUT_03645,301.75
OUT_03646,133.76
OUT_03647,102.54
OUT_03648,274.34
OUT_03649,299.68
OUT_03650,96.42
OUT_03651,957.03
OUT_03652,103.78
OUT_03653,2071.1
OUT_03654,117.9
OUT_03655,262.04
OUT_03656,110.3
OUT_03657,107.12
OUT_03658,91.65
OUT_03659,113.65
OUT_03660,132.11
OUT_03661,116.47
OUT_03662,88.01
OUT_03663,228.46
OUT_03664,256.44
OUT_03665,990.74
OUT_03666,87.47
OUT_03667,955.99
OUT_03668,362.27
OUT_03669,907.72
OUT_03670,97.4
OUT_03671,342.3
OUT_03672,143.28
OUT_03673,126.74
OUT_03674,308.07
OUT_03675,118.63
OUT_03676,1995.96
OUT_03677,98.23
OUT_03678,245.44
OUT_03679,101.51
OUT_03680,2042.14
OUT_03681,146.16
OUT_03682,140.99
OUT_03683,122.91
OUT_03684,131.73
OUT_03685,124.1
OUT_03686,2066.93
OUT_03687,85.64
OUT_03688,84.15
OUT_03689,126.01
OUT_03690,102.57
OUT_03691,124.82
OUT_03692,126.15
OUT_03693,81.44
OUT_03694,151.94
OUT_03695,331.66
OUT_03696,116.06
OUT_03697,301.01
OUT_03698,334.65
OUT_03699,931.07
OUT_03700,332.95
OUT_03701,1015.49
OUT_03702,127.57
OUT_03703,275.8
OUT_03704,222.15
OUT_03705,130.11
OUT_03706,84.21
OUT_03707,124.09
OUT_03708,132.03
OUT_03709,758.5
OUT_03710,227.12
OUT_03711,110.8
OUT_03712,95.59
OUT_03713,114.9
OUT_03714,292.38
OUT_03715,353.5
OUT_03716,102.92
OUT_03717,75.71
OUT_03718,311.61
OUT_03719,2036.04
OUT_03720,82.41
OUT_03721,316.25
OUT_03722,98.03
OUT_03723,965.17
OUT_03724,1982.94
OUT_03725,101.33
OUT_03726,260.19
OUT_03727,145.25
OUT_03728,90.8
OUT_03729,331.71
OUT_03730,277.58
OUT_03731,290.05
OUT_03732,93.49
OUT_03733,93.17
OUT_03734,201.51
OUT_03735,268.76
OUT_03736,399.54
OUT_03737,134.24
OUT_03738,342.56
OUT_03739,962.64
OUT_03740,71.21
OUT_03741,2042.12
OUT_03742,101.77
OUT_03743,281.0
OUT_03744,94.32
OUT_03745,98.94
OUT_03746,281.04
OUT_03747,121.9
OUT_03748,212.53
OUT_03749,88.26
OUT_03750,132.96
OUT_03751,122.27
OUT_03752,77.28
OUT_03753,94.55
OUT_03754,970.42
OUT_03755,145.35
OUT_03756,240.91
OUT_03757,1935.14
OUT_03758,84.64
OUT_03759,116.45
OUT_03760,301.19
OUT_03761,106.54
OUT_03762,328.66
OUT_03763,114.93
OUT_03764,897.14
OUT_03765,157.4
OUT_03766,2001.48
OUT_03767,331.86
OUT_03768,98.38
OUT_03769,336.51
OUT_03770,346.24
OUT_03771,264.73
OUT_03772,877.62
OUT_03773,921.72
OUT_03774,80.14
OUT_03775,95.13
OUT_03776,137.77
OUT_03777,85.78
OUT_03778,109.72
OUT_03779,94.07
OUT_03780,131.43
OUT_03781,354.92
OUT_03782,301.2
OUT_03783,96.79
OUT_03784,80.98
OUT_03785,137.07
OUT_03786,2039.35
OUT_03787,289.3
OUT_03788,93.1
OUT_03789,286.55
OUT_03790,116.31
OUT_03791,959.31
OUT_03792,297.78
OUT_03793,136.25
OUT_03794,113.53
OUT_03795,310.37
OUT_03796,1038.71
OUT_03797,136.8
OUT_03798,329.04
OUT_03799,247.66
OUT_03800,901.39
OUT_03801,217.64
OUT_03802,294.98
OUT_03803,895.82
OUT_03804,308.98
OUT_03805,77.43
OUT_03806,113.0
OUT_03807,114.43
OUT_03808,98.45
OUT_03809,123.05
OUT_03810,94.15
OUT_03811,89.29
OUT_03812,129.55
OUT_03813,97.04
OUT_03814,1997.98
OUT_03815,907.68
OUT_03816,90.21
OUT_03817,86.13
OUT_03818,123.51
OUT_03819,230.61
OUT_03820,101.42
OUT_03821,129.23
OUT_03822,183.27
OUT_03823,246.48
OUT_03824,1034.23
OUT_03825,298.67
OUT_03826,109.03
OUT_03827,97.77
OUT_03828,858.22
OUT_03829,1961.36
OUT_03830,145.61
OUT_03831,292.55
OUT_03832,291.46
OUT_03833,956.96
OUT_03834,137.38
OUT_03835,87.36
OUT_03836,129.67
OUT_03837,148.78
OUT_03838,102.27
OUT_03839,136.26
OUT_03840,994.39
OUT_03841,939.09
OUT_03842,338.97
OUT_03843,324.67
OUT_03844,996.16
OUT_03845,95.94
OUT_03846,339.31
OUT_03847,1054.88
OUT_03848,348.38
OUT_03849,910.96
OUT_03850,878.16
OUT_03851,93.88
OUT_03852,84.54
OUT_03853,185.82
OUT_03854,106.16
OUT_03855,165.84
OUT_03856,243.61
OUT_03857,129.2
OUT_03858,93.99
OUT_03859,85.89
OUT_03860,351.98
OUT_03861,934.82
OUT_03862,102.53
OUT_03863,872.8
OUT_03864,749.87
OUT_03865,112.39
OUT_03866,2145.46
OUT_03867,125.3
OUT_03868,111.84
OUT_03869,313.53
OUT_03870,94.36
OUT_03871,109.57
OUT_03872,107.69
OUT_03873,288.39
OUT_03874,99.49
OUT_03875,251.24
OUT_03876,952.82
OUT_03877,293.23
OUT_03878,948.06
OUT_03879,139.83
OUT_03880,86.47
OUT_03881,118.23
OUT_03882,126.31
OUT_03883,113.88
OUT_03884,110.18
OUT_03885,1988.97
OUT_03886,234.15
OUT_03887,130.43
OUT_03888,86.93
OUT_03889,339.67
OUT_03890,986.42
OUT_03891,298.9
OUT_03892,132.89
OUT_03893,981.41
OUT_03894,103.1
OUT_03895,928.19
OUT_03896,115.37
OUT_03897,307.2
OUT_03898,330.15
OUT_03899,298.32
OUT_03900,860.29
OUT_03901,104.16
OUT_03902,957.89
OUT_03903,89.16
OUT_03904,122.24
OUT_03905,330.46
OUT_03906,895.67
OUT_03907,228.78
OUT_03908,127.44
OUT_03909,286.76
OUT_03910,952.44
OUT_03911,2017.67
OUT_03912,117.95
OUT_03913,142.24
OUT_03914,111.62
OUT_03915,98.13
OUT_03916,926.12
OUT_03917,99.84
OUT_03918,911.84
OUT_03919,126.92
OUT_03920,876.97
OUT_03921,120.98
OUT_03922,306.86
OUT_03923,2021.03
OUT_03924,103.12
OUT_03925,110.53
OUT_03926,861.15
OUT_03927,914.81
OUT_03928,2011.03
OUT_03929,96.97
OUT_03930,239.15
OUT_03931,332.02
OUT_03932,323.75
OUT_03933,86.28
OUT_03934,290.3
OUT_03935,321.16
OUT_03936,113.49
OUT_03937,219.03
OUT_03938,105.9
OUT_03939,959.29
OUT_03940,290.4
OUT_03941,135.19
OUT_03942,349.11
OUT_03943,97.23
OUT_03944,1935.96
OUT_03945,114.98
OUT_03946,117.09
OUT_03947,331.69
OUT_03948,96.59
OUT_03949,112.35
OUT_03950,130.32
OUT_03951,85.59
OUT_03952,101.66
OUT_03953,337.46
OUT_03954,2031.66
OUT_03955,289.18
OUT_03956,103.95
OUT_03957,1987.4
OUT_03958,361.93
OUT_03959,1981.84
OUT_03960,833.73
OUT_03961,106.15
OUT_03962,110.7
OUT_03963,318.9
OUT_03964,322.32
OUT_03965,1062.86
OUT_03966,91.5
OUT_03967,1983.38
OUT_03968,162.41
OUT_03969,120.04
OUT_03970,69.11
OUT_03971,84.25
OUT_03972,791.91
OUT_03973,101.05
OUT_03974,266.72
OUT_03975,362.18
OUT_03976,166.35
OUT_03977,111.98
OUT_03978,150.55
OUT_03979,294.64
OUT_03980,1004.23
OUT_03981,299.26
OUT_03982,918.8
OUT_03983,2126.28
OUT_03984,136.98
OUT_03985,395.43
OUT_03986,1013.03
OUT_03987,101.51
OUT_03988,896.87
OUT_03989,122.16
OUT_03990,98.02
OUT_03991,867.88
OUT_03992,296.94
OUT_03993,306.87
OUT_03994,973.19
OUT_03995,126.12
OUT_03996,134.44
OUT_03997,304.0
OUT_03998,103.84
OUT_03999,2025.56
OUT_04000,116.19
OUT_04001,122.23
OUT_04002,138.26
OUT_04003,128.55
OUT_04004,95.73
OUT_04005,951.73
OUT_04006,322.44
OUT_04007,265.4
OUT_04008,128.45
OUT_04009,918.17
OUT_04010,123.38
OUT_04011,235.79
OUT_04012,137.93
OUT_04013,940.39
OUT_04014,89.34
OUT_04015,123.3
OUT_04016,100.28
OUT_04017,346.2
OUT_04018,237.49
OUT_04019,99.5
OUT_04020,106.14
OUT_04021,922.99
OUT_04022,149.77
OUT_04023,292.19
OUT_04024,84.96
OUT_04025,285.73
OUT_04026,1006.89
OUT_04027,2032.49
OUT_04028,134.32
OUT_04029,90.93
OUT_04030,119.06
OUT_04031,264.27
OUT_04032,373.01
OUT_04033,355.81
OUT_04034,301.26
OUT_04035,95.83
OUT_04036,90.94
OUT_04037,223.97
OUT_04038,115.59
OUT_04039,303.88
OUT_04040,80.67
OUT_04041,96.66
OUT_04042,97.97
OUT_04043,94.02
OUT_04044,934.3
OUT_04045,317.04
OUT_04046,227.43
OUT_04047,107.59
OUT_04048,1035.09
OUT_04049,189.46
OUT_04050,901.71
OUT_04051,112.34
OUT_04052,874.57
OUT_04053,98.29
OUT_04054,141.7
OUT_04055,76.65
OUT_04056,1930.43
OUT_04057,297.8
OUT_04058,86.51
OUT_04059,958.12
OUT_04060,259.24
OUT_04061,952.29
OUT_04062,966.4
OUT_04063,927.06
OUT_04064,977.47
OUT_04065,148.56
OUT_04066,144.1
OUT_04067,286.21
OUT_04068,817.56
OUT_04069,320.81
OUT_04070,349.54
OUT_04071,987.1
OUT_04072,119.01
OUT_04073,88.24
OUT_04074,116.24
OUT_04075,275.37
OUT_04076,337.86
OUT_04077,107.96
OUT_04078,128.43
OUT_04079,106.78
OUT_04080,216.15
OUT_04081,97.66
OUT_04082,102.01
OUT_04083,289.21
OUT_04084,103.43
OUT_04085,125.59
OUT_04086,163.72
OUT_04087,343.28
OUT_04088,320.18
OUT_04089,91.7
OUT_04090,328.46
OUT_04091,90.53
OUT_04092,364.84
OUT_04093,98.49
OUT_04094,248.68
OUT_04095,127.54
OUT_04096,147.99
OUT_04097,920.75
OUT_04098,292.45
OUT_04099,312.86
OUT_04100,103.3
OUT_04101,91.04
OUT_04102,901.62
OUT_04103,102.46
OUT_04104,151.39
OUT_04105,229.24
OUT_04106,283.78
OUT_04107,275.42
OUT_04108,995.15
OUT_04109,104.48
OUT_04110,315.24
OUT_04111,910.24
OUT_04112,92.62
OUT_04113,102.02
OUT_04114,256.07
OUT_04115,295.12
OUT_04116,93.86
OUT_04117,100.69
OUT_04118,94.14
OUT_04119,925.33
OUT_04120,2002.36
OUT_04121,332.07
OUT_04122,261.79
OUT_04123,295.66
OUT_04124,115.74
OUT_04125,101.29
OUT_04126,243.77
OUT_04127,162.39
OUT_04128,1928.7
OUT_04129,166.7
OUT_04130,113.95
OUT_04131,1001.18
OUT_04132,96.27
OUT_04133,310.56
OUT_04134,93.19
OUT_04135,261.65
OUT_04136,2104.24
OUT_04137,289.47
OUT_04138,142.04
OUT_04139,904.81
OUT_04140,103.8
OUT_04141,86.58
OUT_04142,919.25
OUT_04143,975.13
OUT_04144,109.42
OUT_04145,148.14
OUT_04146,89.53
OUT_04147,104.73
OUT_04148,140.33
OUT_04149,62.51
OUT_04150,281.43
OUT_04151,270.97
OUT_04152,90.08
OUT_04153,144.68
OUT_04154,954.13
OUT_04155,853.91
OUT_04156,63.54
OUT_04157,144.98
OUT_04158,148.51
OUT_04159,125.15
OUT_04160,105.01
OUT_04161,2035.46
OUT_04162,96.89
OUT_04163,119.74
OUT_04164,106.74
OUT_04165,884.33
OUT_04166,150.95
OUT_04167,96.65
OUT_04168,89.81
OUT_04169,122.24
OUT_04170,301.16
OUT_04171,2126.49
OUT_04172,87.49
OUT_04173,237.61
OUT_04174,1004.52
OUT_04175,96.83
OUT_04176,234.79
OUT_04177,88.04
OUT_04178,111.28
OUT_04179,170.15
OUT_04180,295.23
OUT_04181,294.34
OUT_04182,107.69
OUT_04183,128.06
OUT_04184,121.38
OUT_04185,234.73
OUT_04186,121.4
OUT_04187,352.13
OUT_04188,95.38
OUT_04189,370.98
OUT_04190,892.3
OUT_04191,173.99
OUT_04192,101.62
OUT_04193,934.92
OUT_04194,986.27
OUT_04195,145.31
OUT_04196,864.11
OUT_04197,118.76
OUT_04198,303.0
OUT_04199,2067.1
OUT_04200,277.71
OUT_04201,141.03
OUT_04202,150.69
OUT_04203,277.54
OUT_04204,87.22
OUT_04205,229.84
OUT_04206,2099.7
OUT_04207,331.33
OUT_04208,84.81
OUT_04209,119.02
OUT_04210,235.18
OUT_04211,151.97
OUT_04212,332.49
OUT_04213,117.5
OUT_04214,335.52
OUT_04215,217.25
OUT_04216,311.36
OUT_04217,913.76
OUT_04218,145.45
OUT_04219,153.68
OUT_04220,105.19
OUT_04221,789.85
OUT_04222,95.64
OUT_04223,101.93
OUT_04224,305.1
OUT_04225,110.93
OUT_04226,1000.11
OUT_04227,382.26
OUT_04228,92.01
OUT_04229,271.59
OUT_04230,152.99
OUT_04231,335.55
OUT_04232,879.63
OUT_04233,895.85
OUT_04234,125.77
OUT_04235,144.46
OUT_04236,271.49
OUT_04237,1965.69
OUT_04238,350.4
OUT_04239,1900.82
OUT_04240,134.63
OUT_04241,277.1
OUT_04242,80.9
OUT_04243,103.6
OUT_04244,171.72
OUT_04245,315.3
OUT_04246,97.45
OUT_04247,85.84
OUT_04248,115.64
OUT_04249,290.15
OUT_04250,982.83
OUT_04251,1892.13
OUT_04252,79.2
OUT_04253,70.8
OUT_04254,949.65
OUT_04255,128.15
OUT_04256,332.19
OUT_04257,162.36
OUT_04258,339.17
OUT_04259,925.53
OUT_04260,2101.91
OUT_04261,996.69
OUT_04262,84.9
OUT_04263,346.82
OUT_04264,88.47
OUT_04265,116.31
OUT_04266,127.0
OUT_04267,107.14
OUT_04268,106.5
OUT_04269,952.24
OUT_04270,349.55
OUT_04271,228.06
OUT_04272,303.87
OUT_04273,85.97
OUT_04274,284.83
OUT_04275,136.04
OUT_04276,292.68
OUT_04277,131.48
OUT_04278,136.43
OUT_04279,156.28
OUT_04280,272.17
OUT_04281,245.73
OUT_04282,870.84
OUT_04283,248.28
OUT_04284,101.61
OUT_04285,118.83
OUT_04286,295.13
OUT_04287,220.7
OUT_04288,116.2
OUT_04289,160.88
OUT_04290,108.29
OUT_04291,310.93
OUT_04292,131.72
OUT_04293,840.0
OUT_04294,281.39
OUT_04295,1995.15
OUT_04296,112.26
OUT_04297,98.36
OUT_04298,255.5
OUT_04299,361.17
OUT_04300,106.88
OUT_04301,126.16
OUT_04302,126.09
OUT_04303,113.81
OUT_04304,959.8
OUT_04305,192.64
OUT_04306,91.32
OUT_04307,89.57
OUT_04308,88.35
OUT_04309,978.11
OUT_04310,92.75
OUT_04311,101.78
OUT_04312,928.13
OUT_04313,117.3
OUT_04314,113.09
OUT_04315,93.82
OUT_04316,99.1
OUT_04317,345.45
OUT_04318,289.96
OUT_04319,152.72
OUT_04320,965.47
OUT_04321,101.58
OUT_04322,948.57
OUT_04323,108.97
OUT_04324,307.77
OUT_04325,126.89
OUT_04326,318.88
OUT_04327,94.51
OUT_04328,975.73
OUT_04329,85.78
OUT_04330,326.89
OUT_04331,236.89
OUT_04332,133.72
OUT_04333,352.89
OUT_04334,351.04
OUT_04335,931.74
OUT_04336,93.31
OUT_04337,117.15
OUT_04338,123.25
OUT_04339,122.05
OUT_04340,107.53
OUT_04341,92.74
OUT_04342,937.03
OUT_04343,117.11
OUT_04344,137.02
OUT_04345,103.82
OUT_04346,120.53
OUT_04347,904.57
OUT_04348,102.77
OUT_04349,951.73
OUT_04350,349.51
OUT_04351,785.5
OUT_04352,349.34
OUT_04353,271.92
OUT_04354,96.46
OUT_04355,178.29
OUT_04356,989.51
OUT_04357,935.61
OUT_04358,306.64
OUT_04359,1977.29
OUT_04360,266.38
OUT_04361,311.03
OUT_04362,115.7
OUT_04363,98.18
OUT_04364,102.86
OUT_04365,107.68
OUT_04366,121.27
OUT_04367,137.34
OUT_04368,2036.0
OUT_04369,323.59
OUT_04370,377.13
OUT_04371,119.01
OUT_04372,83.83
OUT_04373,305.12
OUT_04374,98.9
OUT_04375,98.26
OUT_04376,131.38
OUT_04377,99.23
OUT_04378,129.6
OUT_04379,123.73
OUT_04380,109.92
OUT_04381,129.1
OUT_04382,935.0
OUT_04383,141.06
OUT_04384,120.65
OUT_04385,1034.42
OUT_04386,115.91
OUT_04387,281.26
OUT_04388,256.34
OUT_04389,156.71
OUT_04390,309.23
OUT_04391,225.73
OUT_04392,353.57
OUT_04393,1976.07
OUT_04394,147.45
OUT_04395,85.36
OUT_04396,125.71
OUT_04397,83.45
OUT_04398,71.69
OUT_04399,916.93
OUT_04400,930.02
OUT_04401,105.46
OUT_04402,848.65
OUT_04403,128.74
OUT_04404,1014.42
OUT_04405,809.09
OUT_04406,95.73
OUT_04407,274.38
OUT_04408,132.76
OUT_04409,2020.45
OUT_04410,136.56
OUT_04411,117.67
OUT_04412,109.46
OUT_04413,967.64
OUT_04414,961.88
OUT_04415,877.06
OUT_04416,117.42
OUT_04417,265.64
OUT_04418,236.67
OUT_04419,99.23
OUT_04420,88.44
OUT_04421,65.56
OUT_04422,925.55
OUT_04423,261.77
OUT_04424,300.46
OUT_04425,146.0
OUT_04426,132.72
OUT_04427,156.93
OUT_04428,91.65
OUT_04429,281.32
OUT_04430,298.17
OUT_04431,112.18
OUT_04432,267.27
OUT_04433,901.58
OUT_04434,242.22
OUT_04435,858.38
OUT_04436,973.27
OUT_04437,880.26
OUT_04438,889.94
OUT_04439,976.98
OUT_04440,251.6
OUT_04441,119.78
OUT_04442,998.83
OUT_04443,135.35
OUT_04444,248.01
OUT_04445,57.8
OUT_04446,359.9
OUT_04447,131.62
OUT_04448,232.85
OUT_04449,977.68
OUT_04450,329.89
OUT_04451,284.45
OUT_04452,85.35
OUT_04453,343.37
OUT_04454,323.67
OUT_04455,88.95
OUT_04456,82.9
OUT_04457,328.46
OUT_04458,309.05
OUT_04459,104.55
OUT_04460,301.94
OUT_04461,99.62
OUT_04462,103.11
OUT_04463,83.85
OUT_04464,112.3
OUT_04465,326.5
OUT_04466,306.9
OUT_04467,359.4
OUT_04468,143.42
OUT_04469,83.75
OUT_04470,95.14
OUT_04471,991.79
OUT_04472,291.72
OUT_04473,100.02
OUT_04474,191.53
OUT_04475,68.2
OUT_04476,332.28
OUT_04477,74.84
OUT_04478,926.72
OUT_04479,235.67
OUT_04480,854.61
OUT_04481,100.15
OUT_04482,277.62
OUT_04483,136.99
OUT_04484,314.36
OUT_04485,138.39
OUT_04486,99.44
OUT_04487,812.77
OUT_04488,110.62
OUT_04489,1015.44
OUT_04490,98.26
OUT_04491,83.09
OUT_04492,959.72
OUT_04493,140.02
OUT_04494,145.23
OUT_04495,157.84
OUT_04496,86.74
OUT_04497,327.25
OUT_04498,264.18
OUT_04499,118.9
OUT_04500,2201.44
OUT_04501,108.38
OUT_04502,345.4
OUT_04503,100.69
OUT_04504,146.35
OUT_04505,104.36
OUT_04506,278.42
OUT_04507,931.47
OUT_04508,130.25
OUT_04509,896.72
OUT_04510,291.17
OUT_04511,124.15
OUT_04512,102.59
OUT_04513,117.42
OUT_04514,982.03
OUT_04515,285.42
OUT_04516,248.01
OUT_04517,367.72
OUT_04518,282.68
OUT_04519,66.93
OUT_04520,1009.5
OUT_04521,77.39
OUT_04522,70.42
OUT_04523,992.66
OUT_04524,95.73
OUT_04525,251.07
OUT_04526,973.48
OUT_04527,110.89
OUT_04528,919.49
OUT_04529,154.32
OUT_04530,120.83
OUT_04531,88.59
OUT_04532,87.15
OUT_04533,940.12
OUT_04534,167.72
OUT_04535,348.93
OUT_04536,325.78
OUT_04537,109.12
OUT_04538,118.74
OUT_04539,82.42
OUT_04540,247.99
OUT_04541,291.58
OUT_04542,119.32
OUT_04543,123.63
OUT_04544,309.75
OUT_04545,123.32
OUT_04546,98.91
OUT_04547,283.1
OUT_04548,147.96
OUT_04549,125.16
OUT_04550,104.09
OUT_04551,290.41
OUT_04552,325.6
OUT_04553,283.05
OUT_04554,102.58
OUT_04555,102.54
OUT_04556,1023.9
OUT_04557,77.64
OUT_04558,309.7
OUT_04559,88.49
OUT_04560,1023.08
OUT_04561,256.14
OUT_04562,98.47
OUT_04563,93.06
OUT_04564,94.99
OUT_04565,323.28
OUT_04566,299.83
OUT_04567,146.82
OUT_04568,996.73
OUT_04569,1968.57
OUT_04570,127.34
OUT_04571,336.13
OUT_04572,135.33
OUT_04573,303.85
OUT_04574,115.53
OUT_04575,378.73
OUT_04576,1002.31
OUT_04577,75.44
OUT_04578,89.62
OUT_04579,126.44
OUT_04580,326.77
OUT_04581,300.5
OUT_04582,117.74
OUT_04583,373.09
OUT_04584,147.21
OUT_04585,104.75
OUT_04586,302.73
OUT_04587,138.57
OUT_04588,132.35
OUT_04589,182.28
OUT_04590,295.17
OUT_04591,105.42
OUT_04592,327.26
OUT_04593,1990.93
OUT_04594,1008.76
OUT_04595,309.75
OUT_04596,104.97
OUT_04597,79.54
OUT_04598,888.6
OUT_04599,228.55
OUT_04600,87.19
OUT_04601,97.59
OUT_04602,143.27
OUT_04603,348.99
OUT_04604,101.49
OUT_04605,145.64
OUT_04606,898.02
OUT_04607,299.62
OUT_04608,112.31
OUT_04609,2019.44
OUT_04610,904.34
OUT_04611,988.92
OUT_04612,938.35
OUT_04613,936.74
OUT_04614,89.86
OUT_04615,1001.53
OUT_04616,103.77
OUT_04617,231.71
OUT_04618,298.41
OUT_04619,341.63
OUT_04620,990.49
OUT_04621,324.49
OUT_04622,129.67
OUT_04623,104.39
OUT_04624,94.85
OUT_04625,121.42
OUT_04626,1002.47
OUT_04627,307.43
OUT_04628,243.72
OUT_04629,280.25
OUT_04630,294.34
OUT_04631,115.93
OUT_04632,110.45
OUT_04633,373.93
OUT_04634,284.93
OUT_04635,95.26
OUT_04636,135.55
OUT_04637,130.87
OUT_04638,141.87
OUT_04639,109.74
OUT_04640,2059.91
OUT_04641,309.08
OUT_04642,115.36
OUT_04643,152.18
OUT_04644,1009.5
OUT_04645,97.49
OUT_04646,100.31
OUT_04647,120.19
OUT_04648,258.5
OUT_04649,141.34
OUT_04650,118.46
OUT_04651,994.93
OUT_04652,56.58
OUT_04653,98.47
OUT_04654,86.61
OUT_04655,72.99
OUT_04656,108.12
OUT_04657,110.87
OUT_04658,113.52
OUT_04659,124.01
OUT_04660,131.9
OUT_04661,236.56
OUT_04662,106.77
OUT_04663,108.34
OUT_04664,867.71
OUT_04665,100.67
OUT_04666,132.63
OUT_04667,994.13
OUT_04668,84.49
OUT_04669,291.6
OUT_04670,104.2
OUT_04671,327.81
OUT_04672,277.38
OUT_04673,129.54
OUT_04674,131.13
OUT_04675,316.38
OUT_04676,966.62
OUT_04677,169.81
OUT_04678,2074.73
OUT_04679,879.93
OUT_04680,106.37
OUT_04681,268.47
OUT_04682,143.76
OUT_04683,288.91
OUT_04684,105.91
OUT_04685,264.69
OUT_04686,300.75
OUT_04687,85.72
OUT_04688,102.83
OUT_04689,91.53
OUT_04690,103.76
OUT_04691,73.38
OUT_04692,148.82
OUT_04693,103.66
OUT_04694,907.45
OUT_04695,355.88
OUT_04696,127.67
OUT_04697,277.88
OUT_04698,131.63
OUT_04699,331.09
OUT_04700,318.2
OUT_04701,946.19
OUT_04702,346.51
OUT_04703,931.6
OUT_04704,896.37
OUT_04705,150.22
OUT_04706,872.34
OUT_04707,283.45
OUT_04708,127.12
OUT_04709,137.49
OUT_04710,318.58
OUT_04711,94.11
OUT_04712,139.92
OUT_04713,931.23
OUT_04714,877.66
OUT_04715,143.2
OUT_04716,278.89
OUT_04717,91.08
OUT_04718,902.76
OUT_04719,142.35
OUT_04720,137.72
OUT_04721,255.02
OUT_04722,138.02
OUT_04723,202.68
OUT_04724,914.11
OUT_04725,105.2
OUT_04726,283.08
OUT_04727,85.53
OUT_04728,260.98
OUT_04729,320.04
OUT_04730,165.94
OUT_04731,260.69
OUT_04732,90.91
OUT_04733,917.45
OUT_04734,933.3
OUT_04735,63.05
OUT_04736,354.13
OUT_04737,980.64
OUT_04738,93.8
OUT_04739,71.24
OUT_04740,94.79
OUT_04741,115.48
OUT_04742,992.44
OUT_04743,262.23
OUT_04744,277.81
OUT_04745,95.89
OUT_04746,836.63
OUT_04747,265.58
OUT_04748,114.85
OUT_04749,104.6
OUT_04750,94.94
OUT_04751,962.41
OUT_04752,2017.5
OUT_04753,242.34
OUT_04754,348.09
OUT_04755,334.83
OUT_04756,285.82
OUT_04757,146.34
OUT_04758,906.96
OUT_04759,88.48
OUT_04760,103.97
OUT_04761,320.31
OUT_04762,102.02
OUT_04763,117.77
OUT_04764,86.04
OUT_04765,322.26
OUT_04766,659.22
OUT_04767,135.87
OUT_04768,979.8
OUT_04769,164.81
OUT_04770,96.73
OUT_04771,116.74
OUT_04772,953.8
OUT_04773,100.23
OUT_04774,317.17
OUT_04775,124.2
OUT_04776,290.04
OUT_04777,102.73
OUT_04778,145.35
OUT_04779,344.84
OUT_04780,134.99
OUT_04781,270.78
OUT_04782,303.95
OUT_04783,255.86
OUT_04784,292.17
OUT_04785,287.3
OUT_04786,369.34
OUT_04787,123.06
OUT_04788,332.05
OUT_04789,146.84
OUT_04790,2010.95
OUT_04791,1016.85
OUT_04792,88.05
OUT_04793,115.0
OUT_04794,135.32
OUT_04795,919.48
OUT_04796,243.17
OUT_04797,104.77
OUT_04798,955.91
OUT_04799,79.95
OUT_04800,118.84
OUT_04801,84.68
OUT_04802,122.4
OUT_04803,149.14
OUT_04804,990.56
OUT_04805,110.5
OUT_04806,107.01
OUT_04807,319.02
OUT_04808,925.85
OUT_04809,107.6
OUT_04810,337.15
OUT_04811,940.35
OUT_04812,2167.64
OUT_04813,99.14
OUT_04814,939.07
OUT_04815,61.35
OUT_04816,106.73
OUT_04817,113.93
OUT_04818,300.06
OUT_04819,2045.48
OUT_04820,111.37
OUT_04821,139.54
OUT_04822,145.17
OUT_04823,363.11
OUT_04824,112.19
OUT_04825,81.4
OUT_04826,139.49
OUT_04827,82.5
OUT_04828,103.26
OUT_04829,94.49
OUT_04830,974.39
OUT_04831,109.5
OUT_04832,325.6
OUT_04833,299.17
OUT_04834,113.12
OUT_04835,2128.17
OUT_04836,297.2
OUT_04837,95.33
OUT_04838,80.31
OUT_04839,88.97
OUT_04840,122.4
OUT_04841,131.38
OUT_04842,96.75
OUT_04843,94.83
OUT_04844,986.82
OUT_04845,66.63
OUT_04846,113.72
OUT_04847,96.33
OUT_04848,239.48
OUT_04849,330.55
OUT_04850,157.38
OUT_04851,329.48
OUT_04852,242.65
OUT_04853,2099.97
OUT_04854,868.7
OUT_04855,141.0
OUT_04856,323.64
OUT_04857,820.41
OUT_04858,117.68
OUT_04859,306.19
OUT_04860,285.63
OUT_04861,289.07
OUT_04862,280.37
OUT_04863,90.02
OUT_04864,289.95
OUT_04865,344.72
OUT_04866,252.77
OUT_04867,123.2
OUT_04868,278.12
OUT_04869,806.86
OUT_04870,106.86
OUT_04871,145.34
OUT_04872,303.45
OUT_04873,920.43
OUT_04874,104.42
OUT_04875,124.37
OUT_04876,247.4
OUT_04877,101.09
OUT_04878,103.69
OUT_04879,2048.17
OUT_04880,91.8
OUT_04881,107.16
OUT_04882,335.83
OUT_04883,116.94
OUT_04884,134.87
OUT_04885,903.16
OUT_04886,226.77
OUT_04887,802.19
OUT_04888,103.25
OUT_04889,115.71
OUT_04890,99.46
OUT_04891,275.15
OUT_04892,872.94
OUT_04893,286.18
OUT_04894,121.76
OUT_04895,105.79
OUT_04896,148.34
OUT_04897,118.22
OUT_04898,923.65
OUT_04899,323.12
OUT_04900,106.39
OUT_04901,309.73
OUT_04902,97.48
OUT_04903,291.13
OUT_04904,326.12
OUT_04905,115.47
OUT_04906,146.43
OUT_04907,139.95
OUT_04908,99.98
OUT_04909,156.07
OUT_04910,277.77
OUT_04911,120.3
OUT_04912,278.12
OUT_04913,937.4
OUT_04914,296.63
OUT_04915,100.8
OUT_04916,103.59
OUT_04917,309.07
OUT_04918,100.67
OUT_04919,1911.17
OUT_04920,315.32
OUT_04921,117.02
OUT_04922,263.25
OUT_04923,111.56
OUT_04924,902.43
OUT_04925,958.73
OUT_04926,89.19
OUT_04927,251.51
OUT_04928,213.46
OUT_04929,371.72
OUT_04930,111.97
OUT_04931,97.89
OUT_04932,242.71
OUT_04933,93.58
OUT_04934,89.67
OUT_04935,95.12
OUT_04936,283.4
OUT_04937,256.29
OUT_04938,100.65
OUT_04939,145.93
OUT_04940,89.97
OUT_04941,851.94
OUT_04942,945.0
OUT_04943,121.67
OUT_04944,963.7
OUT_04945,262.19
OUT_04946,87.64
OUT_04947,822.56
OUT_04948,76.23
OUT_04949,297.62
OUT_04950,291.02
OUT_04951,129.86
OUT_04952,340.61
OUT_04953,924.96
OUT_04954,296.59
OUT_04955,78.89
OUT_04956,99.81
OUT_04957,87.48
OUT_04958,109.44
OUT_04959,301.08
OUT_04960,161.08
OUT_04961,89.11
OUT_04962,1941.14
OUT_04963,320.4
OUT_04964,133.69
OUT_04965,88.46
OUT_04966,117.51
OUT_04967,120.99
OUT_04968,351.7
OUT_04969,287.79
OUT_04970,96.67
OUT_04971,946.78
OUT_04972,337.8
OUT_04973,960.63
OUT_04974,238.63
OUT_04975,110.12
OUT_04976,90.17
OUT_04977,83.23
OUT_04978,304.84
OUT_04979,2054.64
OUT_04980,231.51
OUT_04981,149.0
OUT_04982,251.13
OUT_04983,831.15
OUT_04984,103.95
OUT_04985,900.55
OUT_04986,313.48
OUT_04987,131.5
OUT_04988,103.08
OUT_04989,108.8
OUT_04990,335.49
OUT_04991,68.68
OUT_04992,904.48
OUT_04993,88.77
OUT_04994,249.77
OUT_04995,103.75
OUT_04996,316.59
OUT_04997,101.07
OUT_04998,90.56
OUT_04999,317.06
OUT_05000,109.89
OUT_05001,80.27
OUT_05002,105.63
OUT_05003,120.64
OUT_05004,132.75
OUT_05005,328.83
OUT_05006,110.76
OUT_05007,1912.13
OUT_05008,100.15
OUT_05009,117.22
OUT_05010,127.91
OUT_05011,308.86
OUT_05012,84.4
OUT_05013,145.4
OUT_05014,332.53
OUT_05015,231.0
OUT_05016,261.4
OUT_05017,129.88
OUT_05018,254.56
OUT_05019,126.14
OUT_05020,139.54
OUT_05021,295.23
OUT_05022,84.96
OUT_05023,135.47
OUT_05024,286.01
OUT_05025,103.47
OUT_05026,340.89
OUT_05027,122.47
OUT_05028,121.17
OUT_05029,286.02
OUT_05030,140.79
OUT_05031,113.11
OUT_05032,131.58
OUT_05033,163.56
OUT_05034,295.74
OUT_05035,154.02
OUT_05036,136.53
OUT_05037,94.0
OUT_05038,96.03
OUT_05039,115.67
OUT_05040,97.35
OUT_05041,91.8
OUT_05042,123.51
OUT_05043,105.96
OUT_05044,312.39
OUT_05045,858.77
OUT_05046,907.25
OUT_05047,126.71
OUT_05048,127.26
OUT_05049,143.5
OUT_05050,1958.81
OUT_05051,87.41
OUT_05052,964.1
OUT_05053,124.77
OUT_05054,94.11
OUT_05055,110.6
OUT_05056,308.96
OUT_05057,284.56
OUT_05058,124.5
OUT_05059,341.12
OUT_05060,96.98
OUT_05061,109.28
OUT_05062,99.39
OUT_05063,101.64
OUT_05064,365.91
OUT_05065,285.14
OUT_05066,340.83
OUT_05067,114.72
OUT_05068,104.51
OUT_05069,109.32
OUT_05070,280.84
OUT_05071,2026.19
OUT_05072,122.59
OUT_05073,304.75
OUT_05074,79.2
OUT_05075,83.33
OUT_05076,104.26
OUT_05077,77.84
OUT_05078,296.56
OUT_05079,946.71
OUT_05080,242.77
OUT_05081,129.77
OUT_05082,243.09
OUT_05083,293.5
OUT_05084,253.37
OUT_05085,218.43
OUT_05086,118.09
OUT_05087,260.84
OUT_05088,148.79
OUT_05089,279.82
OUT_05090,303.23
OUT_05091,912.04
OUT_05092,1988.01
OUT_05093,281.69
OUT_05094,336.04
OUT_05095,2096.5
OUT_05096,89.28
OUT_05097,911.52
OUT_05098,113.83
OUT_05099,114.27
OUT_05100,140.68
OUT_05101,936.23
OUT_05102,286.76
OUT_05103,107.48
OUT_05104,903.89
OUT_05105,99.67
OUT_05106,121.15
OUT_05107,302.14
OUT_05108,120.4
OUT_05109,94.12
OUT_05110,142.05
OUT_05111,91.95
OUT_05112,311.13
OUT_05113,116.04
OUT_05114,94.92
OUT_05115,893.52
OUT_05116,283.09
OUT_05117,88.4
OUT_05118,238.44
OUT_05119,87.68
OUT_05120,2034.83
OUT_05121,94.07
OUT_05122,1010.73
OUT_05123,236.25
OUT_05124,351.81
OUT_05125,115.21
OUT_05126,104.37
OUT_05127,113.54
OUT_05128,272.75
OUT_05129,339.9
OUT_05130,902.07
OUT_05131,304.45
OUT_05132,98.22
OUT_05133,1923.07
OUT_05134,292.04
OUT_05135,140.85
OUT_05136,267.72
OUT_05137,108.59
OUT_05138,106.79
OUT_05139,100.32
OUT_05140,85.97
OUT_05141,344.12
OUT_05142,953.69
OUT_05143,246.11
OUT_05144,126.85
OUT_05145,144.74
OUT_05146,143.11
OUT_05147,293.76
OUT_05148,103.76
OUT_05149,261.56
OUT_05150,280.72
OUT_05151,98.12
OUT_05152,109.8
OUT_05153,103.22
OUT_05154,88.71
OUT_05155,362.99
OUT_05156,2076.34
OUT_05157,1970.13
OUT_05158,88.21
OUT_05159,312.19
OUT_05160,112.25
OUT_05161,853.09
OUT_05162,968.74
OUT_05163,276.68
OUT_05164,92.61
OUT_05165,98.95
OUT_05166,917.22
OUT_05167,291.49
OUT_05168,911.88
OUT_05169,81.16
OUT_05170,973.14
OUT_05171,94.47
OUT_05172,80.18
OUT_05173,99.69
OUT_05174,273.18
OUT_05175,815.96
OUT_05176,886.52
OUT_05177,108.72
OUT_05178,941.56
OUT_05179,105.38
OUT_05180,108.24
OUT_05181,1936.98
OUT_05182,96.79
OUT_05183,277.27
OUT_05184,120.3
OUT_05185,894.04
OUT_05186,968.52
OUT_05187,270.02
OUT_05188,1009.12
OUT_05189,132.42
OUT_05190,167.96
OUT_05191,87.71
OUT_05192,322.82
OUT_05193,119.73
OUT_05194,291.36
OUT_05195,331.95
OUT_05196,103.13
OUT_05197,903.77
OUT_05198,1933.68
OUT_05199,235.23
OUT_05200,87.08
OUT_05201,960.61
OUT_05202,101.18
OUT_05203,345.62
OUT_05204,2067.32
OUT_05205,1975.07
OUT_05206,122.37
OUT_05207,242.31
OUT_05208,127.77
OUT_05209,102.48
OUT_05210,111.16
OUT_05211,298.07
OUT_05212,108.77
OUT_05213,98.5
OUT_05214,119.16
OUT_05215,103.25
OUT_05216,896.89
OUT_05217,81.0
OUT_05218,278.74
OUT_05219,82.05
OUT_05220,263.22
OUT_05221,126.84
OUT_05222,997.4
OUT_05223,132.94
OUT_05224,83.43
OUT_05225,280.74
OUT_05226,104.96
OUT_05227,115.22
OUT_05228,97.32
OUT_05229,114.21
OUT_05230,1997.07
OUT_05231,936.08
OUT_05232,270.22
OUT_05233,948.94
OUT_05234,321.88
OUT_05235,69.44
OUT_05236,92.68
OUT_05237,267.96
OUT_05238,105.69
OUT_05239,282.64
OUT_05240,305.48
OUT_05241,107.47
OUT_05242,82.56
OUT_05243,209.8
OUT_05244,311.47
OUT_05245,98.99
OUT_05246,94.02
OUT_05247,91.79
OUT_05248,287.93
OUT_05249,302.33
OUT_05250,2121.3
OUT_05251,68.19
OUT_05252,81.63
OUT_05253,308.81
OUT_05254,96.32
OUT_05255,917.69
OUT_05256,872.47
OUT_05257,944.99
OUT_05258,122.49
OUT_05259,903.41
OUT_05260,237.5
OUT_05261,129.97
OUT_05262,110.26
OUT_05263,98.65
OUT_05264,919.58
OUT_05265,333.8
OUT_05266,125.5
OUT_05267,310.05
OUT_05268,93.89
OUT_05269,2029.03
OUT_05270,387.58
OUT_05271,850.56
OUT_05272,965.29
OUT_05273,138.74
OUT_05274,310.2
OUT_05275,119.76
OUT_05276,127.67
OUT_05277,92.05
OUT_05278,82.02
OUT_05279,60.45
OUT_05280,2021.82
OUT_05281,345.15
OUT_05282,290.62
OUT_05283,371.35
OUT_05284,118.03
OUT_05285,117.64
OUT_05286,892.37
OUT_05287,1000.91
OUT_05288,89.19
OUT_05289,346.39
OUT_05290,255.28
OUT_05291,130.89
OUT_05292,1001.74
OUT_05293,117.79
OUT_05294,140.96
OUT_05295,297.93
OUT_05296,91.18
OUT_05297,1954.33
OUT_05298,127.99
OUT_05299,861.54
OUT_05300,288.96
OUT_05301,288.58
OUT_05302,921.29
OUT_05303,94.22
OUT_05304,168.25
OUT_05305,379.07
OUT_05306,140.54
OUT_05307,167.11
OUT_05308,101.39
OUT_05309,91.52
OUT_05310,121.13
OUT_05311,341.01
OUT_05312,84.97
OUT_05313,108.61
OUT_05314,256.15
OUT_05315,174.06
OUT_05316,292.4
OUT_05317,138.0
OUT_05318,946.25
OUT_05319,320.29
OUT_05320,302.41
OUT_05321,247.55
OUT_05322,74.71
OUT_05323,91.57
OUT_05324,284.39
OUT_05325,978.29
OUT_05326,109.55
OUT_05327,113.36
OUT_05328,339.59
OUT_05329,1010.78
OUT_05330,126.4
OUT_05331,139.31
OUT_05332,993.86
OUT_05333,887.88
OUT_05334,149.77
OUT_05335,225.4
OUT_05336,253.08
OUT_05337,304.36
OUT_05338,112.96
OUT_05339,81.09
OUT_05340,978.24
OUT_05341,81.84
OUT_05342,208.56
OUT_05343,293.19
OUT_05344,281.63
OUT_05345,91.75
OUT_05346,91.56
OUT_05347,85.54
OUT_05348,133.5
OUT_05349,906.45
OUT_05350,264.59
OUT_05351,863.16
OUT_05352,235.83
OUT_05353,95.25
OUT_05354,336.08
OUT_05355,2131.71
OUT_05356,112.67
OUT_05357,957.13
OUT_05358,855.58
OUT_05359,108.33
OUT_05360,234.82
OUT_05361,52.92
OUT_05362,261.9
OUT_05363,135.09
OUT_05364,123.9
OUT_05365,89.85
OUT_05366,2015.55
OUT_05367,300.69
OUT_05368,91.2
OUT_05369,281.01
OUT_05370,110.53
OUT_05371,96.71
OUT_05372,310.71
OUT_05373,296.34
OUT_05374,119.6
OUT_05375,954.96
OUT_05376,124.54
OUT_05377,963.31
OUT_05378,102.62
OUT_05379,346.79
OUT_05380,84.89
OUT_05381,107.54
OUT_05382,154.92
OUT_05383,129.52
OUT_05384,937.59
OUT_05385,283.71
OUT_05386,110.93
OUT_05387,2098.41
OUT_05388,126.94
OUT_05389,84.43
OUT_05390,160.58
OUT_05391,112.26
OUT_05392,290.73
OUT_05393,333.74
OUT_05394,101.58
OUT_05395,142.42
OUT_05396,424.56
OUT_05397,97.58
OUT_05398,135.83
OUT_05399,83.99
OUT_05400,128.84
OUT_05401,344.67
OUT_05402,254.04
OUT_05403,898.94
OUT_05404,342.57
OUT_05405,251.58
OUT_05406,276.67
OUT_05407,936.72
OUT_05408,146.35
OUT_05409,266.36
OUT_05410,913.58
OUT_05411,98.54
OUT_05412,904.09
OUT_05413,111.67
OUT_05414,79.32
OUT_05415,341.13
OUT_05416,360.87
OUT_05417,147.57
OUT_05418,902.36
OUT_05419,236.55
OUT_05420,125.3
OUT_05421,151.27
OUT_05422,125.3
OUT_05423,118.98
OUT_05424,312.87
OUT_05425,154.49
OUT_05426,1928.36
OUT_05427,958.49
OUT_05428,972.95
OUT_05429,95.94
OUT_05430,2065.23
OUT_05431,291.18
OUT_05432,131.88
OUT_05433,111.19
OUT_05434,152.45
OUT_05435,343.72
OUT_05436,140.6
OUT_05437,129.03
OUT_05438,123.04
OUT_05439,290.32
OUT_05440,120.33
OUT_05441,107.41
OUT_05442,877.92
OUT_05443,325.28
OUT_05444,125.26
OUT_05445,282.03
OUT_05446,112.09
OUT_05447,292.21
OUT_05448,918.99
OUT_05449,103.72
OUT_05450,348.03
OUT_05451,370.21
OUT_05452,959.85
OUT_05453,1940.28
OUT_05454,303.8
OUT_05455,171.38
OUT_05456,339.84
OUT_05457,111.55
OUT_05458,322.93
OUT_05459,948.43
OUT_05460,135.41
OUT_05461,322.48
OUT_05462,272.48
OUT_05463,86.97
OUT_05464,121.03
OUT_05465,2003.89
OUT_05466,339.19
OUT_05467,92.64
OUT_05468,135.91
OUT_05469,92.92
OUT_05470,2032.43
OUT_05471,76.14
OUT_05472,103.77
OUT_05473,295.1
OUT_05474,111.82
OUT_05475,103.83
OUT_05476,103.13
OUT_05477,93.72
OUT_05478,922.22
OUT_05479,128.63
OUT_05480,104.48
OUT_05481,134.4
OUT_05482,1070.03
OUT_05483,829.12
OUT_05484,77.69
OUT_05485,2025.03
OUT_05486,950.32
OUT_05487,250.78
OUT_05488,264.43
OUT_05489,127.75
OUT_05490,818.0
OUT_05491,95.36
OUT_05492,302.77
OUT_05493,1022.52
OUT_05494,366.89
OUT_05495,928.4
OUT_05496,104.8
OUT_05497,905.74
OUT_05498,120.04
OUT_05499,86.17
OUT_05500,325.16
OUT_05501,935.48
OUT_05502,80.67
OUT_05503,98.6
OUT_05504,259.88
OUT_05505,372.82
OUT_05506,295.16
OUT_05507,68.82
OUT_05508,950.7
OUT_05509,320.22
OUT_05510,115.45
OUT_05511,958.37
OUT_05512,306.7
OUT_05513,109.3
OUT_05514,885.43
OUT_05515,100.3
OUT_05516,280.14
OUT_05517,130.47
OUT_05518,108.47
OUT_05519,136.59
OUT_05520,110.27
OUT_05521,117.56
OUT_05522,309.72
OUT_05523,858.4
OUT_05524,151.62
OUT_05525,324.63
OUT_05526,103.2
OUT_05527,89.71
OUT_05528,140.3
OUT_05529,141.69
OUT_05530,353.47
OUT_05531,117.16
OUT_05532,277.39
OUT_05533,134.45
OUT_05534,98.04
OUT_05535,319.06
OUT_05536,317.16
OUT_05537,780.11
OUT_05538,366.03
OUT_05539,84.55
OUT_05540,975.5
OUT_05541,151.35
OUT_05542,972.35
OUT_05543,846.73
OUT_05544,111.21
OUT_05545,334.06
OUT_05546,125.93
OUT_05547,130.12
OUT_05548,139.39
OUT_05549,106.16
OUT_05550,81.19
OUT_05551,860.98
OUT_05552,942.96
OUT_05553,308.91
OUT_05554,120.33
OUT_05555,880.93
OUT_05556,116.42
OUT_05557,106.37
OUT_05558,142.56
OUT_05559,96.62
OUT_05560,297.72
OUT_05561,166.17
OUT_05562,347.21
OUT_05563,302.53
OUT_05564,1868.76
OUT_05565,909.56
OUT_05566,71.19
OUT_05567,126.68
OUT_05568,352.15
OUT_05569,897.79
OUT_05570,90.2
OUT_05571,944.28
OUT_05572,75.78
OUT_05573,287.38
OUT_05574,115.1
OUT_05575,998.76
OUT_05576,844.85
OUT_05577,862.51
OUT_05578,2070.0
OUT_05579,949.33
OUT_05580,333.54
OUT_05581,110.37
OUT_05582,152.52
OUT_05583,128.4
OUT_05584,295.29
OUT_05585,296.83
OUT_05586,294.97
OUT_05587,233.77
OUT_05588,232.16
OUT_05589,100.48
OUT_05590,236.62
OUT_05591,281.63
OUT_05592,1972.38
OUT_05593,985.02
OUT_05594,286.22
OUT_05595,161.38
OUT_05596,122.56
OUT_05597,1984.51
OUT_05598,317.89
OUT_05599,73.1
OUT_05600,119.47
OUT_05601,142.88
OUT_05602,106.88
OUT_05603,148.79
OUT_05604,982.76
OUT_05605,120.35
OUT_05606,1963.85
OUT_05607,299.92
OUT_05608,261.18
OUT_05609,349.99
OUT_05610,161.04
OUT_05611,83.64
OUT_05612,73.58
OUT_05613,948.37
OUT_05614,104.64
OUT_05615,347.63
OUT_05616,245.31
OUT_05617,136.66
OUT_05618,282.58
OUT_05619,901.32
OUT_05620,940.79
OUT_05621,937.16
OUT_05622,145.07
OUT_05623,135.7
OUT_05624,148.27
OUT_05625,137.26
OUT_05626,1022.52
OUT_05627,101.24
OUT_05628,144.46
OUT_05629,81.9
OUT_05630,328.44
OUT_05631,149.49
OUT_05632,252.53
OUT_05633,312.25
OUT_05634,80.7
OUT_05635,124.1
OUT_05636,67.69
OUT_05637,108.91
OUT_05638,294.54
OUT_05639,1000.61
OUT_05640,1003.89
OUT_05641,130.96
OUT_05642,107.71
OUT_05643,104.79
OUT_05644,263.77
OUT_05645,327.23
OUT_05646,115.12
OUT_05647,331.67
OUT_05648,91.45
OUT_05649,89.65
OUT_05650,149.19
OUT_05651,270.13
OUT_05652,281.54
OUT_05653,113.19
OUT_05654,121.49
OUT_05655,873.06
OUT_05656,302.62
OUT_05657,1030.08
OUT_05658,932.67
OUT_05659,101.02
OUT_05660,85.51
OUT_05661,256.33
OUT_05662,96.21
OUT_05663,129.41
OUT_05664,857.26
OUT_05665,133.96
OUT_05666,132.0
OUT_05667,279.63
OUT_05668,119.53
OUT_05669,94.58
OUT_05670,366.3
OUT_05671,347.99
OUT_05672,97.04
OUT_05673,115.38
OUT_05674,145.94
OUT_05675,112.56
OUT_05676,249.15
OUT_05677,281.01
OUT_05678,73.86
OUT_05679,278.43
OUT_05680,68.18
OUT_05681,116.3
OUT_05682,850.09
OUT_05683,72.61
OUT_05684,289.29
OUT_05685,296.29
OUT_05686,123.79
OUT_05687,85.5
OUT_05688,313.09
OUT_05689,258.13
OUT_05690,239.45
OUT_05691,892.58
OUT_05692,950.93
OUT_05693,299.29
OUT_05694,2061.66
OUT_05695,136.98
OUT_05696,153.31
OUT_05697,141.81
OUT_05698,302.61
OUT_05699,2022.91
OUT_05700,164.85
OUT_05701,96.28
OUT_05702,130.16
OUT_05703,898.96
OUT_05704,108.2
OUT_05705,92.34
OUT_05706,101.96
OUT_05707,99.08
OUT_05708,140.92
OUT_05709,283.49
OUT_05710,98.91
OUT_05711,879.47
OUT_05712,112.8
OUT_05713,86.38
OUT_05714,297.64
OUT_05715,84.14
OUT_05716,871.97
OUT_05717,113.48
OUT_05718,902.92
OUT_05719,344.33
OUT_05720,102.54
OUT_05721,86.3
OUT_05722,301.15
OUT_05723,84.24
OUT_05724,122.76
OUT_05725,91.99
OUT_05726,290.22
OUT_05727,2072.93
OUT_05728,156.37
OUT_05729,137.83
OUT_05730,90.1
OUT_05731,113.98
OUT_05732,926.84
OUT_05733,958.76
OUT_05734,114.0
OUT_05735,122.46
OUT_05736,224.23
OUT_05737,115.87
OUT_05738,93.36
OUT_05739,328.96
OUT_05740,350.99
OUT_05741,143.48
OUT_05742,322.95
OUT_05743,1962.62
OUT_05744,325.79
OUT_05745,87.71
OUT_05746,100.11
OUT_05747,124.58
OUT_05748,103.11
OUT_05749,281.73
OUT_05750,305.47
OUT_05751,123.95
OUT_05752,336.39
OUT_05753,144.9
OUT_05754,244.72
OUT_05755,91.79
OUT_05756,321.9
OUT_05757,2014.03
OUT_05758,268.16
OUT_05759,125.12
OUT_05760,115.19
OUT_05761,282.25
OUT_05762,305.3
OUT_05763,80.36
OUT_05764,302.24
OUT_05765,242.7
OUT_05766,95.29
OUT_05767,106.2
OUT_05768,130.08
OUT_05769,299.23
OUT_05770,315.14
OUT_05771,108.37
OUT_05772,282.3
OUT_05773,300.36
OUT_05774,303.04
OUT_05775,145.08
OUT_05776,2056.66
OUT_05777,887.29
OUT_05778,289.61
OUT_05779,106.09
OUT_05780,115.97
OUT_05781,126.94
OUT_05782,284.77
OUT_05783,267.72
OUT_05784,72.97
OUT_05785,114.15
OUT_05786,964.54
OUT_05787,98.79
OUT_05788,86.29
OUT_05789,79.11
OUT_05790,303.59
OUT_05791,111.52
OUT_05792,319.08
OUT_05793,118.53
OUT_05794,108.38
OUT_05795,98.08
OUT_05796,87.61
OUT_05797,267.96
OUT_05798,309.04
OUT_05799,107.07
OUT_05800,292.27
OUT_05801,258.57
OUT_05802,221.15
OUT_05803,903.68
OUT_05804,982.09
OUT_05805,146.01
OUT_05806,333.24
OUT_05807,112.11
OUT_05808,91.42
OUT_05809,342.56
OUT_05810,101.34
OUT_05811,289.9
OUT_05812,114.96
OUT_05813,850.56
OUT_05814,921.58
OUT_05815,317.29
OUT_05816,371.03
OUT_05817,118.6
OUT_05818,283.05
OUT_05819,136.98
OUT_05820,92.73
OUT_05821,92.17
OUT_05822,254.5
OUT_05823,149.85
OUT_05824,926.0
OUT_05825,1992.5
OUT_05826,93.05
OUT_05827,104.12
OUT_05828,113.56
OUT_05829,344.63
OUT_05830,333.85
OUT_05831,326.16
OUT_05832,112.72
OUT_05833,95.95
OUT_05834,238.14
OUT_05835,93.26
OUT_05836,241.59
OUT_05837,251.63
OUT_05838,2048.42
OUT_05839,103.72
OUT_05840,110.04
OUT_05841,122.94
OUT_05842,92.65
OUT_05843,983.25
OUT_05844,104.45
OUT_05845,277.97
OUT_05846,962.86
OUT_05847,969.91
OUT_05848,126.44
OUT_05849,900.21
OUT_05850,325.18
OUT_05851,83.75
OUT_05852,957.15
OUT_05853,130.32
OUT_05854,971.18
OUT_05855,230.68
OUT_05856,358.28
OUT_05857,129.23
OUT_05858,123.93
OUT_05859,97.87
OUT_05860,140.02
OUT_05861,116.87
OUT_05862,95.02
OUT_05863,68.18
OUT_05864,93.26
OUT_05865,100.75
OUT_05866,77.99
OUT_05867,320.47
OUT_05868,348.19
OUT_05869,134.27
OUT_05870,950.45
OUT_05871,299.88
OUT_05872,117.8
OUT_05873,252.23
OUT_05874,153.18
OUT_05875,301.2
OUT_05876,84.89
OUT_05877,302.77
OUT_05878,109.33
OUT_05879,964.4
OUT_05880,128.4
OUT_05881,137.72
OUT_05882,328.61
OUT_05883,229.01
OUT_05884,302.48
OUT_05885,322.26
OUT_05886,288.5
OUT_05887,307.74
OUT_05888,115.24
OUT_05889,264.92
OUT_05890,936.21
OUT_05891,86.0
OUT_05892,960.99
OUT_05893,344.08
OUT_05894,821.33
OUT_05895,137.53
OUT_05896,126.62
OUT_05897,95.01
OUT_05898,115.82
OUT_05899,977.9
OUT_05900,309.9
OUT_05901,128.82
OUT_05902,326.81
OUT_05903,2073.76
OUT_05904,108.93
OUT_05905,104.59
OUT_05906,141.34
OUT_05907,317.1
OUT_05908,99.83
OUT_05909,897.49
OUT_05910,95.42
OUT_05911,162.15
OUT_05912,130.36
OUT_05913,116.53
OUT_05914,95.91
OUT_05915,287.46
OUT_05916,285.29
OUT_05917,108.31
OUT_05918,306.18
OUT_05919,97.83
OUT_05920,102.81
OUT_05921,98.29
OUT_05922,222.15
OUT_05923,94.53
OUT_05924,281.59
OUT_05925,289.58
OUT_05926,103.86
OUT_05927,1989.81
OUT_05928,108.57
OUT_05929,245.53
OUT_05930,91.3
OUT_05931,101.89
OUT_05932,329.07
OUT_05933,345.67
OUT_05934,82.67
OUT_05935,86.58
OUT_05936,1997.1
OUT_05937,971.09
OUT_05938,2058.83
OUT_05939,317.73
OUT_05940,1953.03
OUT_05941,158.42
OUT_05942,99.29
OUT_05943,966.73
OUT_05944,161.48
OUT_05945,130.18
OUT_05946,120.47
OUT_05947,2044.7
OUT_05948,888.71
OUT_05949,334.61
OUT_05950,92.72
OUT_05951,108.3
OUT_05952,113.61
OUT_05953,80.81
OUT_05954,145.53
OUT_05955,115.92
OUT_05956,969.0
OUT_05957,132.03
OUT_05958,302.58
OUT_05959,103.33
OUT_05960,918.43
OUT_05961,99.32
OUT_05962,232.39
OUT_05963,126.84
OUT_05964,95.08
OUT_05965,306.51
OUT_05966,282.25
OUT_05967,112.48
OUT_05968,146.08
OUT_05969,264.5
OUT_05970,326.35
OUT_05971,356.15
OUT_05972,92.49
OUT_05973,323.35
OUT_05974,114.08
OUT_05975,339.25
OUT_05976,125.94
OUT_05977,129.61
OUT_05978,339.13
OUT_05979,382.06
OUT_05980,150.47
OUT_05981,1974.92
OUT_05982,292.57
OUT_05983,117.66
OUT_05984,893.5
OUT_05985,111.1
OUT_05986,148.53
OUT_05987,108.39
OUT_05988,278.91
OUT_05989,113.58
OUT_05990,176.51
OUT_05991,138.56
OUT_05992,761.53
OUT_05993,161.12
OUT_05994,141.15
OUT_05995,138.92
OUT_05996,84.09
OUT_05997,94.93
OUT_05998,274.67
OUT_05999,95.94
OUT_06000,103.56
OUT_06001,87.53
OUT_06002,301.89
OUT_06003,157.76
OUT_06004,136.07
OUT_06005,332.17
OUT_06006,296.91
OUT_06007,83.11
OUT_06008,256.01
OUT_06009,304.16
OUT_06010,114.29
OUT_06011,114.66
OUT_06012,696.51
OUT_06013,970.92
OUT_06014,353.13
OUT_06015,136.96
OUT_06016,930.04
OUT_06017,115.35
OUT_06018,102.11
OUT_06019,104.88
OUT_06020,306.65
OUT_06021,130.35
OUT_06022,132.58
OUT_06023,1960.33
OUT_06024,147.73
OUT_06025,238.59
OUT_06026,1007.83
OUT_06027,311.72
OUT_06028,155.34
OUT_06029,145.96
OUT_06030,2017.25
OUT_06031,69.24
OUT_06032,861.9
OUT_06033,2103.18
OUT_06034,226.59
OUT_06035,89.82
OUT_06036,83.56
OUT_06037,252.32
OUT_06038,342.16
OUT_06039,231.13
OUT_06040,229.9
OUT_06041,949.05
OUT_06042,383.61
OUT_06043,160.92
OUT_06044,2019.01
OUT_06045,88.57
OUT_06046,65.65
OUT_06047,969.27
OUT_06048,107.07
OUT_06049,1008.94
OUT_06050,908.42
OUT_06051,97.68
OUT_06052,297.48
OUT_06053,313.64
OUT_06054,148.57
OUT_06055,369.23
OUT_06056,116.72
OUT_06057,365.92
OUT_06058,163.56
OUT_06059,370.1
OUT_06060,109.35
OUT_06061,248.1
OUT_06062,911.17
OUT_06063,323.18
OUT_06064,306.69
OUT_06065,274.51
OUT_06066,113.66
OUT_06067,124.75
OUT_06068,112.83
OUT_06069,167.26
OUT_06070,96.34
OUT_06071,124.02
OUT_06072,930.91
OUT_06073,116.76
OUT_06074,106.47
OUT_06075,306.08
OUT_06076,150.93
OUT_06077,143.01
OUT_06078,118.88
OUT_06079,197.7
OUT_06080,146.59
OUT_06081,2002.63
OUT_06082,855.9
OUT_06083,1991.35
OUT_06084,103.05
OUT_06085,113.45
OUT_06086,981.38
OUT_06087,366.83
OUT_06088,890.65
OUT_06089,123.24
OUT_06090,309.33
OUT_06091,101.48
OUT_06092,80.59
OUT_06093,2051.53
OUT_06094,267.12
OUT_06095,105.17
OUT_06096,936.68
OUT_06097,1020.46
OUT_06098,115.01
OUT_06099,134.83
OUT_06100,981.3
OUT_06101,275.82
OUT_06102,292.84
OUT_06103,960.88
OUT_06104,381.77
OUT_06105,132.99
OUT_06106,244.99
OUT_06107,912.54
OUT_06108,135.46
OUT_06109,882.87
OUT_06110,86.32
OUT_06111,125.47
OUT_06112,291.72
OUT_06113,105.46
OUT_06114,270.95
OUT_06115,311.87
OUT_06116,124.92
OUT_06117,102.66
OUT_06118,156.95
OUT_06119,2021.1
OUT_06120,132.73
OUT_06121,112.56
OUT_06122,94.1
OUT_06123,234.13
OUT_06124,338.22
OUT_06125,129.92
OUT_06126,125.98
OUT_06127,245.77
OUT_06128,326.93
OUT_06129,123.39
OUT_06130,296.1
OUT_06131,147.4
OUT_06132,175.94
OUT_06133,82.02
OUT_06134,250.09
OUT_06135,818.74
OUT_06136,947.35
OUT_06137,281.39
OUT_06138,156.68
OUT_06139,94.84
OUT_06140,119.46
OUT_06141,119.75
OUT_06142,1026.84
OUT_06143,100.66
OUT_06144,392.49
OUT_06145,292.98
OUT_06146,120.15
OUT_06147,273.91
OUT_06148,315.38
OUT_06149,222.67
OUT_06150,309.81
OUT_06151,1989.24
OUT_06152,109.41
OUT_06153,89.52
OUT_06154,132.25
OUT_06155,941.95
OUT_06156,104.28
OUT_06157,949.75
OUT_06158,392.73
OUT_06159,2051.22
OUT_06160,254.72
OUT_06161,305.56
OUT_06162,327.4
OUT_06163,160.9
OUT_06164,114.83
OUT_06165,384.5
OUT_06166,101.39
OUT_06167,285.97
OUT_06168,945.02
OUT_06169,74.93
OUT_06170,900.4
OUT_06171,109.2
OUT_06172,1958.59
OUT_06173,96.02
OUT_06174,274.47
OUT_06175,138.56
OUT_06176,318.14
OUT_06177,93.71
OUT_06178,106.81
OUT_06179,111.3
OUT_06180,92.47
OUT_06181,349.05
OUT_06182,1003.09
OUT_06183,98.37
OUT_06184,69.6
OUT_06185,276.33
OUT_06186,897.23
OUT_06187,125.72
OUT_06188,127.74
OUT_06189,2022.96
OUT_06190,85.55
OUT_06191,95.15
OUT_06192,363.03
OUT_06193,296.83
OUT_06194,135.22
OUT_06195,88.47
OUT_06196,96.72
OUT_06197,315.36
OUT_06198,90.51
OUT_06199,93.28
OUT_06200,264.9
OUT_06201,110.21
OUT_06202,148.29
OUT_06203,906.36
OUT_06204,89.78
OUT_06205,1920.82
OUT_06206,264.75
OUT_06207,111.18
OUT_06208,86.42
OUT_06209,229.58
OUT_06210,2124.08
OUT_06211,95.9
OUT_06212,243.17
OUT_06213,108.47
OUT_06214,321.12
OUT_06215,922.01
OUT_06216,98.32
OUT_06217,327.49
OUT_06218,342.22
OUT_06219,95.33
OUT_06220,110.33
OUT_06221,87.32
OUT_06222,136.53
OUT_06223,128.65
OUT_06224,345.18
OUT_06225,97.81
OUT_06226,114.63
OUT_06227,311.34
OUT_06228,977.04
OUT_06229,349.82
OUT_06230,119.74
OUT_06231,114.8
OUT_06232,913.26
OUT_06233,324.1
OUT_06234,121.83
OUT_06235,93.11
OUT_06236,216.41
OUT_06237,322.09
OUT_06238,344.46
OUT_06239,83.49
OUT_06240,100.95
OUT_06241,106.94
OUT_06242,830.32
OUT_06243,124.14
OUT_06244,304.08
OUT_06245,93.59
OUT_06246,950.97
OUT_06247,100.11
OUT_06248,112.87
OUT_06249,105.77
OUT_06250,371.76
OUT_06251,281.7
OUT_06252,893.87
OUT_06253,96.91
OUT_06254,114.46
OUT_06255,916.58
OUT_06256,120.48
OUT_06257,974.72
OUT_06258,81.69
OUT_06259,315.69
OUT_06260,114.77
OUT_06261,240.67
OUT_06262,920.53
OUT_06263,125.88
OUT_06264,1923.16
OUT_06265,84.22
OUT_06266,247.02
OUT_06267,125.04
OUT_06268,106.99
OUT_06269,101.17
OUT_06270,124.38
OUT_06271,989.17
OUT_06272,268.41
OUT_06273,97.75
OUT_06274,104.86
OUT_06275,298.96
OUT_06276,298.18
OUT_06277,301.51
OUT_06278,2081.86
OUT_06279,913.51
OUT_06280,308.43
OUT_06281,272.36
OUT_06282,107.03
OUT_06283,125.3
OUT_06284,914.19
OUT_06285,121.55
OUT_06286,95.2
OUT_06287,131.45
OUT_06288,159.57
OUT_06289,781.54
OUT_06290,126.97
OUT_06291,128.3
OUT_06292,90.71
OUT_06293,287.63
OUT_06294,102.83
OUT_06295,156.15
OUT_06296,239.66
OUT_06297,102.86
OUT_06298,73.63
OUT_06299,313.96
OUT_06300,260.7
OUT_06301,235.06
OUT_06302,120.65
OUT_06303,102.94
OUT_06304,1997.47
OUT_06305,148.07
OUT_06306,71.94
OUT_06307,156.04
OUT_06308,295.31
OUT_06309,120.0
OUT_06310,120.88
OUT_06311,255.64
OUT_06312,143.77
OUT_06313,70.89
OUT_06314,106.66
OUT_06315,952.53
OUT_06316,321.02
OUT_06317,82.23
OUT_06318,98.56
OUT_06319,311.52
OUT_06320,235.8
OUT_06321,2093.73
OUT_06322,149.88
OUT_06323,865.89
OUT_06324,150.98
OUT_06325,101.39
OUT_06326,296.48
OUT_06327,960.41
OUT_06328,235.07
OUT_06329,94.37
OUT_06330,83.58
OUT_06331,245.6
OUT_06332,923.48
OUT_06333,109.92
OUT_06334,75.67
OUT_06335,86.37
OUT_06336,821.8
OUT_06337,128.62
OUT_06338,114.3
OUT_06339,232.46
OUT_06340,990.25
OUT_06341,201.21
OUT_06342,283.19
OUT_06343,118.26
OUT_06344,85.68
OUT_06345,120.44
OUT_06346,111.57
OUT_06347,241.71
OUT_06348,279.53
OUT_06349,237.52
OUT_06350,308.25
OUT_06351,386.95
OUT_06352,297.71
OUT_06353,268.17
OUT_06354,135.07
OUT_06355,125.51
OUT_06356,2020.08
OUT_06357,99.02
OUT_06358,2012.43
OUT_06359,243.88
OUT_06360,124.03
OUT_06361,831.0
OUT_06362,113.5
OUT_06363,93.57
OUT_06364,101.85
OUT_06365,324.49
OUT_06366,91.65
OUT_06367,990.78
OUT_06368,136.09
OUT_06369,288.33
OUT_06370,895.12
OUT_06371,114.68
OUT_06372,341.81
OUT_06373,1953.78
OUT_06374,101.28
OUT_06375,920.29
OUT_06376,321.71
OUT_06377,270.65
OUT_06378,111.43
OUT_06379,313.52
OUT_06380,96.33
OUT_06381,2051.94
OUT_06382,454.17
OUT_06383,105.74
OUT_06384,131.45
OUT_06385,108.27
OUT_06386,876.69
OUT_06387,1912.48
OUT_06388,105.07
OUT_06389,92.61
OUT_06390,286.35
OUT_06391,99.18
OUT_06392,1957.15
OUT_06393,104.03
OUT_06394,130.4
OUT_06395,110.66
OUT_06396,125.06
OUT_06397,110.56
OUT_06398,101.38
OUT_06399,220.93
OUT_06400,281.38
OUT_06401,138.21
OUT_06402,893.17
OUT_06403,1025.78
OUT_06404,976.2
OUT_06405,343.36
OUT_06406,978.07
OUT_06407,143.5
OUT_06408,88.62
OUT_06409,148.88
OUT_06410,2026.07
OUT_06411,74.37
OUT_06412,101.88
OUT_06413,347.29
OUT_06414,1918.94
OUT_06415,809.74
OUT_06416,315.52
OUT_06417,1940.94
OUT_06418,131.37
OUT_06419,122.24
OUT_06420,1933.72
OUT_06421,112.98
OUT_06422,129.39
OUT_06423,111.46
OUT_06424,280.47
OUT_06425,131.71
OUT_06426,137.34
OUT_06427,905.96
OUT_06428,90.76
OUT_06429,91.34
OUT_06430,260.49
OUT_06431,323.45
OUT_06432,959.87
OUT_06433,358.2
OUT_06434,322.43
OUT_06435,91.34
OUT_06436,938.35
OUT_06437,112.29
OUT_06438,148.91
OUT_06439,2076.78
OUT_06440,359.29
OUT_06441,391.31
OUT_06442,201.72
OUT_06443,96.71
OUT_06444,116.13
OUT_06445,290.42
OUT_06446,96.37
OUT_06447,111.02
OUT_06448,96.12
OUT_06449,103.05
OUT_06450,106.24
OUT_06451,87.23
OUT_06452,109.46
OUT_06453,121.69
OUT_06454,332.42
OUT_06455,87.87
OUT_06456,101.61
OUT_06457,85.92
OUT_06458,101.56
OUT_06459,60.14
OUT_06460,321.81
OUT_06461,141.57
OUT_06462,966.89
OUT_06463,161.3
OUT_06464,122.06
OUT_06465,262.54
OUT_06466,945.0
OUT_06467,254.02
OUT_06468,100.49
OUT_06469,97.65
OUT_06470,98.34
OUT_06471,311.21
OUT_06472,883.54
OUT_06473,253.25
OUT_06474,155.86
OUT_06475,371.15
OUT_06476,294.1
OUT_06477,90.31
OUT_06478,78.59
OUT_06479,82.88
OUT_06480,314.79
OUT_06481,271.04
OUT_06482,96.42
OUT_06483,120.87
OUT_06484,116.46
OUT_06485,92.92
OUT_06486,96.35
OUT_06487,222.7
OUT_06488,124.49
OUT_06489,98.56
OUT_06490,948.6
OUT_06491,118.24
OUT_06492,323.7
OUT_06493,290.81
OUT_06494,135.97
OUT_06495,84.71
OUT_06496,298.79
OUT_06497,121.81
OUT_06498,141.26
OUT_06499,1992.97
OUT_06500,112.44
OUT_06501,982.39
OUT_06502,925.36
OUT_06503,96.35
OUT_06504,121.33
OUT_06505,100.07
OUT_06506,147.27
OUT_06507,837.83
OUT_06508,68.41
OUT_06509,260.53
OUT_06510,115.21
OUT_06511,117.17
OUT_06512,323.62
OUT_06513,90.28
OUT_06514,219.64
OUT_06515,293.64
OUT_06516,88.56
OUT_06517,148.16
OUT_06518,948.74
OUT_06519,337.42
OUT_06520,120.04
OUT_06521,87.21
OUT_06522,327.64
OUT_06523,345.01
OUT_06524,120.25
OUT_06525,101.27
OUT_06526,285.48
OUT_06527,96.7
OUT_06528,123.93
OUT_06529,912.27
OUT_06530,150.76
OUT_06531,301.25
OUT_06532,347.03
OUT_06533,124.37
OUT_06534,283.18
OUT_06535,832.54
OUT_06536,319.22
OUT_06537,114.67
OUT_06538,934.5
OUT_06539,120.73
OUT_06540,990.81
OUT_06541,94.67
OUT_06542,143.27
OUT_06543,233.07
OUT_06544,163.32
OUT_06545,919.09
OUT_06546,108.83
OUT_06547,99.99
OUT_06548,136.3
OUT_06549,81.21
OUT_06550,250.71
OUT_06551,296.25
OUT_06552,270.04
OUT_06553,334.19
OUT_06554,122.78
OUT_06555,337.97
OUT_06556,2089.68
OUT_06557,304.55
OUT_06558,292.02
OUT_06559,971.37
OUT_06560,85.99
OUT_06561,332.33
OUT_06562,119.22
OUT_06563,131.91
OUT_06564,101.83
OUT_06565,961.47
OUT_06566,100.39
OUT_06567,113.13
OUT_06568,295.53
OUT_06569,139.95
OUT_06570,83.23
OUT_06571,230.19
OUT_06572,160.36
OUT_06573,116.04
OUT_06574,897.86
OUT_06575,276.36
OUT_06576,132.57
OUT_06577,100.69
OUT_06578,147.59
OUT_06579,931.79
OUT_06580,94.72
OUT_06581,103.06
OUT_06582,106.54
OUT_06583,100.21
OUT_06584,85.22
OUT_06585,77.46
OUT_06586,239.18
OUT_06587,903.48
OUT_06588,173.99
OUT_06589,1962.86
OUT_06590,910.57
OUT_06591,135.12
OUT_06592,170.19
OUT_06593,284.59
OUT_06594,102.67
OUT_06595,137.17
OUT_06596,271.21
OUT_06597,99.0
OUT_06598,107.55
OUT_06599,991.33
OUT_06600,308.99
OUT_06601,90.25
OUT_06602,74.23
OUT_06603,264.54
OUT_06604,359.74
OUT_06605,141.43
OUT_06606,121.78
OUT_06607,141.02
OUT_06608,879.1
OUT_06609,338.7
OUT_06610,106.65
OUT_06611,91.96
OUT_06612,324.95
OUT_06613,963.64
OUT_06614,99.89
OUT_06615,932.31
OUT_06616,303.39
OUT_06617,315.45
OUT_06618,132.3
OUT_06619,125.21
OUT_06620,123.48
OUT_06621,124.72
OUT_06622,114.01
OUT_06623,82.32
OUT_06624,368.4
OUT_06625,2043.55
OUT_06626,346.01
OUT_06627,89.35
OUT_06628,253.4
OUT_06629,940.1
OUT_06630,272.39
OUT_06631,946.24
OUT_06632,135.12
OUT_06633,108.11
OUT_06634,289.94
OUT_06635,115.7
OUT_06636,143.33
OUT_06637,266.23
OUT_06638,112.74
OUT_06639,132.91
OUT_06640,88.35
OUT_06641,102.37
OUT_06642,178.15
OUT_06643,145.81
OUT_06644,110.82
OUT_06645,888.64
OUT_06646,278.59
OUT_06647,299.76
OUT_06648,861.97
OUT_06649,236.13
OUT_06650,124.12
OUT_06651,236.56
OUT_06652,149.79
OUT_06653,100.75
OUT_06654,110.26
OUT_06655,942.85
OUT_06656,110.37
OUT_06657,309.98
OUT_06658,2071.19
OUT_06659,108.42
OUT_06660,2066.65
OUT_06661,96.41
OUT_06662,368.79
OUT_06663,1922.77
OUT_06664,258.77
OUT_06665,92.64
OUT_06666,317.45
OUT_06667,94.39
OUT_06668,278.52
OUT_06669,113.71
OUT_06670,115.31
OUT_06671,118.39
OUT_06672,109.19
OUT_06673,123.46
OUT_06674,91.28
OUT_06675,125.81
OUT_06676,86.93
OUT_06677,933.02
OUT_06678,322.26
OUT_06679,294.65
OUT_06680,117.68
OUT_06681,101.89
OUT_06682,923.22
OUT_06683,101.0
OUT_06684,248.04
OUT_06685,87.68
OUT_06686,296.47
OUT_06687,113.78
OUT_06688,97.67
OUT_06689,131.42
OUT_06690,358.81
OUT_06691,102.97
OUT_06692,327.97
OUT_06693,123.74
OUT_06694,336.65
OUT_06695,321.89
OUT_06696,962.48
OUT_06697,110.23
OUT_06698,945.62
OUT_06699,1931.34
OUT_06700,114.31
OUT_06701,253.75
OUT_06702,317.13
OUT_06703,281.6
OUT_06704,331.03
OUT_06705,104.59
OUT_06706,332.01
OUT_06707,315.46
OUT_06708,87.4
OUT_06709,114.79
OUT_06710,230.81
OUT_06711,942.63
OUT_06712,83.91
OUT_06713,146.46
OUT_06714,95.56
OUT_06715,84.2
OUT_06716,104.9
OUT_06717,318.61
OUT_06718,989.28
OUT_06719,83.98
OUT_06720,966.43
OUT_06721,258.28
OUT_06722,87.86
OUT_06723,96.27
OUT_06724,978.04
OUT_06725,985.79
OUT_06726,258.63
OUT_06727,305.44
OUT_06728,110.17
OUT_06729,103.67
OUT_06730,101.03
OUT_06731,110.63
OUT_06732,100.97
OUT_06733,1943.45
OUT_06734,253.85
OUT_06735,114.77
OUT_06736,953.9
OUT_06737,113.0
OUT_06738,135.01
OUT_06739,266.71
OUT_06740,94.8
OUT_06741,327.99
OUT_06742,139.68
OUT_06743,118.62
OUT_06744,928.84
OUT_06745,268.06
OUT_06746,306.2
OUT_06747,879.06
OUT_06748,92.14
OUT_06749,320.07
OUT_06750,105.67
OUT_06751,257.2
OUT_06752,115.73
OUT_06753,302.51
OUT_06754,108.65
OUT_06755,97.68
OUT_06756,100.06
OUT_06757,89.04
OUT_06758,360.47
OUT_06759,122.24
OUT_06760,949.56
OUT_06761,130.94
OUT_06762,128.93
OUT_06763,931.77
OUT_06764,976.65
OUT_06765,285.3
OUT_06766,281.17
OUT_06767,314.74
OUT_06768,121.96
OUT_06769,92.78
OUT_06770,107.18
OUT_06771,103.56
OUT_06772,122.35
OUT_06773,265.98
OUT_06774,360.76
OUT_06775,306.35
OUT_06776,127.41
OUT_06777,978.51
OUT_06778,141.35
OUT_06779,153.43
OUT_06780,107.3
OUT_06781,96.19
OUT_06782,130.18
OUT_06783,164.75
OUT_06784,316.78
OUT_06785,327.09
OUT_06786,125.77
OUT_06787,129.01
OUT_06788,81.21
OUT_06789,146.83
OUT_06790,245.64
OUT_06791,124.85
OUT_06792,256.93
OUT_06793,339.96
OUT_06794,83.69
OUT_06795,298.58
OUT_06796,104.92
OUT_06797,789.59
OUT_06798,936.67
OUT_06799,91.59
OUT_06800,254.89
OUT_06801,119.28
OUT_06802,345.87
OUT_06803,342.49
OUT_06804,136.49
OUT_06805,126.3
OUT_06806,97.3
OUT_06807,155.46
OUT_06808,312.14
OUT_06809,119.76
OUT_06810,2002.69
OUT_06811,136.85
OUT_06812,99.61
OUT_06813,122.59
OUT_06814,91.29
OUT_06815,993.71
OUT_06816,270.02
OUT_06817,992.5
OUT_06818,1967.59
OUT_06819,279.04
OUT_06820,163.73
OUT_06821,215.05
OUT_06822,92.78
OUT_06823,328.19
OUT_06824,142.62
OUT_06825,273.97
OUT_06826,930.22
OUT_06827,113.22
OUT_06828,76.9
OUT_06829,83.71
OUT_06830,940.15
OUT_06831,267.56
OUT_06832,373.49
OUT_06833,268.68
OUT_06834,283.03
OUT_06835,105.64
OUT_06836,113.35
OUT_06837,218.15
OUT_06838,114.67
OUT_06839,941.61
OUT_06840,269.61
OUT_06841,254.49
OUT_06842,132.04
OUT_06843,1010.37
OUT_06844,94.04
OUT_06845,247.69
OUT_06846,84.22
OUT_06847,102.7
OUT_06848,115.22
OUT_06849,345.74
OUT_06850,125.06
OUT_06851,299.63
OUT_06852,103.71
OUT_06853,81.32
OUT_06854,141.29
OUT_06855,296.3
OUT_06856,225.74
OUT_06857,102.23
OUT_06858,91.3
OUT_06859,79.14
OUT_06860,944.68
OUT_06861,108.3
OUT_06862,157.61
OUT_06863,964.65
OUT_06864,122.39
OUT_06865,357.99
OUT_06866,318.66
OUT_06867,930.32
OUT_06868,113.18
OUT_06869,109.11
OUT_06870,119.69
OUT_06871,149.57
OUT_06872,91.49
OUT_06873,107.19
OUT_06874,88.4
OUT_06875,103.05
OUT_06876,81.06
OUT_06877,93.37
OUT_06878,124.24
OUT_06879,912.84
OUT_06880,833.56
OUT_06881,933.74
OUT_06882,913.63
OUT_06883,132.78
OUT_06884,305.95
OUT_06885,84.53
OUT_06886,201.54
OUT_06887,70.67
OUT_06888,930.96
OUT_06889,100.31
OUT_06890,84.89
OUT_06891,290.03
OUT_06892,81.15
OUT_06893,226.39
OUT_06894,344.29
OUT_06895,107.99
OUT_06896,137.71
OUT_06897,219.06
OUT_06898,90.44
OUT_06899,129.73
OUT_06900,101.24
OUT_06901,288.66
OUT_06902,89.68
OUT_06903,98.83
OUT_06904,278.89
OUT_06905,287.53
OUT_06906,930.43
OUT_06907,71.11
OUT_06908,85.36
OUT_06909,113.83
OUT_06910,362.78
OUT_06911,110.86
OUT_06912,48.81
OUT_06913,109.67
OUT_06914,367.73
OUT_06915,936.81
OUT_06916,124.66
OUT_06917,135.71
OUT_06918,88.11
OUT_06919,115.39
OUT_06920,147.09
OUT_06921,91.79
OUT_06922,874.15
OUT_06923,109.77
OUT_06924,113.15
OUT_06925,150.92
OUT_06926,148.87
OUT_06927,142.9
OUT_06928,109.64
OUT_06929,116.16
OUT_06930,369.37
OUT_06931,88.57
OUT_06932,312.68
OUT_06933,244.1
OUT_06934,99.95
OUT_06935,99.97
OUT_06936,303.59
OUT_06937,133.29
OUT_06938,946.17
OUT_06939,345.66
OUT_06940,2099.84
OUT_06941,261.41
OUT_06942,310.34
OUT_06943,320.45
OUT_06944,91.21
OUT_06945,130.81
OUT_06946,122.56
OUT_06947,225.04
OUT_06948,865.13
OUT_06949,251.96
OUT_06950,94.47
OUT_06951,109.43
OUT_06952,967.99
OUT_06953,106.82
OUT_06954,156.97
OUT_06955,131.25
OUT_06956,300.07
OUT_06957,139.79
OUT_06958,144.15
OUT_06959,116.72
OUT_06960,133.42
OUT_06961,126.69
OUT_06962,91.4
OUT_06963,249.28
OUT_06964,113.02
OUT_06965,165.27
OUT_06966,83.33
OUT_06967,309.49
OUT_06968,108.68
OUT_06969,175.48
OUT_06970,83.98
OUT_06971,101.71
OUT_06972,95.06
OUT_06973,75.93
OUT_06974,311.47
OUT_06975,64.58
OUT_06976,899.82
OUT_06977,304.7
OUT_06978,149.76
OUT_06979,99.05
OUT_06980,85.85
OUT_06981,1980.5
OUT_06982,91.49
OUT_06983,99.15
OUT_06984,258.82
OUT_06985,1990.35
OUT_06986,88.61
OUT_06987,96.58
OUT_06988,309.4
OUT_06989,224.35
OUT_06990,922.28
OUT_06991,100.34
OUT_06992,93.58
OUT_06993,102.58
OUT_06994,127.16
OUT_06995,100.1
OUT_06996,905.39
OUT_06997,246.5
OUT_06998,91.95
OUT_06999,330.98
OUT_07000,1001.89
OUT_07001,351.79
OUT_07002,952.87
OUT_07003,347.29
OUT_07004,106.76
OUT_07005,133.49
OUT_07006,84.7
OUT_07007,315.1
OUT_07008,2081.07
OUT_07009,335.23
OUT_07010,316.19
OUT_07011,114.79
OUT_07012,922.88
OUT_07013,1949.97
OUT_07014,313.49
OUT_07015,86.56
OUT_07016,1955.16
OUT_07017,124.01
OUT_07018,301.26
OUT_07019,97.61
OUT_07020,915.04
OUT_07021,329.76
OUT_07022,111.85
OUT_07023,132.26
OUT_07024,291.9
OUT_07025,128.16
OUT_07026,1852.57
OUT_07027,2001.64
OUT_07028,128.33
OUT_07029,930.2
OUT_07030,144.83
OUT_07031,889.63
OUT_07032,213.7
OUT_07033,385.94
OUT_07034,96.97
OUT_07035,103.33
OUT_07036,103.72
OUT_07037,278.39
OUT_07038,110.33
OUT_07039,99.97
OUT_07040,300.21
OUT_07041,93.52
OUT_07042,290.54
OUT_07043,139.06
OUT_07044,281.9
OUT_07045,302.03
OUT_07046,319.36
OUT_07047,128.23
OUT_07048,1032.92
OUT_07049,99.34
OUT_07050,274.44
OUT_07051,328.45
OUT_07052,124.31
OUT_07053,127.14
OUT_07054,311.65
OUT_07055,107.89
OUT_07056,1001.45
OUT_07057,895.98
OUT_07058,234.22
OUT_07059,145.05
OUT_07060,128.92
OUT_07061,770.32
OUT_07062,289.18
OUT_07063,105.02
OUT_07064,293.56
OUT_07065,971.5
OUT_07066,109.74
OUT_07067,353.82
OUT_07068,1946.13
OUT_07069,94.88
OUT_07070,290.06
OUT_07071,92.39
OUT_07072,114.18
OUT_07073,89.96
OUT_07074,131.48
OUT_07075,106.28
OUT_07076,151.99
OUT_07077,55.16
OUT_07078,257.02
OUT_07079,81.89
OUT_07080,1932.86
OUT_07081,346.42
OUT_07082,121.97
OUT_07083,147.46
OUT_07084,91.85
OUT_07085,358.19
OUT_07086,113.69
OUT_07087,84.14
OUT_07088,230.38
OUT_07089,1884.79
OUT_07090,314.35
OUT_07091,227.37
OUT_07092,137.24
OUT_07093,935.94
OUT_07094,232.88
OUT_07095,64.82
OUT_07096,254.11
OUT_07097,309.39
OUT_07098,164.58
OUT_07099,320.15
OUT_07100,135.93
OUT_07101,952.4
OUT_07102,94.55
OUT_07103,128.07
OUT_07104,99.66
OUT_07105,250.25
OUT_07106,121.9
OUT_07107,100.18
OUT_07108,933.3
OUT_07109,143.45
OUT_07110,159.24
OUT_07111,304.7
OUT_07112,283.41
OUT_07113,329.25
OUT_07114,303.4
OUT_07115,335.03
OUT_07116,111.04
OUT_07117,117.65
OUT_07118,84.62
OUT_07119,249.59
OUT_07120,301.81
OUT_07121,1030.23
OUT_07122,853.34
OUT_07123,102.48
OUT_07124,942.99
OUT_07125,139.46
OUT_07126,319.95
OUT_07127,101.99
OUT_07128,84.41
OUT_07129,309.21
OUT_07130,125.87
OUT_07131,115.11
OUT_07132,307.49
OUT_07133,84.78
OUT_07134,122.64
OUT_07135,2064.78
OUT_07136,96.03
OUT_07137,111.68
OUT_07138,952.01
OUT_07139,105.76
OUT_07140,136.38
OUT_07141,979.8
OUT_07142,118.79
OUT_07143,140.94
OUT_07144,976.18
OUT_07145,136.52
OUT_07146,98.04
OUT_07147,995.18
OUT_07148,994.72
OUT_07149,371.63
OUT_07150,901.06
OUT_07151,117.77
OUT_07152,138.62
OUT_07153,110.47
OUT_07154,106.47
OUT_07155,312.57
OUT_07156,952.91
OUT_07157,303.83
OUT_07158,121.0
OUT_07159,130.51
OUT_07160,132.64
OUT_07161,2088.7
OUT_07162,106.73
OUT_07163,138.49
OUT_07164,95.88
OUT_07165,107.64
OUT_07166,295.79
OUT_07167,167.54
OUT_07168,80.91
OUT_07169,304.61
OUT_07170,128.39
OUT_07171,89.92
OUT_07172,97.69
OUT_07173,130.14
OUT_07174,98.23
OUT_07175,91.07
OUT_07176,130.28
OUT_07177,2023.16
OUT_07178,224.42
OUT_07179,128.0
OUT_07180,77.01
OUT_07181,342.1
OUT_07182,61.52
OUT_07183,932.22
OUT_07184,297.12
OUT_07185,147.02
OUT_07186,157.04
OUT_07187,939.62
OUT_07188,80.57
OUT_07189,113.09
OUT_07190,100.29
OUT_07191,76.26
OUT_07192,111.67
OUT_07193,329.92
OUT_07194,923.16
OUT_07195,939.62
OUT_07196,227.54
OUT_07197,123.97
OUT_07198,97.65
OUT_07199,254.12
OUT_07200,99.82
OUT_07201,336.02
OUT_07202,96.06
OUT_07203,373.12
OUT_07204,123.74
OUT_07205,94.92
OUT_07206,79.21
OUT_07207,267.86
OUT_07208,137.33
OUT_07209,252.98
OUT_07210,87.08
OUT_07211,106.28
OUT_07212,329.96
OUT_07213,103.37
OUT_07214,914.19
OUT_07215,2036.28
OUT_07216,76.01
OUT_07217,95.4
OUT_07218,243.72
OUT_07219,977.77
OUT_07220,109.12
OUT_07221,111.7
OUT_07222,99.18
OUT_07223,140.63
OUT_07224,130.81
OUT_07225,2041.84
OUT_07226,103.18
OUT_07227,944.72
OUT_07228,82.21
OUT_07229,127.43
OUT_07230,98.18
OUT_07231,98.96
OUT_07232,261.37
OUT_07233,1978.92
OUT_07234,96.21
OUT_07235,336.79
OUT_07236,153.99
OUT_07237,86.65
OUT_07238,90.54
OUT_07239,270.65
OUT_07240,128.15
OUT_07241,124.25
OUT_07242,89.17
OUT_07243,359.02
OUT_07244,142.88
OUT_07245,352.11
OUT_07246,145.86
OUT_07247,289.73
OUT_07248,116.98
OUT_07249,122.45
OUT_07250,1917.33
OUT_07251,266.33
OUT_07252,328.83
OUT_07253,91.42
OUT_07254,128.59
OUT_07255,98.98
OUT_07256,218.9
OUT_07257,261.45
OUT_07258,969.11
OUT_07259,906.33
OUT_07260,93.06
OUT_07261,143.02
OUT_07262,311.07
OUT_07263,889.53
OUT_07264,110.88
OUT_07265,92.77
OUT_07266,971.23
OUT_07267,84.15
OUT_07268,265.71
OUT_07269,316.54
OUT_07270,117.16
OUT_07271,101.51
OUT_07272,342.69
OUT_07273,1024.09
OUT_07274,962.53
OUT_07275,109.27
OUT_07276,1940.99
OUT_07277,90.84
OUT_07278,92.02
OUT_07279,110.99
OUT_07280,317.01
OUT_07281,976.15
OUT_07282,302.72
OUT_07283,115.23
OUT_07284,266.63
OUT_07285,2218.37
OUT_07286,249.24
OUT_07287,116.81
OUT_07288,98.36
OUT_07289,930.56
OUT_07290,86.05
OUT_07291,145.53
OUT_07292,183.77
OUT_07293,141.67
OUT_07294,129.88
OUT_07295,144.19
OUT_07296,358.24
OUT_07297,109.34
OUT_07298,988.6
OUT_07299,80.32
OUT_07300,986.51
OUT_07301,84.69
OUT_07302,273.64
OUT_07303,116.43
OUT_07304,48.77
OUT_07305,929.79
OUT_07306,150.63
OUT_07307,989.28
OUT_07308,123.37
OUT_07309,122.28
OUT_07310,123.2
OUT_07311,314.4
OUT_07312,104.2
OUT_07313,116.01
OUT_07314,885.49
OUT_07315,269.0
OUT_07316,2054.24
OUT_07317,811.92
OUT_07318,287.82
OUT_07319,76.91
OUT_07320,145.54
OUT_07321,1912.64
OUT_07322,342.26
OUT_07323,89.88
OUT_07324,971.03
OUT_07325,121.23
OUT_07326,82.83
OUT_07327,946.05
OUT_07328,258.81
OUT_07329,328.43
OUT_07330,267.31
OUT_07331,870.44
OUT_07332,98.11
OUT_07333,317.92
OUT_07334,294.92
OUT_07335,948.02
OUT_07336,129.16
OUT_07337,130.4
OUT_07338,98.13
OUT_07339,105.3
OUT_07340,126.94
OUT_07341,916.14
OUT_07342,166.68
OUT_07343,375.78
OUT_07344,133.38
OUT_07345,120.13
OUT_07346,100.9
OUT_07347,309.82
OUT_07348,273.7
OUT_07349,925.3
OUT_07350,102.55
OUT_07351,228.52
OUT_07352,125.72
OUT_07353,56.6
OUT_07354,960.23
OUT_07355,80.33
OUT_07356,222.24
OUT_07357,254.27
OUT_07358,131.95
OUT_07359,100.54
OUT_07360,94.08
OUT_07361,130.09
OUT_07362,344.96
OUT_07363,122.97
OUT_07364,257.75
OUT_07365,113.93
OUT_07366,87.62
OUT_07367,940.1
OUT_07368,958.54
OUT_07369,135.36
OUT_07370,95.38
OUT_07371,235.82
OUT_07372,147.12
OUT_07373,102.45
OUT_07374,907.62
OUT_07375,114.88
OUT_07376,345.47
OUT_07377,97.27
OUT_07378,863.68
OUT_07379,159.45
OUT_07380,935.42
OUT_07381,100.35
OUT_07382,270.67
OUT_07383,253.53
OUT_07384,103.32
OUT_07385,101.15
OUT_07386,891.36
OUT_07387,107.12
OUT_07388,2123.82
OUT_07389,143.95
OUT_07390,918.74
OUT_07391,2003.32
OUT_07392,84.2
OUT_07393,877.37
OUT_07394,89.27
OUT_07395,119.8
OUT_07396,386.66
OUT_07397,129.65
OUT_07398,117.06
OUT_07399,125.69
OUT_07400,325.16
OUT_07401,118.13
OUT_07402,301.33
OUT_07403,111.92
OUT_07404,108.85
OUT_07405,88.8
OUT_07406,131.03
OUT_07407,121.48
OUT_07408,2005.71
OUT_07409,97.34
OUT_07410,237.81
OUT_07411,95.07
OUT_07412,127.17
OUT_07413,364.35
OUT_07414,270.72
OUT_07415,271.25
OUT_07416,349.52
OUT_07417,2008.05
OUT_07418,951.35
OUT_07419,116.48
OUT_07420,398.51
OUT_07421,127.86
OUT_07422,943.03
OUT_07423,342.32
OUT_07424,99.25
OUT_07425,227.43
OUT_07426,346.16
OUT_07427,95.02
OUT_07428,303.92
OUT_07429,251.34
OUT_07430,97.28
OUT_07431,109.4
OUT_07432,979.18
OUT_07433,84.77
OUT_07434,86.13
OUT_07435,130.72
OUT_07436,92.39
OUT_07437,156.61
OUT_07438,129.06
OUT_07439,31.98
OUT_07440,304.33
OUT_07441,110.91
OUT_07442,94.78
OUT_07443,934.29
OUT_07444,331.05
OUT_07445,81.36
OUT_07446,124.8
OUT_07447,318.33
OUT_07448,271.37
OUT_07449,98.05
OUT_07450,109.64
OUT_07451,923.24
OUT_07452,232.24
OUT_07453,226.57
OUT_07454,76.5
OUT_07455,265.8
OUT_07456,963.39
OUT_07457,84.86
OUT_07458,364.78
OUT_07459,118.5
OUT_07460,169.23
OUT_07461,79.92
OUT_07462,247.42
OUT_07463,298.81
OUT_07464,320.0
OUT_07465,103.28
OUT_07466,976.67
OUT_07467,312.08
OUT_07468,108.57
OUT_07469,846.84
OUT_07470,100.83
OUT_07471,244.68
OUT_07472,812.75
OUT_07473,106.91
OUT_07474,1966.17
OUT_07475,269.41
OUT_07476,91.02
OUT_07477,117.99
OUT_07478,110.09
OUT_07479,125.26
OUT_07480,937.45
OUT_07481,301.92
OUT_07482,107.88
OUT_07483,1032.99
OUT_07484,298.36
OUT_07485,243.38
OUT_07486,287.94
OUT_07487,315.97
OUT_07488,319.26
OUT_07489,265.73
OUT_07490,860.51
OUT_07491,349.54
OUT_07492,2119.08
OUT_07493,273.7
OUT_07494,272.82
OUT_07495,329.53
OUT_07496,87.1
OUT_07497,247.17
OUT_07498,359.37
OUT_07499,331.56
OUT_07500,75.58
OUT_07501,264.41
OUT_07502,154.78
OUT_07503,362.35
OUT_07504,1988.22
OUT_07505,880.15
OUT_07506,90.09
OUT_07507,83.2
OUT_07508,97.36
OUT_07509,145.05
OUT_07510,125.64
OUT_07511,111.72
OUT_07512,320.76
OUT_07513,288.38
OUT_07514,96.51
OUT_07515,910.98
OUT_07516,99.47
OUT_07517,104.99
OUT_07518,97.72
OUT_07519,2036.85
OUT_07520,308.18
OUT_07521,100.16
OUT_07522,334.48
OUT_07523,136.58
OUT_07524,314.93
OUT_07525,121.69
OUT_07526,116.78
OUT_07527,142.0
OUT_07528,90.59
OUT_07529,115.8
OUT_07530,318.07
OUT_07531,150.31
OUT_07532,300.28
OUT_07533,319.13
OUT_07534,98.61
OUT_07535,258.58
OUT_07536,849.1
OUT_07537,105.67
OUT_07538,151.48
OUT_07539,333.64
OUT_07540,100.55
OUT_07541,84.1
OUT_07542,107.67
OUT_07543,152.31
OUT_07544,78.9
OUT_07545,315.4
OUT_07546,2112.43
OUT_07547,259.53
OUT_07548,102.49
OUT_07549,92.43
OUT_07550,122.2
OUT_07551,132.29
OUT_07552,291.78
OUT_07553,2011.46
OUT_07554,86.82
OUT_07555,93.76
OUT_07556,130.78
OUT_07557,939.73
OUT_07558,87.61
OUT_07559,88.43
OUT_07560,111.95
OUT_07561,264.45
OUT_07562,80.33
OUT_07563,292.53
OUT_07564,116.87
OUT_07565,129.49
OUT_07566,105.47
OUT_07567,109.04
OUT_07568,140.55
OUT_07569,86.13
OUT_07570,148.77
OUT_07571,344.28
OUT_07572,170.77
OUT_07573,107.2
OUT_07574,880.75
OUT_07575,121.09
OUT_07576,286.81
OUT_07577,129.82
OUT_07578,857.98
OUT_07579,97.0
OUT_07580,143.92
OUT_07581,969.66
OUT_07582,110.27
OUT_07583,154.55
OUT_07584,105.51
OUT_07585,101.21
OUT_07586,307.84
OUT_07587,881.3
OUT_07588,192.49
OUT_07589,111.92
OUT_07590,917.3
OUT_07591,995.92
OUT_07592,100.48
OUT_07593,326.65
OUT_07594,101.01
OUT_07595,83.77
OUT_07596,90.15
OUT_07597,119.75
OUT_07598,367.15
OUT_07599,116.91
OUT_07600,982.42
OUT_07601,113.46
OUT_07602,109.93
OUT_07603,123.4
OUT_07604,2093.05
OUT_07605,1025.5
OUT_07606,111.19
OUT_07607,96.15
OUT_07608,97.82
OUT_07609,339.81
OUT_07610,103.81
OUT_07611,343.92
OUT_07612,158.06
OUT_07613,162.67
OUT_07614,87.23
OUT_07615,263.65
OUT_07616,113.58
OUT_07617,929.02
OUT_07618,92.69
OUT_07619,248.31
OUT_07620,340.81
OUT_07621,316.42
OUT_07622,313.67
OUT_07623,124.32
OUT_07624,103.99
OUT_07625,916.73
OUT_07626,107.48
OUT_07627,870.62
OUT_07628,75.94
OUT_07629,958.74
OUT_07630,89.29
OUT_07631,160.51
OUT_07632,108.95
OUT_07633,975.03
OUT_07634,118.89
OUT_07635,900.46
OUT_07636,996.79
OUT_07637,77.87
OUT_07638,294.41
OUT_07639,2110.23
OUT_07640,83.26
OUT_07641,234.67
OUT_07642,153.76
OUT_07643,354.37
OUT_07644,159.07
OUT_07645,148.25
OUT_07646,297.86
OUT_07647,161.73
OUT_07648,126.25
OUT_07649,250.7
OUT_07650,329.92
OUT_07651,86.42
OUT_07652,102.94
OUT_07653,98.64
OUT_07654,274.47
OUT_07655,1972.9
OUT_07656,112.99
OUT_07657,104.41
OUT_07658,2019.73
OUT_07659,302.55
OUT_07660,97.88
OUT_07661,271.37
OUT_07662,262.01
OUT_07663,101.91
OUT_07664,278.82
OUT_07665,122.71
OUT_07666,138.6
OUT_07667,306.32
OUT_07668,110.48
OUT_07669,79.29
OUT_07670,116.26
OUT_07671,1034.84
OUT_07672,92.71
OUT_07673,109.6
OUT_07674,891.07
OUT_07675,121.01
OUT_07676,162.44
OUT_07677,867.03
OUT_07678,807.15
OUT_07679,963.98
OUT_07680,113.93
OUT_07681,296.64
OUT_07682,952.91
OUT_07683,95.04
OUT_07684,350.65
OUT_07685,1032.3
OUT_07686,106.41
OUT_07687,2012.54
OUT_07688,1981.76
OUT_07689,201.92
OUT_07690,84.62
OUT_07691,123.16
OUT_07692,87.24
OUT_07693,355.15
OUT_07694,134.74
OUT_07695,119.11
OUT_07696,104.2
OUT_07697,137.65
OUT_07698,138.3
OUT_07699,119.5
OUT_07700,107.11
OUT_07701,79.29
OUT_07702,996.7
OUT_07703,1964.4
OUT_07704,915.51
OUT_07705,325.61
OUT_07706,242.49
OUT_07707,100.01
OUT_07708,279.5
OUT_07709,272.97
OUT_07710,133.98
OUT_07711,123.66
OUT_07712,333.29
OUT_07713,330.22
OUT_07714,199.14
OUT_07715,325.85
OUT_07716,167.91
OUT_07717,102.39
OUT_07718,262.5
OUT_07719,90.57
OUT_07720,1973.4
OUT_07721,321.5
OUT_07722,867.17
OUT_07723,97.82
OUT_07724,263.38
OUT_07725,303.64
OUT_07726,125.47
OUT_07727,146.93
OUT_07728,109.14
OUT_07729,115.98
OUT_07730,227.47
OUT_07731,138.65
OUT_07732,284.36
OUT_07733,68.72
OUT_07734,988.61
OUT_07735,121.97
OUT_07736,2046.58
OUT_07737,116.27
OUT_07738,119.41
OUT_07739,360.68
OUT_07740,241.76
OUT_07741,122.45
OUT_07742,830.49
OUT_07743,107.82
OUT_07744,122.78
OUT_07745,106.6
OUT_07746,1000.65
OUT_07747,317.95
OUT_07748,121.32
OUT_07749,245.97
OUT_07750,304.92
OUT_07751,158.14
OUT_07752,112.58
OUT_07753,288.59
OUT_07754,118.63
OUT_07755,340.13
OUT_07756,106.47
OUT_07757,94.29
OUT_07758,87.83
OUT_07759,130.82
OUT_07760,293.98
OUT_07761,117.51
OUT_07762,1927.16
OUT_07763,289.27
OUT_07764,111.41
OUT_07765,2036.77
OUT_07766,95.29
OUT_07767,150.42
OUT_07768,111.64
OUT_07769,915.33
OUT_07770,128.02
OUT_07771,302.43
OUT_07772,937.28
OUT_07773,284.12
OUT_07774,251.96
OUT_07775,957.54
OUT_07776,98.98
OUT_07777,107.61
OUT_07778,86.86
OUT_07779,133.73
OUT_07780,138.15
OUT_07781,366.0
OUT_07782,271.08
OUT_07783,129.68
OUT_07784,542.32
OUT_07785,348.71
OUT_07786,964.48
OUT_07787,971.73
OUT_07788,80.3
OUT_07789,105.06
OUT_07790,329.68
OUT_07791,968.68
OUT_07792,977.76
OUT_07793,921.14
OUT_07794,85.76
OUT_07795,1014.79
OUT_07796,2045.11
OUT_07797,97.84
OUT_07798,331.23
OUT_07799,101.79
OUT_07800,89.53
OUT_07801,1001.21
OUT_07802,118.39
OUT_07803,139.91
OUT_07804,132.22
OUT_07805,117.28
OUT_07806,329.78
OUT_07807,112.31
OUT_07808,89.2
OUT_07809,294.79
OUT_07810,1852.12
OUT_07811,121.82
OUT_07812,119.33
OUT_07813,98.77
OUT_07814,109.51
OUT_07815,2077.34
OUT_07816,104.14
OUT_07817,1023.16
OUT_07818,114.83
OUT_07819,243.47
OUT_07820,133.56
OUT_07821,100.39
OUT_07822,79.43
OUT_07823,907.08
OUT_07824,90.48
OUT_07825,304.62
OUT_07826,94.45
OUT_07827,305.8
OUT_07828,108.16
OUT_07829,75.5
OUT_07830,949.13
OUT_07831,319.8
OUT_07832,950.87
OUT_07833,232.07
OUT_07834,321.59
OUT_07835,111.8
OUT_07836,304.32
OUT_07837,2016.88
OUT_07838,325.42
OUT_07839,92.72
OUT_07840,318.08
OUT_07841,103.23
OUT_07842,126.14
OUT_07843,99.78
OUT_07844,101.33
OUT_07845,930.17
OUT_07846,260.98
OUT_07847,305.14
OUT_07848,102.91
OUT_07849,93.32
OUT_07850,71.62
OUT_07851,123.44
OUT_07852,167.81
OUT_07853,96.94
OUT_07854,83.9
OUT_07855,315.04
OUT_07856,297.83
OUT_07857,252.08
OUT_07858,970.75
OUT_07859,947.42
OUT_07860,312.97
OUT_07861,270.25
OUT_07862,111.94
OUT_07863,253.65
OUT_07864,325.87
OUT_07865,108.27
OUT_07866,152.38
OUT_07867,924.86
OUT_07868,100.8
OUT_07869,299.21
OUT_07870,257.02
OUT_07871,151.29
OUT_07872,120.59
OUT_07873,96.23
OUT_07874,121.03
OUT_07875,970.65
OUT_07876,2016.03
OUT_07877,2077.97
OUT_07878,116.9
OUT_07879,880.61
OUT_07880,2038.61
OUT_07881,98.25
OUT_07882,83.37
OUT_07883,949.0
OUT_07884,333.91
OUT_07885,97.7
OUT_07886,311.2
OUT_07887,121.36
OUT_07888,301.1
OUT_07889,122.96
OUT_07890,92.49
OUT_07891,130.72
OUT_07892,149.08
OUT_07893,1040.7
OUT_07894,135.02
OUT_07895,114.17
OUT_07896,2012.51
OUT_07897,867.1
OUT_07898,271.79
OUT_07899,377.18
OUT_07900,130.37
OUT_07901,904.92
OUT_07902,128.49
OUT_07903,105.5
OUT_07904,90.17
OUT_07905,96.81
OUT_07906,119.93
OUT_07907,99.33
OUT_07908,945.32
OUT_07909,255.93
OUT_07910,289.91
OUT_07911,883.06
OUT_07912,104.25
OUT_07913,129.94
OUT_07914,115.19
OUT_07915,259.08
OUT_07916,2064.96
OUT_07917,135.28
OUT_07918,97.68
OUT_07919,114.43
OUT_07920,324.57
OUT_07921,120.38
OUT_07922,99.28
OUT_07923,2029.48
OUT_07924,892.0
OUT_07925,1914.91
OUT_07926,135.45
OUT_07927,114.84
OUT_07928,125.36
OUT_07929,91.95
OUT_07930,891.61
OUT_07931,111.1
OUT_07932,276.8
OUT_07933,99.4
OUT_07934,140.73
OUT_07935,954.65
OUT_07936,93.31
OUT_07937,170.58
OUT_07938,937.64
OUT_07939,273.9
OUT_07940,137.68
OUT_07941,299.2
OUT_07942,134.51
OUT_07943,254.08
OUT_07944,107.23
OUT_07945,258.44
OUT_07946,138.99
OUT_07947,242.21
OUT_07948,234.16
OUT_07949,1065.44
OUT_07950,141.07
OUT_07951,121.61
OUT_07952,89.56
OUT_07953,94.13
OUT_07954,309.98
OUT_07955,313.1
OUT_07956,234.07
OUT_07957,308.96
OUT_07958,106.78
OUT_07959,147.09
OUT_07960,92.66
OUT_07961,129.54
OUT_07962,230.94
OUT_07963,83.89
OUT_07964,86.87
OUT_07965,300.16
OUT_07966,296.94
OUT_07967,868.75
OUT_07968,140.09
OUT_07969,316.24
OUT_07970,795.06
OUT_07971,903.29
OUT_07972,297.96
OUT_07973,145.7
OUT_07974,312.2
OUT_07975,144.1
OUT_07976,158.38
OUT_07977,98.77
OUT_07978,292.95
OUT_07979,82.51
OUT_07980,2026.72
OUT_07981,113.75
OUT_07982,109.6
OUT_07983,138.37
OUT_07984,83.1
OUT_07985,922.77
OUT_07986,126.79
OUT_07987,151.2
OUT_07988,141.82
OUT_07989,157.5
OUT_07990,134.61
OUT_07991,918.95
OUT_07992,128.02
OUT_07993,974.79
OUT_07994,76.56
OUT_07995,101.23
OUT_07996,102.65
OUT_07997,400.8
OUT_07998,86.31
OUT_07999,157.61
OUT_08000,98.71
OUT_08001,941.67
OUT_08002,237.79
OUT_08003,101.48
OUT_08004,157.52
OUT_08005,96.95
OUT_08006,97.46
OUT_08007,126.31
OUT_08008,297.34
OUT_08009,113.38
OUT_08010,202.61
OUT_08011,152.53
OUT_08012,101.4
OUT_08013,235.58
OUT_08014,240.75
OUT_08015,939.29
OUT_08016,104.73
OUT_08017,99.0
OUT_08018,107.65
OUT_08019,245.56
OUT_08020,156.52
OUT_08021,70.79
OUT_08022,308.94
OUT_08023,269.93
OUT_08024,107.26
OUT_08025,908.88
OUT_08026,310.35
OUT_08027,144.97
OUT_08028,95.03
OUT_08029,963.41
OUT_08030,802.16
OUT_08031,107.2
OUT_08032,2040.61
OUT_08033,1911.7
OUT_08034,118.82
OUT_08035,276.55
OUT_08036,137.47
OUT_08037,995.08
OUT_08038,330.01
OUT_08039,978.92
OUT_08040,111.22
OUT_08041,904.49
OUT_08042,316.14
OUT_08043,139.21
OUT_08044,130.33
OUT_08045,1990.96
OUT_08046,100.14
OUT_08047,2102.59
OUT_08048,158.7
OUT_08049,127.64
OUT_08050,939.22
OUT_08051,152.14
OUT_08052,324.21
OUT_08053,141.38
OUT_08054,126.7
OUT_08055,918.09
OUT_08056,120.65
OUT_08057,310.37
OUT_08058,259.4
OUT_08059,879.14
OUT_08060,76.01
OUT_08061,136.39
OUT_08062,951.68
OUT_08063,317.72
OUT_08064,109.73
OUT_08065,262.94
OUT_08066,977.22
OUT_08067,994.17
OUT_08068,84.57
OUT_08069,301.84
OUT_08070,299.35
OUT_08071,82.7
OUT_08072,267.56
OUT_08073,113.38
OUT_08074,103.94
OUT_08075,198.8
OUT_08076,287.75
OUT_08077,136.88
OUT_08078,263.86
OUT_08079,1958.49
OUT_08080,302.47
OUT_08081,112.16
OUT_08082,214.18
OUT_08083,928.13
OUT_08084,88.16
OUT_08085,97.03
OUT_08086,73.73
OUT_08087,91.13
OUT_08088,261.65
OUT_08089,128.91
OUT_08090,2000.53
OUT_08091,330.09
OUT_08092,129.88
OUT_08093,250.46
OUT_08094,98.28
OUT_08095,109.02
OUT_08096,143.96
OUT_08097,986.94
OUT_08098,271.91
OUT_08099,830.07
OUT_08100,1992.49
OUT_08101,120.13
OUT_08102,262.64
OUT_08103,104.38
OUT_08104,99.04
OUT_08105,281.88
OUT_08106,138.76
OUT_08107,229.24
OUT_08108,110.0
OUT_08109,2046.92
OUT_08110,94.42
OUT_08111,255.54
OUT_08112,923.86
OUT_08113,94.73
OUT_08114,923.18
OUT_08115,107.28
OUT_08116,294.59
OUT_08117,142.86
OUT_08118,925.0
OUT_08119,116.66
OUT_08120,859.4
OUT_08121,91.12
OUT_08122,84.24
OUT_08123,248.98
OUT_08124,92.51
OUT_08125,340.82
OUT_08126,889.87
OUT_08127,865.35
OUT_08128,1005.91
OUT_08129,885.67
OUT_08130,89.08
OUT_08131,900.99
OUT_08132,101.53
OUT_08133,100.8
OUT_08134,275.68
OUT_08135,353.73
OUT_08136,81.34
OUT_08137,238.9
OUT_08138,927.31
OUT_08139,246.03
OUT_08140,963.22
OUT_08141,96.3
OUT_08142,130.18
OUT_08143,307.25
OUT_08144,127.9
OUT_08145,904.97
OUT_08146,131.8
OUT_08147,99.46
OUT_08148,294.18
OUT_08149,72.7
OUT_08150,154.92
OUT_08151,256.06
OUT_08152,80.05
OUT_08153,259.67
OUT_08154,244.57
OUT_08155,111.82
OUT_08156,145.45
OUT_08157,119.98
OUT_08158,1041.89
OUT_08159,1954.86
OUT_08160,920.04
OUT_08161,110.03
OUT_08162,136.87
OUT_08163,94.4
OUT_08164,140.18
OUT_08165,309.12
OUT_08166,154.63
OUT_08167,326.69
OUT_08168,73.43
OUT_08169,118.56
OUT_08170,124.66
OUT_08171,140.18
OUT_08172,315.53
OUT_08173,250.02
OUT_08174,153.05
OUT_08175,949.44
OUT_08176,93.15
OUT_08177,1009.43
OUT_08178,306.23
OUT_08179,951.18
OUT_08180,121.82
OUT_08181,252.88
OUT_08182,261.77
OUT_08183,144.18
OUT_08184,152.4
OUT_08185,114.77
OUT_08186,890.13
OUT_08187,931.56
OUT_08188,322.03
OUT_08189,92.47
OUT_08190,310.97
OUT_08191,95.41
OUT_08192,241.24
OUT_08193,96.29
OUT_08194,106.54
OUT_08195,988.47
OUT_08196,221.61
OUT_08197,97.83
OUT_08198,261.98
OUT_08199,331.87
OUT_08200,87.92
OUT_08201,2073.49
OUT_08202,130.81
OUT_08203,128.62
OUT_08204,173.68
OUT_08205,80.61
OUT_08206,940.49
OUT_08207,106.07
OUT_08208,245.97
OUT_08209,297.67
OUT_08210,84.82
OUT_08211,109.45
OUT_08212,123.16
OUT_08213,117.5
OUT_08214,75.86
OUT_08215,332.96
OUT_08216,831.3
OUT_08217,988.13
OUT_08218,2142.95
OUT_08219,250.42
OUT_08220,137.53
OUT_08221,918.79
OUT_08222,949.51
OUT_08223,115.7
OUT_08224,136.07
OUT_08225,969.81
OUT_08226,1964.35
OUT_08227,927.85
OUT_08228,1008.4
OUT_08229,154.69
OUT_08230,309.2
OUT_08231,1961.74
OUT_08232,96.42
OUT_08233,928.08
OUT_08234,1047.56
OUT_08235,103.57
OUT_08236,158.21
OUT_08237,932.31
OUT_08238,321.84
OUT_08239,254.88
OUT_08240,123.28
OUT_08241,947.06
OUT_08242,113.2
OUT_08243,968.92
OUT_08244,77.85
OUT_08245,99.64
OUT_08246,95.09
OUT_08247,327.12
OUT_08248,115.61
OUT_08249,135.75
OUT_08250,115.52
OUT_08251,302.08
OUT_08252,122.09
OUT_08253,114.59
OUT_08254,330.41
OUT_08255,414.07
OUT_08256,133.78
OUT_08257,315.77
OUT_08258,313.52
OUT_08259,241.51
OUT_08260,885.66
OUT_08261,965.22
OUT_08262,274.93
OUT_08263,109.05
OUT_08264,315.24
OUT_08265,110.61
OUT_08266,54.01
OUT_08267,294.49
OUT_08268,155.81
OUT_08269,115.42
OUT_08270,276.07
OUT_08271,1003.16
OUT_08272,336.67
OUT_08273,976.41
OUT_08274,111.29
OUT_08275,918.35
OUT_08276,103.76
OUT_08277,214.29
OUT_08278,2056.82
OUT_08279,320.74
OUT_08280,944.7
OUT_08281,903.45
OUT_08282,124.05
OUT_08283,92.21
OUT_08284,134.69
OUT_08285,137.47
OUT_08286,265.28
OUT_08287,312.84
OUT_08288,289.35
OUT_08289,142.31
OUT_08290,135.65
OUT_08291,117.1
OUT_08292,997.54
OUT_08293,81.22
OUT_08294,281.89
OUT_08295,105.96
OUT_08296,2093.94
OUT_08297,114.79
OUT_08298,2034.03
OUT_08299,92.97
OUT_08300,324.92
OUT_08301,123.41
OUT_08302,109.62
OUT_08303,302.07
OUT_08304,1942.82
OUT_08305,985.7
OUT_08306,123.53
OUT_08307,963.36
OUT_08308,339.57
OUT_08309,322.02
OUT_08310,276.21
OUT_08311,102.64
OUT_08312,138.45
OUT_08313,924.81
OUT_08314,107.84
OUT_08315,115.75
OUT_08316,122.01
OUT_08317,141.89
OUT_08318,101.34
OUT_08319,287.24
OUT_08320,302.72
OUT_08321,289.05
OUT_08322,131.49
OUT_08323,260.97
OUT_08324,105.98
OUT_08325,288.12
OUT_08326,310.45
OUT_08327,922.48
OUT_08328,324.78
OUT_08329,309.67
OUT_08330,915.54
OUT_08331,926.13
OUT_08332,887.69
OUT_08333,88.43
OUT_08334,150.34
OUT_08335,256.69
OUT_08336,142.65
OUT_08337,96.05
OUT_08338,315.31
OUT_08339,151.06
OUT_08340,337.22
OUT_08341,104.69
OUT_08342,347.87
OUT_08343,147.44
OUT_08344,115.84
OUT_08345,88.03
OUT_08346,261.96
OUT_08347,915.49
OUT_08348,956.58
OUT_08349,70.7
OUT_08350,90.6
OUT_08351,215.03
OUT_08352,142.36
OUT_08353,93.62
OUT_08354,135.78
OUT_08355,952.14
OUT_08356,350.0
OUT_08357,254.33
OUT_08358,302.04
OUT_08359,119.42
OUT_08360,1027.11
OUT_08361,337.38
OUT_08362,911.08
OUT_08363,112.25
OUT_08364,113.82
OUT_08365,84.45
OUT_08366,135.85
OUT_08367,72.29
OUT_08368,82.28
OUT_08369,104.58
OUT_08370,109.12
OUT_08371,294.51
OUT_08372,126.26
OUT_08373,85.06
OUT_08374,147.31
OUT_08375,113.69
OUT_08376,109.37
OUT_08377,261.84
OUT_08378,272.96
OUT_08379,107.02
OUT_08380,314.66
OUT_08381,106.59
OUT_08382,907.86
OUT_08383,88.98
OUT_08384,108.29
OUT_08385,131.87
OUT_08386,266.44
OUT_08387,357.7
OUT_08388,237.74
OUT_08389,114.42
OUT_08390,262.51
OUT_08391,94.9
OUT_08392,108.2
OUT_08393,76.78
OUT_08394,81.43
OUT_08395,104.83
OUT_08396,325.11
OUT_08397,75.21
OUT_08398,234.67
OUT_08399,104.12
OUT_08400,977.91
OUT_08401,123.93
OUT_08402,2014.09
OUT_08403,143.26
OUT_08404,99.51
OUT_08405,126.69
OUT_08406,333.88
OUT_08407,141.47
OUT_08408,869.42
OUT_08409,88.43
OUT_08410,122.03
OUT_08411,278.72
OUT_08412,78.76
OUT_08413,254.05
OUT_08414,310.2
OUT_08415,96.62
OUT_08416,90.36
OUT_08417,92.82
OUT_08418,125.8
OUT_08419,138.81
OUT_08420,142.19
OUT_08421,220.69
OUT_08422,308.37
OUT_08423,96.34
OUT_08424,110.16
OUT_08425,117.06
OUT_08426,137.75
OUT_08427,951.88
OUT_08428,138.19
OUT_08429,164.57
OUT_08430,133.65
OUT_08431,116.14
OUT_08432,2057.38
OUT_08433,120.31
OUT_08434,83.51
OUT_08435,100.85
OUT_08436,322.73
OUT_08437,931.58
OUT_08438,922.91
OUT_08439,147.69
OUT_08440,140.6
OUT_08441,80.93
OUT_08442,2048.52
OUT_08443,305.19
OUT_08444,250.15
OUT_08445,112.36
OUT_08446,290.37
OUT_08447,97.58
OUT_08448,347.43
OUT_08449,932.46
OUT_08450,106.62
OUT_08451,284.34
OUT_08452,2045.43
OUT_08453,131.1
OUT_08454,101.71
OUT_08455,937.21
OUT_08456,108.64
OUT_08457,999.76
OUT_08458,970.93
OUT_08459,237.41
OUT_08460,82.38
OUT_08461,243.69
OUT_08462,96.66
OUT_08463,342.42
OUT_08464,814.05
OUT_08465,291.85
OUT_08466,337.63
OUT_08467,120.32
OUT_08468,293.69
OUT_08469,286.66
OUT_08470,318.36
OUT_08471,100.48
OUT_08472,309.85
OUT_08473,337.73
OUT_08474,978.58
OUT_08475,93.77
OUT_08476,150.67
OUT_08477,970.53
OUT_08478,129.34
OUT_08479,244.89
OUT_08480,199.47
OUT_08481,100.67
OUT_08482,304.17
OUT_08483,106.31
OUT_08484,2150.38
OUT_08485,2001.96
OUT_08486,111.52
OUT_08487,113.32
OUT_08488,104.76
OUT_08489,971.12
OUT_08490,295.99
OUT_08491,291.67
OUT_08492,365.6
OUT_08493,889.69
OUT_08494,143.25
OUT_08495,100.21
OUT_08496,962.53
OUT_08497,123.98
OUT_08498,101.81
OUT_08499,122.66
OUT_08500,96.71
OUT_08501,151.57
OUT_08502,813.18
OUT_08503,107.08
OUT_08504,318.83
OUT_08505,166.82
OUT_08506,876.3
OUT_08507,135.37
OUT_08508,321.43
OUT_08509,91.77
OUT_08510,146.79
OUT_08511,62.29
OUT_08512,947.39
OUT_08513,152.22
OUT_08514,151.62
OUT_08515,340.79
OUT_08516,105.0
OUT_08517,913.55
OUT_08518,289.68
OUT_08519,102.95
OUT_08520,127.62
OUT_08521,111.82
OUT_08522,88.39
OUT_08523,291.05
OUT_08524,349.59
OUT_08525,297.82
OUT_08526,2012.8
OUT_08527,137.19
OUT_08528,76.01
OUT_08529,98.33
OUT_08530,373.69
OUT_08531,106.57
OUT_08532,281.92
OUT_08533,127.81
OUT_08534,98.24
OUT_08535,97.87
OUT_08536,112.93
OUT_08537,832.61
OUT_08538,109.11
OUT_08539,323.77
OUT_08540,955.74
OUT_08541,384.41
OUT_08542,110.04
OUT_08543,401.96
OUT_08544,886.43
OUT_08545,123.45
OUT_08546,114.35
OUT_08547,136.0
OUT_08548,99.89
OUT_08549,1999.92
OUT_08550,868.1
OUT_08551,130.76
OUT_08552,975.64
OUT_08553,342.9
OUT_08554,79.64
OUT_08555,941.24
OUT_08556,317.18
OUT_08557,101.57
OUT_08558,122.86
OUT_08559,711.97
OUT_08560,248.74
OUT_08561,248.72
OUT_08562,109.32
OUT_08563,319.06
OUT_08564,865.52
OUT_08565,962.03
OUT_08566,306.04
OUT_08567,118.51
OUT_08568,907.67
OUT_08569,109.47
OUT_08570,106.17
OUT_08571,175.23
OUT_08572,88.49
OUT_08573,305.17
OUT_08574,266.34
OUT_08575,244.95
OUT_08576,97.6
OUT_08577,281.52
OUT_08578,318.09
OUT_08579,110.84
OUT_08580,111.74
OUT_08581,339.86
OUT_08582,314.05
OUT_08583,1987.93
OUT_08584,114.9
OUT_08585,109.78
OUT_08586,159.93
OUT_08587,141.52
OUT_08588,293.1
OUT_08589,116.51
OUT_08590,249.85
OUT_08591,164.98
OUT_08592,256.34
OUT_08593,82.89
OUT_08594,104.89
OUT_08595,337.72
OUT_08596,298.65
OUT_08597,48.19
OUT_08598,90.17
OUT_08599,116.18
OUT_08600,88.5
OUT_08601,131.06
OUT_08602,352.96
OUT_08603,834.82
OUT_08604,89.19
OUT_08605,114.0
OUT_08606,897.43
OUT_08607,107.54
OUT_08608,296.07
OUT_08609,99.35
OUT_08610,94.12
OUT_08611,271.26
OUT_08612,121.05
OUT_08613,318.38
OUT_08614,2029.2
OUT_08615,109.94
OUT_08616,130.91
OUT_08617,116.54
OUT_08618,262.35
OUT_08619,998.33
OUT_08620,126.84
OUT_08621,145.56
OUT_08622,100.43
OUT_08623,267.64
OUT_08624,114.3
OUT_08625,1879.28
OUT_08626,229.95
OUT_08627,125.89
OUT_08628,107.23
OUT_08629,128.06
OUT_08630,993.63
OUT_08631,1014.47
OUT_08632,92.24
OUT_08633,136.42
OUT_08634,140.32
OUT_08635,87.08
OUT_08636,2001.85
OUT_08637,132.0
OUT_08638,339.54
OUT_08639,123.32
OUT_08640,267.71
OUT_08641,299.38
OUT_08642,1039.09
OUT_08643,311.11
OUT_08644,124.95
OUT_08645,87.01
OUT_08646,88.11
OUT_08647,933.18
OUT_08648,261.81
OUT_08649,106.77
OUT_08650,233.98
OUT_08651,2094.26
OUT_08652,969.47
OUT_08653,981.27
OUT_08654,107.52
OUT_08655,331.44
OUT_08656,255.22
OUT_08657,346.06
OUT_08658,949.89
OUT_08659,102.46
OUT_08660,2108.14
OUT_08661,107.47
OUT_08662,101.53
OUT_08663,98.49
OUT_08664,76.24
OUT_08665,1009.22
OUT_08666,1996.53
OUT_08667,132.2
OUT_08668,146.76
OUT_08669,140.66
OUT_08670,980.44
OUT_08671,115.53
OUT_08672,105.56
OUT_08673,985.95
OUT_08674,321.12
OUT_08675,106.25
OUT_08676,2027.0
OUT_08677,82.7
OUT_08678,130.93
OUT_08679,284.56
OUT_08680,336.89
OUT_08681,113.19
OUT_08682,925.23
OUT_08683,115.18
OUT_08684,114.94
OUT_08685,119.97
OUT_08686,309.31
OUT_08687,133.55
OUT_08688,101.24
OUT_08689,89.39
OUT_08690,99.47
OUT_08691,280.76
OUT_08692,259.1
OUT_08693,322.71
OUT_08694,338.67
OUT_08695,927.63
OUT_08696,121.79
OUT_08697,99.76
OUT_08698,337.46
OUT_08699,339.88
OUT_08700,373.98
OUT_08701,295.23
OUT_08702,264.66
OUT_08703,104.98
OUT_08704,944.58
OUT_08705,290.18
OUT_08706,143.22
OUT_08707,96.58
OUT_08708,901.59
OUT_08709,126.83
OUT_08710,102.29
OUT_08711,130.08
OUT_08712,107.7
OUT_08713,109.25
OUT_08714,250.36
OUT_08715,92.03
OUT_08716,2087.32
OUT_08717,302.83
OUT_08718,113.03
OUT_08719,308.55
OUT_08720,104.16
OUT_08721,886.51
OUT_08722,259.77
OUT_08723,336.82
OUT_08724,98.3
OUT_08725,83.95
OUT_08726,102.6
OUT_08727,117.3
OUT_08728,345.88
OUT_08729,168.87
OUT_08730,118.74
OUT_08731,87.88
OUT_08732,137.27
OUT_08733,146.3
OUT_08734,114.75
OUT_08735,287.16
OUT_08736,870.65
OUT_08737,114.93
OUT_08738,289.66
OUT_08739,1931.27
OUT_08740,109.5
OUT_08741,86.31
OUT_08742,83.81
OUT_08743,106.17
OUT_08744,123.66
OUT_08745,296.14
OUT_08746,132.11
OUT_08747,121.33
OUT_08748,103.48
OUT_08749,357.73
OUT_08750,276.04
OUT_08751,258.77
OUT_08752,129.87
OUT_08753,891.0
OUT_08754,108.89
OUT_08755,61.54
OUT_08756,943.27
OUT_08757,88.96
OUT_08758,106.48
OUT_08759,975.44
OUT_08760,108.66
OUT_08761,941.33
OUT_08762,111.62
OUT_08763,297.73
OUT_08764,863.84
OUT_08765,116.58
OUT_08766,127.27
OUT_08767,911.15
OUT_08768,106.42
OUT_08769,105.24
OUT_08770,309.78
OUT_08771,244.83
OUT_08772,240.64
OUT_08773,104.88
OUT_08774,80.51
OUT_08775,329.68
OUT_08776,1001.86
OUT_08777,127.31
OUT_08778,102.15
OUT_08779,112.21
OUT_08780,1003.01
OUT_08781,319.12
OUT_08782,324.45
OUT_08783,972.04
OUT_08784,231.71
OUT_08785,1020.38
OUT_08786,98.33
OUT_08787,220.07
OUT_08788,98.94
OUT_08789,981.75
OUT_08790,113.68
OUT_08791,295.16
OUT_08792,80.44
OUT_08793,117.35
OUT_08794,277.08
OUT_08795,121.02
OUT_08796,130.05
OUT_08797,104.71
OUT_08798,101.42
OUT_08799,132.01
OUT_08800,139.55
OUT_08801,322.99
OUT_08802,120.54
OUT_08803,297.63
OUT_08804,142.69
OUT_08805,2017.39
OUT_08806,84.95
OUT_08807,295.98
OUT_08808,294.36
OUT_08809,88.86
OUT_08810,99.16
OUT_08811,123.9
OUT_08812,130.74
OUT_08813,99.23
OUT_08814,120.41
OUT_08815,960.41
OUT_08816,90.79
OUT_08817,257.98
OUT_08818,349.82
OUT_08819,263.82
OUT_08820,93.54
OUT_08821,242.4
OUT_08822,320.95
OUT_08823,279.9
OUT_08824,117.83
OUT_08825,125.11
OUT_08826,988.9
OUT_08827,1977.91
OUT_08828,116.26
OUT_08829,87.92
OUT_08830,105.84
OUT_08831,1978.52
OUT_08832,128.62
OUT_08833,97.7
OUT_08834,137.86
OUT_08835,2049.18
OUT_08836,99.81
OUT_08837,252.91
OUT_08838,299.13
OUT_08839,127.08
OUT_08840,982.93
OUT_08841,925.27
OUT_08842,101.92
OUT_08843,956.18
OUT_08844,332.12
OUT_08845,240.0
OUT_08846,370.29
OUT_08847,281.6
OUT_08848,300.63
OUT_08849,360.96
OUT_08850,938.41
OUT_08851,117.9
OUT_08852,129.1
OUT_08853,1011.8
OUT_08854,103.41
OUT_08855,922.05
OUT_08856,122.26
OUT_08857,257.19
OUT_08858,300.6
OUT_08859,89.57
OUT_08860,827.25
OUT_08861,105.16
OUT_08862,129.97
OUT_08863,86.21
OUT_08864,136.34
OUT_08865,296.59
OUT_08866,100.55
OUT_08867,72.54
OUT_08868,101.29
OUT_08869,303.17
OUT_08870,138.12
OUT_08871,911.54
OUT_08872,2034.64
OUT_08873,141.57
OUT_08874,161.88
OUT_08875,319.38
OUT_08876,129.24
OUT_08877,853.68
OUT_08878,257.6
OUT_08879,274.33
OUT_08880,121.77
OUT_08881,106.98
OUT_08882,112.87
OUT_08883,1056.04
OUT_08884,887.79
OUT_08885,118.32
OUT_08886,915.7
OUT_08887,261.15
OUT_08888,66.86
OUT_08889,108.78
OUT_08890,138.09
OUT_08891,945.6
OUT_08892,303.75
OUT_08893,324.16
OUT_08894,146.05
OUT_08895,947.63
OUT_08896,106.45
OUT_08897,305.16
OUT_08898,1051.23
OUT_08899,309.03
OUT_08900,118.44
OUT_08901,146.59
OUT_08902,338.54
OUT_08903,82.7
OUT_08904,141.67
OUT_08905,105.27
OUT_08906,312.26
OUT_08907,300.33
OUT_08908,148.15
OUT_08909,104.78
OUT_08910,942.69
OUT_08911,97.63
OUT_08912,224.45
OUT_08913,902.76
OUT_08914,999.89
OUT_08915,124.48
OUT_08916,120.31
OUT_08917,86.22
OUT_08918,293.27
OUT_08919,143.25
OUT_08920,127.15
OUT_08921,969.52
OUT_08922,313.32
OUT_08923,153.37
OUT_08924,320.13
OUT_08925,1055.83
OUT_08926,165.38
OUT_08927,260.76
OUT_08928,899.6
OUT_08929,2009.8
OUT_08930,129.15
OUT_08931,86.32
OUT_08932,95.61
OUT_08933,300.75
OUT_08934,264.15
OUT_08935,312.12
OUT_08936,86.83
OUT_08937,170.34
OUT_08938,1015.22
OUT_08939,88.72
OUT_08940,86.62
OUT_08941,116.0
OUT_08942,121.99
OUT_08943,118.75
OUT_08944,749.25
OUT_08945,118.48
OUT_08946,936.77
OUT_08947,909.92
OUT_08948,123.29
OUT_08949,227.48
OUT_08950,294.91
OUT_08951,109.46
OUT_08952,100.8
OUT_08953,78.05
OUT_08954,127.21
OUT_08955,76.14
OUT_08956,119.5
OUT_08957,104.13
OUT_08958,950.34
OUT_08959,323.84
OUT_08960,78.51
OUT_08961,111.76
OUT_08962,105.7
OUT_08963,75.22
OUT_08964,918.79
OUT_08965,1000.56
OUT_08966,288.22
OUT_08967,112.84
OUT_08968,340.1
OUT_08969,933.02
OUT_08970,371.17
OUT_08971,145.9
OUT_08972,86.84
OUT_08973,173.64
OUT_08974,299.14
OUT_08975,101.76
OUT_08976,134.56
OUT_08977,103.94
OUT_08978,861.71
OUT_08979,947.39
OUT_08980,114.17
OUT_08981,90.45
OUT_08982,150.59
OUT_08983,260.4
OUT_08984,116.22
OUT_08985,105.9
OUT_08986,867.94
OUT_08987,241.81
OUT_08988,99.05
OUT_08989,110.38
OUT_08990,102.91
OUT_08991,289.11
OUT_08992,885.47
OUT_08993,68.45
OUT_08994,315.07
OUT_08995,2107.51
OUT_08996,89.39
OUT_08997,348.27
OUT_08998,308.56
OUT_08999,299.47
OUT_09000,86.18
OUT_09001,134.77
OUT_09002,143.75
OUT_09003,92.65
OUT_09004,104.88
OUT_09005,91.42
OUT_09006,2048.18
OUT_09007,2092.12
OUT_09008,117.02
OUT_09009,115.08
OUT_09010,969.1
OUT_09011,994.47
OUT_09012,1946.62
OUT_09013,141.09
OUT_09014,916.85
OUT_09015,2060.47
OUT_09016,152.79
OUT_09017,134.42
OUT_09018,149.35
OUT_09019,100.06
OUT_09020,116.28
OUT_09021,113.5
OUT_09022,358.08
OUT_09023,111.89
OUT_09024,1960.27
OUT_09025,324.17
OUT_09026,125.21
OUT_09027,128.63
OUT_09028,319.17
OUT_09029,142.4
OUT_09030,106.12
OUT_09031,97.27
OUT_09032,290.5
OUT_09033,114.72
OUT_09034,356.86
OUT_09035,248.23
OUT_09036,2050.67
OUT_09037,105.02
OUT_09038,302.82
OUT_09039,1025.22
OUT_09040,129.72
OUT_09041,310.55
OUT_09042,973.44
OUT_09043,983.23
OUT_09044,355.85
OUT_09045,305.73
OUT_09046,81.36
OUT_09047,931.53
OUT_09048,949.44
OUT_09049,93.88
OUT_09050,942.58
OUT_09051,952.74
OUT_09052,114.16
OUT_09053,353.67
OUT_09054,346.55
OUT_09055,189.49
OUT_09056,334.1
OUT_09057,301.72
OUT_09058,947.34
OUT_09059,136.97
OUT_09060,108.44
OUT_09061,139.79
OUT_09062,119.01
OUT_09063,141.68
OUT_09064,949.87
OUT_09065,294.25
OUT_09066,137.55
OUT_09067,139.11
OUT_09068,954.65
OUT_09069,359.89
OUT_09070,1023.94
OUT_09071,921.7
OUT_09072,2021.03
OUT_09073,355.89
OUT_09074,948.52
OUT_09075,123.49
OUT_09076,331.05
OUT_09077,125.38
OUT_09078,355.78
OUT_09079,334.12
OUT_09080,99.18
OUT_09081,960.51
OUT_09082,149.45
OUT_09083,263.28
OUT_09084,134.47
OUT_09085,131.68
OUT_09086,89.61
OUT_09087,99.88
OUT_09088,134.92
OUT_09089,982.15
OUT_09090,317.14
OUT_09091,323.53
OUT_09092,91.7
OUT_09093,967.84
OUT_09094,318.28
OUT_09095,326.98
OUT_09096,326.12
OUT_09097,1018.66
OUT_09098,124.96
OUT_09099,305.02
OUT_09100,273.6
OUT_09101,285.03
OUT_09102,303.22
OUT_09103,109.72
OUT_09104,964.81
OUT_09105,144.49
OUT_09106,264.35
OUT_09107,95.91
OUT_09108,360.47
OUT_09109,109.76
OUT_09110,884.64
OUT_09111,2037.81
OUT_09112,376.35
OUT_09113,166.42
OUT_09114,291.32
OUT_09115,132.69
OUT_09116,168.11
OUT_09117,287.99
OUT_09118,167.99
OUT_09119,244.81
OUT_09120,916.63
OUT_09121,121.02
OUT_09122,964.65
OUT_09123,326.24
OUT_09124,105.45
OUT_09125,91.16
OUT_09126,144.05
OUT_09127,125.8
OUT_09128,326.56
OUT_09129,119.61
OUT_09130,108.26
OUT_09131,299.67
OUT_09132,120.15
OUT_09133,97.61
OUT_09134,969.8
OUT_09135,113.29
OUT_09136,137.2
OUT_09137,96.72
OUT_09138,145.22
OUT_09139,297.59
OUT_09140,118.1
OUT_09141,118.13
OUT_09142,308.78
OUT_09143,310.35
OUT_09144,140.67
OUT_09145,148.29
OUT_09146,314.37
OUT_09147,108.97
OUT_09148,116.55
OUT_09149,83.31
OUT_09150,122.64
OUT_09151,976.29
OUT_09152,84.46
OUT_09153,97.21
OUT_09154,344.04
OUT_09155,88.02
OUT_09156,157.04
OUT_09157,122.09
OUT_09158,316.34
OUT_09159,260.43
OUT_09160,135.37
OUT_09161,131.2
OUT_09162,138.48
OUT_09163,109.77
OUT_09164,330.41
OUT_09165,301.84
OUT_09166,150.56
OUT_09167,293.29
OUT_09168,143.09
OUT_09169,124.15
OUT_09170,896.12
OUT_09171,100.78
OUT_09172,341.13
OUT_09173,93.27
OUT_09174,342.11
OUT_09175,332.54
OUT_09176,80.54
OUT_09177,130.21
OUT_09178,137.82
OUT_09179,135.14
OUT_09180,266.99
OUT_09181,285.05
OUT_09182,328.55
OUT_09183,938.21
OUT_09184,107.63
OUT_09185,992.16
OUT_09186,1023.17
OUT_09187,339.3
OUT_09188,340.88
OUT_09189,94.08
OUT_09190,313.11
OUT_09191,888.97
OUT_09192,343.6
OUT_09193,83.09
OUT_09194,125.95
OUT_09195,112.07
OUT_09196,82.13
OUT_09197,304.99
OUT_09198,949.37
OUT_09199,125.34
OUT_09200,915.12
OUT_09201,298.54
OUT_09202,141.68
OUT_09203,100.5
OUT_09204,295.08
OUT_09205,122.42
OUT_09206,95.6
OUT_09207,959.52
OUT_09208,116.05
OUT_09209,110.89
OUT_09210,341.39
OUT_09211,365.2
OUT_09212,113.88
OUT_09213,317.07
OUT_09214,1989.04
OUT_09215,866.08
OUT_09216,2015.1
OUT_09217,946.62
OUT_09218,101.96
OUT_09219,230.09
OUT_09220,281.34
OUT_09221,2014.32
OUT_09222,107.1
OUT_09223,149.66
OUT_09224,273.04
OUT_09225,85.22
OUT_09226,115.34
OUT_09227,78.98
OUT_09228,119.97
OUT_09229,326.7
OUT_09230,116.54
OUT_09231,104.1
OUT_09232,976.69
OUT_09233,971.29
OUT_09234,100.42
OUT_09235,104.44
OUT_09236,998.06
OUT_09237,137.47
OUT_09238,307.7
OUT_09239,93.68
OUT_09240,98.25
OUT_09241,302.75
OUT_09242,123.72
OUT_09243,927.17
OUT_09244,262.78
OUT_09245,117.88
OUT_09246,149.25
OUT_09247,154.86
OUT_09248,128.09
OUT_09249,109.59
OUT_09250,308.34
OUT_09251,95.71
OUT_09252,110.27
OUT_09253,316.13
OUT_09254,97.02
OUT_09255,300.88
OUT_09256,250.03
OUT_09257,2058.37
OUT_09258,138.13
OUT_09259,969.65
OUT_09260,104.01
OUT_09261,97.26
OUT_09262,927.27
OUT_09263,930.4
OUT_09264,101.07
OUT_09265,929.71
OUT_09266,114.25
OUT_09267,369.57
OUT_09268,102.15
OUT_09269,167.79
OUT_09270,101.44
OUT_09271,284.25
OUT_09272,264.82
OUT_09273,134.09
OUT_09274,2095.93
OUT_09275,2070.4
OUT_09276,103.3
OUT_09277,289.64
OUT_09278,148.33
OUT_09279,134.58
OUT_09280,100.29
OUT_09281,144.84
OUT_09282,124.36
OUT_09283,324.28
OUT_09284,309.29
OUT_09285,82.89
OUT_09286,324.62
OUT_09287,121.55
OUT_09288,957.19
OUT_09289,147.45
OUT_09290,129.51
OUT_09291,299.18
OUT_09292,66.18
OUT_09293,295.9
OUT_09294,330.56
OUT_09295,143.99
OUT_09296,106.32
OUT_09297,877.37
OUT_09298,121.97
OUT_09299,113.37
OUT_09300,92.8
OUT_09301,318.49
OUT_09302,290.25
OUT_09303,1971.07
OUT_09304,966.36
OUT_09305,138.04
OUT_09306,94.61
OUT_09307,1028.9
OUT_09308,136.4
OUT_09309,122.93
OUT_09310,2030.27
OUT_09311,138.64
OUT_09312,100.85
OUT_09313,137.82
OUT_09314,342.29
OUT_09315,258.19
OUT_09316,339.75
OUT_09317,988.47
OUT_09318,963.47
OUT_09319,328.84
OUT_09320,996.38
OUT_09321,108.96
OUT_09322,150.66
OUT_09323,1989.65
OUT_09324,266.32
OUT_09325,113.81
OUT_09326,135.77
OUT_09327,128.9
OUT_09328,113.49
OUT_09329,101.75
OUT_09330,122.89
OUT_09331,312.19
OUT_09332,998.72
OUT_09333,97.8
OUT_09334,133.05
OUT_09335,120.59
OUT_09336,987.34
OUT_09337,113.82
OUT_09338,135.01
OUT_09339,108.82
OUT_09340,878.51
OUT_09341,184.9
OUT_09342,948.73
OUT_09343,354.87
OUT_09344,155.65
OUT_09345,134.76
OUT_09346,91.48
OUT_09347,378.64
OUT_09348,118.02
OUT_09349,281.66
OUT_09350,106.71
OUT_09351,254.31
OUT_09352,98.16
OUT_09353,106.23
OUT_09354,905.21
OUT_09355,269.38
OUT_09356,117.16
OUT_09357,961.9
OUT_09358,130.47
OUT_09359,104.86
OUT_09360,116.89
OUT_09361,124.56
OUT_09362,149.49
OUT_09363,109.94
OUT_09364,123.1
OUT_09365,973.97
OUT_09366,142.84
OUT_09367,147.49
OUT_09368,119.27
OUT_09369,1960.74
OUT_09370,277.77
OUT_09371,144.18
OUT_09372,318.04
OUT_09373,255.55
OUT_09374,145.62
OUT_09375,138.99
OUT_09376,166.22
OUT_09377,878.74
OUT_09378,126.66
OUT_09379,251.35
OUT_09380,317.96
OUT_09381,153.34
OUT_09382,274.39
OUT_09383,339.51
OUT_09384,79.53
OUT_09385,341.44
OUT_09386,326.93
OUT_09387,143.79
OUT_09388,283.22
OUT_09389,92.19
OUT_09390,2025.81
OUT_09391,312.66
OUT_09392,97.22
OUT_09393,94.97
OUT_09394,336.87
OUT_09395,150.85
OUT_09396,354.9
OUT_09397,308.3
OUT_09398,250.69
OUT_09399,334.8
OUT_09400,964.64
OUT_09401,351.72
OUT_09402,111.95
OUT_09403,165.59
OUT_09404,287.21
OUT_09405,349.61
OUT_09406,119.64
OUT_09407,974.25
OUT_09408,133.08
OUT_09409,145.21
OUT_09410,950.08
OUT_09411,370.82
OUT_09412,103.66
OUT_09413,117.92
OUT_09414,303.63
OUT_09415,103.61
OUT_09416,170.81
OUT_09417,302.53
OUT_09418,324.09
OUT_09419,102.31
OUT_09420,112.8
OUT_09421,121.54
OUT_09422,1963.45
OUT_09423,227.08
OUT_09424,379.38
OUT_09425,271.67
OUT_09426,107.38
OUT_09427,330.95
OUT_09428,126.12
OUT_09429,298.12
OUT_09430,375.61
OUT_09431,144.52
OUT_09432,127.36
OUT_09433,102.45
OUT_09434,120.4
OUT_09435,88.45
OUT_09436,328.29
OUT_09437,135.85
OUT_09438,118.65
OUT_09439,206.72
OUT_09440,113.68
OUT_09441,110.76
OUT_09442,317.36
OUT_09443,103.0
OUT_09444,107.07
OUT_09445,2025.36
OUT_09446,264.12
OUT_09447,307.93
OUT_09448,975.88
OUT_09449,163.11
OUT_09450,900.97
OUT_09451,110.14
OUT_09452,133.65
OUT_09453,129.61
OUT_09454,109.52
OUT_09455,340.55
OUT_09456,110.11
OUT_09457,121.7
OUT_09458,337.05
OUT_09459,96.07
OUT_09460,144.11
OUT_09461,270.92
OUT_09462,97.72
OUT_09463,955.61
OUT_09464,96.12
OUT_09465,132.01
OUT_09466,313.73
OUT_09467,133.67
OUT_09468,129.63
OUT_09469,896.49
OUT_09470,302.33
OUT_09471,363.98
OUT_09472,155.16
OUT_09473,134.04
OUT_09474,142.61
OUT_09475,104.2
OUT_09476,888.37
OUT_09477,886.63
OUT_09478,75.25
OUT_09479,431.29
OUT_09480,302.59
OUT_09481,314.54
OUT_09482,1978.0
OUT_09483,109.29
OUT_09484,793.57
OUT_09485,144.86
OUT_09486,150.34
OUT_09487,959.86
OUT_09488,115.51
OUT_09489,119.65
OUT_09490,88.01
OUT_09491,903.66
OUT_09492,301.46
OUT_09493,89.92
OUT_09494,101.92
OUT_09495,275.47
OUT_09496,139.61
OUT_09497,107.5
OUT_09498,280.96
OUT_09499,86.8
OUT_09500,158.81
OUT_09501,1967.99
OUT_09502,118.65
OUT_09503,97.44
OUT_09504,129.86
OUT_09505,307.38
OUT_09506,110.26
OUT_09507,342.77
OUT_09508,313.7
OUT_09509,993.56
OUT_09510,311.81
OUT_09511,150.05
OUT_09512,89.85
OUT_09513,101.06
OUT_09514,131.99
OUT_09515,959.7
OUT_09516,134.9
OUT_09517,147.16
OUT_09518,287.47
OUT_09519,830.55
OUT_09520,263.7
OUT_09521,135.85
OUT_09522,135.28
OUT_09523,1949.98
OUT_09524,323.47
OUT_09525,340.93
OUT_09526,90.53
OUT_09527,104.63
OUT_09528,126.11
OUT_09529,324.82
OUT_09530,154.97
OUT_09531,140.65
OUT_09532,135.23
OUT_09533,2009.94
OUT_09534,124.16
OUT_09535,146.67
OUT_09536,103.64
OUT_09537,291.5
OUT_09538,157.08
OUT_09539,132.96
OUT_09540,910.05
OUT_09541,287.31
OUT_09542,285.08
OUT_09543,368.6
OUT_09544,77.16
OUT_09545,320.16
OUT_09546,132.31
OUT_09547,295.42
OUT_09548,964.03
OUT_09549,89.38
OUT_09550,270.88
OUT_09551,334.27
OUT_09552,925.26
OUT_09553,293.13
OUT_09554,116.42
OUT_09555,117.73
OUT_09556,99.24
OUT_09557,96.25
OUT_09558,96.44
OUT_09559,332.22
OUT_09560,102.66
OUT_09561,135.04
OUT_09562,116.15
OUT_09563,162.56
OUT_09564,107.99
OUT_09565,110.85
OUT_09566,136.21
OUT_09567,343.07
OUT_09568,924.18
OUT_09569,380.18
OUT_09570,961.01
OUT_09571,149.47
OUT_09572,244.55
OUT_09573,329.19
OUT_09574,130.42
OUT_09575,85.66
OUT_09576,1008.67
OUT_09577,83.02
OUT_09578,290.52
OUT_09579,883.81
OUT_09580,126.9
OUT_09581,1019.72
OUT_09582,2009.97
OUT_09583,946.78
OUT_09584,122.27
OUT_09585,1011.06
OUT_09586,2036.32
OUT_09587,89.91
OUT_09588,276.44
OUT_09589,294.86
OUT_09590,314.99
OUT_09591,324.6
OUT_09592,2044.58
OUT_09593,122.47
OUT_09594,251.67
OUT_09595,337.42
OUT_09596,129.06
OUT_09597,317.96
OUT_09598,154.33
OUT_09599,105.55
OUT_09600,993.79
OUT_09601,139.03
OUT_09602,103.24
OUT_09603,999.03
OUT_09604,155.73
OUT_09605,335.05
OUT_09606,373.73
OUT_09607,890.12
OUT_09608,2067.61
OUT_09609,130.9
OUT_09610,280.15
OUT_09611,114.2
OUT_09612,114.36
OUT_09613,124.99
OUT_09614,801.91
OUT_09615,267.09
OUT_09616,86.52
OUT_09617,97.85
OUT_09618,326.13
OUT_09619,136.68
OUT_09620,322.94
OUT_09621,96.49
OUT_09622,347.36
OUT_09623,126.1
OUT_09624,115.61
OUT_09625,120.67
OUT_09626,337.09
OUT_09627,279.23
OUT_09628,161.85
OUT_09629,281.8
OUT_09630,105.98
OUT_09631,376.18
OUT_09632,121.01
OUT_09633,287.47
OUT_09634,1928.89
OUT_09635,280.42
OUT_09636,984.97
OUT_09637,991.87
OUT_09638,94.02
OUT_09639,158.84
OUT_09640,124.83
OUT_09641,102.36
OUT_09642,98.33
OUT_09643,334.76
OUT_09644,106.64
OUT_09645,107.34
OUT_09646,111.8
OUT_09647,277.58
OUT_09648,879.33
OUT_09649,282.06
OUT_09650,106.02
OUT_09651,81.74
OUT_09652,131.19
OUT_09653,265.83
OUT_09654,323.92
OUT_09655,79.0
OUT_09656,961.91
OUT_09657,128.92
OUT_09658,109.26
OUT_09659,106.5
OUT_09660,316.65
OUT_09661,284.36
OUT_09662,127.62
OUT_09663,128.2
OUT_09664,134.07
OUT_09665,266.28
OUT_09666,95.77
OUT_09667,326.08
OUT_09668,293.96
OUT_09669,107.68
OUT_09670,303.99
OUT_09671,295.81
OUT_09672,121.08
OUT_09673,315.9
OUT_09674,135.92
OUT_09675,112.86
OUT_09676,311.85
OUT_09677,117.19
OUT_09678,107.6
OUT_09679,105.48
OUT_09680,346.21
OUT_09681,81.9
OUT_09682,948.17
OUT_09683,345.41
OUT_09684,140.19
OUT_09685,139.36
OUT_09686,111.43
OUT_09687,135.53
OUT_09688,376.24
OUT_09689,131.59
OUT_09690,154.61
OUT_09691,113.6
OUT_09692,124.07
OUT_09693,347.97
OUT_09694,915.73
OUT_09695,305.76
OUT_09696,150.64
OUT_09697,350.25
OUT_09698,273.86
OUT_09699,168.39
OUT_09700,93.5
OUT_09701,151.0
OUT_09702,106.82
OUT_09703,116.94
OUT_09704,157.87
OUT_09705,259.98
OUT_09706,85.97
OUT_09707,2158.25
OUT_09708,105.82
OUT_09709,147.74
OUT_09710,2019.69
OUT_09711,315.54
OUT_09712,329.77
OUT_09713,139.12
OUT_09714,113.25
OUT_09715,1969.78
OUT_09716,985.15
OUT_09717,1014.49
OUT_09718,980.16
OUT_09719,894.77
OUT_09720,92.57
OUT_09721,286.72
OUT_09722,120.81
OUT_09723,327.67
OUT_09724,103.5
OUT_09725,113.02
OUT_09726,111.89
OUT_09727,1995.35
OUT_09728,162.02
OUT_09729,119.5
OUT_09730,143.98
OUT_09731,2078.08
OUT_09732,106.96
OUT_09733,82.44
OUT_09734,121.12
OUT_09735,133.1
OUT_09736,275.88
OUT_09737,97.38
OUT_09738,96.09
OUT_09739,144.29
OUT_09740,103.73
OUT_09741,107.15
OUT_09742,312.27
OUT_09743,148.71
OUT_09744,160.24
OUT_09745,133.47
OUT_09746,138.89
OUT_09747,106.37
OUT_09748,917.84
OUT_09749,130.07
OUT_09750,2056.37
OUT_09751,140.9
OUT_09752,122.41
OUT_09753,154.61
OUT_09754,353.94
OUT_09755,831.75
OUT_09756,289.21
OUT_09757,152.01
OUT_09758,340.17
OUT_09759,150.8
OUT_09760,120.67
OUT_09761,126.88
OUT_09762,942.43
OUT_09763,948.22
OUT_09764,330.3
OUT_09765,116.04
OUT_09766,259.58
OUT_09767,153.58
OUT_09768,958.88
OUT_09769,117.55
OUT_09770,236.35
OUT_09771,149.97
OUT_09772,910.91
OUT_09773,293.67
OUT_09774,981.09
OUT_09775,87.88
OUT_09776,147.86
OUT_09777,277.71
OUT_09778,1979.63
OUT_09779,357.95
OUT_09780,2030.87
OUT_09781,126.27
OUT_09782,282.13
OUT_09783,978.38
OUT_09784,345.58
OUT_09785,88.77
OUT_09786,316.41
OUT_09787,953.04
OUT_09788,929.67
OUT_09789,107.91
OUT_09790,145.04
OUT_09791,121.67
OUT_09792,908.04
OUT_09793,136.98
OUT_09794,147.21
OUT_09795,891.07
OUT_09796,112.14
OUT_09797,150.52
OUT_09798,343.92
OUT_09799,292.42
OUT_09800,102.0
OUT_09801,104.09
OUT_09802,335.49
OUT_09803,140.74
OUT_09804,112.31
OUT_09805,126.24
OUT_09806,792.36
OUT_09807,324.63
OUT_09808,974.74
OUT_09809,130.91
OUT_09810,128.07
OUT_09811,889.92
OUT_09812,1949.75
OUT_09813,896.42
OUT_09814,123.09
OUT_09815,335.84
OUT_09816,123.28
OUT_09817,1953.01
OUT_09818,86.64
OUT_09819,142.55
OUT_09820,114.4
OUT_09821,108.63
OUT_09822,103.27
OUT_09823,334.05
OUT_09824,123.02
OUT_09825,105.2
OUT_09826,147.36
OUT_09827,290.94
OUT_09828,324.11
OUT_09829,941.29
OUT_09830,303.69
OUT_09831,148.81
OUT_09832,108.58
OUT_09833,98.41
OUT_09834,105.49
OUT_09835,275.63
OUT_09836,154.53
OUT_09837,2158.11
OUT_09838,111.76
OUT_09839,138.23
OUT_09840,920.57
OUT_09841,105.06
OUT_09842,132.76
OUT_09843,101.78
OUT_09844,122.23
OUT_09845,135.63
OUT_09846,111.92
OUT_09847,341.55
OUT_09848,339.83
OUT_09849,148.16
OUT_09850,116.22
OUT_09851,283.19
OUT_09852,302.8
OUT_09853,111.67
OUT_09854,130.11
OUT_09855,110.11
OUT_09856,128.02
OUT_09857,330.53
OUT_09858,147.53
OUT_09859,949.12
OUT_09860,113.47
OUT_09861,908.03
OUT_09862,371.2
OUT_09863,270.83
OUT_09864,147.15
OUT_09865,153.89
OUT_09866,105.86
OUT_09867,371.06
OUT_09868,960.29
OUT_09869,82.34
OUT_09870,250.92
OUT_09871,335.94
OUT_09872,129.53
OUT_09873,100.69
OUT_09874,948.18
OUT_09875,108.66
OUT_09876,303.96
OUT_09877,1010.62
OUT_09878,106.56
OUT_09879,147.34
OUT_09880,108.69
OUT_09881,320.3
OUT_09882,361.94
OUT_09883,253.38
OUT_09884,93.37
OUT_09885,160.33
OUT_09886,118.03
OUT_09887,306.77
OUT_09888,122.24
OUT_09889,103.91
OUT_09890,281.62
OUT_09891,128.32
OUT_09892,77.54
OUT_09893,302.3
OUT_09894,137.39
OUT_09895,118.4
OUT_09896,295.71
OUT_09897,144.96
OUT_09898,114.79
OUT_09899,127.68
OUT_09900,350.78
OUT_09901,75.43
OUT_09902,160.84
OUT_09903,2122.21
OUT_09904,88.13
OUT_09905,115.92
OUT_09906,153.46
OUT_09907,302.82
OUT_09908,245.78
OUT_09909,94.6
OUT_09910,104.22
OUT_09911,876.02
OUT_09912,992.64
OUT_09913,352.86
OUT_09914,938.66
OUT_09915,275.44
OUT_09916,330.68
OUT_09917,257.03
OUT_09918,108.37
OUT_09919,141.92
OUT_09920,99.35
OUT_09921,107.29
OUT_09922,1981.53
OUT_09923,99.12
OUT_09924,323.05
OUT_09925,328.67
OUT_09926,107.65
OUT_09927,278.57
OUT_09928,115.51
OUT_09929,291.32
OUT_09930,307.57
OUT_09931,146.96
OUT_09932,339.69
OUT_09933,1978.81
OUT_09934,948.07
OUT_09935,947.92
OUT_09936,135.38
OUT_09937,965.86
OUT_09938,96.35
OUT_09939,279.92
OUT_09940,97.5
OUT_09941,143.64
OUT_09942,98.3
OUT_09943,301.63
OUT_09944,106.73
OUT_09945,62.85
OUT_09946,995.73
OUT_09947,273.58
OUT_09948,110.5
OUT_09949,134.39
OUT_09950,119.05
OUT_09951,156.5
OUT_09952,941.86
OUT_09953,306.85
OUT_09954,109.0
OUT_09955,117.3
OUT_09956,320.78
OUT_09957,268.49
OUT_09958,106.3
OUT_09959,316.21
OUT_09960,123.62
OUT_09961,984.66
OUT_09962,110.45
OUT_09963,941.93
OUT_09964,315.95
OUT_09965,91.21
OUT_09966,969.72
OUT_09967,93.75
OUT_09968,318.83
OUT_09969,130.5
OUT_09970,121.66
OUT_09971,132.93
OUT_09972,349.02
OUT_09973,114.26
OUT_09974,141.92
OUT_09975,139.04
OUT_09976,81.45
OUT_09977,979.49
OUT_09978,263.1
OUT_09979,903.41
OUT_09980,94.51
OUT_09981,106.78
OUT_09982,2038.35
OUT_09983,136.2
OUT_09984,319.4
OUT_09985,365.55
OUT_09986,267.5
OUT_09987,923.6
OUT_09988,315.85
OUT_09989,957.5
OUT_09990,264.84
OUT_09991,102.43
OUT_09992,122.92
OUT_09993,140.26
OUT_09994,136.96
OUT_09995,113.07
OUT_09996,271.25
OUT_09997,218.08
OUT_09998,332.24
OUT_09999,146.08
OUT_10000,315.05
OUT_10001,112.46
OUT_10002,328.97
OUT_10003,290.32
OUT_10004,100.25
OUT_10005,160.22
OUT_10006,871.17
OUT_10007,2081.54
OUT_10008,159.62
OUT_10009,294.87
OUT_10010,104.25
OUT_10011,993.66
OUT_10012,110.86
OUT_10013,153.7
OUT_10014,117.98
OUT_10015,116.5
OUT_10016,145.04
OUT_10017,330.25
OUT_10018,144.32
OUT_10019,303.84
OUT_10020,87.42
OUT_10021,291.23
OUT_10022,282.15
OUT_10023,2021.39
OUT_10024,157.66
OUT_10025,288.12
OUT_10026,322.38
OUT_10027,116.28
OUT_10028,100.23
OUT_10029,134.9
OUT_10030,248.92
OUT_10031,95.2
OUT_10032,131.9
OUT_10033,126.87
OUT_10034,954.41
OUT_10035,122.67
OUT_10036,319.64
OUT_10037,313.56
OUT_10038,344.66
OUT_10039,131.95
OUT_10040,350.04
OUT_10041,991.03
OUT_10042,917.91
OUT_10043,275.64
OUT_10044,109.36
OUT_10045,122.15
OUT_10046,344.83
OUT_10047,132.49
OUT_10048,965.04
OUT_10049,109.77
OUT_10050,112.72
OUT_10051,2075.98
OUT_10052,126.28
OUT_10053,125.2
OUT_10054,116.81
OUT_10055,997.34
OUT_10056,92.47
OUT_10057,329.57
OUT_10058,948.59
OUT_10059,87.55
OUT_10060,914.96
OUT_10061,152.26
OUT_10062,129.05
OUT_10063,435.37
OUT_10064,356.14
OUT_10065,142.59
OUT_10066,125.82
OUT_10067,345.42
OUT_10068,329.94
OUT_10069,275.39
OUT_10070,117.52
OUT_10071,126.14
OUT_10072,107.62
OUT_10073,105.19
OUT_10074,346.88
OUT_10075,76.94
OUT_10076,968.85
OUT_10077,79.44
OUT_10078,304.5
OUT_10079,111.29
OUT_10080,96.33
OUT_10081,117.35
OUT_10082,321.67
OUT_10083,312.37
OUT_10084,92.05
OUT_10085,146.79
OUT_10086,285.59
OUT_10087,113.82
OUT_10088,930.69
OUT_10089,332.68
OUT_10090,882.95
OUT_10091,303.21
OUT_10092,145.48
OUT_10093,117.39
OUT_10094,152.29
OUT_10095,271.03
OUT_10096,899.7
OUT_10097,146.86
OUT_10098,104.02
OUT_10099,99.53
OUT_10100,151.97
OUT_10101,294.44
OUT_10102,109.71
OUT_10103,239.86
OUT_10104,1009.55
OUT_10105,1920.53
OUT_10106,137.01
OUT_10107,963.08
OUT_10108,962.75
OUT_10109,118.08
OUT_10110,271.3
OUT_10111,296.61
OUT_10112,133.02
OUT_10113,93.79
OUT_10114,360.69
OUT_10115,133.56
OUT_10116,1929.85
OUT_10117,150.2
OUT_10118,102.54
OUT_10119,277.19
OUT_10120,310.7
OUT_10121,380.4
OUT_10122,106.88
OUT_10123,251.76
OUT_10124,1023.38
OUT_10125,115.77
OUT_10126,117.9
OUT_10127,274.94
OUT_10128,334.2
OUT_10129,126.42
OUT_10130,977.59
OUT_10131,1983.13
OUT_10132,311.69
OUT_10133,354.85
OUT_10134,1007.8
OUT_10135,147.76
OUT_10136,132.7
OUT_10137,99.5
OUT_10138,111.77
OUT_10139,294.42
OUT_10140,951.29
OUT_10141,284.35
OUT_10142,2034.54
OUT_10143,93.7
OUT_10144,319.11
OUT_10145,303.02
OUT_10146,288.69
OUT_10147,113.94
OUT_10148,294.35
OUT_10149,312.39
OUT_10150,96.35
OUT_10151,89.62
OUT_10152,86.35
OUT_10153,288.39
OUT_10154,313.34
OUT_10155,297.58
OUT_10156,124.69
OUT_10157,853.38
OUT_10158,144.49
OUT_10159,1000.59
OUT_10160,334.65
OUT_10161,244.16
OUT_10162,104.33
OUT_10163,347.41
OUT_10164,916.15
OUT_10165,900.59
OUT_10166,114.8
OUT_10167,997.79
OUT_10168,959.45
OUT_10169,108.78
OUT_10170,111.62
OUT_10171,301.15
OUT_10172,111.44
OUT_10173,261.83
OUT_10174,2098.93
OUT_10175,239.31
OUT_10176,133.68
OUT_10177,356.35
OUT_10178,863.25
OUT_10179,147.21
OUT_10180,290.56
OUT_10181,1028.04
OUT_10182,301.72
OUT_10183,870.1
OUT_10184,894.76
OUT_10185,970.66
OUT_10186,108.93
OUT_10187,319.88
OUT_10188,334.22
OUT_10189,127.32
OUT_10190,855.43
OUT_10191,86.12
OUT_10192,319.69
OUT_10193,971.42
OUT_10194,138.5
OUT_10195,320.06
OUT_10196,958.16
OUT_10197,134.67
OUT_10198,108.7
OUT_10199,310.01
OUT_10200,113.03
OUT_10201,132.42
OUT_10202,302.46
OUT_10203,97.92
OUT_10204,266.93
OUT_10205,103.63
OUT_10206,887.03
OUT_10207,305.59
OUT_10208,1012.63
OUT_10209,292.99
OUT_10210,307.54
OUT_10211,263.6
OUT_10212,349.9
OUT_10213,1951.6
OUT_10214,322.65
OUT_10215,2071.9
OUT_10216,138.47
OUT_10217,347.63
OUT_10218,964.26
OUT_10219,99.63
OUT_10220,154.37
OUT_10221,112.64
OUT_10222,340.71
OUT_10223,123.58
OUT_10224,109.24
OUT_10225,146.01
OUT_10226,313.8
OUT_10227,905.91
OUT_10228,102.06
OUT_10229,1017.61
OUT_10230,102.71
OUT_10231,961.08
OUT_10232,133.99
OUT_10233,303.43
OUT_10234,304.52
OUT_10235,969.56
OUT_10236,140.81
OUT_10237,314.83
OUT_10238,331.08
OUT_10239,336.02
OUT_10240,92.03
OUT_10241,120.88
OUT_10242,309.74
OUT_10243,990.93
OUT_10244,2186.58
OUT_10245,111.65
OUT_10246,225.9
OUT_10247,323.47
OUT_10248,1049.93
OUT_10249,277.34
OUT_10250,993.38
OUT_10251,115.42
OUT_10252,145.28
OUT_10253,303.36
OUT_10254,967.0
OUT_10255,88.32
OUT_10256,297.42
OUT_10257,96.41
OUT_10258,87.73
OUT_10259,960.92
OUT_10260,970.71
OUT_10261,130.77
OUT_10262,939.71
OUT_10263,324.96
OUT_10264,109.52
OUT_10265,342.79
OUT_10266,251.27
OUT_10267,341.2
OUT_10268,902.89
OUT_10269,147.89
OUT_10270,102.06
OUT_10271,95.1
OUT_10272,90.7
OUT_10273,101.52
OUT_10274,966.72
OUT_10275,306.08
OUT_10276,123.98
OUT_10277,78.25
OUT_10278,108.66
OUT_10279,294.9
OUT_10280,110.99
OUT_10281,139.28
OUT_10282,980.62
OUT_10283,1014.96
OUT_10284,275.38
OUT_10285,98.9
OUT_10286,344.37
OUT_10287,115.75
OUT_10288,355.1
OUT_10289,103.05
OUT_10290,138.01
OUT_10291,928.15
OUT_10292,265.02
OUT_10293,159.4
OUT_10294,2075.99
OUT_10295,65.87
OUT_10296,319.24
OUT_10297,333.11
OUT_10298,276.72
OUT_10299,2021.31
OUT_10300,105.76
OUT_10301,299.92
OUT_10302,994.52
OUT_10303,934.59
OUT_10304,388.69
OUT_10305,132.88
OUT_10306,153.28
OUT_10307,106.99
OUT_10308,985.29
OUT_10309,103.78
OUT_10310,961.09
OUT_10311,311.57
OUT_10312,360.84
OUT_10313,135.26
OUT_10314,345.36
OUT_10315,135.68
OUT_10316,958.15
OUT_10317,358.37
OUT_10318,350.31
OUT_10319,311.08
OUT_10320,110.67
OUT_10321,124.21
OUT_10322,87.12
OUT_10323,226.14
OUT_10324,78.08
OUT_10325,307.04
OUT_10326,127.73
OUT_10327,875.74
OUT_10328,341.54
OUT_10329,145.47
OUT_10330,128.13
OUT_10331,149.41
OUT_10332,95.84
OUT_10333,75.64
OUT_10334,1033.99
OUT_10335,924.7
OUT_10336,313.09
OUT_10337,123.8
OUT_10338,97.12
OUT_10339,124.11
OUT_10340,364.47
OUT_10341,128.93
OUT_10342,238.02
OUT_10343,2053.27
OUT_10344,89.1
OUT_10345,308.16
OUT_10346,918.8
OUT_10347,145.96
OUT_10348,98.63
OUT_10349,1005.67
OUT_10350,907.42
OUT_10351,109.9
OUT_10352,930.45
OUT_10353,97.05
OUT_10354,109.93
OUT_10355,957.94
OUT_10356,144.86
OUT_10357,115.83
OUT_10358,307.09
OUT_10359,137.81
OUT_10360,324.04
OUT_10361,354.23
OUT_10362,360.36
OUT_10363,251.56
OUT_10364,346.12
OUT_10365,373.44
OUT_10366,335.6
OUT_10367,110.09
OUT_10368,138.74
OUT_10369,165.03
OUT_10370,330.37
OUT_10371,96.8
OUT_10372,994.68
OUT_10373,156.97
OUT_10374,970.24
OUT_10375,969.43
OUT_10376,114.86
OUT_10377,130.38
OUT_10378,77.56
OUT_10379,103.17
OUT_10380,329.43
OUT_10381,970.61
OUT_10382,955.2
OUT_10383,132.94
OUT_10384,123.49
OUT_10385,289.89
OUT_10386,121.71
OUT_10387,301.69
OUT_10388,284.1
OUT_10389,152.76
OUT_10390,355.4
OUT_10391,2109.68
OUT_10392,108.5
OUT_10393,147.94
OUT_10394,260.04
OUT_10395,141.57
OUT_10396,949.44
OUT_10397,1982.04
OUT_10398,171.77
OUT_10399,971.5
OUT_10400,293.98
OUT_10401,345.45
OUT_10402,303.42
OUT_10403,323.56
OUT_10404,143.3
OUT_10405,102.01
OUT_10406,142.2
OUT_10407,931.39
OUT_10408,145.39
OUT_10409,140.37
OUT_10410,170.25
OUT_10411,138.85
OUT_10412,947.93
OUT_10413,121.46
OUT_10414,124.25
OUT_10415,294.58
OUT_10416,112.39
OUT_10417,120.06
OUT_10418,288.04
OUT_10419,159.62
OUT_10420,122.8
OUT_10421,131.9
OUT_10422,83.58
OUT_10423,980.81
OUT_10424,124.11
OUT_10425,144.03
OUT_10426,100.89
OUT_10427,138.29
OUT_10428,900.03
OUT_10429,250.66
OUT_10430,160.27
OUT_10431,938.87
OUT_10432,948.72
OUT_10433,1008.35
OUT_10434,917.14
OUT_10435,107.26
OUT_10436,131.85
OUT_10437,144.59
OUT_10438,952.67
OUT_10439,91.96
OUT_10440,297.45
OUT_10441,284.17
OUT_10442,125.68
OUT_10443,114.6
OUT_10444,348.06
OUT_10445,336.49
OUT_10446,367.42
OUT_10447,313.79
OUT_10448,962.05
OUT_10449,301.37
OUT_10450,327.24
OUT_10451,144.86
OUT_10452,108.16
OUT_10453,134.14
OUT_10454,96.73
OUT_10455,92.22
OUT_10456,999.33
OUT_10457,977.5
OUT_10458,330.18
OUT_10459,954.05
OUT_10460,298.06
OUT_10461,159.46
OUT_10462,151.16
OUT_10463,98.69
OUT_10464,150.68
OUT_10465,115.11
OUT_10466,105.26
OUT_10467,326.49
OUT_10468,310.31
OUT_10469,321.91
OUT_10470,146.75
OUT_10471,133.12
OUT_10472,321.33
OUT_10473,351.42
OUT_10474,137.24
OUT_10475,77.63
OUT_10476,303.27
OUT_10477,105.42
OUT_10478,131.65
OUT_10479,916.49
OUT_10480,95.84
OUT_10481,92.28
OUT_10482,929.81
OUT_10483,312.31
OUT_10484,279.33
OUT_10485,119.34
OUT_10486,146.37
OUT_10487,124.29
OUT_10488,106.69
OUT_10489,943.42
OUT_10490,355.97
OUT_10491,99.5
OUT_10492,115.01
OUT_10493,1026.27
OUT_10494,1005.64
OUT_10495,147.12
OUT_10496,307.4
OUT_10497,99.12
OUT_10498,339.09
OUT_10499,137.67
OUT_10500,91.94
OUT_10501,934.83
OUT_10502,109.99
OUT_10503,977.91
OUT_10504,2008.42
OUT_10505,898.99
OUT_10506,127.12
OUT_10507,2129.23
OUT_10508,1971.63
OUT_10509,323.92
OUT_10510,920.36
OUT_10511,103.53
OUT_10512,144.3
OUT_10513,121.96
OUT_10514,312.27
OUT_10515,89.11
OUT_10516,778.67
OUT_10517,109.46
OUT_10518,122.33
OUT_10519,123.12
OUT_10520,982.85
OUT_10521,1031.87
OUT_10522,956.77
OUT_10523,116.7
OUT_10524,346.5
OUT_10525,298.37
OUT_10526,110.68
OUT_10527,135.87
OUT_10528,347.42
OUT_10529,323.16
OUT_10530,940.22
OUT_10531,83.42
OUT_10532,116.02
OUT_10533,980.81
OUT_10534,92.38
OUT_10535,355.66
OUT_10536,90.55
OUT_10537,314.93
OUT_10538,108.03
OUT_10539,120.77
OUT_10540,185.42
OUT_10541,1009.56
OUT_10542,240.55
OUT_10543,309.64
OUT_10544,235.21
OUT_10545,2045.97
OUT_10546,123.31
OUT_10547,291.48
OUT_10548,84.41
OUT_10549,275.0
OUT_10550,961.5
OUT_10551,100.19
OUT_10552,112.86
OUT_10553,246.49
OUT_10554,325.32
OUT_10555,111.74
OUT_10556,92.37
OUT_10557,331.98
OUT_10558,113.52
OUT_10559,116.19
OUT_10560,125.58
OUT_10561,116.52
OUT_10562,98.13
OUT_10563,101.33
OUT_10564,1018.64
OUT_10565,357.39
OUT_10566,335.74
OUT_10567,328.82
OUT_10568,126.45
OUT_10569,997.59
OUT_10570,275.96
OUT_10571,245.18
OUT_10572,246.52
OUT_10573,165.59
OUT_10574,287.57
OUT_10575,123.05
OUT_10576,298.89
OUT_10577,143.91
OUT_10578,142.66
OUT_10579,256.41
OUT_10580,327.18
OUT_10581,319.04
OUT_10582,82.2
OUT_10583,1013.12
OUT_10584,84.79
OUT_10585,129.41
OUT_10586,312.08
OUT_10587,358.34
OUT_10588,133.4
OUT_10589,345.57
OUT_10590,129.55
OUT_10591,122.72
OUT_10592,313.43
OUT_10593,951.42
OUT_10594,338.56
OUT_10595,127.83
OUT_10596,125.52
OUT_10597,367.21
OUT_10598,962.59
OUT_10599,136.67
OUT_10600,905.52
OUT_10601,358.38
OUT_10602,113.62
OUT_10603,143.87
OUT_10604,323.13
OUT_10605,109.78
OUT_10606,134.72
OUT_10607,153.2
OUT_10608,259.44
OUT_10609,122.46
OUT_10610,337.56
OUT_10611,303.02
OUT_10612,127.48
OUT_10613,299.28
OUT_10614,315.37
OUT_10615,112.16
OUT_10616,370.6
OUT_10617,927.97
OUT_10618,157.26
OUT_10619,104.65
OUT_10620,105.79
OUT_10621,335.04
OUT_10622,307.65
OUT_10623,105.79
OUT_10624,322.19
OUT_10625,111.01
OUT_10626,310.73
OUT_10627,163.95
OUT_10628,118.02
OUT_10629,129.06
OUT_10630,927.2
OUT_10631,91.52
OUT_10632,999.64
OUT_10633,896.04
OUT_10634,115.6
OUT_10635,126.1
OUT_10636,925.29
OUT_10637,128.51
OUT_10638,113.66
OUT_10639,245.92
OUT_10640,164.74
OUT_10641,296.61
OUT_10642,2060.95
OUT_10643,109.43
OUT_10644,1030.58
OUT_10645,355.68
OUT_10646,115.95
OUT_10647,120.41
OUT_10648,297.22
OUT_10649,88.34
OUT_10650,136.28
OUT_10651,90.09
OUT_10652,267.26
OUT_10653,1994.25
OUT_10654,168.7
OUT_10655,83.61
OUT_10656,146.34
OUT_10657,2067.99
OUT_10658,122.06
OUT_10659,272.51
OUT_10660,2079.77
OUT_10661,85.68
OUT_10662,109.79
OUT_10663,292.72
OUT_10664,320.84
OUT_10665,289.42
OUT_10666,291.16
OUT_10667,357.62
OUT_10668,98.24
OUT_10669,2008.66
OUT_10670,970.01
OUT_10671,274.78
OUT_10672,332.24
OUT_10673,103.71
OUT_10674,292.54
OUT_10675,105.4
OUT_10676,360.73
OUT_10677,149.35
OUT_10678,125.32
OUT_10679,317.45
OUT_10680,92.77
OUT_10681,122.32
OUT_10682,180.36
OUT_10683,901.3
OUT_10684,91.84
OUT_10685,269.53
OUT_10686,281.6
OUT_10687,129.81
OUT_10688,309.41
OUT_10689,374.19
OUT_10690,108.72
OUT_10691,357.99
OUT_10692,322.16
OUT_10693,157.8
OUT_10694,278.73
OUT_10695,167.4
OUT_10696,958.05
OUT_10697,79.67
OUT_10698,98.24
OUT_10699,2006.34
OUT_10700,141.51
OUT_10701,131.38
OUT_10702,112.85
OUT_10703,143.63
OUT_10704,171.98
OUT_10705,1965.61
OUT_10706,128.52
OUT_10707,102.17
OUT_10708,2043.19
OUT_10709,294.13
OUT_10710,1974.63
OUT_10711,941.0
OUT_10712,132.44
OUT_10713,142.27
OUT_10714,349.69
OUT_10715,318.9
OUT_10716,365.84
OUT_10717,920.49
OUT_10718,120.41
OUT_10719,2084.95
OUT_10720,333.9
OUT_10721,268.57
OUT_10722,353.66
OUT_10723,294.17
OUT_10724,129.3
OUT_10725,153.16
OUT_10726,101.2
OUT_10727,260.05
OUT_10728,2152.41
OUT_10729,136.93
OUT_10730,1992.56
OUT_10731,142.71
OUT_10732,150.38
OUT_10733,151.08
OUT_10734,366.23
OUT_10735,321.63
OUT_10736,118.57
OUT_10737,328.59
OUT_10738,122.83
OUT_10739,109.07
OUT_10740,100.67
OUT_10741,80.69
OUT_10742,161.04
OUT_10743,144.38
OUT_10744,125.75
OUT_10745,123.98
OUT_10746,110.16
OUT_10747,926.65
OUT_10748,132.36
OUT_10749,159.97
OUT_10750,150.88
OUT_10751,109.19
OUT_10752,272.65
OUT_10753,135.99
OUT_10754,111.97
OUT_10755,139.6
OUT_10756,116.95
OUT_10757,104.88
OUT_10758,2036.14
OUT_10759,144.6
OUT_10760,1002.88
OUT_10761,322.98
OUT_10762,245.07
OUT_10763,358.45
OUT_10764,342.38
OUT_10765,119.36
OUT_10766,85.89
OUT_10767,101.08
OUT_10768,298.77
OUT_10769,101.71
OUT_10770,968.93
OUT_10771,98.3
OUT_10772,151.52
OUT_10773,293.41
OUT_10774,119.74
OUT_10775,265.4
OUT_10776,932.76
OUT_10777,150.86
OUT_10778,132.1
OUT_10779,939.71
OUT_10780,369.56
OUT_10781,2085.4
OUT_10782,303.15
OUT_10783,353.64
OUT_10784,102.33
OUT_10785,82.89
OUT_10786,136.72
OUT_10787,114.4
OUT_10788,912.3
OUT_10789,86.05
OUT_10790,340.4
OUT_10791,143.52
OUT_10792,288.92
OUT_10793,942.4
OUT_10794,2038.72
OUT_10795,134.83
OUT_10796,307.95
OUT_10797,148.4
OUT_10798,1985.28
OUT_10799,135.11
OUT_10800,137.42
OUT_10801,943.67
OUT_10802,115.81
OUT_10803,999.03
OUT_10804,2100.48
OUT_10805,889.79
OUT_10806,163.22
OUT_10807,133.69
OUT_10808,102.91
OUT_10809,86.68
OUT_10810,307.1
OUT_10811,131.01
OUT_10812,155.61
OUT_10813,97.37
OUT_10814,145.16
OUT_10815,314.01
OUT_10816,357.08
OUT_10817,306.18
OUT_10818,2023.19
OUT_10819,310.84
OUT_10820,91.65
OUT_10821,354.93
OUT_10822,111.24
OUT_10823,157.61
OUT_10824,141.57
OUT_10825,271.03
OUT_10826,1042.73
OUT_10827,920.78
OUT_10828,1987.42
OUT_10829,119.88
OUT_10830,104.07
OUT_10831,107.48
OUT_10832,119.59
OUT_10833,329.27
OUT_10834,2054.27
OUT_10835,111.63
OUT_10836,115.6
OUT_10837,84.7
OUT_10838,259.82
OUT_10839,307.02
OUT_10840,152.88
OUT_10841,991.21
OUT_10842,373.26
OUT_10843,111.41
OUT_10844,320.51
OUT_10845,900.5
OUT_10846,108.49
OUT_10847,126.89
OUT_10848,99.11
OUT_10849,1979.64
OUT_10850,135.92
OUT_10851,82.29
OUT_10852,288.74
OUT_10853,113.27
OUT_10854,976.26
OUT_10855,103.68
OUT_10856,151.09
OUT_10857,272.51
OUT_10858,93.54
OUT_10859,1014.7
OUT_10860,126.47
OUT_10861,351.24
OUT_10862,106.46
OUT_10863,121.51
OUT_10864,246.52
OUT_10865,352.05
OUT_10866,104.88
OUT_10867,341.11
OUT_10868,131.71
OUT_10869,135.9
OUT_10870,120.47
OUT_10871,306.05
OUT_10872,934.9
OUT_10873,129.67
OUT_10874,97.86
OUT_10875,936.04
OUT_10876,961.57
OUT_10877,228.86
OUT_10878,128.29
OUT_10879,314.36
OUT_10880,309.39
OUT_10881,94.49
OUT_10882,980.59
OUT_10883,944.97
OUT_10884,135.31
OUT_10885,116.62
OUT_10886,92.35
OUT_10887,997.82
OUT_10888,81.94
OUT_10889,114.0
OUT_10890,337.63
OUT_10891,912.12
OUT_10892,77.1
OUT_10893,97.3
OUT_10894,951.41
OUT_10895,130.96
OUT_10896,128.23
OUT_10897,141.98
OUT_10898,110.13
OUT_10899,120.75
OUT_10900,97.0
OUT_10901,118.86
OUT_10902,827.46
OUT_10903,952.04
OUT_10904,136.16
OUT_10905,144.42
OUT_10906,106.9
OUT_10907,106.82
OUT_10908,98.65
OUT_10909,125.87
OUT_10910,845.31
OUT_10911,132.78
OUT_10912,141.74
OUT_10913,379.26
OUT_10914,933.77
OUT_10915,123.77
OUT_10916,336.54
OUT_10917,352.21
OUT_10918,149.07
OUT_10919,141.17
OUT_10920,98.35
OUT_10921,1055.69
OUT_10922,320.4
OUT_10923,988.69
OUT_10924,944.31
OUT_10925,1920.45
OUT_10926,140.38
OUT_10927,127.69
OUT_10928,101.69
OUT_10929,983.6
OUT_10930,915.29
OUT_10931,145.15
OUT_10932,911.4
OUT_10933,333.65
OUT_10934,160.72
OUT_10935,1028.81
OUT_10936,141.62
OUT_10937,103.49
OUT_10938,928.2
OUT_10939,216.81
OUT_10940,964.7
OUT_10941,1022.51
OUT_10942,102.42
OUT_10943,816.1
OUT_10944,140.97
OUT_10945,88.95
OUT_10946,82.18
OUT_10947,159.42
OUT_10948,86.99
OUT_10949,86.96
OUT_10950,130.24
OUT_10951,155.75
OUT_10952,922.43
OUT_10953,286.45
OUT_10954,1975.17
OUT_10955,90.67
OUT_10956,128.07
OUT_10957,1052.54
OUT_10958,148.67
OUT_10959,1022.3
OUT_10960,262.35
OUT_10961,147.22
OUT_10962,2100.3
OUT_10963,1919.96
OUT_10964,1988.74
OUT_10965,110.43
OUT_10966,1970.85
OUT_10967,865.26
OUT_10968,977.57
OUT_10969,97.78
OUT_10970,308.89
OUT_10971,129.8
OUT_10972,130.89
OUT_10973,111.38
OUT_10974,344.21
OUT_10975,344.31
OUT_10976,140.1
OUT_10977,108.02
OUT_10978,136.84
OUT_10979,88.37
OUT_10980,937.1
OUT_10981,137.39
OUT_10982,348.74
OUT_10983,299.4
OUT_10984,98.76
OUT_10985,298.2
OUT_10986,114.59
OUT_10987,348.58
OUT_10988,309.44
OUT_10989,987.26
OUT_10990,918.52
OUT_10991,131.37
OUT_10992,145.08
OUT_10993,930.41
OUT_10994,111.03
OUT_10995,114.77
OUT_10996,1875.46
OUT_10997,2014.94
OUT_10998,124.99
OUT_10999,930.41
OUT_11000,92.04
OUT_11001,361.53
OUT_11002,151.38
OUT_11003,2103.03
OUT_11004,113.61
OUT_11005,337.24
OUT_11006,324.44
OUT_11007,105.74
OUT_11008,924.75
OUT_11009,323.3
OUT_11010,382.37
OUT_11011,169.94
OUT_11012,115.28
OUT_11013,299.18
OUT_11014,94.84
OUT_11015,971.81
OUT_11016,105.72
OUT_11017,968.51
OUT_11018,137.04
OUT_11019,87.7
OUT_11020,115.93
OUT_11021,1020.37
OUT_11022,126.46
OUT_11023,152.4
OUT_11024,130.23
OUT_11025,377.58
OUT_11026,110.78
OUT_11027,287.95
OUT_11028,325.9
OUT_11029,1932.37
OUT_11030,115.25
OUT_11031,145.4
OUT_11032,128.06
OUT_11033,316.05
OUT_11034,314.95
OUT_11035,124.65
OUT_11036,278.93
OUT_11037,123.98
OUT_11038,258.5
OUT_11039,854.05
OUT_11040,144.92
OUT_11041,93.33
OUT_11042,302.86
OUT_11043,986.61
OUT_11044,171.01
OUT_11045,348.27
OUT_11046,261.84
OUT_11047,123.8
OUT_11048,307.73
OUT_11049,297.27
OUT_11050,284.68
OUT_11051,374.32
OUT_11052,941.2
OUT_11053,133.88
OUT_11054,330.84
OUT_11055,365.04
OUT_11056,2034.78
OUT_11057,234.83
OUT_11058,118.82
OUT_11059,105.82
OUT_11060,325.64
OUT_11061,166.56
OUT_11062,135.47
OUT_11063,946.31
OUT_11064,321.92
OUT_11065,109.12
OUT_11066,134.7
OUT_11067,110.24
OUT_11068,969.71
OUT_11069,948.06
OUT_11070,318.45
OUT_11071,128.95
OUT_11072,87.06
OUT_11073,140.49
OUT_11074,116.3
OUT_11075,156.39
OUT_11076,330.19
OUT_11077,962.77
OUT_11078,114.41
OUT_11079,145.78
OUT_11080,136.59
OUT_11081,310.19
OUT_11082,143.96
OUT_11083,335.89
OUT_11084,303.66
OUT_11085,143.62
OUT_11086,100.81
OUT_11087,110.79
OUT_11088,114.47
OUT_11089,338.55
OUT_11090,919.39
OUT_11091,125.02
OUT_11092,323.76
OUT_11093,121.76
OUT_11094,2080.73
OUT_11095,120.94
OUT_11096,103.54
OUT_11097,285.72
OUT_11098,975.15
OUT_11099,102.43
OUT_11100,114.52
OUT_11101,998.31
OUT_11102,103.79
OUT_11103,136.1
OUT_11104,109.48
OUT_11105,905.24
OUT_11106,906.7
OUT_11107,337.02
OUT_11108,2001.28
OUT_11109,264.0
OUT_11110,317.94
OUT_11111,120.7
OUT_11112,965.66
OUT_11113,322.6
OUT_11114,302.46
OUT_11115,89.92
OUT_11116,156.98
OUT_11117,350.08
OUT_11118,101.1
OUT_11119,369.05
OUT_11120,935.56
OUT_11121,96.75
OUT_11122,126.17
OUT_11123,946.11
OUT_11124,1001.92
OUT_11125,265.3
OUT_11126,140.57
OUT_11127,109.75
OUT_11128,2102.39
OUT_11129,114.08
OUT_11130,116.36
OUT_11131,996.56
OUT_11132,339.67
OUT_11133,323.36
OUT_11134,104.83
OUT_11135,146.73
OUT_11136,122.53
OUT_11137,110.13
OUT_11138,365.52
OUT_11139,304.99
OUT_11140,974.36
OUT_11141,296.75
OUT_11142,122.22
OUT_11143,1960.22
OUT_11144,99.01
OUT_11145,312.39
OUT_11146,128.41
OUT_11147,163.11
OUT_11148,134.31
OUT_11149,108.77
OUT_11150,941.48
OUT_11151,292.12
OUT_11152,923.07
OUT_11153,254.93
OUT_11154,97.11
OUT_11155,166.59
OUT_11156,103.06
OUT_11157,309.38
OUT_11158,350.67
OUT_11159,131.57
OUT_11160,321.88
OUT_11161,110.41
OUT_11162,136.21
OUT_11163,317.52
OUT_11164,114.71
OUT_11165,2006.88
OUT_11166,127.05
OUT_11167,347.31
OUT_11168,1961.62
OUT_11169,134.56
OUT_11170,118.77
OUT_11171,117.82
OUT_11172,290.78
OUT_11173,172.94
OUT_11174,82.53
OUT_11175,261.76
OUT_11176,296.5
OUT_11177,1007.53
OUT_11178,105.8
OUT_11179,213.58
OUT_11180,119.16
OUT_11181,125.33
OUT_11182,920.27
OUT_11183,325.15
OUT_11184,142.0
OUT_11185,97.33
OUT_11186,251.27
OUT_11187,937.2
OUT_11188,126.76
OUT_11189,300.78
OUT_11190,118.2
OUT_11191,104.22
OUT_11192,357.05
OUT_11193,116.54
OUT_11194,96.9
OUT_11195,326.76
OUT_11196,96.37
OUT_11197,294.75
OUT_11198,295.12
OUT_11199,846.46
OUT_11200,115.99
OUT_11201,343.94
OUT_11202,94.08
OUT_11203,98.38
OUT_11204,2036.02
OUT_11205,105.58
OUT_11206,122.24
OUT_11207,120.51
OUT_11208,891.09
OUT_11209,82.2
OUT_11210,125.99
OUT_11211,117.13
OUT_11212,363.99
OUT_11213,318.3
OUT_11214,2022.45
OUT_11215,123.64
OUT_11216,142.23
OUT_11217,2067.79
OUT_11218,293.26
OUT_11219,973.11
OUT_11220,109.69
OUT_11221,79.98
OUT_11222,1992.72
OUT_11223,127.43
OUT_11224,141.6
OUT_11225,1984.21
OUT_11226,141.45
OUT_11227,99.67
OUT_11228,111.95
OUT_11229,322.32
OUT_11230,86.28
OUT_11231,331.95
OUT_11232,2039.2
OUT_11233,929.82
OUT_11234,115.39
OUT_11235,92.39
OUT_11236,265.61
OUT_11237,91.79
OUT_11238,118.67
OUT_11239,974.98
OUT_11240,355.3
OUT_11241,88.38
OUT_11242,130.81
OUT_11243,144.85
OUT_11244,134.05
OUT_11245,314.01
OUT_11246,117.49
OUT_11247,118.93
OUT_11248,79.94
OUT_11249,333.8
OUT_11250,324.36
OUT_11251,2045.82
OUT_11252,136.6
OUT_11253,971.68
OUT_11254,355.9
OUT_11255,340.22
OUT_11256,237.85
OUT_11257,108.46
OUT_11258,123.35
OUT_11259,161.45
OUT_11260,904.65
OUT_11261,1913.9
OUT_11262,144.49
OUT_11263,103.57
OUT_11264,127.02
OUT_11265,945.9
OUT_11266,125.63
OUT_11267,139.02
OUT_11268,311.36
OUT_11269,2010.38
OUT_11270,108.22
OUT_11271,150.97
OUT_11272,108.18
OUT_11273,342.97
OUT_11274,96.25
OUT_11275,133.18
OUT_11276,379.06
OUT_11277,166.98
OUT_11278,114.94
OUT_11279,127.42
OUT_11280,997.97
OUT_11281,151.2
OUT_11282,156.94
OUT_11283,149.65
OUT_11284,154.35
OUT_11285,139.53
OUT_11286,324.85
OUT_11287,92.81
OUT_11288,948.61
OUT_11289,89.43
OUT_11290,286.02
OUT_11291,1039.15
OUT_11292,110.95
OUT_11293,292.97
OUT_11294,132.84
OUT_11295,116.87
OUT_11296,944.93
OUT_11297,280.11
OUT_11298,333.29
OUT_11299,153.62
OUT_11300,113.43
OUT_11301,119.86
OUT_11302,114.35
OUT_11303,970.18
OUT_11304,99.71
OUT_11305,2152.76
OUT_11306,249.91
OUT_11307,1980.64
OUT_11308,259.88
OUT_11309,940.27
OUT_11310,320.69
OUT_11311,171.06
OUT_11312,104.44
OUT_11313,123.31
OUT_11314,890.29
OUT_11315,398.03
OUT_11316,2117.04
OUT_11317,1027.7
OUT_11318,979.59
OUT_11319,112.77
OUT_11320,74.4
OUT_11321,223.34
OUT_11322,997.09
OUT_11323,287.13
OUT_11324,134.68
OUT_11325,156.71
OUT_11326,336.02
OUT_11327,130.8
OUT_11328,949.33
OUT_11329,95.67
OUT_11330,965.13
OUT_11331,313.59
OUT_11332,146.12
OUT_11333,344.91
OUT_11334,140.28
OUT_11335,91.7
OUT_11336,343.16
OUT_11337,309.08
OUT_11338,342.3
OUT_11339,128.39
OUT_11340,314.12
OUT_11341,126.74
OUT_11342,350.97
OUT_11343,124.55
OUT_11344,89.82
OUT_11345,107.96
OUT_11346,264.39
OUT_11347,325.68
OUT_11348,97.42
OUT_11349,121.84
OUT_11350,317.31
OUT_11351,99.41
OUT_11352,292.75
OUT_11353,133.98
OUT_11354,976.94
OUT_11355,116.24
OUT_11356,138.65
OUT_11357,291.43
OUT_11358,142.85
OUT_11359,2006.84
OUT_11360,251.03
OUT_11361,257.72
OUT_11362,338.31
OUT_11363,97.05
OUT_11364,133.06
OUT_11365,349.7
OUT_11366,122.47
OUT_11367,155.32
OUT_11368,2041.2
OUT_11369,118.59
OUT_11370,121.57
OUT_11371,302.63
OUT_11372,909.26
OUT_11373,325.97
OUT_11374,120.28
OUT_11375,317.56
OUT_11376,250.27
OUT_11377,107.6
OUT_11378,352.26
OUT_11379,107.75
OUT_11380,134.7
OUT_11381,308.43
OUT_11382,118.13
OUT_11383,318.5
OUT_11384,264.92
OUT_11385,312.37
OUT_11386,340.7
OUT_11387,143.53
OUT_11388,346.13
OUT_11389,117.79
OUT_11390,88.85
OUT_11391,100.77
OUT_11392,1010.91
OUT_11393,96.26
OUT_11394,1036.86
OUT_11395,306.44
OUT_11396,322.86
OUT_11397,953.17
OUT_11398,273.89
OUT_11399,108.62
OUT_11400,131.2
OUT_11401,363.26
OUT_11402,134.16
OUT_11403,2100.15
OUT_11404,147.09
OUT_11405,157.79
OUT_11406,1011.24
OUT_11407,131.25
OUT_11408,132.4
OUT_11409,263.75
OUT_11410,314.7
OUT_11411,106.23
OUT_11412,66.4
OUT_11413,943.04
OUT_11414,126.87
OUT_11415,127.65
OUT_11416,934.72
OUT_11417,148.4
OUT_11418,99.42
OUT_11419,112.01
OUT_11420,339.53
OUT_11421,915.01
OUT_11422,339.49
OUT_11423,327.22
OUT_11424,281.04
OUT_11425,120.39
OUT_11426,2099.48
OUT_11427,363.08
OUT_11428,301.46
OUT_11429,123.42
OUT_11430,89.86
OUT_11431,278.91
OUT_11432,310.63
OUT_11433,140.63
OUT_11434,898.58
OUT_11435,116.56
OUT_11436,152.48
OUT_11437,943.07
OUT_11438,902.07
OUT_11439,345.06
OUT_11440,88.23
OUT_11441,141.27
OUT_11442,83.51
OUT_11443,143.14
OUT_11444,85.0
OUT_11445,115.07
OUT_11446,314.81
OUT_11447,894.53
OUT_11448,87.97
OUT_11449,317.11
OUT_11450,87.71
OUT_11451,130.0
OUT_11452,150.98
OUT_11453,260.84
OUT_11454,360.99
OUT_11455,306.69
OUT_11456,155.92
OUT_11457,346.78
OUT_11458,2026.98
OUT_11459,117.24
OUT_11460,2130.14
OUT_11461,156.84
OUT_11462,128.97
OUT_11463,94.03
OUT_11464,314.09
OUT_11465,2006.38
OUT_11466,130.71
OUT_11467,125.8
OUT_11468,298.94
OUT_11469,150.83
OUT_11470,90.1
OUT_11471,311.66
OUT_11472,142.59
OUT_11473,302.08
OUT_11474,79.9
OUT_11475,956.88
OUT_11476,105.62
OUT_11477,87.49
OUT_11478,132.31
OUT_11479,238.87
OUT_11480,130.71
OUT_11481,113.52
OUT_11482,238.74
OUT_11483,273.91
OUT_11484,310.5
OUT_11485,111.22
OUT_11486,338.84
OUT_11487,313.88
OUT_11488,292.91
OUT_11489,360.73
OUT_11490,343.32
OUT_11491,294.89
OUT_11492,291.31
OUT_11493,327.67
OUT_11494,98.06
OUT_11495,375.12
OUT_11496,99.57
OUT_11497,2080.24
OUT_11498,87.19
OUT_11499,153.91
OUT_11500,988.89
OUT_11501,81.13
OUT_11502,831.59
OUT_11503,294.28
OUT_11504,975.47
OUT_11505,129.63
OUT_11506,366.5
OUT_11507,72.75
OUT_11508,288.04
OUT_11509,94.27
OUT_11510,317.81
OUT_11511,329.1
OUT_11512,930.34
OUT_11513,226.25
OUT_11514,90.88
OUT_11515,950.38
OUT_11516,119.22
OUT_11517,323.37
OUT_11518,143.88
OUT_11519,52.05
OUT_11520,264.76
OUT_11521,110.56
OUT_11522,329.78
OUT_11523,2075.27
OUT_11524,111.98
OUT_11525,143.21
OUT_11526,121.67
OUT_11527,123.93
OUT_11528,115.06
OUT_11529,111.44
OUT_11530,127.32
OUT_11531,229.13
OUT_11532,951.07
OUT_11533,127.43
OUT_11534,961.76
OUT_11535,306.64
OUT_11536,312.15
OUT_11537,94.53
OUT_11538,131.29
OUT_11539,353.06
OUT_11540,974.36
OUT_11541,313.01
OUT_11542,92.87
OUT_11543,102.38
OUT_11544,116.23
OUT_11545,938.14
OUT_11546,121.47
OUT_11547,886.82
OUT_11548,136.39
OUT_11549,363.06
OUT_11550,162.86
OUT_11551,105.74
OUT_11552,126.93
OUT_11553,121.61
OUT_11554,153.42
OUT_11555,134.65
OUT_11556,121.51
OUT_11557,305.59
OUT_11558,113.71
OUT_11559,948.71
OUT_11560,310.54
OUT_11561,106.06
OUT_11562,115.77
OUT_11563,1069.57
OUT_11564,96.22
OUT_11565,286.76
OUT_11566,131.27
OUT_11567,1012.5
OUT_11568,117.74
OUT_11569,997.35
OUT_11570,101.46
OUT_11571,343.91
OUT_11572,120.09
OUT_11573,285.6
OUT_11574,317.95
OUT_11575,107.96
OUT_11576,313.03
OUT_11577,125.34
OUT_11578,313.09
OUT_11579,138.4
OUT_11580,95.01
OUT_11581,115.42
OUT_11582,146.98
OUT_11583,303.02
OUT_11584,949.53
OUT_11585,326.08
OUT_11586,155.54
OUT_11587,288.9
OUT_11588,1967.73
OUT_11589,323.14
OUT_11590,1981.44
OUT_11591,101.49
OUT_11592,98.66
OUT_11593,154.76
OUT_11594,104.28
OUT_11595,67.35
OUT_11596,118.46
OUT_11597,108.51
OUT_11598,319.97
OUT_11599,838.8
OUT_11600,83.98
OUT_11601,2028.43
OUT_11602,118.44
OUT_11603,131.74
OUT_11604,100.94
OUT_11605,2048.72
OUT_11606,283.34
OUT_11607,336.14
OUT_11608,101.4
OUT_11609,142.44
OUT_11610,90.35
OUT_11611,989.82
OUT_11612,115.7
OUT_11613,860.53
OUT_11614,105.36
OUT_11615,268.84
OUT_11616,324.18
OUT_11617,305.23
OUT_11618,301.43
OUT_11619,2075.64
OUT_11620,127.36
OUT_11621,117.07
OUT_11622,1011.36
OUT_11623,131.74
OUT_11624,119.1
OUT_11625,106.67
OUT_11626,90.17
OUT_11627,154.01
OUT_11628,303.74
OUT_11629,97.8
OUT_11630,881.93
OUT_11631,322.6
OUT_11632,369.41
OUT_11633,894.61
OUT_11634,85.17
OUT_11635,137.97
OUT_11636,1978.77
OUT_11637,889.07
OUT_11638,128.59
OUT_11639,132.11
OUT_11640,340.7
OUT_11641,154.21
OUT_11642,950.15
OUT_11643,1982.36
OUT_11644,2138.35
OUT_11645,134.02
OUT_11646,942.94
OUT_11647,135.41
OUT_11648,264.97
OUT_11649,91.88
OUT_11650,143.94
OUT_11651,100.26
OUT_11652,931.11
OUT_11653,114.2
OUT_11654,135.48
OUT_11655,99.69
OUT_11656,101.95
OUT_11657,100.83
OUT_11658,120.39
OUT_11659,93.56
OUT_11660,120.98
OUT_11661,112.01
OUT_11662,918.16
OUT_11663,95.22
OUT_11664,135.42
OUT_11665,1973.47
OUT_11666,981.47
OUT_11667,272.85
OUT_11668,309.87
OUT_11669,126.54
OUT_11670,99.98
OUT_11671,120.63
OUT_11672,996.74
OUT_11673,249.47
OUT_11674,997.73
OUT_11675,166.34
OUT_11676,318.22
OUT_11677,106.53
OUT_11678,95.89
OUT_11679,94.68
OUT_11680,1072.01
OUT_11681,263.34
OUT_11682,101.31
OUT_11683,995.19
OUT_11684,86.63
OUT_11685,100.0
OUT_11686,912.68
OUT_11687,135.27
OUT_11688,1038.77
OUT_11689,273.28
OUT_11690,142.9
OUT_11691,161.01
OUT_11692,959.34
OUT_11693,321.33
OUT_11694,107.71
OUT_11695,140.11
OUT_11696,955.26
OUT_11697,2020.06
OUT_11698,129.53
OUT_11699,320.7
OUT_11700,134.53
OUT_11701,134.94
OUT_11702,320.44
OUT_11703,111.91
OUT_11704,929.32
OUT_11705,115.9
OUT_11706,116.05
OUT_11707,294.95
OUT_11708,110.18
OUT_11709,133.8
OUT_11710,115.91
OUT_11711,291.86
OUT_11712,143.94
OUT_11713,303.98
OUT_11714,91.5
OUT_11715,360.06
OUT_11716,293.74
OUT_11717,953.78
OUT_11718,330.3
OUT_11719,289.85
OUT_11720,1971.26
OUT_11721,324.85
OUT_11722,96.14
OUT_11723,109.42
OUT_11724,126.02
OUT_11725,133.94
OUT_11726,128.35
OUT_11727,325.05
OUT_11728,105.09
OUT_11729,146.95
OUT_11730,110.41
OUT_11731,118.95
OUT_11732,160.9
OUT_11733,953.33
OUT_11734,119.53
OUT_11735,114.93
OUT_11736,119.31
OUT_11737,117.22
OUT_11738,125.77
OUT_11739,77.72
OUT_11740,151.0
OUT_11741,114.94
OUT_11742,306.61
OUT_11743,325.97
OUT_11744,98.94
OUT_11745,123.19
OUT_11746,942.57
OUT_11747,272.46
OUT_11748,131.67
OUT_11749,345.54
OUT_11750,299.06
OUT_11751,86.57
OUT_11752,139.08
OUT_11753,257.96
OUT_11754,102.84
OUT_11755,930.06
OUT_11756,138.97
OUT_11757,1005.18
OUT_11758,93.7
OUT_11759,99.23
OUT_11760,94.03
OUT_11761,323.66
OUT_11762,896.6
OUT_11763,305.2
OUT_11764,314.78
OUT_11765,105.12
OUT_11766,128.04
OUT_11767,1996.52
OUT_11768,135.11
OUT_11769,918.89
OUT_11770,2069.7
OUT_11771,316.43
OUT_11772,332.33
OUT_11773,125.93
OUT_11774,74.01
OUT_11775,328.81
OUT_11776,121.42
OUT_11777,150.17
OUT_11778,146.21
OUT_11779,105.72
OUT_11780,941.07
OUT_11781,86.32
OUT_11782,117.54
OUT_11783,327.18
OUT_11784,362.66
OUT_11785,100.27
OUT_11786,142.99
OUT_11787,104.92
OUT_11788,2056.1
OUT_11789,997.26
OUT_11790,278.2
OUT_11791,965.1
OUT_11792,348.39
OUT_11793,139.68
OUT_11794,113.98
OUT_11795,132.82
OUT_11796,318.28
OUT_11797,1021.15
OUT_11798,316.09
OUT_11799,275.62
OUT_11800,268.49
OUT_11801,208.21
OUT_11802,122.13
OUT_11803,107.3
OUT_11804,2081.08
OUT_11805,144.86
OUT_11806,98.59
OUT_11807,276.79
OUT_11808,298.92
OUT_11809,155.7
OUT_11810,89.33
OUT_11811,146.22
OUT_11812,138.2
OUT_11813,330.41
OUT_11814,255.4
OUT_11815,100.24
OUT_11816,915.74
OUT_11817,295.18
OUT_11818,97.33
OUT_11819,931.9
OUT_11820,999.29
OUT_11821,111.09
OUT_11822,143.8
OUT_11823,930.54
OUT_11824,378.94
OUT_11825,313.32
OUT_11826,141.14
OUT_11827,125.9
OUT_11828,143.2
OUT_11829,133.13
OUT_11830,93.07
OUT_11831,131.65
OUT_11832,87.61
OUT_11833,336.11
OUT_11834,314.91
OUT_11835,114.64
OUT_11836,106.75
OUT_11837,330.67
OUT_11838,282.89
OUT_11839,119.08
OUT_11840,127.92
OUT_11841,105.1
OUT_11842,303.07
OUT_11843,2090.64
OUT_11844,138.11
OUT_11845,902.43
OUT_11846,129.29
OUT_11847,258.6
OUT_11848,956.79
OUT_11849,108.11
OUT_11850,113.13
OUT_11851,123.41
OUT_11852,971.17
OUT_11853,2034.85
OUT_11854,118.5
OUT_11855,297.17
OUT_11856,263.03
OUT_11857,993.2
OUT_11858,313.35
OUT_11859,946.2
OUT_11860,97.19
OUT_11861,303.38
OUT_11862,260.78
OUT_11863,110.87
OUT_11864,127.45
OUT_11865,155.58
OUT_11866,297.05
OUT_11867,121.97
OUT_11868,982.71
OUT_11869,108.75
OUT_11870,328.74
OUT_11871,111.01
OUT_11872,328.76
OUT_11873,108.88
OUT_11874,102.71
OUT_11875,341.49
OUT_11876,290.15
OUT_11877,134.87
OUT_11878,104.6
OUT_11879,290.99
OUT_11880,154.68
OUT_11881,355.7
OUT_11882,279.99
OUT_11883,963.9
OUT_11884,144.12
OUT_11885,284.1
OUT_11886,311.07
OUT_11887,114.84
OUT_11888,136.38
OUT_11889,296.12
OUT_11890,103.51
OUT_11891,152.49
OUT_11892,142.6
OUT_11893,118.66
OUT_11894,884.22
OUT_11895,120.99
OUT_11896,85.49
OUT_11897,946.86
OUT_11898,990.21
OUT_11899,160.85
OUT_11900,882.03
OUT_11901,147.25
OUT_11902,100.19
OUT_11903,136.41
OUT_11904,159.84
OUT_11905,134.63
OUT_11906,103.4
OUT_11907,136.55
OUT_11908,150.45
OUT_11909,967.69
OUT_11910,325.78
OUT_11911,973.34
OUT_11912,301.01
OUT_11913,167.24
OUT_11914,294.5
OUT_11915,146.48
OUT_11916,102.54
OUT_11917,111.66
OUT_11918,96.91
OUT_11919,116.24
OUT_11920,935.38
OUT_11921,139.6
OUT_11922,984.94
OUT_11923,94.96
OUT_11924,142.04
OUT_11925,80.05
OUT_11926,120.66
OUT_11927,137.84
OUT_11928,147.17
OUT_11929,997.12
OUT_11930,108.29
OUT_11931,92.33
OUT_11932,117.5
OUT_11933,138.79
OUT_11934,323.73
OUT_11935,111.76
OUT_11936,100.65
OUT_11937,88.56
OUT_11938,116.25
OUT_11939,308.83
OUT_11940,337.34
OUT_11941,156.76
OUT_11942,360.36
OUT_11943,936.4
OUT_11944,937.64
OUT_11945,165.64
OUT_11946,89.91
OUT_11947,341.53
OUT_11948,71.24
OUT_11949,2032.1
OUT_11950,2069.57
OUT_11951,958.11
OUT_11952,93.35
OUT_11953,117.26
OUT_11954,228.28
OUT_11955,145.9
OUT_11956,137.09
OUT_11957,116.81
OUT_11958,966.99
OUT_11959,112.14
OUT_11960,879.6
OUT_11961,982.35
OUT_11962,293.27
OUT_11963,1018.92
OUT_11964,118.87
OUT_11965,257.75
OUT_11966,108.26
OUT_11967,130.21
OUT_11968,946.59
OUT_11969,968.75
OUT_11970,956.4
OUT_11971,104.5
OUT_11972,280.86
OUT_11973,133.23
OUT_11974,149.3
OUT_11975,248.4
OUT_11976,897.52
OUT_11977,163.7
OUT_11978,302.96
OUT_11979,127.39
OUT_11980,94.68
OUT_11981,2041.17
OUT_11982,161.37
OUT_11983,332.89
OUT_11984,110.55
OUT_11985,144.88
OUT_11986,279.91
OUT_11987,277.39
OUT_11988,329.27
OUT_11989,277.27
OUT_11990,100.18
OUT_11991,277.66
OUT_11992,338.25
OUT_11993,280.35
OUT_11994,101.4
OUT_11995,309.37
OUT_11996,280.7
OUT_11997,118.56
OUT_11998,359.22
OUT_11999,121.73
OUT_12000,325.0
OUT_12001,131.89
OUT_12002,296.35
OUT_12003,310.31
OUT_12004,2050.29
OUT_12005,112.21
OUT_12006,303.22
OUT_12007,345.75
OUT_12008,924.19
OUT_12009,95.97
OUT_12010,165.75
OUT_12011,146.32
OUT_12012,1044.03
OUT_12013,298.09
OUT_12014,121.3
OUT_12015,1936.6
OUT_12016,85.57
OUT_12017,136.82
OUT_12018,108.97
OUT_12019,136.07
OUT_12020,130.11
OUT_12021,248.9
OUT_12022,383.36
OUT_12023,86.25
OUT_12024,102.98
OUT_12025,106.16
OUT_12026,2002.67
OUT_12027,106.51
OUT_12028,323.44
OUT_12029,117.37
OUT_12030,1000.81
OUT_12031,162.33
OUT_12032,324.03
OUT_12033,320.96
OUT_12034,127.11
OUT_12035,358.91
OUT_12036,921.66
OUT_12037,139.71
OUT_12038,108.8
OUT_12039,121.23
OUT_12040,160.69
OUT_12041,370.73
OUT_12042,311.76
OUT_12043,242.85
OUT_12044,116.63
OUT_12045,312.1
OUT_12046,165.75
OUT_12047,124.77
OUT_12048,134.03
OUT_12049,971.5
OUT_12050,153.9
OUT_12051,112.34
OUT_12052,129.3
OUT_12053,80.63
OUT_12054,304.75
OUT_12055,1023.39
OUT_12056,116.01
OUT_12057,101.25
OUT_12058,975.71
OUT_12059,64.85
OUT_12060,2081.19
OUT_12061,128.0
OUT_12062,345.68
OUT_12063,268.76
OUT_12064,251.9
OUT_12065,115.29
OUT_12066,101.9
OUT_12067,102.46
OUT_12068,123.28
OUT_12069,110.62
OUT_12070,364.14
OUT_12071,960.68
OUT_12072,102.48
OUT_12073,128.75
OUT_12074,919.67
OUT_12075,91.26
OUT_12076,131.11
OUT_12077,122.75
OUT_12078,150.64
OUT_12079,90.78
OUT_12080,116.6
OUT_12081,993.2
OUT_12082,317.84
OUT_12083,936.88
OUT_12084,268.98
OUT_12085,147.26
OUT_12086,104.32
OUT_12087,143.24
OUT_12088,153.79
OUT_12089,109.8
OUT_12090,281.34
OUT_12091,934.21
OUT_12092,72.51
OUT_12093,123.96
OUT_12094,95.19
OUT_12095,241.47
OUT_12096,277.1
OUT_12097,146.68
OUT_12098,301.9
OUT_12099,96.66
OUT_12100,120.69
OUT_12101,121.52
OUT_12102,114.85
OUT_12103,142.76
OUT_12104,171.77
OUT_12105,138.62
OUT_12106,140.92
OUT_12107,113.39
OUT_12108,2093.55
OUT_12109,322.27
OUT_12110,343.43
OUT_12111,139.85
OUT_12112,144.51
OUT_12113,877.07
OUT_12114,114.72
OUT_12115,985.41
OUT_12116,334.98
OUT_12117,99.02
OUT_12118,309.43
OUT_12119,109.98
OUT_12120,287.58
OUT_12121,353.42
OUT_12122,110.97
OUT_12123,322.8
OUT_12124,309.59
OUT_12125,283.55
OUT_12126,129.35
OUT_12127,167.61
OUT_12128,341.15
OUT_12129,102.83
OUT_12130,117.96
OUT_12131,2072.5
OUT_12132,122.21
OUT_12133,109.38
OUT_12134,356.64
OUT_12135,98.53
OUT_12136,260.78
OUT_12137,307.06
OUT_12138,1003.33
OUT_12139,970.53
OUT_12140,107.79
OUT_12141,2083.78
OUT_12142,1961.98
OUT_12143,101.03
OUT_12144,152.39
OUT_12145,968.91
OUT_12146,121.38
OUT_12147,94.61
OUT_12148,865.12
OUT_12149,131.24
OUT_12150,137.86
OUT_12151,74.26
OUT_12152,953.62
OUT_12153,319.54
OUT_12154,261.5
OUT_12155,90.51
OUT_12156,157.33
OUT_12157,309.7
OUT_12158,159.25
OUT_12159,2026.27
OUT_12160,351.98
OUT_12161,112.16
OUT_12162,1960.96
OUT_12163,107.94
OUT_12164,104.16
OUT_12165,129.38
OUT_12166,83.85
OUT_12167,61.75
OUT_12168,98.03
OUT_12169,102.14
OUT_12170,313.88
OUT_12171,113.52
OUT_12172,331.24
OUT_12173,278.16
OUT_12174,249.88
OUT_12175,94.56
OUT_12176,247.11
OUT_12177,98.53
OUT_12178,103.61
OUT_12179,121.26
OUT_12180,91.24
OUT_12181,117.85
OUT_12182,297.61
OUT_12183,139.88
OUT_12184,345.79
OUT_12185,367.54
OUT_12186,140.69
OUT_12187,349.55
OUT_12188,138.94
OUT_12189,324.64
OUT_12190,104.5
OUT_12191,118.7
OUT_12192,126.5
OUT_12193,123.22
OUT_12194,345.46
OUT_12195,96.99
OUT_12196,142.8
OUT_12197,396.58
OUT_12198,299.1
OUT_12199,128.7
OUT_12200,948.51
OUT_12201,141.45
OUT_12202,133.29
OUT_12203,915.21
OUT_12204,114.71
OUT_12205,2110.38
OUT_12206,2038.92
OUT_12207,284.22
OUT_12208,311.2
OUT_12209,121.88
OUT_12210,84.26
OUT_12211,156.02
OUT_12212,91.26
OUT_12213,104.94
OUT_12214,337.56
OUT_12215,927.85
OUT_12216,307.05
OUT_12217,95.3
OUT_12218,151.65
OUT_12219,152.29
OUT_12220,931.98
OUT_12221,123.26
OUT_12222,95.26
OUT_12223,301.19
OUT_12224,1009.65
OUT_12225,140.39
OUT_12226,145.21
OUT_12227,89.76
OUT_12228,146.17
OUT_12229,124.36
OUT_12230,137.48
OUT_12231,143.16
OUT_12232,142.28
OUT_12233,155.74
OUT_12234,95.56
OUT_12235,334.23
OUT_12236,100.95
OUT_12237,944.27
OUT_12238,108.49
OUT_12239,309.29
OUT_12240,92.12
OUT_12241,91.11
OUT_12242,1004.71
OUT_12243,121.17
OUT_12244,322.36
OUT_12245,80.29
OUT_12246,92.5
OUT_12247,119.39
OUT_12248,332.45
OUT_12249,2014.23
OUT_12250,1044.91
OUT_12251,75.24
OUT_12252,107.59
OUT_12253,240.59
OUT_12254,136.65
OUT_12255,921.75
OUT_12256,872.37
OUT_12257,128.03
OUT_12258,1945.24
OUT_12259,346.74
OUT_12260,98.62
OUT_12261,153.47
OUT_12262,364.36
OUT_12263,2052.96
OUT_12264,1943.8
OUT_12265,300.33
OUT_12266,150.16
OUT_12267,341.01
OUT_12268,2081.18
OUT_12269,105.28
OUT_12270,354.33
OUT_12271,116.43
OUT_12272,305.59
OUT_12273,257.04
OUT_12274,125.68
OUT_12275,326.25
OUT_12276,126.8
OUT_12277,2015.3
OUT_12278,110.06
OUT_12279,313.8
OUT_12280,289.15
OUT_12281,308.72
OUT_12282,315.2
OUT_12283,997.96
OUT_12284,91.9
OUT_12285,319.52
OUT_12286,161.64
OUT_12287,98.27
OUT_12288,92.41
OUT_12289,135.67
OUT_12290,111.9
OUT_12291,934.9
OUT_12292,307.97
OUT_12293,155.75
OUT_12294,328.67
OUT_12295,960.72
OUT_12296,136.35
OUT_12297,287.97
OUT_12298,302.4
OUT_12299,98.78
OUT_12300,133.22
OUT_12301,872.75
OUT_12302,131.37
OUT_12303,104.12
OUT_12304,114.0
OUT_12305,107.09
OUT_12306,1961.84
OUT_12307,124.0
OUT_12308,223.67
OUT_12309,136.61
OUT_12310,349.34
OUT_12311,347.41
OUT_12312,321.43
OUT_12313,121.83
OUT_12314,302.91
OUT_12315,139.87
OUT_12316,130.59
OUT_12317,121.27
OUT_12318,89.0
OUT_12319,93.96
OUT_12320,121.44
OUT_12321,111.18
OUT_12322,115.28
OUT_12323,137.2
OUT_12324,268.49
OUT_12325,291.14
OUT_12326,92.82
OUT_12327,959.23
OUT_12328,264.65
OUT_12329,142.79
OUT_12330,113.13
OUT_12331,941.22
OUT_12332,248.52
OUT_12333,343.45
OUT_12334,1931.05
OUT_12335,341.75
OUT_12336,97.65
OUT_12337,134.83
OUT_12338,277.01
OUT_12339,150.31
OUT_12340,326.75
OUT_12341,98.86
OUT_12342,116.85
OUT_12343,1001.76
OUT_12344,269.48
OUT_12345,2028.15
OUT_12346,940.64
OUT_12347,327.82
OUT_12348,2121.44
OUT_12349,344.62
OUT_12350,120.81
OUT_12351,127.47
OUT_12352,100.97
OUT_12353,91.8
OUT_12354,112.36
OUT_12355,321.78
OUT_12356,163.71
OUT_12357,80.11
OUT_12358,101.36
OUT_12359,113.48
OUT_12360,996.87
OUT_12361,102.71
OUT_12362,63.01
OUT_12363,107.34
OUT_12364,110.93
OUT_12365,164.2
OUT_12366,142.29
OUT_12367,312.47
OUT_12368,1986.17
OUT_12369,846.64
OUT_12370,326.57
OUT_12371,996.98
OUT_12372,2014.17
OUT_12373,250.85
OUT_12374,323.89
OUT_12375,315.22
OUT_12376,901.81
OUT_12377,103.91
OUT_12378,309.37
OUT_12379,98.77
OUT_12380,139.97
OUT_12381,906.67
OUT_12382,71.79
OUT_12383,83.72
OUT_12384,873.39
OUT_12385,140.36
OUT_12386,104.63
OUT_12387,334.28
OUT_12388,923.77
OUT_12389,323.75
OUT_12390,136.63
OUT_12391,281.65
OUT_12392,152.35
OUT_12393,318.07
OUT_12394,944.45
OUT_12395,93.59
OUT_12396,866.05
OUT_12397,99.12
OUT_12398,1954.2
OUT_12399,368.7
OUT_12400,2010.27
OUT_12401,1043.73
OUT_12402,358.06
OUT_12403,116.93
OUT_12404,102.52
OUT_12405,113.23
OUT_12406,288.81
OUT_12407,108.37
OUT_12408,132.62
OUT_12409,318.46
OUT_12410,370.24
OUT_12411,77.69
OUT_12412,287.23
OUT_12413,334.82
OUT_12414,1020.54
OUT_12415,275.67
OUT_12416,339.35
OUT_12417,944.56
OUT_12418,282.41
OUT_12419,135.01
OUT_12420,321.46
OUT_12421,351.51
OUT_12422,159.21
OUT_12423,310.47
OUT_12424,908.94
OUT_12425,2027.14
OUT_12426,108.25
OUT_12427,116.45
OUT_12428,109.13
OUT_12429,293.2
OUT_12430,282.5
OUT_12431,150.74
OUT_12432,139.07
OUT_12433,120.36
OUT_12434,268.75
OUT_12435,338.32
OUT_12436,961.9
OUT_12437,92.8
OUT_12438,113.18
OUT_12439,133.5
OUT_12440,948.68
OUT_12441,111.27
OUT_12442,363.96
OUT_12443,165.48
OUT_12444,886.71
OUT_12445,2023.63
OUT_12446,358.67
OUT_12447,114.12
OUT_12448,294.14
OUT_12449,127.23
OUT_12450,230.44
OUT_12451,127.39
OUT_12452,137.76
OUT_12453,84.76
OUT_12454,153.92
OUT_12455,105.04
OUT_12456,896.67
OUT_12457,140.09
OUT_12458,130.17
OUT_12459,337.61
OUT_12460,941.13
OUT_12461,102.96
OUT_12462,126.21
OUT_12463,1067.06
OUT_12464,308.73
OUT_12465,93.82
OUT_12466,156.99
OUT_12467,115.79
OUT_12468,165.77
OUT_12469,995.83
OUT_12470,338.62
OUT_12471,105.61
OUT_12472,123.68
OUT_12473,344.67
OUT_12474,92.2
OUT_12475,93.08
OUT_12476,343.98
OUT_12477,122.67
OUT_12478,85.47
OUT_12479,335.72
OUT_12480,948.75
OUT_12481,86.57
OUT_12482,978.66
OUT_12483,883.77
OUT_12484,1997.64
OUT_12485,982.62
OUT_12486,139.28
OUT_12487,79.98
OUT_12488,905.6
OUT_12489,137.31
OUT_12490,120.81
OUT_12491,91.98
OUT_12492,2000.03
OUT_12493,145.56
OUT_12494,2028.66
OUT_12495,320.34
OUT_12496,405.53
OUT_12497,87.57
OUT_12498,256.22
OUT_12499,146.4
OUT_12500,113.43
OUT_12501,309.33
OUT_12502,970.87
OUT_12503,248.97
OUT_12504,98.23
OUT_12505,177.34
OUT_12506,133.7
OUT_12507,927.09
OUT_12508,266.66
OUT_12509,942.69
OUT_12510,150.82
OUT_12511,122.91
OUT_12512,295.64
OUT_12513,369.84
OUT_12514,1977.02
OUT_12515,270.19
OUT_12516,90.28
OUT_12517,135.56
OUT_12518,974.81
OUT_12519,116.18
OUT_12520,103.31
OUT_12521,140.33
OUT_12522,946.15
OUT_12523,343.1
OUT_12524,109.96
OUT_12525,106.76
OUT_12526,177.4
OUT_12527,109.74
OUT_12528,98.33
OUT_12529,940.98
OUT_12530,950.04
OUT_12531,999.48
OUT_12532,99.76
OUT_12533,98.94
OUT_12534,135.53
OUT_12535,150.33
OUT_12536,958.19
OUT_12537,137.78
OUT_12538,322.52
OUT_12539,112.5
OUT_12540,119.98
OUT_12541,87.75
OUT_12542,330.72
OUT_12543,145.0
OUT_12544,357.4
OUT_12545,97.79
OUT_12546,90.0
OUT_12547,121.21
OUT_12548,143.2
OUT_12549,172.85
OUT_12550,118.58
OUT_12551,103.56
OUT_12552,964.01
OUT_12553,289.81
OUT_12554,140.59
OUT_12555,93.14
OUT_12556,95.51
OUT_12557,125.74
OUT_12558,104.33
OUT_12559,116.89
OUT_12560,131.31
OUT_12561,2137.4
OUT_12562,953.96
OUT_12563,944.59
OUT_12564,323.73
OUT_12565,143.19
OUT_12566,117.9
OUT_12567,169.67
OUT_12568,119.99
OUT_12569,908.33
OUT_12570,339.68
OUT_12571,105.77
OUT_12572,939.75
OUT_12573,148.08
OUT_12574,92.22
OUT_12575,314.04
OUT_12576,121.23
OUT_12577,80.51
OUT_12578,275.32
OUT_12579,318.7
OUT_12580,961.09
OUT_12581,972.75
OUT_12582,956.4
OUT_12583,137.99
OUT_12584,120.85
OUT_12585,129.75
OUT_12586,128.81
OUT_12587,953.82
OUT_12588,2031.17
OUT_12589,127.56
OUT_12590,84.71
OUT_12591,320.08
OUT_12592,2023.08
OUT_12593,309.66
OUT_12594,1006.2
OUT_12595,393.29
OUT_12596,925.23
OUT_12597,128.43
OUT_12598,1037.93
OUT_12599,101.1
OUT_12600,340.5
OUT_12601,133.04
OUT_12602,121.36
OUT_12603,1002.37
OUT_12604,388.77
OUT_12605,366.61
OUT_12606,302.96
OUT_12607,318.03
OUT_12608,141.38
OUT_12609,160.52
OUT_12610,144.9
OUT_12611,312.52
OUT_12612,142.21
OUT_12613,121.89
OUT_12614,153.61
OUT_12615,346.45
OUT_12616,155.87
OUT_12617,85.27
OUT_12618,245.97
OUT_12619,158.89
OUT_12620,137.58
OUT_12621,874.08
OUT_12622,117.17
OUT_12623,1005.46
OUT_12624,2044.82
OUT_12625,1959.06
OUT_12626,156.01
OUT_12627,94.76
OUT_12628,311.4
OUT_12629,952.65
OUT_12630,319.66
OUT_12631,111.56
OUT_12632,976.18
OUT_12633,98.21
OUT_12634,106.37
OUT_12635,316.39
OUT_12636,132.88
OUT_12637,121.78
OUT_12638,1999.53
OUT_12639,97.54
OUT_12640,121.52
OUT_12641,981.66
OUT_12642,1945.48
OUT_12643,295.53
OUT_12644,359.55
OUT_12645,125.59
OUT_12646,146.45
OUT_12647,118.08
OUT_12648,102.14
OUT_12649,130.12
OUT_12650,122.54
OUT_12651,77.88
OUT_12652,296.73
OUT_12653,339.95
OUT_12654,1030.01
OUT_12655,101.51
OUT_12656,124.9
OUT_12657,108.86
OUT_12658,1975.81
OUT_12659,145.44
OUT_12660,292.98
OUT_12661,118.23
OUT_12662,113.57
OUT_12663,130.91
OUT_12664,279.88
OUT_12665,160.99
OUT_12666,950.73
OUT_12667,111.03
OUT_12668,338.35
OUT_12669,110.77
OUT_12670,338.32
OUT_12671,146.58
OUT_12672,928.7
OUT_12673,166.68
OUT_12674,152.88
OUT_12675,2061.99
OUT_12676,95.36
OUT_12677,351.02
OUT_12678,284.91
OUT_12679,148.32
OUT_12680,110.89
OUT_12681,112.68
OUT_12682,961.26
OUT_12683,1997.67
OUT_12684,120.28
OUT_12685,116.57
OUT_12686,147.5
OUT_12687,94.61
OUT_12688,105.21
OUT_12689,345.18
OUT_12690,361.93
OUT_12691,1994.42
OUT_12692,302.72
OUT_12693,299.78
OUT_12694,147.88
OUT_12695,90.37
OUT_12696,123.47
OUT_12697,1048.07
OUT_12698,245.01
OUT_12699,97.43
OUT_12700,105.47
OUT_12701,110.58
OUT_12702,1029.63
OUT_12703,108.6
OUT_12704,990.25
OUT_12705,928.29
OUT_12706,359.97
OUT_12707,295.77
OUT_12708,134.01
OUT_12709,291.54
OUT_12710,98.39
OUT_12711,79.15
OUT_12712,281.5
OUT_12713,150.88
OUT_12714,326.19
OUT_12715,91.8
OUT_12716,323.84
OUT_12717,298.39
OUT_12718,96.49
OUT_12719,323.45
OUT_12720,147.95
OUT_12721,111.83
OUT_12722,368.76
OUT_12723,107.82
OUT_12724,122.86
OUT_12725,84.45
OUT_12726,92.48
OUT_12727,127.6
OUT_12728,2057.23
OUT_12729,378.47
OUT_12730,942.68
OUT_12731,306.54
OUT_12732,117.01
OUT_12733,142.48
OUT_12734,937.14
OUT_12735,319.61
OUT_12736,108.28
OUT_12737,113.0
OUT_12738,118.36
OUT_12739,122.6
OUT_12740,939.97
OUT_12741,131.94
OUT_12742,2079.08
OUT_12743,352.21
OUT_12744,307.4
OUT_12745,1009.66
OUT_12746,130.32
OUT_12747,112.27
OUT_12748,156.59
OUT_12749,155.49
OUT_12750,219.18
OUT_12751,137.34
OUT_12752,106.86
OUT_12753,340.8
OUT_12754,953.89
OUT_12755,336.36
OUT_12756,146.18
OUT_12757,88.89
OUT_12758,104.06
OUT_12759,130.48
OUT_12760,105.89
OUT_12761,93.17
OUT_12762,139.4
OUT_12763,288.71
OUT_12764,100.63
OUT_12765,96.89
OUT_12766,159.73
OUT_12767,99.66
OUT_12768,115.57
OUT_12769,1005.94
OUT_12770,123.02
OUT_12771,125.06
OUT_12772,91.67
OUT_12773,102.37
OUT_12774,149.56
OUT_12775,137.61
OUT_12776,118.45
OUT_12777,345.79
OUT_12778,89.14
OUT_12779,106.66
OUT_12780,91.45
OUT_12781,165.75
OUT_12782,297.89
OUT_12783,945.37
OUT_12784,338.6
OUT_12785,303.83
OUT_12786,116.92
OUT_12787,143.23
OUT_12788,287.38
OUT_12789,361.91
OUT_12790,355.4
OUT_12791,115.19
OUT_12792,319.29
OUT_12793,386.15
OUT_12794,121.52
OUT_12795,81.19
OUT_12796,157.68
OUT_12797,137.95
OUT_12798,120.55
OUT_12799,106.34
OUT_12800,139.02
OUT_12801,311.36
OUT_12802,103.68
OUT_12803,108.73
OUT_12804,960.95
OUT_12805,125.11
OUT_12806,302.28
OUT_12807,968.36
OUT_12808,131.59
OUT_12809,236.24
OUT_12810,347.15
OUT_12811,294.98
OUT_12812,109.78
OUT_12813,347.89
OUT_12814,340.78
OUT_12815,989.36
OUT_12816,356.08
OUT_12817,354.8
OUT_12818,128.32
OUT_12819,104.26
OUT_12820,826.36
OUT_12821,314.44
OUT_12822,118.87
OUT_12823,70.01
OUT_12824,107.24
OUT_12825,114.16
OUT_12826,142.17
OUT_12827,91.66
OUT_12828,109.74
OUT_12829,116.71
OUT_12830,138.07
OUT_12831,110.94
OUT_12832,278.88
OUT_12833,299.25
OUT_12834,2030.48
OUT_12835,133.84
OUT_12836,313.99
OUT_12837,135.19
OUT_12838,81.89
OUT_12839,102.44
OUT_12840,120.99
OUT_12841,131.86
OUT_12842,807.81
OUT_12843,351.2
OUT_12844,328.39
OUT_12845,323.88
OUT_12846,97.48
OUT_12847,103.53
OUT_12848,2026.55
OUT_12849,301.35
OUT_12850,136.7
OUT_12851,281.38
OUT_12852,124.89
OUT_12853,136.99
OUT_12854,141.03
OUT_12855,1999.1
OUT_12856,113.89
OUT_12857,913.6
OUT_12858,126.79
OUT_12859,114.18
OUT_12860,144.74
OUT_12861,324.98
OUT_12862,362.0
OUT_12863,978.2
OUT_12864,138.61
OUT_12865,2039.59
OUT_12866,117.48
OUT_12867,315.93
OUT_12868,123.98
OUT_12869,75.61
OUT_12870,157.29
OUT_12871,140.43
OUT_12872,136.36
OUT_12873,2052.93
OUT_12874,2108.79
OUT_12875,974.38
OUT_12876,216.62
OUT_12877,131.14
OUT_12878,117.28
OUT_12879,311.53
OUT_12880,124.74
OUT_12881,319.53
OUT_12882,1947.32
OUT_12883,372.54
OUT_12884,121.1
OUT_12885,264.42
OUT_12886,288.0
OUT_12887,129.22
OUT_12888,136.61
OUT_12889,295.0
OUT_12890,2047.4
OUT_12891,285.17
OUT_12892,297.73
OUT_12893,107.8
OUT_12894,164.03
OUT_12895,82.45
OUT_12896,340.58
OUT_12897,147.08
OUT_12898,109.26
OUT_12899,104.37
OUT_12900,934.09
OUT_12901,92.26
OUT_12902,87.93
OUT_12903,145.8
OUT_12904,288.29
OUT_12905,1026.11
OUT_12906,1048.76
OUT_12907,952.74
OUT_12908,121.97
OUT_12909,285.93
OUT_12910,123.87
OUT_12911,932.65
OUT_12912,111.36
OUT_12913,299.88
OUT_12914,100.6
OUT_12915,335.6
OUT_12916,163.71
OUT_12917,98.63
OUT_12918,302.99
OUT_12919,103.98
OUT_12920,131.72
OUT_12921,266.77
OUT_12922,92.63
OUT_12923,904.16
OUT_12924,322.37
OUT_12925,359.43
OUT_12926,830.65
OUT_12927,142.63
OUT_12928,108.98
OUT_12929,103.16
OUT_12930,345.77
OUT_12931,130.87
OUT_12932,2029.98
OUT_12933,303.68
OUT_12934,310.18
OUT_12935,893.42
OUT_12936,143.18
OUT_12937,145.48
OUT_12938,110.72
OUT_12939,1981.02
OUT_12940,86.71
OUT_12941,991.25
OUT_12942,327.42
OUT_12943,149.45
OUT_12944,310.92
OUT_12945,333.54
OUT_12946,259.45
OUT_12947,171.18
OUT_12948,94.01
OUT_12949,909.68
OUT_12950,300.31
OUT_12951,329.64
OUT_12952,105.43
OUT_12953,934.45
OUT_12954,141.92
OUT_12955,70.87
OUT_12956,116.78
OUT_12957,118.65
OUT_12958,344.24
OUT_12959,127.29
OUT_12960,304.37
OUT_12961,956.65
OUT_12962,95.73
OUT_12963,366.21
OUT_12964,119.61
OUT_12965,1041.08
OUT_12966,124.54
OUT_12967,107.91
OUT_12968,129.91
OUT_12969,2088.09
OUT_12970,302.04
OUT_12971,965.62
OUT_12972,322.5
OUT_12973,100.96
OUT_12974,2042.51
OUT_12975,104.13
OUT_12976,897.85
OUT_12977,898.65
OUT_12978,2041.54
OUT_12979,336.1
OUT_12980,101.78
OUT_12981,126.44
OUT_12982,350.11
OUT_12983,131.35
OUT_12984,120.33
OUT_12985,885.04
OUT_12986,953.29
OUT_12987,2037.48
OUT_12988,140.02
OUT_12989,163.09
OUT_12990,321.55
OUT_12991,994.94
OUT_12992,284.15
OUT_12993,978.2
OUT_12994,314.23
OUT_12995,94.13
OUT_12996,305.67
OUT_12997,270.13
OUT_12998,122.33
OUT_12999,95.31
OUT_13000,292.28
OUT_13001,107.59
OUT_13002,96.7
OUT_13003,96.51
OUT_13004,297.14
OUT_13005,133.69
OUT_13006,99.6
OUT_13007,93.99
OUT_13008,2004.83
OUT_13009,71.01
OUT_13010,823.24
OUT_13011,123.86
OUT_13012,128.2
OUT_13013,111.61
OUT_13014,143.1
OUT_13015,321.22
OUT_13016,99.15
OUT_13017,979.6
OUT_13018,262.23
OUT_13019,991.42
OUT_13020,288.01
OUT_13021,111.15
OUT_13022,90.29
OUT_13023,2098.15
OUT_13024,145.55
OUT_13025,103.09
OUT_13026,897.73
OUT_13027,228.66
OUT_13028,122.22
OUT_13029,271.66
OUT_13030,85.81
OUT_13031,86.79
OUT_13032,1009.88
OUT_13033,108.21
OUT_13034,110.08
OUT_13035,1949.16
OUT_13036,251.77
OUT_13037,105.63
OUT_13038,105.35
OUT_13039,327.4
OUT_13040,104.89
OUT_13041,101.93
OUT_13042,98.26
OUT_13043,99.21
OUT_13044,293.18
OUT_13045,103.88
OUT_13046,116.0
OUT_13047,119.75
OUT_13048,105.16
OUT_13049,138.07
OUT_13050,122.13
OUT_13051,113.95
OUT_13052,927.17
OUT_13053,284.67
OUT_13054,94.33
OUT_13055,1892.06
OUT_13056,232.28
OUT_13057,963.8
OUT_13058,114.02
OUT_13059,78.94
OUT_13060,109.46
OUT_13061,84.58
OUT_13062,80.84
OUT_13063,947.33
OUT_13064,109.87
OUT_13065,113.62
OUT_13066,269.46
OUT_13067,110.58
OUT_13068,152.47
OUT_13069,81.37
OUT_13070,104.91
OUT_13071,116.92
OUT_13072,938.31
OUT_13073,92.28
OUT_13074,100.29
OUT_13075,310.37
OUT_13076,329.49
OUT_13077,94.99
OUT_13078,106.77
OUT_13079,113.9
OUT_13080,97.14
OUT_13081,109.76
OUT_13082,153.53
OUT_13083,116.44
OUT_13084,135.29
OUT_13085,108.28
OUT_13086,96.42
OUT_13087,116.39
OUT_13088,920.16
OUT_13089,109.39
OUT_13090,87.16
OUT_13091,329.43
OUT_13092,315.77
OUT_13093,332.79
OUT_13094,139.24
OUT_13095,234.84
OUT_13096,350.34
OUT_13097,879.9
OUT_13098,133.84
OUT_13099,153.14
OUT_13100,96.32
OUT_13101,281.62
OUT_13102,76.51
OUT_13103,107.1
OUT_13104,307.45
OUT_13105,927.9
OUT_13106,89.52
OUT_13107,100.12
OUT_13108,101.38
OUT_13109,283.78
OUT_13110,110.66
OUT_13111,265.23
OUT_13112,136.72
OUT_13113,2061.98
OUT_13114,107.13
OUT_13115,126.54
OUT_13116,326.68
OUT_13117,117.44
OUT_13118,2113.28
OUT_13119,261.22
OUT_13120,335.59
OUT_13121,96.18
OUT_13122,100.4
OUT_13123,89.43
OUT_13124,73.11
OUT_13125,277.05
OUT_13126,107.52
OUT_13127,93.12
OUT_13128,930.38
OUT_13129,273.72
OUT_13130,308.44
OUT_13131,109.87
OUT_13132,102.82
OUT_13133,85.61
OUT_13134,102.95
OUT_13135,885.89
OUT_13136,96.91
OUT_13137,105.43
OUT_13138,92.5
OUT_13139,183.47
OUT_13140,1907.02
OUT_13141,294.81
OUT_13142,138.04
OUT_13143,158.57
OUT_13144,855.13
OUT_13145,92.08
OUT_13146,102.11
OUT_13147,118.65
OUT_13148,372.93
OUT_13149,950.55
OUT_13150,233.4
OUT_13151,341.85
OUT_13152,299.35
OUT_13153,302.86
OUT_13154,94.17
OUT_13155,104.96
OUT_13156,122.5
OUT_13157,317.45
OUT_13158,926.41
OUT_13159,112.6
OUT_13160,119.46
OUT_13161,95.13
OUT_13162,133.74
OUT_13163,91.55
OUT_13164,121.9
OUT_13165,347.77
OUT_13166,121.07
OUT_13167,297.86
OUT_13168,929.58
OUT_13169,98.8
OUT_13170,274.94
OUT_13171,298.33
OUT_13172,241.92
OUT_13173,896.95
OUT_13174,99.8
OUT_13175,95.06
OUT_13176,78.24
OUT_13177,304.87
OUT_13178,94.62
OUT_13179,103.35
OUT_13180,284.41
OUT_13181,84.16
OUT_13182,116.38
OUT_13183,115.1
OUT_13184,226.63
OUT_13185,291.09
OUT_13186,267.77
OUT_13187,109.54
OUT_13188,293.61
OUT_13189,306.42
OUT_13190,118.15
OUT_13191,95.86
OUT_13192,86.14
OUT_13193,103.7
OUT_13194,373.51
OUT_13195,102.23
OUT_13196,92.88
OUT_13197,127.82
OUT_13198,296.83
OUT_13199,88.23
OUT_13200,83.41
OUT_13201,322.15
OUT_13202,115.38
OUT_13203,310.79
OUT_13204,94.3
OUT_13205,124.0
OUT_13206,927.31
OUT_13207,148.13
OUT_13208,141.49
OUT_13209,98.94
OUT_13210,236.98
OUT_13211,127.59
OUT_13212,90.17
OUT_13213,253.85
OUT_13214,104.32
OUT_13215,112.71
OUT_13216,119.23
OUT_13217,74.91
OUT_13218,124.33
OUT_13219,117.0
OUT_13220,962.13
OUT_13221,113.66
OUT_13222,138.25
OUT_13223,312.28
OUT_13224,121.04
OUT_13225,139.89
OUT_13226,100.9
OUT_13227,329.11
OUT_13228,984.06
OUT_13229,110.45
OUT_13230,2064.94
OUT_13231,907.69
OUT_13232,2020.27
OUT_13233,143.69
OUT_13234,2043.84
OUT_13235,120.75
OUT_13236,114.78
OUT_13237,1936.69
OUT_13238,941.7
OUT_13239,151.36
OUT_13240,1971.99
OUT_13241,357.46
OUT_13242,132.56
OUT_13243,291.03
OUT_13244,112.7
OUT_13245,88.04
OUT_13246,250.81
OUT_13247,103.32
OUT_13248,109.29
OUT_13249,100.26
OUT_13250,134.78
OUT_13251,113.67
OUT_13252,972.49
OUT_13253,100.22
OUT_13254,1956.64
OUT_13255,97.75
OUT_13256,947.48
OUT_13257,91.89
OUT_13258,341.43
OUT_13259,101.38
OUT_13260,114.42
OUT_13261,153.7
OUT_13262,98.21
OUT_13263,75.64
OUT_13264,287.5
OUT_13265,90.46
OUT_13266,2111.05
OUT_13267,118.25
OUT_13268,134.15
OUT_13269,970.49
OUT_13270,959.04
OUT_13271,1032.04
OUT_13272,925.53
OUT_13273,124.03
OUT_13274,108.02
OUT_13275,100.63
OUT_13276,147.77
OUT_13277,382.45
OUT_13278,123.17
OUT_13279,281.2
OUT_13280,254.5
OUT_13281,1000.09
OUT_13282,88.02
OUT_13283,89.33
OUT_13284,1073.59
OUT_13285,961.26
OUT_13286,343.98
OUT_13287,118.92
OUT_13288,902.93
OUT_13289,1036.22
OUT_13290,92.25
OUT_13291,105.69
OUT_13292,309.97
OUT_13293,308.22
OUT_13294,281.27
OUT_13295,77.54
OUT_13296,1906.0
OUT_13297,267.27
OUT_13298,308.94
OUT_13299,95.05
OUT_13300,111.13
OUT_13301,115.41
OUT_13302,288.74
OUT_13303,297.14
OUT_13304,96.6
OUT_13305,95.35
OUT_13306,134.64
OUT_13307,89.7
OUT_13308,90.4
OUT_13309,276.51
OUT_13310,135.29
OUT_13311,299.34
OUT_13312,91.62
OUT_13313,121.07
OUT_13314,2030.56
OUT_13315,116.95
OUT_13316,110.39
OUT_13317,86.7
OUT_13318,849.75
OUT_13319,987.0
OUT_13320,963.27
OUT_13321,112.28
OUT_13322,81.9
OUT_13323,108.37
OUT_13324,260.1
OUT_13325,84.89
OUT_13326,122.21
OUT_13327,119.5
OUT_13328,119.77
OUT_13329,120.49
OUT_13330,96.51
OUT_13331,104.0
OUT_13332,124.01
OUT_13333,2045.58
OUT_13334,339.09
OUT_13335,2017.59
OUT_13336,135.34
OUT_13337,82.1
OUT_13338,883.78
OUT_13339,923.35
OUT_13340,129.15
OUT_13341,102.78
OUT_13342,118.3
OUT_13343,947.35
OUT_13344,104.82
OUT_13345,157.8
OUT_13346,159.13
OUT_13347,1916.2
OUT_13348,100.01
OUT_13349,103.59
OUT_13350,901.03
OUT_13351,299.69
OUT_13352,303.37
OUT_13353,361.97
OUT_13354,145.8
OUT_13355,271.66
OUT_13356,85.67
OUT_13357,97.71
OUT_13358,104.8
OUT_13359,161.03
OUT_13360,256.2
OUT_13361,105.35
OUT_13362,84.78
OUT_13363,97.5
OUT_13364,360.45
OUT_13365,114.15
OUT_13366,248.78
OUT_13367,98.8
OUT_13368,291.53
OUT_13369,340.18
OUT_13370,1007.26
OUT_13371,95.16
OUT_13372,122.35
OUT_13373,123.48
OUT_13374,86.11
OUT_13375,78.4
OUT_13376,364.11
OUT_13377,321.44
OUT_13378,117.36
OUT_13379,2013.7
OUT_13380,282.09
OUT_13381,120.59
OUT_13382,144.6
OUT_13383,114.11
OUT_13384,290.8
OUT_13385,319.17
OUT_13386,90.32
OUT_13387,286.75
OUT_13388,229.25
OUT_13389,251.51
OUT_13390,936.96
OUT_13391,322.44
OUT_13392,920.77
OUT_13393,82.46
OUT_13394,135.68
OUT_13395,951.52
OUT_13396,106.07
OUT_13397,116.24
OUT_13398,113.26
OUT_13399,127.02
OUT_13400,95.79
OUT_13401,218.4
OUT_13402,337.01
OUT_13403,2003.2
OUT_13404,124.36
OUT_13405,330.02
OUT_13406,137.68
OUT_13407,87.63
OUT_13408,111.36
OUT_13409,230.41
OUT_13410,1020.11
OUT_13411,119.9
OUT_13412,1992.23
OUT_13413,304.14
OUT_13414,960.97
OUT_13415,95.3
OUT_13416,285.12
OUT_13417,1023.34
OUT_13418,111.47
OUT_13419,98.3
OUT_13420,78.85
OUT_13421,154.16
OUT_13422,110.14
OUT_13423,124.84
OUT_13424,145.96
OUT_13425,90.82
OUT_13426,96.84
OUT_13427,115.08
OUT_13428,113.47
OUT_13429,102.95
OUT_13430,827.27
OUT_13431,103.41
OUT_13432,95.98
OUT_13433,121.81
OUT_13434,153.26
OUT_13435,107.19
OUT_13436,128.68
OUT_13437,104.37
OUT_13438,99.68
OUT_13439,118.21
OUT_13440,950.73
OUT_13441,101.23
OUT_13442,960.9
OUT_13443,324.08
OUT_13444,96.27
OUT_13445,136.88
OUT_13446,927.7
OUT_13447,324.17
OUT_13448,910.73
OUT_13449,102.41
OUT_13450,267.11
OUT_13451,89.65
OUT_13452,123.94
OUT_13453,998.2
OUT_13454,148.97
OUT_13455,307.42
OUT_13456,150.3
OUT_13457,268.29
OUT_13458,906.03
OUT_13459,131.3
OUT_13460,128.23
OUT_13461,104.89
OUT_13462,281.54
OUT_13463,137.98
OUT_13464,315.51
OUT_13465,138.68
OUT_13466,99.75
OUT_13467,142.73
OUT_13468,1012.18
OUT_13469,932.8
OUT_13470,290.91
OUT_13471,121.6
OUT_13472,291.17
OUT_13473,129.5
OUT_13474,127.44
OUT_13475,121.03
OUT_13476,266.44
OUT_13477,931.51
OUT_13478,267.89
OUT_13479,53.07
OUT_13480,148.54
OUT_13481,2035.79
OUT_13482,270.87
OUT_13483,74.83
OUT_13484,313.91
OUT_13485,887.21
OUT_13486,117.68
OUT_13487,100.89
OUT_13488,270.19
OUT_13489,283.32
OUT_13490,354.93
OUT_13491,104.66
OUT_13492,117.95
OUT_13493,105.39
OUT_13494,112.97
OUT_13495,118.74
OUT_13496,936.9
OUT_13497,143.85
OUT_13498,288.03
OUT_13499,339.19
OUT_13500,251.21
OUT_13501,290.9
OUT_13502,121.13
OUT_13503,160.13
OUT_13504,854.11
OUT_13505,902.01
OUT_13506,984.18
OUT_13507,353.59
OUT_13508,166.03
OUT_13509,332.77
OUT_13510,145.09
OUT_13511,127.43
OUT_13512,120.05
OUT_13513,125.46
OUT_13514,1968.61
OUT_13515,287.49
OUT_13516,928.74
OUT_13517,262.85
OUT_13518,84.72
OUT_13519,116.18
OUT_13520,840.2
OUT_13521,133.02
OUT_13522,913.03
OUT_13523,153.14
OUT_13524,255.85
OUT_13525,140.27
OUT_13526,1019.05
OUT_13527,929.2
OUT_13528,151.82
OUT_13529,97.02
OUT_13530,954.84
OUT_13531,324.73
OUT_13532,104.57
OUT_13533,271.17
OUT_13534,1920.95
OUT_13535,101.6
OUT_13536,1018.57
OUT_13537,120.57
OUT_13538,97.2
OUT_13539,319.92
OUT_13540,2070.5
OUT_13541,101.98
OUT_13542,112.54
OUT_13543,300.1
OUT_13544,250.35
OUT_13545,217.53
OUT_13546,261.13
OUT_13547,287.5
OUT_13548,133.55
OUT_13549,338.32
OUT_13550,105.36
OUT_13551,301.12
OUT_13552,159.28
OUT_13553,121.91
OUT_13554,361.15
OUT_13555,110.9
OUT_13556,940.95
OUT_13557,115.12
OUT_13558,124.95
OUT_13559,104.89
OUT_13560,1942.49
OUT_13561,130.34
OUT_13562,831.79
OUT_13563,937.75
OUT_13564,137.6
OUT_13565,116.98
OUT_13566,101.13
OUT_13567,99.55
OUT_13568,346.31
OUT_13569,87.32
OUT_13570,155.19
OUT_13571,145.46
OUT_13572,107.58
OUT_13573,119.98
OUT_13574,946.85
OUT_13575,997.02
OUT_13576,96.76
OUT_13577,109.31
OUT_13578,127.55
OUT_13579,946.15
OUT_13580,286.02
OUT_13581,117.45
OUT_13582,270.03
OUT_13583,94.51
OUT_13584,129.6
OUT_13585,141.25
OUT_13586,85.16
OUT_13587,166.76
OUT_13588,121.41
OUT_13589,120.29
OUT_13590,285.28
OUT_13591,77.5
OUT_13592,347.88
OUT_13593,112.08
OUT_13594,116.46
OUT_13595,934.03
OUT_13596,891.13
OUT_13597,102.63
OUT_13598,132.22
OUT_13599,1939.92
OUT_13600,154.49
OUT_13601,111.54
OUT_13602,313.97
OUT_13603,837.18
OUT_13604,101.06
OUT_13605,316.59
OUT_13606,118.09
OUT_13607,284.85
OUT_13608,296.69
OUT_13609,129.46
OUT_13610,131.27
OUT_13611,920.02
OUT_13612,110.79
OUT_13613,2121.72
OUT_13614,337.51
OUT_13615,100.33
OUT_13616,97.76
OUT_13617,368.9
OUT_13618,1980.26
OUT_13619,268.27
OUT_13620,1024.09
OUT_13621,106.0
OUT_13622,226.03
OUT_13623,365.08
OUT_13624,245.8
OUT_13625,311.44
OUT_13626,331.4
OUT_13627,319.16
OUT_13628,97.81
OUT_13629,104.55
OUT_13630,100.19
OUT_13631,305.08
OUT_13632,134.69
OUT_13633,287.87
OUT_13634,960.52
OUT_13635,93.57
OUT_13636,119.39
OUT_13637,88.11
OUT_13638,273.75
OUT_13639,2002.09
OUT_13640,353.23
OUT_13641,319.96
OUT_13642,932.13
OUT_13643,130.57
OUT_13644,997.66
OUT_13645,891.25
OUT_13646,93.0
OUT_13647,2015.1
OUT_13648,1964.78
OUT_13649,861.12
OUT_13650,89.36
OUT_13651,344.9
OUT_13652,138.32
OUT_13653,88.48
OUT_13654,250.23
OUT_13655,86.2
OUT_13656,136.69
OUT_13657,253.97
OUT_13658,101.18
OUT_13659,110.86
OUT_13660,249.67
OUT_13661,101.73
OUT_13662,302.79
OUT_13663,269.3
OUT_13664,895.34
OUT_13665,1997.43
OUT_13666,127.19
OUT_13667,99.21
OUT_13668,281.46
OUT_13669,111.08
OUT_13670,858.86
OUT_13671,232.94
OUT_13672,312.24
OUT_13673,97.67
OUT_13674,102.92
OUT_13675,156.16
OUT_13676,112.71
OUT_13677,929.54
OUT_13678,980.94
OUT_13679,85.85
OUT_13680,120.38
OUT_13681,81.67
OUT_13682,90.57
OUT_13683,315.46
OUT_13684,293.08
OUT_13685,97.22
OUT_13686,82.56
OUT_13687,232.93
OUT_13688,112.08
OUT_13689,135.74
OUT_13690,152.46
OUT_13691,273.75
OUT_13692,134.01
OUT_13693,276.74
OUT_13694,2095.9
OUT_13695,119.2
OUT_13696,286.77
OUT_13697,298.29
OUT_13698,96.19
OUT_13699,333.67
OUT_13700,104.76
OUT_13701,98.7
OUT_13702,372.12
OUT_13703,96.66
OUT_13704,103.75
OUT_13705,144.38
OUT_13706,88.32
OUT_13707,92.51
OUT_13708,91.17
OUT_13709,97.11
OUT_13710,110.08
OUT_13711,126.78
OUT_13712,155.04
OUT_13713,119.83
OUT_13714,89.24
OUT_13715,957.03
OUT_13716,989.22
OUT_13717,303.74
OUT_13718,885.94
OUT_13719,332.4
OUT_13720,94.19
OUT_13721,269.69
OUT_13722,324.3
OUT_13723,350.19
OUT_13724,109.32
OUT_13725,125.17
OUT_13726,298.01
OUT_13727,132.48
OUT_13728,113.99
OUT_13729,107.59
OUT_13730,119.05
OUT_13731,75.19
OUT_13732,255.86
OUT_13733,151.13
OUT_13734,974.81
OUT_13735,77.41
OUT_13736,885.51
OUT_13737,959.58
OUT_13738,143.56
OUT_13739,113.38
OUT_13740,92.7
OUT_13741,93.52
OUT_13742,914.53
OUT_13743,112.63
OUT_13744,124.72
OUT_13745,94.61
OUT_13746,99.17
OUT_13747,256.25
OUT_13748,92.41
OUT_13749,115.44
OUT_13750,395.14
OUT_13751,126.47
OUT_13752,235.89
OUT_13753,2102.13
OUT_13754,98.34
OUT_13755,337.97
OUT_13756,133.2
OUT_13757,866.93
OUT_13758,918.17
OUT_13759,160.23
OUT_13760,314.79
OUT_13761,962.58
OUT_13762,970.91
OUT_13763,903.75
OUT_13764,94.39
OUT_13765,80.74
OUT_13766,92.21
OUT_13767,236.59
OUT_13768,247.88
OUT_13769,146.41
OUT_13770,92.55
OUT_13771,131.75
OUT_13772,96.55
OUT_13773,242.49
OUT_13774,112.92
OUT_13775,120.29
OUT_13776,312.3
OUT_13777,271.51
OUT_13778,112.52
OUT_13779,106.97
OUT_13780,893.11
OUT_13781,94.58
OUT_13782,118.46
OUT_13783,109.44
OUT_13784,123.02
OUT_13785,121.93
OUT_13786,325.29
OUT_13787,101.02
OUT_13788,83.02
OUT_13789,239.82
OUT_13790,327.52
OUT_13791,950.06
OUT_13792,78.75
OUT_13793,245.14
OUT_13794,142.5
OUT_13795,140.35
OUT_13796,243.96
OUT_13797,94.4
OUT_13798,83.02
OUT_13799,136.63
OUT_13800,913.99
OUT_13801,1985.67
OUT_13802,927.15
OUT_13803,97.06
OUT_13804,107.06
OUT_13805,119.7
OUT_13806,332.47
OUT_13807,296.25
OUT_13808,2040.92
OUT_13809,90.01
OUT_13810,114.55
OUT_13811,338.07
OUT_13812,941.0
OUT_13813,2122.71
OUT_13814,131.25
OUT_13815,921.59
OUT_13816,117.14
OUT_13817,215.51
OUT_13818,302.56
OUT_13819,336.46
OUT_13820,85.22
OUT_13821,932.29
OUT_13822,95.34
OUT_13823,284.52
OUT_13824,130.16
OUT_13825,109.06
OUT_13826,272.89
OUT_13827,231.35
OUT_13828,1997.0
OUT_13829,296.21
OUT_13830,133.58
OUT_13831,292.51
OUT_13832,162.24
OUT_13833,326.66
OUT_13834,314.31
OUT_13835,237.46
OUT_13836,81.9
OUT_13837,90.3
OUT_13838,90.62
OUT_13839,316.09
OUT_13840,306.24
OUT_13841,89.21
OUT_13842,121.92
OUT_13843,352.53
OUT_13844,182.58
OUT_13845,95.87
OUT_13846,107.99
OUT_13847,293.57
OUT_13848,111.82
OUT_13849,92.33
OUT_13850,128.82
OUT_13851,931.55
OUT_13852,138.38
OUT_13853,129.75
OUT_13854,121.97
OUT_13855,115.89
OUT_13856,131.76
OUT_13857,987.44
OUT_13858,901.83
OUT_13859,130.92
OUT_13860,87.54
OUT_13861,126.42
OUT_13862,147.42
OUT_13863,125.29
OUT_13864,129.4
OUT_13865,109.16
OUT_13866,116.04
OUT_13867,83.11
OUT_13868,111.1
OUT_13869,147.26
OUT_13870,78.42
OUT_13871,297.79
OUT_13872,110.61
OUT_13873,284.86
OUT_13874,90.37
OUT_13875,888.64
OUT_13876,326.19
OUT_13877,890.47
OUT_13878,248.65
OUT_13879,288.73
OUT_13880,2000.27
OUT_13881,255.6
OUT_13882,141.98
OUT_13883,1968.75
OUT_13884,820.46
OUT_13885,86.71
OUT_13886,92.09
OUT_13887,93.97
OUT_13888,157.41
OUT_13889,134.58
OUT_13890,127.05
OUT_13891,283.55
OUT_13892,111.03
OUT_13893,109.46
OUT_13894,348.15
OUT_13895,120.78
OUT_13896,362.18
OUT_13897,297.47
OUT_13898,80.01
OUT_13899,160.28
OUT_13900,253.35
OUT_13901,71.47
OUT_13902,285.63
OUT_13903,107.34
OUT_13904,862.13
OUT_13905,1991.78
OUT_13906,133.15
OUT_13907,319.44
OUT_13908,2055.77
OUT_13909,148.35
OUT_13910,120.19
OUT_13911,105.33
OUT_13912,883.28
OUT_13913,299.15
OUT_13914,366.83
OUT_13915,319.39
OUT_13916,294.1
OUT_13917,312.01
OUT_13918,243.88
OUT_13919,296.06
OUT_13920,138.37
OUT_13921,1963.71
OUT_13922,118.91
OUT_13923,158.13
OUT_13924,237.86
OUT_13925,866.23
OUT_13926,310.88
OUT_13927,138.27
OUT_13928,101.69
OUT_13929,81.51
OUT_13930,110.63
OUT_13931,235.88
OUT_13932,392.29
OUT_13933,368.54
OUT_13934,114.09
OUT_13935,241.86
OUT_13936,126.19
OUT_13937,988.85
OUT_13938,278.37
OUT_13939,103.07
OUT_13940,308.19
OUT_13941,100.67
OUT_13942,124.42
OUT_13943,937.04
OUT_13944,919.02
OUT_13945,90.18
OUT_13946,341.38
OUT_13947,363.59
OUT_13948,144.73
OUT_13949,96.21
OUT_13950,915.89
OUT_13951,355.23
OUT_13952,113.26
OUT_13953,275.9
OUT_13954,2046.16
OUT_13955,132.74
OUT_13956,914.99
OUT_13957,105.95
OUT_13958,308.18
OUT_13959,311.25
OUT_13960,102.38
OUT_13961,320.65
OUT_13962,99.13
OUT_13963,1055.64
OUT_13964,114.39
OUT_13965,356.39
OUT_13966,134.59
OUT_13967,89.42
OUT_13968,151.02
OUT_13969,303.09
OUT_13970,1026.41
OUT_13971,100.89
OUT_13972,989.5
OUT_13973,288.64
OUT_13974,127.93
OUT_13975,821.87
OUT_13976,104.47
OUT_13977,940.28
OUT_13978,132.81
OUT_13979,268.15
OUT_13980,261.12
OUT_13981,1926.33
OUT_13982,2082.56
OUT_13983,123.12
OUT_13984,119.73
OUT_13985,154.84
OUT_13986,1974.98
OUT_13987,109.3
OUT_13988,303.53
OUT_13989,118.3
OUT_13990,136.31
OUT_13991,236.73
OUT_13992,987.96
OUT_13993,89.24
OUT_13994,256.84
OUT_13995,110.63
OUT_13996,2014.15
OUT_13997,87.89
OUT_13998,2040.19
OUT_13999,81.07
OUT_14000,105.8
OUT_14001,91.33
OUT_14002,140.48
OUT_14003,93.83
OUT_14004,154.86
OUT_14005,284.71
OUT_14006,93.29
OUT_14007,309.44
OUT_14008,283.14
OUT_14009,284.46
OUT_14010,94.9
OUT_14011,287.63
OUT_14012,111.53
OUT_14013,99.15
OUT_14014,1012.28
OUT_14015,919.32
OUT_14016,130.52
OUT_14017,312.5
OUT_14018,138.28
OUT_14019,232.44
OUT_14020,97.34
OUT_14021,256.59
OUT_14022,151.82
OUT_14023,1979.96
OUT_14024,942.73
OUT_14025,867.95
OUT_14026,81.13
OUT_14027,113.66
OUT_14028,105.82
OUT_14029,982.13
OUT_14030,883.68
OUT_14031,242.24
OUT_14032,869.22
OUT_14033,915.32
OUT_14034,2045.3
OUT_14035,103.35
OUT_14036,916.59
OUT_14037,897.31
OUT_14038,115.84
OUT_14039,360.86
OUT_14040,325.43
OUT_14041,101.1
OUT_14042,85.56
OUT_14043,137.29
OUT_14044,106.19
OUT_14045,227.14
OUT_14046,89.68
OUT_14047,336.95
OUT_14048,113.4
OUT_14049,116.74
OUT_14050,1991.28
OUT_14051,268.37
OUT_14052,128.89
OUT_14053,96.98
OUT_14054,106.12
OUT_14055,82.51
OUT_14056,247.15
OUT_14057,923.75
OUT_14058,313.31
OUT_14059,143.51
OUT_14060,301.76
OUT_14061,233.94
OUT_14062,932.77
OUT_14063,1972.83
OUT_14064,91.74
OUT_14065,838.74
OUT_14066,79.68
OUT_14067,104.32
OUT_14068,314.08
OUT_14069,100.17
OUT_14070,265.86
OUT_14071,129.33
OUT_14072,268.54
OUT_14073,85.78
OUT_14074,778.39
OUT_14075,141.69
OUT_14076,925.05
OUT_14077,122.23
OUT_14078,308.28
OUT_14079,106.55
OUT_14080,264.27
OUT_14081,108.21
OUT_14082,889.4
OUT_14083,119.9
OUT_14084,97.42
OUT_14085,279.82
OUT_14086,895.24
OUT_14087,92.29
OUT_14088,323.8
OUT_14089,988.18
OUT_14090,980.13
OUT_14091,124.27
OUT_14092,109.46
OUT_14093,2029.37
OUT_14094,158.66
OUT_14095,353.59
OUT_14096,95.0
OUT_14097,90.39
OUT_14098,333.92
OUT_14099,316.14
OUT_14100,121.29
OUT_14101,107.77
OUT_14102,289.0
OUT_14103,99.95
OUT_14104,124.56
OUT_14105,87.8
OUT_14106,333.4
OUT_14107,128.72
OUT_14108,109.18
OUT_14109,931.79
OUT_14110,297.95
OUT_14111,896.57
OUT_14112,97.59
OUT_14113,99.46
OUT_14114,913.55
OUT_14115,141.38
OUT_14116,102.81
OUT_14117,287.18
OUT_14118,2088.61
OUT_14119,264.5
OUT_14120,135.82
OUT_14121,148.18
OUT_14122,118.73
OUT_14123,104.27
OUT_14124,97.46
OUT_14125,89.03
OUT_14126,295.65
OUT_14127,908.07
OUT_14128,94.82
OUT_14129,81.57
OUT_14130,72.99
OUT_14131,847.53
OUT_14132,366.01
OUT_14133,912.05
OUT_14134,119.28
OUT_14135,320.0
OUT_14136,115.06
OUT_14137,96.66
OUT_14138,100.46
OUT_14139,1974.92
OUT_14140,94.95
OUT_14141,124.34
OUT_14142,218.5
OUT_14143,107.55
OUT_14144,354.78
OUT_14145,258.63
OUT_14146,295.29
OUT_14147,329.45
OUT_14148,108.24
OUT_14149,122.89
OUT_14150,153.58
OUT_14151,85.55
OUT_14152,305.02
OUT_14153,97.17
OUT_14154,235.01
OUT_14155,111.36
OUT_14156,317.78
OUT_14157,119.08
OUT_14158,163.91
OUT_14159,250.29
OUT_14160,99.84
OUT_14161,106.41
OUT_14162,314.24
OUT_14163,100.28
OUT_14164,335.46
OUT_14165,271.56
OUT_14166,269.61
OUT_14167,96.03
OUT_14168,161.92
OUT_14169,271.23
OUT_14170,274.77
OUT_14171,102.97
OUT_14172,344.34
OUT_14173,316.61
OUT_14174,122.5
OUT_14175,898.81
OUT_14176,143.66
OUT_14177,111.48
OUT_14178,128.94
OUT_14179,222.97
OUT_14180,129.31
OUT_14181,137.03
OUT_14182,343.11
OUT_14183,143.75
OUT_14184,92.16
OUT_14185,129.89
OUT_14186,937.1
OUT_14187,126.1
OUT_14188,100.92
OUT_14189,229.87
OUT_14190,70.51
OUT_14191,977.19
OUT_14192,895.59
OUT_14193,123.51
OUT_14194,85.57
OUT_14195,919.09
OUT_14196,91.99
OUT_14197,840.98
OUT_14198,129.65
OUT_14199,115.72
OUT_14200,1977.14
OUT_14201,126.16
OUT_14202,92.81
OUT_14203,286.02
OUT_14204,122.37
OUT_14205,102.5
OUT_14206,108.0
OUT_14207,240.54
OUT_14208,2043.23
OUT_14209,285.82
OUT_14210,341.08
OUT_14211,95.61
OUT_14212,322.71
OUT_14213,108.44
OUT_14214,162.78
OUT_14215,317.11
OUT_14216,95.07
OUT_14217,1931.18
OUT_14218,91.21
OUT_14219,133.89
OUT_14220,93.48
OUT_14221,259.12
OUT_14222,2103.98
OUT_14223,86.66
OUT_14224,141.91
OUT_14225,885.79
OUT_14226,877.06
OUT_14227,87.95
OUT_14228,353.64
OUT_14229,387.7
OUT_14230,108.06
OUT_14231,1130.64
OUT_14232,93.71
OUT_14233,299.51
OUT_14234,102.54
OUT_14235,88.46
OUT_14236,288.49
OUT_14237,285.79
OUT_14238,302.19
OUT_14239,126.13
OUT_14240,1973.37
OUT_14241,954.18
OUT_14242,853.29
OUT_14243,291.7
OUT_14244,112.41
OUT_14245,90.6
OUT_14246,95.89
OUT_14247,260.52
OUT_14248,230.11
OUT_14249,371.6
OUT_14250,105.2
OUT_14251,953.35
OUT_14252,292.9
OUT_14253,243.05
OUT_14254,133.87
OUT_14255,91.35
OUT_14256,103.18
OUT_14257,307.15
OUT_14258,266.57
OUT_14259,114.18
OUT_14260,342.71
OUT_14261,92.35
OUT_14262,857.64
OUT_14263,313.77
OUT_14264,112.99
OUT_14265,272.7
OUT_14266,295.47
OUT_14267,244.93
OUT_14268,315.6
OUT_14269,326.34
OUT_14270,94.6
OUT_14271,253.81
OUT_14272,328.7
OUT_14273,324.65
OUT_14274,2059.94
OUT_14275,308.41
OUT_14276,148.91
OUT_14277,294.36
OUT_14278,134.74
OUT_14279,121.4
OUT_14280,936.51
OUT_14281,1858.52
OUT_14282,937.28
OUT_14283,350.27
OUT_14284,92.54
OUT_14285,94.64
OUT_14286,104.84
OUT_14287,362.77
OUT_14288,79.73
OUT_14289,125.76
OUT_14290,316.2
OUT_14291,317.5
OUT_14292,970.17
OUT_14293,104.78
OUT_14294,2045.83
OUT_14295,102.99
OUT_14296,141.36
OUT_14297,956.07
OUT_14298,255.96
OUT_14299,252.98
OUT_14300,850.17
OUT_14301,66.1
OUT_14302,107.52
OUT_14303,239.17
OUT_14304,98.45
OUT_14305,965.07
OUT_14306,115.31
OUT_14307,109.23
OUT_14308,90.61
OUT_14309,109.03
OUT_14310,328.67
OUT_14311,91.83
OUT_14312,120.35
OUT_14313,97.89
OUT_14314,291.45
OUT_14315,114.35
OUT_14316,337.34
OUT_14317,100.97
OUT_14318,954.18
OUT_14319,287.67
OUT_14320,103.65
OUT_14321,139.27
OUT_14322,333.7
OUT_14323,892.7
OUT_14324,129.99
OUT_14325,119.75
OUT_14326,370.57
OUT_14327,111.24
OUT_14328,869.58
OUT_14329,95.04
OUT_14330,87.65
OUT_14331,128.41
OUT_14332,323.76
OUT_14333,97.1
OUT_14334,917.29
OUT_14335,130.9
OUT_14336,924.39
OUT_14337,1957.15
OUT_14338,315.11
OUT_14339,128.91
OUT_14340,347.35
OUT_14341,316.1
OUT_14342,245.76
OUT_14343,295.46
OUT_14344,85.6
OUT_14345,114.46
OUT_14346,977.43
OUT_14347,92.32
OUT_14348,158.11
OUT_14349,359.12
OUT_14350,1060.5
OUT_14351,944.48
OUT_14352,902.12
OUT_14353,116.65
OUT_14354,75.75
OUT_14355,926.72
OUT_14356,317.53
OUT_14357,982.98
OUT_14358,105.32
OUT_14359,916.28
OUT_14360,85.22
OUT_14361,928.07
OUT_14362,143.32
OUT_14363,272.65
OUT_14364,1064.85
OUT_14365,351.31
OUT_14366,86.91
OUT_14367,1939.86
OUT_14368,284.45
OUT_14369,110.16
OUT_14370,359.42
OUT_14371,120.55
OUT_14372,106.08
OUT_14373,1026.51
OUT_14374,899.11
OUT_14375,287.19
OUT_14376,973.64
OUT_14377,126.62
OUT_14378,98.23
OUT_14379,321.65
OUT_14380,351.29
OUT_14381,345.15
OUT_14382,103.98
OUT_14383,305.56
OUT_14384,852.61
OUT_14385,148.66
OUT_14386,219.45
OUT_14387,144.17
OUT_14388,265.34
OUT_14389,293.96
OUT_14390,347.06
OUT_14391,964.37
OUT_14392,154.15
OUT_14393,316.63
OUT_14394,102.15
OUT_14395,127.35
OUT_14396,337.57
OUT_14397,86.9
OUT_14398,281.7
OUT_14399,151.82
OUT_14400,76.24
OUT_14401,89.06
OUT_14402,125.16
OUT_14403,123.57
OUT_14404,82.95
OUT_14405,118.31
OUT_14406,92.72
OUT_14407,100.81
OUT_14408,287.95
OUT_14409,103.14
OUT_14410,105.26
OUT_14411,89.66
OUT_14412,104.56
OUT_14413,144.23
OUT_14414,350.47
OUT_14415,1010.99
OUT_14416,88.65
OUT_14417,116.18
OUT_14418,108.63
OUT_14419,80.11
OUT_14420,127.48
OUT_14421,183.2
OUT_14422,131.39
OUT_14423,731.18
OUT_14424,189.33
OUT_14425,164.46
OUT_14426,114.14
OUT_14427,89.47
OUT_14428,92.54
OUT_14429,892.67
OUT_14430,310.46
OUT_14431,97.79
OUT_14432,103.91
OUT_14433,1047.92
OUT_14434,144.53
OUT_14435,277.05
OUT_14436,1967.1
OUT_14437,90.0
OUT_14438,975.53
OUT_14439,128.74
OUT_14440,324.57
OUT_14441,955.06
OUT_14442,973.46
OUT_14443,133.29
OUT_14444,328.7
OUT_14445,118.76
OUT_14446,121.42
OUT_14447,98.49
OUT_14448,93.79
OUT_14449,93.13
OUT_14450,885.04
OUT_14451,344.74
OUT_14452,152.12
OUT_14453,2028.49
OUT_14454,252.77
OUT_14455,128.65
OUT_14456,141.39
OUT_14457,328.35
OUT_14458,337.3
OUT_14459,334.41
OUT_14460,138.75
OUT_14461,259.14
OUT_14462,258.17
OUT_14463,220.96
OUT_14464,102.62
OUT_14465,107.08
OUT_14466,142.54
OUT_14467,992.9
OUT_14468,2110.98
OUT_14469,336.08
OUT_14470,295.34
OUT_14471,273.07
OUT_14472,319.62
OUT_14473,128.98
OUT_14474,101.95
OUT_14475,117.77
OUT_14476,864.95
OUT_14477,148.06
OUT_14478,120.26
OUT_14479,351.84
OUT_14480,137.18
OUT_14481,108.8
OUT_14482,949.26
OUT_14483,332.89
OUT_14484,93.9
OUT_14485,959.67
OUT_14486,152.05
OUT_14487,109.91
OUT_14488,287.18
OUT_14489,98.2
OUT_14490,240.27
OUT_14491,95.83
OUT_14492,119.87
OUT_14493,1908.77
OUT_14494,284.33
OUT_14495,284.62
OUT_14496,107.79
OUT_14497,89.1
OUT_14498,94.66
OUT_14499,106.68
OUT_14500,146.12
OUT_14501,131.81
OUT_14502,873.31
OUT_14503,123.07
OUT_14504,98.11
OUT_14505,967.74
OUT_14506,150.4
OUT_14507,134.02
OUT_14508,2008.03
OUT_14509,158.31
OUT_14510,297.69
OUT_14511,104.75
OUT_14512,122.9
OUT_14513,945.76
OUT_14514,2104.63
OUT_14515,281.57
OUT_14516,277.57
OUT_14517,97.58
OUT_14518,280.09
OUT_14519,1004.91
OUT_14520,308.95
OUT_14521,294.65
OUT_14522,285.8
OUT_14523,123.58
OUT_14524,856.99
OUT_14525,2051.59
OUT_14526,904.96
OUT_14527,69.81
OUT_14528,103.36
OUT_14529,296.23
OUT_14530,251.48
OUT_14531,315.29
OUT_14532,106.71
OUT_14533,99.4
OUT_14534,94.15
OUT_14535,333.09
OUT_14536,963.15
OUT_14537,313.42
OUT_14538,334.72
OUT_14539,111.7
OUT_14540,275.08
OUT_14541,126.53
OUT_14542,148.56
OUT_14543,136.13
OUT_14544,106.36
OUT_14545,93.83
OUT_14546,126.61
OUT_14547,2024.8
OUT_14548,110.06
OUT_14549,104.67
OUT_14550,127.86
OUT_14551,1990.23
OUT_14552,128.71
OUT_14553,897.88
OUT_14554,101.64
OUT_14555,317.95
OUT_14556,917.71
OUT_14557,360.54
OUT_14558,874.68
OUT_14559,88.06
OUT_14560,137.59
OUT_14561,302.72
OUT_14562,106.42
OUT_14563,105.84
OUT_14564,293.02
OUT_14565,142.01
OUT_14566,969.05
OUT_14567,104.29
OUT_14568,234.75
OUT_14569,96.17
OUT_14570,88.51
OUT_14571,343.99
OUT_14572,245.44
OUT_14573,291.63
OUT_14574,94.69
OUT_14575,164.33
OUT_14576,324.25
OUT_14577,1004.46
OUT_14578,122.11
OUT_14579,134.6
OUT_14580,114.11
OUT_14581,147.04
OUT_14582,118.71
OUT_14583,133.92
OUT_14584,939.7
OUT_14585,136.44
OUT_14586,2172.59
OUT_14587,102.59
OUT_14588,814.74
OUT_14589,317.1
OUT_14590,329.4
OUT_14591,140.94
OUT_14592,100.34
OUT_14593,116.15
OUT_14594,306.63
OUT_14595,139.12
OUT_14596,120.23
OUT_14597,76.42
OUT_14598,133.64
OUT_14599,101.79
OUT_14600,969.52
OUT_14601,865.42
OUT_14602,2136.09
OUT_14603,305.59
OUT_14604,96.31
OUT_14605,108.42
OUT_14606,346.28
OUT_14607,264.77
OUT_14608,944.03
OUT_14609,111.85
OUT_14610,139.65
OUT_14611,367.3
OUT_14612,970.54
OUT_14613,287.15
OUT_14614,292.29
OUT_14615,1932.76
OUT_14616,119.61
OUT_14617,84.95
OUT_14618,121.51
OUT_14619,877.35
OUT_14620,118.01
OUT_14621,114.91
OUT_14622,300.31
OUT_14623,273.82
OUT_14624,96.62
OUT_14625,95.41
OUT_14626,328.93
OUT_14627,117.42
OUT_14628,357.06
OUT_14629,261.74
OUT_14630,2026.47
OUT_14631,891.98
OUT_14632,84.71
OUT_14633,112.94
OUT_14634,92.29
OUT_14635,931.96
OUT_14636,297.47
OUT_14637,138.53
OUT_14638,238.23
OUT_14639,287.75
OUT_14640,106.94
OUT_14641,285.24
OUT_14642,132.15
OUT_14643,92.94
OUT_14644,273.23
OUT_14645,851.67
OUT_14646,119.86
OUT_14647,97.89
OUT_14648,132.52
OUT_14649,291.16
OUT_14650,85.0
OUT_14651,311.47
OUT_14652,144.74
OUT_14653,121.11
OUT_14654,97.4
OUT_14655,79.91
OUT_14656,130.82
OUT_14657,101.68
OUT_14658,76.35
OUT_14659,145.59
OUT_14660,88.0
OUT_14661,93.46
OUT_14662,883.49
OUT_14663,1960.79
OUT_14664,985.28
OUT_14665,96.89
OUT_14666,93.06
OUT_14667,112.67
OUT_14668,94.12
OUT_14669,93.71
OUT_14670,323.88
OUT_14671,1942.22
OUT_14672,972.98
OUT_14673,333.3
OUT_14674,240.21
OUT_14675,91.37
OUT_14676,141.98
OUT_14677,117.23
OUT_14678,100.21
OUT_14679,297.19
OUT_14680,229.63
OUT_14681,993.12
OUT_14682,133.79
OUT_14683,834.2
OUT_14684,158.05
OUT_14685,289.84
OUT_14686,221.72
OUT_14687,334.46
OUT_14688,275.17
OUT_14689,129.81
OUT_14690,324.95
OUT_14691,98.13
OUT_14692,103.13
OUT_14693,288.98
OUT_14694,989.84
OUT_14695,137.66
OUT_14696,121.07
OUT_14697,106.24
OUT_14698,868.89
OUT_14699,940.7
OUT_14700,115.22
OUT_14701,108.45
OUT_14702,110.4
OUT_14703,87.92
OUT_14704,112.24
OUT_14705,323.95
OUT_14706,92.71
OUT_14707,105.91
OUT_14708,904.78
OUT_14709,950.12
OUT_14710,246.23
OUT_14711,105.81
OUT_14712,1087.22
OUT_14713,126.65
OUT_14714,296.26
OUT_14715,99.2
OUT_14716,132.19
OUT_14717,111.62
OUT_14718,123.0
OUT_14719,269.27
OUT_14720,1917.36
OUT_14721,295.1
OUT_14722,271.71
OUT_14723,362.01
OUT_14724,242.07
OUT_14725,897.94
OUT_14726,235.94
OUT_14727,126.06
OUT_14728,305.49
OUT_14729,109.65
OUT_14730,328.89
OUT_14731,125.67
OUT_14732,67.94
OUT_14733,143.32
OUT_14734,72.61
OUT_14735,315.28
OUT_14736,355.87
OUT_14737,102.75
OUT_14738,278.08
OUT_14739,305.48
OUT_14740,99.35
OUT_14741,908.82
OUT_14742,100.27
OUT_14743,998.78
OUT_14744,101.95
OUT_14745,243.95
OUT_14746,133.65
OUT_14747,149.62
OUT_14748,91.41
OUT_14749,774.53
OUT_14750,292.1
OUT_14751,333.66
OUT_14752,916.83
OUT_14753,263.36
OUT_14754,898.12
OUT_14755,228.22
OUT_14756,255.18
OUT_14757,922.98
OUT_14758,259.53
OUT_14759,380.93
OUT_14760,982.89
OUT_14761,151.3
OUT_14762,315.15
OUT_14763,96.33
OUT_14764,105.45
OUT_14765,285.33
OUT_14766,324.72
OUT_14767,931.94
OUT_14768,310.02
OUT_14769,119.23
OUT_14770,318.91
OUT_14771,1975.68
OUT_14772,113.14
OUT_14773,927.83
OUT_14774,947.44
OUT_14775,96.08
OUT_14776,99.17
OUT_14777,357.98
OUT_14778,905.69
OUT_14779,152.87
OUT_14780,159.12
OUT_14781,118.86
OUT_14782,864.91
OUT_14783,303.25
OUT_14784,86.65
OUT_14785,102.18
OUT_14786,90.13
OUT_14787,950.76
OUT_14788,107.23
OUT_14789,131.41
OUT_14790,114.09
OUT_14791,252.15
OUT_14792,115.7
OUT_14793,146.99
OUT_14794,103.02
OUT_14795,115.7
OUT_14796,124.54
OUT_14797,102.4
OUT_14798,326.33
OUT_14799,965.25
OUT_14800,946.52
OUT_14801,120.27
OUT_14802,347.02
OUT_14803,231.77
OUT_14804,131.68
OUT_14805,103.29
OUT_14806,133.78
OUT_14807,66.2
OUT_14808,103.88
OUT_14809,2013.95
OUT_14810,315.11
OUT_14811,247.37
OUT_14812,102.76
OUT_14813,83.43
OUT_14814,200.68
OUT_14815,132.33
OUT_14816,83.81
OUT_14817,132.75
OUT_14818,910.44
OUT_14819,101.1
OUT_14820,957.67
OUT_14821,111.24
OUT_14822,2087.73
OUT_14823,932.08
OUT_14824,81.74
OUT_14825,344.54
OUT_14826,71.32
OUT_14827,67.18
OUT_14828,112.4
OUT_14829,91.28
OUT_14830,2061.98
OUT_14831,125.3
OUT_14832,94.0
OUT_14833,2085.28
OUT_14834,1016.65
OUT_14835,78.82
OUT_14836,325.21
OUT_14837,96.78
OUT_14838,145.53
OUT_14839,316.28
OUT_14840,106.92
OUT_14841,94.2
OUT_14842,377.66
OUT_14843,304.02
OUT_14844,95.01
OUT_14845,130.9
OUT_14846,926.02
OUT_14847,328.6
OUT_14848,136.44
OUT_14849,100.81
OUT_14850,91.83
OUT_14851,93.12
OUT_14852,143.11
OUT_14853,319.44
OUT_14854,94.74
OUT_14855,134.3
OUT_14856,1015.27
OUT_14857,279.27
OUT_14858,365.77
OUT_14859,944.6
OUT_14860,66.63
OUT_14861,119.42
OUT_14862,297.13
OUT_14863,318.19
OUT_14864,950.62
OUT_14865,225.39
OUT_14866,114.46
OUT_14867,107.7
OUT_14868,926.14
OUT_14869,948.96
OUT_14870,339.9
OUT_14871,266.51
OUT_14872,1967.17
OUT_14873,135.97
OUT_14874,2032.77
OUT_14875,2086.51
OUT_14876,881.8
OUT_14877,105.56
OUT_14878,281.25
OUT_14879,101.46
OUT_14880,113.65
OUT_14881,901.85
OUT_14882,876.99
OUT_14883,333.81
OUT_14884,907.91
OUT_14885,792.3
OUT_14886,127.76
OUT_14887,291.52
OUT_14888,142.46
OUT_14889,254.28
OUT_14890,87.44
OUT_14891,104.86
OUT_14892,99.34
OUT_14893,134.74
OUT_14894,222.2
OUT_14895,88.97
OUT_14896,86.18
OUT_14897,295.02
OUT_14898,130.42
OUT_14899,127.41
OUT_14900,110.53
OUT_14901,348.15
OUT_14902,228.57
OUT_14903,159.59
OUT_14904,376.58
OUT_14905,258.89
OUT_14906,112.53
OUT_14907,151.05
OUT_14908,271.08
OUT_14909,97.34
OUT_14910,147.17
OUT_14911,873.66
OUT_14912,106.54
OUT_14913,326.33
OUT_14914,985.36
OUT_14915,124.26
OUT_14916,291.04
OUT_14917,111.58
OUT_14918,113.12
OUT_14919,82.89
OUT_14920,84.94
OUT_14921,125.42
OUT_14922,2040.14
OUT_14923,374.37
OUT_14924,335.41
OUT_14925,246.42
OUT_14926,258.08
OUT_14927,296.21
OUT_14928,904.85
OUT_14929,329.46
OUT_14930,960.2
OUT_14931,97.53
OUT_14932,117.54
OUT_14933,122.02
OUT_14934,283.11
OUT_14935,328.67
OUT_14936,300.63
OUT_14937,916.62
OUT_14938,290.45
OUT_14939,133.93
OUT_14940,863.95
OUT_14941,848.13
OUT_14942,138.67
OUT_14943,119.74
OUT_14944,110.5
OUT_14945,125.75
OUT_14946,924.01
OUT_14947,974.56
OUT_14948,137.3
OUT_14949,122.59
OUT_14950,114.65
OUT_14951,128.24
OUT_14952,98.71
OUT_14953,348.19
OUT_14954,278.27
OUT_14955,139.22
OUT_14956,298.56
OUT_14957,105.04
OUT_14958,886.49
OUT_14959,1967.81
OUT_14960,268.03
OUT_14961,84.66
OUT_14962,240.68
OUT_14963,312.11
OUT_14964,85.82
OUT_14965,262.26
OUT_14966,113.01
OUT_14967,295.76
OUT_14968,350.53
OUT_14969,119.56
OUT_14970,139.17
OUT_14971,319.1
OUT_14972,273.16
OUT_14973,130.9
OUT_14974,947.57
OUT_14975,110.51
OUT_14976,269.14
OUT_14977,366.23
OUT_14978,102.63
OUT_14979,105.62
OUT_14980,142.84
OUT_14981,930.58
OUT_14982,326.02
OUT_14983,321.59
OUT_14984,136.49
OUT_14985,91.38
OUT_14986,961.0
OUT_14987,271.29
OUT_14988,224.26
OUT_14989,285.64
OUT_14990,224.11
OUT_14991,886.34
OUT_14992,889.9
OUT_14993,987.82
OUT_14994,969.0
OUT_14995,133.06
OUT_14996,109.66
OUT_14997,99.57
OUT_14998,253.35
OUT_14999,102.64
OUT_15000,110.24
OUT_15001,340.32
OUT_15002,114.99
OUT_15003,144.17
OUT_15004,283.5
OUT_15005,2034.15
OUT_15006,241.18
OUT_15007,2014.75
OUT_15008,327.8
OUT_15009,103.37
OUT_15010,145.46
OUT_15011,128.19
OUT_15012,255.47
OUT_15013,299.63
OUT_15014,129.48
OUT_15015,97.62
OUT_15016,131.95
OUT_15017,115.7
OUT_15018,67.13
OUT_15019,299.87
OUT_15020,928.38
OUT_15021,135.87
OUT_15022,248.06
OUT_15023,109.89
OUT_15024,258.28
OUT_15025,999.13
OUT_15026,140.23
OUT_15027,293.27
OUT_15028,356.07
OUT_15029,111.52
OUT_15030,111.35
OUT_15031,111.34
OUT_15032,146.79
OUT_15033,272.96
OUT_15034,86.48
OUT_15035,331.75
OUT_15036,113.87
OUT_15037,106.57
OUT_15038,297.05
OUT_15039,326.82
OUT_15040,112.83
OUT_15041,810.38
OUT_15042,1001.01
OUT_15043,247.45
OUT_15044,97.06
OUT_15045,153.33
OUT_15046,975.56
OUT_15047,2047.9
OUT_15048,90.2
OUT_15049,936.4
OUT_15050,111.63
OUT_15051,974.36
OUT_15052,930.58
OUT_15053,934.4
OUT_15054,263.27
OUT_15055,2031.3
OUT_15056,110.65
OUT_15057,1976.72
OUT_15058,111.23
OUT_15059,110.95
OUT_15060,115.64
OUT_15061,919.58
OUT_15062,272.61
OUT_15063,940.24
OUT_15064,92.43
OUT_15065,947.71
OUT_15066,126.01
OUT_15067,249.45
OUT_15068,97.16
OUT_15069,94.04
OUT_15070,300.3
OUT_15071,128.81
OUT_15072,262.94
OUT_15073,91.87
OUT_15074,109.02
OUT_15075,172.48
OUT_15076,919.96
OUT_15077,133.54
OUT_15078,975.34
OUT_15079,94.14
OUT_15080,103.37
OUT_15081,924.98
OUT_15082,980.95
OUT_15083,890.2
OUT_15084,113.77
OUT_15085,382.76
OUT_15086,71.03
OUT_15087,103.71
OUT_15088,86.98
OUT_15089,1938.07
OUT_15090,89.11
OUT_15091,896.09
OUT_15092,239.55
OUT_15093,909.19
OUT_15094,123.64
OUT_15095,87.46
OUT_15096,383.05
OUT_15097,110.02
OUT_15098,970.76
OUT_15099,99.72
OUT_15100,332.98
OUT_15101,240.92
OUT_15102,155.94
OUT_15103,910.38
OUT_15104,316.27
OUT_15105,135.07
OUT_15106,107.78
OUT_15107,82.97
OUT_15108,790.43
OUT_15109,100.07
OUT_15110,108.89
OUT_15111,359.61
OUT_15112,120.95
OUT_15113,150.41
OUT_15114,982.54
OUT_15115,277.82
OUT_15116,251.13
OUT_15117,123.75
OUT_15118,112.58
OUT_15119,147.05
OUT_15120,79.15
OUT_15121,114.52
OUT_15122,857.15
OUT_15123,84.73
OUT_15124,131.38
OUT_15125,909.25
OUT_15126,127.69
OUT_15127,129.55
OUT_15128,79.04
OUT_15129,322.11
OUT_15130,135.44
OUT_15131,112.31
OUT_15132,985.32
OUT_15133,147.46
OUT_15134,319.9
OUT_15135,962.6
OUT_15136,118.55
OUT_15137,77.18
OUT_15138,119.28
OUT_15139,300.74
OUT_15140,108.98
OUT_15141,101.5
OUT_15142,104.32
OUT_15143,107.58
OUT_15144,156.96
OUT_15145,1964.2
OUT_15146,285.63
OUT_15147,904.97
OUT_15148,260.53
OUT_15149,237.16
OUT_15150,104.07
OUT_15151,98.92
OUT_15152,106.81
OUT_15153,356.25
OUT_15154,1020.91
OUT_15155,266.61
OUT_15156,985.17
OUT_15157,140.18
OUT_15158,977.1
OUT_15159,1088.04
OUT_15160,2029.52
OUT_15161,292.12
OUT_15162,92.46
OUT_15163,964.26
OUT_15164,106.34
OUT_15165,297.6
OUT_15166,323.47
OUT_15167,252.11
OUT_15168,853.26
OUT_15169,89.85
OUT_15170,272.88
OUT_15171,119.69
OUT_15172,98.26
OUT_15173,266.5
OUT_15174,77.39
OUT_15175,117.11
OUT_15176,260.59
OUT_15177,310.14
OUT_15178,111.02
OUT_15179,1952.11
OUT_15180,125.22
OUT_15181,296.74
OUT_15182,79.7
OUT_15183,866.28
OUT_15184,987.18
OUT_15185,992.95
OUT_15186,134.67
OUT_15187,234.62
OUT_15188,96.9
OUT_15189,276.48
OUT_15190,112.32
OUT_15191,107.47
OUT_15192,99.71
OUT_15193,326.9
OUT_15194,281.2
OUT_15195,105.34
OUT_15196,257.69
OUT_15197,88.55
OUT_15198,878.18
OUT_15199,231.89
OUT_15200,269.24
OUT_15201,105.82
OUT_15202,840.58
OUT_15203,375.82
OUT_15204,333.17
OUT_15205,131.98
OUT_15206,157.05
OUT_15207,101.28
OUT_15208,978.4
OUT_15209,96.82
OUT_15210,74.21
OUT_15211,125.82
OUT_15212,891.89
OUT_15213,129.19
OUT_15214,321.06
OUT_15215,301.89
OUT_15216,265.93
OUT_15217,127.29
OUT_15218,292.49
OUT_15219,276.64
OUT_15220,359.77
OUT_15221,134.22
OUT_15222,857.21
OUT_15223,140.48
OUT_15224,265.5
OUT_15225,114.98
OUT_15226,145.63
OUT_15227,102.73
OUT_15228,946.2
OUT_15229,94.1
OUT_15230,90.45
OUT_15231,363.54
OUT_15232,1973.7
OUT_15233,303.92
OUT_15234,117.83
OUT_15235,2159.63
OUT_15236,806.93
OUT_15237,123.85
OUT_15238,2068.83
OUT_15239,100.65
OUT_15240,294.53
OUT_15241,76.56
OUT_15242,134.18
OUT_15243,267.94
OUT_15244,97.01
OUT_15245,116.49
OUT_15246,1003.24
OUT_15247,166.92
OUT_15248,95.13
OUT_15249,907.1
OUT_15250,946.09
OUT_15251,245.07
OUT_15252,1886.15
OUT_15253,317.51
OUT_15254,89.4
OUT_15255,950.25
OUT_15256,971.27
OUT_15257,124.54
OUT_15258,83.22
OUT_15259,935.82
OUT_15260,1018.68
OUT_15261,106.04
OUT_15262,102.7
OUT_15263,267.62
OUT_15264,335.37
OUT_15265,106.46
OUT_15266,2074.12
OUT_15267,891.38
OUT_15268,146.11
OUT_15269,124.83
OUT_15270,119.69
OUT_15271,124.71
OUT_15272,873.13
OUT_15273,238.59
OUT_15274,211.84
OUT_15275,100.5
OUT_15276,120.96
OUT_15277,364.08
OUT_15278,100.45
OUT_15279,107.48
OUT_15280,332.48
OUT_15281,113.92
OUT_15282,358.68
OUT_15283,2010.4
OUT_15284,129.42
OUT_15285,2189.49
OUT_15286,106.95
OUT_15287,346.61
OUT_15288,115.88
OUT_15289,287.16
OUT_15290,241.23
OUT_15291,792.12
OUT_15292,70.96
OUT_15293,90.88
OUT_15294,2050.97
OUT_15295,105.13
OUT_15296,111.81
OUT_15297,135.44
OUT_15298,287.49
OUT_15299,945.91
OUT_15300,255.81
OUT_15301,284.18
OUT_15302,106.08
OUT_15303,324.12
OUT_15304,273.69
OUT_15305,147.16
OUT_15306,150.65
OUT_15307,143.98
OUT_15308,268.5
OUT_15309,103.56
OUT_15310,231.12
OUT_15311,283.58
OUT_15312,116.84
OUT_15313,302.03
OUT_15314,99.45
OUT_15315,1991.73
OUT_15316,939.2
OUT_15317,971.6
OUT_15318,323.74
OUT_15319,342.2
OUT_15320,324.89
OUT_15321,86.91
OUT_15322,905.81
OUT_15323,353.87
OUT_15324,231.07
OUT_15325,104.76
OUT_15326,87.78
OUT_15327,911.21
OUT_15328,120.72
OUT_15329,1039.87
OUT_15330,111.8
OUT_15331,239.85
OUT_15332,129.27
OUT_15333,911.49
OUT_15334,261.92
OUT_15335,939.12
OUT_15336,126.26
OUT_15337,834.46
OUT_15338,109.78
OUT_15339,101.47
OUT_15340,965.48
OUT_15341,379.04
OUT_15342,1979.47
OUT_15343,284.56
OUT_15344,886.72
OUT_15345,94.37
OUT_15346,374.81
OUT_15347,143.79
OUT_15348,82.4
OUT_15349,283.25
OUT_15350,91.14
OUT_15351,233.5
OUT_15352,302.3
OUT_15353,1992.35
OUT_15354,97.14
OUT_15355,127.73
OUT_15356,1849.4
OUT_15357,109.96
OUT_15358,940.87
OUT_15359,95.01
OUT_15360,123.18
OUT_15361,304.85
OUT_15362,340.86
OUT_15363,326.12
OUT_15364,246.7
OUT_15365,97.14
OUT_15366,103.13
OUT_15367,151.4
OUT_15368,96.13
OUT_15369,315.66
OUT_15370,269.01
OUT_15371,92.58
OUT_15372,2004.42
OUT_15373,215.68
OUT_15374,119.52
OUT_15375,289.09
OUT_15376,825.11
OUT_15377,368.89
OUT_15378,129.51
OUT_15379,262.74
OUT_15380,109.03
OUT_15381,317.98
OUT_15382,279.13
OUT_15383,88.8
OUT_15384,116.11
OUT_15385,113.34
OUT_15386,118.37
OUT_15387,301.91
OUT_15388,164.75
OUT_15389,87.58
OUT_15390,979.29
OUT_15391,354.59
OUT_15392,303.1
OUT_15393,139.18
OUT_15394,146.41
OUT_15395,84.62
OUT_15396,108.99
OUT_15397,995.78
OUT_15398,946.07
OUT_15399,936.54
OUT_15400,1014.86
OUT_15401,98.32
OUT_15402,258.38
OUT_15403,144.33
OUT_15404,87.64
OUT_15405,127.52
OUT_15406,108.17
OUT_15407,270.56
OUT_15408,119.99
OUT_15409,324.17
OUT_15410,366.38
OUT_15411,327.74
OUT_15412,868.19
OUT_15413,108.49
OUT_15414,114.03
OUT_15415,1952.7
OUT_15416,298.88
OUT_15417,901.31
OUT_15418,903.36
OUT_15419,324.43
OUT_15420,239.16
OUT_15421,71.1
OUT_15422,91.19
OUT_15423,308.26
OUT_15424,995.93
OUT_15425,354.29
OUT_15426,77.97
OUT_15427,119.57
OUT_15428,2055.1
OUT_15429,284.65
OUT_15430,100.04
OUT_15431,335.9
OUT_15432,86.49
OUT_15433,168.72
OUT_15434,96.82
OUT_15435,920.51
OUT_15436,97.38
OUT_15437,290.9
OUT_15438,298.29
OUT_15439,323.67
OUT_15440,132.01
OUT_15441,140.05
OUT_15442,1003.75
OUT_15443,144.39
OUT_15444,315.75
OUT_15445,146.88
OUT_15446,222.96
OUT_15447,330.57
OUT_15448,95.68
OUT_15449,949.91
OUT_15450,413.08
OUT_15451,986.31
OUT_15452,291.85
OUT_15453,105.15
OUT_15454,222.32
OUT_15455,921.36
OUT_15456,109.67
OUT_15457,110.01
OUT_15458,1018.1
OUT_15459,172.62
OUT_15460,330.2
OUT_15461,987.23
OUT_15462,886.2
OUT_15463,269.19
OUT_15464,347.44
OUT_15465,116.17
OUT_15466,863.49
OUT_15467,335.51
OUT_15468,1915.16
OUT_15469,348.43
OUT_15470,911.04
OUT_15471,141.47
OUT_15472,930.62
OUT_15473,105.42
OUT_15474,298.3
OUT_15475,113.65
OUT_15476,90.19
OUT_15477,334.02
OUT_15478,117.54
OUT_15479,106.74
OUT_15480,941.66
OUT_15481,1025.93
OUT_15482,127.63
OUT_15483,318.6
OUT_15484,263.74
OUT_15485,285.71
OUT_15486,128.28
OUT_15487,896.1
OUT_15488,113.41
OUT_15489,989.75
OUT_15490,106.95
OUT_15491,103.29
OUT_15492,99.46
OUT_15493,946.22
OUT_15494,323.8
OUT_15495,99.61
OUT_15496,2054.02
OUT_15497,919.67
OUT_15498,961.71
OUT_15499,137.8
OUT_15500,94.6
OUT_15501,151.05
OUT_15502,997.19
OUT_15503,123.98
OUT_15504,1010.43
OUT_15505,239.79
OUT_15506,1052.96
OUT_15507,225.23
OUT_15508,99.69
OUT_15509,854.61
OUT_15510,116.19
OUT_15511,2022.17
OUT_15512,947.01
OUT_15513,1992.89
OUT_15514,1915.03
OUT_15515,99.06
OUT_15516,311.48
OUT_15517,937.68
OUT_15518,285.19
OUT_15519,278.35
OUT_15520,126.55
OUT_15521,984.03
OUT_15522,874.31
OUT_15523,213.24
OUT_15524,277.3
OUT_15525,105.46
OUT_15526,286.14
OUT_15527,375.91
OUT_15528,1015.43
OUT_15529,93.92
OUT_15530,106.77
OUT_15531,96.74
OUT_15532,995.44
OUT_15533,107.17
OUT_15534,1995.13
OUT_15535,255.82
OUT_15536,101.28
OUT_15537,377.85
OUT_15538,998.21
OUT_15539,100.96
OUT_15540,94.79
OUT_15541,109.99
OUT_15542,112.47
OUT_15543,907.58
OUT_15544,123.15
OUT_15545,297.22
OUT_15546,112.49
OUT_15547,317.81
OUT_15548,989.89
OUT_15549,204.7
OUT_15550,76.62
OUT_15551,326.75
OUT_15552,2045.96
OUT_15553,101.11
OUT_15554,86.16
OUT_15555,101.69
OUT_15556,99.47
OUT_15557,97.34
OUT_15558,106.26
OUT_15559,77.71
OUT_15560,298.09
OUT_15561,98.87
OUT_15562,2121.17
OUT_15563,103.48
OUT_15564,77.76
OUT_15565,918.82
OUT_15566,109.93
OUT_15567,112.8
OUT_15568,119.35
OUT_15569,110.66
OUT_15570,85.36
OUT_15571,134.86
OUT_15572,113.43
OUT_15573,97.22
OUT_15574,242.64
OUT_15575,111.6
OUT_15576,137.24
OUT_15577,150.99
OUT_15578,904.23
OUT_15579,305.14
OUT_15580,267.27
OUT_15581,265.08
OUT_15582,266.91
OUT_15583,2091.26
OUT_15584,862.89
OUT_15585,142.8
OUT_15586,272.88
OUT_15587,229.49
OUT_15588,115.42
OUT_15589,111.78
OUT_15590,137.28
OUT_15591,106.44
OUT_15592,2035.55
OUT_15593,872.09
OUT_15594,88.94
OUT_15595,379.18
OUT_15596,1046.12
OUT_15597,106.72
OUT_15598,2038.6
OUT_15599,111.31
OUT_15600,243.34
OUT_15601,937.86
OUT_15602,137.66
OUT_15603,352.82
OUT_15604,349.01
OUT_15605,71.18
OUT_15606,367.18
OUT_15607,997.47
OUT_15608,370.19
OUT_15609,281.38
OUT_15610,102.83
OUT_15611,99.07
OUT_15612,86.91
OUT_15613,1936.01
OUT_15614,103.07
OUT_15615,341.63
OUT_15616,89.11
OUT_15617,145.65
OUT_15618,109.54
OUT_15619,316.19
OUT_15620,124.98
OUT_15621,324.64
OUT_15622,104.56
OUT_15623,251.82
OUT_15624,888.64
OUT_15625,352.85
OUT_15626,962.43
OUT_15627,2061.82
OUT_15628,1994.55
OUT_15629,980.42
OUT_15630,125.62
OUT_15631,115.29
OUT_15632,137.72
OUT_15633,127.24
OUT_15634,342.7
OUT_15635,115.94
OUT_15636,103.0
OUT_15637,1921.77
OUT_15638,261.37
OUT_15639,89.07
OUT_15640,144.13
OUT_15641,101.85
OUT_15642,97.75
OUT_15643,111.49
OUT_15644,121.98
OUT_15645,99.68
OUT_15646,296.09
OUT_15647,89.81
OUT_15648,281.41
OUT_15649,317.06
OUT_15650,1969.65
OUT_15651,289.6
OUT_15652,108.68
OUT_15653,139.46
OUT_15654,118.76
OUT_15655,79.94
OUT_15656,107.75
OUT_15657,94.77
OUT_15658,118.27
OUT_15659,320.57
OUT_15660,133.78
OUT_15661,96.12
OUT_15662,318.98
OUT_15663,105.79
OUT_15664,962.42
OUT_15665,2015.77
OUT_15666,260.94
OUT_15667,946.23
OUT_15668,246.74
OUT_15669,922.04
OUT_15670,241.53
OUT_15671,118.24
OUT_15672,324.48
OUT_15673,988.5
OUT_15674,839.7
OUT_15675,292.91
OUT_15676,105.93
OUT_15677,271.67
OUT_15678,347.91
OUT_15679,89.76
OUT_15680,940.7
OUT_15681,87.29
OUT_15682,125.6
OUT_15683,102.44
OUT_15684,106.2
OUT_15685,245.86
OUT_15686,131.23
OUT_15687,100.65
OUT_15688,1999.88
OUT_15689,116.9
OUT_15690,339.74
OUT_15691,265.3
OUT_15692,100.61
OUT_15693,962.25
OUT_15694,302.82
OUT_15695,102.19
OUT_15696,338.18
OUT_15697,2073.24
OUT_15698,129.98
OUT_15699,100.11
OUT_15700,318.37
OUT_15701,264.48
OUT_15702,934.79
OUT_15703,101.68
OUT_15704,122.28
OUT_15705,124.88
OUT_15706,307.23
OUT_15707,861.4
OUT_15708,904.88
OUT_15709,169.41
OUT_15710,128.33
OUT_15711,127.64
OUT_15712,274.15
OUT_15713,154.13
OUT_15714,86.38
OUT_15715,103.88
OUT_15716,307.55
OUT_15717,2057.05
OUT_15718,128.06
OUT_15719,886.53
OUT_15720,89.98
OUT_15721,100.1
OUT_15722,336.28
OUT_15723,99.21
OUT_15724,937.62
OUT_15725,116.66
OUT_15726,153.92
OUT_15727,375.21
OUT_15728,1966.55
OUT_15729,921.92
OUT_15730,235.11
OUT_15731,972.8
OUT_15732,144.72
OUT_15733,835.39
OUT_15734,118.59
OUT_15735,111.45
OUT_15736,216.91
OUT_15737,264.02
OUT_15738,309.25
OUT_15739,933.71
OUT_15740,253.88
OUT_15741,151.07
OUT_15742,118.64
OUT_15743,143.92
OUT_15744,103.47
OUT_15745,1014.21
OUT_15746,1006.95
OUT_15747,118.16
OUT_15748,908.08
OUT_15749,89.4
OUT_15750,983.41
OUT_15751,895.16
OUT_15752,111.42
OUT_15753,108.68
OUT_15754,276.79
OUT_15755,909.11
OUT_15756,877.56
OUT_15757,344.18
OUT_15758,291.24
OUT_15759,141.83
OUT_15760,337.02
OUT_15761,90.35
OUT_15762,304.88
OUT_15763,284.15
OUT_15764,322.89
OUT_15765,95.3
OUT_15766,111.49
OUT_15767,96.59
OUT_15768,129.26
OUT_15769,234.2
OUT_15770,102.85
OUT_15771,113.49
OUT_15772,272.02
OUT_15773,364.33
OUT_15774,365.59
OUT_15775,138.74
OUT_15776,105.27
OUT_15777,275.75
OUT_15778,269.61
OUT_15779,298.7
OUT_15780,1013.64
OUT_15781,278.73
OUT_15782,1965.27
OUT_15783,317.44
OUT_15784,109.63
OUT_15785,63.49
OUT_15786,111.23
OUT_15787,1039.68
OUT_15788,322.28
OUT_15789,134.22
OUT_15790,2007.7
OUT_15791,129.68
OUT_15792,294.31
OUT_15793,2104.24
OUT_15794,274.76
OUT_15795,317.23
OUT_15796,120.85
OUT_15797,961.47
OUT_15798,314.14
OUT_15799,989.46
OUT_15800,920.91
OUT_15801,944.43
OUT_15802,2024.12
OUT_15803,83.04
OUT_15804,142.85
OUT_15805,108.47
OUT_15806,104.52
OUT_15807,111.52
OUT_15808,350.46
OUT_15809,337.87
OUT_15810,131.33
OUT_15811,81.97
OUT_15812,247.35
OUT_15813,113.1
OUT_15814,1003.68
OUT_15815,94.68
OUT_15816,99.18
OUT_15817,128.49
OUT_15818,138.17
OUT_15819,95.81
OUT_15820,132.58
OUT_15821,114.48
OUT_15822,85.29
OUT_15823,116.28
OUT_15824,89.38
OUT_15825,897.32
OUT_15826,295.56
OUT_15827,122.55
OUT_15828,869.78
OUT_15829,269.9
OUT_15830,304.54
OUT_15831,107.84
OUT_15832,303.28
OUT_15833,109.21
OUT_15834,889.13
OUT_15835,100.94
OUT_15836,90.17
OUT_15837,2126.65
OUT_15838,915.72
OUT_15839,835.27
OUT_15840,960.2
OUT_15841,334.61
OUT_15842,96.86
OUT_15843,292.17
OUT_15844,111.67
OUT_15845,798.23
OUT_15846,221.42
OUT_15847,1989.26
OUT_15848,848.41
OUT_15849,971.92
OUT_15850,111.25
OUT_15851,114.27
OUT_15852,973.42
OUT_15853,2034.13
OUT_15854,217.55
OUT_15855,106.62
OUT_15856,122.06
OUT_15857,140.52
OUT_15858,118.76
OUT_15859,214.76
OUT_15860,93.65
OUT_15861,1996.49
OUT_15862,921.55
OUT_15863,96.89
OUT_15864,154.45
OUT_15865,294.79
OUT_15866,290.63
OUT_15867,293.38
OUT_15868,109.83
OUT_15869,239.78
OUT_15870,101.03
OUT_15871,2035.45
OUT_15872,239.07
OUT_15873,108.65
OUT_15874,954.01
OUT_15875,113.63
OUT_15876,105.18
OUT_15877,1964.04
OUT_15878,325.68
OUT_15879,85.65
OUT_15880,353.83
OUT_15881,100.56
OUT_15882,827.25
OUT_15883,123.42
OUT_15884,111.93
OUT_15885,149.13
OUT_15886,959.8
OUT_15887,125.52
OUT_15888,99.09
OUT_15889,87.3
OUT_15890,2030.4
OUT_15891,119.96
OUT_15892,85.49
OUT_15893,98.16
OUT_15894,147.6
OUT_15895,1000.11
OUT_15896,144.07
OUT_15897,122.0
OUT_15898,108.28
OUT_15899,858.05
OUT_15900,291.57
OUT_15901,339.74
OUT_15902,123.68
OUT_15903,134.36
OUT_15904,101.26
OUT_15905,278.14
OUT_15906,1938.5
OUT_15907,106.57
OUT_15908,322.11
OUT_15909,241.44
OUT_15910,99.21
OUT_15911,336.29
OUT_15912,918.44
OUT_15913,105.05
OUT_15914,128.18
OUT_15915,113.42
OUT_15916,123.51
OUT_15917,121.39
OUT_15918,107.59
OUT_15919,969.29
OUT_15920,260.85
OUT_15921,955.97
OUT_15922,892.15
OUT_15923,95.06
OUT_15924,239.14
OUT_15925,105.73
OUT_15926,903.65
OUT_15927,99.92
OUT_15928,156.26
OUT_15929,305.37
OUT_15930,978.79
OUT_15931,872.15
OUT_15932,96.54
OUT_15933,104.71
OUT_15934,1020.2
OUT_15935,288.57
OUT_15936,85.57
OUT_15937,104.75
OUT_15938,140.13
OUT_15939,132.99
OUT_15940,107.52
OUT_15941,145.1
OUT_15942,910.7
OUT_15943,118.16
OUT_15944,139.39
OUT_15945,331.94
OUT_15946,124.12
OUT_15947,95.6
OUT_15948,125.35
OUT_15949,133.61
OUT_15950,98.28
OUT_15951,1944.26
OUT_15952,884.93
OUT_15953,273.09
OUT_15954,265.77
OUT_15955,1017.39
OUT_15956,90.91
OUT_15957,95.47
OUT_15958,869.5
OUT_15959,318.63
OUT_15960,93.28
OUT_15961,248.14
OUT_15962,239.22
OUT_15963,101.29
OUT_15964,97.78
OUT_15965,92.52
OUT_15966,305.05
OUT_15967,90.88
OUT_15968,1046.7
OUT_15969,144.07
OUT_15970,104.96
OUT_15971,2050.87
OUT_15972,244.66
OUT_15973,326.12
OUT_15974,337.59
OUT_15975,238.34
OUT_15976,124.39
OUT_15977,91.25
OUT_15978,306.78
OUT_15979,979.14
OUT_15980,118.5
OUT_15981,84.43
OUT_15982,80.23
OUT_15983,124.8
OUT_15984,135.55
OUT_15985,963.2
OUT_15986,330.41
OUT_15987,128.79
OUT_15988,106.88
OUT_15989,827.55
OUT_15990,289.9
OUT_15991,108.35
OUT_15992,85.04
OUT_15993,329.39
OUT_15994,300.77
OUT_15995,114.81
OUT_15996,951.56
OUT_15997,136.05
OUT_15998,284.5
OUT_15999,125.51
OUT_16000,886.55
OUT_16001,304.31
OUT_16002,111.84
OUT_16003,317.48
OUT_16004,897.74
OUT_16005,146.2
OUT_16006,341.84
OUT_16007,108.49
OUT_16008,281.61
OUT_16009,107.47
OUT_16010,135.66
OUT_16011,109.13
OUT_16012,75.22
OUT_16013,138.64
OUT_16014,90.22
OUT_16015,102.3
OUT_16016,1056.84
OUT_16017,118.74
OUT_16018,132.29
OUT_16019,259.9
OUT_16020,314.11
OUT_16021,100.07
OUT_16022,101.41
OUT_16023,367.01
OUT_16024,110.5
OUT_16025,289.61
OUT_16026,228.04
OUT_16027,100.62
OUT_16028,108.31
OUT_16029,287.36
OUT_16030,90.73
OUT_16031,301.94
OUT_16032,125.12
OUT_16033,135.22
OUT_16034,989.86
OUT_16035,305.69
OUT_16036,260.91
OUT_16037,143.37
OUT_16038,115.65
OUT_16039,113.56
OUT_16040,105.19
OUT_16041,2038.41
OUT_16042,326.36
OUT_16043,973.7
OUT_16044,112.41
OUT_16045,319.16
OUT_16046,354.53
OUT_16047,106.99
OUT_16048,323.0
OUT_16049,915.36
OUT_16050,81.5
OUT_16051,97.25
OUT_16052,159.44
OUT_16053,103.31
OUT_16054,266.68
OUT_16055,1000.54
OUT_16056,103.93
OUT_16057,107.15
OUT_16058,356.24
OUT_16059,104.32
OUT_16060,120.54
OUT_16061,95.32
OUT_16062,279.01
OUT_16063,296.93
OUT_16064,957.64
OUT_16065,146.71
OUT_16066,93.1
OUT_16067,135.02
OUT_16068,90.54
OUT_16069,270.58
OUT_16070,95.82
OUT_16071,2106.05
OUT_16072,103.72
OUT_16073,156.86
OUT_16074,136.97
OUT_16075,2017.89
OUT_16076,108.71
OUT_16077,315.52
OUT_16078,349.32
OUT_16079,311.4
OUT_16080,128.1
OUT_16081,121.86
OUT_16082,320.47
OUT_16083,966.54
OUT_16084,247.1
OUT_16085,2092.47
OUT_16086,901.18
OUT_16087,327.89
OUT_16088,981.41
OUT_16089,113.16
OUT_16090,151.22
OUT_16091,96.38
OUT_16092,123.34
OUT_16093,282.94
OUT_16094,2122.75
OUT_16095,144.99
OUT_16096,129.71
OUT_16097,933.19
OUT_16098,77.8
OUT_16099,303.8
OUT_16100,93.83
OUT_16101,89.94
OUT_16102,253.27
OUT_16103,236.51
OUT_16104,317.36
OUT_16105,281.62
OUT_16106,345.91
OUT_16107,268.32
OUT_16108,1830.92
OUT_16109,100.64
OUT_16110,156.21
OUT_16111,116.66
OUT_16112,328.98
OUT_16113,986.67
OUT_16114,992.11
OUT_16115,86.92
OUT_16116,962.69
OUT_16117,73.85
OUT_16118,95.82
OUT_16119,136.22
OUT_16120,96.75
OUT_16121,110.38
OUT_16122,90.72
OUT_16123,948.98
OUT_16124,233.65
OUT_16125,153.31
OUT_16126,312.0
OUT_16127,95.19
OUT_16128,324.4
OUT_16129,141.18
OUT_16130,258.0
OUT_16131,93.5
OUT_16132,128.69
OUT_16133,101.21
OUT_16134,105.24
OUT_16135,882.29
OUT_16136,862.95
OUT_16137,126.65
OUT_16138,102.37
OUT_16139,138.74
OUT_16140,301.94
OUT_16141,130.51
OUT_16142,939.08
OUT_16143,936.6
OUT_16144,903.13
OUT_16145,166.23
OUT_16146,999.36
OUT_16147,244.74
OUT_16148,86.91
OUT_16149,86.87
OUT_16150,945.93
OUT_16151,98.14
OUT_16152,115.36
OUT_16153,989.1
OUT_16154,349.75
OUT_16155,156.49
OUT_16156,287.81
OUT_16157,118.33
OUT_16158,291.45
OUT_16159,148.0
OUT_16160,92.51
OUT_16161,295.64
OUT_16162,332.03
OUT_16163,117.46
OUT_16164,901.74
OUT_16165,85.23
OUT_16166,111.6
OUT_16167,119.0
OUT_16168,77.24
OUT_16169,1986.26
OUT_16170,990.1
OUT_16171,239.4
OUT_16172,842.25
OUT_16173,339.56
OUT_16174,66.65
OUT_16175,134.13
OUT_16176,928.05
OUT_16177,232.28
OUT_16178,95.22
OUT_16179,320.9
OUT_16180,2091.53
OUT_16181,237.79
OUT_16182,105.47
OUT_16183,1933.92
OUT_16184,938.8
OUT_16185,872.51
OUT_16186,158.24
OUT_16187,142.91
OUT_16188,129.98
OUT_16189,261.79
OUT_16190,998.25
OUT_16191,128.36
OUT_16192,285.35
OUT_16193,364.37
OUT_16194,1006.46
OUT_16195,1993.67
OUT_16196,253.22
OUT_16197,103.44
OUT_16198,111.25
OUT_16199,2091.76
OUT_16200,147.14
OUT_16201,992.93
OUT_16202,106.07
OUT_16203,101.66
OUT_16204,339.22
OUT_16205,110.56
OUT_16206,103.73
OUT_16207,288.03
OUT_16208,120.27
OUT_16209,806.19
OUT_16210,115.4
OUT_16211,96.03
OUT_16212,107.87
OUT_16213,139.96
OUT_16214,143.81
OUT_16215,849.12
OUT_16216,885.75
OUT_16217,315.72
OUT_16218,103.78
OUT_16219,931.07
OUT_16220,130.93
OUT_16221,80.44
OUT_16222,119.71
OUT_16223,1981.45
OUT_16224,156.85
OUT_16225,245.18
OUT_16226,145.53
OUT_16227,121.91
OUT_16228,2074.18
OUT_16229,2057.51
OUT_16230,335.82
OUT_16231,89.73
OUT_16232,125.98
OUT_16233,109.1
OUT_16234,366.21
OUT_16235,310.9
OUT_16236,117.33
OUT_16237,323.25
OUT_16238,1977.17
OUT_16239,161.78
OUT_16240,240.96
OUT_16241,143.24
OUT_16242,244.96
OUT_16243,887.96
OUT_16244,916.92
OUT_16245,915.81
OUT_16246,131.09
OUT_16247,111.33
OUT_16248,320.44
OUT_16249,109.09
OUT_16250,145.59
OUT_16251,97.24
OUT_16252,936.7
OUT_16253,121.17
OUT_16254,866.73
OUT_16255,909.95
OUT_16256,264.33
OUT_16257,114.99
OUT_16258,955.88
OUT_16259,103.99
OUT_16260,146.88
OUT_16261,276.21
OUT_16262,101.45
OUT_16263,122.16
OUT_16264,103.47
OUT_16265,106.65
OUT_16266,114.93
OUT_16267,94.58
OUT_16268,76.77
OUT_16269,314.0
OUT_16270,75.28
OUT_16271,913.2
OUT_16272,279.59
OUT_16273,894.46
OUT_16274,132.54
OUT_16275,951.16
OUT_16276,130.46
OUT_16277,101.65
OUT_16278,271.65
OUT_16279,327.53
OUT_16280,108.08
OUT_16281,147.24
OUT_16282,121.2
OUT_16283,266.74
OUT_16284,948.07
OUT_16285,88.85
OUT_16286,88.64
OUT_16287,304.81
OUT_16288,288.51
OUT_16289,105.41
OUT_16290,137.32
OUT_16291,108.2
OUT_16292,336.91
OUT_16293,363.73
OUT_16294,99.12
OUT_16295,113.72
OUT_16296,319.43
OUT_16297,340.08
OUT_16298,146.1
OUT_16299,350.39
OUT_16300,1041.83
OUT_16301,118.35
OUT_16302,874.26
OUT_16303,1975.59
OUT_16304,1921.42
OUT_16305,100.25
OUT_16306,112.78
OUT_16307,108.98
OUT_16308,108.28
OUT_16309,329.44
OUT_16310,317.21
OUT_16311,943.46
OUT_16312,156.74
OUT_16313,66.6
OUT_16314,1856.94
OUT_16315,948.69
OUT_16316,107.74
OUT_16317,975.27
OUT_16318,989.69
OUT_16319,93.77
OUT_16320,123.27
OUT_16321,286.19
OUT_16322,958.12
OUT_16323,339.51
OUT_16324,139.96
OUT_16325,88.46
OUT_16326,888.57
OUT_16327,238.0
OUT_16328,995.77
OUT_16329,1928.31
OUT_16330,995.57
OUT_16331,2067.13
OUT_16332,90.2
OUT_16333,145.13
OUT_16334,968.13
OUT_16335,218.54
OUT_16336,2109.37
OUT_16337,136.33
OUT_16338,125.7
OUT_16339,95.15
OUT_16340,117.2
OUT_16341,341.56
OUT_16342,96.05
OUT_16343,937.32
OUT_16344,147.41
OUT_16345,106.74
OUT_16346,85.52
OUT_16347,150.53
OUT_16348,391.29
OUT_16349,858.94
OUT_16350,101.73
OUT_16351,978.22
OUT_16352,100.59
OUT_16353,156.07
OUT_16354,153.61
OUT_16355,102.1
OUT_16356,96.05
OUT_16357,102.86
OUT_16358,140.57
OUT_16359,338.27
OUT_16360,103.62
OUT_16361,94.61
OUT_16362,923.63
OUT_16363,117.37
OUT_16364,999.69
OUT_16365,118.93
OUT_16366,113.49
OUT_16367,276.14
OUT_16368,85.43
OUT_16369,91.72
OUT_16370,247.23
OUT_16371,94.26
OUT_16372,112.98
OUT_16373,100.26
OUT_16374,106.91
OUT_16375,346.13
OUT_16376,144.4
OUT_16377,112.29
OUT_16378,120.03
OUT_16379,102.48
OUT_16380,112.94
OUT_16381,108.04
OUT_16382,930.84
OUT_16383,999.43
OUT_16384,304.69
OUT_16385,98.83
OUT_16386,127.81
OUT_16387,318.56
OUT_16388,1970.48
OUT_16389,976.09
OUT_16390,328.92
OUT_16391,103.87
OUT_16392,127.47
OUT_16393,113.4
OUT_16394,896.38
OUT_16395,108.24
OUT_16396,105.8
OUT_16397,972.89
OUT_16398,280.64
OUT_16399,85.86
OUT_16400,116.45
OUT_16401,110.6
OUT_16402,330.3
OUT_16403,986.42
OUT_16404,297.21
OUT_16405,94.88
OUT_16406,119.16
OUT_16407,288.45
OUT_16408,102.78
OUT_16409,295.63
OUT_16410,81.78
OUT_16411,335.96
OUT_16412,101.86
OUT_16413,880.37
OUT_16414,919.82
OUT_16415,89.41
OUT_16416,117.85
OUT_16417,942.87
OUT_16418,105.86
OUT_16419,237.39
OUT_16420,122.41
OUT_16421,285.69
OUT_16422,97.74
OUT_16423,308.24
OUT_16424,897.28
OUT_16425,239.68
OUT_16426,1048.81
OUT_16427,133.44
OUT_16428,141.97
OUT_16429,359.44
OUT_16430,84.59
OUT_16431,122.89
OUT_16432,133.24
OUT_16433,229.34
OUT_16434,158.36
OUT_16435,991.37
OUT_16436,331.4
OUT_16437,2027.96
OUT_16438,121.76
OUT_16439,376.27
OUT_16440,139.56
OUT_16441,2054.89
OUT_16442,95.48
OUT_16443,97.46
OUT_16444,281.83
OUT_16445,152.6
OUT_16446,79.42
OUT_16447,130.4
OUT_16448,261.09
OUT_16449,343.16
OUT_16450,88.61
OUT_16451,895.13
OUT_16452,279.97
OUT_16453,115.56
OUT_16454,257.42
OUT_16455,316.87
OUT_16456,107.5
OUT_16457,279.93
OUT_16458,98.45
OUT_16459,885.57
OUT_16460,2041.29
OUT_16461,253.74
OUT_16462,92.42
OUT_16463,279.2
OUT_16464,151.93
OUT_16465,261.51
OUT_16466,96.95
OUT_16467,898.45
OUT_16468,304.83
OUT_16469,106.13
OUT_16470,894.43
OUT_16471,91.92
OUT_16472,115.04
OUT_16473,124.15
OUT_16474,117.87
OUT_16475,128.33
OUT_16476,137.0
OUT_16477,296.18
OUT_16478,324.33
OUT_16479,249.89
OUT_16480,342.14
OUT_16481,92.3
OUT_16482,90.97
OUT_16483,282.52
OUT_16484,292.93
OUT_16485,158.3
OUT_16486,96.49
OUT_16487,258.22
OUT_16488,2078.44
OUT_16489,244.22
OUT_16490,131.43
OUT_16491,132.85
OUT_16492,2085.36
OUT_16493,84.99
OUT_16494,286.54
OUT_16495,140.73
OUT_16496,245.85
OUT_16497,934.69
OUT_16498,109.88
OUT_16499,288.9
OUT_16500,95.97
OUT_16501,245.54
OUT_16502,911.5
OUT_16503,100.59
OUT_16504,93.01
OUT_16505,108.75
OUT_16506,96.23
OUT_16507,93.3
OUT_16508,99.82
OUT_16509,143.6
OUT_16510,95.13
OUT_16511,902.88
OUT_16512,109.45
OUT_16513,238.33
OUT_16514,324.11
OUT_16515,334.74
OUT_16516,240.09
OUT_16517,259.56
OUT_16518,96.07
OUT_16519,111.43
OUT_16520,2071.41
OUT_16521,327.73
OUT_16522,112.0
OUT_16523,94.36
OUT_16524,252.77
OUT_16525,282.24
OUT_16526,103.63
OUT_16527,141.21
OUT_16528,113.95
OUT_16529,309.56
OUT_16530,999.15
OUT_16531,980.62
OUT_16532,96.86
OUT_16533,317.89
OUT_16534,104.95
OUT_16535,94.11
OUT_16536,905.75
OUT_16537,341.42
OUT_16538,1994.8
OUT_16539,324.27
OUT_16540,930.68
OUT_16541,149.28
OUT_16542,287.86
OUT_16543,322.0
OUT_16544,297.93
OUT_16545,122.39
OUT_16546,157.92
OUT_16547,122.22
OUT_16548,2030.41
OUT_16549,89.54
OUT_16550,103.09
OUT_16551,232.35
OUT_16552,123.45
OUT_16553,328.29
OUT_16554,97.26
OUT_16555,129.21
OUT_16556,112.58
OUT_16557,170.24
OUT_16558,326.3
OUT_16559,354.75
OUT_16560,91.38
OUT_16561,163.74
OUT_16562,118.33
OUT_16563,124.74
OUT_16564,94.01
OUT_16565,127.42
OUT_16566,138.49
OUT_16567,131.79
OUT_16568,138.32
OUT_16569,313.71
OUT_16570,1985.59
OUT_16571,92.12
OUT_16572,117.64
OUT_16573,1986.9
OUT_16574,113.66
OUT_16575,152.91
OUT_16576,825.01
OUT_16577,143.39
OUT_16578,274.68
OUT_16579,298.4
OUT_16580,93.89
OUT_16581,108.4
OUT_16582,118.01
OUT_16583,902.58
OUT_16584,159.56
OUT_16585,96.22
OUT_16586,845.79
OUT_16587,119.95
OUT_16588,241.46
OUT_16589,92.0
OUT_16590,920.95
OUT_16591,82.65
OUT_16592,310.81
OUT_16593,1030.19
OUT_16594,120.9
OUT_16595,102.32
OUT_16596,2027.19
OUT_16597,1997.49
OUT_16598,964.77
OUT_16599,93.87
OUT_16600,84.57
OUT_16601,227.8
OUT_16602,901.04
OUT_16603,117.92
OUT_16604,109.96
OUT_16605,2031.15
OUT_16606,134.89
OUT_16607,320.68
OUT_16608,140.94
OUT_16609,275.06
OUT_16610,133.1
OUT_16611,92.48
OUT_16612,260.47
OUT_16613,143.73
OUT_16614,136.3
OUT_16615,154.06
OUT_16616,293.4
OUT_16617,270.97
OUT_16618,118.22
OUT_16619,270.55
OUT_16620,296.51
OUT_16621,102.21
OUT_16622,245.86
OUT_16623,968.13
OUT_16624,98.53
OUT_16625,139.35
OUT_16626,97.4
OUT_16627,90.59
OUT_16628,109.44
OUT_16629,103.44
OUT_16630,155.64
OUT_16631,287.61
OUT_16632,294.87
OUT_16633,967.71
OUT_16634,139.35
OUT_16635,105.46
OUT_16636,130.09
OUT_16637,133.71
OUT_16638,119.11
OUT_16639,1958.94
OUT_16640,299.02
OUT_16641,949.06
OUT_16642,317.36
OUT_16643,270.36
OUT_16644,233.71
OUT_16645,302.06
OUT_16646,285.1
OUT_16647,334.83
OUT_16648,160.98
OUT_16649,914.88
OUT_16650,122.32
OUT_16651,143.02
OUT_16652,389.71
OUT_16653,100.81
OUT_16654,954.15
OUT_16655,119.72
OUT_16656,1004.19
OUT_16657,894.14
OUT_16658,85.5
OUT_16659,953.41
OUT_16660,100.4
OUT_16661,147.2
OUT_16662,227.83
OUT_16663,81.17
OUT_16664,110.46
OUT_16665,350.31
OUT_16666,104.15
OUT_16667,93.55
OUT_16668,99.06
OUT_16669,124.29
OUT_16670,766.73
OUT_16671,121.93
OUT_16672,121.59
OUT_16673,232.29
OUT_16674,106.88
OUT_16675,881.2
OUT_16676,981.95
OUT_16677,90.52
OUT_16678,100.45
OUT_16679,77.94
OUT_16680,383.19
OUT_16681,89.93
OUT_16682,114.39
OUT_16683,118.01
OUT_16684,94.22
OUT_16685,305.43
OUT_16686,120.17
OUT_16687,960.43
OUT_16688,1902.79
OUT_16689,105.01
OUT_16690,782.32
OUT_16691,92.28
OUT_16692,273.13
OUT_16693,104.85
OUT_16694,346.86
OUT_16695,108.3
OUT_16696,99.98
OUT_16697,79.4
OUT_16698,321.37
OUT_16699,124.4
OUT_16700,89.55
OUT_16701,69.79
OUT_16702,310.64
OUT_16703,863.45
OUT_16704,105.52
OUT_16705,300.81
OUT_16706,137.72
OUT_16707,945.96
OUT_16708,83.48
OUT_16709,100.75
OUT_16710,103.9
OUT_16711,919.47
OUT_16712,998.09
OUT_16713,111.77
OUT_16714,124.28
OUT_16715,145.89
OUT_16716,301.26
OUT_16717,310.0
OUT_16718,114.74
OUT_16719,294.45
OUT_16720,119.97
OUT_16721,354.14
OUT_16722,181.27
OUT_16723,131.45
OUT_16724,899.39
OUT_16725,304.23
OUT_16726,359.24
OUT_16727,118.78
OUT_16728,1007.59
OUT_16729,89.69
OUT_16730,101.12
OUT_16731,260.76
OUT_16732,318.4
OUT_16733,99.92
OUT_16734,163.08
OUT_16735,109.68
OUT_16736,134.63
OUT_16737,259.5
OUT_16738,938.84
OUT_16739,350.69
OUT_16740,342.54
OUT_16741,936.6
OUT_16742,1016.35
OUT_16743,119.17
OUT_16744,91.64
OUT_16745,306.39
OUT_16746,290.38
OUT_16747,225.1
OUT_16748,102.72
OUT_16749,862.75
OUT_16750,98.37
OUT_16751,115.94
OUT_16752,87.29
OUT_16753,915.65
OUT_16754,108.64
OUT_16755,111.28
OUT_16756,139.16
OUT_16757,312.88
OUT_16758,112.62
OUT_16759,91.99
OUT_16760,344.91
OUT_16761,175.02
OUT_16762,352.69
OUT_16763,133.88
OUT_16764,147.57
OUT_16765,99.71
OUT_16766,225.68
OUT_16767,53.67
OUT_16768,310.69
OUT_16769,965.66
OUT_16770,268.27
OUT_16771,122.53
OUT_16772,147.66
OUT_16773,52.07
OUT_16774,122.92
OUT_16775,907.76
OUT_16776,246.39
OUT_16777,227.65
OUT_16778,411.3
OUT_16779,110.43
OUT_16780,72.62
OUT_16781,102.51
OUT_16782,114.21
OUT_16783,321.36
OUT_16784,298.58
OUT_16785,950.11
OUT_16786,920.19
OUT_16787,855.48
OUT_16788,138.16
OUT_16789,120.69
OUT_16790,317.17
OUT_16791,798.96
OUT_16792,100.99
OUT_16793,292.62
OUT_16794,243.41
OUT_16795,89.99
OUT_16796,329.6
OUT_16797,111.11
OUT_16798,148.2
OUT_16799,112.18
OUT_16800,134.91
OUT_16801,128.18
OUT_16802,136.73
OUT_16803,96.88
OUT_16804,937.93
OUT_16805,104.48
OUT_16806,929.11
OUT_16807,329.77
OUT_16808,923.8
OUT_16809,2106.3
OUT_16810,253.57
OUT_16811,109.03
OUT_16812,975.08
OUT_16813,969.83
OUT_16814,126.01
OUT_16815,919.26
OUT_16816,120.06
OUT_16817,302.74
OUT_16818,313.91
OUT_16819,155.63
OUT_16820,969.63
OUT_16821,338.07
OUT_16822,84.51
OUT_16823,131.07
OUT_16824,319.77
OUT_16825,158.32
OUT_16826,149.93
OUT_16827,1909.4
OUT_16828,251.09
OUT_16829,95.24
OUT_16830,997.2
OUT_16831,101.58
OUT_16832,938.76
OUT_16833,320.12
OUT_16834,287.46
OUT_16835,125.11
OUT_16836,139.57
OUT_16837,78.51
OUT_16838,967.51
OUT_16839,290.34
OUT_16840,920.31
OUT_16841,910.52
OUT_16842,105.81
OUT_16843,106.89
OUT_16844,221.94
OUT_16845,78.24
OUT_16846,143.92
OUT_16847,89.09
OUT_16848,1920.56
OUT_16849,95.24
OUT_16850,113.63
OUT_16851,965.13
OUT_16852,231.28
OUT_16853,138.88
OUT_16854,100.11
OUT_16855,260.05
OUT_16856,328.69
OUT_16857,293.62
OUT_16858,977.68
OUT_16859,132.78
OUT_16860,205.25
OUT_16861,316.08
OUT_16862,83.21
OUT_16863,968.39
OUT_16864,1992.65
OUT_16865,140.18
OUT_16866,300.59
OUT_16867,131.73
OUT_16868,924.67
OUT_16869,111.02
OUT_16870,261.69
OUT_16871,127.08
OUT_16872,934.35
OUT_16873,273.95
OUT_16874,346.13
OUT_16875,255.04
OUT_16876,908.23
OUT_16877,126.16
OUT_16878,135.33
OUT_16879,147.73
OUT_16880,951.79
OUT_16881,87.46
OUT_16882,244.49
OUT_16883,94.88
OUT_16884,967.13
OUT_16885,125.75
OUT_16886,93.44
OUT_16887,163.81
OUT_16888,280.19
OUT_16889,307.53
OUT_16890,99.24
OUT_16891,968.0
OUT_16892,94.73
OUT_16893,274.47
OUT_16894,285.83
OUT_16895,97.6
OUT_16896,103.05
OUT_16897,121.0
OUT_16898,109.99
OUT_16899,926.45
OUT_16900,881.28
OUT_16901,125.81
OUT_16902,259.53
OUT_16903,146.84
OUT_16904,84.5
OUT_16905,295.0
OUT_16906,123.16
OUT_16907,94.4
OUT_16908,949.64
OUT_16909,835.2
OUT_16910,107.11
OUT_16911,136.45
OUT_16912,114.41
OUT_16913,232.84
OUT_16914,118.83
OUT_16915,85.34
OUT_16916,100.73
OUT_16917,129.14
OUT_16918,93.23
OUT_16919,140.29
OUT_16920,252.85
OUT_16921,238.9
OUT_16922,104.12
OUT_16923,256.45
OUT_16924,902.19
OUT_16925,939.34
OUT_16926,99.51
OUT_16927,235.23
OUT_16928,245.29
OUT_16929,125.26
OUT_16930,319.56
OUT_16931,88.34
OUT_16932,368.63
OUT_16933,88.81
OUT_16934,358.97
OUT_16935,2012.94
OUT_16936,262.87
OUT_16937,967.89
OUT_16938,118.17
OUT_16939,102.13
OUT_16940,104.69
OUT_16941,149.99
OUT_16942,314.4
OUT_16943,117.14
OUT_16944,317.98
OUT_16945,130.3
OUT_16946,2105.28
OUT_16947,95.8
OUT_16948,140.18
OUT_16949,113.43
OUT_16950,163.78
OUT_16951,87.44
OUT_16952,150.99
OUT_16953,91.12
OUT_16954,90.84
OUT_16955,136.62
OUT_16956,125.34
OUT_16957,106.22
OUT_16958,929.04
OUT_16959,2065.1
OUT_16960,112.59
OUT_16961,304.9
OUT_16962,123.62
OUT_16963,100.0
OUT_16964,96.72
OUT_16965,251.03
OUT_16966,103.9
OUT_16967,339.98
OUT_16968,275.84
OUT_16969,261.24
OUT_16970,300.89
OUT_16971,917.08
OUT_16972,129.34
OUT_16973,96.44
OUT_16974,294.94
OUT_16975,299.95
OUT_16976,104.88
OUT_16977,927.56
OUT_16978,108.55
OUT_16979,104.56
OUT_16980,128.29
OUT_16981,103.04
OUT_16982,108.68
OUT_16983,344.35
OUT_16984,124.13
OUT_16985,314.45
OUT_16986,2023.27
OUT_16987,283.91
OUT_16988,311.67
OUT_16989,338.98
OUT_16990,1970.97
OUT_16991,336.14
OUT_16992,111.63
OUT_16993,91.42
OUT_16994,293.08
OUT_16995,107.69
OUT_16996,299.86
OUT_16997,220.88
OUT_16998,122.75
OUT_16999,316.89
OUT_17000,91.78
OUT_17001,104.23
OUT_17002,302.76
OUT_17003,107.1
OUT_17004,336.14
OUT_17005,346.04
OUT_17006,309.18
OUT_17007,366.35
OUT_17008,1082.09
OUT_17009,2248.35
OUT_17010,2209.52
OUT_17011,117.15
OUT_17012,101.6
OUT_17013,127.61
OUT_17014,2110.43
OUT_17015,361.62
OUT_17016,171.34
OUT_17017,136.71
OUT_17018,99.74
OUT_17019,345.92
OUT_17020,140.55
OUT_17021,972.28
OUT_17022,140.74
OUT_17023,128.29
OUT_17024,89.42
OUT_17025,962.13
OUT_17026,104.1
OUT_17027,103.14
OUT_17028,959.57
OUT_17029,108.22
OUT_17030,147.57
OUT_17031,85.64
OUT_17032,141.67
OUT_17033,115.15
OUT_17034,265.34
OUT_17035,122.25
OUT_17036,139.23
OUT_17037,332.84
OUT_17038,102.76
OUT_17039,342.8
OUT_17040,108.78
OUT_17041,378.84
OUT_17042,94.22
OUT_17043,106.14
OUT_17044,1129.14
OUT_17045,166.51
OUT_17046,72.6
OUT_17047,958.56
OUT_17048,107.84
OUT_17049,2337.96
OUT_17050,274.25
OUT_17051,118.55
OUT_17052,147.74
OUT_17053,328.51
OUT_17054,281.72
OUT_17055,131.44
OUT_17056,405.96
OUT_17057,302.29
OUT_17058,1184.63
OUT_17059,323.33
OUT_17060,150.41
OUT_17061,381.12
OUT_17062,135.92
OUT_17063,107.68
OUT_17064,352.44
OUT_17065,125.41
OUT_17066,997.21
OUT_17067,2116.66
OUT_17068,338.5
OUT_17069,247.26
OUT_17070,330.9
OUT_17071,2387.37
OUT_17072,162.11
OUT_17073,321.36
OUT_17074,293.89
OUT_17075,121.9
OUT_17076,91.0
OUT_17077,100.3
OUT_17078,1056.83
OUT_17079,110.0
OUT_17080,277.16
OUT_17081,122.66
OUT_17082,2087.9
OUT_17083,118.82
OUT_17084,116.91
OUT_17085,1284.84
OUT_17086,125.52
OUT_17087,1009.23
OUT_17088,1004.69
OUT_17089,120.94
OUT_17090,85.88
OUT_17091,126.4
OUT_17092,960.95
OUT_17093,123.13
OUT_17094,152.42
OUT_17095,314.48
OUT_17096,101.04
OUT_17097,87.49
OUT_17098,312.88
OUT_17099,408.23
OUT_17100,309.44
OUT_17101,995.2
OUT_17102,336.16
OUT_17103,136.74
OUT_17104,301.49
OUT_17105,78.67
OUT_17106,95.17
OUT_17107,416.96
OUT_17108,126.34
OUT_17109,118.74
OUT_17110,1026.1
OUT_17111,351.37
OUT_17112,106.3
OUT_17113,148.35
OUT_17114,153.96
OUT_17115,175.95
OUT_17116,128.81
OUT_17117,115.37
OUT_17118,110.39
OUT_17119,355.04
OUT_17120,131.03
OUT_17121,1090.65
OUT_17122,252.97
OUT_17123,1285.19
OUT_17124,911.78
OUT_17125,349.72
OUT_17126,118.77
OUT_17127,110.98
OUT_17128,131.37
OUT_17129,1059.16
OUT_17130,90.12
OUT_17131,2318.44
OUT_17132,124.91
OUT_17133,95.6
OUT_17134,153.64
OUT_17135,360.94
OUT_17136,425.73
OUT_17137,328.43
OUT_17138,152.03
OUT_17139,129.41
OUT_17140,271.82
OUT_17141,341.42
OUT_17142,365.49
OUT_17143,328.61
OUT_17144,281.9
OUT_17145,96.89
OUT_17146,116.6
OUT_17147,142.09
OUT_17148,323.62
OUT_17149,301.67
OUT_17150,133.69
OUT_17151,93.59
OUT_17152,370.84
OUT_17153,2166.93
OUT_17154,117.66
OUT_17155,136.92
OUT_17156,140.97
OUT_17157,342.76
OUT_17158,365.61
OUT_17159,317.63
OUT_17160,997.26
OUT_17161,354.69
OUT_17162,1190.49
OUT_17163,99.54
OUT_17164,115.02
OUT_17165,132.56
OUT_17166,122.71
OUT_17167,992.51
OUT_17168,77.09
OUT_17169,143.84
OUT_17170,123.4
OUT_17171,148.97
OUT_17172,958.52
OUT_17173,304.53
OUT_17174,90.94
OUT_17175,2317.31
OUT_17176,101.09
OUT_17177,308.76
OUT_17178,1164.24
OUT_17179,254.9
OUT_17180,142.31
OUT_17181,110.98
OUT_17182,112.63
OUT_17183,931.32
OUT_17184,131.95
OUT_17185,126.0
OUT_17186,411.06
OUT_17187,2494.83
OUT_17188,145.4
OUT_17189,346.28
OUT_17190,125.61
OUT_17191,142.36
OUT_17192,905.31
OUT_17193,315.89
OUT_17194,343.54
OUT_17195,137.41
OUT_17196,116.28
OUT_17197,112.03
OUT_17198,409.07
OUT_17199,131.09
OUT_17200,395.16
OUT_17201,367.57
OUT_17202,320.29
OUT_17203,117.78
OUT_17204,290.62
OUT_17205,76.81
OUT_17206,349.19
OUT_17207,1057.05
OUT_17208,949.32
OUT_17209,114.6
OUT_17210,157.64
OUT_17211,141.64
OUT_17212,149.65
OUT_17213,146.81
OUT_17214,373.77
OUT_17215,350.96
OUT_17216,2249.47
OUT_17217,129.15
OUT_17218,125.24
OUT_17219,126.0
OUT_17220,125.42
OUT_17221,98.92
OUT_17222,312.13
OUT_17223,125.95
OUT_17224,280.89
OUT_17225,344.33
OUT_17226,141.62
OUT_17227,88.33
OUT_17228,144.06
OUT_17229,119.63
OUT_17230,83.76
OUT_17231,1022.17
OUT_17232,900.12
OUT_17233,329.18
OUT_17234,367.84
OUT_17235,149.79
OUT_17236,133.95
OUT_17237,136.62
OUT_17238,100.45
OUT_17239,400.19
OUT_17240,327.62
OUT_17241,328.37
OUT_17242,297.31
OUT_17243,76.64
OUT_17244,183.38
OUT_17245,382.46
OUT_17246,353.88
OUT_17247,313.88
OUT_17248,313.99
OUT_17249,99.68
OUT_17250,326.95
OUT_17251,156.97
OUT_17252,148.13
OUT_17253,316.68
OUT_17254,130.54
OUT_17255,162.33
OUT_17256,99.66
OUT_17257,346.21
OUT_17258,145.21
OUT_17259,312.9
OUT_17260,312.43
OUT_17261,83.28
OUT_17262,143.53
OUT_17263,1011.3
OUT_17264,120.19
OUT_17265,136.8
OUT_17266,103.28
OUT_17267,150.64
OUT_17268,118.33
OUT_17269,347.47
OUT_17270,1186.65
OUT_17271,92.76
OUT_17272,351.71
OUT_17273,341.22
OUT_17274,148.68
OUT_17275,416.57
OUT_17276,305.59
OUT_17277,368.99
OUT_17278,110.74
OUT_17279,86.6
OUT_17280,2217.4
OUT_17281,129.06
OUT_17282,295.84
OUT_17283,154.36
OUT_17284,128.74
OUT_17285,304.16
OUT_17286,151.29
OUT_17287,107.15
OUT_17288,100.28
OUT_17289,315.39
OUT_17290,92.98
OUT_17291,140.38
OUT_17292,157.77
OUT_17293,434.29
OUT_17294,158.72
OUT_17295,120.22
OUT_17296,152.48
OUT_17297,115.32
OUT_17298,119.28
OUT_17299,92.68
OUT_17300,121.96
OUT_17301,1027.21
OUT_17302,321.65
OUT_17303,328.76
OUT_17304,957.04
OUT_17305,351.4
OUT_17306,92.84
OUT_17307,378.68
OUT_17308,285.71
OUT_17309,153.34
OUT_17310,142.45
OUT_17311,107.29
OUT_17312,975.53
OUT_17313,120.85
OUT_17314,919.84
OUT_17315,940.7
OUT_17316,89.88
OUT_17317,336.37
OUT_17318,1101.84
OUT_17319,138.77
OUT_17320,324.47
OUT_17321,1166.9
OUT_17322,354.44
OUT_17323,293.23
OUT_17324,1043.47
OUT_17325,344.89
OUT_17326,2118.54
OUT_17327,121.73
OUT_17328,339.57
OUT_17329,975.99
OUT_17330,126.24
OUT_17331,96.73
OUT_17332,121.72
OUT_17333,193.73
OUT_17334,983.6
OUT_17335,120.89
OUT_17336,131.58
OUT_17337,109.04
OUT_17338,289.83
OUT_17339,315.78
OUT_17340,129.2
OUT_17341,87.28
OUT_17342,388.75
OUT_17343,435.0
OUT_17344,106.18
OUT_17345,996.01
OUT_17346,139.6
OUT_17347,126.43
OUT_17348,1036.41
OUT_17349,106.77
OUT_17350,1279.75
OUT_17351,151.12
OUT_17352,111.11
OUT_17353,116.07
OUT_17354,918.87
OUT_17355,81.03
OUT_17356,140.36
OUT_17357,147.92
OUT_17358,116.85
OUT_17359,93.84
OUT_17360,143.49
OUT_17361,116.52
OUT_17362,338.04
OUT_17363,163.62
OUT_17364,338.52
OUT_17365,105.09
OUT_17366,994.01
OUT_17367,155.07
OUT_17368,119.28
OUT_17369,150.09
OUT_17370,124.3
OUT_17371,2518.12
OUT_17372,1075.57
OUT_17373,351.79
OUT_17374,1207.46
OUT_17375,120.18
OUT_17376,136.87
OUT_17377,89.24
OUT_17378,1223.95
OUT_17379,97.81
OUT_17380,111.6
OUT_17381,118.29
OUT_17382,98.77
OUT_17383,172.25
OUT_17384,83.82
OUT_17385,320.66
OUT_17386,317.59
OUT_17387,141.23
OUT_17388,138.89
OUT_17389,2385.32
OUT_17390,100.33
OUT_17391,122.01
OUT_17392,929.83
OUT_17393,100.94
OUT_17394,268.71
OUT_17395,98.27
OUT_17396,319.84
OUT_17397,316.88
OUT_17398,142.58
OUT_17399,126.37
OUT_17400,311.87
OUT_17401,136.58
OUT_17402,314.68
OUT_17403,314.08
OUT_17404,369.09
OUT_17405,1093.86
OUT_17406,79.03
OUT_17407,135.88
OUT_17408,943.16
OUT_17409,107.68
OUT_17410,126.38
OUT_17411,150.07
OUT_17412,119.57
OUT_17413,404.85
OUT_17414,342.68
OUT_17415,331.24
OUT_17416,983.17
OUT_17417,80.87
OUT_17418,363.87
OUT_17419,331.8
OUT_17420,336.56
OUT_17421,156.77
OUT_17422,1090.16
OUT_17423,998.55
OUT_17424,2139.42
OUT_17425,2673.62
OUT_17426,132.59
OUT_17427,211.61
OUT_17428,124.88
OUT_17429,136.77
OUT_17430,965.2
OUT_17431,149.53
OUT_17432,283.72
OUT_17433,966.91
OUT_17434,113.42
OUT_17435,1008.44
OUT_17436,982.73
OUT_17437,2119.24
OUT_17438,155.24
OUT_17439,103.57
OUT_17440,934.68
OUT_17441,142.25
OUT_17442,96.5
OUT_17443,307.69
OUT_17444,100.48
OUT_17445,110.58
OUT_17446,273.02
OUT_17447,909.59
OUT_17448,160.02
OUT_17449,159.39
OUT_17450,323.49
OUT_17451,318.0
OUT_17452,131.13
OUT_17453,342.24
OUT_17454,142.38
OUT_17455,165.16
OUT_17456,129.53
OUT_17457,967.03
OUT_17458,128.38
OUT_17459,957.82
OUT_17460,328.38
OUT_17461,121.1
OUT_17462,112.19
OUT_17463,262.15
OUT_17464,339.52
OUT_17465,151.84
OUT_17466,138.17
OUT_17467,139.82
OUT_17468,399.1
OUT_17469,157.66
OUT_17470,160.34
OUT_17471,319.36
OUT_17472,157.02
OUT_17473,328.17
OUT_17474,1061.6
OUT_17475,126.08
OUT_17476,362.45
OUT_17477,1238.76
OUT_17478,1173.45
OUT_17479,148.33
OUT_17480,117.67
OUT_17481,111.56
OUT_17482,177.79
OUT_17483,381.77
OUT_17484,349.08
OUT_17485,157.24
OUT_17486,145.64
OUT_17487,124.25
OUT_17488,127.75
OUT_17489,167.31
OUT_17490,152.21
OUT_17491,298.86
OUT_17492,947.01
OUT_17493,105.21
OUT_17494,1031.24
OUT_17495,1055.22
OUT_17496,153.92
OUT_17497,84.31
OUT_17498,131.33
OUT_17499,112.09
OUT_17500,341.58
OUT_17501,298.14
OUT_17502,326.68
OUT_17503,103.43
OUT_17504,80.25
OUT_17505,161.19
OUT_17506,1000.17
OUT_17507,90.43
OUT_17508,1053.08
OUT_17509,78.73
OUT_17510,108.23
OUT_17511,136.14
OUT_17512,137.98
OUT_17513,103.74
OUT_17514,104.5
OUT_17515,105.43
OUT_17516,380.88
OUT_17517,124.26
OUT_17518,106.74
OUT_17519,380.31
OUT_17520,266.12
OUT_17521,294.66
OUT_17522,1163.43
OUT_17523,137.33
OUT_17524,1167.98
OUT_17525,156.09
OUT_17526,330.92
OUT_17527,267.7
OUT_17528,295.56
OUT_17529,121.51
OUT_17530,964.92
OUT_17531,156.77
OUT_17532,966.41
OUT_17533,97.43
OUT_17534,85.04
OUT_17535,328.47
OUT_17536,122.48
OUT_17537,105.96
OUT_17538,356.7
OUT_17539,144.12
OUT_17540,1126.24
OUT_17541,113.0
OUT_17542,294.98
OUT_17543,116.8
OUT_17544,149.85
OUT_17545,133.64
OUT_17546,143.92
OUT_17547,77.8
OUT_17548,145.13
OUT_17549,2227.71
OUT_17550,262.92
OUT_17551,104.31
OUT_17552,179.28
OUT_17553,149.99
OUT_17554,295.84
OUT_17555,121.02
OUT_17556,307.29
OUT_17557,110.72
OUT_17558,111.02
OUT_17559,333.57
OUT_17560,121.95
OUT_17561,108.31
OUT_17562,140.13
OUT_17563,145.19
OUT_17564,126.46
OUT_17565,104.85
OUT_17566,366.54
OUT_17567,315.68
OUT_17568,326.93
OUT_17569,166.47
OUT_17570,193.19
OUT_17571,106.73
OUT_17572,334.44
OUT_17573,126.56
OUT_17574,981.47
OUT_17575,100.45
OUT_17576,127.79
OUT_17577,333.02
OUT_17578,139.52
OUT_17579,256.6
OUT_17580,116.09
OUT_17581,944.45
OUT_17582,108.08
OUT_17583,355.88
OUT_17584,1311.86
OUT_17585,1007.9
OUT_17586,154.02
OUT_17587,290.13
OUT_17588,106.56
OUT_17589,316.68
OUT_17590,139.0
OUT_17591,121.91
OUT_17592,82.58
OUT_17593,130.21
OUT_17594,155.56
OUT_17595,129.68
OUT_17596,950.97
OUT_17597,151.67
OUT_17598,2152.66
OUT_17599,141.14
OUT_17600,146.29
OUT_17601,1031.67
OUT_17602,961.66
OUT_17603,347.18
OUT_17604,1102.12
OUT_17605,284.16
OUT_17606,2349.49
OUT_17607,957.18
OUT_17608,106.34
OUT_17609,131.13
OUT_17610,824.22
OUT_17611,158.71
OUT_17612,131.08
OUT_17613,290.25
OUT_17614,340.07
OUT_17615,360.98
OUT_17616,86.08
OUT_17617,157.15
OUT_17618,2445.58
OUT_17619,349.62
OUT_17620,114.59
OUT_17621,950.3
OUT_17622,985.48
OUT_17623,131.9
OUT_17624,301.16
OUT_17625,359.41
OUT_17626,107.66
OUT_17627,129.26
OUT_17628,100.23
OUT_17629,974.42
OUT_17630,370.56
OUT_17631,85.01
OUT_17632,327.0
OUT_17633,162.12
OUT_17634,146.61
OUT_17635,155.62
OUT_17636,967.81
OUT_17637,79.73
OUT_17638,101.79
OUT_17639,134.38
OUT_17640,241.74
OUT_17641,116.38
OUT_17642,115.75
OUT_17643,84.92
OUT_17644,123.88
OUT_17645,310.37
OUT_17646,1072.34
OUT_17647,115.75
OUT_17648,80.05
OUT_17649,123.04
OUT_17650,156.59
OUT_17651,1241.18
OUT_17652,2238.67
OUT_17653,342.4
OUT_17654,315.49
OUT_17655,134.68
OUT_17656,1050.6
OUT_17657,125.09
OUT_17658,109.22
OUT_17659,351.08
OUT_17660,1092.27
OUT_17661,981.9
OUT_17662,1118.31
OUT_17663,156.13
OUT_17664,912.21
OUT_17665,131.53
OUT_17666,134.63
OUT_17667,1134.9
OUT_17668,1117.08
OUT_17669,138.73
OUT_17670,129.24
OUT_17671,298.54
OUT_17672,156.39
OUT_17673,1033.75
OUT_17674,145.97
OUT_17675,325.24
OUT_17676,419.64
OUT_17677,961.43
OUT_17678,118.99
OUT_17679,315.08
OUT_17680,154.96
OUT_17681,120.94
OUT_17682,155.55
OUT_17683,399.76
OUT_17684,118.19
OUT_17685,271.96
OUT_17686,136.05
OUT_17687,2609.33
OUT_17688,365.35
OUT_17689,146.03
OUT_17690,86.92
OUT_17691,117.75
OUT_17692,193.91
OUT_17693,125.08
OUT_17694,1340.76
OUT_17695,102.92
OUT_17696,328.92
OUT_17697,243.01
OUT_17698,2076.45
OUT_17699,288.15
OUT_17700,111.56
OUT_17701,121.95
OUT_17702,114.38
OUT_17703,285.83
OUT_17704,126.6
OUT_17705,144.09
OUT_17706,79.95
OUT_17707,1007.12
OUT_17708,138.27
OUT_17709,365.43
OUT_17710,109.81
OUT_17711,135.45
OUT_17712,126.78
OUT_17713,152.07
OUT_17714,115.2
OUT_17715,106.32
OUT_17716,105.18
OUT_17717,1045.53
OUT_17718,1068.02
OUT_17719,131.52
OUT_17720,329.93
OUT_17721,257.83
OUT_17722,144.0
OUT_17723,120.73
OUT_17724,120.76
OUT_17725,149.38
OUT_17726,2478.29
OUT_17727,369.22
OUT_17728,104.6
OUT_17729,291.14
OUT_17730,106.68
OUT_17731,146.65
OUT_17732,315.14
OUT_17733,150.76
OUT_17734,143.51
OUT_17735,340.11
OUT_17736,1109.23
OUT_17737,1047.08
OUT_17738,1000.75
OUT_17739,965.69
OUT_17740,293.17
OUT_17741,333.59
OUT_17742,307.11
OUT_17743,129.66
OUT_17744,321.56
OUT_17745,91.64
OUT_17746,127.26
OUT_17747,121.55
OUT_17748,170.06
OUT_17749,165.25
OUT_17750,171.88
OUT_17751,114.92
OUT_17752,961.59
OUT_17753,356.22
OUT_17754,2365.84
OUT_17755,326.13
OUT_17756,320.79
OUT_17757,162.88
OUT_17758,133.05
OUT_17759,79.31
OUT_17760,147.64
OUT_17761,1035.87
OUT_17762,285.64
OUT_17763,332.14
OUT_17764,322.04
OUT_17765,112.38
OUT_17766,143.5
OUT_17767,90.82
OUT_17768,152.61
OUT_17769,2328.57
OUT_17770,988.47
OUT_17771,298.81
OUT_17772,118.53
OUT_17773,128.37
OUT_17774,139.57
OUT_17775,372.25
OUT_17776,931.39
OUT_17777,392.24
OUT_17778,1168.89
OUT_17779,89.01
OUT_17780,281.18
OUT_17781,184.67
OUT_17782,343.34
OUT_17783,966.47
OUT_17784,116.95
OUT_17785,135.3
OUT_17786,268.99
OUT_17787,132.42
OUT_17788,146.47
OUT_17789,146.31
OUT_17790,123.43
OUT_17791,1202.69
OUT_17792,301.96
OUT_17793,137.86
OUT_17794,159.29
OUT_17795,132.98
OUT_17796,143.2
OUT_17797,104.44
OUT_17798,143.07
OUT_17799,110.53
OUT_17800,995.79
OUT_17801,289.65
OUT_17802,351.74
OUT_17803,152.45
OUT_17804,130.16
OUT_17805,2285.17
OUT_17806,104.06
OUT_17807,72.9
OUT_17808,268.1
OUT_17809,395.83
OUT_17810,138.93
OUT_17811,325.09
OUT_17812,104.18
OUT_17813,122.75
OUT_17814,119.96
OUT_17815,993.46
OUT_17816,159.51
OUT_17817,128.25
OUT_17818,1074.26
OUT_17819,121.0
OUT_17820,939.0
OUT_17821,151.23
OUT_17822,92.14
OUT_17823,140.66
OUT_17824,339.18
OUT_17825,128.32
OUT_17826,344.7
OUT_17827,1025.48
OUT_17828,135.82
OUT_17829,105.25
OUT_17830,1178.95
OUT_17831,1012.64
OUT_17832,135.49
OUT_17833,144.83
OUT_17834,269.27
OUT_17835,339.34
OUT_17836,2415.7
OUT_17837,149.46
OUT_17838,926.17
OUT_17839,946.35
OUT_17840,89.89
OUT_17841,138.67
OUT_17842,114.69
OUT_17843,2377.85
OUT_17844,354.69
OUT_17845,1019.27
OUT_17846,312.17
OUT_17847,309.91
OUT_17848,166.3
OUT_17849,297.83
OUT_17850,155.2
OUT_17851,311.64
OUT_17852,317.99
OUT_17853,333.77
OUT_17854,2486.3
OUT_17855,980.23
OUT_17856,955.13
OUT_17857,123.75
OUT_17858,388.38
OUT_17859,313.21
OUT_17860,93.8
OUT_17861,114.44
OUT_17862,133.15
OUT_17863,130.98
OUT_17864,121.41
OUT_17865,147.45
OUT_17866,128.29
OUT_17867,333.87
OUT_17868,144.21
OUT_17869,314.17
OUT_17870,133.84
OUT_17871,302.9
OUT_17872,142.31
OUT_17873,157.98
OUT_17874,155.2
OUT_17875,307.46
OUT_17876,314.07
OUT_17877,76.6
OUT_17878,307.68
OUT_17879,138.91
OUT_17880,2389.32
OUT_17881,153.84
OUT_17882,304.0
OUT_17883,349.01
OUT_17884,1122.16
OUT_17885,162.68
OUT_17886,335.87
OUT_17887,143.36
OUT_17888,102.73
OUT_17889,368.88
OUT_17890,122.31
OUT_17891,1058.16
OUT_17892,113.92
OUT_17893,161.16
OUT_17894,77.59
OUT_17895,156.25
OUT_17896,142.14
OUT_17897,104.79
OUT_17898,80.67
OUT_17899,339.1
OUT_17900,133.47
OUT_17901,115.67
OUT_17902,923.96
OUT_17903,121.72
OUT_17904,167.49
OUT_17905,91.43
OUT_17906,1057.58
OUT_17907,342.55
OUT_17908,107.26
OUT_17909,88.97
OUT_17910,2412.79
OUT_17911,119.76
OUT_17912,356.09
OUT_17913,96.64
OUT_17914,113.69
OUT_17915,126.81
OUT_17916,90.11
OUT_17917,123.94
OUT_17918,942.9
OUT_17919,106.0
OUT_17920,153.24
OUT_17921,91.7
OUT_17922,186.5
OUT_17923,2489.81
OUT_17924,143.47
OUT_17925,73.37
OUT_17926,304.86
OUT_17927,325.53
OUT_17928,133.94
OUT_17929,105.71
OUT_17930,139.91
OUT_17931,137.43
OUT_17932,138.69
OUT_17933,1041.56
OUT_17934,347.69
OUT_17935,373.58
OUT_17936,1014.75
OUT_17937,318.11
OUT_17938,104.68
OUT_17939,126.27
OUT_17940,120.4
OUT_17941,114.14
OUT_17942,169.14
OUT_17943,164.39
OUT_17944,1150.72
OUT_17945,101.26
OUT_17946,143.96
OUT_17947,955.72
OUT_17948,128.23
OUT_17949,158.96
OUT_17950,135.34
OUT_17951,122.47
OUT_17952,108.23
OUT_17953,100.23
OUT_17954,132.63
OUT_17955,1070.73
OUT_17956,292.62
OUT_17957,345.86
OUT_17958,130.35
OUT_17959,134.78
OUT_17960,129.9
OUT_17961,114.07
OUT_17962,146.42
OUT_17963,333.39
OUT_17964,278.86
OUT_17965,104.82
OUT_17966,140.78
OUT_17967,933.13
OUT_17968,127.3
OUT_17969,116.7
OUT_17970,106.01
OUT_17971,94.92
OUT_17972,402.08
OUT_17973,980.42
OUT_17974,156.88
OUT_17975,1079.24
OUT_17976,143.54
OUT_17977,90.77
OUT_17978,137.73
OUT_17979,1003.38
OUT_17980,130.17
OUT_17981,126.1
OUT_17982,135.18
OUT_17983,2475.14
OUT_17984,79.9
OUT_17985,75.99
OUT_17986,1239.45
OUT_17987,1035.45
OUT_17988,945.58
OUT_17989,2307.56
OUT_17990,142.21
OUT_17991,323.24
OUT_17992,123.96
OUT_17993,121.94
OUT_17994,340.15
OUT_17995,1006.88
OUT_17996,119.0
OUT_17997,124.22
OUT_17998,107.37
OUT_17999,141.05
OUT_18000,125.0
OUT_18001,131.5
OUT_18002,120.35
OUT_18003,109.25
OUT_18004,339.08
OUT_18005,103.55
OUT_18006,901.47
OUT_18007,126.2
OUT_18008,163.65
OUT_18009,168.83
OUT_18010,172.0
OUT_18011,1104.0
OUT_18012,1060.7
OUT_18013,143.55
OUT_18014,145.9
OUT_18015,321.71
OUT_18016,115.86
OUT_18017,1006.3
OUT_18018,891.53
OUT_18019,123.33
OUT_18020,368.27
OUT_18021,140.26
OUT_18022,2199.86
OUT_18023,2524.66
OUT_18024,111.3
OUT_18025,350.16
OUT_18026,330.36
OUT_18027,338.51
OUT_18028,335.54
OUT_18029,2261.65
OUT_18030,106.79
OUT_18031,325.83
OUT_18032,106.55
OUT_18033,290.54
OUT_18034,287.19
OUT_18035,1006.41
OUT_18036,1134.01
OUT_18037,132.88
OUT_18038,154.69
OUT_18039,89.38
OUT_18040,335.95
OUT_18041,132.03
OUT_18042,135.69
OUT_18043,147.87
OUT_18044,314.33
OUT_18045,344.97
OUT_18046,287.89
OUT_18047,132.71
OUT_18048,117.03
OUT_18049,115.03
OUT_18050,1000.33
OUT_18051,252.78
OUT_18052,123.63
OUT_18053,377.88
OUT_18054,108.3
OUT_18055,2295.54
OUT_18056,96.82
OUT_18057,150.33
OUT_18058,332.84
OUT_18059,91.91
OUT_18060,967.08
OUT_18061,334.89
OUT_18062,282.34
OUT_18063,125.18
OUT_18064,95.05
OUT_18065,128.49
OUT_18066,61.97
OUT_18067,300.71
OUT_18068,359.16
OUT_18069,146.73
OUT_18070,92.56
OUT_18071,2185.58
OUT_18072,1034.97
OUT_18073,367.83
OUT_18074,126.81
OUT_18075,307.79
OUT_18076,125.9
OUT_18077,90.85
OUT_18078,416.63
OUT_18079,168.14
OUT_18080,89.16
OUT_18081,118.94
OUT_18082,132.86
OUT_18083,151.31
OUT_18084,113.23
OUT_18085,308.79
OUT_18086,1132.55
OUT_18087,345.04
OUT_18088,109.0
OUT_18089,118.03
OUT_18090,258.26
OUT_18091,336.46
OUT_18092,299.91
OUT_18093,275.69
OUT_18094,336.13
OUT_18095,406.92
OUT_18096,130.55
OUT_18097,126.19
OUT_18098,128.42
OUT_18099,1009.34
OUT_18100,386.63
OUT_18101,130.08
OUT_18102,367.83
OUT_18103,146.03
OUT_18104,386.19
OUT_18105,115.92
OUT_18106,429.27
OUT_18107,143.76
OUT_18108,325.18
OUT_18109,118.09
OUT_18110,1023.24
OUT_18111,107.54
OUT_18112,115.23
OUT_18113,108.95
OUT_18114,135.98
OUT_18115,87.34
OUT_18116,103.1
OUT_18117,294.43
OUT_18118,93.26
OUT_18119,76.73
OUT_18120,158.97
OUT_18121,135.89
OUT_18122,143.1
OUT_18123,329.81
OUT_18124,149.61
OUT_18125,2587.98
OUT_18126,152.5
OUT_18127,113.26
OUT_18128,2392.73
OUT_18129,160.25
OUT_18130,1079.82
OUT_18131,307.1
OUT_18132,132.94
OUT_18133,136.26
OUT_18134,144.52
OUT_18135,168.19
OUT_18136,271.99
OUT_18137,104.71
OUT_18138,137.87
OUT_18139,97.51
OUT_18140,157.29
OUT_18141,925.7
OUT_18142,113.1
OUT_18143,81.72
OUT_18144,344.04
OUT_18145,320.1
OUT_18146,364.57
OUT_18147,144.43
OUT_18148,103.62
OUT_18149,1112.44
OUT_18150,1013.2
OUT_18151,138.26
OUT_18152,301.25
OUT_18153,263.48
OUT_18154,355.48
OUT_18155,413.84
OUT_18156,364.71
OUT_18157,1091.67
OUT_18158,983.48
OUT_18159,80.18
OUT_18160,1196.4
OUT_18161,104.92
OUT_18162,111.37
OUT_18163,934.93
OUT_18164,130.55
OUT_18165,110.72
OUT_18166,2348.65
OUT_18167,978.54
OUT_18168,94.72
OUT_18169,141.28
OUT_18170,975.59
OUT_18171,83.49
OUT_18172,1059.23
OUT_18173,278.37
OUT_18174,310.66
OUT_18175,296.36
OUT_18176,154.84
OUT_18177,84.13
OUT_18178,150.83
OUT_18179,339.02
OUT_18180,130.21
OUT_18181,98.74
OUT_18182,160.06
OUT_18183,364.3
OUT_18184,145.63
OUT_18185,403.36
OUT_18186,272.55
OUT_18187,1000.84
OUT_18188,118.77
OUT_18189,378.2
OUT_18190,145.54
OUT_18191,1236.22
OUT_18192,322.58
OUT_18193,125.38
OUT_18194,396.76
OUT_18195,409.19
OUT_18196,122.79
OUT_18197,152.06
OUT_18198,88.25
OUT_18199,148.2
OUT_18200,365.44
OUT_18201,164.7
OUT_18202,277.01
OUT_18203,939.39
OUT_18204,327.82
OUT_18205,108.97
OUT_18206,146.99
OUT_18207,1054.93
OUT_18208,294.4
OUT_18209,2186.05
OUT_18210,1051.96
OUT_18211,288.46
OUT_18212,119.99
OUT_18213,134.71
OUT_18214,147.65
OUT_18215,276.9
OUT_18216,317.0
OUT_18217,303.81
OUT_18218,951.65
OUT_18219,161.93
OUT_18220,940.21
OUT_18221,306.19
OUT_18222,310.16
OUT_18223,989.75
OUT_18224,314.86
OUT_18225,126.38
OUT_18226,957.5
OUT_18227,336.17
OUT_18228,147.4
OUT_18229,147.78
OUT_18230,124.96
OUT_18231,126.65
OUT_18232,92.49
OUT_18233,68.26
OUT_18234,1195.4
OUT_18235,117.51
OUT_18236,127.95
OUT_18237,105.09
OUT_18238,130.55
OUT_18239,104.21
OUT_18240,975.19
OUT_18241,2312.78
OUT_18242,1223.03
OUT_18243,156.35
OUT_18244,157.02
OUT_18245,325.72
OUT_18246,325.36
OUT_18247,150.72
OUT_18248,331.81
OUT_18249,304.82
OUT_18250,161.67
OUT_18251,124.2
OUT_18252,179.47
OUT_18253,118.1
OUT_18254,938.13
OUT_18255,88.99
OUT_18256,179.16
OUT_18257,1106.45
OUT_18258,113.92
OUT_18259,123.27
OUT_18260,125.53
OUT_18261,96.05
OUT_18262,86.59
OUT_18263,933.55
OUT_18264,968.65
OUT_18265,370.31
OUT_18266,150.04
OUT_18267,989.0
OUT_18268,98.42
OUT_18269,103.49
OUT_18270,119.91
OUT_18271,112.16
OUT_18272,65.03
OUT_18273,152.02
OUT_18274,333.21
OUT_18275,1238.14
OUT_18276,144.34
OUT_18277,124.09
OUT_18278,146.77
OUT_18279,2499.84
OUT_18280,88.74
OUT_18281,345.72
OUT_18282,87.45
OUT_18283,141.72
OUT_18284,145.04
OUT_18285,283.79
OUT_18286,930.84
OUT_18287,294.98
OUT_18288,132.81
OUT_18289,317.46
OUT_18290,932.29
OUT_18291,917.21
OUT_18292,91.33
OUT_18293,960.99
OUT_18294,100.43
OUT_18295,128.35
OUT_18296,1118.78
OUT_18297,409.17
OUT_18298,125.68
OUT_18299,301.13
OUT_18300,320.11
OUT_18301,124.68
OUT_18302,101.39
OUT_18303,127.19
OUT_18304,126.92
OUT_18305,1103.03
OUT_18306,384.92
OUT_18307,109.84
OUT_18308,278.35
OUT_18309,424.3
OUT_18310,330.26
OUT_18311,85.43
OUT_18312,165.08
OUT_18313,327.59
OUT_18314,955.69
OUT_18315,77.65
OUT_18316,79.89
OUT_18317,357.15
OUT_18318,86.83
OUT_18319,315.13
OUT_18320,152.28
OUT_18321,1019.37
OUT_18322,369.9
OUT_18323,318.35
OUT_18324,353.41
OUT_18325,127.14
OUT_18326,111.8
OUT_18327,165.83
OUT_18328,101.54
OUT_18329,135.95
OUT_18330,1023.59
OUT_18331,1062.7
OUT_18332,136.37
OUT_18333,135.33
OUT_18334,910.24
OUT_18335,350.37
OUT_18336,156.97
OUT_18337,922.85
OUT_18338,2098.33
OUT_18339,364.67
OUT_18340,140.13
OUT_18341,407.51
OUT_18342,359.15
OUT_18343,335.63
OUT_18344,219.42
OUT_18345,166.76
OUT_18346,320.83
OUT_18347,145.87
OUT_18348,127.73
OUT_18349,120.22
OUT_18350,117.75
OUT_18351,140.94
OUT_18352,2252.41
OUT_18353,79.84
OUT_18354,341.21
OUT_18355,68.87
OUT_18356,108.96
OUT_18357,97.0
OUT_18358,940.16
OUT_18359,106.86
OUT_18360,98.16
OUT_18361,310.09
OUT_18362,330.55
OUT_18363,289.74
OUT_18364,104.0
OUT_18365,324.77
OUT_18366,320.43
OUT_18367,138.03
OUT_18368,1198.56
OUT_18369,365.88
OUT_18370,115.45
OUT_18371,151.74
OUT_18372,125.03
OUT_18373,84.59
OUT_18374,123.68
OUT_18375,77.99
OUT_18376,138.03
OUT_18377,2296.36
OUT_18378,339.7
OUT_18379,125.01
OUT_18380,305.48
OUT_18381,96.35
OUT_18382,895.51
OUT_18383,1227.01
OUT_18384,104.45
OUT_18385,103.15
OUT_18386,109.7
OUT_18387,1097.7
OUT_18388,97.44
OUT_18389,89.06
OUT_18390,131.07
OUT_18391,322.09
OUT_18392,1015.91
OUT_18393,150.04
OUT_18394,334.1
OUT_18395,150.64
OUT_18396,150.1
OUT_18397,102.52
OUT_18398,973.97
OUT_18399,334.35
OUT_18400,98.67
OUT_18401,109.23
OUT_18402,97.4
OUT_18403,340.58
OUT_18404,161.28
OUT_18405,254.81
OUT_18406,128.82
OUT_18407,995.37
OUT_18408,2542.38
OUT_18409,306.61
OUT_18410,319.22
OUT_18411,298.25
OUT_18412,136.47
OUT_18413,1087.04
OUT_18414,413.16
OUT_18415,102.73
OUT_18416,376.07
OUT_18417,125.81
OUT_18418,119.42
OUT_18419,127.1
OUT_18420,334.44
OUT_18421,307.48
OUT_18422,308.66
OUT_18423,127.4
OUT_18424,119.69
OUT_18425,299.25
OUT_18426,119.05
OUT_18427,346.89
OUT_18428,132.48
OUT_18429,309.74
OUT_18430,94.44
OUT_18431,343.76
OUT_18432,143.35
OUT_18433,107.11
OUT_18434,143.34
OUT_18435,156.61
OUT_18436,180.21
OUT_18437,102.57
OUT_18438,91.05
OUT_18439,367.04
OUT_18440,964.35
OUT_18441,159.85
OUT_18442,100.34
OUT_18443,150.11
OUT_18444,293.28
OUT_18445,128.11
OUT_18446,354.24
OUT_18447,974.94
OUT_18448,87.49
OUT_18449,328.79
OUT_18450,141.1
OUT_18451,132.45
OUT_18452,2352.63
OUT_18453,133.35
OUT_18454,988.87
OUT_18455,135.06
OUT_18456,132.86
OUT_18457,128.23
OUT_18458,201.79
OUT_18459,332.16
OUT_18460,139.87
OUT_18461,341.61
OUT_18462,130.31
OUT_18463,140.2
OUT_18464,125.18
OUT_18465,111.53
OUT_18466,115.46
OUT_18467,111.63
OUT_18468,2383.41
OUT_18469,349.46
OUT_18470,105.12
OUT_18471,124.37
OUT_18472,105.02
OUT_18473,901.28
OUT_18474,118.42
OUT_18475,155.64
OUT_18476,273.42
OUT_18477,2418.7
OUT_18478,99.85
OUT_18479,2113.79
OUT_18480,113.45
OUT_18481,1038.61
OUT_18482,340.11
OUT_18483,121.77
OUT_18484,119.03
OUT_18485,430.41
OUT_18486,1204.75
OUT_18487,114.1
OUT_18488,148.98
OUT_18489,153.92
OUT_18490,81.68
OUT_18491,1045.34
OUT_18492,170.33
OUT_18493,133.26
OUT_18494,108.13
OUT_18495,132.75
OUT_18496,181.59
OUT_18497,341.34
OUT_18498,109.2
OUT_18499,127.6
OUT_18500,145.72
OUT_18501,2364.44
OUT_18502,1026.53
OUT_18503,78.14
OUT_18504,1013.38
OUT_18505,279.37
OUT_18506,302.34
OUT_18507,913.02
OUT_18508,301.88
OUT_18509,137.56
OUT_18510,147.62
OUT_18511,2248.84
OUT_18512,126.6
OUT_18513,100.06
OUT_18514,124.26
OUT_18515,145.35
OUT_18516,122.26
OUT_18517,129.0
OUT_18518,375.31
OUT_18519,148.7
OUT_18520,164.06
OUT_18521,333.2
OUT_18522,1128.06
OUT_18523,975.9
OUT_18524,361.03
OUT_18525,87.62
OUT_18526,163.01
OUT_18527,389.89
OUT_18528,130.88
OUT_18529,121.9
OUT_18530,142.77
OUT_18531,280.93
OUT_18532,961.19
OUT_18533,87.77
OUT_18534,121.78
OUT_18535,164.21
OUT_18536,109.45
OUT_18537,946.46
OUT_18538,509.31
OUT_18539,328.85
OUT_18540,98.97
OUT_18541,293.5
OUT_18542,902.71
OUT_18543,85.58
OUT_18544,112.58
OUT_18545,948.89
OUT_18546,324.17
OUT_18547,385.86
OUT_18548,367.15
OUT_18549,328.23
OUT_18550,120.68
OUT_18551,89.7
OUT_18552,139.32
OUT_18553,169.87
OUT_18554,363.87
OUT_18555,310.64
OUT_18556,1033.12
OUT_18557,127.78
OUT_18558,75.09
OUT_18559,251.2
OUT_18560,141.42
OUT_18561,117.22
OUT_18562,371.58
OUT_18563,133.18
OUT_18564,102.81
OUT_18565,113.86
OUT_18566,166.44
OUT_18567,295.78
OUT_18568,106.62
OUT_18569,340.36
OUT_18570,142.12
OUT_18571,64.07
OUT_18572,994.42
OUT_18573,351.28
OUT_18574,162.26
OUT_18575,288.99
OUT_18576,364.0
OUT_18577,266.81
OUT_18578,260.34
OUT_18579,259.62
OUT_18580,135.63
OUT_18581,339.59
OUT_18582,427.16
OUT_18583,122.05
OUT_18584,280.06
OUT_18585,116.35
OUT_18586,87.26
OUT_18587,325.14
OUT_18588,68.24
OUT_18589,1000.69
OUT_18590,104.57
OUT_18591,147.56
OUT_18592,141.21
OUT_18593,328.96
OUT_18594,89.63
OUT_18595,143.64
OUT_18596,126.79
OUT_18597,314.31
OUT_18598,125.13
OUT_18599,100.84
OUT_18600,147.98
OUT_18601,133.06
OUT_18602,368.48
OUT_18603,138.04
OUT_18604,1018.87
OUT_18605,169.02
OUT_18606,101.88
OUT_18607,973.2
OUT_18608,282.77
OUT_18609,159.44
OUT_18610,134.41
OUT_18611,405.67
OUT_18612,144.34
OUT_18613,132.28
OUT_18614,901.98
OUT_18615,106.37
OUT_18616,123.79
OUT_18617,372.78
OUT_18618,131.98
OUT_18619,308.03
OUT_18620,117.48
OUT_18621,138.84
OUT_18622,294.07
OUT_18623,1024.55
OUT_18624,100.44
OUT_18625,133.62
OUT_18626,328.04
OUT_18627,384.53
OUT_18628,303.43
OUT_18629,128.08
OUT_18630,1054.72
OUT_18631,1218.6
OUT_18632,290.55
OUT_18633,130.46
OUT_18634,112.21
OUT_18635,316.8
OUT_18636,360.6
OUT_18637,1101.79
OUT_18638,150.22
OUT_18639,122.19
OUT_18640,88.66
OUT_18641,332.89
OUT_18642,145.65
OUT_18643,126.0
OUT_18644,131.66
OUT_18645,133.29
OUT_18646,296.11
OUT_18647,354.66
OUT_18648,1057.96
OUT_18649,333.06
OUT_18650,129.58
OUT_18651,122.8
OUT_18652,344.57
OUT_18653,82.59
OUT_18654,134.76
OUT_18655,133.17
OUT_18656,136.32
OUT_18657,147.29
OUT_18658,246.88
OUT_18659,1055.14
OUT_18660,1032.19
OUT_18661,130.44
OUT_18662,312.54
OUT_18663,264.24
OUT_18664,134.33
OUT_18665,132.62
OUT_18666,134.25
OUT_18667,903.16
OUT_18668,315.77
OUT_18669,327.19
OUT_18670,381.78
OUT_18671,2493.06
OUT_18672,125.35
OUT_18673,79.72
OUT_18674,933.47
OUT_18675,1104.03
OUT_18676,323.69
OUT_18677,135.39
OUT_18678,314.32
OUT_18679,317.14
OUT_18680,363.04
OUT_18681,123.91
OUT_18682,2203.32
OUT_18683,112.69
OUT_18684,968.66
OUT_18685,131.21
OUT_18686,132.08
OUT_18687,156.38
OUT_18688,330.3
OUT_18689,979.29
OUT_18690,107.77
OUT_18691,116.0
OUT_18692,129.67
OUT_18693,315.92
OUT_18694,76.77
OUT_18695,90.51
OUT_18696,388.34
OUT_18697,113.15
OUT_18698,94.76
OUT_18699,95.1
OUT_18700,356.4
OUT_18701,1090.23
OUT_18702,286.8
OUT_18703,333.77
OUT_18704,120.55
OUT_18705,95.88
OUT_18706,111.61
OUT_18707,1146.84
OUT_18708,110.18
OUT_18709,132.11
OUT_18710,103.79
OUT_18711,115.75
OUT_18712,350.62
OUT_18713,118.41
OUT_18714,1115.44
OUT_18715,1175.85
OUT_18716,102.33
OUT_18717,132.69
OUT_18718,103.16
OUT_18719,336.34
OUT_18720,179.48
OUT_18721,106.06
OUT_18722,108.85
OUT_18723,166.83
OUT_18724,117.7
OUT_18725,85.76
OUT_18726,139.12
OUT_18727,371.62
OUT_18728,289.26
OUT_18729,347.63
OUT_18730,144.74
OUT_18731,145.56
OUT_18732,1020.98
OUT_18733,113.39
OUT_18734,127.94
OUT_18735,341.66
OUT_18736,343.31
OUT_18737,2603.84
OUT_18738,2276.25
OUT_18739,336.97
OUT_18740,1026.01
OUT_18741,308.89
OUT_18742,75.92
OUT_18743,115.7
OUT_18744,97.81
OUT_18745,935.89
OUT_18746,78.33
OUT_18747,118.49
OUT_18748,306.35
OUT_18749,156.62
OUT_18750,93.41
OUT_18751,994.4
OUT_18752,135.89
OUT_18753,149.12
OUT_18754,946.67
OUT_18755,384.05
OUT_18756,113.39
OUT_18757,86.51
OUT_18758,123.72
OUT_18759,143.39
OUT_18760,117.46
OUT_18761,1299.29
OUT_18762,284.19
OUT_18763,109.84
OUT_18764,156.79
OUT_18765,189.54
OUT_18766,322.18
OUT_18767,983.23
OUT_18768,1110.27
OUT_18769,144.74
OUT_18770,95.15
OUT_18771,134.03
OUT_18772,977.38
OUT_18773,145.45
OUT_18774,334.64
OUT_18775,326.76
OUT_18776,118.94
OUT_18777,360.17
OUT_18778,121.47
OUT_18779,326.11
OUT_18780,109.31
OUT_18781,315.9
OUT_18782,294.75
OUT_18783,138.06
OUT_18784,156.73
OUT_18785,154.77
OUT_18786,80.03
OUT_18787,108.95
OUT_18788,2416.09
OUT_18789,294.29
OUT_18790,397.3
OUT_18791,922.58
OUT_18792,141.01
OUT_18793,2410.87
OUT_18794,127.95
OUT_18795,351.27
OUT_18796,2421.84
OUT_18797,124.91
OUT_18798,130.87
OUT_18799,358.3
OUT_18800,403.25
OUT_18801,351.09
OUT_18802,2117.57
OUT_18803,124.79
OUT_18804,101.37
OUT_18805,2358.15
OUT_18806,133.61
OUT_18807,102.63
OUT_18808,88.96
OUT_18809,97.96
OUT_18810,139.8
OUT_18811,162.72
OUT_18812,123.25
OUT_18813,103.17
OUT_18814,301.14
OUT_18815,1074.61
OUT_18816,120.43
OUT_18817,109.68
OUT_18818,101.85
OUT_18819,1227.12
OUT_18820,152.45
OUT_18821,353.49
OUT_18822,133.85
OUT_18823,360.29
OUT_18824,131.78
OUT_18825,1029.94
OUT_18826,318.2
OUT_18827,2301.54
OUT_18828,103.2
OUT_18829,270.43
OUT_18830,166.24
OUT_18831,169.71
OUT_18832,343.7
OUT_18833,330.37
OUT_18834,95.66
OUT_18835,1084.69
OUT_18836,116.54
OUT_18837,114.88
OUT_18838,1126.31
OUT_18839,114.51
OUT_18840,309.35
OUT_18841,121.28
OUT_18842,109.75
OUT_18843,310.86
OUT_18844,2092.79
OUT_18845,159.19
OUT_18846,117.18
OUT_18847,125.58
OUT_18848,346.74
OUT_18849,152.96
OUT_18850,2222.73
OUT_18851,158.34
OUT_18852,981.54
OUT_18853,350.92
OUT_18854,92.56
OUT_18855,914.88
OUT_18856,126.51
OUT_18857,74.73
OUT_18858,1009.56
OUT_18859,159.55
OUT_18860,308.7
OUT_18861,124.53
OUT_18862,283.9
OUT_18863,1245.99
OUT_18864,305.7
OUT_18865,138.5
OUT_18866,915.94
OUT_18867,383.35
OUT_18868,111.62
OUT_18869,119.8
OUT_18870,332.38
OUT_18871,150.09
OUT_18872,314.01
OUT_18873,322.77
OUT_18874,1029.19
OUT_18875,134.8
OUT_18876,459.22
OUT_18877,2263.32
OUT_18878,124.41
OUT_18879,114.72
OUT_18880,148.07
OUT_18881,101.76
OUT_18882,288.6
OUT_18883,280.42
OUT_18884,367.24
OUT_18885,952.73
OUT_18886,139.6
OUT_18887,145.54
OUT_18888,328.59
OUT_18889,98.74
OUT_18890,327.94
OUT_18891,111.4
OUT_18892,356.77
OUT_18893,126.55
OUT_18894,338.89
OUT_18895,142.55
OUT_18896,1023.59
OUT_18897,344.97
OUT_18898,148.37
OUT_18899,70.12
OUT_18900,292.73
OUT_18901,150.15
OUT_18902,332.83
OUT_18903,919.36
OUT_18904,336.57
OUT_18905,345.25
OUT_18906,101.55
OUT_18907,146.12
OUT_18908,154.0
OUT_18909,1032.81
OUT_18910,320.3
OUT_18911,985.27
OUT_18912,1003.28
OUT_18913,998.89
OUT_18914,353.02
OUT_18915,349.15
OUT_18916,121.95
OUT_18917,126.86
OUT_18918,161.47
OUT_18919,1190.82
OUT_18920,142.74
OUT_18921,392.29
OUT_18922,288.68
OUT_18923,76.21
OUT_18924,336.87
OUT_18925,300.8
OUT_18926,136.33
OUT_18927,144.07
OUT_18928,133.78
OUT_18929,362.04
OUT_18930,1049.08
OUT_18931,164.94
OUT_18932,128.55
OUT_18933,296.88
OUT_18934,2213.45
OUT_18935,120.09
OUT_18936,109.39
OUT_18937,77.14
OUT_18938,309.71
OUT_18939,1002.44
OUT_18940,100.01
OUT_18941,971.17
OUT_18942,368.81
OUT_18943,114.47
OUT_18944,240.15
OUT_18945,389.79
OUT_18946,113.49
OUT_18947,158.26
OUT_18948,321.76
OUT_18949,149.69
OUT_18950,972.35
OUT_18951,308.99
OUT_18952,311.08
OUT_18953,141.7
OUT_18954,107.66
OUT_18955,165.11
OUT_18956,973.04
OUT_18957,131.62
OUT_18958,974.45
OUT_18959,139.27
OUT_18960,173.05
OUT_18961,123.55
OUT_18962,352.62
OUT_18963,133.29
OUT_18964,159.2
OUT_18965,261.7
OUT_18966,293.63
OUT_18967,127.43
OUT_18968,329.75
OUT_18969,94.16
OUT_18970,357.03
OUT_18971,119.61
OUT_18972,257.31
OUT_18973,388.03
OUT_18974,177.47
OUT_18975,378.12
OUT_18976,133.16
OUT_18977,176.34
OUT_18978,132.13
OUT_18979,323.72
OUT_18980,118.21
OUT_18981,105.02
OUT_18982,992.51
OUT_18983,938.67
OUT_18984,130.15
OUT_18985,2308.71
OUT_18986,1072.8
OUT_18987,129.37
OUT_18988,285.71
OUT_18989,114.92
OUT_18990,89.77
OUT_18991,102.2
OUT_18992,1057.92
OUT_18993,145.55
OUT_18994,338.1
OUT_18995,10457.94
OUT_18996,278.71
OUT_18997,141.55
OUT_18998,934.97
OUT_18999,93.86
OUT_19000,119.58
OUT_19001,95.62
OUT_19002,346.36
OUT_19003,137.4
OUT_19004,1033.01
OUT_19005,122.52
OUT_19006,310.17
OUT_19007,152.81
OUT_19008,101.12
OUT_19009,120.76
OUT_19010,66.72
OUT_19011,96.0
OUT_19012,2370.06
OUT_19013,398.98
OUT_19014,103.5
OUT_19015,149.76
OUT_19016,134.61
OUT_19017,115.76
OUT_19018,1055.41
OUT_19019,97.8
OUT_19020,96.12
OUT_19021,100.38
OUT_19022,176.6
OUT_19023,335.63
OUT_19024,2571.29
OUT_19025,1125.5
OUT_19026,364.1
OUT_19027,254.68
OUT_19028,1207.58
OUT_19029,305.46
OUT_19030,2427.23
OUT_19031,112.84
OUT_19032,114.98
OUT_19033,374.97
OUT_19034,297.74
OUT_19035,119.68
OUT_19036,107.78
OUT_19037,151.58
OUT_19038,1364.7
OUT_19039,2343.35
OUT_19040,2177.32
OUT_19041,357.07
OUT_19042,373.77
OUT_19043,902.65
OUT_19044,324.84
OUT_19045,1016.96
OUT_19046,358.02
OUT_19047,137.36
OUT_19048,122.95
OUT_19049,1094.49
OUT_19050,294.66
OUT_19051,944.84
OUT_19052,301.57
OUT_19053,122.04
OUT_19054,342.13
OUT_19055,114.79
OUT_19056,131.77
OUT_19057,137.55
OUT_19058,341.89
OUT_19059,97.85
OUT_19060,282.45
OUT_19061,269.01
OUT_19062,331.28
OUT_19063,367.84
OUT_19064,395.01
OUT_19065,117.93
OUT_19066,109.44
OUT_19067,141.34
OUT_19068,2310.86
OUT_19069,272.4
OUT_19070,143.68
OUT_19071,131.99
OUT_19072,347.08
OUT_19073,247.02
OUT_19074,129.61
OUT_19075,1155.93
OUT_19076,276.47
OUT_19077,170.87
OUT_19078,159.89
OUT_19079,134.65
OUT_19080,140.78
OUT_19081,116.51
OUT_19082,95.64
OUT_19083,109.98
OUT_19084,120.68
OUT_19085,313.46
OUT_19086,75.58
OUT_19087,108.69
OUT_19088,133.76
OUT_19089,331.12
OUT_19090,360.8
OUT_19091,2124.45
OUT_19092,930.39
OUT_19093,145.48
OUT_19094,1009.75
OUT_19095,137.69
OUT_19096,92.31
OUT_19097,131.72
OUT_19098,85.82
OUT_19099,125.89
OUT_19100,315.83
OUT_19101,147.86
OUT_19102,99.88
OUT_19103,305.4
OUT_19104,284.06
OUT_19105,308.38
OUT_19106,124.36
OUT_19107,116.17
OUT_19108,127.0
OUT_19109,107.34
OUT_19110,334.8
OUT_19111,128.71
OUT_19112,123.16
OUT_19113,160.36
OUT_19114,300.67
OUT_19115,952.84
OUT_19116,331.86
OUT_19117,161.88
OUT_19118,95.51
OUT_19119,323.84
OUT_19120,374.36
OUT_19121,2353.69
OUT_19122,344.54
OUT_19123,137.41
OUT_19124,90.65
OUT_19125,952.59
OUT_19126,2310.48
OUT_19127,127.35
OUT_19128,119.6
OUT_19129,299.5
OUT_19130,265.22
OUT_19131,330.77
OUT_19132,349.98
OUT_19133,929.8
OUT_19134,380.84
OUT_19135,444.94
OUT_19136,106.84
OUT_19137,360.86
OUT_19138,99.65
OUT_19139,350.93
OUT_19140,140.48
OUT_19141,137.12
OUT_19142,947.36
OUT_19143,146.14
OUT_19144,147.73
OUT_19145,155.33
OUT_19146,319.34
OUT_19147,107.24
OUT_19148,105.28
OUT_19149,78.88
OUT_19150,102.98
OUT_19151,2329.33
OUT_19152,362.92
OUT_19153,302.86
OUT_19154,954.09
OUT_19155,138.81
OUT_19156,122.84
OUT_19157,113.12
OUT_19158,139.88
OUT_19159,964.04
OUT_19160,339.36
OUT_19161,302.42
OUT_19162,98.34
OUT_19163,337.52
OUT_19164,272.67
OUT_19165,133.12
OUT_19166,147.27
OUT_19167,291.16
OUT_19168,111.97
OUT_19169,339.75
OUT_19170,109.4
OUT_19171,116.41
OUT_19172,119.28
OUT_19173,158.38
OUT_19174,134.57
OUT_19175,175.95
OUT_19176,295.75
OUT_19177,1008.02
OUT_19178,130.02
OUT_19179,119.25
OUT_19180,102.21
OUT_19181,124.45
OUT_19182,350.54
OUT_19183,117.64
OUT_19184,90.44
OUT_19185,583.82
OUT_19186,1006.67
OUT_19187,2231.85
OUT_19188,115.05
OUT_19189,110.47
OUT_19190,298.94
OUT_19191,82.85
OUT_19192,134.08
OUT_19193,146.01
OUT_19194,431.38
OUT_19195,346.41
OUT_19196,301.23
OUT_19197,172.0
OUT_19198,129.87
OUT_19199,101.62
OUT_19200,125.92
OUT_19201,2517.39
OUT_19202,127.34
OUT_19203,92.47
OUT_19204,1040.2
OUT_19205,158.55
OUT_19206,340.09
OUT_19207,288.52
OUT_19208,288.12
OUT_19209,253.07
OUT_19210,354.51
OUT_19211,1045.96
OUT_19212,113.51
OUT_19213,104.04
OUT_19214,1000.16
OUT_19215,114.12
OUT_19216,299.37
OUT_19217,317.6
OUT_19218,121.57
OUT_19219,143.05
OUT_19220,132.29
OUT_19221,105.89
OUT_19222,160.68
OUT_19223,111.23
OUT_19224,95.6
OUT_19225,359.83
OUT_19226,156.4
OUT_19227,336.98
OUT_19228,132.97
OUT_19229,305.17
OUT_19230,927.71
OUT_19231,123.14
OUT_19232,325.13
OUT_19233,309.98
OUT_19234,145.51
OUT_19235,978.09
OUT_19236,335.94
OUT_19237,96.86
OUT_19238,95.61
OUT_19239,114.07
OUT_19240,324.8
OUT_19241,131.03
OUT_19242,127.62
OUT_19243,293.65
OUT_19244,363.82
OUT_19245,143.12
OUT_19246,268.45
OUT_19247,150.8
OUT_19248,357.15
OUT_19249,370.35
OUT_19250,130.6
OUT_19251,152.78
OUT_19252,979.91
OUT_19253,306.66
OUT_19254,80.47
OUT_19255,282.04
OUT_19256,94.48
OUT_19257,285.5
OUT_19258,2489.52
OUT_19259,72.59
OUT_19260,101.03
OUT_19261,279.93
OUT_19262,131.46
OUT_19263,306.07
OUT_19264,81.25
OUT_19265,304.36
OUT_19266,321.07
OUT_19267,97.06
OUT_19268,295.14
OUT_19269,102.97
OUT_19270,136.58
OUT_19271,355.04
OUT_19272,134.22
OUT_19273,1189.13
OUT_19274,120.07
OUT_19275,2112.73
OUT_19276,154.11
OUT_19277,126.04
OUT_19278,1013.44
OUT_19279,123.13
OUT_19280,120.37
OUT_19281,144.74
OUT_19282,977.61
OUT_19283,379.28
OUT_19284,1119.06
OUT_19285,342.85
OUT_19286,125.81
OUT_19287,163.21
OUT_19288,88.04
OUT_19289,405.13
OUT_19290,147.45
OUT_19291,1199.31
OUT_19292,140.48
OUT_19293,142.0
OUT_19294,331.85
OUT_19295,361.53
OUT_19296,333.23
OUT_19297,99.93
OUT_19298,973.9
OUT_19299,121.33
OUT_19300,1171.35
OUT_19301,122.52
OUT_19302,113.03
OUT_19303,2229.71
OUT_19304,107.56
OUT_19305,98.39
OUT_19306,116.24
OUT_19307,2441.17
OUT_19308,914.55
OUT_19309,117.83
OUT_19310,2305.58
OUT_19311,2447.83
OUT_19312,2094.25
OUT_19313,142.98
OUT_19314,106.29
OUT_19315,86.31
OUT_19316,318.23
OUT_19317,105.17
OUT_19318,1028.06
OUT_19319,311.63
OUT_19320,1047.29
OUT_19321,141.42
OUT_19322,96.73
OUT_19323,929.3
OUT_19324,340.92
OUT_19325,954.21
OUT_19326,129.14
OUT_19327,116.48
OUT_19328,99.25
OUT_19329,145.02
OUT_19330,133.94
OUT_19331,276.95
OUT_19332,1114.37
OUT_19333,1115.66
OUT_19334,136.34
OUT_19335,129.7
OUT_19336,114.2
OUT_19337,76.5
OUT_19338,113.14
OUT_19339,883.02
OUT_19340,86.83
OUT_19341,1040.02
OUT_19342,943.81
OUT_19343,122.63
OUT_19344,968.57
OUT_19345,352.35
OUT_19346,127.83
OUT_19347,149.63
OUT_19348,2140.99
OUT_19349,306.54
OUT_19350,961.21
OUT_19351,107.96
OUT_19352,117.78
OUT_19353,320.71
OUT_19354,105.66
OUT_19355,998.17
OUT_19356,959.41
OUT_19357,994.67
OUT_19358,345.28
OUT_19359,122.0
OUT_19360,996.05
OUT_19361,120.29
OUT_19362,314.47
OUT_19363,341.53
OUT_19364,125.16
OUT_19365,2337.9
OUT_19366,2274.36
OUT_19367,337.69
OUT_19368,1043.87
OUT_19369,79.83
OUT_19370,110.06
OUT_19371,113.72
OUT_19372,288.89
OUT_19373,90.37
OUT_19374,120.66
OUT_19375,118.76
OUT_19376,103.92
OUT_19377,125.21
OUT_19378,100.86
OUT_19379,127.23
OUT_19380,113.38
OUT_19381,256.01
OUT_19382,1018.38
OUT_19383,313.25
OUT_19384,165.92
OUT_19385,139.05
OUT_19386,125.91
OUT_19387,129.52
OUT_19388,280.1
OUT_19389,133.91
OUT_19390,143.94
OUT_19391,121.07
OUT_19392,122.08
OUT_19393,355.45
OUT_19394,321.52
OUT_19395,158.01
OUT_19396,137.26
OUT_19397,1010.48
OUT_19398,145.0
OUT_19399,140.72
OUT_19400,116.27
OUT_19401,1060.11
OUT_19402,164.43
OUT_19403,308.59
OUT_19404,118.94
OUT_19405,981.89
OUT_19406,129.65
OUT_19407,978.15
OUT_19408,134.0
OUT_19409,356.33
OUT_19410,159.01
OUT_19411,119.98
OUT_19412,119.84
OUT_19413,133.16
OUT_19414,126.25
OUT_19415,307.26
OUT_19416,1061.9
OUT_19417,1211.48
OUT_19418,328.67
OUT_19419,169.17
OUT_19420,326.52
OUT_19421,158.08
OUT_19422,106.89
OUT_19423,324.14
OUT_19424,141.22
OUT_19425,329.57
OUT_19426,109.77
OUT_19427,123.1
OUT_19428,117.22
OUT_19429,90.98
OUT_19430,168.24
OUT_19431,307.45
OUT_19432,125.4
OUT_19433,129.24
OUT_19434,2358.79
OUT_19435,122.37
OUT_19436,317.7
OUT_19437,357.52
OUT_19438,94.84
OUT_19439,95.67
OUT_19440,355.56
OUT_19441,149.31
OUT_19442,89.67
OUT_19443,337.13
OUT_19444,135.0
OUT_19445,337.55
OUT_19446,124.8
OUT_19447,140.29
OUT_19448,144.45
OUT_19449,965.52
OUT_19450,150.66
OUT_19451,366.29
OUT_19452,323.27
OUT_19453,121.28
OUT_19454,132.15
OUT_19455,130.46
OUT_19456,113.37
OUT_19457,128.29
OUT_19458,379.68
OUT_19459,304.18
OUT_19460,272.45
OUT_19461,81.83
OUT_19462,1180.58
OUT_19463,1182.25
OUT_19464,187.96
OUT_19465,158.86
OUT_19466,114.97
OUT_19467,321.93
OUT_19468,148.4
OUT_19469,155.54
OUT_19470,148.9
OUT_19471,296.18
OUT_19472,326.44
OUT_19473,1160.96
OUT_19474,98.66
OUT_19475,111.31
OUT_19476,337.09
OUT_19477,121.07
OUT_19478,373.37
OUT_19479,118.17
OUT_19480,127.68
OUT_19481,394.77
OUT_19482,320.18
OUT_19483,122.56
OUT_19484,122.88
OUT_19485,133.8
OUT_19486,93.78
OUT_19487,314.23
OUT_19488,96.45
OUT_19489,118.24
OUT_19490,129.45
OUT_19491,149.22
OUT_19492,267.14
OUT_19493,1190.06
OUT_19494,126.16
OUT_19495,972.75
OUT_19496,109.4
OUT_19497,116.73
OUT_19498,133.23
OUT_19499,148.47
OUT_19500,158.51
OUT_19501,127.81
OUT_19502,1053.22
OUT_19503,174.05
OUT_19504,124.92
OUT_19505,118.52
OUT_19506,236.72
OUT_19507,109.61
OUT_19508,144.39
OUT_19509,313.12
OUT_19510,116.09
OUT_19511,346.12
OUT_19512,375.54
OUT_19513,330.47
OUT_19514,1224.46
OUT_19515,122.3
OUT_19516,140.96
OUT_19517,93.52
OUT_19518,143.71
OUT_19519,1104.42
OUT_19520,147.48
OUT_19521,1147.92
OUT_19522,114.5
OUT_19523,102.6
OUT_19524,142.2
OUT_19525,141.37
OUT_19526,137.73
OUT_19527,157.64
OUT_19528,86.87
OUT_19529,105.22
OUT_19530,108.27
OUT_19531,314.39
OUT_19532,94.57
OUT_19533,109.38
OUT_19534,103.99
OUT_19535,956.09
OUT_19536,166.05
OUT_19537,955.01
OUT_19538,328.57
OUT_19539,386.9
OUT_19540,334.47
OUT_19541,353.36
OUT_19542,119.21
OUT_19543,113.27
OUT_19544,957.23
OUT_19545,159.89
OUT_19546,337.45
OUT_19547,312.29
OUT_19548,2385.62
OUT_19549,437.92
OUT_19550,424.89
OUT_19551,399.27
OUT_19552,986.05
OUT_19553,136.21
OUT_19554,1187.62
OUT_19555,138.33
OUT_19556,1050.63
OUT_19557,91.48
OUT_19558,151.98
OUT_19559,117.62
OUT_19560,1013.06
OUT_19561,253.31
OUT_19562,318.94
OUT_19563,121.62
OUT_19564,162.72
OUT_19565,350.61
OUT_19566,152.02
OUT_19567,138.62
OUT_19568,321.91
OUT_19569,111.96
OUT_19570,1069.05
OUT_19571,402.37
OUT_19572,242.19
OUT_19573,112.39
OUT_19574,2462.16
OUT_19575,105.25
OUT_19576,405.72
OUT_19577,276.41
OUT_19578,127.87
OUT_19579,98.5
OUT_19580,79.47
OUT_19581,124.6
OUT_19582,125.92
OUT_19583,277.65
OUT_19584,310.26
OUT_19585,303.88
OUT_19586,103.9
OUT_19587,1019.96
OUT_19588,2373.4
OUT_19589,341.39
OUT_19590,297.29
OUT_19591,124.27
OUT_19592,279.03
OUT_19593,300.46
OUT_19594,291.24
OUT_19595,2191.86
OUT_19596,119.83
OUT_19597,378.87
OUT_19598,105.25
OUT_19599,1103.45
OUT_19600,351.27
OUT_19601,117.95
OUT_19602,959.53
OUT_19603,186.98
OUT_19604,123.25
OUT_19605,1165.7
OUT_19606,127.75
OUT_19607,84.62
OUT_19608,148.77
OUT_19609,129.88
OUT_19610,141.67
OUT_19611,311.5
OUT_19612,115.53
OUT_19613,1128.77
OUT_19614,958.38
OUT_19615,927.63
OUT_19616,142.48
OUT_19617,298.5
OUT_19618,93.59
OUT_19619,128.72
OUT_19620,114.48
OUT_19621,123.13
OUT_19622,84.93
OUT_19623,350.59
OUT_19624,152.75
OUT_19625,978.24
OUT_19626,147.02
OUT_19627,306.75
OUT_19628,1061.89
OUT_19629,328.89
OUT_19630,114.95
OUT_19631,118.9
OUT_19632,338.62
OUT_19633,288.32
OUT_19634,2419.13
OUT_19635,136.73
OUT_19636,918.82
OUT_19637,2134.71
OUT_19638,110.02
OUT_19639,173.38
OUT_19640,88.37
OUT_19641,908.59
OUT_19642,297.41
OUT_19643,324.57
OUT_19644,1077.46
OUT_19645,92.92
OUT_19646,2093.13
OUT_19647,125.82
OUT_19648,2333.49
OUT_19649,133.97
OUT_19650,140.89
OUT_19651,102.56
OUT_19652,982.43
OUT_19653,394.83
OUT_19654,362.25
OUT_19655,109.24
OUT_19656,327.29
OUT_19657,280.88
OUT_19658,160.42
OUT_19659,127.31
OUT_19660,1156.65
OUT_19661,1177.96
OUT_19662,113.94
OUT_19663,133.48
OUT_19664,114.53
OUT_19665,289.22
OUT_19666,971.22
OUT_19667,119.32
OUT_19668,315.13
OUT_19669,255.06
OUT_19670,342.92
OUT_19671,351.33
OUT_19672,974.54
OUT_19673,157.12
OUT_19674,364.67
OUT_19675,346.78
OUT_19676,336.32
OUT_19677,352.12
OUT_19678,384.88
OUT_19679,112.49
OUT_19680,268.56
OUT_19681,383.72
OUT_19682,115.47
OUT_19683,91.45
OUT_19684,286.86
OUT_19685,92.1
OUT_19686,93.68
OUT_19687,373.18
OUT_19688,98.67
OUT_19689,141.13
OUT_19690,146.09
OUT_19691,930.82
OUT_19692,123.27
OUT_19693,136.55
OUT_19694,119.77
OUT_19695,321.22
OUT_19696,930.13
OUT_19697,372.01
OUT_19698,127.21
OUT_19699,97.57
OUT_19700,129.01
OUT_19701,155.93
OUT_19702,106.52
OUT_19703,1046.74
OUT_19704,358.34
OUT_19705,172.13
OUT_19706,103.92
OUT_19707,144.59
OUT_19708,257.52
OUT_19709,1148.13
OUT_19710,119.37
OUT_19711,131.64
OUT_19712,109.51
OUT_19713,146.07
OUT_19714,112.04
OUT_19715,388.75
OUT_19716,420.53
OUT_19717,152.25
OUT_19718,118.38
OUT_19719,139.52
OUT_19720,119.75
OUT_19721,116.85
OUT_19722,126.44
OUT_19723,126.39
OUT_19724,154.18
OUT_19725,320.72
OUT_19726,139.87
OUT_19727,128.16
OUT_19728,956.79
OUT_19729,959.04
OUT_19730,1218.71
OUT_19731,163.21
OUT_19732,113.95
OUT_19733,116.46
OUT_19734,342.34
OUT_19735,111.94
OUT_19736,154.41
OUT_19737,102.63
OUT_19738,268.57
OUT_19739,103.08
OUT_19740,131.37
OUT_19741,109.18
OUT_19742,295.86
OUT_19743,992.09
OUT_19744,1015.68
OUT_19745,319.1
OUT_19746,78.2
OUT_19747,107.06
OUT_19748,146.39
OUT_19749,94.65
OUT_19750,350.99
OUT_19751,142.21
OUT_19752,110.54
OUT_19753,309.16
OUT_19754,130.14
OUT_19755,1016.99
OUT_19756,342.79
OUT_19757,1003.7
OUT_19758,350.68
OUT_19759,137.2
OUT_19760,79.45
OUT_19761,370.44
OUT_19762,82.53
OUT_19763,102.39
OUT_19764,120.76
OUT_19765,110.82
OUT_19766,102.19
OUT_19767,138.69
OUT_19768,136.98
OUT_19769,2222.51
OUT_19770,114.67
OUT_19771,142.55
OUT_19772,1079.45
OUT_19773,128.6
OUT_19774,1000.21
OUT_19775,137.64
OUT_19776,301.31
OUT_19777,368.9
OUT_19778,92.89
OUT_19779,135.53
OUT_19780,355.81
OUT_19781,134.96
OUT_19782,104.52
OUT_19783,76.74
OUT_19784,106.72
OUT_19785,331.96
OUT_19786,447.44
OUT_19787,363.03
OUT_19788,1116.84
OUT_19789,175.34
OUT_19790,132.02
OUT_19791,138.44
OUT_19792,120.48
OUT_19793,139.55
OUT_19794,287.67
OUT_19795,140.7
OUT_19796,84.59
OUT_19797,139.95
OUT_19798,141.5
OUT_19799,122.77
OUT_19800,356.46
OUT_19801,322.11
OUT_19802,2375.53
OUT_19803,1116.1
OUT_19804,291.98
OUT_19805,927.41
OUT_19806,892.05
OUT_19807,115.58
OUT_19808,915.24
OUT_19809,430.37
OUT_19810,316.61
OUT_19811,147.28
OUT_19812,142.5
OUT_19813,142.87
OUT_19814,111.12
OUT_19815,121.38
OUT_19816,93.63
OUT_19817,1146.05
OUT_19818,86.2
OUT_19819,113.17
OUT_19820,113.32
OUT_19821,314.6
OUT_19822,140.48
OUT_19823,252.25
OUT_19824,86.53
OUT_19825,152.78
OUT_19826,394.73
OUT_19827,2240.89
OUT_19828,1180.38
OUT_19829,121.36
OUT_19830,348.4
OUT_19831,277.97
OUT_19832,153.3
OUT_19833,230.77
OUT_19834,324.2
OUT_19835,137.82
OUT_19836,86.87
OUT_19837,1092.65
OUT_19838,95.33
OUT_19839,99.48
OUT_19840,140.66
OUT_19841,148.71
OUT_19842,269.38
OUT_19843,300.13
OUT_19844,155.89
OUT_19845,74.5
OUT_19846,152.62
OUT_19847,165.02
OUT_19848,149.52
OUT_19849,107.69
OUT_19850,2269.71
OUT_19851,96.25
OUT_19852,2366.56
OUT_19853,307.51
OUT_19854,123.27
OUT_19855,161.43
OUT_19856,1056.3
OUT_19857,100.54
OUT_19858,118.43
OUT_19859,952.95
OUT_19860,153.1
OUT_19861,95.98
OUT_19862,127.14
OUT_19863,313.18
OUT_19864,136.42
OUT_19865,2109.33
OUT_19866,120.36
OUT_19867,337.49
OUT_19868,111.41
OUT_19869,157.69
OUT_19870,111.39
OUT_19871,400.04
OUT_19872,106.94
OUT_19873,142.34
OUT_19874,368.26
OUT_19875,305.25
OUT_19876,360.19
OUT_19877,255.04
OUT_19878,383.79
OUT_19879,78.05
OUT_19880,108.6
OUT_19881,89.14
OUT_19882,94.09
OUT_19883,118.72
OUT_19884,139.42
OUT_19885,271.81
OUT_19886,85.88
OUT_19887,339.46
OUT_19888,121.46
OUT_19889,103.48
OUT_19890,98.37
OUT_19891,142.98
OUT_19892,387.04
OUT_19893,310.8
OUT_19894,1182.5
OUT_19895,114.71
OUT_19896,1204.97
OUT_19897,130.08
OUT_19898,1091.52
OUT_19899,389.7
OUT_19900,127.94
OUT_19901,121.44
OUT_19902,141.61
OUT_19903,151.55
OUT_19904,148.87
OUT_19905,124.2
OUT_19906,166.06
OUT_19907,324.39
OUT_19908,98.99
OUT_19909,99.65
OUT_19910,56.41
OUT_19911,101.43
OUT_19912,947.7
OUT_19913,125.07
OUT_19914,75.63
OUT_19915,129.25
OUT_19916,105.88
OUT_19917,116.42
OUT_19918,112.32
OUT_19919,147.25
OUT_19920,148.05
OUT_19921,362.67
OUT_19922,135.16
OUT_19923,366.59
OUT_19924,130.55
OUT_19925,373.97
OUT_19926,89.5
OUT_19927,99.51
OUT_19928,432.99
OUT_19929,297.88
OUT_19930,124.92
OUT_19931,468.82
OUT_19932,126.35
OUT_19933,161.66
OUT_19934,946.54
OUT_19935,999.19
OUT_19936,98.35
OUT_19937,421.75
OUT_19938,98.5
OUT_19939,119.01
OUT_19940,1155.51
OUT_19941,1150.02
OUT_19942,120.48
OUT_19943,960.25
OUT_19944,119.47
OUT_19945,140.04
OUT_19946,132.16
OUT_19947,1060.91
OUT_19948,169.95
OUT_19949,89.37
OUT_19950,85.07
OUT_19951,985.85
OUT_19952,99.6
OUT_19953,292.73
OUT_19954,933.14
OUT_19955,120.29
OUT_19956,124.98
OUT_19957,980.47
OUT_19958,109.92
OUT_19959,953.78
OUT_19960,1035.4
OUT_19961,199.29
OUT_19962,300.64
OUT_19963,109.37
OUT_19964,317.01
OUT_19965,340.56
OUT_19966,107.48
OUT_19967,91.68
OUT_19968,106.4
OUT_19969,83.27
OUT_19970,366.14
OUT_19971,364.25
OUT_19972,132.02
OUT_19973,116.33
OUT_19974,135.88
OUT_19975,418.43
OUT_19976,159.16
OUT_19977,2446.83
OUT_19978,1117.79
OUT_19979,376.19
OUT_19980,91.07
OUT_19981,96.82
OUT_19982,148.59
OUT_19983,90.03
OUT_19984,321.53
OUT_19985,1113.37
OUT_19986,334.44
OUT_19987,140.49
OUT_19988,156.46
OUT_19989,100.58
OUT_19990,160.94
OUT_19991,1086.04
OUT_19992,316.68
OUT_19993,297.84
OUT_19994,295.87
OUT_19995,343.14
OUT_19996,343.26
OUT_19997,131.85
OUT_19998,317.4
OUT_19999,104.7
OUT_20000,102.15
