Outlet_ID,province,uplift_gap_litres,composite_gravity_score,competition_density_score,roi_score,roi_rank,allocation_tier,recommended_spend_type,Trade_Spend_Allocation_LKR
OUT_03556,Western,796.1481000000001,52.78,30.3,13.425142721405754,1,High,Cooler Subsidy / Display Rack,2550.0
OUT_02351,Western,648.2816,51.25,39.39,8.225905422134192,2,High,Cooler Subsidy / Display Rack,2550.0
OUT_00039,Western,1290.7054,9.06,15.15,7.2407374142414875,3,High,Cooler Subsidy / Display Rack,2550.0
OUT_01997,Western,415.1145,42.65,24.24,7.014514035261491,4,High,Cooler Subsidy / Display Rack,2550.0
OUT_03577,Western,788.6100000000001,36.1,45.45,6.128917330462864,5,High,Cooler Subsidy / Display Rack,2550.0
OUT_05198,Western,692.903,35.18,39.39,6.0352383114632335,6,High,Cooler Subsidy / Display Rack,2550.0
OUT_01878,Western,504.5331,46.1,39.39,5.758597650408517,7,High,Cooler Subsidy / Display Rack,2550.0
OUT_00010,Western,1420.932,25.48,63.64,5.601074777227723,8,High,Cooler Subsidy / Display Rack,2550.0
OUT_02288,Western,246.95430000000002,100.0,45.45,5.316561894510226,9,High,Cooler Subsidy / Display Rack,2550.0
OUT_00026,Western,1225.0335,23.35,54.55,5.149330733573358,10,High,Cooler Subsidy / Display Rack,2550.0
OUT_08305,Western,519.066,37.63,42.42,4.498492303086136,11,High,Cooler Subsidy / Display Rack,2550.0
OUT_00399,Western,492.51130000000006,36.18,42.42,4.103882734684478,12,High,Cooler Subsidy / Display Rack,2550.0
OUT_00389,Western,526.5638,36.09,45.45,4.091213679655544,13,High,Cooler Subsidy / Display Rack,2550.0
OUT_00877,Western,410.91279999999995,41.16,42.42,3.8952489286043286,14,High,Cooler Subsidy / Display Rack,2550.0
OUT_00271,Western,400.8293,9.59,9.09,3.809665993062438,15,High,Cooler Subsidy / Display Rack,2550.0
OUT_04399,Western,476.8169,24.92,30.3,3.796254679872204,16,High,Cooler Subsidy / Display Rack,2550.0
OUT_04061,Western,471.5137,41.84,54.55,3.551419119351935,17,High,Cooler Subsidy / Display Rack,2550.0
OUT_05658,Western,499.86069999999995,30.77,42.42,3.5423108565177333,18,High,Cooler Subsidy / Display Rack,2550.0
OUT_03370,Western,252.9967,43.32,30.3,3.5015389916932906,19,High,Cooler Subsidy / Display Rack,2550.0
OUT_08992,Western,406.2115,31.75,36.36,3.4521453760706637,20,High,Cooler Subsidy / Display Rack,2550.0
OUT_08583,Western,685.0695000000001,20.23,39.39,3.4312839774696715,21,High,Cooler Subsidy / Display Rack,2550.0
OUT_06490,Western,511.47130000000004,18.95,27.27,3.428504115670322,22,High,Cooler Subsidy / Display Rack,2550.0
OUT_06340,Western,526.153,20.39,30.3,3.427559,23,High,Cooler Subsidy / Display Rack,2550.0
OUT_01877,Western,527.2464,18.24,27.27,3.401830327555712,24,High,Cooler Subsidy / Display Rack,2550.0
OUT_00246,Western,461.07030000000003,33.98,45.45,3.372910396986006,25,High,Cooler Subsidy / Display Rack,2550.0
OUT_04606,Western,458.8053,36.07,48.48,3.3446053296281324,26,High,Cooler Subsidy / Display Rack,2550.0
OUT_04062,Western,514.4664,34.26,54.55,3.1729286883888386,27,High,Cooler Subsidy / Display Rack,2550.0
OUT_00579,Western,909.6816999999999,12.69,36.36,3.0898984938436826,28,High,Cooler Subsidy / Display Rack,2550.0
OUT_07600,Western,540.1713,28.03,48.48,3.0600245632578815,29,High,Cooler Subsidy / Display Rack,2550.0
OUT_08355,Western,496.8297,36.6,60.61,2.9514635643564353,30,High,Cooler Subsidy / Display Rack,2550.0
OUT_03451,Western,567.116,25.41,48.48,2.912372182700081,31,High,Cooler Subsidy / Display Rack,2550.0
OUT_06433,Western,294.7375,44.03,45.45,2.7938196178686763,32,High,Cooler Subsidy / Display Rack,2550.0
OUT_08280,Western,483.7961,31.27,54.55,2.7233670651665167,33,High,Cooler Subsidy / Display Rack,2550.0
OUT_08275,Western,557.8351,19.7,39.39,2.7208099702896757,34,High,Cooler Subsidy / Display Rack,2550.0
OUT_05540,Western,473.5048,31.77,54.55,2.7080553548154813,35,High,Cooler Subsidy / Display Rack,2550.0
OUT_02883,Western,733.184,17.05,45.45,2.691235134553283,36,High,Cooler Subsidy / Display Rack,2550.0
OUT_03669,Western,495.9846,26.56,48.48,2.6623587259498787,37,High,Cooler Subsidy / Display Rack,2550.0
OUT_04131,Western,629.5858,16.99,39.39,2.6483443282990837,38,High,Cooler Subsidy / Display Rack,2550.0
OUT_02800,Western,255.94460000000004,44.37,42.42,2.6154449336711196,39,High,Cooler Subsidy / Display Rack,2550.0
OUT_03932,Western,225.0152,21.9,18.18,2.569255933263816,40,High,Cooler Subsidy / Display Rack,2550.0
OUT_06884,Western,227.0369,35.24,30.3,2.556159858146965,41,High,Cooler Subsidy / Display Rack,2550.0
OUT_00044,Western,1079.1626999999999,7.24,30.3,2.4962102070287537,42,High,Cooler Subsidy / Display Rack,2550.0
OUT_02034,Western,710.3991999999998,12.04,33.33,2.4914670457325947,43,High,Cooler Subsidy / Display Rack,2550.0
OUT_06718,Western,605.1187,12.49,30.3,2.414674940255591,44,High,Cooler Subsidy / Display Rack,2550.0
OUT_08526,Western,725.5355,17.39,51.52,2.4023347953160696,45,High,Cooler Subsidy / Display Rack,2550.0
OUT_00040,Western,1404.5931,6.33,36.36,2.3798378808886507,46,High,Cooler Subsidy / Display Rack,2550.0
OUT_04471,Western,519.6570999999999,19.75,42.42,2.363709747812068,47,High,Cooler Subsidy / Display Rack,2550.0
OUT_07505,Western,419.7924,20.76,36.36,2.3326793961456103,48,High,Cooler Subsidy / Display Rack,2550.0
OUT_00303,Western,530.9909,25.68,57.58,2.3277306780471148,49,High,Cooler Subsidy / Display Rack,2550.0
OUT_02083,Western,645.0204999999999,18.31,51.52,2.2487291231911644,50,High,Cooler Subsidy / Display Rack,2550.0
OUT_00398,Western,536.6432,13.97,33.33,2.18377672706088,51,High,Cooler Subsidy / Display Rack,2550.0
OUT_05984,Western,529.6843,31.26,75.76,2.157104119072433,52,High,Cooler Subsidy / Display Rack,2550.0
OUT_00684,Western,855.4160000000002,9.71,39.39,2.0564717405298345,53,High,Cooler Subsidy / Display Rack,2550.0
OUT_03165,Western,168.82979999999998,56.54,45.45,2.055034852960172,54,High,Cooler Subsidy / Display Rack,2550.0
OUT_06784,Western,220.69209999999998,40.01,42.42,2.0335999357438963,55,High,Cooler Subsidy / Display Rack,2550.0
OUT_06097,Western,549.9118000000001,21.59,57.58,2.026731949812223,56,High,Cooler Subsidy / Display Rack,2550.0
OUT_03312,Western,522.3318999999999,19.08,48.48,2.014165855295068,57,High,Cooler Subsidy / Display Rack,2550.0
OUT_07817,Western,602.9473,15.9,48.48,1.9375226495553761,58,High,Cooler Subsidy / Display Rack,2550.0
OUT_08218,Western,895.9803999999999,9.97,45.45,1.9231269296017222,59,High,Cooler Subsidy / Display Rack,2550.0
OUT_02765,Western,479.7776,14.86,36.36,1.9083231092077089,60,High,Cooler Subsidy / Display Rack,2550.0
OUT_00100,Western,546.4635,11.85,33.33,1.8862780294203318,61,High,Cooler Subsidy / Display Rack,2550.0
OUT_01440,Western,746.3972999999999,9.42,36.36,1.8819760615631689,62,High,Cooler Subsidy / Display Rack,2550.0
OUT_06922,Western,427.88399999999996,20.42,45.45,1.8810314919268027,63,High,Cooler Subsidy / Display Rack,2550.0
OUT_01203,Western,451.3344,16.81,39.39,1.878418238177767,64,High,Cooler Subsidy / Display Rack,2550.0
OUT_00076,Western,567.7094999999999,21.36,63.64,1.8759707487623758,65,High,Cooler Subsidy / Display Rack,2550.0
OUT_02758,Western,728.6268,10.88,42.42,1.8257622257024413,66,High,Cooler Subsidy / Display Rack,2550.0
OUT_02523,Western,199.72459999999995,42.26,45.45,1.8170853812701824,67,High,Cooler Subsidy / Display Rack,2550.0
OUT_07451,Western,462.1222,23.03,57.58,1.8167760781836804,68,High,Cooler Subsidy / Display Rack,2550.0
OUT_08761,Western,509.91740000000004,6.82,18.18,1.813157803962461,69,High,Cooler Subsidy / Display Rack,2550.0
OUT_00262,Western,487.3125,18.35,48.48,1.8072320887227165,70,High,Cooler Subsidy / Display Rack,2550.0
OUT_04249,Western,198.3979,42.28,45.45,1.8058693674919266,71,High,Cooler Subsidy / Display Rack,2550.0
OUT_02684,Western,416.2843,21.46,48.48,1.8054690941794667,72,High,Cooler Subsidy / Display Rack,2550.0
OUT_05071,Western,722.3268,10.63,42.42,1.7683864311377249,73,High,Cooler Subsidy / Display Rack,2550.0
OUT_06860,Western,510.93929999999995,12.9,36.36,1.7642176043897213,74,High,Cooler Subsidy / Display Rack,2550.0
OUT_02236,Western,700.2873,10.17,39.39,1.7632883983659322,75,High,Cooler Subsidy / Display Rack,2550.0
OUT_04640,Western,715.2994999999999,9.09,36.36,1.7403834194325478,76,High,Cooler Subsidy / Display Rack,2550.0
OUT_02243,Western,475.6782,20.24,54.55,1.7331641346534652,77,High,Cooler Subsidy / Display Rack,2550.0
OUT_03129,Western,428.9784,18.71,45.45,1.7279194540365987,78,High,Cooler Subsidy / Display Rack,2550.0
OUT_04033,Western,251.6166,27.25,39.39,1.6975866179747465,79,High,Cooler Subsidy / Display Rack,2550.0
OUT_03288,Western,263.3739,29.93,45.45,1.6970464643702905,80,High,Cooler Subsidy / Display Rack,2550.0
OUT_07156,Western,488.063,14.04,39.39,1.6965596731864325,81,High,Cooler Subsidy / Display Rack,2550.0
OUT_06568,Western,205.99059999999997,25.75,30.3,1.6946511022364215,82,High,Cooler Subsidy / Display Rack,2550.0
OUT_05166,Western,492.9245,10.67,30.3,1.6803528482428116,83,High,Cooler Subsidy / Display Rack,2550.0
OUT_00834,Western,218.62689999999998,40.11,51.52,1.6696734499238384,84,High,Cooler Subsidy / Display Rack,2550.0
OUT_08271,Western,517.8968,16.73,51.52,1.6497359984767708,85,High,Cooler Subsidy / Display Rack,2550.0
OUT_05804,Western,477.38910000000004,19.05,54.55,1.6371309369936995,86,High,Cooler Subsidy / Display Rack,2550.0
OUT_01499,Western,222.36270000000002,27.35,36.36,1.6278425709314779,87,High,Cooler Subsidy / Display Rack,2550.0
OUT_07440,Western,220.19559999999998,36.21,48.48,1.6114152538399351,88,High,Cooler Subsidy / Display Rack,2550.0
OUT_08541,Western,286.6614,29.37,51.52,1.6030550872048746,89,High,Cooler Subsidy / Display Rack,2550.0
OUT_05430,Western,813.0814,10.33,51.52,1.599225221249048,90,High,Cooler Subsidy / Display Rack,2550.0
OUT_04992,Western,408.82890000000003,11.0,27.27,1.5907739299610897,91,High,Cooler Subsidy / Display Rack,2550.0
OUT_04414,Western,468.4296,16.8,48.48,1.590464284559418,92,High,Cooler Subsidy / Display Rack,2550.0
OUT_00388,Western,516.7732000000001,11.49,36.36,1.589326570663812,93,High,Cooler Subsidy / Display Rack,2550.0
OUT_07617,Western,376.8565,14.45,33.33,1.586244225167492,94,High,Cooler Subsidy / Display Rack,2550.0
OUT_02135,Western,240.6361,20.57,30.3,1.5814327722044725,95,High,Cooler Subsidy / Display Rack,2550.0
OUT_05170,Western,477.9744,13.17,39.39,1.5585349957910377,96,High,Cooler Subsidy / Display Rack,2550.0
OUT_07967,Western,392.8642,30.39,75.76,1.5553860132881707,97,High,Cooler Subsidy / Display Rack,2550.0
OUT_00643,Western,155.6628,33.94,33.33,1.5389441980774834,98,High,Cooler Subsidy / Display Rack,2550.0
OUT_02028,Western,158.2708,62.43,63.64,1.5285962320544555,99,High,Cooler Subsidy / Display Rack,2550.0
OUT_00078,Western,685.5178999999998,12.33,54.55,1.5215905863186316,100,High,Cooler Subsidy / Display Rack,2550.0
OUT_07504,Western,694.4458,8.82,39.39,1.5164674315424609,101,High,Cooler Subsidy / Display Rack,2550.0
OUT_05523,Western,453.48139999999995,12.42,36.36,1.5075586156316916,102,High,Cooler Subsidy / Display Rack,2550.0
OUT_04449,Western,491.43369999999993,12.33,39.39,1.5002172619460261,103,High,Cooler Subsidy / Display Rack,2550.0
OUT_01932,Western,169.75420000000003,43.42,48.48,1.4896377049312857,104,High,Cooler Subsidy / Display Rack,2550.0
OUT_03911,Western,758.1117000000002,6.13,30.3,1.4847363325878598,105,High,Cooler Subsidy / Display Rack,2550.0
OUT_03891,Western,228.12169999999998,28.14,42.42,1.4784303634269917,106,High,Cooler Subsidy / Display Rack,2550.0
OUT_04702,Western,247.1345,24.06,39.39,1.4721604530824461,107,High,Cooler Subsidy / Display Rack,2550.0
OUT_03723,Western,503.46989999999994,11.74,39.39,1.4634158519435503,108,High,Cooler Subsidy / Display Rack,2550.0
OUT_01073,Western,513.5709999999999,5.41,18.18,1.4486022471324294,109,High,Cooler Subsidy / Display Rack,2550.0
OUT_08186,Western,450.2999,16.86,51.52,1.4455552768469153,110,High,Cooler Subsidy / Display Rack,2550.0
OUT_03910,Western,475.33590000000004,14.99,48.48,1.440033375303153,111,High,Cooler Subsidy / Display Rack,2550.0
OUT_05522,Western,201.56370000000004,22.35,30.3,1.4392807332268374,112,High,Cooler Subsidy / Display Rack,2550.0
OUT_02427,Western,240.53240000000002,36.6,60.61,1.4289053465346535,113,High,Cooler Subsidy / Display Rack,2550.0
OUT_02018,Western,184.7274,30.91,39.39,1.4136974335231494,114,High,Cooler Subsidy / Display Rack,2550.0
OUT_05233,Western,484.60640000000006,9.99,33.33,1.410200389163997,115,High,Cooler Subsidy / Display Rack,2550.0
OUT_06439,Western,811.5523000000003,6.99,39.39,1.4044938294132217,116,High,Cooler Subsidy / Display Rack,2550.0
OUT_07302,Western,181.1198,19.55,24.24,1.4028891006339146,117,High,Cooler Subsidy / Display Rack,2550.0
OUT_07362,Western,258.34819999999996,25.19,45.45,1.4010314656620018,118,High,Cooler Subsidy / Display Rack,2550.0
OUT_02890,Western,462.2512,15.89,51.52,1.3985475186595584,119,High,Cooler Subsidy / Display Rack,2550.0
OUT_01391,Western,548.0967,7.17,27.27,1.3901143753095153,120,High,Cooler Subsidy / Display Rack,2550.0
OUT_05716,Western,438.4626,7.98,24.24,1.3862644801901747,121,High,Cooler Subsidy / Display Rack,2550.0
OUT_04928,Western,134.7267,29.06,27.27,1.384916130880792,122,High,Cooler Subsidy / Display Rack,2550.0
OUT_04108,Western,568.556,8.95,36.36,1.3620385974304068,123,High,Cooler Subsidy / Display Rack,2550.0
OUT_06153,Western,68.5371,37.84,18.18,1.3521605130344108,124,High,Cooler Subsidy / Display Rack,2550.0
OUT_06650,Western,106.9203,43.22,33.33,1.3460807940576753,125,High,Cooler Subsidy / Display Rack,2550.0
OUT_05406,Western,181.25230000000002,36.65,48.48,1.3425417936540016,126,High,Cooler Subsidy / Display Rack,2550.0
OUT_05384,Western,512.7584,14.47,54.55,1.3356640950495051,127,High,Cooler Subsidy / Display Rack,2550.0
OUT_06243,Western,101.826,44.64,33.33,1.3240642703175065,128,High,Cooler Subsidy / Display Rack,2550.0
OUT_02740,Western,272.27139999999997,23.98,48.48,1.3195368172999191,129,High,Cooler Subsidy / Display Rack,2550.0
OUT_08884,Western,443.56589999999994,7.49,24.24,1.3162870804278926,130,High,Cooler Subsidy / Display Rack,2550.0
OUT_00337,Western,550.3559,10.94,45.45,1.2962095900968782,131,High,Cooler Subsidy / Display Rack,2550.0
OUT_05606,Western,684.9445999999998,6.47,33.33,1.290880152053597,132,High,Cooler Subsidy / Display Rack,2550.0
OUT_04737,Western,594.7136,7.99,36.36,1.271884813704497,133,High,Cooler Subsidy / Display Rack,2550.0
OUT_02133,Western,493.53400000000005,9.59,36.36,1.2668605620985012,134,High,Cooler Subsidy / Display Rack,2550.0
OUT_01197,Western,449.43000000000006,8.76,30.3,1.2578296485623004,135,High,Cooler Subsidy / Display Rack,2550.0
OUT_00094,Western,466.26709999999997,13.29,48.48,1.2523625220291026,136,High,Cooler Subsidy / Display Rack,2550.0
OUT_07390,Western,485.1938,6.51,24.24,1.2514309183835182,137,High,Cooler Subsidy / Display Rack,2550.0
OUT_02181,Western,541.0291,12.02,51.52,1.2382273004569686,138,High,Cooler Subsidy / Display Rack,2550.0
OUT_03809,Western,99.7515,53.87,42.42,1.2375894299861812,139,High,Cooler Subsidy / Display Rack,2550.0
OUT_03281,Western,755.9313999999999,7.06,42.42,1.2291284394288344,140,High,Cooler Subsidy / Display Rack,2550.0
OUT_05623,Western,110.47259999999999,38.08,33.33,1.2253995362656567,141,High,Cooler Subsidy / Display Rack,2550.0
OUT_01195,Western,238.38350000000003,20.67,39.39,1.219952202277792,142,High,Cooler Subsidy / Display Rack,2550.0
OUT_00694,Western,434.3719,14.65,51.52,1.2116428665270371,143,High,Cooler Subsidy / Display Rack,2550.0
OUT_03148,Western,816.5442,5.97,39.39,1.2069247026491707,144,High,Cooler Subsidy / Display Rack,2550.0
OUT_08831,Western,693.1773000000001,5.93,33.33,1.1973613134284884,145,High,Cooler Subsidy / Display Rack,2550.0
OUT_00168,Western,494.6953,11.16,45.45,1.1885467272335843,146,High,Cooler Subsidy / Display Rack,2550.0
OUT_04807,Western,220.19129999999998,20.09,36.36,1.1840586769271948,147,High,Cooler Subsidy / Display Rack,2550.0
OUT_06866,Western,220.22990000000004,18.38,33.33,1.1790927940576756,148,High,Cooler Subsidy / Display Rack,2550.0
OUT_03643,Western,247.36740000000003,14.83,30.3,1.1720314830670928,149,High,Cooler Subsidy / Display Rack,2550.0
OUT_01218,Western,310.4538,16.2,42.42,1.1583029847996313,150,High,Cooler Subsidy / Display Rack,2550.0
OUT_04568,Western,534.2487000000001,13.32,60.61,1.155038578802143,151,High,Cooler Subsidy / Display Rack,2550.0
OUT_07639,Western,897.6074000000001,5.58,42.42,1.1535350741593737,152,High,Cooler Subsidy / Display Rack,2550.0
OUT_07044,Western,204.4312,21.02,36.36,1.150199096359743,153,High,Cooler Subsidy / Display Rack,2550.0
OUT_07901,Western,485.11999999999995,15.31,63.64,1.1490079207920791,154,High,Cooler Subsidy / Display Rack,2550.0
OUT_03484,Western,849.7503999999999,6.61,48.48,1.135175857720291,155,High,Cooler Subsidy / Display Rack,2550.0
OUT_00551,Western,521.0742,12.75,57.58,1.134123600204848,156,High,Cooler Subsidy / Display Rack,2550.0
OUT_06373,Western,814.6789999999999,8.55,60.61,1.130580335984418,157,High,Cooler Subsidy / Display Rack,2550.0
OUT_08739,Western,696.6876,9.9,60.61,1.1194947638370394,158,High,Cooler Subsidy / Display Rack,2550.0
OUT_00310,Western,518.7058999999999,10.02,45.45,1.1189307035522065,159,High,Cooler Subsidy / Display Rack,2550.0
OUT_00336,Western,456.6508,9.82,39.39,1.1102527496905177,160,High,Cooler Subsidy / Display Rack,2550.0
OUT_02647,Western,465.39759999999995,8.88,36.36,1.1061912976445396,161,High,Cooler Subsidy / Display Rack,2550.0
OUT_00374,Western,518.7109,10.55,48.48,1.1059822140258693,162,High,Cooler Subsidy / Display Rack,2550.0
OUT_08506,Western,525.3511,9.77,45.45,1.104990365339074,163,High,Cooler Subsidy / Display Rack,2550.0
OUT_02276,Western,67.0451,61.34,36.36,1.10078866006424,164,High,Cooler Subsidy / Display Rack,2550.0
OUT_08858,Western,204.93060000000003,10.17,18.18,1.0866236715328468,165,High,Cooler Subsidy / Display Rack,2550.0
OUT_08636,Western,708.6043,6.63,42.42,1.0820005778443111,166,High,Cooler Subsidy / Display Rack,2550.0
OUT_08182,Western,164.73179999999996,28.38,42.42,1.0767131469368951,167,High,Cooler Subsidy / Display Rack,2550.0
OUT_08100,Western,737.7626,5.88,39.39,1.0740391403812826,168,High,Cooler Subsidy / Display Rack,2550.0
OUT_02667,Western,137.09900000000002,31.61,39.39,1.0729634538252044,169,High,Cooler Subsidy / Display Rack,2550.0
OUT_07235,Western,241.26430000000002,25.88,57.58,1.0658791539774666,170,High,Cooler Subsidy / Display Rack,2550.0
OUT_06151,Western,730.2944,6.32,42.42,1.0629803334868726,171,High,Cooler Subsidy / Display Rack,2550.0
OUT_03097,Western,538.599,6.17,30.3,1.0617111277955271,172,High,Cooler Subsidy / Display Rack,2550.0
OUT_00140,Western,377.6702,12.14,42.42,1.055945699677568,173,High,Cooler Subsidy / Display Rack,2550.0
OUT_03705,Western,107.82840000000002,39.54,39.39,1.0555917147808866,174,High,Cooler Subsidy / Display Rack,2550.0
OUT_00396,Western,507.21040000000005,8.28,39.39,1.0397875989106216,175,High,Cooler Subsidy / Display Rack,2550.0
OUT_04239,Western,678.3199999999999,8.03,51.52,1.0371115003808071,176,High,Cooler Subsidy / Display Rack,2550.0
OUT_05168,Western,404.9086,9.56,36.36,1.0361151541755889,177,High,Cooler Subsidy / Display Rack,2550.0
OUT_08658,Western,419.8058,11.39,45.45,1.0294053954790094,178,High,Cooler Subsidy / Display Rack,2550.0
OUT_07335,Western,500.2992,12.6,60.61,1.023173173186171,179,High,Cooler Subsidy / Display Rack,2550.0
OUT_02445,Western,181.00979999999998,24.41,42.42,1.0176069134039614,180,High,Cooler Subsidy / Display Rack,2550.0
OUT_03074,Western,235.14030000000002,16.12,36.36,1.0145775256959317,181,High,Cooler Subsidy / Display Rack,2550.0
OUT_08206,Western,548.4869,9.7,51.52,1.013008935643564,182,High,Cooler Subsidy / Display Rack,2550.0
OUT_03213,Western,154.0438,40.22,60.61,1.005622729427041,183,High,Cooler Subsidy / Display Rack,2550.0
OUT_06327,Western,431.63109999999995,7.28,30.3,1.0039215361022362,184,High,Cooler Subsidy / Display Rack,2550.0
OUT_08083,Western,434.0883,9.26,39.39,0.9952111062144094,185,High,Cooler Subsidy / Display Rack,2550.0
OUT_03018,Western,537.2888,7.99,42.42,0.9887004864117919,186,High,Cooler Subsidy / Display Rack,2550.0
OUT_07879,Western,444.2457,12.28,54.55,0.9820589011701171,187,High,Cooler Subsidy / Display Rack,2550.0
OUT_07243,Western,258.2104,11.88,30.3,0.9800445853035142,188,High,Cooler Subsidy / Display Rack,2550.0
OUT_03849,Western,463.19390000000004,5.95,27.27,0.9748863477184295,189,High,Cooler Subsidy / Display Rack,2550.0
OUT_02546,Western,71.79509999999999,66.68,48.48,0.9675216790622473,190,High,Cooler Subsidy / Display Rack,2550.0
OUT_07144,Western,517.6378,11.39,60.61,0.9569703850024346,191,High,Cooler Subsidy / Display Rack,2550.0
OUT_05250,Western,901.2781000000002,2.67,24.24,0.9534122531695725,192,High,Cooler Subsidy / Display Rack,2550.0
OUT_07845,Western,455.44489999999996,10.35,48.48,0.9526788025464833,193,High,Cooler Subsidy / Display Rack,2550.0
OUT_05778,Western,205.9803,29.21,63.64,0.9307989732363862,194,High,Cooler Subsidy / Display Rack,2550.0
OUT_00333,Western,570.8677,8.53,51.52,0.9271708836633662,195,High,Cooler Subsidy / Display Rack,2550.0
OUT_01307,Western,213.886,16.13,36.36,0.9234424999999999,196,High,Cooler Subsidy / Display Rack,2550.0
OUT_07148,Western,543.5884000000001,6.84,39.39,0.920560697202278,197,High,Cooler Subsidy / Display Rack,2550.0
OUT_08217,Western,569.8506,9.83,60.61,0.9092081477032948,198,High,Cooler Subsidy / Display Rack,2550.0
OUT_07204,Western,103.5033,35.18,39.39,0.9015216870512502,199,High,Cooler Subsidy / Display Rack,2550.0
OUT_06212,Western,162.9936,32.4,57.58,0.9015009627859336,200,High,Cooler Subsidy / Display Rack,2550.0
OUT_04442,Western,557.8461,6.52,39.39,0.9005091785095319,201,High,Cooler Subsidy / Display Rack,2550.0
OUT_02836,Western,725.2918,6.51,51.52,0.8990193484386898,202,High,Cooler Subsidy / Display Rack,2550.0
OUT_06933,Western,158.4309,21.19,36.36,0.8985949601177732,203,High,Cooler Subsidy / Display Rack,2550.0
OUT_07285,Western,984.1370999999999,3.67,39.39,0.8942270752661549,204,High,Cooler Subsidy / Display Rack,2550.0
OUT_08442,Western,753.4078999999999,5.51,45.45,0.8937088329386434,205,High,Cooler Subsidy / Display Rack,2550.0
OUT_04734,Western,465.32199999999995,8.3,42.42,0.8894916167664669,206,High,Cooler Subsidy / Display Rack,2550.0
OUT_04621,Western,221.9591,27.03,66.67,0.8865899915767695,207,High,Cooler Subsidy / Display Rack,2550.0
OUT_05248,Western,200.8105,28.5,63.64,0.8853804532797028,208,High,Cooler Subsidy / Display Rack,2550.0
OUT_03567,Western,246.31740000000002,12.24,33.33,0.8782187521118556,209,High,Cooler Subsidy / Display Rack,2550.0
OUT_05057,Western,181.0802,16.62,33.33,0.8766539248470726,210,High,Cooler Subsidy / Display Rack,2550.0
OUT_05914,Western,81.663,52.81,48.48,0.8715891329830233,211,High,Cooler Subsidy / Display Rack,2550.0
OUT_02932,Western,225.50439999999998,12.05,30.3,0.8681559169329073,212,High,Cooler Subsidy / Display Rack,2550.0
OUT_08437,Western,486.40450000000004,6.66,36.36,0.8670915337259102,213,High,Cooler Subsidy / Display Rack,2550.0
OUT_05455,Western,145.0967,31.27,51.52,0.863894480007616,214,High,Cooler Subsidy / Display Rack,2550.0
OUT_00856,Western,835.2604999999999,4.78,45.45,0.8595361011840688,215,High,Cooler Subsidy / Display Rack,2550.0
OUT_01477,Western,117.07619999999999,40.74,54.55,0.8586290527452745,216,High,Cooler Subsidy / Display Rack,2550.0
OUT_05575,Western,585.9257,9.32,63.64,0.8448062382425743,217,High,Cooler Subsidy / Display Rack,2550.0
OUT_06803,Western,220.6194,24.71,63.64,0.8433640739480199,218,High,Cooler Subsidy / Display Rack,2550.0
OUT_08382,Western,488.5926,8.0,45.45,0.8414942518837459,219,High,Cooler Subsidy / Display Rack,2550.0
OUT_01207,Western,793.8517000000002,6.53,60.61,0.8413977602661906,220,High,Cooler Subsidy / Display Rack,2550.0
OUT_00792,Western,487.10389999999995,5.92,33.33,0.8399810917564812,221,High,Cooler Subsidy / Display Rack,2550.0
OUT_00924,Western,128.8007,47.67,72.73,0.8327586286450563,222,High,Cooler Subsidy / Display Rack,2550.0
OUT_04174,Western,568.3208999999999,5.46,36.36,0.8305760476445396,223,High,Cooler Subsidy / Display Rack,2550.0
OUT_03957,Western,809.1249,4.4,42.42,0.8199331091662829,224,High,Cooler Subsidy / Display Rack,2550.0
OUT_03186,Western,208.78209999999999,16.88,42.42,0.8116632538000919,225,High,Cooler Subsidy / Display Rack,2550.0
OUT_04846,Western,96.6676,31.34,36.36,0.810910755888651,226,High,Cooler Subsidy / Display Rack,2550.0
OUT_04299,Western,267.3462,15.91,51.52,0.8098777688499619,227,High,Cooler Subsidy / Display Rack,2550.0
OUT_01603,Western,78.29429999999999,32.37,30.3,0.8097081440894568,228,High,Cooler Subsidy / Display Rack,2550.0
OUT_08956,Western,96.2135,41.51,48.48,0.8071589298706546,229,High,Cooler Subsidy / Display Rack,2550.0
OUT_04507,Western,439.16,7.37,39.39,0.8013392423867295,230,High,Cooler Subsidy / Display Rack,2550.0
OUT_04261,Western,538.3196,1.49,9.09,0.794941728444004,231,High,Cooler Subsidy / Display Rack,2550.0
OUT_03330,Western,669.0237,6.22,51.52,0.7923319523990859,232,High,Cooler Subsidy / Display Rack,2550.0
OUT_00691,Western,767.1095,4.17,39.39,0.7919897536518941,233,High,Cooler Subsidy / Display Rack,2550.0
OUT_00196,Western,542.6884,7.2,48.48,0.7896840097008894,234,High,Cooler Subsidy / Display Rack,2550.0
OUT_01512,Western,82.46279999999999,38.6,39.39,0.7880822183708839,235,High,Cooler Subsidy / Display Rack,2550.0
OUT_02212,Western,298.6605,14.64,54.55,0.7871088604860487,236,High,Cooler Subsidy / Display Rack,2550.0
OUT_05410,Western,515.0265,7.09,45.45,0.7861222572658774,237,High,Cooler Subsidy / Display Rack,2550.0
OUT_03125,Western,234.79680000000002,13.52,39.39,0.7859501698440208,238,High,Cooler Subsidy / Display Rack,2550.0
OUT_08605,Western,92.7972,44.27,51.52,0.7822033594821022,239,High,Cooler Subsidy / Display Rack,2550.0
OUT_05696,Western,134.3373,32.33,54.55,0.7818406676867686,240,High,Cooler Subsidy / Display Rack,2550.0
OUT_00130,Western,449.34970000000004,8.07,45.45,0.7806785961248655,241,High,Cooler Subsidy / Display Rack,2550.0
OUT_06176,Western,219.86989999999997,19.67,54.55,0.7785492228622862,242,High,Cooler Subsidy / Display Rack,2550.0
OUT_04308,Western,71.4598,37.37,33.33,0.7778772869210603,243,High,Cooler Subsidy / Display Rack,2550.0
OUT_01085,Western,530.9923,7.63,51.52,0.7714149369763897,244,High,Cooler Subsidy / Display Rack,2550.0
OUT_03724,Western,779.3327000000002,5.48,54.55,0.7688106563456347,245,High,Cooler Subsidy / Display Rack,2550.0
OUT_08129,Western,478.68469999999996,9.38,57.58,0.7664838658245134,246,High,Cooler Subsidy / Display Rack,2550.0
OUT_06485,Western,71.0316,33.71,30.3,0.7650080626198082,247,High,Cooler Subsidy / Display Rack,2550.0
OUT_07413,Western,240.86020000000002,13.79,42.42,0.7649613445416859,248,High,Cooler Subsidy / Display Rack,2550.0
OUT_02636,Western,744.4489000000001,2.9,27.27,0.7636723770781747,249,High,Cooler Subsidy / Display Rack,2550.0
OUT_02358,Western,509.1718000000001,3.33,21.21,0.7634138199009456,250,High,Cooler Subsidy / Display Rack,2550.0
OUT_05495,Western,508.99809999999997,3.33,21.21,0.7631533872129671,251,High,Cooler Subsidy / Display Rack,2550.0
OUT_00799,Western,366.853,6.51,30.3,0.7630073578274759,252,High,Cooler Subsidy / Display Rack,2550.0
OUT_06615,Western,475.36389999999994,5.02,30.3,0.7624047214057506,253,High,Cooler Subsidy / Display Rack,2550.0
OUT_02376,Western,71.21549999999999,59.14,54.55,0.7581790585058505,254,High,Cooler Subsidy / Display Rack,2550.0
OUT_03212,Western,91.5269,15.88,18.18,0.7577931032325338,255,High,Cooler Subsidy / Display Rack,2550.0
OUT_04939,Western,123.48,37.22,60.61,0.7459707190391169,256,High,Cooler Subsidy / Display Rack,2550.0
OUT_07492,Western,879.7857999999999,5.99,69.7,0.7453913637906647,257,High,Cooler Subsidy / Display Rack,2550.0
OUT_08025,Western,507.4153,3.69,24.24,0.7418234774167989,258,High,Cooler Subsidy / Display Rack,2550.0
OUT_08827,Western,718.5887,5.1,48.48,0.7406633730800323,259,High,Cooler Subsidy / Display Rack,2550.0
OUT_07048,Western,563.3073,6.1,45.45,0.7397577029063509,260,High,Cooler Subsidy / Display Rack,2550.0
OUT_00952,Western,442.4012000000001,14.85,87.88,0.7391604207920792,261,High,Cooler Subsidy / Display Rack,2550.0
OUT_00032,Western,1243.5804,3.12,51.52,0.7387606336633664,262,High,Cooler Subsidy / Display Rack,2550.0
OUT_03893,Western,483.89549999999997,7.55,48.48,0.7383611610751818,263,High,Cooler Subsidy / Display Rack,2550.0
OUT_07582,Western,95.2051,28.85,36.36,0.7351892759635975,264,High,Cooler Subsidy / Display Rack,2550.0
OUT_05538,Western,272.0306,11.72,42.42,0.7342696066328881,265,High,Cooler Subsidy / Display Rack,2550.0
OUT_04708,Western,110.0975,37.0,54.55,0.7333226822682268,266,High,Cooler Subsidy / Display Rack,2550.0
OUT_05592,Western,669.2966000000001,6.08,54.55,0.7325514541854187,267,High,Cooler Subsidy / Display Rack,2550.0
OUT_07467,Western,229.911,12.86,39.39,0.7320266055954444,268,High,Cooler Subsidy / Display Rack,2550.0
OUT_08090,Western,716.9238,4.43,42.42,0.7314538079226163,269,High,Cooler Subsidy / Display Rack,2550.0
OUT_07187,Western,424.05190000000005,7.98,45.45,0.7285111220667385,270,High,Cooler Subsidy / Display Rack,2550.0
OUT_00454,Western,212.6788,13.83,39.39,0.728236643723694,271,High,Cooler Subsidy / Display Rack,2550.0
OUT_03230,Western,123.59879999999998,29.11,48.48,0.7271546216653192,272,High,Cooler Subsidy / Display Rack,2550.0
OUT_05759,Western,105.6045,27.8,39.39,0.7268643476107949,273,High,Cooler Subsidy / Display Rack,2550.0
OUT_06906,Western,424.03059999999994,4.84,27.27,0.7259667859922178,274,High,Cooler Subsidy / Display Rack,2550.0
OUT_02804,Western,112.04050000000001,32.02,48.48,0.7250478597413098,275,High,Cooler Subsidy / Display Rack,2550.0
OUT_04183,Western,104.3528,32.22,45.45,0.7238422424111948,276,High,Cooler Subsidy / Display Rack,2550.0
OUT_07893,Western,612.7342000000001,4.76,39.39,0.7221130953206241,277,High,Cooler Subsidy / Display Rack,2550.0
OUT_08247,Western,204.8918,11.03,30.3,0.7220308479233225,278,High,Cooler Subsidy / Display Rack,2550.0
OUT_00001,Western,1523.1091000000001,2.2,45.45,0.7213864413347686,279,High,Cooler Subsidy / Display Rack,2550.0
OUT_00255,Western,433.34039999999993,7.66,45.45,0.7146151698600645,280,High,Cooler Subsidy / Display Rack,2550.0
OUT_05691,Western,506.66150000000005,8.26,57.58,0.7144117429156709,281,High,Cooler Subsidy / Display Rack,2550.0
OUT_05885,Western,209.7165,16.8,48.48,0.7120527890056589,282,High,Cooler Subsidy / Display Rack,2550.0
OUT_04678,Western,862.4884,2.83,33.33,0.7109939330032042,283,High,Cooler Subsidy / Display Rack,2550.0
OUT_02313,Western,243.02349999999998,12.68,42.42,0.7097047397512667,284,High,Cooler Subsidy / Display Rack,2550.0
OUT_02482,Western,457.34549999999996,7.2,45.45,0.7089101399354144,285,High,Cooler Subsidy / Display Rack,2550.0
OUT_04720,Western,106.1194,33.04,48.48,0.7086065028294259,286,High,Cooler Subsidy / Display Rack,2550.0
OUT_08673,Western,518.3522,4.69,33.33,0.7081479225167494,287,High,Cooler Subsidy / Display Rack,2550.0
OUT_00815,Western,614.8451,5.69,48.48,0.7070470127324172,288,High,Cooler Subsidy / Display Rack,2550.0
OUT_07577,Western,107.46589999999999,22.57,33.33,0.7065264675211186,289,High,Cooler Subsidy / Display Rack,2550.0
OUT_04342,Western,494.5664,7.06,48.48,0.7056666903799514,290,High,Cooler Subsidy / Display Rack,2550.0
OUT_07911,Western,474.27419999999995,8.71,57.58,0.7051772417207238,291,High,Cooler Subsidy / Display Rack,2550.0
OUT_06510,Western,96.3411,22.83,30.3,0.7027052118210861,292,High,Cooler Subsidy / Display Rack,2550.0
OUT_03355,Western,113.40990000000001,21.23,33.33,0.7013376571511798,293,High,Cooler Subsidy / Display Rack,2550.0
OUT_05647,Western,237.55810000000002,10.96,36.36,0.6969049186295505,294,High,Cooler Subsidy / Display Rack,2550.0
OUT_05156,Western,816.8079000000002,5.49,63.64,0.6937307195235152,295,High,Cooler Subsidy / Display Rack,2550.0
OUT_07396,Western,292.8883,11.63,48.48,0.688417730194018,296,High,Cooler Subsidy / Display Rack,2550.0
OUT_04836,Western,190.3888,22.25,60.61,0.6875751988313585,297,High,Cooler Subsidy / Display Rack,2550.0
OUT_07795,Western,617.5794999999999,4.83,42.42,0.6869896326577614,298,High,Cooler Subsidy / Display Rack,2550.0
OUT_08719,Western,211.8046,21.94,66.67,0.6867138944879562,299,High,Cooler Subsidy / Display Rack,2550.0
OUT_07791,Western,563.9015999999999,6.39,51.52,0.6860874379284081,300,High,Cooler Subsidy / Display Rack,2550.0
OUT_08032,Western,718.4624999999999,4.42,45.45,0.6836607642626478,301,High,Cooler Subsidy / Display Rack,2550.0
OUT_07408,Western,772.5318,3.57,39.39,0.6828270675909878,302,High,Cooler Subsidy / Display Rack,2550.0
OUT_08474,Western,527.2319,6.8,51.52,0.6826307920792078,303,High,Cooler Subsidy / Display Rack,2550.0
OUT_04466,Western,208.17899999999997,17.11,51.52,0.678206909748667,304,High,Cooler Subsidy / Display Rack,2550.0
OUT_00045,Western,1346.7979999999998,2.94,57.58,0.6759279822465004,305,High,Cooler Subsidy / Display Rack,2550.0
OUT_01660,Western,156.5595,21.25,48.48,0.6723705284963623,306,High,Cooler Subsidy / Display Rack,2550.0
OUT_02759,Western,128.90810000000002,35.26,66.67,0.6716860656125314,307,High,Cooler Subsidy / Display Rack,2550.0
OUT_03850,Western,480.405,7.26,51.52,0.6640785034272657,308,High,Cooler Subsidy / Display Rack,2550.0
OUT_05117,Western,71.26520000000001,26.23,27.27,0.6612261039971702,309,High,Cooler Subsidy / Display Rack,2550.0
OUT_01780,Western,216.02620000000002,16.07,51.52,0.6609941039603962,310,High,Cooler Subsidy / Display Rack,2550.0
OUT_02824,Western,264.44899999999996,17.64,69.7,0.6598133465346533,311,High,Cooler Subsidy / Display Rack,2550.0
OUT_02865,Western,632.1275,2.31,21.21,0.6574581382260243,312,High,Cooler Subsidy / Display Rack,2550.0
OUT_05756,Western,219.22999999999996,15.72,51.52,0.6561872810357958,313,High,Cooler Subsidy / Display Rack,2550.0
OUT_00497,Western,153.13299999999998,5.62,12.12,0.6559508079268292,314,High,Cooler Subsidy / Display Rack,2550.0
OUT_04817,Western,85.10860000000001,26.45,33.33,0.6557304019807749,315,High,Cooler Subsidy / Display Rack,2550.0
OUT_06826,Western,443.8636,9.99,66.67,0.6552678238510419,316,High,Cooler Subsidy / Display Rack,2550.0
OUT_05005,Western,238.8544,15.22,54.55,0.6544309573357336,317,High,Cooler Subsidy / Display Rack,2550.0
OUT_02714,Western,151.0452,18.79,42.42,0.6536479290649468,318,High,Cooler Subsidy / Display Rack,2550.0
OUT_06049,Western,571.4134000000001,2.88,24.24,0.6520089508716326,319,High,Cooler Subsidy / Display Rack,2550.0
OUT_02312,Western,190.5136,13.82,39.39,0.651868767516712,320,High,Cooler Subsidy / Display Rack,2550.0
OUT_06361,Western,466.1341,6.06,42.42,0.6505694716720404,321,High,Cooler Subsidy / Display Rack,2550.0
OUT_00190,Western,506.03870000000006,7.14,54.55,0.6504259798379839,322,High,Cooler Subsidy / Display Rack,2550.0
OUT_05159,Western,223.6476,16.13,54.55,0.6494033821782178,323,High,Cooler Subsidy / Display Rack,2550.0
OUT_03358,Western,730.9557,4.93,54.55,0.6487149596759675,324,High,Cooler Subsidy / Display Rack,2550.0
OUT_01409,Western,479.79550000000006,4.61,33.33,0.6442928211476844,325,High,Cooler Subsidy / Display Rack,2550.0
OUT_05056,Western,210.56269999999998,16.98,54.55,0.64362819909991,326,High,Cooler Subsidy / Display Rack,2550.0
OUT_07310,Western,91.2675,28.47,39.39,0.6433240220351573,327,High,Cooler Subsidy / Display Rack,2550.0
OUT_01593,Western,433.2624,6.89,45.45,0.6426647870828848,328,High,Cooler Subsidy / Display Rack,2550.0
OUT_04402,Western,412.4808,9.01,57.58,0.6344233540457493,329,High,Cooler Subsidy / Display Rack,2550.0
OUT_02294,Western,134.13029999999998,17.59,36.36,0.6315181951284796,330,High,Cooler Subsidy / Display Rack,2550.0
OUT_02026,Western,249.05249999999998,11.74,45.45,0.629467459634015,331,High,Cooler Subsidy / Display Rack,2550.0
OUT_01844,Western,502.04979999999995,7.72,60.61,0.6290901567927283,332,High,Cooler Subsidy / Display Rack,2550.0
OUT_08677,Western,61.8343,25.62,24.24,0.6276524429477021,333,High,Cooler Subsidy / Display Rack,2550.0
OUT_05253,Western,205.3777,14.16,45.45,0.6260814277717976,334,High,Cooler Subsidy / Display Rack,2550.0
OUT_08666,Western,668.4247,4.35,45.45,0.6259736157158234,335,High,Cooler Subsidy / Display Rack,2550.0
OUT_06453,Western,97.34469999999999,47.38,72.73,0.6255515917536958,336,High,Cooler Subsidy / Display Rack,2550.0
OUT_03031,Western,183.1117,13.78,39.39,0.6247287016588265,337,High,Cooler Subsidy / Display Rack,2550.0
OUT_08537,Western,391.8432,5.47,33.33,0.6243467241479755,338,High,Cooler Subsidy / Display Rack,2550.0
OUT_02792,Western,467.0203000000001,5.38,39.39,0.6220770522406538,339,High,Cooler Subsidy / Display Rack,2550.0
OUT_04903,Western,178.526,16.18,45.45,0.6218623638320775,340,High,Cooler Subsidy / Display Rack,2550.0
OUT_07519,Western,751.4570999999999,1.82,21.21,0.6157820450247634,341,High,Cooler Subsidy / Display Rack,2550.0
OUT_00881,Western,451.96619999999996,5.5,39.39,0.6154528596187174,342,High,Cooler Subsidy / Display Rack,2550.0
OUT_08333,Western,69.7038,46.33,51.52,0.61488519687738,343,High,Cooler Subsidy / Display Rack,2550.0
OUT_03388,Western,349.8053,6.55,36.36,0.613282846627409,344,High,Cooler Subsidy / Display Rack,2550.0
OUT_01099,Western,516.5671,3.71,30.3,0.6122887990415335,345,High,Cooler Subsidy / Display Rack,2550.0
OUT_04641,Western,214.291,10.65,36.36,0.6108670101713062,346,High,Cooler Subsidy / Display Rack,2550.0
OUT_04755,Western,274.5573,9.66,42.42,0.6108299212344542,347,High,Cooler Subsidy / Display Rack,2550.0
OUT_05029,Western,213.46079999999998,14.15,48.48,0.6104426677445433,348,High,Cooler Subsidy / Display Rack,2550.0
OUT_00052,Western,1313.3313,1.17,24.24,0.6087946200475436,349,High,Cooler Subsidy / Display Rack,2550.0
OUT_08979,Western,455.9796,6.19,45.45,0.6076455810548977,350,High,Cooler Subsidy / Display Rack,2550.0
OUT_00951,Western,172.82940000000002,24.85,69.7,0.6074696732673268,351,High,Cooler Subsidy / Display Rack,2550.0
OUT_00442,Western,115.7054,29.12,54.55,0.6065420788478848,352,High,Cooler Subsidy / Display Rack,2550.0
OUT_03906,Western,462.60959999999994,6.48,48.48,0.6058428067906225,353,High,Cooler Subsidy / Display Rack,2550.0
OUT_08865,Western,220.90329999999997,10.24,36.36,0.6054737130620985,354,High,Cooler Subsidy / Display Rack,2550.0
OUT_04384,Western,101.2903,29.5,48.48,0.6038932599029911,355,High,Cooler Subsidy / Display Rack,2550.0
OUT_08119,Western,89.0865,31.33,45.45,0.6008783735199138,356,High,Cooler Subsidy / Display Rack,2550.0
OUT_06647,Western,200.11489999999998,15.76,51.52,0.6004971104341202,357,High,Cooler Subsidy / Display Rack,2550.0
OUT_03764,Western,496.2335,5.61,45.45,0.5993261431646932,358,High,Cooler Subsidy / Display Rack,2550.0
OUT_01006,Western,618.8579,5.96,60.61,0.5986679246875507,359,High,Cooler Subsidy / Display Rack,2550.0
OUT_01709,Western,109.7433,30.26,54.55,0.59780958739874,360,High,Cooler Subsidy / Display Rack,2550.0
OUT_04607,Western,213.2382,16.38,57.58,0.5962515732331855,361,High,Cooler Subsidy / Display Rack,2550.0
OUT_08764,Western,402.13140000000004,7.73,51.52,0.5918651412795127,362,High,Cooler Subsidy / Display Rack,2550.0
OUT_06462,Western,522.2719999999999,3.88,33.33,0.5902753743081852,363,High,Cooler Subsidy / Display Rack,2550.0
OUT_04293,Western,386.0918,8.02,51.52,0.5895765872048742,364,High,Cooler Subsidy / Display Rack,2550.0
OUT_06170,Western,401.38149999999996,8.14,54.55,0.5881629900990099,365,High,Cooler Subsidy / Display Rack,2550.0
OUT_02328,Western,90.6843,26.13,39.39,0.5866751074523396,366,High,Cooler Subsidy / Display Rack,2550.0
OUT_07980,Western,701.219,2.87,33.33,0.5862215351004952,367,High,Cooler Subsidy / Display Rack,2550.0
OUT_00291,Western,492.2624,3.71,30.3,0.583480352715655,368,High,Cooler Subsidy / Display Rack,2550.0
OUT_03591,Western,685.5318,2.92,33.33,0.5830914232449752,369,High,Cooler Subsidy / Display Rack,2550.0
OUT_02242,Western,467.9997,4.27,33.33,0.5821027436644334,370,High,Cooler Subsidy / Display Rack,2550.0
OUT_03206,Western,261.199,6.97,30.3,0.5816476134185303,371,High,Cooler Subsidy / Display Rack,2550.0
OUT_05743,Western,742.2003,3.15,39.39,0.5788390554592722,372,High,Cooler Subsidy / Display Rack,2550.0
OUT_01506,Western,430.29819999999995,5.02,36.36,0.5781844122055674,373,High,Cooler Subsidy / Display Rack,2550.0
OUT_07944,Western,86.7885,34.96,51.52,0.577708674790556,374,High,Cooler Subsidy / Display Rack,2550.0
OUT_04835,Western,815.1143000000002,3.07,42.42,0.5763244820359282,375,High,Cooler Subsidy / Display Rack,2550.0
OUT_06050,Western,485.95369999999997,5.14,42.42,0.5752653196683555,376,High,Cooler Subsidy / Display Rack,2550.0
OUT_02541,Western,443.53249999999997,8.38,63.64,0.5750003635519803,377,High,Cooler Subsidy / Display Rack,2550.0
OUT_00364,Western,427.9118,7.43,54.55,0.5723464759675968,378,High,Cooler Subsidy / Display Rack,2550.0
OUT_07008,Western,748.1810000000003,3.32,42.42,0.5720775955780748,379,High,Cooler Subsidy / Display Rack,2550.0
OUT_08233,Western,486.34530000000007,6.16,51.52,0.5704278461538462,380,High,Cooler Subsidy / Display Rack,2550.0
OUT_06367,Western,545.886,6.09,57.58,0.5675052475247524,381,High,Cooler Subsidy / Display Rack,2550.0
OUT_06065,Western,178.12419999999997,16.68,51.52,0.565710520944402,382,High,Cooler Subsidy / Display Rack,2550.0
OUT_07322,Western,243.13139999999999,11.5,48.48,0.5650790420371867,383,High,Cooler Subsidy / Display Rack,2550.0
OUT_08958,Western,450.92580000000004,3.9,30.3,0.5618564281150159,384,High,Cooler Subsidy / Display Rack,2550.0
OUT_07527,Western,122.7886,22.64,48.48,0.5618298108326597,385,High,Cooler Subsidy / Display Rack,2550.0
OUT_03174,Western,109.45500000000001,20.68,39.39,0.5604182718494678,386,High,Cooler Subsidy / Display Rack,2550.0
OUT_00051,Western,1464.3422,1.66,42.42,0.5598360322432059,387,High,Cooler Subsidy / Display Rack,2550.0
OUT_06299,Western,198.82289999999998,21.51,75.76,0.5571496324908806,388,High,Cooler Subsidy / Display Rack,2550.0
OUT_02858,Western,454.3763,4.95,39.39,0.556861273830156,389,High,Cooler Subsidy / Display Rack,2550.0
OUT_06586,Western,169.4855,21.23,63.64,0.5566486950804457,390,High,Cooler Subsidy / Display Rack,2550.0
OUT_06277,Western,201.9888,10.29,36.36,0.5563342483940042,391,High,Cooler Subsidy / Display Rack,2550.0
OUT_02176,Western,721.6760000000002,4.03,51.52,0.553761287128713,392,High,Cooler Subsidy / Display Rack,2550.0
OUT_08875,Western,242.9709,7.82,33.33,0.5534612403145938,393,High,Cooler Subsidy / Display Rack,2550.0
OUT_06629,Western,615.3315,4.45,48.48,0.5534003991511722,394,High,Cooler Subsidy / Display Rack,2550.0
OUT_07626,Western,98.7937,31.09,54.55,0.55292459639964,395,High,Cooler Subsidy / Display Rack,2550.0
OUT_02578,Western,453.625,6.03,48.48,0.5528210893290219,396,High,Cooler Subsidy / Display Rack,2550.0
OUT_06665,Western,71.4438,38.24,48.48,0.5521444850444625,397,High,Cooler Subsidy / Display Rack,2550.0
OUT_01495,Western,156.9475,19.49,54.55,0.5506582853285328,398,High,Cooler Subsidy / Display Rack,2550.0
OUT_06764,Western,563.2759,3.64,36.36,0.5488020010706638,399,High,Cooler Subsidy / Display Rack,2550.0
OUT_00907,Western,70.6517,45.43,57.58,0.5479185269716627,400,High,Cooler Subsidy / Display Rack,2550.0
OUT_00104,Western,484.13779999999997,4.9,42.42,0.5463554168585905,401,High,Cooler Subsidy / Display Rack,2550.0
OUT_02099,Western,229.26710000000003,11.76,48.48,0.544903212611156,402,High,Cooler Subsidy / Display Rack,2550.0
OUT_08744,Western,102.65429999999999,11.76,21.21,0.5435455056280953,403,High,Cooler Subsidy / Display Rack,2550.0
OUT_02753,Western,229.72449999999998,11.7,48.48,0.5432046584478576,404,High,Cooler Subsidy / Display Rack,2550.0
OUT_00366,Western,476.61280000000005,5.63,48.48,0.5423059951495554,405,High,Cooler Subsidy / Display Rack,2550.0
OUT_07643,Western,243.4303,7.64,33.33,0.5417440990387417,406,High,Cooler Subsidy / Display Rack,2550.0
OUT_02365,Western,295.7732,5.17,27.27,0.540908186770428,407,High,Cooler Subsidy / Display Rack,2550.0
OUT_05292,Western,575.5431,5.79,60.61,0.5408853350105502,408,High,Cooler Subsidy / Display Rack,2550.0
OUT_01886,Western,80.93180000000001,33.04,48.48,0.54041767825384,409,High,Cooler Subsidy / Display Rack,2550.0
OUT_02225,Western,88.3473,26.55,42.42,0.5402166777982497,410,High,Cooler Subsidy / Display Rack,2550.0
OUT_06127,Western,152.70080000000002,18.58,51.52,0.5402096085300838,411,High,Cooler Subsidy / Display Rack,2550.0
OUT_01279,Western,190.66039999999998,14.01,48.48,0.5398448270008084,412,High,Cooler Subsidy / Display Rack,2550.0
OUT_02314,Western,238.3341,7.77,33.33,0.539427893096417,413,High,Cooler Subsidy / Display Rack,2550.0
OUT_03239,Western,105.9752,25.12,48.48,0.5380147582861763,414,High,Cooler Subsidy / Display Rack,2550.0
OUT_07061,Western,335.51430000000005,2.58,15.15,0.5359918848297216,415,High,Cooler Subsidy / Display Rack,2550.0
OUT_02745,Western,79.6705,35.33,51.52,0.5359403589108911,416,High,Cooler Subsidy / Display Rack,2550.0
OUT_06818,Western,708.4614999999999,3.74,48.48,0.5354983852061438,417,High,Cooler Subsidy / Display Rack,2550.0
OUT_08243,Western,583.9752,2.59,27.27,0.5350179582596392,418,High,Cooler Subsidy / Display Rack,2550.0
OUT_06561,Western,251.41629999999998,11.8,54.55,0.5340616273627362,419,High,Cooler Subsidy / Display Rack,2550.0
OUT_04477,Western,60.4643,24.96,27.27,0.5338482235585427,420,High,Cooler Subsidy / Display Rack,2550.0
OUT_08705,Western,216.83100000000002,8.43,33.33,0.5324454791727353,421,High,Cooler Subsidy / Display Rack,2550.0
OUT_08785,Western,571.3533,4.58,48.48,0.528859764349232,422,High,Cooler Subsidy / Display Rack,2550.0
OUT_00356,Western,460.3064,4.29,36.36,0.5285638265524625,423,High,Cooler Subsidy / Display Rack,2550.0
OUT_04444,Western,151.6564,16.15,45.45,0.5272875909580191,424,High,Cooler Subsidy / Display Rack,2550.0
OUT_00358,Western,462.10790000000003,5.99,51.52,0.52704233073115,425,High,Cooler Subsidy / Display Rack,2550.0
OUT_02392,Western,146.16359999999997,17.83,48.48,0.5266970468876313,426,High,Cooler Subsidy / Display Rack,2550.0
OUT_02969,Western,533.0985000000001,6.67,66.67,0.5254569225653909,427,High,Cooler Subsidy / Display Rack,2550.0
OUT_01784,Western,144.3058,23.4,63.64,0.5223941398514851,428,High,Cooler Subsidy / Display Rack,2550.0
OUT_04368,Western,744.3317999999999,2.61,36.36,0.5199962521413275,429,High,Cooler Subsidy / Display Rack,2550.0
OUT_08565,Western,454.9178,7.72,66.67,0.5189841016698684,430,High,Cooler Subsidy / Display Rack,2550.0
OUT_04282,Western,392.418,5.33,39.39,0.5178479673186432,431,High,Cooler Subsidy / Display Rack,2550.0
OUT_03781,Western,250.8668,10.83,51.52,0.5173053015993907,432,High,Cooler Subsidy / Display Rack,2550.0
OUT_08007,Western,107.2327,16.55,33.33,0.5169534474220798,433,High,Cooler Subsidy / Display Rack,2550.0
OUT_01078,Western,89.8656,24.9,42.42,0.5153508613542146,434,High,Cooler Subsidy / Display Rack,2550.0
OUT_06088,Western,402.38599999999997,5.17,39.39,0.5150620500123793,435,High,Cooler Subsidy / Display Rack,2550.0
OUT_04575,Western,282.02970000000005,11.25,60.61,0.5149868730725532,436,High,Cooler Subsidy / Display Rack,2550.0
OUT_01352,Western,436.9640999999999,5.81,48.48,0.513088403597413,437,High,Cooler Subsidy / Display Rack,2550.0
OUT_03964,Western,237.2506,10.7,48.48,0.5130520250606305,438,High,Cooler Subsidy / Display Rack,2550.0
OUT_00762,Western,88.6078,21.62,36.36,0.5127678361884369,439,High,Cooler Subsidy / Display Rack,2550.0
OUT_08179,Western,523.4522,5.44,54.55,0.5126156558055806,440,High,Cooler Subsidy / Display Rack,2550.0
OUT_02892,Western,811.5206000000001,2.74,42.42,0.5121065048364809,441,High,Cooler Subsidy / Display Rack,2550.0
OUT_00072,Western,511.5539,4.65,45.45,0.5121045500538214,442,High,Cooler Subsidy / Display Rack,2550.0
OUT_08577,Western,219.96609999999998,9.35,39.39,0.509206000247586,443,High,Cooler Subsidy / Display Rack,2550.0
OUT_05022,Western,73.33149999999999,32.21,45.45,0.5085054068891279,444,High,Cooler Subsidy / Display Rack,2550.0
OUT_04161,Western,789.394,2.99,45.45,0.5081352120559742,445,High,Cooler Subsidy / Display Rack,2550.0
OUT_06523,Western,241.6256,9.12,42.42,0.507513927222478,446,High,Cooler Subsidy / Display Rack,2550.0
OUT_05333,Western,416.3829,7.5,60.61,0.5068774143807823,447,High,Cooler Subsidy / Display Rack,2550.0
OUT_00876,Western,69.03999999999999,29.64,39.39,0.5066465956920029,448,High,Cooler Subsidy / Display Rack,2550.0
OUT_00060,Western,742.5371999999999,3.79,54.55,0.5066095387938794,449,High,Cooler Subsidy / Display Rack,2550.0
OUT_00604,Western,230.0962,11.56,51.52,0.5064569824828636,450,High,Cooler Subsidy / Display Rack,2550.0
OUT_03570,Western,619.6782000000001,4.54,54.55,0.5064516702070208,451,High,Cooler Subsidy / Display Rack,2550.0
OUT_02508,Western,106.04189999999998,20.69,42.42,0.5052986897742975,452,High,Cooler Subsidy / Display Rack,2550.0
OUT_04413,Western,529.4229,5.01,51.52,0.505028318545316,453,High,Cooler Subsidy / Display Rack,2550.0
OUT_05270,Western,271.84159999999997,9.18,48.48,0.5043463799514954,454,High,Cooler Subsidy / Display Rack,2550.0
OUT_06760,Western,471.25669999999997,4.64,42.42,0.5035999742054352,455,High,Cooler Subsidy / Display Rack,2550.0
OUT_05988,Western,177.00850000000003,14.93,51.52,0.5031867678979437,456,High,Cooler Subsidy / Display Rack,2550.0
OUT_05239,Western,190.666,16.23,60.61,0.5022738484012336,457,High,Cooler Subsidy / Display Rack,2550.0
OUT_06915,Western,465.55439999999993,6.62,60.61,0.5002386184061027,458,High,Cooler Subsidy / Display Rack,2550.0
OUT_05884,Western,212.0063,7.37,30.3,0.4991969428115016,459,High,Cooler Subsidy / Display Rack,2550.0
OUT_04706,Western,465.89200000000005,5.95,54.55,0.49902023402340245,460,High,Cooler Subsidy / Display Rack,2550.0
OUT_00179,Western,622.2797,5.17,63.64,0.49770823777846535,461,High,Cooler Subsidy / Display Rack,2550.0
OUT_03228,Western,831.5999999999999,1.51,24.24,0.4975103011093503,462,High,Cooler Subsidy / Display Rack,2550.0
OUT_05185,Western,411.45849999999996,4.15,33.33,0.4973937591028255,463,High,Cooler Subsidy / Display Rack,2550.0
OUT_08999,Western,203.05940000000004,13.59,54.55,0.4967735816381639,464,High,Cooler Subsidy / Display Rack,2550.0
OUT_04941,Western,431.9261000000001,5.69,48.48,0.49669755638641894,465,High,Cooler Subsidy / Display Rack,2550.0
OUT_04599,Western,155.62980000000002,14.81,45.45,0.4962061007534984,466,High,Cooler Subsidy / Display Rack,2550.0
OUT_00639,Western,521.1773000000001,5.0,51.52,0.4961703160700686,467,High,Cooler Subsidy / Display Rack,2550.0
OUT_00054,Western,1336.0102,1.61,42.42,0.4953883975126669,468,High,Cooler Subsidy / Display Rack,2550.0
OUT_08026,Western,183.50230000000002,12.49,45.45,0.4934216850376749,469,High,Cooler Subsidy / Display Rack,2550.0
OUT_00592,Western,92.596,31.16,57.58,0.4925386411744623,470,High,Cooler Subsidy / Display Rack,2550.0
OUT_04104,Western,128.064,21.31,54.55,0.49127701890189013,471,High,Cooler Subsidy / Display Rack,2550.0
OUT_03386,Western,127.08740000000002,14.44,36.36,0.49120504710920776,472,High,Cooler Subsidy / Display Rack,2550.0
OUT_07089,Western,644.0039999999999,1.92,24.24,0.4898921077654516,473,High,Cooler Subsidy / Display Rack,2550.0
OUT_02303,Western,398.3425,5.7,45.45,0.48881641550053817,474,High,Cooler Subsidy / Display Rack,2550.0
OUT_07195,Western,516.4023,4.11,42.42,0.48881009972362965,475,High,Cooler Subsidy / Display Rack,2550.0
OUT_08362,Western,421.64000000000004,7.81,66.67,0.486627515885917,476,High,Cooler Subsidy / Display Rack,2550.0
OUT_00506,Western,625.8171,4.76,60.61,0.4835074494400259,477,High,Cooler Subsidy / Display Rack,2550.0
OUT_04731,Western,183.0503,17.06,63.64,0.48311233261138603,478,High,Cooler Subsidy / Display Rack,2550.0
OUT_06643,Western,124.4217,16.75,42.42,0.4799777694610779,479,High,Cooler Subsidy / Display Rack,2550.0
OUT_04729,Western,219.33570000000003,12.1,54.55,0.47776093069306935,480,High,Cooler Subsidy / Display Rack,2550.0
OUT_06197,Western,210.09640000000002,11.93,51.52,0.47723725285605484,481,High,Cooler Subsidy / Display Rack,2550.0
OUT_07081,Western,233.29770000000002,8.83,42.42,0.47444004859511746,482,High,Cooler Subsidy / Display Rack,2550.0
OUT_07233,Western,758.5245,2.7,42.42,0.4716757600184247,483,High,Cooler Subsidy / Display Rack,2550.0
OUT_08906,Western,218.7015,8.71,39.39,0.4716241804902205,484,High,Cooler Subsidy / Display Rack,2550.0
OUT_05736,Western,141.3299,10.43,30.3,0.4709491555910543,485,High,Cooler Subsidy / Display Rack,2550.0
OUT_06250,Western,240.9501,7.29,36.36,0.47016226686295504,486,High,Cooler Subsidy / Display Rack,2550.0
OUT_01236,Western,509.93260000000004,5.4,57.58,0.47006419255718684,487,High,Cooler Subsidy / Display Rack,2550.0
OUT_06602,Western,61.973800000000004,28.32,36.36,0.46977998286937905,488,High,Cooler Subsidy / Display Rack,2550.0
OUT_07914,Western,98.5155,13.38,27.27,0.46626720551821715,489,High,Cooler Subsidy / Display Rack,2550.0
OUT_05657,Western,592.3335999999999,1.27,15.15,0.4657979393188854,490,High,Cooler Subsidy / Display Rack,2550.0
OUT_08169,Western,95.14620000000001,27.14,54.55,0.4648547017101711,491,High,Cooler Subsidy / Display Rack,2550.0
OUT_08721,Western,437.7725,3.95,36.36,0.46284833377944323,492,High,Cooler Subsidy / Display Rack,2550.0
OUT_08029,Western,538.0418,2.43,27.27,0.46248375451008134,493,High,Cooler Subsidy / Display Rack,2550.0
OUT_07151,Western,91.5403,14.28,27.27,0.46239670463388743,494,High,Cooler Subsidy / Display Rack,2550.0
OUT_01100,Western,739.7383,2.71,42.42,0.46169755711653615,495,High,Cooler Subsidy / Display Rack,2550.0
OUT_08997,Western,270.11469999999997,8.97,51.52,0.46133451237623757,496,High,Cooler Subsidy / Display Rack,2550.0
OUT_06839,Western,438.8763,5.82,54.55,0.45981279315931595,497,High,Cooler Subsidy / Display Rack,2550.0
OUT_04808,Western,523.4233,5.41,60.61,0.4596202001298491,498,High,Cooler Subsidy / Display Rack,2550.0
OUT_00125,Western,507.2031999999999,3.37,36.36,0.45751466381156314,499,High,Cooler Subsidy / Display Rack,2550.0
OUT_04583,Western,289.57689999999997,6.85,42.42,0.4568405723169045,500,High,Cooler Subsidy / Display Rack,2550.0
OUT_00764,Western,218.3722,8.44,39.39,0.45631625847982166,501,High,Cooler Subsidy / Display Rack,2550.0
OUT_00870,Western,198.31969999999995,12.08,51.52,0.4561504143183548,502,High,Cooler Subsidy / Display Rack,2550.0
OUT_07298,Western,537.9993,3.42,39.39,0.45554781034909625,503,High,Cooler Subsidy / Display Rack,2550.0
OUT_00113,Western,514.3226999999999,3.04,33.33,0.4554445115059714,504,High,Cooler Subsidy / Display Rack,2550.0
OUT_08262,Western,184.36470000000003,6.23,24.24,0.45506817789223464,505,High,Cooler Subsidy / Display Rack,2550.0
OUT_08252,Western,104.6896,20.18,45.45,0.4548194032292788,506,High,Cooler Subsidy / Display Rack,2550.0
OUT_07455,Western,201.9601,6.36,27.27,0.45435664520693314,507,High,Cooler Subsidy / Display Rack,2550.0
OUT_03564,Western,195.76419999999996,12.18,51.52,0.45399999162223903,508,High,Cooler Subsidy / Display Rack,2550.0
OUT_04659,Western,97.6174,24.42,51.52,0.45388745392231533,509,High,Cooler Subsidy / Display Rack,2550.0
OUT_01293,Western,204.301,10.31,45.45,0.45346465231431643,510,High,Cooler Subsidy / Display Rack,2550.0
OUT_03533,Western,551.3548000000001,2.32,27.27,0.45247369508312696,511,High,Cooler Subsidy / Display Rack,2550.0
OUT_08885,Western,100.18789999999998,26.45,57.58,0.45236769460566745,512,High,Cooler Subsidy / Display Rack,2550.0
OUT_08789,Western,525.9647,3.21,36.36,0.45191292478586725,513,High,Cooler Subsidy / Display Rack,2550.0
OUT_02104,Western,212.9489,11.14,51.52,0.4516852143945163,514,High,Cooler Subsidy / Display Rack,2550.0
OUT_07720,Western,731.2674000000002,2.12,33.33,0.4515837133702303,515,High,Cooler Subsidy / Display Rack,2550.0
OUT_03184,Western,232.79309999999998,6.07,30.3,0.45145498945686896,516,High,Cooler Subsidy / Display Rack,2550.0
OUT_07041,Western,74.81739999999999,11.55,18.18,0.4505427372262773,517,High,Cooler Subsidy / Display Rack,2550.0
OUT_03359,Western,472.78009999999995,3.27,33.33,0.4503323411010778,518,High,Cooler Subsidy / Display Rack,2550.0
OUT_05470,Western,725.9586000000002,1.94,30.3,0.44995517060702883,519,High,Cooler Subsidy / Display Rack,2550.0
OUT_07572,Western,144.6346,16.29,51.52,0.4486096028179741,520,High,Cooler Subsidy / Display Rack,2550.0
OUT_06880,Western,366.41739999999993,6.05,48.48,0.44802450889248174,521,High,Cooler Subsidy / Display Rack,2550.0
OUT_01725,Western,648.7228,4.04,57.58,0.4473950344827586,522,High,Cooler Subsidy / Display Rack,2550.0
OUT_00841,Western,130.1611,20.13,57.58,0.4472760230454079,523,High,Cooler Subsidy / Display Rack,2550.0
OUT_08135,Western,255.74450000000002,11.83,66.67,0.4470899120732969,524,High,Cooler Subsidy / Display Rack,2550.0
OUT_08165,Western,209.0972,9.91,45.45,0.4461040370290635,525,High,Cooler Subsidy / Display Rack,2550.0
OUT_03133,Western,75.49289999999999,32.78,54.55,0.44548285544554456,526,High,Cooler Subsidy / Display Rack,2550.0
OUT_04873,Western,463.08879999999994,3.87,39.39,0.4437122198564,527,High,Cooler Subsidy / Display Rack,2550.0
OUT_06444,Western,93.72829999999999,26.19,54.55,0.4418981416741674,528,High,Cooler Subsidy / Display Rack,2550.0
OUT_07512,Western,220.6105,9.9,48.48,0.4413993431689572,529,High,Cooler Subsidy / Display Rack,2550.0
OUT_07317,Western,358.00109999999995,4.97,39.39,0.44052128422876935,530,High,Cooler Subsidy / Display Rack,2550.0
OUT_02562,Western,69.4188,38.99,60.61,0.4393181321214089,531,High,Cooler Subsidy / Display Rack,2550.0
OUT_06215,Western,453.282,4.19,42.42,0.4374139981575311,532,High,Cooler Subsidy / Display Rack,2550.0
OUT_00186,Western,529.3720000000001,2.83,33.33,0.43638880279638814,533,High,Cooler Subsidy / Display Rack,2550.0
OUT_05937,Western,470.3072,4.59,48.48,0.4362793144704931,534,High,Cooler Subsidy / Display Rack,2550.0
OUT_01244,Western,84.0119,22.47,42.42,0.4347644847996314,535,High,Cooler Subsidy / Display Rack,2550.0
OUT_02422,Western,704.7822000000001,2.49,39.39,0.43449063580094094,536,High,Cooler Subsidy / Display Rack,2550.0
OUT_03829,Western,662.1348999999998,4.04,60.61,0.43418681967213096,537,High,Cooler Subsidy / Display Rack,2550.0
OUT_07940,Western,118.35560000000001,17.03,45.45,0.4339280663078579,538,High,Cooler Subsidy / Display Rack,2550.0
OUT_01461,Western,457.58570000000003,4.11,42.42,0.43313616467065874,539,High,Cooler Subsidy / Display Rack,2550.0
OUT_05667,Western,207.8253,8.37,39.39,0.43067535553354785,540,High,Cooler Subsidy / Display Rack,2550.0
OUT_06863,Western,498.00829999999996,3.74,42.42,0.42896154813450027,541,High,Cooler Subsidy / Display Rack,2550.0
OUT_00524,Western,84.9152,23.46,45.45,0.4288720327233584,542,High,Cooler Subsidy / Display Rack,2550.0
OUT_00250,Western,471.3023,2.02,21.21,0.4286495479513732,543,High,Cooler Subsidy / Display Rack,2550.0
OUT_02681,Western,104.5561,21.51,51.52,0.42821814756283316,544,High,Cooler Subsidy / Display Rack,2550.0
OUT_04888,Western,84.6428,28.08,54.55,0.42786135445544554,545,High,Cooler Subsidy / Display Rack,2550.0
OUT_02458,Western,542.4629,3.66,45.45,0.4274304012917115,546,High,Cooler Subsidy / Display Rack,2550.0
OUT_02510,Western,157.5589,7.66,27.27,0.4269194106827025,547,High,Cooler Subsidy / Display Rack,2550.0
OUT_04812,Western,956.8529999999998,2.34,51.52,0.4263206435643563,548,High,Cooler Subsidy / Display Rack,2550.0
OUT_07391,Western,716.3037999999999,1.68,27.27,0.4256775323664661,549,High,Cooler Subsidy / Display Rack,2550.0
OUT_04897,Western,104.9237,13.89,33.33,0.42452379638799886,550,High,Cooler Subsidy / Display Rack,2550.0
OUT_04276,Western,195.9635,12.68,57.58,0.42417500512120176,551,High,Cooler Subsidy / Display Rack,2550.0
OUT_04092,Western,266.899,8.81,54.55,0.4232907632763277,552,High,Cooler Subsidy / Display Rack,2550.0
OUT_00070,Western,539.4685,4.34,54.55,0.4214749396939694,553,High,Cooler Subsidy / Display Rack,2550.0
OUT_07143,Western,121.983,18.14,51.52,0.42131980578827116,554,High,Cooler Subsidy / Display Rack,2550.0
OUT_00402,Western,449.2504,5.49,57.58,0.42102845612837153,555,High,Cooler Subsidy / Display Rack,2550.0
OUT_04872,Western,224.8288,7.56,39.39,0.42082340381282496,556,High,Cooler Subsidy / Display Rack,2550.0
OUT_02594,Western,70.5711,22.21,36.36,0.4195353669700215,557,High,Cooler Subsidy / Display Rack,2550.0
OUT_02956,Western,439.54229999999995,4.72,48.48,0.4192885319320937,558,High,Cooler Subsidy / Display Rack,2550.0
OUT_03529,Western,244.4588,5.88,33.33,0.41870601339935914,559,High,Cooler Subsidy / Display Rack,2550.0
OUT_02604,Western,105.2927,16.05,39.39,0.41840748576380293,560,High,Cooler Subsidy / Display Rack,2550.0
OUT_01473,Western,563.3567,3.9,51.52,0.41833418316831683,561,High,Cooler Subsidy / Display Rack,2550.0
OUT_05256,Western,406.728,5.08,48.48,0.417578464025869,562,High,Cooler Subsidy / Display Rack,2550.0
OUT_01875,Western,196.9799,8.55,39.39,0.4169789910869027,563,High,Cooler Subsidy / Display Rack,2550.0
OUT_07831,Western,232.7119,6.15,33.33,0.4168884896591903,564,High,Cooler Subsidy / Display Rack,2550.0
OUT_01528,Western,892.2592999999999,2.45,51.52,0.4162291098629093,565,High,Cooler Subsidy / Display Rack,2550.0
OUT_02341,Western,206.37290000000002,11.79,57.58,0.4153527639125982,566,High,Cooler Subsidy / Display Rack,2550.0
OUT_01764,Western,99.3543,25.72,60.61,0.4147691277390033,567,High,Cooler Subsidy / Display Rack,2550.0
OUT_08756,Western,509.6021,2.79,33.33,0.4141537602679872,568,High,Cooler Subsidy / Display Rack,2550.0
OUT_07810,Western,621.2796999999998,2.28,33.33,0.41261803553743065,569,High,Cooler Subsidy / Display Rack,2550.0
OUT_00903,Western,471.08389999999997,4.33,48.48,0.4122460159660469,570,High,Cooler Subsidy / Display Rack,2550.0
OUT_05478,Western,478.25590000000005,3.74,42.42,0.4119477351450945,571,High,Cooler Subsidy / Display Rack,2550.0
OUT_01272,Western,221.0681,9.75,51.52,0.4103987004950495,572,High,Cooler Subsidy / Display Rack,2550.0
OUT_00219,Western,535.3039000000001,3.09,39.39,0.40952935157217135,573,High,Cooler Subsidy / Display Rack,2550.0
OUT_07321,Western,723.9715000000001,1.94,33.33,0.4091187620157298,574,High,Cooler Subsidy / Display Rack,2550.0
OUT_07928,Western,111.8088,16.96,45.45,0.40824052701829927,575,High,Cooler Subsidy / Display Rack,2550.0
OUT_07927,Western,94.8392,29.12,66.67,0.4081154875129304,576,High,Cooler Subsidy / Display Rack,2550.0
OUT_06437,Western,86.27120000000001,14.8,30.3,0.4079277188498403,577,High,Cooler Subsidy / Display Rack,2550.0
OUT_01075,Western,260.5364,7.73,48.48,0.4070223063864188,578,High,Cooler Subsidy / Display Rack,2550.0
OUT_04879,Western,772.267,1.64,30.3,0.4046383003194888,579,High,Cooler Subsidy / Display Rack,2550.0
OUT_05782,Western,219.87369999999999,7.96,42.42,0.40308490373099953,580,High,Cooler Subsidy / Display Rack,2550.0
OUT_01807,Western,99.21579999999999,20.08,48.48,0.40263808892481806,581,High,Cooler Subsidy / Display Rack,2550.0
OUT_07219,Western,507.7901,2.24,27.27,0.4023522546869473,582,High,Cooler Subsidy / Display Rack,2550.0
OUT_07496,Western,72.8874,25.63,45.45,0.4021752555435952,583,High,Cooler Subsidy / Display Rack,2550.0
OUT_08708,Western,497.5194,3.02,36.36,0.4021703929336189,584,High,Cooler Subsidy / Display Rack,2550.0
OUT_00606,Western,603.7059999999999,2.88,42.42,0.40043143251957614,585,High,Cooler Subsidy / Display Rack,2550.0
OUT_04925,Western,478.5562,3.88,45.45,0.39974123918191595,586,High,Cooler Subsidy / Display Rack,2550.0
OUT_05258,Western,108.0881,9.33,24.24,0.3995491176703645,587,High,Cooler Subsidy / Display Rack,2550.0
OUT_06545,Western,550.1594,3.15,42.42,0.3991253132197144,588,High,Cooler Subsidy / Display Rack,2550.0
OUT_05223,Western,108.1956,10.42,27.27,0.39879665794128044,589,High,Cooler Subsidy / Display Rack,2550.0
OUT_04679,Western,415.1962,4.46,45.45,0.39865986049515606,590,High,Cooler Subsidy / Display Rack,2550.0
OUT_01747,Western,87.4228,23.89,51.52,0.39766387890327487,591,High,Cooler Subsidy / Display Rack,2550.0
OUT_06262,Western,456.5234,4.04,45.45,0.397062332831001,592,High,Cooler Subsidy / Display Rack,2550.0
OUT_06996,Western,477.0442,2.58,30.3,0.3932185418530351,593,High,Cooler Subsidy / Display Rack,2550.0
OUT_07658,Western,667.1196,3.09,51.52,0.39249801294744857,594,High,Cooler Subsidy / Display Rack,2550.0
OUT_00663,Western,245.38649999999998,5.49,33.33,0.39241825953976117,595,High,Cooler Subsidy / Display Rack,2550.0
OUT_08099,Western,460.82360000000006,5.5,63.64,0.3920992883663367,596,High,Cooler Subsidy / Display Rack,2550.0
OUT_02321,Western,139.5768,9.61,33.33,0.390717462277891,597,High,Cooler Subsidy / Display Rack,2550.0
OUT_00112,Western,474.5662,3.32,39.39,0.39008660163406783,598,High,Cooler Subsidy / Display Rack,2550.0
OUT_08331,Western,428.5994,2.29,24.24,0.38886395641838356,599,High,Cooler Subsidy / Display Rack,2550.0
OUT_07970,Western,365.58199999999994,6.87,63.64,0.3885439882425742,600,High,Cooler Subsidy / Display Rack,2550.0
OUT_03454,Western,158.8528,11.35,45.45,0.3881548503767491,601,High,Cooler Subsidy / Display Rack,2550.0
OUT_07141,Western,452.9522999999999,3.72,42.42,0.38806599631506217,602,High,Cooler Subsidy / Display Rack,2550.0
OUT_00215,Western,514.9802999999999,2.58,33.33,0.387022771337023,603,High,Cooler Subsidy / Display Rack,2550.0
OUT_04884,Western,112.40020000000001,14.95,42.42,0.38700667664670657,604,High,Cooler Subsidy / Display Rack,2550.0
OUT_08840,Western,557.5664999999999,3.43,48.48,0.38651032639450283,605,High,Cooler Subsidy / Display Rack,2550.0
OUT_02697,Western,270.1491,8.38,57.58,0.38645432878115404,606,High,Cooler Subsidy / Display Rack,2550.0
OUT_06285,Western,100.97569999999999,16.61,42.42,0.3862750753109166,607,High,Cooler Subsidy / Display Rack,2550.0
OUT_08138,Western,490.15399999999994,3.66,45.45,0.38621391603875127,608,High,Cooler Subsidy / Display Rack,2550.0
OUT_00328,Western,439.41,3.55,39.39,0.38621081950977965,609,High,Cooler Subsidy / Display Rack,2550.0
OUT_00017,Western,830.4499,2.16,45.45,0.38617261227125943,610,High,Cooler Subsidy / Display Rack,2550.0
OUT_00781,Western,103.1263,12.82,33.33,0.3851089909699971,611,High,Cooler Subsidy / Display Rack,2550.0
OUT_01559,Western,508.2474,2.6,33.33,0.38492375182056515,612,High,Cooler Subsidy / Display Rack,2550.0
OUT_05095,Western,826.9476,3.0,63.64,0.38379375,613,High,Cooler Subsidy / Display Rack,2550.0
OUT_04158,Western,127.9092,15.75,51.52,0.3835814737242955,614,High,Cooler Subsidy / Display Rack,2550.0
OUT_00381,Western,418.6890000000001,5.64,60.61,0.38328290212627825,615,High,Cooler Subsidy / Display Rack,2550.0
OUT_04236,Western,196.616,7.27,36.36,0.3826012633832977,616,High,Cooler Subsidy / Display Rack,2550.0
OUT_03296,Western,728.1294,2.12,39.39,0.38218230453082447,617,High,Cooler Subsidy / Display Rack,2550.0
OUT_07786,Western,554.2252000000001,3.62,51.52,0.3820059451637472,618,High,Cooler Subsidy / Display Rack,2550.0
OUT_07258,Western,580.3646,3.45,51.52,0.3812372182025895,619,High,Cooler Subsidy / Display Rack,2550.0
OUT_05231,Western,540.3676,1.35,18.18,0.38034215849843594,620,High,Cooler Subsidy / Display Rack,2550.0
OUT_07985,Western,537.6526,3.5,48.48,0.38031206548100244,621,High,Cooler Subsidy / Display Rack,2550.0
OUT_08634,Western,125.0046,10.43,33.33,0.37978385610253423,622,High,Cooler Subsidy / Display Rack,2550.0
OUT_00865,Western,194.0855,9.67,48.48,0.3793061408649959,623,High,Cooler Subsidy / Display Rack,2550.0
OUT_03616,Western,517.4670000000001,2.96,39.39,0.37922810596682355,624,High,Cooler Subsidy / Display Rack,2550.0
OUT_04600,Western,67.178,26.15,45.45,0.3781926157158234,625,High,Cooler Subsidy / Display Rack,2550.0
OUT_07414,Western,180.95160000000004,10.34,48.48,0.3781405707356508,626,High,Cooler Subsidy / Display Rack,2550.0
OUT_01838,Western,142.49129999999997,9.11,33.33,0.378122849694145,627,High,Cooler Subsidy / Display Rack,2550.0
OUT_06993,Western,79.4369,10.55,21.21,0.377334216569113,628,High,Cooler Subsidy / Display Rack,2550.0
OUT_00131,Western,457.07500000000005,3.08,36.36,0.3768177194860814,629,High,Cooler Subsidy / Display Rack,2550.0
OUT_08953,Western,65.0745,16.36,27.27,0.37658960735762287,630,High,Cooler Subsidy / Display Rack,2550.0
OUT_03373,Western,180.12399999999997,10.94,51.52,0.37520117288651933,631,High,Cooler Subsidy / Display Rack,2550.0
OUT_08062,Western,477.26939999999996,3.41,42.42,0.37482465545831406,632,High,Cooler Subsidy / Display Rack,2550.0
OUT_06888,Western,474.62050000000005,3.18,39.39,0.3736799182966081,633,High,Cooler Subsidy / Display Rack,2550.0
OUT_01930,Western,109.4965,15.78,45.45,0.3719816512378902,634,High,Cooler Subsidy / Display Rack,2550.0
OUT_08178,Western,203.30060000000003,8.49,45.45,0.37158710312163623,635,High,Cooler Subsidy / Display Rack,2550.0
OUT_03371,Western,201.62609999999998,6.88,36.36,0.3713028822269807,636,High,Cooler Subsidy / Display Rack,2550.0
OUT_07411,Western,79.22999999999999,17.49,36.36,0.3709134635974303,637,High,Cooler Subsidy / Display Rack,2550.0
OUT_01320,Western,84.3998,20.36,45.45,0.3699418574811625,638,High,Cooler Subsidy / Display Rack,2550.0
OUT_00867,Western,196.59069999999997,6.46,33.33,0.3699318153218759,639,High,Cooler Subsidy / Display Rack,2550.0
OUT_02794,Western,80.2887,24.16,51.52,0.3693402498095964,640,High,Cooler Subsidy / Display Rack,2550.0
OUT_00105,Western,429.197,3.47,39.39,0.3687332483287943,641,High,Cooler Subsidy / Display Rack,2550.0
OUT_00600,Western,546.3444,2.93,42.42,0.3686755163519116,642,High,Cooler Subsidy / Display Rack,2550.0
OUT_01546,Western,238.7574,7.61,48.48,0.3672077231204527,643,High,Cooler Subsidy / Display Rack,2550.0
OUT_00417,Western,407.81309999999996,3.36,36.36,0.3667698115631691,644,High,Cooler Subsidy / Display Rack,2550.0
OUT_00135,Western,407.38630000000006,5.27,57.58,0.36649467412086034,645,High,Cooler Subsidy / Display Rack,2550.0
OUT_08061,Western,113.68489999999998,14.94,45.45,0.3656517558665231,646,High,Cooler Subsidy / Display Rack,2550.0
OUT_03498,Western,127.28059999999999,9.86,33.33,0.36556560326245263,647,High,Cooler Subsidy / Display Rack,2550.0
OUT_06797,Western,399.2493,3.14,33.33,0.3651741339935917,648,High,Cooler Subsidy / Display Rack,2550.0
OUT_01643,Western,108.9223,11.5,33.33,0.36487225458782413,649,High,Cooler Subsidy / Display Rack,2550.0
OUT_04032,Western,276.4004,4.92,36.36,0.36399624411134907,650,High,Cooler Subsidy / Display Rack,2550.0
OUT_02404,Western,519.2786000000001,4.1,57.58,0.3634418333902356,651,High,Cooler Subsidy / Display Rack,2550.0
OUT_02165,Western,129.9501,8.75,30.3,0.3632790335463258,652,High,Cooler Subsidy / Display Rack,2550.0
OUT_02177,Western,202.84689999999998,9.4,51.52,0.3630542383853769,653,High,Cooler Subsidy / Display Rack,2550.0
OUT_05852,Western,494.24649999999997,4.73,63.64,0.3616624296101485,654,High,Cooler Subsidy / Display Rack,2550.0
OUT_06387,Western,587.5763999999999,3.23,51.52,0.3613617235338918,655,High,Cooler Subsidy / Display Rack,2550.0
OUT_00152,Western,500.1187,2.48,33.33,0.36128586542382757,656,High,Cooler Subsidy / Display Rack,2550.0
OUT_07113,Western,230.3145,5.37,33.33,0.36026474366443345,657,High,Cooler Subsidy / Display Rack,2550.0
OUT_00521,Western,92.84,10.97,27.27,0.36025992217898833,658,High,Cooler Subsidy / Display Rack,2550.0
OUT_02936,Western,812.9180000000001,2.46,54.55,0.35999609000900096,659,High,Cooler Subsidy / Display Rack,2550.0
OUT_03651,Western,499.31429999999995,3.34,45.45,0.35903331797631854,660,High,Cooler Subsidy / Display Rack,2550.0
OUT_03741,Western,815.4132999999999,1.91,42.42,0.3586917095808383,661,High,Cooler Subsidy / Display Rack,2550.0
OUT_03611,Western,99.6946,15.61,42.42,0.3584137968678028,662,High,Cooler Subsidy / Display Rack,2550.0
OUT_08556,Western,211.20190000000002,3.25,18.18,0.35787600364963507,663,High,Cooler Subsidy / Display Rack,2550.0
OUT_01701,Western,189.43200000000002,10.45,54.55,0.3563572277227723,664,High,Cooler Subsidy / Display Rack,2550.0
OUT_07713,Western,244.59790000000004,6.32,42.42,0.3560245803777062,665,High,Cooler Subsidy / Display Rack,2550.0
OUT_04781,Western,158.75119999999998,13.79,60.61,0.3553285258886544,666,High,Cooler Subsidy / Display Rack,2550.0
OUT_01032,Western,679.5979,3.06,57.58,0.3549965131444179,667,High,Cooler Subsidy / Display Rack,2550.0
OUT_00782,Western,90.03469999999999,26.64,66.67,0.35444427486330715,668,High,Cooler Subsidy / Display Rack,2550.0
OUT_08699,Western,209.2472,8.36,48.48,0.3535381147938561,669,High,Cooler Subsidy / Display Rack,2550.0
OUT_00857,Western,505.58990000000006,4.52,63.64,0.35353749195544554,670,High,Cooler Subsidy / Display Rack,2550.0
OUT_07956,Western,180.45499999999998,11.47,57.58,0.3533319989757597,671,High,Cooler Subsidy / Display Rack,2550.0
OUT_00160,Western,542.2988,3.42,51.52,0.3531344051789794,672,High,Cooler Subsidy / Display Rack,2550.0
OUT_08292,Western,542.3438,2.43,36.36,0.3527557371520343,673,High,Cooler Subsidy / Display Rack,2550.0
OUT_00591,Western,516.5174999999999,2.55,36.36,0.35254807949678796,674,High,Cooler Subsidy / Display Rack,2550.0
OUT_08647,Western,442.18209999999993,3.46,42.42,0.35236067848917546,675,High,Cooler Subsidy / Display Rack,2550.0
OUT_01472,Western,630.9686999999999,1.74,30.3,0.35076215271565486,676,High,Cooler Subsidy / Display Rack,2550.0
OUT_00284,Western,394.28,4.67,51.52,0.3505878903274942,677,High,Cooler Subsidy / Display Rack,2550.0
OUT_00099,Western,521.1437,2.71,39.39,0.3496656169844021,678,High,Cooler Subsidy / Display Rack,2550.0
OUT_07590,Western,495.06589999999994,3.06,42.42,0.3488948995854445,679,High,Cooler Subsidy / Display Rack,2550.0
OUT_06379,Western,217.6078,9.84,60.61,0.34755084434345074,680,High,Cooler Subsidy / Display Rack,2550.0
OUT_01369,Western,580.3428999999999,3.32,54.55,0.3468476018001799,681,High,Cooler Subsidy / Display Rack,2550.0
OUT_04453,Western,284.16,4.19,33.33,0.3468192251674921,682,High,Cooler Subsidy / Display Rack,2550.0
OUT_02652,Western,102.1435,19.83,57.58,0.34576743001024235,683,High,Cooler Subsidy / Display Rack,2550.0
OUT_00117,Western,464.0475,2.55,33.33,0.34469010340809786,684,High,Cooler Subsidy / Display Rack,2550.0
OUT_06161,Western,206.0943,9.29,54.55,0.34466535499549955,685,High,Cooler Subsidy / Display Rack,2550.0
OUT_03569,Western,484.0108,2.66,36.36,0.3446115438972163,686,High,Cooler Subsidy / Display Rack,2550.0
OUT_02616,Western,526.4392,1.85,27.27,0.34450389812522114,687,High,Cooler Subsidy / Display Rack,2550.0
OUT_01825,Western,532.1838,3.2,48.48,0.34417707356507676,688,High,Cooler Subsidy / Display Rack,2550.0
OUT_08581,Western,264.904,6.41,48.48,0.3431759579628133,689,High,Cooler Subsidy / Display Rack,2550.0
OUT_01629,Western,457.0952,3.03,39.39,0.3429062777915325,690,High,Cooler Subsidy / Display Rack,2550.0
OUT_01712,Western,695.1188000000002,2.14,42.42,0.34259655274067263,691,High,Cooler Subsidy / Display Rack,2550.0
OUT_03421,Western,112.5212,15.96,51.52,0.3419341873571973,692,High,Cooler Subsidy / Display Rack,2550.0
OUT_05692,Western,504.01179999999994,3.15,45.45,0.3417948697524219,693,High,Cooler Subsidy / Display Rack,2550.0
OUT_04383,Western,122.7326,13.76,48.48,0.34130973645917545,694,High,Cooler Subsidy / Display Rack,2550.0
OUT_01488,Western,75.6786,15.48,33.33,0.34124810020390334,695,High,Cooler Subsidy / Display Rack,2550.0
OUT_06600,Western,202.94490000000002,11.37,66.67,0.3409906181468893,696,High,Cooler Subsidy / Display Rack,2550.0
OUT_00128,Western,448.8515,3.98,51.52,0.34014260662604723,697,High,Cooler Subsidy / Display Rack,2550.0
OUT_01803,Western,457.7891,3.67,48.48,0.3395485038399353,698,High,Cooler Subsidy / Display Rack,2550.0
OUT_03988,Western,477.8878,3.08,42.42,0.3389899640718563,699,High,Cooler Subsidy / Display Rack,2550.0
OUT_02459,Western,762.7122000000002,1.39,30.3,0.3387124466453675,700,High,Cooler Subsidy / Display Rack,2550.0
OUT_03219,Western,68.4824,33.35,66.67,0.33750377419831534,701,High,Cooler Subsidy / Display Rack,2550.0
OUT_02501,Western,475.0181,2.65,36.36,0.33693735679871517,702,High,Cooler Subsidy / Display Rack,2550.0
OUT_00367,Western,742.2982,1.83,39.39,0.3363222842287695,703,High,Cooler Subsidy / Display Rack,2550.0
OUT_06265,Western,73.593,22.61,48.48,0.3362849090541633,704,High,Cooler Subsidy / Display Rack,2550.0
OUT_04979,Western,730.2247,1.58,33.33,0.33607778211476846,705,High,Cooler Subsidy / Display Rack,2550.0
OUT_04289,Western,130.9759,9.56,36.36,0.3351524635974304,706,High,Cooler Subsidy / Display Rack,2550.0
OUT_03418,Western,516.3076000000001,2.03,30.3,0.3348576447284345,707,High,Cooler Subsidy / Display Rack,2550.0
OUT_02000,Western,179.2812,10.37,54.55,0.33467975589558957,708,High,Cooler Subsidy / Display Rack,2550.0
OUT_01937,Western,716.0862,2.45,51.52,0.3340463042650419,709,High,Cooler Subsidy / Display Rack,2550.0
OUT_06460,Western,231.72660000000002,7.13,48.48,0.3339148459983832,710,High,Cooler Subsidy / Display Rack,2550.0
OUT_08637,Western,112.0824,11.13,36.36,0.3339071498929337,711,High,Cooler Subsidy / Display Rack,2550.0
OUT_08159,Western,681.2239999999999,0.94,18.18,0.3338636913451511,712,High,Cooler Subsidy / Display Rack,2550.0
OUT_06720,Western,511.38339999999994,2.63,39.39,0.3329879529586531,713,High,Cooler Subsidy / Display Rack,2550.0
OUT_04497,Western,233.3899,9.22,63.64,0.33289834127475254,714,High,Cooler Subsidy / Display Rack,2550.0
OUT_07671,Western,581.8153,2.83,48.48,0.3327682495957963,715,High,Cooler Subsidy / Display Rack,2550.0
OUT_06266,Western,170.62290000000002,8.46,42.42,0.332443513127591,716,High,Cooler Subsidy / Display Rack,2550.0
OUT_04260,Western,799.8214999999998,2.3,54.55,0.3311592169216921,717,High,Cooler Subsidy / Display Rack,2550.0
OUT_07305,Western,515.2694999999999,2.4,36.36,0.331008244111349,718,High,Cooler Subsidy / Display Rack,2550.0
OUT_08493,Western,462.82070000000004,3.53,48.48,0.3301853417542442,719,High,Cooler Subsidy / Display Rack,2550.0
OUT_07236,Western,120.57090000000001,12.72,45.45,0.3301747789020452,720,High,Cooler Subsidy / Display Rack,2550.0
OUT_02520,Western,320.6631,6.03,57.58,0.3300782678388528,721,High,Cooler Subsidy / Display Rack,2550.0
OUT_01820,Western,249.55650000000003,4.94,36.36,0.3299810251605997,722,High,Cooler Subsidy / Display Rack,2550.0
OUT_07625,Western,460.9905,2.02,27.27,0.3293954050229925,723,High,Cooler Subsidy / Display Rack,2550.0
OUT_03803,Western,392.20760000000007,2.88,33.33,0.32902938770754453,724,High,Cooler Subsidy / Display Rack,2550.0
OUT_06956,Western,195.4372,6.77,39.39,0.32758352166377813,725,High,Cooler Subsidy / Display Rack,2550.0
OUT_00973,Western,445.89439999999996,4.3,57.58,0.32730384431546594,726,High,Cooler Subsidy / Display Rack,2550.0
OUT_03678,Western,178.48649999999998,6.85,36.36,0.3272570998394004,727,High,Cooler Subsidy / Display Rack,2550.0
OUT_07792,Western,583.2949,3.96,69.7,0.32671114625176795,728,High,Cooler Subsidy / Display Rack,2550.0
OUT_08604,Western,78.3424,21.83,51.52,0.3256311104341203,729,High,Cooler Subsidy / Display Rack,2550.0
OUT_08438,Western,491.1975,3.48,51.52,0.3254697829398324,730,High,Cooler Subsidy / Display Rack,2550.0
OUT_08592,Western,163.96699999999998,9.22,45.45,0.3254630226049515,731,High,Cooler Subsidy / Display Rack,2550.0
OUT_01133,Western,526.5350000000001,3.62,57.58,0.32537669853192225,732,High,Cooler Subsidy / Display Rack,2550.0
OUT_05882,Western,245.48270000000002,6.14,45.45,0.3244916637244349,733,High,Cooler Subsidy / Display Rack,2550.0
OUT_05544,Western,94.0309,14.95,42.42,0.3237590868263473,734,High,Cooler Subsidy / Display Rack,2550.0
OUT_02822,Western,105.71770000000001,10.51,33.33,0.3236507506554035,735,High,Cooler Subsidy / Display Rack,2550.0
OUT_04056,Western,718.98,2.36,51.52,0.3230755521706017,736,High,Cooler Subsidy / Display Rack,2550.0
OUT_08081,Western,90.93119999999999,15.41,42.42,0.3227198968217411,737,High,Cooler Subsidy / Display Rack,2550.0
OUT_07332,Western,81.3318,17.2,42.42,0.3221803224320589,738,High,Cooler Subsidy / Display Rack,2550.0
OUT_02295,Western,184.04540000000003,6.54,36.36,0.3221779753747324,739,High,Cooler Subsidy / Display Rack,2550.0
OUT_00167,Western,448.8729000000001,3.55,48.48,0.3220490693209378,740,High,Cooler Subsidy / Display Rack,2550.0
OUT_01588,Western,173.4622,10.86,57.58,0.321577243427791,741,High,Cooler Subsidy / Display Rack,2550.0
OUT_01887,Western,508.5615,2.17,33.33,0.3214618278473639,742,High,Cooler Subsidy / Display Rack,2550.0
OUT_02538,Western,402.255,3.94,48.48,0.32030814470493124,743,High,Cooler Subsidy / Display Rack,2550.0
OUT_07533,Western,249.3535,4.79,36.36,0.31970108806209846,744,High,Cooler Subsidy / Display Rack,2550.0
OUT_02059,Western,187.8571,8.41,48.48,0.31929632396928054,745,High,Cooler Subsidy / Display Rack,2550.0
OUT_06677,Western,483.715,2.26,33.33,0.31843748907660935,746,High,Cooler Subsidy / Display Rack,2550.0
OUT_08173,Western,154.95940000000002,5.18,24.24,0.31802285736925523,747,High,Cooler Subsidy / Display Rack,2550.0
OUT_00146,Western,376.4226000000001,3.41,39.39,0.31780169992572427,748,High,Cooler Subsidy / Display Rack,2550.0
OUT_07918,Western,77.7243,20.22,48.48,0.3176203205335489,749,High,Cooler Subsidy / Display Rack,2550.0
OUT_05956,Western,590.5056,3.46,63.64,0.3160812772277227,750,High,Cooler Subsidy / Display Rack,2550.0
OUT_08388,Western,167.2475,11.07,57.58,0.3160515235575282,751,High,Cooler Subsidy / Display Rack,2550.0
OUT_02515,Western,506.7337,2.89,45.45,0.31527672615715824,752,High,Cooler Subsidy / Display Rack,2550.0
OUT_02997,Western,430.5207,2.07,27.27,0.315238008135833,753,High,Cooler Subsidy / Display Rack,2550.0
OUT_00121,Western,572.3461,2.39,42.42,0.3150408058498388,754,High,Cooler Subsidy / Display Rack,2550.0
OUT_00677,Western,209.27159999999998,6.99,45.45,0.31492109451022604,755,High,Cooler Subsidy / Display Rack,2550.0
OUT_05889,Western,161.8189,7.27,36.36,0.3148884911670236,756,High,Cooler Subsidy / Display Rack,2550.0
OUT_00689,Western,819.5139999999999,1.9,48.48,0.3146880759902991,757,High,Cooler Subsidy / Display Rack,2550.0
OUT_04634,Western,175.2751,6.15,33.33,0.3139941348674629,758,High,Cooler Subsidy / Display Rack,2550.0
OUT_08929,Western,720.4321,1.62,36.36,0.3123929341541756,759,High,Cooler Subsidy / Display Rack,2550.0
OUT_03592,Western,103.1873,17.73,57.58,0.31230980351655857,760,High,Cooler Subsidy / Display Rack,2550.0
OUT_04889,Western,98.0996,11.89,36.36,0.31220670342612417,761,High,Cooler Subsidy / Display Rack,2550.0
OUT_07804,Western,107.3138,8.22,27.27,0.31203375875486383,762,High,Cooler Subsidy / Display Rack,2550.0
OUT_01346,Western,220.4135,6.57,45.45,0.3117581689989236,763,High,Cooler Subsidy / Display Rack,2550.0
OUT_02830,Western,184.839,6.81,39.39,0.3116498118346125,764,High,Cooler Subsidy / Display Rack,2550.0
OUT_00589,Western,494.07750000000004,3.11,48.48,0.31054588217461604,765,High,Cooler Subsidy / Display Rack,2550.0
OUT_00682,Western,90.713,17.92,51.52,0.309515795887281,766,High,Cooler Subsidy / Display Rack,2550.0
OUT_03155,Western,231.99599999999998,5.79,42.42,0.30936362045140486,767,High,Cooler Subsidy / Display Rack,2550.0
OUT_05112,Western,220.5879,6.06,42.42,0.30786795808383227,768,High,Cooler Subsidy / Display Rack,2550.0
OUT_08458,Western,607.1016,2.66,51.52,0.3074810083777608,769,High,Cooler Subsidy / Display Rack,2550.0
OUT_03986,Western,560.9951,1.71,30.3,0.30648614089456866,770,High,Cooler Subsidy / Display Rack,2550.0
OUT_01058,Western,187.44190000000003,14.51,87.88,0.30600607211971204,771,High,Cooler Subsidy / Display Rack,2550.0
OUT_02950,Western,782.6906999999999,1.46,36.36,0.3058694919700214,772,High,Cooler Subsidy / Display Rack,2550.0
OUT_00664,Western,77.8956,18.21,45.45,0.3053775836383208,773,High,Cooler Subsidy / Display Rack,2550.0
OUT_04612,Western,475.3129,2.98,45.45,0.3049370165769644,774,High,Cooler Subsidy / Display Rack,2550.0
OUT_03345,Western,409.99500000000006,2.55,33.33,0.3045404165452957,775,High,Cooler Subsidy / Display Rack,2550.0
OUT_08916,Western,105.8481,12.48,42.42,0.30423405988023955,776,High,Cooler Subsidy / Display Rack,2550.0
OUT_02187,Western,245.05830000000003,5.76,45.45,0.3038828434876211,777,High,Cooler Subsidy / Display Rack,2550.0
OUT_08187,Western,475.33469999999994,2.58,39.39,0.3036304842782867,778,High,Cooler Subsidy / Display Rack,2550.0
OUT_06832,Western,274.0718,3.13,27.27,0.3034470229925716,779,High,Cooler Subsidy / Display Rack,2550.0
OUT_05537,Western,367.62960000000004,2.83,33.33,0.30305615147101667,780,High,Cooler Subsidy / Display Rack,2550.0
OUT_05062,Western,73.4527,11.66,27.27,0.3029566614785991,781,High,Cooler Subsidy / Display Rack,2550.0
OUT_04553,Western,181.5088,7.74,45.45,0.3024495397201291,782,High,Cooler Subsidy / Display Rack,2550.0
OUT_06356,Western,693.3399999999999,1.76,39.39,0.30212389205248824,783,High,Cooler Subsidy / Display Rack,2550.0
OUT_07161,Western,782.6424999999999,1.67,42.42,0.3010163461538461,784,High,Cooler Subsidy / Display Rack,2550.0
OUT_06914,Western,271.0372,4.82,42.42,0.3008750124366651,785,High,Cooler Subsidy / Display Rack,2550.0
OUT_03989,Western,98.0902,15.12,48.48,0.29974208245755857,786,High,Cooler Subsidy / Display Rack,2550.0
OUT_02902,Western,161.22789999999998,6.36,33.33,0.29869194407224003,787,High,Cooler Subsidy / Display Rack,2550.0
OUT_02832,Western,460.96110000000004,3.79,57.58,0.29823191686582456,788,High,Cooler Subsidy / Display Rack,2550.0
OUT_06420,Western,848.0482,1.74,48.48,0.29822228536782536,789,High,Cooler Subsidy / Display Rack,2550.0
OUT_06026,Western,506.70470000000006,1.84,30.3,0.2978711335463259,790,High,Cooler Subsidy / Display Rack,2550.0
OUT_04605,Western,128.45659999999998,12.83,54.55,0.2966873407740774,791,High,Cooler Subsidy / Display Rack,2550.0
OUT_04226,Western,514.4271,1.63,27.27,0.29660989494163414,792,High,Cooler Subsidy / Display Rack,2550.0
OUT_05845,Western,195.53240000000002,7.94,51.52,0.29560686519421175,793,High,Cooler Subsidy / Display Rack,2550.0
OUT_07857,Western,144.09000000000003,11.39,54.55,0.2954428622862287,794,High,Cooler Subsidy / Display Rack,2550.0
OUT_07760,Western,199.50960000000003,4.63,30.3,0.29512122939297125,795,High,Cooler Subsidy / Display Rack,2550.0
OUT_02895,Western,556.9856,2.14,39.39,0.2951099737558802,796,High,Cooler Subsidy / Display Rack,2550.0
OUT_03101,Western,77.9245,16.41,42.42,0.29450507715338553,797,High,Cooler Subsidy / Display Rack,2550.0
OUT_03862,Western,78.7858,17.36,45.45,0.2944502665231431,798,High,Cooler Subsidy / Display Rack,2550.0
OUT_02966,Western,433.91139999999996,3.15,45.45,0.2942563853606027,799,High,Cooler Subsidy / Display Rack,2550.0
OUT_07679,Western,505.2027,3.23,54.55,0.29375422520252026,800,High,Cooler Subsidy / Display Rack,2550.0
OUT_05134,Western,194.1431,5.19,33.33,0.29350500699097004,801,High,Cooler Subsidy / Display Rack,2550.0
OUT_05757,Western,753.3109999999999,1.45,36.36,0.2923717746252676,802,High,Cooler Subsidy / Display Rack,2550.0
OUT_08931,Western,67.4369,18.8,42.42,0.29198842008291104,803,High,Cooler Subsidy / Display Rack,2550.0
OUT_02841,Western,771.2932000000003,1.07,27.27,0.2919291559957553,804,High,Cooler Subsidy / Display Rack,2550.0
OUT_03610,Western,92.37369999999999,11.79,36.36,0.29151122135974294,805,High,Cooler Subsidy / Display Rack,2550.0
OUT_04133,Western,223.9309,7.21,54.55,0.2906465866786679,806,High,Cooler Subsidy / Display Rack,2550.0
OUT_06454,Western,234.7636,3.87,30.3,0.2902668153354632,807,High,Cooler Subsidy / Display Rack,2550.0
OUT_00847,Western,131.0909,11.62,51.52,0.2900373682406702,808,High,Cooler Subsidy / Display Rack,2550.0
OUT_02986,Western,261.3101,3.81,33.33,0.2900062572094378,809,High,Cooler Subsidy / Display Rack,2550.0
OUT_05968,Western,120.83890000000001,8.23,33.33,0.289689527235654,810,High,Cooler Subsidy / Display Rack,2550.0
OUT_00084,Western,410.08629999999994,3.68,51.52,0.287341504950495,811,High,Cooler Subsidy / Display Rack,2550.0
OUT_03667,Western,507.7994,2.97,51.52,0.2871599805788271,812,High,Cooler Subsidy / Display Rack,2550.0
OUT_00788,Western,176.4099,4.1,24.24,0.28656124801901744,813,High,Cooler Subsidy / Display Rack,2550.0
OUT_01357,Western,74.3071,15.57,39.39,0.28644752339688045,814,High,Cooler Subsidy / Display Rack,2550.0
OUT_02204,Western,260.5043,5.44,48.48,0.28640731447049317,815,High,Cooler Subsidy / Display Rack,2550.0
OUT_04105,Western,135.3895,9.18,42.42,0.28624495854444953,816,High,Cooler Subsidy / Display Rack,2550.0
OUT_04136,Western,828.1848999999997,1.29,36.36,0.28596320155246246,817,High,Cooler Subsidy / Display Rack,2550.0
OUT_03316,Western,498.7165,2.14,36.36,0.28566737419700217,818,High,Cooler Subsidy / Display Rack,2550.0
OUT_00202,Western,458.04720000000003,3.65,57.58,0.28539984294981224,819,High,Cooler Subsidy / Display Rack,2550.0
OUT_00307,Western,551.7382,3.03,57.58,0.28538182758620684,820,High,Cooler Subsidy / Display Rack,2550.0
OUT_08046,Western,81.18639999999999,16.32,45.45,0.2852447896663078,821,High,Cooler Subsidy / Display Rack,2550.0
OUT_00913,Western,150.7767,8.21,42.42,0.2850936681252879,822,High,Cooler Subsidy / Display Rack,2550.0
OUT_05072,Western,96.9479,19.88,66.67,0.2848122139796069,823,High,Cooler Subsidy / Display Rack,2550.0
OUT_04830,Western,530.8684000000001,2.49,45.45,0.2845774630785792,824,High,Cooler Subsidy / Display Rack,2550.0
OUT_08452,Western,796.8245000000002,1.55,42.42,0.2844490960386919,825,High,Cooler Subsidy / Display Rack,2550.0
OUT_04232,Western,382.9162,2.1,27.27,0.28444429430491686,826,High,Cooler Subsidy / Display Rack,2550.0
OUT_01965,Western,220.70369999999997,6.37,48.48,0.2841314812045271,827,High,Cooler Subsidy / Display Rack,2550.0
OUT_04086,Western,128.0041,10.29,45.45,0.28356559504843915,828,High,Cooler Subsidy / Display Rack,2550.0
OUT_08234,Western,645.6342,1.9,42.42,0.2825207231690465,829,High,Cooler Subsidy / Display Rack,2550.0
OUT_03634,Western,576.7236,1.68,33.33,0.28223001689484417,830,High,Cooler Subsidy / Display Rack,2550.0
OUT_08049,Western,105.7294,13.97,51.52,0.2812337619954303,831,High,Cooler Subsidy / Display Rack,2550.0
OUT_01861,Western,182.714,7.14,45.45,0.28085639612486535,832,High,Cooler Subsidy / Display Rack,2550.0
OUT_01074,Western,218.8332,5.57,42.42,0.2807233818516813,833,High,Cooler Subsidy / Display Rack,2550.0
OUT_05815,Western,211.942,4.54,33.33,0.2802844975240315,834,High,Cooler Subsidy / Display Rack,2550.0
OUT_00504,Western,139.9015,12.34,60.61,0.2802117367310501,835,High,Cooler Subsidy / Display Rack,2550.0
OUT_05304,Western,147.876,3.06,15.15,0.28018610526315796,836,High,Cooler Subsidy / Display Rack,2550.0
OUT_07183,Western,366.08860000000004,3.09,39.39,0.28007273434018326,837,High,Cooler Subsidy / Display Rack,2550.0
OUT_06287,Western,117.37419999999999,10.36,42.42,0.28005451681252874,838,High,Cooler Subsidy / Display Rack,2550.0
OUT_00645,Western,152.6535,7.39,39.39,0.2793041260212924,839,High,Cooler Subsidy / Display Rack,2550.0
OUT_03077,Western,702.7482,2.08,51.52,0.2783161188118812,840,High,Cooler Subsidy / Display Rack,2550.0
OUT_03982,Western,418.67259999999993,3.48,51.52,0.2774144417364813,841,High,Cooler Subsidy / Display Rack,2550.0
OUT_01868,Western,191.1082,5.86,39.39,0.27727012923991096,842,High,Cooler Subsidy / Display Rack,2550.0
OUT_00275,Western,495.2965,2.43,42.42,0.277192652003685,843,High,Cooler Subsidy / Display Rack,2550.0
OUT_04997,Western,75.8868,15.86,42.42,0.27719130538922154,844,High,Cooler Subsidy / Display Rack,2550.0
OUT_08260,Western,550.8127999999999,2.49,48.48,0.2771875246564268,845,High,Cooler Subsidy / Display Rack,2550.0
OUT_01146,Western,912.1764000000001,0.95,30.3,0.2768586517571885,846,High,Cooler Subsidy / Display Rack,2550.0
OUT_07138,Western,524.4022,2.61,48.48,0.2766147417138238,847,High,Cooler Subsidy / Display Rack,2550.0
OUT_05129,Western,245.70189999999997,4.54,39.39,0.27617891210695716,848,High,Cooler Subsidy / Display Rack,2550.0
OUT_07736,Western,867.8008,1.09,33.33,0.2755324415962715,849,High,Cooler Subsidy / Display Rack,2550.0
OUT_00222,Western,520.7555,3.25,60.61,0.2747046542769031,850,High,Cooler Subsidy / Display Rack,2550.0
OUT_01277,Western,111.3176,14.42,57.58,0.27401840081939227,851,High,Cooler Subsidy / Display Rack,2550.0
OUT_04020,Western,91.8822,12.91,42.42,0.2731918935974205,852,High,Cooler Subsidy / Display Rack,2550.0
OUT_06268,Western,82.8951,16.26,48.48,0.27240790743734844,853,High,Cooler Subsidy / Display Rack,2550.0
OUT_04372,Western,71.2846,24.69,63.64,0.272279822710396,854,High,Cooler Subsidy / Display Rack,2550.0
OUT_02457,Western,277.5872,4.55,45.45,0.2719099590958019,855,High,Cooler Subsidy / Display Rack,2550.0
OUT_07892,Western,120.049,8.43,36.36,0.2708814427194861,856,High,Cooler Subsidy / Display Rack,2550.0
OUT_00214,Western,604.6939000000001,2.08,45.45,0.270777892787944,857,High,Cooler Subsidy / Display Rack,2550.0
OUT_00947,Western,81.506,12.39,36.36,0.2703049625267666,858,High,Cooler Subsidy / Display Rack,2550.0
OUT_07943,Western,170.6494,7.35,45.45,0.27002649946178686,859,High,Cooler Subsidy / Display Rack,2550.0
OUT_07149,Western,282.0081,4.73,48.48,0.26958332922392886,860,High,Cooler Subsidy / Display Rack,2550.0
OUT_08812,Western,113.99440000000001,9.53,39.39,0.2689692082198564,861,High,Cooler Subsidy / Display Rack,2550.0
OUT_06591,Western,107.0681,12.43,48.48,0.2689685697251415,862,High,Cooler Subsidy / Display Rack,2550.0
OUT_03765,Western,138.8245,4.89,24.24,0.2689587183042789,863,High,Cooler Subsidy / Display Rack,2550.0
OUT_06205,Western,727.4377999999999,1.71,45.45,0.26779733864370286,864,High,Cooler Subsidy / Display Rack,2550.0
OUT_04472,Western,181.21390000000002,5.07,33.33,0.2676243731430236,865,High,Cooler Subsidy / Display Rack,2550.0
OUT_01953,Western,508.5172,3.4,63.64,0.2674750123762376,866,High,Cooler Subsidy / Display Rack,2550.0
OUT_07536,Western,406.75690000000003,3.65,54.55,0.2672660099009901,867,High,Cooler Subsidy / Display Rack,2550.0
OUT_01757,Western,493.28670000000005,1.86,33.33,0.26726282027381304,868,High,Cooler Subsidy / Display Rack,2550.0
OUT_03458,Western,770.3076000000001,1.61,45.45,0.2669957451022605,869,High,Cooler Subsidy / Display Rack,2550.0
OUT_08167,Western,230.6069,6.43,54.55,0.2669311191719172,870,High,Cooler Subsidy / Display Rack,2550.0
OUT_07053,Western,107.4826,9.98,39.39,0.26557968507056207,871,High,Cooler Subsidy / Display Rack,2550.0
OUT_02359,Western,112.54490000000001,12.39,51.52,0.26550481930693076,872,High,Cooler Subsidy / Display Rack,2550.0
OUT_04581,Western,209.406,7.03,54.55,0.2650088532853286,873,High,Cooler Subsidy / Display Rack,2550.0
OUT_01090,Western,526.3352,1.88,36.36,0.26485818415417556,874,High,Cooler Subsidy / Display Rack,2550.0
OUT_00029,Western,578.5159,2.68,57.58,0.26466756777057016,875,High,Cooler Subsidy / Display Rack,2550.0
OUT_08030,Western,402.9618,2.45,36.36,0.2642549277301927,876,High,Cooler Subsidy / Display Rack,2550.0
OUT_04227,Western,297.4542,2.78,30.3,0.2641925482428115,877,High,Cooler Subsidy / Display Rack,2550.0
OUT_08205,Western,69.5851,16.4,42.42,0.26282718562874247,878,High,Cooler Subsidy / Display Rack,2550.0
OUT_07688,Western,693.819,1.3,33.33,0.2627336731721527,879,High,Cooler Subsidy / Display Rack,2550.0
OUT_04887,Western,349.31770000000006,3.03,39.39,0.26205313963852445,880,High,Cooler Subsidy / Display Rack,2550.0
OUT_01094,Western,81.7502,16.83,51.52,0.26196798667174404,881,High,Cooler Subsidy / Display Rack,2550.0
OUT_06631,Western,467.4852,2.59,45.45,0.2606645141011841,882,High,Cooler Subsidy / Display Rack,2550.0
OUT_08913,Western,425.93,2.47,39.39,0.2604721713295371,883,High,Cooler Subsidy / Display Rack,2550.0
OUT_01210,Western,217.1,4.83,39.39,0.2596169844020797,884,High,Cooler Subsidy / Display Rack,2550.0
OUT_08483,Western,90.1008,15.12,51.52,0.2593914881949733,885,High,Cooler Subsidy / Display Rack,2550.0
OUT_00344,Western,518.2859000000001,1.11,21.21,0.25902627149932467,886,High,Cooler Subsidy / Display Rack,2550.0
OUT_08464,Western,452.80629999999996,2.31,39.39,0.2589706741767764,887,High,Cooler Subsidy / Display Rack,2550.0
OUT_06628,Western,176.964,5.91,39.39,0.2589396484278287,888,High,Cooler Subsidy / Display Rack,2550.0
OUT_08037,Western,525.4158,1.99,39.39,0.2588703743500867,889,High,Cooler Subsidy / Display Rack,2550.0
OUT_04128,Western,631.691,2.4,57.58,0.2588013656538068,890,High,Cooler Subsidy / Display Rack,2550.0
OUT_08330,Western,443.2834,1.65,27.27,0.25872571984435794,891,High,Cooler Subsidy / Display Rack,2550.0
OUT_01741,Western,170.03709999999995,7.99,51.52,0.2586817267707539,892,High,Cooler Subsidy / Display Rack,2550.0
OUT_07781,Western,232.4173,5.84,51.52,0.25843812490479817,893,High,Cooler Subsidy / Display Rack,2550.0
OUT_06381,Western,830.6893,2.01,63.64,0.25830530522896034,894,High,Cooler Subsidy / Display Rack,2550.0
OUT_00734,Western,457.47290000000004,2.45,42.42,0.2581318758636573,895,High,Cooler Subsidy / Display Rack,2550.0
OUT_02596,Western,538.0885,2.08,42.42,0.2577669461077844,896,High,Cooler Subsidy / Display Rack,2550.0
OUT_06016,Western,549.3613,1.61,33.33,0.2576381278764929,897,High,Cooler Subsidy / Display Rack,2550.0
OUT_03818,Western,94.0779,8.57,30.3,0.2575870936102236,898,High,Cooler Subsidy / Display Rack,2550.0
OUT_07101,Western,491.519,1.64,30.3,0.25753711182108624,899,High,Cooler Subsidy / Display Rack,2550.0
OUT_03435,Western,140.7947,7.38,39.39,0.25725795642485766,900,High,Cooler Subsidy / Display Rack,2550.0
OUT_06902,Western,75.4209,17.91,51.52,0.2571950340822544,901,High,Cooler Subsidy / Display Rack,2550.0
OUT_08819,Western,165.8738,7.2,45.45,0.2571133175457481,902,High,Cooler Subsidy / Display Rack,2550.0
OUT_08777,Western,106.4179,6.83,27.27,0.25710444181110714,903,High,Cooler Subsidy / Display Rack,2550.0
OUT_07009,Western,206.7409,4.26,33.33,0.25654419866006406,904,High,Cooler Subsidy / Display Rack,2550.0
OUT_02186,Western,72.8823,18.48,51.52,0.2564480015232292,905,High,Cooler Subsidy / Display Rack,2550.0
OUT_02761,Western,73.7615,26.67,75.76,0.25628181409588324,906,High,Cooler Subsidy / Display Rack,2550.0
OUT_03684,Western,112.75049999999999,9.86,42.42,0.25603867572547206,907,High,Cooler Subsidy / Display Rack,2550.0
OUT_04772,Western,465.23939999999993,2.72,48.48,0.25575003395311235,908,High,Cooler Subsidy / Display Rack,2550.0
OUT_00115,Western,551.5509999999999,1.73,36.36,0.255402363490364,909,High,Cooler Subsidy / Display Rack,2550.0
OUT_01827,Western,463.7933,3.22,57.58,0.2549358869921475,910,High,Cooler Subsidy / Display Rack,2550.0
OUT_00254,Western,554.5812000000001,1.85,39.39,0.25401713790542224,911,High,Cooler Subsidy / Display Rack,2550.0
OUT_05803,Western,404.2535,2.34,36.36,0.25319946199143467,912,High,Cooler Subsidy / Display Rack,2550.0
OUT_05572,Western,60.772400000000005,19.35,45.45,0.2531638191603875,913,High,Cooler Subsidy / Display Rack,2550.0
OUT_08427,Western,564.9223999999999,2.08,45.45,0.2529684805166845,914,High,Cooler Subsidy / Display Rack,2550.0
OUT_00905,Western,94.7889,17.2,63.64,0.25222293935643564,915,High,Cooler Subsidy / Display Rack,2550.0
OUT_00013,Western,501.8876,1.42,27.27,0.2520977686593562,916,High,Cooler Subsidy / Display Rack,2550.0
OUT_02930,Western,522.1377,1.95,39.39,0.25208430675909876,917,High,Cooler Subsidy / Display Rack,2550.0
OUT_00124,Western,555.2170000000001,2.52,54.55,0.25187161836183625,918,High,Cooler Subsidy / Display Rack,2550.0
OUT_00508,Western,213.93189999999998,5.46,45.45,0.2514678523143164,919,High,Cooler Subsidy / Display Rack,2550.0
OUT_05656,Western,205.8603,7.89,63.64,0.25127440702351483,920,High,Cooler Subsidy / Display Rack,2550.0
OUT_04031,Western,185.04899999999998,4.25,30.3,0.25126461661341853,921,High,Cooler Subsidy / Display Rack,2550.0
OUT_02046,Western,82.2635,20.63,66.67,0.2507900110831978,922,High,Cooler Subsidy / Display Rack,2550.0
OUT_04211,Western,125.9687,6.83,33.33,0.2506164348965919,923,High,Cooler Subsidy / Display Rack,2550.0
OUT_05004,Western,107.822,13.6,57.58,0.25032079207920793,924,High,Cooler Subsidy / Display Rack,2550.0
OUT_03081,Western,169.07690000000002,9.11,60.61,0.250006583184548,925,High,Cooler Subsidy / Display Rack,2550.0
OUT_00074,Western,513.1169,2.4,48.48,0.2488845109135004,926,High,Cooler Subsidy / Display Rack,2550.0
OUT_04029,Western,73.3961,16.75,48.48,0.2484609286580437,927,High,Cooler Subsidy / Display Rack,2550.0
OUT_05906,Western,122.56530000000001,6.34,30.3,0.2482632594249201,928,High,Cooler Subsidy / Display Rack,2550.0
OUT_03142,Western,183.56480000000002,8.33,60.61,0.24818938224314235,929,High,Cooler Subsidy / Display Rack,2550.0
OUT_03869,Western,235.9106,5.52,51.52,0.24794868849961915,930,High,Cooler Subsidy / Display Rack,2550.0
OUT_01284,Western,223.26549999999997,3.81,33.33,0.24778373288668804,931,High,Cooler Subsidy / Display Rack,2550.0
OUT_07329,Western,237.8352,5.47,51.52,0.24770726275704488,932,High,Cooler Subsidy / Display Rack,2550.0
OUT_07240,Western,108.13300000000001,13.41,57.58,0.24753559747354048,933,High,Cooler Subsidy / Display Rack,2550.0
OUT_02962,Western,762.0649000000001,1.21,36.36,0.24681438142398293,934,High,Cooler Subsidy / Display Rack,2550.0
OUT_06820,Western,136.39499999999998,6.21,33.33,0.24672675502475966,935,High,Cooler Subsidy / Display Rack,2550.0
OUT_05471,Western,59.9763,14.12,33.33,0.2466837623070201,936,High,Cooler Subsidy / Display Rack,2550.0
OUT_05960,Western,435.34489999999994,2.46,42.42,0.24664865361584518,937,High,Cooler Subsidy / Display Rack,2550.0
OUT_07002,Western,495.7672,2.16,42.42,0.24662762597881163,938,High,Cooler Subsidy / Display Rack,2550.0
OUT_06538,Western,497.5804,2.45,48.48,0.2463767138237672,939,High,Cooler Subsidy / Display Rack,2550.0
OUT_01619,Western,273.40999999999997,7.18,78.79,0.246031307181351,940,High,Cooler Subsidy / Display Rack,2550.0
OUT_07456,Western,464.0236,2.46,45.45,0.24574769773950483,941,High,Cooler Subsidy / Display Rack,2550.0
OUT_02517,Western,261.7114,3.79,39.39,0.24557717405298346,942,High,Cooler Subsidy / Display Rack,2550.0
OUT_07739,Western,261.5863,3.79,39.39,0.24545978633325083,943,High,Cooler Subsidy / Display Rack,2550.0
OUT_05552,Western,476.3618,2.39,45.45,0.24510327276641553,944,High,Cooler Subsidy / Display Rack,2550.0
OUT_00158,Western,412.21969999999993,2.76,45.45,0.24493570979547896,945,High,Cooler Subsidy / Display Rack,2550.0
OUT_02440,Western,111.6884,12.17,54.55,0.2446890779477948,946,High,Cooler Subsidy / Display Rack,2550.0
OUT_02531,Western,321.3168,1.92,24.24,0.24442482408874802,947,High,Cooler Subsidy / Display Rack,2550.0
OUT_03605,Western,90.3044,10.11,36.36,0.24437298822269807,948,High,Cooler Subsidy / Display Rack,2550.0
OUT_07445,Western,64.4008,9.57,24.24,0.24418211410459595,949,High,Cooler Subsidy / Display Rack,2550.0
OUT_00322,Western,517.3809000000001,1.33,27.27,0.24340877148921125,950,High,Cooler Subsidy / Display Rack,2550.0
OUT_00332,Western,470.6775,2.24,42.42,0.24281842468908343,951,High,Cooler Subsidy / Display Rack,2550.0
OUT_06704,Western,232.13179999999997,3.9,36.36,0.2423217398286938,952,High,Cooler Subsidy / Display Rack,2550.0
OUT_07485,Western,193.1942,6.58,51.52,0.24204452322924597,953,High,Cooler Subsidy / Display Rack,2550.0
OUT_03866,Western,932.6958,1.28,48.48,0.24127943088116413,954,High,Cooler Subsidy / Display Rack,2550.0
OUT_04425,Western,123.7974,9.64,48.48,0.24118976071139853,955,High,Cooler Subsidy / Display Rack,2550.0
OUT_08436,Western,235.7588,5.06,48.48,0.2410952966855295,956,High,Cooler Subsidy / Display Rack,2550.0
OUT_04070,Western,251.84810000000002,4.43,45.45,0.24019097588805166,957,High,Cooler Subsidy / Display Rack,2550.0
OUT_08818,Western,246.4671,4.22,42.42,0.23954195347766002,958,High,Cooler Subsidy / Display Rack,2550.0
OUT_03907,Western,120.4131,5.62,27.27,0.23937800565970993,959,High,Cooler Subsidy / Display Rack,2550.0
OUT_06489,Western,77.3029,12.5,39.39,0.2392389824213914,960,High,Cooler Subsidy / Display Rack,2550.0
OUT_03119,Western,99.6217,14.04,57.58,0.23876556299078183,961,High,Cooler Subsidy / Display Rack,2550.0
OUT_08412,Western,59.6186,23.44,57.58,0.23855581836804374,962,High,Cooler Subsidy / Display Rack,2550.0
OUT_05633,Western,210.23059999999998,6.99,60.61,0.23851840512903746,963,High,Cooler Subsidy / Display Rack,2550.0
OUT_05025,Western,80.63329999999999,21.8,72.73,0.23841122202631218,964,High,Cooler Subsidy / Display Rack,2550.0
OUT_03503,Western,209.30539999999996,4.25,36.36,0.23810169967880082,965,High,Cooler Subsidy / Display Rack,2550.0
OUT_02201,Western,532.5683,1.67,36.36,0.238059170503212,966,High,Cooler Subsidy / Display Rack,2550.0
OUT_08226,Western,726.2067999999999,1.92,57.58,0.23801929941959707,967,High,Cooler Subsidy / Display Rack,2550.0
OUT_01035,Western,164.7647,4.08,27.27,0.23779270463388752,968,High,Cooler Subsidy / Display Rack,2550.0
OUT_00649,Western,456.78120000000007,2.1,39.39,0.23749455805892553,969,High,Cooler Subsidy / Display Rack,2550.0
OUT_04396,Western,104.74589999999999,7.08,30.3,0.23693321789137378,970,High,Cooler Subsidy / Display Rack,2550.0
OUT_03493,Western,790.7003000000002,1.21,39.39,0.236877287199802,971,High,Cooler Subsidy / Display Rack,2550.0
OUT_05287,Western,562.257,1.57,36.36,0.23628037740899357,972,High,Cooler Subsidy / Display Rack,2550.0
OUT_07596,Western,70.6032,16.55,48.48,0.23615257881972515,973,High,Cooler Subsidy / Display Rack,2550.0
OUT_03745,Western,82.7204,8.93,30.3,0.2360042083067092,974,High,Cooler Subsidy / Display Rack,2550.0
OUT_01375,Western,447.3236,1.97,36.36,0.23587459635974306,975,High,Cooler Subsidy / Display Rack,2550.0
OUT_03524,Western,218.3238,6.98,63.64,0.2357518756188119,976,High,Cooler Subsidy / Display Rack,2550.0
OUT_03208,Western,811.9385000000002,1.52,51.52,0.23498600913937553,977,High,Cooler Subsidy / Display Rack,2550.0
OUT_02466,Western,85.0095,8.64,30.3,0.23465881150159745,978,High,Cooler Subsidy / Display Rack,2550.0
OUT_06763,Western,397.57259999999997,1.31,21.21,0.2344980216118865,979,High,Cooler Subsidy / Display Rack,2550.0
OUT_06904,Western,187.34409999999997,6.19,48.48,0.23436943795472917,980,High,Cooler Subsidy / Display Rack,2550.0
OUT_02665,Western,583.7812,2.96,72.73,0.23436760504543605,981,High,Cooler Subsidy / Display Rack,2550.0
OUT_08704,Western,492.54190000000006,2.21,45.45,0.2343417866523143,982,High,Cooler Subsidy / Display Rack,2550.0
OUT_00431,Western,84.1049,10.4,36.36,0.2341249892933619,983,High,Cooler Subsidy / Display Rack,2550.0
OUT_04423,Western,176.02419999999998,4.16,30.3,0.23394909648562295,984,High,Cooler Subsidy / Display Rack,2550.0
OUT_08257,Western,232.44709999999998,2.54,24.24,0.23392061568938194,985,High,Cooler Subsidy / Display Rack,2550.0
OUT_08881,Western,87.7463,10.76,39.39,0.2337584025748948,986,High,Cooler Subsidy / Display Rack,2550.0
OUT_08841,Western,390.10519999999997,4.23,69.7,0.233400989533239,987,High,Cooler Subsidy / Display Rack,2550.0
OUT_03963,Western,197.53379999999999,6.55,54.55,0.23291564176417642,988,High,Cooler Subsidy / Display Rack,2550.0
OUT_01052,Western,62.9494,12.67,33.33,0.23232417652199244,989,High,Cooler Subsidy / Display Rack,2550.0
OUT_00062,Western,523.0856,1.39,30.3,0.23229679999999997,990,High,Cooler Subsidy / Display Rack,2550.0
OUT_00736,Western,487.27830000000006,1.78,36.36,0.23216150267665955,991,High,Cooler Subsidy / Display Rack,2550.0
OUT_06193,Western,209.29989999999998,5.15,45.45,0.23205478686759956,992,High,Cooler Subsidy / Display Rack,2550.0
OUT_07644,Western,139.19389999999999,6.73,39.39,0.2319323958900718,993,High,Cooler Subsidy / Display Rack,2550.0
OUT_07122,Western,465.2438,3.07,60.61,0.23182899951306604,994,High,Cooler Subsidy / Display Rack,2550.0
OUT_05829,Western,255.0756,6.15,66.67,0.23181837446431214,995,High,Cooler Subsidy / Display Rack,2550.0
OUT_03635,Western,733.7926,1.18,36.36,0.23176532869379013,996,High,Cooler Subsidy / Display Rack,2550.0
OUT_01349,Western,103.4808,9.72,42.42,0.23165209028097655,997,High,Cooler Subsidy / Display Rack,2550.0
OUT_05051,Western,73.23219999999999,9.9,30.3,0.23162900319488816,998,High,Cooler Subsidy / Display Rack,2550.0
OUT_04122,Western,174.55260000000004,3.75,27.27,0.2315430668553237,999,High,Cooler Subsidy / Display Rack,2550.0
OUT_07392,Western,73.8066,17.42,54.55,0.23145112007200724,1000,High,Cooler Subsidy / Display Rack,2550.0
OUT_00751,Western,136.8287,5.8,33.33,0.2311699563064375,1001,High,Cooler Subsidy / Display Rack,2550.0
OUT_07203,Western,265.9859,2.72,30.3,0.231144296485623,1002,High,Cooler Subsidy / Display Rack,2550.0
OUT_02943,Western,100.6089,10.66,45.45,0.2308914691065662,1003,High,Cooler Subsidy / Display Rack,2550.0
OUT_02864,Western,213.65,5.34,48.48,0.23057619240097008,1004,High,Cooler Subsidy / Display Rack,2550.0
OUT_06075,Western,185.12519999999998,5.78,45.45,0.23036031345532826,1005,High,Cooler Subsidy / Display Rack,2550.0
OUT_04758,Western,529.0942,1.89,42.42,0.23030585859051128,1006,High,Cooler Subsidy / Display Rack,2550.0
OUT_03450,Western,164.3297,6.93,48.48,0.23015457174616008,1007,High,Cooler Subsidy / Display Rack,2550.0
OUT_06815,Western,529.5569,1.36,30.3,0.23009501086261983,1008,High,Cooler Subsidy / Display Rack,2550.0
OUT_05838,Western,704.2561000000001,1.22,36.36,0.2299765637044968,1009,High,Cooler Subsidy / Display Rack,2550.0
OUT_03959,Western,760.9494,1.86,60.61,0.22972989514689174,1010,High,Cooler Subsidy / Display Rack,2550.0
OUT_01679,Western,360.10729999999995,1.61,24.24,0.22970394334389857,1011,High,Cooler Subsidy / Display Rack,2550.0
OUT_04059,Western,493.2922,2.16,45.45,0.2293888378902045,1012,High,Cooler Subsidy / Display Rack,2550.0
OUT_08904,Western,117.4784,11.42,57.58,0.2290207115056333,1013,High,Cooler Subsidy / Display Rack,2550.0
OUT_08532,Western,204.39730000000003,6.22,54.55,0.22886610369036905,1014,High,Cooler Subsidy / Display Rack,2550.0
OUT_03287,Western,751.4316999999999,1.69,54.55,0.22860838397839778,1015,High,Cooler Subsidy / Display Rack,2550.0
OUT_06663,Western,671.7774,1.99,57.58,0.22820707169682483,1016,High,Cooler Subsidy / Display Rack,2550.0
OUT_04875,Western,100.7884,13.25,57.58,0.22796966541481736,1017,High,Cooler Subsidy / Display Rack,2550.0
OUT_06954,Western,131.5115,5.95,33.33,0.2279328357122051,1018,High,Cooler Subsidy / Display Rack,2550.0
OUT_03676,Western,715.2271000000001,1.19,36.36,0.22781591247323343,1019,High,Cooler Subsidy / Display Rack,2550.0
OUT_05045,Western,419.1873,2.03,36.36,0.22777040123126338,1020,High,Cooler Subsidy / Display Rack,2550.0
OUT_00613,Western,98.3312,8.64,36.36,0.22740405995717344,1021,High,Cooler Subsidy / Display Rack,2550.0
OUT_04667,Western,545.1033,0.8,18.18,0.22736321167883208,1022,High,Cooler Subsidy / Display Rack,2550.0
OUT_07725,Western,209.108,6.69,60.61,0.22706257425742574,1023,High,Cooler Subsidy / Display Rack,2550.0
OUT_04139,Western,413.31539999999995,3.05,54.55,0.22693284788478846,1024,High,Cooler Subsidy / Display Rack,2550.0
OUT_08222,Western,472.8008,2.52,51.52,0.22685796191926882,1025,High,Cooler Subsidy / Display Rack,2550.0
OUT_00614,Western,582.2509,1.57,39.39,0.22632679202772965,1026,High,Cooler Subsidy / Display Rack,2550.0
OUT_07681,Western,196.9724,7.42,63.64,0.22610383787128713,1027,High,Cooler Subsidy / Display Rack,2550.0
OUT_04785,Western,204.6785,3.44,30.3,0.22495017252396166,1028,High,Cooler Subsidy / Display Rack,2550.0
OUT_04154,Western,516.429,2.02,45.45,0.2245826867599569,1029,High,Cooler Subsidy / Display Rack,2550.0
OUT_04048,Western,601.2632999999998,1.62,42.42,0.2243313095347766,1030,High,Cooler Subsidy / Display Rack,2550.0
OUT_07498,Western,274.5469,2.8,33.33,0.22392406641421497,1031,High,Cooler Subsidy / Display Rack,2550.0
OUT_00909,Western,95.403,14.45,60.61,0.22375805064112966,1032,High,Cooler Subsidy / Display Rack,2550.0
OUT_00486,Western,256.303,2.46,27.27,0.22302984789529534,1033,High,Cooler Subsidy / Display Rack,2550.0
OUT_06045,Western,71.788,11.6,36.36,0.22289635974304065,1034,High,Cooler Subsidy / Display Rack,2550.0
OUT_01521,Western,213.2718,6.12,57.58,0.22281041584158418,1035,High,Cooler Subsidy / Display Rack,2550.0
OUT_03694,Western,129.3424,4.34,24.24,0.22240333438985738,1036,High,Cooler Subsidy / Display Rack,2550.0
OUT_05855,Western,155.1105,5.79,39.39,0.22235449244862587,1037,High,Cooler Subsidy / Display Rack,2550.0
OUT_00208,Western,537.4404000000001,1.92,45.45,0.22214974553283098,1038,High,Cooler Subsidy / Display Rack,2550.0
OUT_06192,Western,260.12309999999997,2.93,33.33,0.22201010282551706,1039,High,Cooler Subsidy / Display Rack,2550.0
OUT_00082,Western,593.4422999999999,2.07,54.55,0.22113871485148515,1040,High,Cooler Subsidy / Display Rack,2550.0
OUT_05948,Western,432.44050000000004,1.91,36.36,0.221081733137045,1041,High,Cooler Subsidy / Display Rack,2550.0
OUT_05354,Western,265.4642,2.1,24.24,0.22086958003169577,1042,High,Cooler Subsidy / Display Rack,2550.0
OUT_08368,Western,70.4385,14.56,45.45,0.22079323143164692,1043,High,Cooler Subsidy / Display Rack,2550.0
OUT_05679,Western,178.81240000000003,7.98,63.64,0.22074921905940598,1044,High,Cooler Subsidy / Display Rack,2550.0
OUT_01283,Western,88.8472,13.79,54.55,0.22055857569756976,1045,High,Cooler Subsidy / Display Rack,2550.0
OUT_05997,Western,75.3812,12.7,42.42,0.2204839336711193,1046,High,Cooler Subsidy / Display Rack,2550.0
OUT_08823,Western,208.40429999999998,4.9,45.45,0.2198452249730893,1047,High,Cooler Subsidy / Display Rack,2550.0
OUT_05581,Western,92.56530000000001,9.59,39.39,0.2197824280762565,1048,High,Cooler Subsidy / Display Rack,2550.0
OUT_08120,Western,423.29839999999996,2.41,45.45,0.2196230665231431,1049,High,Cooler Subsidy / Display Rack,2550.0
OUT_05428,Western,453.68870000000004,2.1,42.42,0.21942567250115155,1050,High,Cooler Subsidy / Display Rack,2550.0
OUT_00609,Western,207.13880000000003,4.92,45.45,0.2194021304628633,1051,High,Cooler Subsidy / Display Rack,2550.0
OUT_07581,Western,563.0415,1.81,45.45,0.21939830247578043,1052,High,Cooler Subsidy / Display Rack,2550.0
OUT_03406,Western,433.5867,1.89,36.36,0.21934659073875803,1053,High,Cooler Subsidy / Display Rack,2550.0
OUT_02734,Western,422.70070000000004,2.88,54.55,0.21914995787578762,1054,High,Cooler Subsidy / Display Rack,2550.0
OUT_08092,Western,102.5166,11.22,51.52,0.21900918735719724,1055,High,Cooler Subsidy / Display Rack,2550.0
OUT_00616,Western,211.21749999999997,4.5,42.42,0.21890344311377244,1056,High,Cooler Subsidy / Display Rack,2550.0
OUT_07773,Western,226.5793,3.02,30.3,0.21861644920127796,1057,High,Cooler Subsidy / Display Rack,2550.0
OUT_01366,Western,217.5331,3.44,33.33,0.21797665715117973,1058,High,Cooler Subsidy / Display Rack,2550.0
OUT_02601,Western,311.4798,2.19,30.3,0.21793634568690096,1059,High,Cooler Subsidy / Display Rack,2550.0
OUT_04795,Western,485.7919,2.76,60.61,0.21762467846128875,1060,High,Cooler Subsidy / Display Rack,2550.0
OUT_03536,Western,124.9343,8.09,45.45,0.21759278514531752,1061,High,Cooler Subsidy / Display Rack,2550.0
OUT_03748,Western,122.5236,7.71,42.42,0.21756263380930446,1062,High,Cooler Subsidy / Display Rack,2550.0
OUT_02686,Western,246.451,5.17,57.58,0.2175062598156367,1063,High,Cooler Subsidy / Display Rack,2550.0
OUT_04803,Western,117.30339999999998,6.36,33.33,0.2173171057384212,1064,High,Cooler Subsidy / Display Rack,2550.0
OUT_05887,Western,189.9663,4.27,36.36,0.21711887071734473,1065,High,Cooler Subsidy / Display Rack,2550.0
OUT_04589,Western,162.8775,6.57,48.48,0.21627024555375912,1066,High,Cooler Subsidy / Display Rack,2550.0
OUT_02871,Western,87.12,13.03,51.52,0.21614120335110434,1067,High,Cooler Subsidy / Display Rack,2550.0
OUT_05619,Western,487.37790000000007,2.73,60.61,0.21596196510306773,1068,High,Cooler Subsidy / Display Rack,2550.0
OUT_05387,Western,790.4700999999998,1.02,36.36,0.2158135711991434,1069,High,Cooler Subsidy / Display Rack,2550.0
OUT_03861,Western,476.99600000000004,1.69,36.36,0.21577174518201284,1070,High,Cooler Subsidy / Display Rack,2550.0
OUT_02446,Western,238.50439999999998,4.2,45.45,0.2156552163616792,1071,High,Cooler Subsidy / Display Rack,2550.0
OUT_00789,Western,522.3868,2.54,60.61,0.21536479013147217,1072,High,Cooler Subsidy / Display Rack,2550.0
OUT_06895,Western,85.09309999999999,12.52,48.48,0.2153123710590137,1073,High,Cooler Subsidy / Display Rack,2550.0
OUT_06370,Western,475.9515,1.69,36.36,0.21529925990364024,1074,High,Cooler Subsidy / Display Rack,2550.0
OUT_04094,Western,157.4359,4.69,33.33,0.21508137809496072,1075,High,Cooler Subsidy / Display Rack,2550.0
OUT_03655,Western,177.90480000000002,4.15,33.33,0.21506114768424123,1076,High,Cooler Subsidy / Display Rack,2550.0
OUT_03251,Western,521.7407000000001,1.04,24.24,0.21498032012678292,1077,High,Cooler Subsidy / Display Rack,2550.0
OUT_02808,Western,174.6943,4.97,39.39,0.21496179029462736,1078,High,Cooler Subsidy / Display Rack,2550.0
OUT_04258,Western,242.53900000000002,3.56,39.39,0.2137753998514484,1079,High,Cooler Subsidy / Display Rack,2550.0
OUT_06315,Western,532.4665,2.96,72.73,0.2137665590668656,1080,High,Cooler Subsidy / Display Rack,2550.0
OUT_03217,Western,203.065,4.57,42.42,0.21372801704283742,1081,High,Cooler Subsidy / Display Rack,2550.0
OUT_07935,Western,433.06309999999996,2.89,57.58,0.21364840542847385,1082,High,Cooler Subsidy / Display Rack,2550.0
OUT_00823,Western,459.01959999999997,2.02,42.42,0.21354665868263473,1083,High,Cooler Subsidy / Display Rack,2550.0
OUT_03096,Western,111.65549999999999,11.78,60.61,0.21348836065573767,1084,High,Cooler Subsidy / Display Rack,2550.0
OUT_02078,Western,795.3251999999998,2.06,75.76,0.21344058259510154,1085,High,Cooler Subsidy / Display Rack,2550.0
OUT_03075,Western,701.6592,1.87,60.61,0.2129691128063626,1086,High,Cooler Subsidy / Display Rack,2550.0
OUT_08784,Western,144.8066,7.27,48.48,0.21276151616814873,1087,High,Cooler Subsidy / Display Rack,2550.0
OUT_01448,Western,236.07890000000003,6.37,69.7,0.21270475148514856,1088,High,Cooler Subsidy / Display Rack,2550.0
OUT_04153,Western,119.26190000000001,3.4,18.18,0.21141316996871742,1089,High,Cooler Subsidy / Display Rack,2550.0
OUT_07920,Western,238.9261,3.84,42.42,0.2113026771073238,1090,High,Cooler Subsidy / Display Rack,2550.0
OUT_08692,Western,191.32180000000002,3.79,33.33,0.21121748383338193,1091,High,Cooler Subsidy / Display Rack,2550.0
OUT_05128,Western,178.8773,4.41,36.36,0.21114799063169165,1092,High,Cooler Subsidy / Display Rack,2550.0
OUT_08681,Western,101.3861,9.63,45.45,0.2101933569429494,1093,High,Cooler Subsidy / Display Rack,2550.0
OUT_00047,Western,1256.0162999999998,1.03,60.61,0.20998162457393277,1094,High,Cooler Subsidy / Display Rack,2550.0
OUT_00803,Western,192.39260000000002,5.73,51.52,0.20990281759329782,1095,High,Cooler Subsidy / Display Rack,2550.0
OUT_01631,Western,78.463,15.66,57.58,0.20975257425742572,1096,High,Cooler Subsidy / Display Rack,2550.0
OUT_00145,Western,533.0799,1.35,33.33,0.20962943926594815,1097,High,Cooler Subsidy / Display Rack,2550.0
OUT_00430,Western,127.79580000000001,9.6,57.58,0.20942978490952546,1098,High,Cooler Subsidy / Display Rack,2550.0
OUT_08258,Western,214.7869,3.64,36.36,0.20926775053533192,1099,High,Cooler Subsidy / Display Rack,2550.0
OUT_06626,Western,236.1875,4.37,48.48,0.20859728678253842,1100,High,Cooler Subsidy / Display Rack,2550.0
OUT_04610,Western,431.1915,2.54,51.52,0.20853511233815689,1101,High,Cooler Subsidy / Display Rack,2550.0
OUT_00965,Western,809.3992000000001,1.43,54.55,0.20836019009900994,1102,High,Cooler Subsidy / Display Rack,2550.0
OUT_00590,Western,246.6234,3.41,39.39,0.20821633919286953,1103,High,Cooler Subsidy / Display Rack,2550.0
OUT_05754,Western,166.8481,4.66,36.36,0.20811352944325484,1104,High,Cooler Subsidy / Display Rack,2550.0
OUT_04143,Western,587.3851999999999,1.86,51.52,0.2080229383092155,1105,High,Cooler Subsidy / Display Rack,2550.0
OUT_05776,Western,790.9568999999999,1.62,60.61,0.20797762993020613,1106,High,Cooler Subsidy / Display Rack,2550.0
OUT_02581,Western,234.44740000000002,3.84,42.42,0.20734178166743436,1107,High,Cooler Subsidy / Display Rack,2550.0
OUT_08730,Western,96.0705,10.02,45.45,0.2072392701829924,1108,High,Cooler Subsidy / Display Rack,2550.0
OUT_05245,Western,79.8509,14.38,54.55,0.20670674023402338,1109,High,Cooler Subsidy / Display Rack,2550.0
OUT_01563,Western,193.58239999999998,7.87,72.73,0.20663142384375421,1110,High,Cooler Subsidy / Display Rack,2550.0
OUT_01419,Western,193.54539999999997,6.55,60.61,0.20576568251907154,1111,High,Cooler Subsidy / Display Rack,2550.0
OUT_02077,Western,70.9376,16.1,54.55,0.20559772457245726,1112,High,Cooler Subsidy / Display Rack,2550.0
OUT_02219,Western,188.0768,5.4,48.48,0.20525762328213423,1113,High,Cooler Subsidy / Display Rack,2550.0
OUT_05543,Western,374.6857,3.54,63.64,0.20519606714108912,1114,High,Cooler Subsidy / Display Rack,2550.0
OUT_04665,Western,86.732,14.55,60.61,0.20482885895146893,1115,High,Cooler Subsidy / Display Rack,2550.0
OUT_03311,Western,134.8747,4.29,27.27,0.20467366926070035,1116,High,Cooler Subsidy / Display Rack,2550.0
OUT_01220,Western,307.7427,3.29,48.48,0.20462277344381566,1117,High,Cooler Subsidy / Display Rack,2550.0
OUT_00169,Western,478.7911,2.37,54.55,0.20427271053105311,1118,High,Cooler Subsidy / Display Rack,2550.0
OUT_06375,Western,436.4996,1.89,39.39,0.20425457885615253,1119,High,Cooler Subsidy / Display Rack,2550.0
OUT_07834,Western,208.93959999999998,7.2,72.73,0.20403704326597044,1120,High,Cooler Subsidy / Display Rack,2550.0
OUT_00449,Western,781.5027,1.37,51.52,0.2038573303503427,1121,High,Cooler Subsidy / Display Rack,2550.0
OUT_02813,Western,127.4386,7.9,48.48,0.20346906628940983,1122,High,Cooler Subsidy / Display Rack,2550.0
OUT_06738,Western,117.3123,8.05,45.45,0.20330764585575886,1123,High,Cooler Subsidy / Display Rack,2550.0
OUT_00011,Western,1345.6802,0.61,39.39,0.20323469225055707,1124,High,Cooler Subsidy / Display Rack,2550.0
OUT_00269,Western,419.3995,1.81,36.36,0.20318872992505355,1125,High,Cooler Subsidy / Display Rack,2550.0
OUT_05023,Western,113.4651,7.21,39.39,0.20254601906412478,1126,High,Cooler Subsidy / Display Rack,2550.0
OUT_00380,Western,573.303,1.64,45.45,0.20241483745963398,1127,High,Cooler Subsidy / Display Rack,2550.0
OUT_07614,Western,70.8071,17.6,60.61,0.20227316344749233,1128,High,Cooler Subsidy / Display Rack,2550.0
OUT_00644,Western,199.20129999999997,2.56,24.24,0.2020425229793978,1129,High,Cooler Subsidy / Display Rack,2550.0
OUT_08400,Western,549.3086,2.37,63.64,0.20140182271039606,1130,High,Cooler Subsidy / Display Rack,2550.0
OUT_08273,Western,491.48979999999995,2.52,60.61,0.20103137412757666,1131,High,Cooler Subsidy / Display Rack,2550.0
OUT_07241,Western,91.3955,8.88,39.39,0.200938856152513,1132,High,Cooler Subsidy / Display Rack,2550.0
OUT_03431,Western,56.1672,13.36,36.36,0.200854869379015,1133,High,Cooler Subsidy / Display Rack,2550.0
OUT_03499,Western,227.24509999999998,4.37,48.48,0.20069949211802746,1134,High,Cooler Subsidy / Display Rack,2550.0
OUT_01851,Western,449.9904,1.8,39.39,0.20054041099282005,1135,High,Cooler Subsidy / Display Rack,2550.0
OUT_05281,Western,251.04999999999998,2.98,36.36,0.20024866167023553,1136,High,Cooler Subsidy / Display Rack,2550.0
OUT_01894,Western,250.483,4.19,51.52,0.19983316260472203,1137,High,Cooler Subsidy / Display Rack,2550.0
OUT_01605,Western,465.86409999999995,1.86,42.42,0.19956407784431138,1138,High,Cooler Subsidy / Display Rack,2550.0
OUT_05850,Western,213.62990000000002,6.31,66.67,0.1992026997192256,1139,High,Cooler Subsidy / Display Rack,2550.0
OUT_04052,Western,448.05010000000004,1.93,42.42,0.19915630884385077,1140,High,Cooler Subsidy / Display Rack,2550.0
OUT_08190,Western,200.97520000000003,4.0,39.39,0.19903461252785346,1141,High,Cooler Subsidy / Display Rack,2550.0
OUT_07575,Western,105.1229,10.51,54.55,0.19889139135913592,1142,High,Cooler Subsidy / Display Rack,2550.0
OUT_01367,Western,223.5876,4.67,51.52,0.19881075628332062,1143,High,Cooler Subsidy / Display Rack,2550.0
OUT_02989,Western,187.87439999999998,5.55,51.52,0.1985344478293983,1144,High,Cooler Subsidy / Display Rack,2550.0
OUT_03059,Western,219.5566,3.65,39.39,0.1984108913097301,1145,High,Cooler Subsidy / Display Rack,2550.0
OUT_00925,Western,108.37280000000001,5.73,30.3,0.19839493418530355,1146,High,Cooler Subsidy / Display Rack,2550.0
OUT_00335,Western,460.23019999999997,2.65,60.61,0.19795650543742896,1147,High,Cooler Subsidy / Display Rack,2550.0
OUT_06886,Western,123.96629999999999,6.93,42.42,0.19785501128512203,1148,High,Cooler Subsidy / Display Rack,2550.0
OUT_07313,Western,95.4525,9.6,45.45,0.19727534983853603,1149,High,Cooler Subsidy / Display Rack,2550.0
OUT_04802,Western,98.73530000000001,6.85,33.33,0.1970104296533644,1150,High,Cooler Subsidy / Display Rack,2550.0
OUT_02860,Western,854.3849,0.86,36.36,0.1966731836188437,1151,High,Cooler Subsidy / Display Rack,2550.0
OUT_08177,Western,555.1142,1.43,39.39,0.19653708987373114,1152,High,Cooler Subsidy / Display Rack,2550.0
OUT_00210,Western,429.69590000000005,2.4,51.52,0.1963576085300838,1153,High,Cooler Subsidy / Display Rack,2550.0
OUT_07826,Western,75.3061,8.95,33.33,0.19632670987474513,1154,High,Cooler Subsidy / Display Rack,2550.0
OUT_08552,Western,528.8009,1.72,45.45,0.19581002109795476,1155,High,Cooler Subsidy / Display Rack,2550.0
OUT_02421,Western,135.9052,5.38,36.36,0.19570930835117775,1156,High,Cooler Subsidy / Display Rack,2550.0
OUT_03804,Western,209.39440000000002,2.92,30.3,0.19534557444089456,1157,High,Cooler Subsidy / Display Rack,2550.0
OUT_07245,Western,242.7134,4.7,57.58,0.19473420621372484,1158,High,Cooler Subsidy / Display Rack,2550.0
OUT_08767,Western,485.91119999999995,1.98,48.48,0.19444304284559416,1159,High,Cooler Subsidy / Display Rack,2550.0
OUT_00912,Western,487.3244,1.97,48.48,0.1940236596604689,1160,High,Cooler Subsidy / Display Rack,2550.0
OUT_05372,Western,231.16409999999996,3.64,42.42,0.1937902634730539,1161,High,Cooler Subsidy / Display Rack,2550.0
OUT_01554,Western,786.2601,1.07,42.42,0.19375824666052513,1162,High,Cooler Subsidy / Display Rack,2550.0
OUT_00021,Western,1105.1179000000002,0.6,33.33,0.19314615205359748,1163,High,Cooler Subsidy / Display Rack,2550.0
OUT_04598,Western,453.19370000000004,1.59,36.36,0.19287419245182016,1164,High,Cooler Subsidy / Display Rack,2550.0
OUT_07418,Western,473.8331,1.89,45.45,0.19279753692142088,1165,High,Cooler Subsidy / Display Rack,2550.0
OUT_04428,Western,78.09570000000001,15.19,60.61,0.192545639181951,1166,High,Cooler Subsidy / Display Rack,2550.0
OUT_03467,Western,438.28790000000004,1.77,39.39,0.19206971601881656,1167,High,Cooler Subsidy / Display Rack,2550.0
OUT_00686,Western,442.0255,1.36,30.3,0.1920621980830671,1168,High,Cooler Subsidy / Display Rack,2550.0
OUT_06284,Western,488.50390000000004,2.42,60.61,0.19188109689985391,1169,High,Cooler Subsidy / Display Rack,2550.0
OUT_05448,Western,490.9757,1.46,36.36,0.1918695187366167,1170,High,Cooler Subsidy / Display Rack,2550.0
OUT_00593,Western,99.2397,8.97,45.45,0.19164264994617866,1171,High,Cooler Subsidy / Display Rack,2550.0
OUT_06264,Western,609.2452000000001,2.03,63.64,0.1913316454207921,1172,High,Cooler Subsidy / Display Rack,2550.0
OUT_00775,Western,277.39930000000004,3.82,54.55,0.19075883456345635,1173,High,Cooler Subsidy / Display Rack,2550.0
OUT_05735,Western,102.9399,7.48,39.39,0.19063888388214906,1174,High,Cooler Subsidy / Display Rack,2550.0
OUT_03534,Western,264.6385,3.78,51.52,0.19046716108149278,1175,High,Cooler Subsidy / Display Rack,2550.0
OUT_00191,Western,596.0748,1.29,39.39,0.19037793810349096,1176,High,Cooler Subsidy / Display Rack,2550.0
OUT_01245,Western,89.1422,11.83,54.55,0.18983838451845186,1177,High,Cooler Subsidy / Display Rack,2550.0
OUT_05508,Western,530.6257,1.77,48.48,0.18981557983023448,1178,High,Cooler Subsidy / Display Rack,2550.0
OUT_08849,Western,248.26289999999997,2.16,27.27,0.1896879603820304,1179,High,Cooler Subsidy / Display Rack,2550.0
OUT_03402,Western,941.808,1.24,60.61,0.18955395552670018,1180,High,Cooler Subsidy / Display Rack,2550.0
OUT_06732,Western,91.3921,9.62,45.45,0.18927707255113022,1181,High,Cooler Subsidy / Display Rack,2550.0
OUT_01802,Western,489.17029999999994,2.5,63.64,0.18919024597772277,1182,High,Cooler Subsidy / Display Rack,2550.0
OUT_00392,Western,518.948,1.14,30.3,0.1890098146964856,1183,High,Cooler Subsidy / Display Rack,2550.0
OUT_03859,Western,69.3588,12.63,45.45,0.18859023552206672,1184,High,Cooler Subsidy / Display Rack,2550.0
OUT_01841,Western,589.0289,1.39,42.42,0.18856521672040533,1185,High,Cooler Subsidy / Display Rack,2550.0
OUT_00236,Western,387.02860000000004,2.41,48.48,0.18850827122069524,1186,High,Cooler Subsidy / Display Rack,2550.0
OUT_08657,Western,263.1024,3.76,51.52,0.1883596770753998,1187,High,Cooler Subsidy / Display Rack,2550.0
OUT_03960,Western,382.7198,3.03,60.61,0.18822285245901638,1188,High,Cooler Subsidy / Display Rack,2550.0
OUT_08676,Western,807.0613000000001,0.87,36.36,0.18793986375802998,1189,High,Cooler Subsidy / Display Rack,2550.0
OUT_01906,Western,765.7141000000001,1.14,45.45,0.1879255272335845,1190,High,Cooler Subsidy / Display Rack,2550.0
OUT_07311,Western,232.50579999999997,4.48,54.55,0.1875114282628263,1191,High,Cooler Subsidy / Display Rack,2550.0
OUT_08387,Western,270.22069999999997,3.43,48.48,0.1873195232417138,1192,High,Cooler Subsidy / Display Rack,2550.0
OUT_06953,Western,92.41399999999999,10.01,48.48,0.1869571827000808,1193,High,Cooler Subsidy / Display Rack,2550.0
OUT_04547,Western,190.13480000000004,3.37,33.33,0.1866455799592194,1194,High,Cooler Subsidy / Display Rack,2550.0
OUT_00312,Western,553.2891,1.77,51.52,0.1864664331683168,1195,High,Cooler Subsidy / Display Rack,2550.0
OUT_04095,Western,95.75420000000001,6.68,33.33,0.18632043577046317,1196,High,Cooler Subsidy / Display Rack,2550.0
OUT_05091,Western,547.2919999999999,1.89,54.55,0.18620735913591357,1197,High,Cooler Subsidy / Display Rack,2550.0
OUT_02364,Western,252.7602,4.31,57.58,0.1859673031751451,1198,High,Cooler Subsidy / Display Rack,2550.0
OUT_07135,Western,797.4115000000002,0.94,39.39,0.1855822753156722,1199,High,Cooler Subsidy / Display Rack,2550.0
OUT_03500,Western,93.616,11.01,54.55,0.18554674347434744,1200,High,Cooler Subsidy / Display Rack,2550.0
OUT_05135,Western,113.945,10.02,60.61,0.18531551696153217,1201,High,Cooler Subsidy / Display Rack,2550.0
OUT_00463,Western,522.9458,1.43,39.39,0.18514793117108194,1202,High,Cooler Subsidy / Display Rack,2550.0
OUT_05564,Western,756.0060000000001,0.84,33.33,0.18498253422662397,1203,High,Cooler Subsidy / Display Rack,2550.0
OUT_00276,Western,383.12129999999996,1.51,30.3,0.18482848658146964,1204,High,Cooler Subsidy / Display Rack,2550.0
OUT_01060,Western,241.15389999999996,2.63,33.33,0.18474650655403435,1205,High,Cooler Subsidy / Display Rack,2550.0
OUT_01961,Western,529.4567999999999,2.36,66.67,0.1846487436086892,1206,High,Cooler Subsidy / Display Rack,2550.0
OUT_06009,Western,214.03640000000001,3.74,42.42,0.18436115522800556,1207,High,Cooler Subsidy / Display Rack,2550.0
OUT_00226,Western,547.3054,0.85,24.24,0.1843144175911252,1208,High,Cooler Subsidy / Display Rack,2550.0
OUT_01589,Western,243.08769999999998,3.98,51.52,0.18421345125666413,1209,High,Cooler Subsidy / Display Rack,2550.0
OUT_01922,Western,108.9307,7.85,45.45,0.18409171044133477,1210,High,Cooler Subsidy / Display Rack,2550.0
OUT_06813,Western,97.1049,9.95,51.52,0.18396682311500379,1211,High,Cooler Subsidy / Display Rack,2550.0
OUT_00621,Western,273.92589999999996,1.69,24.24,0.1834131422345483,1212,High,Cooler Subsidy / Display Rack,2550.0
OUT_08921,Western,520.8739,1.42,39.39,0.18312476801188415,1213,High,Cooler Subsidy / Display Rack,2550.0
OUT_01980,Western,173.0873,7.8,72.73,0.1831114797233148,1214,High,Cooler Subsidy / Display Rack,2550.0
OUT_00014,Western,469.73620000000005,1.1,27.27,0.18277673151750973,1215,High,Cooler Subsidy / Display Rack,2550.0
OUT_00166,Western,410.7395,1.66,36.36,0.18250202623126338,1216,High,Cooler Subsidy / Display Rack,2550.0
OUT_01033,Western,108.16459999999998,9.37,54.55,0.18244865922592254,1217,High,Cooler Subsidy / Display Rack,2550.0
OUT_06024,Western,115.71769999999998,5.89,36.36,0.1824350248929336,1218,High,Cooler Subsidy / Display Rack,2550.0
OUT_02999,Western,110.75549999999998,5.65,33.33,0.1822803888727061,1219,High,Cooler Subsidy / Display Rack,2550.0
OUT_03182,Western,90.5505,12.4,60.61,0.18224739490342476,1220,High,Cooler Subsidy / Display Rack,2550.0
OUT_06881,Western,429.1579,2.1,48.48,0.18214058003233632,1221,High,Cooler Subsidy / Display Rack,2550.0
OUT_05337,Western,203.47230000000002,4.42,48.48,0.18175981527890056,1222,High,Cooler Subsidy / Display Rack,2550.0
OUT_04181,Western,202.0553,4.45,48.48,0.18171909559417948,1223,High,Cooler Subsidy / Display Rack,2550.0
OUT_02852,Western,170.81860000000003,2.04,18.18,0.18168401668404593,1224,High,Cooler Subsidy / Display Rack,2550.0
OUT_00182,Western,483.62090000000006,1.63,42.42,0.18155275610317825,1225,High,Cooler Subsidy / Display Rack,2550.0
OUT_02774,Western,157.3484,4.31,36.36,0.18152344860813704,1226,High,Cooler Subsidy / Display Rack,2550.0
OUT_04367,Western,118.1893,8.06,51.52,0.18137961881188122,1227,High,Cooler Subsidy / Display Rack,2550.0
OUT_04618,Western,203.9599,4.93,54.55,0.18101211647164717,1228,High,Cooler Subsidy / Display Rack,2550.0
OUT_02573,Western,115.20660000000001,5.39,33.33,0.18088073812991554,1229,High,Cooler Subsidy / Display Rack,2550.0
OUT_06751,Western,174.295,4.19,39.39,0.18081110423372124,1230,High,Cooler Subsidy / Display Rack,2550.0
OUT_04393,Western,756.1603,1.11,45.45,0.18069707922497308,1231,High,Cooler Subsidy / Display Rack,2550.0
OUT_08874,Western,140.531,7.53,57.58,0.18064158927961765,1232,High,Cooler Subsidy / Display Rack,2550.0
OUT_00172,Western,471.56200000000007,1.43,36.36,0.18049616167023558,1233,High,Cooler Subsidy / Display Rack,2550.0
OUT_01041,Western,173.2077,4.52,42.42,0.18030833809304464,1234,High,Cooler Subsidy / Display Rack,2550.0
OUT_08097,Western,560.1493,1.3,39.39,0.18029068828918052,1235,High,Cooler Subsidy / Display Rack,2550.0
OUT_02267,Western,576.1479,1.26,39.39,0.17973418024263432,1236,High,Cooler Subsidy / Display Rack,2550.0
OUT_07472,Western,341.7212,3.08,57.58,0.17966905018777743,1237,High,Cooler Subsidy / Display Rack,2550.0
OUT_08782,Western,218.6203,4.56,54.55,0.17946148838883885,1238,High,Cooler Subsidy / Display Rack,2550.0
OUT_00617,Western,209.3143,2.16,24.24,0.17912792709984157,1239,High,Cooler Subsidy / Display Rack,2550.0
OUT_01416,Western,130.31920000000002,10.11,72.73,0.17869620398752206,1240,High,Cooler Subsidy / Display Rack,2550.0
OUT_05302,Western,464.60409999999996,1.67,42.42,0.17869388461538457,1241,High,Cooler Subsidy / Display Rack,2550.0
OUT_03680,Western,721.8955000000001,1.3,51.52,0.17868700495049508,1242,High,Cooler Subsidy / Display Rack,2550.0
OUT_03482,Western,394.97459999999995,1.69,36.36,0.17866891702355459,1243,High,Cooler Subsidy / Display Rack,2550.0
OUT_04088,Western,218.8911,4.78,57.58,0.1786103547285763,1244,High,Cooler Subsidy / Display Rack,2550.0
OUT_00242,Western,581.2485999999999,1.8,57.58,0.1786014817343803,1245,High,Cooler Subsidy / Display Rack,2550.0
OUT_01556,Western,105.9521,9.87,57.58,0.1785160851826562,1246,High,Cooler Subsidy / Display Rack,2550.0
OUT_07769,Western,493.97620000000006,1.24,33.33,0.17842426099621325,1247,High,Cooler Subsidy / Display Rack,2550.0
OUT_04971,Western,447.2485,1.85,45.45,0.17812911194833153,1248,High,Cooler Subsidy / Display Rack,2550.0
OUT_06032,Western,420.56289999999996,1.71,39.39,0.17805460732854667,1249,High,Cooler Subsidy / Display Rack,2550.0
OUT_08899,Western,228.04989999999998,1.97,24.24,0.17799457329635499,1250,High,Cooler Subsidy / Display Rack,2550.0
OUT_05321,Western,159.5299,3.15,27.27,0.17775705164485317,1251,High,Cooler Subsidy / Display Rack,2550.0
OUT_01991,Western,526.6514,1.67,48.48,0.17775016936135812,1252,High,Cooler Subsidy / Display Rack,2550.0
OUT_03730,Western,201.52339999999998,4.09,45.45,0.17744471603875128,1253,High,Cooler Subsidy / Display Rack,2550.0
OUT_06480,Western,213.2597,3.61,42.42,0.1773071204514049,1254,High,Cooler Subsidy / Display Rack,2550.0
OUT_05903,Western,736.6024000000002,1.19,48.48,0.17715377041228783,1255,High,Cooler Subsidy / Display Rack,2550.0
OUT_07157,Western,209.5258,2.39,27.27,0.17713712840466925,1256,High,Cooler Subsidy / Display Rack,2550.0
OUT_04999,Western,236.0497,2.12,27.27,0.17701640042447822,1257,High,Cooler Subsidy / Display Rack,2550.0
OUT_04309,Western,544.4671000000001,1.51,45.45,0.17699576340150702,1258,High,Cooler Subsidy / Display Rack,2550.0
OUT_03283,Western,458.13340000000005,1.09,27.27,0.17664145949770077,1259,High,Cooler Subsidy / Display Rack,2550.0
OUT_00634,Western,215.12380000000002,4.56,54.55,0.17659127416741674,1260,High,Cooler Subsidy / Display Rack,2550.0
OUT_05147,Western,207.0534,3.7,42.42,0.1764388714877937,1261,High,Cooler Subsidy / Display Rack,2550.0
OUT_05828,Western,96.60560000000001,7.93,42.42,0.17643537724550898,1262,High,Cooler Subsidy / Display Rack,2550.0
OUT_01408,Western,237.3149,2.55,33.33,0.1762752679871832,1263,High,Cooler Subsidy / Display Rack,2550.0
OUT_05714,Western,224.7042,2.93,36.36,0.1762267949678801,1264,High,Cooler Subsidy / Display Rack,2550.0
OUT_03260,Western,519.264,1.37,39.39,0.17613064619955435,1265,High,Cooler Subsidy / Display Rack,2550.0
OUT_07539,Western,264.1939,2.49,36.36,0.1760821228586724,1266,High,Cooler Subsidy / Display Rack,2550.0
OUT_00466,Western,523.662,1.56,45.45,0.17586926157158236,1267,High,Cooler Subsidy / Display Rack,2550.0
OUT_07010,Western,206.6841,4.21,48.48,0.17585692421180277,1268,High,Cooler Subsidy / Display Rack,2550.0
OUT_07872,Western,106.9747,7.13,42.42,0.17566319921695073,1269,High,Cooler Subsidy / Display Rack,2550.0
OUT_05286,Western,400.2657,2.17,48.48,0.17554093957154407,1270,High,Cooler Subsidy / Display Rack,2550.0
OUT_01944,Western,768.3093000000001,1.13,48.48,0.17546271402586905,1271,High,Cooler Subsidy / Display Rack,2550.0
OUT_03235,Western,79.352,8.93,39.39,0.17544277296360483,1272,High,Cooler Subsidy / Display Rack,2550.0
OUT_01351,Western,109.26729999999999,7.94,48.48,0.17534000848827808,1273,High,Cooler Subsidy / Display Rack,2550.0
OUT_00280,Western,575.8889,1.87,60.61,0.17479504025320566,1274,High,Cooler Subsidy / Display Rack,2550.0
OUT_04382,Western,510.3002,1.9,54.55,0.17454012241224123,1275,High,Cooler Subsidy / Display Rack,2550.0
OUT_04791,Western,593.5568000000001,0.92,30.3,0.17446397955271567,1276,High,Cooler Subsidy / Display Rack,2550.0
OUT_04654,Western,72.3933,13.34,54.55,0.17384817677767775,1277,High,Cooler Subsidy / Display Rack,2550.0
OUT_01290,Western,216.17549999999997,3.0,36.36,0.17358846359743038,1278,High,Cooler Subsidy / Display Rack,2550.0
OUT_06147,Western,182.79290000000003,3.26,33.33,0.1735813731430236,1279,High,Cooler Subsidy / Display Rack,2550.0
OUT_05900,Western,209.68059999999997,3.09,36.36,0.1734242649892933,1280,High,Cooler Subsidy / Display Rack,2550.0
OUT_00119,Western,440.67080000000004,1.47,36.36,0.17339027730192721,1281,High,Cooler Subsidy / Display Rack,2550.0
OUT_05786,Western,499.3447,2.24,63.64,0.17304024257425746,1282,High,Cooler Subsidy / Display Rack,2550.0
OUT_04949,Western,213.43970000000002,3.52,42.42,0.17303264486411793,1283,High,Cooler Subsidy / Display Rack,2550.0
OUT_01766,Western,398.2291000000001,1.88,42.42,0.1724253127590972,1284,High,Cooler Subsidy / Display Rack,2550.0
OUT_06410,Western,839.2016999999998,0.58,27.27,0.17217438486027584,1285,High,Cooler Subsidy / Display Rack,2550.0
OUT_01045,Western,108.9677,7.8,48.48,0.17177608326596605,1286,High,Cooler Subsidy / Display Rack,2550.0
OUT_03572,Western,482.12440000000004,2.3,63.64,0.17154797648514852,1287,High,Cooler Subsidy / Display Rack,2550.0
OUT_00434,Western,662.7295999999999,0.73,27.27,0.17113286452069326,1288,High,Cooler Subsidy / Display Rack,2550.0
OUT_00991,Western,124.85940000000001,7.58,54.55,0.17037520288028804,1289,High,Cooler Subsidy / Display Rack,2550.0
OUT_07497,Western,171.1888,4.01,39.39,0.1699596652636791,1290,High,Cooler Subsidy / Display Rack,2550.0
OUT_05176,Western,434.7596,2.29,57.58,0.16995552816660975,1291,High,Cooler Subsidy / Display Rack,2550.0
OUT_06671,Western,97.7224,9.66,54.55,0.16993670279027903,1292,High,Cooler Subsidy / Display Rack,2550.0
OUT_04254,Western,472.2799,1.78,48.48,0.16989858973322555,1293,High,Cooler Subsidy / Display Rack,2550.0
OUT_01356,Western,237.40019999999998,2.24,30.3,0.1698966287539936,1294,High,Cooler Subsidy / Display Rack,2550.0
OUT_06189,Western,866.2884000000001,1.03,51.52,0.16989281264280276,1295,High,Cooler Subsidy / Display Rack,2550.0
OUT_01806,Western,563.9016,1.67,54.55,0.16952577353735374,1296,High,Cooler Subsidy / Display Rack,2550.0
OUT_03738,Western,252.3893,2.71,39.39,0.1693426598167863,1297,High,Cooler Subsidy / Display Rack,2550.0
OUT_03320,Western,57.57990000000001,10.09,33.33,0.16923425313137203,1298,High,Cooler Subsidy / Display Rack,2550.0
OUT_00237,Western,473.14990000000006,1.55,42.42,0.16890427107323816,1299,High,Cooler Subsidy / Display Rack,2550.0
OUT_08947,Western,500.08299999999997,1.67,48.48,0.1687830658852061,1300,High,Cooler Subsidy / Display Rack,2550.0
OUT_03314,Western,92.2345,8.48,45.45,0.16838505059203443,1301,High,Cooler Subsidy / Display Rack,2550.0
OUT_04221,Western,373.06690000000003,1.82,39.39,0.16810640207972274,1302,High,Cooler Subsidy / Display Rack,2550.0
OUT_06821,Western,139.3963,4.14,33.33,0.16810389804835418,1303,High,Cooler Subsidy / Display Rack,2550.0
OUT_00581,Western,498.0398,2.18,63.64,0.16796515532178216,1304,High,Cooler Subsidy / Display Rack,2550.0
OUT_06992,Western,81.9659,8.89,42.42,0.16782055527406725,1305,High,Cooler Subsidy / Display Rack,2550.0
OUT_07982,Western,80.29299999999999,7.17,33.33,0.1676961287503641,1306,High,Cooler Subsidy / Display Rack,2550.0
OUT_08877,Western,377.00829999999996,2.47,54.55,0.16763465364536453,1307,High,Cooler Subsidy / Display Rack,2550.0
OUT_06350,Western,231.4802,4.46,60.61,0.16757047427365687,1308,High,Cooler Subsidy / Display Rack,2550.0
OUT_00994,Western,523.9897000000001,1.48,45.45,0.16695473756727666,1309,High,Cooler Subsidy / Display Rack,2550.0
OUT_08069,Western,196.96799999999996,3.68,42.42,0.16693741133118373,1310,High,Cooler Subsidy / Display Rack,2550.0
OUT_07139,Western,81.1466,10.8,51.52,0.16686658035034274,1311,High,Cooler Subsidy / Display Rack,2550.0
OUT_01591,Western,88.7448,8.14,42.42,0.16637095163519114,1312,High,Cooler Subsidy / Display Rack,2550.0
OUT_05940,Western,722.0421999999999,1.14,48.48,0.16635572109943406,1313,High,Cooler Subsidy / Display Rack,2550.0
OUT_06974,Western,197.27720000000002,3.4,39.39,0.16606647189898494,1314,High,Cooler Subsidy / Display Rack,2550.0
OUT_03103,Western,274.8757,3.17,51.52,0.16590936195734957,1315,High,Cooler Subsidy / Display Rack,2550.0
OUT_00069,Western,561.3033,1.82,60.61,0.16581269371855217,1316,High,Cooler Subsidy / Display Rack,2550.0
OUT_07923,Western,814.2411999999999,1.13,54.55,0.1656332234023402,1317,High,Cooler Subsidy / Display Rack,2550.0
OUT_02680,Western,85.3107,6.65,33.33,0.16525375910282555,1318,High,Cooler Subsidy / Display Rack,2550.0
OUT_02334,Western,519.08,1.38,42.42,0.1649770612620912,1319,High,Cooler Subsidy / Display Rack,2550.0
OUT_06843,Western,496.6187,1.14,33.33,0.16491270550538886,1320,High,Cooler Subsidy / Display Rack,2550.0
OUT_00378,Western,607.6916000000001,1.67,60.61,0.1647208199967538,1321,High,Cooler Subsidy / Display Rack,2550.0
OUT_08624,Western,92.1306,9.39,51.52,0.16471940860624523,1322,High,Cooler Subsidy / Display Rack,2550.0
OUT_07991,Western,455.50460000000004,1.57,42.42,0.16470341363426996,1323,High,Cooler Subsidy / Display Rack,2550.0
OUT_01152,Western,730.8759,0.5,21.21,0.16453757316524087,1324,High,Cooler Subsidy / Display Rack,2550.0
OUT_06182,Western,563.3785,1.09,36.36,0.1643689949143469,1325,High,Cooler Subsidy / Display Rack,2550.0
OUT_00126,Western,350.82059999999996,2.46,51.52,0.16432191089108908,1326,High,Cooler Subsidy / Display Rack,2550.0
OUT_05712,Western,89.4387,8.53,45.45,0.16424372680301397,1327,High,Cooler Subsidy / Display Rack,2550.0
OUT_08008,Western,187.91889999999998,3.0,33.33,0.16421692397320126,1328,High,Cooler Subsidy / Display Rack,2550.0
OUT_01164,Western,481.5694,1.48,42.42,0.16414617964071854,1329,High,Cooler Subsidy / Display Rack,2550.0
OUT_00501,Western,188.95709999999997,3.77,42.42,0.16406454790419156,1330,High,Cooler Subsidy / Display Rack,2550.0
OUT_07422,Western,487.4204,1.66,48.48,0.16352422473726755,1331,High,Cooler Subsidy / Display Rack,2550.0
OUT_05568,Western,270.2503,2.81,45.45,0.16348834079655541,1332,High,Cooler Subsidy / Display Rack,2550.0
OUT_00087,Western,556.8257,0.83,27.27,0.1634826073576229,1333,High,Cooler Subsidy / Display Rack,2550.0
OUT_02727,Western,78.2427,9.07,42.42,0.16344110755412253,1334,High,Cooler Subsidy / Display Rack,2550.0
OUT_05269,Western,824.5303999999999,0.98,48.48,0.1633063443815683,1335,High,Cooler Subsidy / Display Rack,2550.0
OUT_08054,Western,102.7476,4.01,24.24,0.16324004595879557,1336,High,Cooler Subsidy / Display Rack,2550.0
OUT_02586,Western,708.1201000000001,1.21,51.52,0.16314267345773042,1337,High,Cooler Subsidy / Display Rack,2550.0
OUT_04028,Western,106.39939999999999,8.97,57.58,0.16292294605667462,1338,High,Cooler Subsidy / Display Rack,2550.0
OUT_01086,Western,186.46610000000004,2.47,27.27,0.16291873611602412,1339,High,Cooler Subsidy / Display Rack,2550.0
OUT_01557,Western,780.4609,0.59,27.27,0.1628835978068624,1340,High,Cooler Subsidy / Display Rack,2550.0
OUT_03623,Western,159.25910000000002,2.58,24.24,0.16279258240887484,1341,High,Cooler Subsidy / Display Rack,2550.0
OUT_02688,Western,172.9836,4.08,42.42,0.16254562137263934,1342,High,Cooler Subsidy / Display Rack,2550.0
OUT_05694,Western,741.3883999999998,0.95,42.42,0.16221072777521875,1343,High,Cooler Subsidy / Display Rack,2550.0
OUT_01939,Western,203.1329,3.22,39.39,0.1619430398613518,1344,High,Cooler Subsidy / Display Rack,2550.0
OUT_03353,Western,735.0343,1.09,48.48,0.16192146059013743,1345,High,Cooler Subsidy / Display Rack,2550.0
OUT_07695,Western,95.4923,4.27,24.24,0.16154996870047544,1346,High,Cooler Subsidy / Display Rack,2550.0
OUT_01730,Western,203.70479999999998,3.2,39.39,0.16139028472394157,1347,High,Cooler Subsidy / Display Rack,2550.0
OUT_07520,Western,210.211,3.33,42.42,0.16121663519115617,1348,High,Cooler Subsidy / Display Rack,2550.0
OUT_05050,Western,795.1880999999998,0.88,42.42,0.16116202855826806,1349,High,Cooler Subsidy / Display Rack,2550.0
OUT_05202,Western,82.99730000000001,6.66,33.33,0.16101427847363825,1350,High,Cooler Subsidy / Display Rack,2550.0
OUT_08948,Western,103.5921,7.21,45.45,0.16079634897739503,1351,Medium,Promotional Discount,1250.0
OUT_01425,Western,178.7376,4.45,48.48,0.16074824575586097,1352,Medium,Promotional Discount,1250.0
OUT_02755,Western,719.0778,0.97,42.42,0.1606415168125288,1353,Medium,Promotional Discount,1250.0
OUT_01507,Western,457.5354,1.63,45.45,0.1605560176533907,1354,Medium,Promotional Discount,1250.0
OUT_03856,Western,156.97990000000001,6.6,63.64,0.1602826949257426,1355,Medium,Promotional Discount,1250.0
OUT_07827,Western,203.4846,3.42,42.42,0.16027575587286966,1356,Medium,Promotional Discount,1250.0
OUT_03902,Western,524.0186,1.05,33.33,0.16027367608505683,1357,Medium,Promotional Discount,1250.0
OUT_07300,Western,580.3298,1.45,51.52,0.1602205274181264,1358,Medium,Promotional Discount,1250.0
OUT_00491,Western,83.4138,6.59,33.33,0.16012145120885524,1359,Medium,Promotional Discount,1250.0
OUT_06508,Western,57.6299,15.37,54.55,0.15945482682268228,1360,Medium,Promotional Discount,1250.0
OUT_00266,Western,492.66909999999996,1.6,48.48,0.1593109458367017,1361,Medium,Promotional Discount,1250.0
OUT_02398,Western,81.5518,11.44,57.58,0.15926128234892453,1362,Medium,Promotional Discount,1250.0
OUT_04676,Western,441.8284,1.67,45.45,0.1588489618945102,1363,Medium,Promotional Discount,1250.0
OUT_00170,Western,465.8275,1.17,33.33,0.15875857122050685,1364,Medium,Promotional Discount,1250.0
OUT_01624,Western,707.4622000000002,1.11,48.48,0.15870716289409867,1365,Medium,Promotional Discount,1250.0
OUT_07647,Western,127.38899999999998,6.16,48.48,0.15859261115602263,1366,Medium,Promotional Discount,1250.0
OUT_03379,Western,282.0539,3.63,63.64,0.15839351129331683,1367,Medium,Promotional Discount,1250.0
OUT_02863,Western,255.8634,2.5,39.39,0.15837051250309486,1368,Medium,Promotional Discount,1250.0
OUT_03933,Western,70.6726,13.12,57.58,0.1582834605667463,1369,Medium,Promotional Discount,1250.0
OUT_04465,Western,232.9635,1.92,27.27,0.15822070038910505,1370,Medium,Promotional Discount,1250.0
OUT_06770,Western,88.70790000000001,8.82,48.48,0.15812523807599033,1371,Medium,Promotional Discount,1250.0
OUT_01970,Western,873.588,0.84,45.45,0.15797931539289556,1372,Medium,Promotional Discount,1250.0
OUT_06102,Western,201.28519999999997,3.17,39.39,0.157978233226046,1373,Medium,Promotional Discount,1250.0
OUT_08219,Western,171.29199999999997,4.56,48.48,0.15786004850444618,1374,Medium,Promotional Discount,1250.0
OUT_00005,Western,1358.7653,0.61,51.52,0.15781546706016752,1375,Medium,Promotional Discount,1250.0
OUT_06293,Western,202.1929,3.86,48.48,0.15773334559417945,1376,Medium,Promotional Discount,1250.0
OUT_01650,Western,637.0701000000001,1.3,51.52,0.15769061881188123,1377,Medium,Promotional Discount,1250.0
OUT_07172,Western,81.1657,10.79,54.55,0.1576557881188119,1378,Medium,Promotional Discount,1250.0
OUT_01147,Western,110.7345,4.02,27.27,0.15746469402193133,1379,Medium,Promotional Discount,1250.0
OUT_02837,Western,95.892,8.6,51.52,0.1570204112718964,1380,Medium,Promotional Discount,1250.0
OUT_08236,Western,137.3857,7.72,66.67,0.15673379695581496,1381,Medium,Promotional Discount,1250.0
OUT_00871,Western,532.001,1.1,36.36,0.15663841006423984,1382,Medium,Promotional Discount,1250.0
OUT_04360,Western,170.57150000000001,4.54,48.48,0.15650659054163302,1383,Medium,Promotional Discount,1250.0
OUT_01533,Western,108.0311,9.8,66.67,0.1564511275306635,1384,Medium,Promotional Discount,1250.0
OUT_06362,Western,99.8365,8.23,51.52,0.15644600057121097,1385,Medium,Promotional Discount,1250.0
OUT_06027,Western,223.10010000000003,2.83,39.39,0.15631920846744246,1386,Medium,Promotional Discount,1250.0
OUT_04039,Western,229.5523,2.75,39.39,0.15629334612527854,1387,Medium,Promotional Discount,1250.0
OUT_04478,Western,490.04190000000006,1.48,45.45,0.15613821571582348,1388,Medium,Promotional Discount,1250.0
OUT_02405,Western,569.8496,2.02,72.73,0.15612317808219178,1389,Medium,Promotional Discount,1250.0
OUT_02016,Western,606.7616,1.27,48.48,0.1557371123686338,1390,Medium,Promotional Discount,1250.0
OUT_02957,Western,113.81019999999998,4.28,30.3,0.15562544920127794,1391,Medium,Promotional Discount,1250.0
OUT_05432,Western,106.87899999999999,5.88,39.39,0.15559507798960137,1392,Medium,Promotional Discount,1250.0
OUT_03088,Western,428.90149999999994,1.68,45.45,0.15512476210979545,1393,Medium,Promotional Discount,1250.0
OUT_01708,Western,213.5069,5.13,69.7,0.15492084823196603,1394,Medium,Promotional Discount,1250.0
OUT_03396,Western,222.87600000000003,4.49,63.64,0.15481331064356438,1395,Medium,Promotional Discount,1250.0
OUT_01183,Western,104.1793,4.2,27.27,0.15477646268128759,1396,Medium,Promotional Discount,1250.0
OUT_05358,Western,363.33570000000003,1.72,39.39,0.15472577469670712,1397,Medium,Promotional Discount,1250.0
OUT_02397,Western,97.3586,4.01,24.24,0.15467828288431063,1398,Medium,Promotional Discount,1250.0
OUT_03697,Western,220.98839999999998,4.52,63.64,0.15452777970297027,1399,Medium,Promotional Discount,1250.0
OUT_04822,Western,122.03819999999999,5.11,39.39,0.15439841594454073,1400,Medium,Promotional Discount,1250.0
OUT_01101,Western,89.0522,9.1,51.52,0.15429836633663366,1401,Medium,Promotional Discount,1250.0
OUT_04698,Western,98.40859999999999,7.75,48.48,0.15413634801940176,1402,Medium,Promotional Discount,1250.0
OUT_00582,Western,269.905,1.44,24.24,0.15398700475435817,1403,Medium,Promotional Discount,1250.0
OUT_00652,Western,232.01599999999996,2.88,42.42,0.15389361584523256,1404,Medium,Promotional Discount,1250.0
OUT_01485,Western,458.46340000000004,1.15,33.33,0.1535778939702884,1405,Medium,Promotional Discount,1250.0
OUT_01453,Western,462.99780000000004,1.64,48.48,0.15345925464834276,1406,Medium,Promotional Discount,1250.0
OUT_07482,Western,90.3857,8.4,48.48,0.1534437914308812,1407,Medium,Promotional Discount,1250.0
OUT_03983,Western,894.4780000000003,0.64,36.36,0.15322963597430414,1408,Medium,Promotional Discount,1250.0
OUT_02231,Western,87.1098,7.1,39.39,0.1531269076504085,1409,Medium,Promotional Discount,1250.0
OUT_07450,Western,95.8428,8.39,51.52,0.15310759558263518,1410,Medium,Promotional Discount,1250.0
OUT_07988,Western,120.1052,7.08,54.55,0.15307737461746174,1411,Medium,Promotional Discount,1250.0
OUT_08484,Western,980.4640000000002,0.63,39.39,0.152931993067591,1412,Medium,Promotional Discount,1250.0
OUT_06733,Western,640.0245,0.82,33.33,0.15287506262743955,1413,Medium,Promotional Discount,1250.0
OUT_01322,Western,70.057,10.13,45.45,0.15278308073196986,1414,Medium,Promotional Discount,1250.0
OUT_03771,Western,167.03270000000003,3.97,42.42,0.15272220612620913,1415,Medium,Promotional Discount,1250.0
OUT_08051,Western,115.04549999999999,7.36,54.55,0.15242752115211522,1416,Medium,Promotional Discount,1250.0
OUT_05205,Western,711.4377999999999,0.93,42.42,0.15238073560571166,1417,Medium,Promotional Discount,1250.0
OUT_06975,Western,53.0988,16.81,57.58,0.15237125776715602,1418,Medium,Promotional Discount,1250.0
OUT_00267,Western,490.3529,1.91,60.61,0.15201656208407724,1419,Medium,Promotional Discount,1250.0
OUT_05313,Western,80.0194,7.67,39.39,0.1519556320871503,1420,Medium,Promotional Discount,1250.0
OUT_00151,Western,399.94259999999997,2.11,54.55,0.1519133908190819,1421,Medium,Promotional Discount,1250.0
OUT_08572,Western,69.8374,10.76,48.48,0.1518695278900566,1422,Medium,Promotional Discount,1250.0
OUT_01525,Western,98.5018,3.89,24.24,0.15181141125198103,1423,Medium,Promotional Discount,1250.0
OUT_08883,Western,595.9607,1.26,48.48,0.1517604046079224,1424,Medium,Promotional Discount,1250.0
OUT_08959,Western,234.47729999999996,3.2,48.48,0.151642554567502,1425,Medium,Promotional Discount,1250.0
OUT_06688,Western,77.2549,3.17,15.15,0.1516396489164087,1426,Medium,Promotional Discount,1250.0
OUT_06931,Western,74.42949999999999,8.83,42.42,0.15136169622293874,1427,Medium,Promotional Discount,1250.0
OUT_08763,Western,181.64360000000002,1.85,21.21,0.15130151283205767,1428,Medium,Promotional Discount,1250.0
OUT_01912,Western,91.47130000000001,7.68,45.45,0.15123780064585576,1429,Medium,Promotional Discount,1250.0
OUT_02160,Western,99.1132,6.59,42.42,0.15042745002303087,1430,Medium,Promotional Discount,1250.0
OUT_02098,Western,260.1299,1.81,30.3,0.15042655559105433,1431,Medium,Promotional Discount,1250.0
OUT_02129,Western,115.103,7.25,54.55,0.15022443744374436,1432,Medium,Promotional Discount,1250.0
OUT_08611,Western,188.09679999999997,2.74,33.33,0.15012677891057383,1433,Medium,Promotional Discount,1250.0
OUT_01869,Western,704.201,0.86,39.39,0.14994128744738797,1434,Medium,Promotional Discount,1250.0
OUT_00668,Western,118.5689,3.19,24.24,0.1498553054675119,1435,Medium,Promotional Discount,1250.0
OUT_01348,Western,220.3774,3.57,51.52,0.14979956549885753,1436,Medium,Promotional Discount,1250.0
OUT_06970,Western,77.2401,11.36,57.58,0.14978619597132123,1437,Medium,Promotional Discount,1250.0
OUT_02857,Western,198.80200000000002,3.04,39.39,0.14963062144095077,1438,Medium,Promotional Discount,1250.0
OUT_00188,Western,449.76329999999996,2.15,63.64,0.1495963946472772,1439,Medium,Promotional Discount,1250.0
OUT_08108,Western,88.6841,9.37,54.55,0.1495895620162016,1440,Medium,Promotional Discount,1250.0
OUT_04206,Western,892.7672999999998,0.88,51.52,0.1495878187357197,1441,Medium,Promotional Discount,1250.0
OUT_04586,Western,210.86450000000002,3.51,48.48,0.14958253738884397,1442,Medium,Promotional Discount,1250.0
OUT_06658,Western,791.6817000000001,0.82,42.42,0.14951151404882543,1443,Medium,Promotional Discount,1250.0
OUT_07436,Western,71.012,7.85,36.36,0.1492088329764454,1444,Medium,Promotional Discount,1250.0
OUT_00956,Western,220.6227,2.73,39.39,0.14912106239168113,1445,Medium,Promotional Discount,1250.0
OUT_01975,Western,201.2057,5.01,66.67,0.1489641727501108,1446,Medium,Promotional Discount,1250.0
OUT_00086,Western,627.7077999999999,1.39,57.58,0.14894398122226013,1447,Medium,Promotional Discount,1250.0
OUT_05347,Western,66.43780000000001,9.04,39.39,0.14869960683337463,1448,Medium,Promotional Discount,1250.0
OUT_06746,Western,215.2031,2.79,39.39,0.14865477816291162,1449,Medium,Promotional Discount,1250.0
OUT_05799,Western,86.20559999999999,9.04,51.52,0.14838130693069304,1450,Medium,Promotional Discount,1250.0
OUT_01291,Western,505.5094,1.54,51.52,0.14822629017517136,1451,Medium,Promotional Discount,1250.0
OUT_07937,Western,141.30040000000002,2.96,27.27,0.1479480665015918,1452,Medium,Promotional Discount,1250.0
OUT_00048,Western,558.4429,1.47,54.55,0.14777876921692168,1453,Medium,Promotional Discount,1250.0
OUT_06962,Western,77.87530000000001,8.23,42.42,0.14760795002303087,1454,Medium,Promotional Discount,1250.0
OUT_03204,Western,218.96930000000003,4.15,60.61,0.1474959576367473,1455,Medium,Promotional Discount,1250.0
OUT_03576,Western,109.3501,7.08,51.52,0.14741026428027418,1456,Medium,Promotional Discount,1250.0
OUT_08588,Western,198.92490000000004,2.54,33.33,0.1471800891348675,1457,Medium,Promotional Discount,1250.0
OUT_04783,Western,180.77320000000003,5.26,63.64,0.14710195420792083,1458,Medium,Promotional Discount,1250.0
OUT_02931,Western,79.3815,5.8,30.3,0.1470967092651757,1459,Medium,Promotional Discount,1250.0
OUT_08066,Western,490.6793,2.21,72.73,0.1470773434151634,1460,Medium,Promotional Discount,1250.0
OUT_07718,Western,190.4112,4.29,54.55,0.14705023366336636,1461,Medium,Promotional Discount,1250.0
OUT_07349,Western,537.6781,1.27,45.45,0.14700779052744883,1462,Medium,Promotional Discount,1250.0
OUT_03774,Western,67.2663,12.13,54.55,0.14688392781278128,1463,Medium,Promotional Discount,1250.0
OUT_07334,Western,197.44410000000002,3.23,42.42,0.1468780384615385,1464,Medium,Promotional Discount,1250.0
OUT_08086,Western,59.6591,11.42,45.45,0.14667533304628633,1465,Medium,Promotional Discount,1250.0
OUT_04871,Western,119.3181,4.22,33.33,0.14667124439265947,1466,Medium,Promotional Discount,1250.0
OUT_03302,Western,539.9341,0.85,30.3,0.14662747124600636,1467,Medium,Promotional Discount,1250.0
OUT_01189,Western,126.252,5.74,48.48,0.1464604850444624,1468,Medium,Promotional Discount,1250.0
OUT_03276,Western,83.6052,14.49,81.82,0.14627376817193916,1469,Medium,Promotional Discount,1250.0
OUT_06737,Western,96.0363,8.46,54.55,0.14625870351035106,1470,Medium,Promotional Discount,1250.0
OUT_00324,Western,480.50759999999997,1.32,42.42,0.14607785168125287,1471,Medium,Promotional Discount,1250.0
OUT_05073,Western,226.27460000000002,3.19,48.48,0.14588035044462408,1472,Medium,Promotional Discount,1250.0
OUT_08822,Western,222.707,1.85,27.27,0.1457403431199151,1473,Medium,Promotional Discount,1250.0
OUT_05943,Western,474.5109,1.24,39.39,0.14567801832136668,1474,Medium,Promotional Discount,1250.0
OUT_03979,Western,223.4101,2.83,42.42,0.14561275518194383,1475,Medium,Promotional Discount,1250.0
OUT_01853,Western,242.0476,3.7,60.61,0.1453621360168804,1476,Medium,Promotional Discount,1250.0
OUT_07325,Western,94.2496,9.5,60.61,0.1453288751826002,1477,Medium,Promotional Discount,1250.0
OUT_03100,Western,79.5386,10.7,57.58,0.1452821816319563,1478,Medium,Promotional Discount,1250.0
OUT_03403,Western,107.5844,2.59,18.18,0.14527820437956204,1479,Medium,Promotional Discount,1250.0
OUT_06578,Western,120.1474,6.35,51.52,0.1452658015993907,1480,Medium,Promotional Discount,1250.0
OUT_00093,Western,457.2762,1.09,33.33,0.14518819050393242,1481,Medium,Promotional Discount,1250.0
OUT_04776,Western,182.2153,2.49,30.3,0.1449572194888179,1482,Medium,Promotional Discount,1250.0
OUT_05104,Western,507.4126,1.76,60.61,0.14495149748417463,1483,Medium,Promotional Discount,1250.0
OUT_08969,Western,527.0579,0.86,30.3,0.1448146306709265,1484,Medium,Promotional Discount,1250.0
OUT_04034,Western,189.4448,5.17,66.67,0.14473616314467264,1485,Medium,Promotional Discount,1250.0
OUT_03227,Western,193.7402,2.79,36.36,0.14468285813704496,1486,Medium,Promotional Discount,1250.0
OUT_05571,Western,455.2618,2.15,66.67,0.1446450229052756,1487,Medium,Promotional Discount,1250.0
OUT_03164,Western,498.3789,1.08,36.36,0.1440709882226981,1488,Medium,Promotional Discount,1250.0
OUT_06692,Western,225.22020000000003,4.52,69.7,0.14398802036775107,1489,Medium,Promotional Discount,1250.0
OUT_03580,Western,86.8669,6.69,39.39,0.14388204035652388,1490,Medium,Promotional Discount,1250.0
OUT_05220,Western,162.99600000000004,3.83,42.42,0.1437758360202672,1491,Medium,Promotional Discount,1250.0
OUT_07068,Western,657.9564,0.75,33.33,0.14374229536848238,1492,Medium,Promotional Discount,1250.0
OUT_03821,Western,106.37679999999999,5.45,39.39,0.14353888586283733,1493,Medium,Promotional Discount,1250.0
OUT_07129,Western,197.98379999999997,4.9,66.67,0.14336051721590068,1494,Medium,Promotional Discount,1250.0
OUT_04867,Western,102.46860000000001,6.07,42.42,0.14324836526946108,1495,Medium,Promotional Discount,1250.0
OUT_00954,Western,561.9206,1.57,60.61,0.14319353059568254,1496,Medium,Promotional Discount,1250.0
OUT_02911,Western,784.4728,0.79,42.42,0.1427299659143252,1497,Medium,Promotional Discount,1250.0
OUT_02157,Western,183.1221,4.09,51.52,0.14260650971058642,1498,Medium,Promotional Discount,1250.0
OUT_01214,Western,429.25010000000003,1.44,42.42,0.14235839336711195,1499,Medium,Promotional Discount,1250.0
OUT_08747,Western,96.0352,10.02,66.67,0.1422007838037535,1500,Medium,Promotional Discount,1250.0
OUT_01321,Western,88.4017,7.47,45.45,0.14216592012917115,1501,Medium,Promotional Discount,1250.0
OUT_03513,Western,508.5558,0.79,27.27,0.14211499186416698,1502,Medium,Promotional Discount,1250.0
OUT_03972,Western,376.0617,2.21,57.58,0.1418737379651758,1503,Medium,Promotional Discount,1250.0
OUT_05558,Western,119.3311,8.04,66.67,0.1417795247524752,1504,Medium,Promotional Discount,1250.0
OUT_04489,Western,529.5255000000001,1.0,36.36,0.14173594753747326,1505,Medium,Promotional Discount,1250.0
OUT_02783,Western,699.694,1.06,51.52,0.14121775323686214,1506,Medium,Promotional Discount,1250.0
OUT_08237,Western,487.20519999999993,1.52,51.52,0.141003789794364,1507,Medium,Promotional Discount,1250.0
OUT_01759,Western,101.88369999999999,4.33,30.3,0.1409445434504792,1508,Medium,Promotional Discount,1250.0
OUT_05899,Western,521.3264999999999,1.91,69.7,0.14083926661951907,1509,Medium,Promotional Discount,1250.0
OUT_08080,Western,219.7273,3.56,54.55,0.14081533537353738,1510,Medium,Promotional Discount,1250.0
OUT_01828,Western,247.6585,2.81,48.48,0.14064680375909458,1511,Medium,Promotional Discount,1250.0
OUT_03350,Western,199.81130000000002,1.35,18.18,0.1406388190823775,1512,Medium,Promotional Discount,1250.0
OUT_04987,Western,107.7962,4.87,36.36,0.1405159245182013,1513,Medium,Promotional Discount,1250.0
OUT_08035,Western,174.6862,3.98,48.48,0.14051153516572354,1514,Medium,Promotional Discount,1250.0
OUT_07529,Western,97.4718,5.38,36.36,0.14036356638115632,1515,Medium,Promotional Discount,1250.0
OUT_04322,Western,507.54960000000005,1.2,42.42,0.14027165361584526,1516,Medium,Promotional Discount,1250.0
OUT_01438,Western,71.2985,4.96,24.24,0.14011115689381937,1517,Medium,Promotional Discount,1250.0
OUT_06775,Western,224.70750000000004,3.65,57.58,0.1400106478320246,1518,Medium,Promotional Discount,1250.0
OUT_03887,Western,105.25,4.96,36.36,0.1397323340471092,1519,Medium,Promotional Discount,1250.0
OUT_04457,Western,230.3449,3.0,48.48,0.13965939773645916,1520,Medium,Promotional Discount,1250.0
OUT_07891,Western,100.1606,3.94,27.27,0.13959418606296425,1521,Medium,Promotional Discount,1250.0
OUT_00770,Western,74.5949,10.39,54.55,0.13952133411341133,1522,Medium,Promotional Discount,1250.0
OUT_00308,Western,551.9966000000001,1.02,39.39,0.13939998316414956,1523,Medium,Promotional Discount,1250.0
OUT_01501,Western,111.97259999999999,5.4,42.42,0.1392565730078305,1524,Medium,Promotional Discount,1250.0
OUT_04804,Western,541.3158,1.35,51.52,0.13914248476770755,1525,Medium,Promotional Discount,1250.0
OUT_08264,Western,218.73760000000001,2.95,45.45,0.13891838966630787,1526,Medium,Promotional Discount,1250.0
OUT_02843,Western,91.18969999999999,6.15,39.39,0.1388503726169844,1527,Medium,Promotional Discount,1250.0
OUT_06507,Western,475.5475,1.71,57.58,0.13881635797200412,1528,Medium,Promotional Discount,1250.0
OUT_04357,Western,483.7694,1.33,45.45,0.13851739547900968,1529,Medium,Promotional Discount,1250.0
OUT_02555,Western,217.33229999999998,2.96,45.45,0.13849377997847145,1530,Medium,Promotional Discount,1250.0
OUT_06091,Western,75.19930000000001,10.23,54.55,0.1384858396039604,1531,Medium,Promotional Discount,1250.0
OUT_05990,Western,147.53209999999999,4.36,45.45,0.13848007664155004,1532,Medium,Promotional Discount,1250.0
OUT_05625,Western,125.61439999999999,5.12,45.45,0.13845979074273412,1533,Medium,Promotional Discount,1250.0
OUT_04164,Western,86.1095,6.49,39.39,0.1383636184699183,1534,Medium,Promotional Discount,1250.0
OUT_01949,Western,79.8228,7.0,39.39,0.1383410745233969,1535,Medium,Promotional Discount,1250.0
OUT_00136,Western,517.762,1.16,42.42,0.13832425610317822,1536,Medium,Promotional Discount,1250.0
OUT_04793,Western,92.087,8.79,57.58,0.13817765961078865,1537,Medium,Promotional Discount,1250.0
OUT_06540,Western,599.1522,1.42,60.61,0.13809383606557377,1538,Medium,Promotional Discount,1250.0
OUT_04280,Western,172.6209,4.68,57.58,0.13790812768863092,1539,Medium,Promotional Discount,1250.0
OUT_03201,Western,233.6343,2.2,36.36,0.1375790845824411,1540,Medium,Promotional Discount,1250.0
OUT_07276,Western,708.829,0.96,48.48,0.13752543249797897,1541,Medium,Promotional Discount,1250.0
OUT_02330,Western,148.3649,4.3,45.45,0.1373453326157158,1542,Medium,Promotional Discount,1250.0
OUT_08320,Western,198.5457,3.21,45.45,0.1372081156081808,1543,Medium,Promotional Discount,1250.0
OUT_00963,Western,185.322,1.42,18.18,0.13720398331595413,1544,Medium,Promotional Discount,1250.0
OUT_03732,Western,74.9396,6.84,36.36,0.13720205139186298,1545,Medium,Promotional Discount,1250.0
OUT_08011,Western,124.3134,4.78,42.42,0.1368535356978351,1546,Medium,Promotional Discount,1250.0
OUT_02390,Western,201.24869999999999,3.57,51.52,0.13679700285605478,1547,Medium,Promotional Discount,1250.0
OUT_06235,Western,80.8469,10.92,63.64,0.13657923081683168,1548,Medium,Promotional Discount,1250.0
OUT_04986,Western,211.1558,3.2,48.48,0.136559935327405,1549,Medium,Promotional Discount,1250.0
OUT_02666,Western,192.46519999999998,3.72,51.52,0.13632340898705253,1550,Medium,Promotional Discount,1250.0
OUT_07299,Western,65.17229999999999,10.34,48.48,0.13619272069523036,1551,Medium,Promotional Discount,1250.0
OUT_03782,Western,207.34339999999997,3.05,45.45,0.1361458277717976,1552,Medium,Promotional Discount,1250.0
OUT_02339,Western,161.17940000000002,3.41,39.39,0.13607867145333002,1553,Medium,Promotional Discount,1250.0
OUT_04944,Western,510.47670000000005,1.48,54.55,0.13600459333933396,1554,Medium,Promotional Discount,1250.0
OUT_00866,Western,141.8983,3.58,36.36,0.13597321038543897,1555,Medium,Promotional Discount,1250.0
OUT_07728,Western,83.5849,5.58,33.33,0.13585894028546464,1556,Medium,Promotional Discount,1250.0
OUT_05980,Western,122.33840000000001,6.5,57.58,0.13574592010925232,1557,Medium,Promotional Discount,1250.0
OUT_00568,Western,727.2764,0.98,51.52,0.135706563594821,1558,Medium,Promotional Discount,1250.0
OUT_06122,Western,71.0178,5.97,30.3,0.13545567603833863,1559,Medium,Promotional Discount,1250.0
OUT_04506,Western,187.79160000000002,4.44,60.61,0.13533431326083428,1560,Medium,Promotional Discount,1250.0
OUT_04220,Western,80.1794,9.36,54.55,0.1350997630963096,1561,Medium,Promotional Discount,1250.0
OUT_06724,Western,519.9603,0.97,36.36,0.13500039908993575,1562,Medium,Promotional Discount,1250.0
OUT_04551,Western,185.3804,2.72,36.36,0.13496645824411135,1563,Medium,Promotional Discount,1250.0
OUT_00023,Western,1078.9781,0.58,45.45,0.13472708245425186,1564,Medium,Promotional Discount,1250.0
OUT_03409,Western,227.6397,2.39,39.39,0.13470138227283981,1565,Medium,Promotional Discount,1250.0
OUT_00331,Western,584.0051,1.07,45.45,0.13452862368137783,1566,Medium,Promotional Discount,1250.0
OUT_00605,Western,114.68029999999999,5.42,45.45,0.13381425748116252,1567,Medium,Promotional Discount,1250.0
OUT_01117,Western,163.86270000000002,4.04,48.48,0.1337925036378335,1568,Medium,Promotional Discount,1250.0
OUT_08253,Western,98.68270000000001,7.93,57.58,0.13358719887333562,1569,Medium,Promotional Discount,1250.0
OUT_00252,Western,466.37699999999995,1.33,45.45,0.13353744025834227,1570,Medium,Promotional Discount,1250.0
OUT_06612,Western,230.05949999999999,1.99,33.33,0.13335811389455288,1571,Medium,Promotional Discount,1250.0
OUT_01740,Western,534.1771000000001,1.31,51.52,0.13323914718202592,1572,Medium,Promotional Discount,1250.0
OUT_07744,Western,99.8812,5.79,42.42,0.1331902690004606,1573,Medium,Promotional Discount,1250.0
OUT_04862,Western,203.12369999999999,3.44,51.52,0.13304370297029702,1574,Medium,Promotional Discount,1250.0
OUT_03297,Western,561.0599,1.1,45.45,0.13286671474703982,1575,Medium,Promotional Discount,1250.0
OUT_05090,Western,203.6218,2.24,33.33,0.1328612968249345,1576,Medium,Promotional Discount,1250.0
OUT_02434,Western,116.42320000000001,5.98,51.52,0.1325610693069307,1577,Medium,Promotional Discount,1250.0
OUT_08607,Western,78.7346,7.31,42.42,0.132554105481345,1578,Medium,Promotional Discount,1250.0
OUT_05408,Western,128.5178,3.54,33.33,0.13252345237401691,1579,Medium,Promotional Discount,1250.0
OUT_00316,Western,482.47279999999995,0.61,21.21,0.13251166501575862,1580,Medium,Promotional Discount,1250.0
OUT_08991,Western,190.436,2.81,39.39,0.1324895172072295,1581,Medium,Promotional Discount,1250.0
OUT_06583,Western,81.9403,8.0,48.48,0.13248229587712207,1582,Medium,Promotional Discount,1250.0
OUT_01587,Western,98.99629999999999,5.81,42.42,0.1324662604790419,1583,Medium,Promotional Discount,1250.0
OUT_00176,Western,516.7287,1.19,45.45,0.13238044198062432,1584,Medium,Promotional Discount,1250.0
OUT_05626,Western,530.8282999999999,0.93,36.36,0.1321387363490364,1585,Medium,Promotional Discount,1250.0
OUT_06095,Western,89.9346,5.48,36.36,0.13191691862955032,1586,Medium,Promotional Discount,1250.0
OUT_05462,Western,180.98010000000002,2.28,30.3,0.13183214952076677,1587,Medium,Promotional Discount,1250.0
OUT_07859,Western,497.9634,1.39,51.52,0.13179153198781415,1588,Medium,Promotional Discount,1250.0
OUT_02509,Western,247.6873,3.6,66.67,0.13176803310181764,1589,Medium,Promotional Discount,1250.0
OUT_06488,Western,99.8544,7.32,54.55,0.13158131557155717,1590,Medium,Promotional Discount,1250.0
OUT_01738,Western,225.41269999999997,1.65,27.27,0.13156383268482488,1591,Medium,Promotional Discount,1250.0
OUT_04594,Western,478.27869999999996,1.11,39.39,0.13144079153255755,1592,Medium,Promotional Discount,1250.0
OUT_05369,Western,211.11559999999997,2.89,45.45,0.13135071776103335,1593,Medium,Promotional Discount,1250.0
OUT_00185,Western,465.27819999999997,1.14,39.39,0.13132387917801433,1594,Medium,Promotional Discount,1250.0
OUT_05954,Western,127.6404,5.4,51.52,0.13123727341964966,1595,Medium,Promotional Discount,1250.0
OUT_07224,Western,117.1739,5.54,48.48,0.13119308932902182,1596,Medium,Promotional Discount,1250.0
OUT_04123,Western,187.9284,3.03,42.42,0.13114303362505755,1597,Medium,Promotional Discount,1250.0
OUT_03578,Western,253.79729999999998,2.87,54.55,0.13112479765976598,1598,Medium,Promotional Discount,1250.0
OUT_07058,Western,167.59699999999998,3.63,45.45,0.1309746200215285,1599,Medium,Promotional Discount,1250.0
OUT_04058,Western,77.6243,5.28,30.3,0.13094450607028754,1600,Medium,Promotional Discount,1250.0
OUT_07586,Western,238.77519999999998,2.38,42.42,0.13088092491939196,1601,Medium,Promotional Discount,1250.0
OUT_06103,Western,475.7809,0.86,30.3,0.13072574249201277,1602,Medium,Promotional Discount,1250.0
OUT_05591,Western,188.5117,3.01,42.42,0.13068176347305388,1603,Medium,Promotional Discount,1250.0
OUT_03506,Western,157.0297,3.61,42.42,0.1305567058959005,1604,Medium,Promotional Discount,1250.0
OUT_05204,Western,770.0688000000002,0.99,57.58,0.13014136428815298,1605,Medium,Promotional Discount,1250.0
OUT_04097,Western,459.9095,1.14,39.39,0.1298085739044318,1606,Medium,Promotional Discount,1250.0
OUT_00056,Western,1175.0336,0.58,51.52,0.129763801980198,1607,Medium,Promotional Discount,1250.0
OUT_05703,Western,475.6546,1.18,42.42,0.12926587471211423,1608,Medium,Promotional Discount,1250.0
OUT_05758,Western,175.45480000000003,4.09,54.55,0.12918274203420343,1609,Medium,Promotional Discount,1250.0
OUT_02729,Western,81.7288,6.86,42.42,0.1291247277752188,1610,Medium,Promotional Discount,1250.0
OUT_03981,Western,182.7398,2.21,30.3,0.1290271431309904,1611,Medium,Promotional Discount,1250.0
OUT_03234,Western,148.9485,4.81,54.55,0.12897250855085507,1612,Medium,Promotional Discount,1250.0
OUT_07421,Western,104.7864,3.1,24.24,0.12869961965134707,1613,Medium,Promotional Discount,1250.0
OUT_00397,Western,513.5541000000001,1.39,54.55,0.12850408622862286,1614,Medium,Promotional Discount,1250.0
OUT_07070,Western,175.2049,4.96,66.67,0.12841972868331608,1615,Medium,Promotional Discount,1250.0
OUT_00256,Western,483.5954,1.15,42.42,0.1280826140027637,1616,Medium,Promotional Discount,1250.0
OUT_08527,Western,114.0082,4.19,36.36,0.1278625155246253,1617,Medium,Promotional Discount,1250.0
OUT_00373,Western,511.85299999999995,1.16,45.45,0.12782550699677067,1618,Medium,Promotional Discount,1250.0
OUT_04319,Western,129.2287,6.09,60.61,0.1277394551209219,1619,Medium,Promotional Discount,1250.0
OUT_02941,Western,726.3444,0.87,48.48,0.12771213177041227,1620,Medium,Promotional Discount,1250.0
OUT_08308,Western,223.6866,2.65,45.45,0.12761452960172226,1621,Medium,Promotional Discount,1250.0
OUT_08457,Western,546.314,0.66,27.27,0.12754412451361866,1622,Medium,Promotional Discount,1250.0
OUT_06965,Western,146.2482,4.58,51.52,0.12753555902513328,1623,Medium,Promotional Discount,1250.0
OUT_05011,Western,212.6635,2.24,36.36,0.12750702355460386,1624,Medium,Promotional Discount,1250.0
OUT_02488,Western,105.2481,4.89,39.39,0.12742342386729388,1625,Medium,Promotional Discount,1250.0
OUT_08468,Western,185.9427,3.39,48.48,0.1273940487065481,1626,Medium,Promotional Discount,1250.0
OUT_08811,Western,100.6616,7.02,54.55,0.1272087186318632,1627,Medium,Promotional Discount,1250.0
OUT_05941,Western,134.7419,4.67,48.48,0.12717151839126917,1628,Medium,Promotional Discount,1250.0
OUT_06364,Western,77.3697,9.13,54.55,0.1271620811881188,1629,Medium,Promotional Discount,1250.0
OUT_00212,Western,479.9123,1.23,45.45,0.1270811903121636,1630,Medium,Promotional Discount,1250.0
OUT_01054,Western,170.44549999999998,3.01,39.39,0.12702177642980936,1631,Medium,Promotional Discount,1250.0
OUT_00323,Western,449.1334,1.57,54.55,0.12693779261926194,1632,Medium,Promotional Discount,1250.0
OUT_06304,Western,688.654,0.8,42.42,0.12688235836020267,1633,Medium,Promotional Discount,1250.0
OUT_01967,Western,470.4384,0.84,30.3,0.12625183897763576,1634,Medium,Promotional Discount,1250.0
OUT_07642,Western,116.113,6.03,54.55,0.12604165436543655,1635,Medium,Promotional Discount,1250.0
OUT_05981,Western,760.5095000000001,0.97,57.58,0.12592936411744626,1636,Medium,Promotional Discount,1250.0
OUT_07609,Western,227.7969,1.73,30.3,0.1259069127795527,1637,Medium,Promotional Discount,1250.0
OUT_00159,Western,391.88329999999996,1.49,45.45,0.12570637610333688,1638,Medium,Promotional Discount,1250.0
OUT_03967,Western,724.5973000000001,0.7,39.39,0.12558012131715773,1639,Medium,Promotional Discount,1250.0
OUT_05329,Western,585.6721,0.93,42.42,0.12544335628742517,1640,Medium,Promotional Discount,1250.0
OUT_02575,Western,101.5805,9.45,75.76,0.12505676459093273,1641,Medium,Promotional Discount,1250.0
OUT_02703,Western,225.52370000000002,2.91,51.52,0.12495696249047983,1642,Medium,Promotional Discount,1250.0
OUT_02772,Western,76.3994,9.08,54.55,0.1248796673267327,1643,Medium,Promotional Discount,1250.0
OUT_03486,Western,119.94529999999999,5.78,54.55,0.12480357047704771,1644,Medium,Promotional Discount,1250.0
OUT_01076,Western,195.01629999999997,3.36,51.52,0.12476290327494285,1645,Medium,Promotional Discount,1250.0
OUT_05888,Western,100.985,5.36,42.42,0.12466135421464762,1646,Medium,Promotional Discount,1250.0
OUT_03602,Western,159.9206,2.2,27.27,0.12445182879377434,1647,Medium,Promotional Discount,1250.0
OUT_03092,Western,116.99769999999998,5.26,48.48,0.12437508124494744,1648,Medium,Promotional Discount,1250.0
OUT_00019,Western,1255.6523,0.49,48.48,0.12434713561034762,1649,Medium,Promotional Discount,1250.0
OUT_03301,Western,192.09389999999996,2.81,42.42,0.12431687217871946,1650,Medium,Promotional Discount,1250.0
OUT_08312,Western,122.48829999999998,5.32,51.52,0.12407421096725056,1651,Medium,Promotional Discount,1250.0
OUT_00251,Western,527.8764,1.09,45.45,0.1238719646932185,1652,Medium,Promotional Discount,1250.0
OUT_06473,Western,184.35899999999998,4.54,66.67,0.12368698980345794,1653,Medium,Promotional Discount,1250.0
OUT_00362,Western,438.4926,1.31,45.45,0.12366529730893433,1654,Medium,Promotional Discount,1250.0
OUT_01753,Western,87.68169999999999,8.26,57.58,0.12363448992830316,1655,Medium,Promotional Discount,1250.0
OUT_03797,Western,110.89460000000001,4.5,39.39,0.1235517949987621,1656,Medium,Promotional Discount,1250.0
OUT_03779,Western,76.0542,10.5,63.64,0.12354101175742573,1657,Medium,Promotional Discount,1250.0
OUT_00346,Western,506.8559,1.28,51.52,0.12352923686214776,1658,Medium,Promotional Discount,1250.0
OUT_07342,Western,140.70010000000002,3.28,36.36,0.12352685438972165,1659,Medium,Promotional Discount,1250.0
OUT_07660,Western,76.6859,7.48,45.45,0.12348988848223898,1660,Medium,Promotional Discount,1250.0
OUT_06932,Western,211.3463,2.89,48.48,0.12344195776071142,1661,Medium,Promotional Discount,1250.0
OUT_01325,Western,147.57549999999998,3.63,42.42,0.12337610893597419,1662,Medium,Promotional Discount,1250.0
OUT_04494,Western,128.1367,4.18,42.42,0.1233559203132197,1663,Medium,Promotional Discount,1250.0
OUT_01923,Western,68.107,8.96,48.48,0.12333037995149557,1664,Medium,Promotional Discount,1250.0
OUT_00974,Western,96.7568,7.46,57.58,0.12321709252304541,1665,Medium,Promotional Discount,1250.0
OUT_05994,Western,119.4073,5.1,48.48,0.12307543047696039,1666,Medium,Promotional Discount,1250.0
OUT_07561,Western,163.92929999999998,4.85,63.64,0.12299769569925739,1667,Medium,Promotional Discount,1250.0
OUT_07571,Western,257.4007,1.93,39.39,0.1229966206981926,1668,Medium,Promotional Discount,1250.0
OUT_03356,Western,62.33709999999999,12.75,63.64,0.12295761525371285,1669,Medium,Promotional Discount,1250.0
OUT_06237,Western,237.54769999999996,1.62,30.3,0.1229480108626198,1670,Medium,Promotional Discount,1250.0
OUT_01755,Western,237.94910000000004,2.87,54.55,0.12293679873987401,1671,Medium,Promotional Discount,1250.0
OUT_00390,Western,439.08250000000004,1.47,51.52,0.12289628236862148,1672,Medium,Promotional Discount,1250.0
OUT_06400,Western,195.2986,2.54,39.39,0.122817143847487,1673,Medium,Promotional Discount,1250.0
OUT_06421,Western,98.02860000000001,4.68,36.36,0.1227981391862955,1674,Medium,Promotional Discount,1250.0
OUT_07365,Western,96.68020000000001,4.36,33.33,0.12278638858141568,1675,Medium,Promotional Discount,1250.0
OUT_04718,Western,528.3664,1.22,51.52,0.12273553084539221,1676,Medium,Promotional Discount,1250.0
OUT_02838,Western,170.804,3.99,54.55,0.12268370117011702,1677,Medium,Promotional Discount,1250.0
OUT_07112,Western,191.13370000000003,2.98,45.45,0.12262183552206675,1678,Medium,Promotional Discount,1250.0
OUT_01910,Western,106.21470000000001,4.3,36.36,0.12224925321199144,1679,Medium,Promotional Discount,1250.0
OUT_01225,Western,207.95199999999997,3.8,63.64,0.12224900990099008,1680,Medium,Promotional Discount,1250.0
OUT_04448,Western,147.7158,2.59,30.3,0.12223128498402555,1681,Medium,Promotional Discount,1250.0
OUT_02144,Western,95.8463,5.15,39.39,0.12221055830651152,1682,Medium,Promotional Discount,1250.0
OUT_07636,Western,541.4572,0.98,42.42,0.12220821188392444,1683,Medium,Promotional Discount,1250.0
OUT_03931,Western,224.67579999999998,2.36,42.42,0.1221176619069553,1684,Medium,Promotional Discount,1250.0
OUT_02022,Western,761.9046999999998,1.18,72.73,0.12193781988335815,1685,Medium,Promotional Discount,1250.0
OUT_04647,Western,96.51339999999999,5.48,42.42,0.1218087130354675,1686,Medium,Promotional Discount,1250.0
OUT_08804,Western,120.9462,3.76,36.36,0.12172315631691648,1687,Medium,Promotional Discount,1250.0
OUT_08641,Western,209.37779999999998,2.7,45.45,0.12170507212055973,1688,Medium,Promotional Discount,1250.0
OUT_03325,Western,754.3854000000001,0.7,42.42,0.12161901888530632,1689,Medium,Promotional Discount,1250.0
OUT_08408,Western,422.97779999999995,1.51,51.52,0.12161014432597105,1690,Medium,Promotional Discount,1250.0
OUT_02121,Western,466.6536,1.21,45.45,0.12156100236813777,1691,Medium,Promotional Discount,1250.0
OUT_07771,Western,232.1336,2.75,51.52,0.12154748667174409,1692,Medium,Promotional Discount,1250.0
OUT_07097,Western,223.2439,2.03,36.36,0.12130222617773018,1693,Medium,Promotional Discount,1250.0
OUT_04027,Western,782.3406,0.72,45.45,0.12126700365984928,1694,Medium,Promotional Discount,1250.0
OUT_07534,Western,80.8284,5.6,36.36,0.12115605995717343,1695,Medium,Promotional Discount,1250.0
OUT_05178,Western,566.9857,1.51,69.7,0.12109595572842996,1696,Medium,Promotional Discount,1250.0
OUT_05230,Western,700.6993,0.96,54.55,0.12109294833483347,1697,Medium,Promotional Discount,1250.0
OUT_01266,Western,222.269,2.86,51.52,0.12103757425742574,1698,Medium,Promotional Discount,1250.0
OUT_02428,Western,203.65250000000003,1.86,30.3,0.12102033546325881,1699,Medium,Promotional Discount,1250.0
OUT_02207,Western,485.2272,1.46,57.58,0.12093405804028678,1700,Medium,Promotional Discount,1250.0
OUT_01765,Western,75.33500000000001,5.51,33.33,0.12091344305272357,1701,Medium,Promotional Discount,1250.0
OUT_03488,Western,92.04400000000001,6.1,45.45,0.12087586652314317,1702,Medium,Promotional Discount,1250.0
OUT_00416,Western,257.4326,1.61,33.33,0.12073011535100495,1703,Medium,Promotional Discount,1250.0
OUT_08736,Western,412.9043,1.18,39.39,0.1206306199554345,1704,Medium,Promotional Discount,1250.0
OUT_00382,Western,408.7776,1.46,48.48,0.12061748100242523,1705,Medium,Promotional Discount,1250.0
OUT_07291,Western,120.4615,4.04,39.39,0.1204913245852934,1706,Medium,Promotional Discount,1250.0
OUT_06355,Western,97.3339,3.49,27.27,0.12016105801202688,1707,Medium,Promotional Discount,1250.0
OUT_00116,Western,492.8483,0.91,36.36,0.12004602596359744,1708,Medium,Promotional Discount,1250.0
OUT_08348,Western,513.1579,1.37,57.58,0.12001132178217823,1709,Medium,Promotional Discount,1250.0
OUT_01924,Western,107.5521,3.49,30.3,0.11992230958466453,1710,Medium,Promotional Discount,1250.0
OUT_08502,Western,379.52119999999996,1.56,48.48,0.11965502667744542,1711,Medium,Promotional Discount,1250.0
OUT_08783,Western,544.1868,1.02,45.45,0.11949850075349838,1712,Medium,Promotional Discount,1250.0
OUT_08780,Western,510.2287,1.23,51.52,0.11949377399086063,1713,Medium,Promotional Discount,1250.0
OUT_05584,Western,228.05130000000003,2.75,51.52,0.11940995335110435,1714,Medium,Promotional Discount,1250.0
OUT_06307,Western,134.92249999999999,4.11,45.45,0.11938244886975241,1715,Medium,Promotional Discount,1250.0
OUT_01746,Western,237.12669999999997,2.49,48.48,0.11933012995149554,1716,Medium,Promotional Discount,1250.0
OUT_03310,Western,64.1147,8.08,42.42,0.11931063473053892,1717,Medium,Promotional Discount,1250.0
OUT_06116,Western,99.1611,5.22,42.42,0.11921256149239981,1718,Medium,Promotional Discount,1250.0
OUT_03203,Western,67.9114,10.28,57.58,0.11917534858313417,1719,Medium,Promotional Discount,1250.0
OUT_08341,Western,86.76089999999999,3.05,21.21,0.11914486492570912,1720,Medium,Promotional Discount,1250.0
OUT_02079,Western,213.5978,2.25,39.39,0.11898862342163902,1721,Medium,Promotional Discount,1250.0
OUT_00656,Western,191.5699,3.26,51.52,0.11891048629093677,1722,Medium,Promotional Discount,1250.0
OUT_08557,Western,84.49849999999999,4.83,33.33,0.11888370375764638,1723,Medium,Promotional Discount,1250.0
OUT_03510,Western,87.2173,4.67,33.33,0.11864398223128458,1724,Medium,Promotional Discount,1250.0
OUT_00669,Western,107.5938,4.78,42.42,0.11844734315983418,1725,Medium,Promotional Discount,1250.0
OUT_00384,Western,482.5767,1.14,45.45,0.11843647750269105,1726,Medium,Promotional Discount,1250.0
OUT_06417,Western,659.2798,0.78,42.42,0.11843349700598803,1727,Medium,Promotional Discount,1250.0
OUT_05445,Western,192.35439999999997,3.22,51.52,0.11793243869002282,1728,Medium,Promotional Discount,1250.0
OUT_03009,Western,172.20260000000002,2.35,33.33,0.11787827264782991,1729,Medium,Promotional Discount,1250.0
OUT_05412,Western,484.72130000000004,0.54,21.21,0.1178520945520036,1730,Medium,Promotional Discount,1250.0
OUT_08845,Western,159.6615,1.86,24.24,0.11765863312202855,1731,Medium,Promotional Discount,1250.0
OUT_07772,Western,500.65729999999996,1.59,66.67,0.11763633914585486,1732,Medium,Promotional Discount,1250.0
OUT_06125,Western,107.83389999999999,5.06,45.45,0.11746814510226047,1733,Medium,Promotional Discount,1250.0
OUT_05834,Western,170.48379999999997,4.66,66.67,0.11740128683316091,1734,Medium,Promotional Discount,1250.0
OUT_00845,Western,193.9656,2.26,36.36,0.11733465096359741,1735,Medium,Promotional Discount,1250.0
OUT_04066,Western,126.14229999999999,2.91,30.3,0.1172760680511182,1736,Medium,Promotional Discount,1250.0
OUT_08714,Western,157.70860000000002,3.45,45.45,0.11713555866523145,1737,Medium,Promotional Discount,1250.0
OUT_05215,Western,84.8981,9.33,66.67,0.11705323969262596,1738,Medium,Promotional Discount,1250.0
OUT_07762,Western,713.4437,1.06,63.64,0.11699417110148515,1739,Medium,Promotional Discount,1250.0
OUT_05303,Western,72.94319999999999,9.86,60.61,0.11673753481577663,1740,Medium,Promotional Discount,1250.0
OUT_00756,Western,129.86919999999998,4.72,51.52,0.11671413252094438,1741,Medium,Promotional Discount,1250.0
OUT_04119,Western,467.3018,1.16,45.45,0.11669969601722281,1742,Medium,Promotional Discount,1250.0
OUT_07801,Western,559.7151000000001,1.47,69.7,0.11637640693069308,1743,Medium,Promotional Discount,1250.0
OUT_07125,Western,119.7074,4.81,48.48,0.11636875383993532,1744,Medium,Promotional Discount,1250.0
OUT_04078,Western,105.65030000000002,6.45,57.58,0.11632714834414479,1745,Medium,Promotional Discount,1250.0
OUT_00347,Western,472.3338,0.92,36.36,0.1163134625267666,1746,Medium,Promotional Discount,1250.0
OUT_02178,Western,101.2797,2.55,21.21,0.11628241107609184,1747,Medium,Promotional Discount,1250.0
OUT_00741,Western,108.39059999999999,4.33,39.39,0.11619987571180984,1748,Medium,Promotional Discount,1250.0
OUT_04966,Western,95.9021,4.89,39.39,0.1161082616984402,1749,Medium,Promotional Discount,1250.0
OUT_01789,Western,95.9796,2.32,18.18,0.11609628362877997,1750,Medium,Promotional Discount,1250.0
OUT_08653,Western,635.1988,1.07,57.58,0.11602299692727895,1751,Medium,Promotional Discount,1250.0
OUT_07978,Western,195.1349,2.94,48.48,0.11594515076798706,1752,Medium,Promotional Discount,1250.0
OUT_02797,Western,236.1609,2.28,45.45,0.11591966673842839,1753,Medium,Promotional Discount,1250.0
OUT_03609,Western,88.5451,4.49,33.33,0.11580760238858143,1754,Medium,Promotional Discount,1250.0
OUT_01857,Western,76.8476,6.53,42.42,0.1155722772915707,1755,Medium,Promotional Discount,1250.0
OUT_04011,Western,148.00689999999997,3.15,39.39,0.11542999133448871,1756,Medium,Promotional Discount,1250.0
OUT_05936,Western,671.5083999999999,0.59,33.33,0.11540633731430235,1757,Medium,Promotional Discount,1250.0
OUT_02374,Western,175.76059999999998,2.85,42.42,0.11536566328880699,1758,Medium,Promotional Discount,1250.0
OUT_01899,Western,515.6127,0.7,30.3,0.11531274440894568,1759,Medium,Promotional Discount,1250.0
OUT_08669,Western,117.09609999999999,6.06,60.61,0.11517649180327867,1760,Medium,Promotional Discount,1250.0
OUT_00240,Western,482.3716,1.47,60.61,0.11509272066223016,1761,Medium,Promotional Discount,1250.0
OUT_03339,Western,98.80470000000001,6.46,54.55,0.11490159531953198,1762,Medium,Promotional Discount,1250.0
OUT_02200,Western,244.5464,1.61,33.33,0.11468677658025052,1763,Medium,Promotional Discount,1250.0
OUT_00460,Western,223.14530000000002,2.23,42.42,0.11460479479502535,1764,Medium,Promotional Discount,1250.0
OUT_03816,Western,77.97099999999999,5.49,36.36,0.11457729925053532,1765,Medium,Promotional Discount,1250.0
OUT_07178,Western,128.58729999999997,5.48,60.61,0.11437403083914946,1766,Medium,Promotional Discount,1250.0
OUT_08665,Western,550.7351000000001,0.9,42.42,0.1141551335789959,1767,Medium,Promotional Discount,1250.0
OUT_05843,Western,562.6147000000001,1.25,60.61,0.11414841340691448,1768,Medium,Promotional Discount,1250.0
OUT_07975,Western,122.2863,4.9,51.52,0.11409041698400608,1769,Medium,Promotional Discount,1250.0
OUT_01518,Western,196.75199999999998,2.34,39.39,0.11398853181480563,1770,Medium,Promotional Discount,1250.0
OUT_08319,Western,198.6042,1.62,27.27,0.11380926918995402,1771,Medium,Promotional Discount,1250.0
OUT_07419,Western,100.61070000000001,6.62,57.58,0.11369799146466371,1772,Medium,Promotional Discount,1250.0
OUT_03645,Western,213.3732,2.96,54.55,0.11369661062106212,1773,Medium,Promotional Discount,1250.0
OUT_00059,Western,514.7538,0.69,30.3,0.11347607731629392,1774,Medium,Promotional Discount,1250.0
OUT_01104,Western,97.2958,2.59,21.21,0.11346065826204411,1775,Medium,Promotional Discount,1250.0
OUT_08126,Western,443.2996,1.73,66.67,0.11333062036352888,1776,Medium,Promotional Discount,1250.0
OUT_07552,Western,193.00109999999998,1.66,27.27,0.11332926282278032,1777,Medium,Promotional Discount,1250.0
OUT_03093,Western,542.4337,1.16,54.55,0.11327148370837084,1778,Medium,Promotional Discount,1250.0
OUT_02056,Western,632.7176,0.94,51.52,0.11324343945163745,1779,Medium,Promotional Discount,1250.0
OUT_07176,Western,105.7977,4.97,45.45,0.11320012249730893,1780,Medium,Promotional Discount,1250.0
OUT_04865,Western,277.5444,1.4,33.33,0.11318443344013981,1781,Medium,Promotional Discount,1250.0
OUT_02152,Western,846.0350000000001,0.58,42.42,0.11301250575771535,1782,Medium,Promotional Discount,1250.0
OUT_00286,Western,453.3532,0.78,30.3,0.11297619680511183,1783,Medium,Promotional Discount,1250.0
OUT_05877,Western,226.7412,1.71,33.33,0.11294129099912613,1784,Medium,Promotional Discount,1250.0
OUT_02607,Western,104.55659999999999,3.05,27.27,0.11280425539441102,1785,Medium,Promotional Discount,1250.0
OUT_03290,Western,73.8494,4.78,30.3,0.11277959488817892,1786,Medium,Promotional Discount,1250.0
OUT_01496,Western,103.4111,4.4,39.39,0.11265383510769995,1787,Medium,Promotional Discount,1250.0
OUT_01436,Western,238.68750000000003,2.19,45.45,0.11253511840688914,1788,Medium,Promotional Discount,1250.0
OUT_05033,Western,128.2113,3.01,33.33,0.11241363617826973,1789,Medium,Promotional Discount,1250.0
OUT_04380,Western,91.8112,6.05,48.48,0.11225904607922393,1790,Medium,Promotional Discount,1250.0
OUT_07000,Western,472.9469,1.03,42.42,0.11219145716259789,1791,Medium,Promotional Discount,1250.0
OUT_06686,Western,186.42170000000004,2.61,42.42,0.11205910571165363,1792,Medium,Promotional Discount,1250.0
OUT_02717,Western,527.327,1.18,54.55,0.11201545634563456,1793,Medium,Promotional Discount,1250.0
OUT_03636,Western,102.78040000000001,4.73,42.42,0.11196483003224322,1794,Medium,Promotional Discount,1250.0
OUT_06083,Western,666.4207999999999,0.78,45.45,0.11190704499461786,1795,Medium,Promotional Discount,1250.0
OUT_08660,Western,774.3323999999998,0.89,60.61,0.1118577886706703,1796,Medium,Promotional Discount,1250.0
OUT_04241,Western,186.42340000000002,2.24,36.36,0.11177420128479659,1797,Medium,Promotional Discount,1250.0
OUT_00055,Western,1376.9839000000002,0.5,60.61,0.11175003246226264,1798,Medium,Promotional Discount,1250.0
OUT_06890,Western,68.0297,9.62,57.58,0.11171828508023217,1799,Medium,Promotional Discount,1250.0
OUT_02570,Western,169.9864,3.45,51.52,0.11166281035795889,1800,Medium,Promotional Discount,1250.0
OUT_07003,Western,252.70500000000004,1.65,36.36,0.11160686563169167,1801,Medium,Promotional Discount,1250.0
OUT_00507,Western,745.9993,0.74,48.48,0.1115682057396928,1802,Medium,Promotional Discount,1250.0
OUT_03128,Western,99.83760000000001,7.22,63.64,0.11151415099009901,1803,Medium,Promotional Discount,1250.0
OUT_06937,Western,104.00559999999999,3.03,27.27,0.11147398938804383,1804,Medium,Promotional Discount,1250.0
OUT_01380,Western,216.30900000000003,3.33,63.64,0.11143393719059408,1805,Medium,Promotional Discount,1250.0
OUT_08274,Western,100.4512,4.47,39.39,0.11117030552116859,1806,Medium,Promotional Discount,1250.0
OUT_07105,Western,157.7557,3.27,45.45,0.11105729580193756,1807,Medium,Promotional Discount,1250.0
OUT_07111,Western,199.1316,2.42,42.42,0.11098536895439888,1808,Medium,Promotional Discount,1250.0
OUT_08380,Western,203.75080000000003,2.69,48.48,0.11076993775262733,1809,Medium,Promotional Discount,1250.0
OUT_08377,Western,183.66959999999997,3.35,54.55,0.11076384518451844,1810,Medium,Promotional Discount,1250.0
OUT_03140,Western,80.1871,5.16,36.36,0.11075091970021414,1811,Medium,Promotional Discount,1250.0
OUT_07704,Western,451.6448,0.99,39.39,0.11070273632087149,1812,Medium,Promotional Discount,1250.0
OUT_02134,Western,189.49149999999997,4.13,69.7,0.11069305445544551,1813,Medium,Promotional Discount,1250.0
OUT_00292,Western,498.53049999999996,1.03,45.45,0.11054605274488695,1814,Medium,Promotional Discount,1250.0
OUT_03366,Western,224.12470000000002,1.84,36.36,0.11038261456102785,1815,Medium,Promotional Discount,1250.0
OUT_02304,Western,182.3558,2.81,45.45,0.11031642583423035,1816,Medium,Promotional Discount,1250.0
OUT_00897,Western,192.4158,3.01,51.52,0.11027638194973341,1817,Medium,Promotional Discount,1250.0
OUT_05069,Western,80.78269999999999,7.57,54.55,0.11008551557155716,1818,Medium,Promotional Discount,1250.0
OUT_08497,Western,98.3392,3.84,33.33,0.10999782347800757,1819,Medium,Promotional Discount,1250.0
OUT_06808,Western,208.47549999999998,2.61,48.48,0.10996787691996765,1820,Medium,Promotional Discount,1250.0
OUT_03360,Western,134.9863,5.5,66.67,0.10971252401359538,1821,Medium,Promotional Discount,1250.0
OUT_07108,Western,501.07329999999996,0.75,33.33,0.10946838770754441,1822,Medium,Promotional Discount,1250.0
OUT_02190,Western,714.6155999999999,0.85,54.55,0.1093471215121512,1823,Medium,Promotional Discount,1250.0
OUT_03700,Western,258.3121,1.58,36.36,0.10924333993576019,1824,Medium,Promotional Discount,1250.0
OUT_08525,Western,204.0393,3.46,63.64,0.10921658075495048,1825,Medium,Promotional Discount,1250.0
OUT_07029,Western,442.95130000000006,1.07,42.42,0.10915658475356982,1826,Medium,Promotional Discount,1250.0
OUT_03200,Western,151.3435,2.91,39.39,0.10903926343154247,1827,Medium,Promotional Discount,1250.0
OUT_00194,Western,529.1429,0.52,24.24,0.10901517749603806,1828,Medium,Promotional Discount,1250.0
OUT_00607,Western,437.3158,0.78,30.3,0.10897965623003196,1829,Medium,Promotional Discount,1250.0
OUT_08617,Western,94.18860000000001,3.62,30.3,0.10893378019169331,1830,Medium,Promotional Discount,1250.0
OUT_00053,Western,1346.9277000000002,0.4,48.48,0.10888663702506064,1831,Medium,Promotional Discount,1250.0
OUT_00133,Western,348.5735000000001,1.45,45.45,0.10881196447793326,1832,Medium,Promotional Discount,1250.0
OUT_06082,Western,368.98839999999996,1.19,39.39,0.10871408665511265,1833,Medium,Promotional Discount,1250.0
OUT_07106,Western,89.05930000000001,6.37,51.52,0.10801746782178219,1834,Medium,Promotional Discount,1250.0
OUT_04458,Western,199.4864,3.5,63.64,0.10801398514851486,1835,Medium,Promotional Discount,1250.0
OUT_00480,Western,98.80569999999999,3.75,33.33,0.10792932566268569,1836,Medium,Promotional Discount,1250.0
OUT_02648,Western,108.3297,3.72,36.36,0.10786576124197003,1837,Medium,Promotional Discount,1250.0
OUT_03928,Western,735.3857,0.68,45.45,0.10765603358449946,1838,Medium,Promotional Discount,1250.0
OUT_03084,Western,572.5586000000001,1.27,66.67,0.10745521235407124,1839,Medium,Promotional Discount,1250.0
OUT_04958,Western,93.2082,5.35,45.45,0.10735497739504844,1840,Medium,Promotional Discount,1250.0
OUT_08836,Western,86.49810000000001,4.26,33.33,0.10733524788814448,1841,Medium,Promotional Discount,1250.0
OUT_07949,Western,613.9827,0.6,33.33,0.1073083658607632,1842,Medium,Promotional Discount,1250.0
OUT_02762,Western,87.25550000000001,4.22,33.33,0.10725843577046315,1843,Medium,Promotional Discount,1250.0
OUT_05514,Western,443.37379999999996,1.12,45.45,0.10690606157158235,1844,Medium,Promotional Discount,1250.0
OUT_03731,Western,185.8771,3.19,54.55,0.10674130495049505,1845,Medium,Promotional Discount,1250.0
OUT_00603,Western,447.26719999999995,1.18,48.48,0.10666436863379142,1846,Medium,Promotional Discount,1250.0
OUT_03566,Western,103.2896,5.42,51.52,0.10659360853008376,1847,Medium,Promotional Discount,1250.0
OUT_03940,Western,220.17309999999998,1.95,39.39,0.1062979809358752,1848,Medium,Promotional Discount,1250.0
OUT_02583,Western,87.1581,4.92,39.39,0.1061693122059916,1849,Medium,Promotional Discount,1250.0
OUT_00726,Western,461.1188,0.72,30.3,0.10607205623003195,1850,Medium,Promotional Discount,1250.0
OUT_06870,Western,96.6703,5.75,51.52,0.10583667650418888,1851,Medium,Promotional Discount,1250.0
OUT_02970,Western,562.6773,0.93,48.48,0.10575785953920777,1852,Medium,Promotional Discount,1250.0
OUT_07678,Western,382.6262,1.87,66.67,0.10573533234816018,1853,Medium,Promotional Discount,1250.0
OUT_00089,Western,458.8788,1.14,48.48,0.10572389490703314,1854,Medium,Promotional Discount,1250.0
OUT_04026,Western,527.1126999999999,1.17,57.58,0.10527856930693066,1855,Medium,Promotional Discount,1250.0
OUT_08887,Western,175.5881,2.6,42.42,0.1051425748502994,1856,Medium,Promotional Discount,1250.0
OUT_07667,Western,191.6359,3.38,60.61,0.10513380003246224,1857,Medium,Promotional Discount,1250.0
OUT_03372,Western,73.2953,8.37,57.58,0.10472544571526117,1858,Medium,Promotional Discount,1250.0
OUT_08595,Western,241.45940000000002,2.54,57.58,0.10469560874018437,1859,Medium,Promotional Discount,1250.0
OUT_06699,Western,681.9173999999998,0.62,39.39,0.1046766001485516,1860,Medium,Promotional Discount,1250.0
OUT_00144,Western,418.0817,1.39,54.55,0.10461450279027902,1861,Medium,Promotional Discount,1250.0
OUT_06090,Western,222.56279999999998,1.47,30.3,0.10452629904153353,1862,Medium,Promotional Discount,1250.0
OUT_06017,Western,92.98599999999999,4.88,42.42,0.10450752648549054,1863,Medium,Promotional Discount,1250.0
OUT_07463,Western,204.2913,1.91,36.36,0.10444228667023554,1864,Medium,Promotional Discount,1250.0
OUT_07296,Western,238.73340000000002,2.82,63.64,0.10415040037128713,1865,Medium,Promotional Discount,1250.0
OUT_08749,Western,262.4824,1.96,48.48,0.1039744349232013,1866,Medium,Promotional Discount,1250.0
OUT_02544,Western,175.6064,2.75,45.45,0.10396503767491927,1867,Medium,Promotional Discount,1250.0
OUT_04049,Western,172.5353,2.98,48.48,0.1039117206952304,1868,Medium,Promotional Discount,1250.0
OUT_03254,Western,106.2414,3.06,30.3,0.10386539424920128,1869,Medium,Promotional Discount,1250.0
OUT_05338,Western,86.2285,5.96,48.48,0.10386456345998382,1870,Medium,Promotional Discount,1250.0
OUT_04502,Western,260.8504,2.45,60.61,0.10373047881837363,1871,Medium,Promotional Discount,1250.0
OUT_07261,Western,109.5926,5.83,60.61,0.10370473267326732,1872,Medium,Promotional Discount,1250.0
OUT_05088,Western,113.49199999999999,3.69,39.39,0.10368543698935381,1873,Medium,Promotional Discount,1250.0
OUT_07279,Western,83.5529,5.76,45.45,0.1036091935414424,1874,Medium,Promotional Discount,1250.0
OUT_04833,Western,181.52680000000004,3.17,54.55,0.10358955103510353,1875,Medium,Promotional Discount,1250.0
OUT_08297,Western,91.1859,6.65,57.58,0.10351420877432572,1876,Medium,Promotional Discount,1250.0
OUT_05861,Western,93.3677,4.47,39.39,0.10333092820004952,1877,Medium,Promotional Discount,1250.0
OUT_02066,Western,526.6997,1.03,51.52,0.10329411481340442,1878,Medium,Promotional Discount,1250.0
OUT_03004,Western,559.785,1.02,54.55,0.10278680468046805,1879,Medium,Promotional Discount,1250.0
OUT_04199,Western,780.9578999999999,0.57,42.42,0.10252095877475814,1880,Medium,Promotional Discount,1250.0
OUT_00407,Western,129.0899,4.89,60.61,0.10245895325434182,1881,Medium,Promotional Discount,1250.0
OUT_03393,Western,186.62030000000001,2.55,45.45,0.10245032615715823,1882,Medium,Promotional Discount,1250.0
OUT_05555,Western,422.08129999999994,0.98,39.39,0.10241140727902945,1883,Medium,Promotional Discount,1250.0
OUT_07447,Western,218.8186,1.89,39.39,0.10239345233968804,1884,Medium,Promotional Discount,1250.0
OUT_07197,Western,100.5765,2.26,21.21,0.10234258892390814,1885,Medium,Promotional Discount,1250.0
OUT_04229,Western,188.05129999999997,2.52,45.45,0.10202137265877284,1886,Medium,Promotional Discount,1250.0
OUT_03507,Western,128.0937,3.21,39.39,0.10180261871750432,1887,Medium,Promotional Discount,1250.0
OUT_03551,Western,483.5333,0.85,39.39,0.10175867912849716,1888,Medium,Promotional Discount,1250.0
OUT_03044,Western,83.7106,7.48,60.61,0.10163208699886382,1889,Medium,Promotional Discount,1250.0
OUT_01634,Western,425.22900000000004,1.11,45.45,0.10161554144241121,1890,Medium,Promotional Discount,1250.0
OUT_05551,Western,391.2172,1.6,60.61,0.10159836390196396,1891,Medium,Promotional Discount,1250.0
OUT_03909,Western,194.5557,1.95,36.36,0.1015480768201285,1892,Medium,Promotional Discount,1250.0
OUT_03086,Western,134.82870000000003,1.9,24.24,0.10149545562599052,1893,Medium,Promotional Discount,1250.0
OUT_00464,Western,87.5954,7.12,60.61,0.10123019769517935,1894,Medium,Promotional Discount,1250.0
OUT_05674,Western,120.4562,2.62,30.3,0.10082915143769967,1895,Medium,Promotional Discount,1250.0
OUT_00483,Western,76.05799999999999,6.15,45.45,0.10070111948331538,1896,Medium,Promotional Discount,1250.0
OUT_00049,Western,1245.2274000000002,0.4,48.48,0.10066510913500407,1897,Medium,Promotional Discount,1250.0
OUT_01613,Western,66.5119,10.23,66.67,0.10054924442145706,1898,Medium,Promotional Discount,1250.0
OUT_03949,Western,87.1584,3.96,33.33,0.10053809030002912,1899,Medium,Promotional Discount,1250.0
OUT_07481,Western,195.20460000000003,2.86,54.55,0.1005013782178218,1900,Medium,Promotional Discount,1250.0
OUT_05335,Western,148.5856,2.32,33.33,0.10041322225458782,1901,Medium,Promotional Discount,1200.0
OUT_03349,Western,244.76850000000002,0.91,21.21,0.10028785907248987,1902,Medium,Promotional Discount,1200.0
OUT_08531,Western,86.3759,4.33,36.36,0.10010911322269808,1903,Medium,Promotional Discount,1200.0
OUT_01110,Western,207.31989999999996,2.68,54.55,0.1000211218721872,1904,Medium,Promotional Discount,1200.0
OUT_03111,Western,89.90350000000001,3.48,30.3,0.09995660702875399,1905,Medium,Promotional Discount,1200.0
OUT_06985,Western,656.6125,0.66,42.42,0.09980751957623214,1906,Medium,Promotional Discount,1200.0
OUT_01891,Western,551.64,0.84,45.45,0.09975836383207748,1907,Medium,Promotional Discount,1200.0
OUT_01739,Western,223.6508,0.99,21.21,0.09969126159387663,1908,Medium,Promotional Discount,1200.0
OUT_04148,Western,121.13700000000001,3.07,36.36,0.09954244914346896,1909,Medium,Promotional Discount,1200.0
OUT_06201,Western,87.1228,6.0,51.52,0.09953099771515611,1910,Medium,Promotional Discount,1200.0
OUT_02369,Western,479.29710000000006,1.09,51.52,0.0994733128332064,1911,Medium,Promotional Discount,1200.0
OUT_01261,Western,86.37,5.34,45.45,0.09929296017222819,1912,Medium,Promotional Discount,1200.0
OUT_00354,Western,497.3007,1.23,60.61,0.09928256143483201,1913,Medium,Promotional Discount,1200.0
OUT_06119,Western,890.7457999999999,0.45,39.39,0.09924129982668979,1914,Medium,Promotional Discount,1200.0
OUT_03905,Western,232.11049999999997,0.82,18.18,0.09923389468196035,1915,Medium,Promotional Discount,1200.0
OUT_04287,Western,140.83209999999997,2.63,36.36,0.09914037018201284,1916,Medium,Promotional Discount,1200.0
OUT_06394,Western,109.6684,5.02,54.55,0.09910627686768676,1917,Medium,Promotional Discount,1200.0
OUT_04571,Western,211.00959999999998,1.61,33.33,0.0989587695892805,1918,Medium,Promotional Discount,1200.0
OUT_06596,Western,172.19209999999998,2.84,48.48,0.09883297574777687,1919,Medium,Promotional Discount,1200.0
OUT_03432,Western,108.1939,4.24,45.45,0.09876041679224971,1920,Medium,Promotional Discount,1200.0
OUT_06638,Western,96.72149999999999,5.05,48.48,0.09871535468876311,1921,Medium,Promotional Discount,1200.0
OUT_00989,Western,98.1132,4.06,39.39,0.09862332062391681,1922,Medium,Promotional Discount,1200.0
OUT_08351,Western,135.18290000000002,4.27,57.58,0.09853721116421987,1923,Medium,Promotional Discount,1200.0
OUT_01460,Western,262.64320000000004,1.74,45.45,0.09838518148546824,1924,Medium,Promotional Discount,1200.0
OUT_04064,Western,543.6095,1.06,57.58,0.0983656657562308,1925,Medium,Promotional Discount,1200.0
OUT_07919,Western,90.0854,5.73,51.52,0.09828433777608532,1926,Medium,Promotional Discount,1200.0
OUT_01176,Western,171.6466,3.18,54.55,0.09826033987398741,1927,Medium,Promotional Discount,1200.0
OUT_01121,Western,229.45960000000002,1.47,33.33,0.0982538922225459,1928,Medium,Promotional Discount,1200.0
OUT_02548,Western,167.73220000000003,2.72,45.45,0.09821993196986008,1929,Medium,Promotional Discount,1200.0
OUT_06590,Western,426.11080000000004,0.93,39.39,0.09811414805644963,1930,Medium,Promotional Discount,1200.0
OUT_01984,Western,502.94050000000004,1.26,63.64,0.09803605043316832,1931,Medium,Promotional Discount,1200.0
OUT_06259,Western,207.5962,1.9,39.39,0.09765604852686309,1932,Medium,Promotional Discount,1200.0
OUT_08269,Western,92.03880000000001,5.57,51.52,0.09761159862909369,1933,Medium,Promotional Discount,1200.0
OUT_04166,Western,118.65619999999998,4.07,48.48,0.0976011992724333,1934,Medium,Promotional Discount,1200.0
OUT_08649,Western,90.959,6.61,60.61,0.09758788995292972,1935,Medium,Promotional Discount,1200.0
OUT_07201,Western,209.00399999999996,2.45,51.52,0.09749805788271133,1936,Medium,Promotional Discount,1200.0
OUT_00731,Western,545.9458,1.1,60.61,0.09747449764648596,1937,Medium,Promotional Discount,1200.0
OUT_06135,Western,375.92490000000004,0.89,33.33,0.09745795543256627,1938,Medium,Promotional Discount,1200.0
OUT_06943,Western,216.7883,1.95,42.42,0.09736001497005987,1939,Medium,Promotional Discount,1200.0
OUT_04914,Western,207.7823,1.89,39.39,0.09722915251299827,1940,Medium,Promotional Discount,1200.0
OUT_03154,Western,457.1486,1.31,60.61,0.09720251030676837,1941,Medium,Promotional Discount,1200.0
OUT_07170,Western,110.3149,2.22,24.24,0.09702816085578447,1942,Medium,Promotional Discount,1200.0
OUT_07393,Western,472.0825,0.83,39.39,0.09701125897499381,1943,Medium,Promotional Discount,1200.0
OUT_05910,Western,78.069,7.27,57.58,0.09688658757255036,1944,Medium,Promotional Discount,1200.0
OUT_05982,Western,180.86989999999997,2.65,48.48,0.09686847918350847,1945,Medium,Promotional Discount,1200.0
OUT_04083,Western,212.92829999999998,1.97,42.42,0.09660726646706586,1946,Medium,Promotional Discount,1200.0
OUT_02054,Western,401.52070000000003,0.97,39.39,0.0964285909878683,1947,Medium,Promotional Discount,1200.0
OUT_04068,Western,418.1705999999999,1.14,48.48,0.096344883589329,1948,Medium,Promotional Discount,1200.0
OUT_08652,Western,526.4632,0.85,45.45,0.09633879870828847,1949,Medium,Promotional Discount,1200.0
OUT_02922,Western,567.4471000000001,0.84,48.48,0.0963329757477769,1950,Medium,Promotional Discount,1200.0
OUT_03257,Western,94.62939999999999,4.11,39.39,0.09629285318148056,1951,Medium,Promotional Discount,1200.0
OUT_02834,Western,207.9898,2.29,48.48,0.09626043694421987,1952,Medium,Promotional Discount,1200.0
OUT_07486,Western,198.62,1.37,27.27,0.09625376724442873,1953,Medium,Promotional Discount,1200.0
OUT_08392,Western,85.7951,3.85,33.33,0.0962164681036994,1954,Medium,Promotional Discount,1200.0
OUT_00042,Western,1107.744,0.35,39.39,0.09599168110918542,1955,Medium,Promotional Discount,1200.0
OUT_05644,Western,187.6334,2.22,42.42,0.09593416582220175,1956,Medium,Promotional Discount,1200.0
OUT_07580,Western,117.33509999999998,3.55,42.42,0.09593265891294332,1957,Medium,Promotional Discount,1200.0
OUT_02987,Western,102.2399,3.77,39.39,0.0954306568457539,1958,Medium,Promotional Discount,1200.0
OUT_05377,Western,453.60479999999995,0.53,24.24,0.09524981933438986,1959,Medium,Promotional Discount,1200.0
OUT_07090,Western,218.1134,2.16,48.48,0.09521522716248991,1960,Medium,Promotional Discount,1200.0
OUT_02461,Western,139.43400000000003,3.58,51.52,0.09504450114242195,1961,Medium,Promotional Discount,1200.0
OUT_04866,Western,162.32330000000002,2.54,42.42,0.0949565135882082,1962,Medium,Promotional Discount,1200.0
OUT_07483,Western,592.6186,0.89,54.55,0.09494699441944195,1963,Medium,Promotional Discount,1200.0
OUT_00679,Western,127.016,2.79,36.36,0.09485402569593149,1964,Medium,Promotional Discount,1200.0
OUT_06789,Western,125.10900000000001,3.06,39.39,0.09478423867293886,1965,Medium,Promotional Discount,1200.0
OUT_07897,Western,382.61740000000003,0.55,21.21,0.09474991895542549,1966,Medium,Promotional Discount,1200.0
OUT_01918,Western,96.30730000000001,2.78,27.27,0.09470615281216839,1967,Medium,Promotional Discount,1200.0
OUT_07035,Western,88.9521,5.26,48.48,0.09456104405820534,1968,Medium,Promotional Discount,1200.0
OUT_00849,Western,137.973,3.39,48.48,0.09452879345189977,1969,Medium,Promotional Discount,1200.0
OUT_07430,Western,77.7712,4.17,33.33,0.09446720186425867,1970,Medium,Promotional Discount,1200.0
OUT_02367,Western,96.20320000000001,5.75,57.58,0.09442956640491637,1971,Medium,Promotional Discount,1200.0
OUT_01946,Western,218.08139999999997,2.93,66.67,0.09442566898182354,1972,Medium,Promotional Discount,1200.0
OUT_06278,Western,757.0668000000001,0.39,30.3,0.09433100702875401,1973,Medium,Promotional Discount,1200.0
OUT_08399,Western,79.8492,6.92,57.58,0.09432510481392967,1974,Medium,Promotional Discount,1200.0
OUT_02481,Western,119.7086,4.85,60.61,0.09423579126765134,1975,Medium,Promotional Discount,1200.0
OUT_07256,Western,155.1551,4.29,69.7,0.09414644681753889,1976,Medium,Promotional Discount,1200.0
OUT_02920,Western,165.3186,2.47,42.42,0.09404351497005989,1977,Medium,Promotional Discount,1200.0
OUT_03761,Western,89.7603,4.23,39.39,0.09400496880415946,1978,Medium,Promotional Discount,1200.0
OUT_03941,Western,111.8822,3.9,45.45,0.09393769214208825,1979,Medium,Promotional Discount,1200.0
OUT_07316,Western,790.6031999999998,0.66,54.55,0.09393305346534651,1980,Medium,Promotional Discount,1200.0
OUT_01502,Western,259.3637,2.23,60.61,0.09387778785911378,1981,Medium,Promotional Discount,1200.0
OUT_06359,Western,152.99759999999998,0.99,15.15,0.09378800247678017,1982,Medium,Promotional Discount,1200.0
OUT_03341,Western,553.8789999999999,0.94,54.55,0.09372569936993697,1983,Medium,Promotional Discount,1200.0
OUT_02091,Western,108.5836,3.48,39.39,0.09355556523892052,1984,Medium,Promotional Discount,1200.0
OUT_07793,Western,453.852,0.77,36.36,0.09354016059957174,1985,Medium,Promotional Discount,1200.0
OUT_06411,Western,64.0133,8.56,57.58,0.09353940730624787,1986,Medium,Promotional Discount,1200.0
OUT_03175,Western,184.19089999999997,2.82,54.55,0.0935046513051305,1987,Medium,Promotional Discount,1200.0
OUT_01866,Western,95.8447,4.23,42.42,0.09337242768309537,1988,Medium,Promotional Discount,1200.0
OUT_00020,Western,1447.8656,0.26,39.39,0.09320253924238674,1989,Medium,Promotional Discount,1200.0
OUT_01454,Western,76.99119999999999,5.98,48.48,0.09304918674211804,1990,Medium,Promotional Discount,1200.0
OUT_05947,Western,877.4335000000001,0.46,42.42,0.09295702671579918,1991,Medium,Promotional Discount,1200.0
OUT_04526,Western,504.1881,0.8,42.42,0.09289508982035928,1992,Medium,Promotional Discount,1200.0
OUT_08183,Western,113.7063,2.06,24.24,0.09280308161648179,1993,Medium,Promotional Discount,1200.0
OUT_02266,Western,77.757,3.73,30.3,0.09266249520766773,1994,Medium,Promotional Discount,1200.0
OUT_02660,Western,83.8051,6.81,60.61,0.09263313277065409,1995,Medium,Promotional Discount,1200.0
OUT_01756,Western,217.64200000000002,2.75,63.64,0.09259212561881189,1996,Medium,Promotional Discount,1200.0
OUT_03719,Western,711.9856,0.72,54.55,0.09228256201620162,1997,Medium,Promotional Discount,1200.0
OUT_08370,Western,85.15,1.42,12.12,0.0921592987804878,1998,Medium,Promotional Discount,1200.0
OUT_08270,Western,187.7507,2.28,45.45,0.09215750182992463,1999,Medium,Promotional Discount,1200.0
OUT_00516,Western,105.8042,2.99,33.33,0.0921510509758229,2000,Medium,Promotional Discount,1200.0
OUT_06855,Western,205.28820000000002,1.54,33.33,0.09208966734634433,2001,Medium,Promotional Discount,1200.0
OUT_03334,Western,474.05690000000004,0.96,48.48,0.0919754696847211,2002,Medium,Promotional Discount,1200.0
OUT_00761,Western,200.16910000000001,2.83,60.61,0.09194587777958124,2003,Medium,Promotional Discount,1200.0
OUT_03245,Western,133.3923,3.62,51.52,0.09194214127951257,2004,Medium,Promotional Discount,1200.0
OUT_05131,Western,208.577,1.78,39.39,0.0919205397375588,2005,Medium,Promotional Discount,1200.0
OUT_04500,Western,984.6694,0.49,51.52,0.0918674801980198,2006,Medium,Promotional Discount,1200.0
OUT_05024,Western,183.0326,2.94,57.58,0.09185999385455787,2007,Medium,Promotional Discount,1200.0
OUT_05318,Western,463.5583,0.86,42.42,0.09181486365730078,2008,Medium,Promotional Discount,1200.0
OUT_05119,Western,71.84450000000001,5.16,39.39,0.0917845060658579,2009,Medium,Promotional Discount,1200.0
OUT_01520,Western,548.5971,0.98,57.58,0.09177623045407987,2010,Medium,Promotional Discount,1200.0
OUT_05702,Western,108.5634,4.18,48.48,0.09171281568310427,2011,Medium,Promotional Discount,1200.0
OUT_01682,Western,78.9656,5.74,48.48,0.09160520291026676,2012,Medium,Promotional Discount,1200.0
OUT_03415,Western,624.2452000000001,0.77,51.52,0.09152109748667175,2013,Medium,Promotional Discount,1200.0
OUT_04544,Western,215.0426,1.59,36.36,0.09151973608137046,2014,Medium,Promotional Discount,1200.0
OUT_07787,Western,509.5131,1.16,63.64,0.09143490037128713,2015,Medium,Promotional Discount,1200.0
OUT_08213,Western,95.0596,5.05,51.52,0.09140346153846153,2016,Medium,Promotional Discount,1200.0
OUT_00918,Western,531.7064,0.59,33.33,0.09137977745412178,2017,Medium,Promotional Discount,1200.0
OUT_03126,Western,82.9151,4.45,39.39,0.09135236320871504,2018,Medium,Promotional Discount,1200.0
OUT_08621,Western,119.4175,1.93,24.24,0.09131369849445325,2019,Medium,Promotional Discount,1200.0
OUT_00320,Western,460.91929999999996,0.5,24.24,0.09130730982567353,2020,Medium,Promotional Discount,1200.0
OUT_03884,Western,91.81960000000001,3.11,30.3,0.09123289329073483,2021,Medium,Promotional Discount,1200.0
OUT_05684,Western,178.67110000000002,2.06,39.39,0.09112712701163656,2022,Medium,Promotional Discount,1200.0
OUT_06856,Western,158.47770000000003,2.67,45.45,0.09109482432723359,2023,Medium,Promotional Discount,1200.0
OUT_05365,Western,72.8603,4.67,36.36,0.091075375,2024,Medium,Promotional Discount,1200.0
OUT_01396,Western,475.0806,0.6,30.3,0.09106976357827476,2025,Medium,Promotional Discount,1200.0
OUT_00154,Western,533.431,1.0,57.58,0.09106025947422329,2026,Medium,Promotional Discount,1200.0
OUT_04111,Western,459.618,0.92,45.45,0.09103305920344455,2027,Medium,Promotional Discount,1200.0
OUT_06474,Western,133.8386,4.8,69.7,0.09086637623762377,2028,Medium,Promotional Discount,1200.0
OUT_05840,Western,94.4226,4.47,45.45,0.09086523616792248,2029,Medium,Promotional Discount,1200.0
OUT_02537,Western,97.9976,5.15,54.55,0.09085286048604861,2030,Medium,Promotional Discount,1200.0
OUT_02283,Western,96.1756,4.1,42.42,0.09081528327959465,2031,Medium,Promotional Discount,1200.0
OUT_01313,Western,93.93270000000001,2.44,24.24,0.09080657210776547,2032,Medium,Promotional Discount,1200.0
OUT_03400,Western,256.40599999999995,1.43,39.39,0.09078003961376577,2033,Medium,Promotional Discount,1200.0
OUT_08254,Western,233.19400000000002,1.1,27.27,0.09073696498054476,2034,Medium,Promotional Discount,1200.0
OUT_04552,Western,222.913,2.26,54.55,0.09069007740774077,2035,Medium,Promotional Discount,1200.0
OUT_00746,Western,357.25480000000005,1.41,54.55,0.09068033627362737,2036,Medium,Promotional Discount,1200.0
OUT_08359,Western,97.3868,2.63,27.27,0.09060038344534842,2037,Medium,Promotional Discount,1200.0
OUT_07727,Western,119.8653,3.28,42.42,0.09054771625978811,2038,Medium,Promotional Discount,1200.0
OUT_04602,Western,124.15360000000001,4.49,60.61,0.09048038695017042,2039,Medium,Promotional Discount,1200.0
OUT_00111,Western,439.91900000000004,0.83,39.39,0.0904017751918792,2040,Medium,Promotional Discount,1200.0
OUT_04171,Western,797.0909999999999,0.63,54.55,0.0903991593159316,2041,Medium,Promotional Discount,1200.0
OUT_03099,Western,405.6325,1.17,51.52,0.09036367574257424,2042,Medium,Promotional Discount,1200.0
OUT_06141,Western,99.3807,3.67,39.39,0.09030135404803169,2043,Medium,Promotional Discount,1200.0
OUT_07887,Western,101.184,4.41,48.48,0.09018218270008084,2044,Medium,Promotional Discount,1200.0
OUT_04980,Western,136.9354,2.26,33.33,0.09014681153510049,2045,Medium,Promotional Discount,1200.0
OUT_04819,Western,791.3886,0.46,39.39,0.09013091260212924,2046,Medium,Promotional Discount,1200.0
OUT_05761,Western,190.0626,2.92,60.61,0.09007998571660444,2047,Medium,Promotional Discount,1200.0
OUT_07816,Western,80.0341,3.18,27.27,0.09002774602051644,2048,Medium,Promotional Discount,1200.0
OUT_03161,Western,210.24870000000004,1.34,30.3,0.09001062555910545,2049,Medium,Promotional Discount,1200.0
OUT_04476,Western,247.33619999999996,2.13,57.58,0.08993275964493,2050,Medium,Promotional Discount,1200.0
OUT_03515,Western,92.6038,3.33,33.33,0.08982541625400527,2051,Medium,Promotional Discount,1200.0
OUT_03899,Western,212.0795,1.58,36.36,0.0896910091006424,2052,Medium,Promotional Discount,1200.0
OUT_04340,Western,93.38640000000001,4.17,42.42,0.08968707692307692,2053,Medium,Promotional Discount,1200.0
OUT_07080,Western,683.7868999999998,0.49,36.36,0.08968297135974301,2054,Medium,Promotional Discount,1200.0
OUT_01028,Western,127.063,2.85,39.39,0.0896582198564001,2055,Medium,Promotional Discount,1200.0
OUT_06497,Western,96.1548,5.74,60.61,0.08958424801168641,2056,Medium,Promotional Discount,1200.0
OUT_06448,Western,73.7146,7.47,60.61,0.08937640999837689,2057,Medium,Promotional Discount,1200.0
OUT_02927,Western,73.7818,7.83,63.64,0.08937368409653465,2058,Medium,Promotional Discount,1200.0
OUT_04962,Western,699.1108000000002,0.71,54.55,0.08935529576957697,2059,Medium,Promotional Discount,1200.0
OUT_03263,Western,77.9665,4.97,42.42,0.08924309189313678,2060,Medium,Promotional Discount,1200.0
OUT_08995,Western,812.8821000000003,0.41,36.36,0.08920815337259103,2061,Medium,Promotional Discount,1200.0
OUT_02153,Western,87.9126,3.79,36.36,0.0891832853319058,2062,Medium,Promotional Discount,1200.0
OUT_00462,Western,118.1577,3.96,51.52,0.08909072581873571,2063,Medium,Promotional Discount,1200.0
OUT_00879,Western,164.531,2.35,42.42,0.08904833026255181,2064,Medium,Promotional Discount,1200.0
OUT_06883,Western,103.2428,4.79,54.55,0.08902484464446445,2065,Medium,Promotional Discount,1200.0
OUT_01987,Western,87.21719999999999,4.12,39.39,0.08896629462738302,2066,Medium,Promotional Discount,1200.0
OUT_04361,Western,228.52829999999997,1.1,27.27,0.08892151750972761,2067,Medium,Promotional Discount,1200.0
OUT_07452,Western,133.87290000000002,2.48,36.36,0.08886637901498931,2068,Medium,Promotional Discount,1200.0
OUT_02576,Western,820.8214,0.47,42.42,0.08884985214187009,2069,Medium,Promotional Discount,1200.0
OUT_05605,Western,100.4463,3.84,42.42,0.08883320865960385,2070,Medium,Promotional Discount,1200.0
OUT_07934,Western,119.87929999999999,4.34,57.58,0.0888146401502219,2071,Medium,Promotional Discount,1200.0
OUT_06851,Western,216.0938,1.16,27.27,0.08866954651574105,2072,Medium,Promotional Discount,1200.0
OUT_07517,Western,85.9896,5.39,51.52,0.08824903731911651,2073,Medium,Promotional Discount,1200.0
OUT_08294,Western,189.77769999999998,2.44,51.52,0.08816785757806549,2074,Medium,Promotional Discount,1200.0
OUT_02124,Western,265.9021,2.04,60.61,0.08804419477357572,2075,Medium,Promotional Discount,1200.0
OUT_04138,Western,119.9015,2.52,33.33,0.08801391785610253,2076,Medium,Promotional Discount,1200.0
OUT_00283,Western,483.41519999999997,0.68,36.36,0.0879877773019272,2077,Medium,Promotional Discount,1200.0
OUT_04256,Western,220.2346,1.25,30.3,0.08795311501597444,2078,Medium,Promotional Discount,1200.0
OUT_03892,Western,106.64399999999999,4.08,48.48,0.08793603880355699,2079,Medium,Promotional Discount,1200.0
OUT_07075,Western,84.8966,5.44,51.52,0.0879355491241432,2080,Medium,Promotional Discount,1200.0
OUT_08340,Western,245.24510000000004,1.99,54.55,0.08785558037803783,2081,Medium,Promotional Discount,1200.0
OUT_00224,Western,490.23519999999996,0.83,45.45,0.08759853950484389,2082,Medium,Promotional Discount,1200.0
OUT_03048,Western,191.9486,1.98,42.42,0.08753068355596498,2083,Medium,Promotional Discount,1200.0
OUT_07083,Western,114.83770000000001,3.77,48.48,0.08749760084882782,2084,Medium,Promotional Discount,1200.0
OUT_05472,Western,82.91399999999999,5.86,54.55,0.08746643384338433,2085,Medium,Promotional Discount,1200.0
OUT_08781,Western,238.27949999999998,1.48,39.39,0.0873121218123298,2086,Medium,Promotional Discount,1200.0
OUT_07544,Western,63.051300000000005,6.43,45.45,0.08728091689989236,2087,Medium,Promotional Discount,1200.0
OUT_02674,Western,66.2441,5.32,39.39,0.08725392720970539,2088,Medium,Promotional Discount,1200.0
OUT_04746,Western,449.2592,0.49,24.24,0.08721751505546753,2089,Medium,Promotional Discount,1200.0
OUT_07096,Western,172.9486,2.8,54.55,0.08717481188118811,2090,Medium,Promotional Discount,1200.0
OUT_00326,Western,525.8521000000001,0.82,48.48,0.08714606345998382,2091,Medium,Promotional Discount,1200.0
OUT_04854,Western,434.66390000000007,0.99,48.48,0.08696791855295069,2092,Medium,Promotional Discount,1200.0
OUT_06060,Western,87.4807,3.71,36.36,0.08687189427194861,2093,Medium,Promotional Discount,1200.0
OUT_07709,Western,189.69300000000004,2.82,60.61,0.0868258821619867,2094,Medium,Promotional Discount,1200.0
OUT_03753,Western,79.2597,4.75,42.42,0.0867074101796407,2095,Medium,Promotional Discount,1200.0
OUT_04167,Western,68.6593,5.1,39.39,0.0866953280514979,2096,Medium,Promotional Discount,1200.0
OUT_00683,Western,278.5373,1.54,48.48,0.0866910755860954,2097,Medium,Promotional Discount,1200.0
OUT_03442,Western,140.5936,2.49,39.39,0.08667444020797228,2098,Medium,Promotional Discount,1200.0
OUT_08073,Western,90.2688,2.71,27.27,0.08653287866996816,2099,Medium,Promotional Discount,1200.0
OUT_03586,Western,121.5616,3.09,42.42,0.08650975218793182,2100,Medium,Promotional Discount,1200.0
OUT_03242,Western,416.7029,1.09,51.52,0.08648251351865956,2101,Medium,Promotional Discount,1200.0
OUT_04364,Western,77.0858,4.87,42.42,0.08645966052510363,2102,Medium,Promotional Discount,1200.0
OUT_08364,Western,91.7584,4.09,42.42,0.08643294702901887,2103,Medium,Promotional Discount,1200.0
OUT_01415,Western,76.09939999999999,4.93,42.42,0.08640489221556884,2104,Medium,Promotional Discount,1200.0
OUT_00247,Western,568.6142,0.98,63.64,0.08620697957920792,2105,Medium,Promotional Discount,1200.0
OUT_06128,Western,227.5234,1.3,33.33,0.08615800174774252,2106,Medium,Promotional Discount,1200.0
OUT_06525,Western,87.8924,3.36,33.33,0.08602343839207689,2107,Medium,Promotional Discount,1200.0
OUT_08629,Western,98.8334,3.25,36.36,0.0859765926124197,2108,Medium,Promotional Discount,1200.0
OUT_04159,Western,107.06880000000001,3.48,42.42,0.08581285674804237,2109,Medium,Promotional Discount,1200.0
OUT_03305,Western,141.3625,1.9,30.3,0.08581110223642173,2110,Medium,Promotional Discount,1200.0
OUT_06957,Western,115.19749999999999,2.1,27.27,0.08557295719844357,2111,Medium,Promotional Discount,1200.0
OUT_01808,Western,155.45110000000003,2.39,42.42,0.08556612828189776,2112,Medium,Promotional Discount,1200.0
OUT_06905,Western,215.95449999999997,1.72,42.42,0.08554623215108244,2113,Medium,Promotional Discount,1200.0
OUT_00687,Western,409.7407,0.59,27.27,0.08551362327555712,2114,Medium,Promotional Discount,1200.0
OUT_00360,Western,483.28139999999996,1.14,63.64,0.08523217759900989,2115,Medium,Promotional Discount,1200.0
OUT_03785,Western,118.45909999999999,3.34,45.45,0.08517834101184067,2116,Medium,Promotional Discount,1200.0
OUT_08160,Western,434.48249999999996,0.97,48.48,0.08517542946645108,2117,Medium,Promotional Discount,1200.0
OUT_05652,Western,168.51170000000002,2.04,39.39,0.0851111334488735,2118,Medium,Promotional Discount,1200.0
OUT_02742,Western,67.1972,3.58,27.27,0.08509585284754155,2119,Medium,Promotional Discount,1200.0
OUT_08356,Western,257.1359,2.64,78.79,0.08507817721518987,2120,Medium,Promotional Discount,1200.0
OUT_02782,Western,536.8453,0.64,39.39,0.08506585590492696,2121,Medium,Promotional Discount,1200.0
OUT_08166,Western,132.642,1.23,18.18,0.08506238790406673,2122,Medium,Promotional Discount,1200.0
OUT_03367,Western,227.63939999999997,1.62,42.42,0.08493224965453708,2123,Medium,Promotional Discount,1200.0
OUT_00676,Western,153.90709999999999,2.72,48.48,0.08460535812449474,2124,Medium,Promotional Discount,1200.0
OUT_06173,Western,77.2688,6.08,54.55,0.08457143186318633,2125,Medium,Promotional Discount,1200.0
OUT_01421,Western,79.78699999999999,3.96,36.36,0.08457080299785866,2126,Medium,Promotional Discount,1200.0
OUT_08817,Western,174.53660000000002,1.81,36.36,0.08455868468950752,2127,Medium,Promotional Discount,1200.0
OUT_00558,Western,82.4608,4.76,45.45,0.08450234833153927,2128,Medium,Promotional Discount,1200.0
OUT_05594,Western,179.46120000000002,2.9,60.61,0.08447289076448629,2129,Medium,Promotional Discount,1200.0
OUT_00385,Western,549.7627,0.9,57.58,0.08446337145783545,2130,Medium,Promotional Discount,1200.0
OUT_01668,Western,96.7464,4.31,48.48,0.08427182376717865,2131,Medium,Promotional Discount,1200.0
OUT_01783,Western,115.1129,2.29,30.3,0.08421998115015973,2132,Medium,Promotional Discount,1200.0
OUT_03015,Western,266.1019,1.47,45.45,0.08421308783638319,2133,Medium,Promotional Discount,1200.0
OUT_05139,Western,82.66319999999999,4.73,45.45,0.08417587427341226,2134,Medium,Promotional Discount,1200.0
OUT_05766,Western,73.80080000000001,5.99,51.52,0.08417113328255903,2135,Medium,Promotional Discount,1200.0
OUT_06951,Western,87.8678,5.61,57.58,0.08414789313758964,2136,Medium,Promotional Discount,1200.0
OUT_03836,Western,107.51069999999999,4.82,60.61,0.0841099779256614,2137,Medium,Promotional Discount,1200.0
OUT_05755,Western,72.1709,5.41,45.45,0.08405695780409042,2138,Medium,Promotional Discount,1200.0
OUT_06794,Western,68.9151,6.02,48.48,0.08384577647534355,2139,Medium,Promotional Discount,1200.0
OUT_03122,Western,117.0223,3.11,42.42,0.08381836780285583,2140,Medium,Promotional Discount,1200.0
OUT_01717,Western,118.04460000000002,3.51,48.48,0.08373818633791433,2141,Medium,Promotional Discount,1200.0
OUT_03014,Western,169.8254,2.14,42.42,0.08370022017503455,2142,Medium,Promotional Discount,1200.0
OUT_01050,Western,105.60159999999999,2.24,27.27,0.0836744195259993,2143,Medium,Promotional Discount,1200.0
OUT_01542,Western,99.37079999999999,2.89,33.33,0.08365325138362949,2144,Medium,Promotional Discount,1200.0
OUT_03387,Western,430.5898,1.02,51.52,0.0836255894897182,2145,Medium,Promotional Discount,1200.0
OUT_01688,Western,124.2366,3.33,48.48,0.08361113136620858,2146,Medium,Promotional Discount,1200.0
OUT_03995,Western,103.7946,2.52,30.3,0.08356625942492013,2147,Medium,Promotional Discount,1200.0
OUT_03654,Western,92.7326,2.82,30.3,0.08354822108626199,2148,Medium,Promotional Discount,1200.0
OUT_06063,Western,223.4576,1.85,48.48,0.08354821341956348,2149,Medium,Promotional Discount,1200.0
OUT_01715,Western,195.75929999999997,1.98,45.45,0.08344529903121634,2150,Medium,Promotional Discount,1200.0
OUT_01901,Western,794.8164999999999,0.55,51.52,0.08323478198781416,2151,Medium,Promotional Discount,1200.0
OUT_00299,Western,510.5151,0.51,30.3,0.08318297156549521,2152,Medium,Promotional Discount,1200.0
OUT_06241,Western,94.49589999999999,5.68,63.64,0.08303476361386138,2153,Medium,Promotional Discount,1200.0
OUT_01267,Western,399.29069999999996,1.28,60.61,0.08295602921603634,2154,Medium,Promotional Discount,1200.0
OUT_06725,Western,575.1187,0.67,45.45,0.08295576512378902,2155,Medium,Promotional Discount,1200.0
OUT_04335,Western,413.9937,0.87,42.42,0.08295129410409947,2156,Medium,Promotional Discount,1200.0
OUT_03158,Western,77.87180000000001,3.33,30.3,0.0828476338658147,2157,Medium,Promotional Discount,1200.0
OUT_06465,Western,155.0249,0.7,12.12,0.08271145579268291,2158,Medium,Promotional Discount,1200.0
OUT_01335,Western,70.8482,7.19,60.61,0.08268114883947413,2159,Medium,Promotional Discount,1200.0
OUT_08128,Western,586.0962,1.04,72.73,0.08267191753695917,2160,Medium,Promotional Discount,1200.0
OUT_08180,Western,101.63909999999998,3.53,42.42,0.08263151151543065,2161,Medium,Promotional Discount,1200.0
OUT_08765,Western,95.549,2.18,24.24,0.08252647385103014,2162,Medium,Promotional Discount,1200.0
OUT_00034,Western,1041.3392,0.32,39.39,0.08250273434018321,2163,Medium,Promotional Discount,1200.0
OUT_03875,Western,170.8547,1.95,39.39,0.08248741396385245,2164,Medium,Promotional Discount,1200.0
OUT_07750,Western,222.94570000000002,1.27,33.33,0.08247627119137782,2165,Medium,Promotional Discount,1200.0
OUT_01406,Western,72.7642,4.92,42.42,0.082450452326117,2166,Medium,Promotional Discount,1200.0
OUT_07306,Western,128.46529999999998,3.56,54.55,0.08232879711971196,2167,Medium,Promotional Discount,1200.0
OUT_06258,Western,67.0326,5.33,42.42,0.08228552694610779,2168,Medium,Promotional Discount,1200.0
OUT_08082,Western,153.455,3.14,57.58,0.08225481392966885,2169,Medium,Promotional Discount,1200.0
OUT_08375,Western,94.348,2.2,24.24,0.08223676703645011,2170,Medium,Promotional Discount,1200.0
OUT_06159,Western,876.5317999999997,0.35,36.36,0.08211620182012845,2171,Medium,Promotional Discount,1200.0
OUT_07511,Western,90.1831,4.22,45.45,0.08193168611410116,2172,Medium,Promotional Discount,1200.0
OUT_06347,Western,149.73970000000003,2.54,45.45,0.08188134294940796,2173,Medium,Promotional Discount,1200.0
OUT_02632,Western,171.4474,2.94,60.61,0.08181388670670345,2174,Medium,Promotional Discount,1200.0
OUT_01553,Western,165.0367,2.15,42.42,0.081720153155228,2175,Medium,Promotional Discount,1200.0
OUT_01199,Western,119.22440000000002,4.43,63.64,0.08170855383663368,2176,Medium,Promotional Discount,1200.0
OUT_05222,Western,549.9636,0.69,45.45,0.08169534639397201,2177,Medium,Promotional Discount,1200.0
OUT_04036,Western,71.80709999999999,4.25,36.36,0.08168634234475373,2178,Medium,Promotional Discount,1200.0
OUT_02081,Western,78.279,6.74,63.64,0.08162135829207921,2179,Medium,Promotional Discount,1200.0
OUT_08943,Western,97.0515,5.18,60.61,0.08159824216847915,2180,Medium,Promotional Discount,1200.0
OUT_03078,Western,671.8946000000001,0.49,39.39,0.0815123431542461,2181,Medium,Promotional Discount,1200.0
OUT_04703,Western,459.4839,0.77,42.42,0.08148378696453247,2182,Medium,Promotional Discount,1200.0
OUT_00147,Western,484.9544,0.78,45.45,0.08143475392895587,2183,Medium,Promotional Discount,1200.0
OUT_07785,Western,248.67819999999998,1.32,39.39,0.08127140975488982,2184,Medium,Promotional Discount,1200.0
OUT_06302,Western,96.40310000000001,4.68,54.55,0.08121809324932494,2185,Medium,Promotional Discount,1200.0
OUT_07065,Western,529.9830999999999,0.85,54.55,0.08109552385238523,2186,Medium,Promotional Discount,1200.0
OUT_02551,Western,66.1538,7.91,63.64,0.08095243780940595,2187,Medium,Promotional Discount,1200.0
OUT_01420,Western,471.9937,1.16,66.67,0.08090922003842174,2188,Medium,Promotional Discount,1200.0
OUT_04615,Western,516.7833,0.49,30.3,0.08090217795527158,2189,Medium,Promotional Discount,1200.0
OUT_08728,Western,233.1983,1.82,51.52,0.08081129207920792,2190,Medium,Promotional Discount,1200.0
OUT_04184,Western,106.6779,2.83,36.36,0.08080793816916489,2191,Medium,Promotional Discount,1200.0
OUT_04240,Western,101.9854,5.11,63.64,0.08062274040841584,2192,Medium,Promotional Discount,1200.0
OUT_04060,Western,170.35320000000002,1.91,39.39,0.08055821044813073,2193,Medium,Promotional Discount,1200.0
OUT_06382,Western,328.5776,0.99,39.39,0.08053771329537014,2194,Medium,Promotional Discount,1200.0
OUT_08139,Western,176.095,1.43,30.3,0.0804523482428115,2195,Medium,Promotional Discount,1200.0
OUT_08914,Western,541.5911,0.69,45.45,0.08045163810548976,2196,Medium,Promotional Discount,1200.0
OUT_02705,Western,97.9015,3.07,36.36,0.08044903774089936,2197,Medium,Promotional Discount,1200.0
OUT_07962,Western,147.0992,1.38,24.24,0.08042666244057052,2198,Medium,Promotional Discount,1200.0
OUT_06051,Western,75.56840000000001,6.55,60.61,0.08033972082454148,2199,Medium,Promotional Discount,1200.0
OUT_08154,Western,154.50979999999998,2.1,39.39,0.08033438474870017,2200,Medium,Promotional Discount,1200.0
OUT_00983,Western,69.7456,7.08,60.61,0.08014913942541795,2201,Medium,Promotional Discount,1200.0
OUT_05531,Western,92.122,4.83,54.55,0.08009887668766877,2202,Medium,Promotional Discount,1200.0
OUT_04262,Western,68.9732,5.74,48.48,0.08001337267582863,2203,Medium,Promotional Discount,1200.0
OUT_06648,Western,446.8138,0.94,51.52,0.07997048210205634,2204,Medium,Promotional Discount,1200.0
OUT_08245,Western,79.5247,6.19,60.61,0.07989902499594222,2205,Medium,Promotional Discount,1200.0
OUT_04587,Western,113.1856,3.06,42.42,0.07976691294334408,2206,Medium,Promotional Discount,1200.0
OUT_01135,Western,576.8986000000001,0.6,42.42,0.07971883003224321,2207,Medium,Promotional Discount,1200.0
OUT_02533,Western,112.5505,2.86,39.39,0.07969656598167864,2208,Medium,Promotional Discount,1200.0
OUT_01610,Western,179.8363,2.73,60.61,0.07968724216847914,2209,Medium,Promotional Discount,1200.0
OUT_00118,Western,544.8519000000001,0.59,39.39,0.0795896561029958,2210,Medium,Promotional Discount,1200.0
OUT_01211,Western,198.54969999999997,0.89,21.21,0.0795629144529491,2211,Medium,Promotional Discount,1200.0
OUT_04754,Western,236.87749999999997,1.56,45.45,0.07955412271259418,2212,Medium,Promotional Discount,1200.0
OUT_08998,Western,210.2246,1.64,42.42,0.0794031192998618,2213,Medium,Promotional Discount,1200.0
OUT_02232,Western,75.1644,4.26,39.39,0.07927713394404555,2214,Medium,Promotional Discount,1200.0
OUT_05806,Western,227.81,1.72,48.48,0.07919021827000808,2215,Medium,Promotional Discount,1200.0
OUT_08857,Western,162.55259999999998,1.82,36.36,0.07918782976445396,2216,Medium,Promotional Discount,1200.0
OUT_05711,Western,425.83430000000004,0.92,48.48,0.07917695149555376,2217,Medium,Promotional Discount,1200.0
OUT_03930,Western,159.168,2.76,54.55,0.07908257065706571,2218,Medium,Promotional Discount,1200.0
OUT_06759,Western,107.0289,3.43,45.45,0.079033181270183,2219,Medium,Promotional Discount,1200.0
OUT_04190,Western,482.24629999999996,0.76,45.45,0.0789035926803014,2220,Medium,Promotional Discount,1200.0
OUT_03192,Western,66.7622,4.77,39.39,0.07884518296608072,2221,Medium,Promotional Discount,1200.0
OUT_03801,Western,122.80709999999999,3.94,60.61,0.07853594773575717,2222,Medium,Promotional Discount,1200.0
OUT_07254,Western,99.5983,3.18,39.39,0.07841609160683338,2223,Medium,Promotional Discount,1200.0
OUT_05780,Western,96.0677,3.54,42.42,0.07832327452786735,2224,Medium,Promotional Discount,1200.0
OUT_02005,Western,134.3129,2.53,42.42,0.07826154698295716,2225,Medium,Promotional Discount,1200.0
OUT_00096,Western,566.3086,0.6,42.42,0.0782554491017964,2226,Medium,Promotional Discount,1200.0
OUT_02569,Western,102.48,2.62,33.33,0.07821077774541219,2227,Medium,Promotional Discount,1200.0
OUT_00852,Western,252.618,1.25,39.39,0.0781808615994058,2228,Medium,Promotional Discount,1200.0
OUT_07521,Western,83.9973,5.45,57.58,0.0781470271423694,2229,Medium,Promotional Discount,1200.0
OUT_02731,Western,266.79769999999996,0.65,21.21,0.07808127194957226,2230,Medium,Promotional Discount,1200.0
OUT_08231,Western,691.3125,0.73,63.64,0.0780721109220297,2231,Medium,Promotional Discount,1200.0
OUT_03061,Western,512.8926,0.89,57.58,0.07792325264595425,2232,Medium,Promotional Discount,1200.0
OUT_03519,Western,488.67640000000006,0.74,45.45,0.07785156856835307,2233,Medium,Promotional Discount,1200.0
OUT_08952,Western,82.053,4.98,51.52,0.07780349200304645,2234,Medium,Promotional Discount,1200.0
OUT_06873,Western,82.9934,4.07,42.42,0.07779436619069553,2235,Medium,Promotional Discount,1200.0
OUT_05038,Western,83.0498,3.21,33.33,0.07765507078357121,2236,Medium,Promotional Discount,1200.0
OUT_01180,Western,180.99569999999997,1.99,45.45,0.07754175306781484,2237,Medium,Promotional Discount,1200.0
OUT_01168,Western,116.53970000000001,2.68,39.39,0.07732765436989356,2238,Medium,Promotional Discount,1200.0
OUT_04898,Western,516.6115,0.83,54.55,0.07718947704770476,2239,Medium,Promotional Discount,1200.0
OUT_03390,Western,74.8972,5.41,51.52,0.0771503907083016,2240,Medium,Promotional Discount,1200.0
OUT_01286,Western,106.3362,2.49,33.33,0.07712704281969125,2241,Medium,Promotional Discount,1200.0
OUT_03508,Western,470.1556,1.01,60.61,0.07707468852459015,2242,Medium,Promotional Discount,1200.0
OUT_08942,Western,98.8888,3.62,45.45,0.07706726716899893,2243,Medium,Promotional Discount,1200.0
OUT_04955,Western,64.8137,5.87,48.48,0.07689094967663702,2244,Medium,Promotional Discount,1200.0
OUT_05512,Western,211.38309999999998,1.91,51.52,0.0768738996572734,2245,Medium,Promotional Discount,1200.0
OUT_05824,Western,537.9266,1.01,69.7,0.07684665714285713,2246,Medium,Promotional Discount,1200.0
OUT_00313,Western,537.9012,0.88,60.61,0.07683055607855867,2247,Medium,Promotional Discount,1200.0
OUT_04509,Western,533.4294,0.8,54.55,0.07682151575157517,2248,Medium,Promotional Discount,1200.0
OUT_04412,Western,91.1377,4.68,54.55,0.07678207668766876,2249,Medium,Promotional Discount,1200.0
OUT_00315,Western,480.1543,0.79,48.48,0.07666166067097818,2250,Medium,Promotional Discount,1200.0
OUT_06825,Western,179.8419,1.85,42.42,0.07662540649470291,2251,Low,Light Merchandising,500.0
OUT_08072,Western,198.1618,2.03,51.52,0.07659338423457729,2252,Low,Light Merchandising,500.0
OUT_05014,Western,222.39239999999995,2.12,60.61,0.07652522123031973,2253,Low,Light Merchandising,500.0
OUT_08985,Western,78.01910000000001,4.85,48.48,0.07647385509296686,2254,Low,Light Merchandising,500.0
OUT_02998,Western,86.1507,4.39,48.48,0.07643524110751818,2255,Low,Light Merchandising,500.0
OUT_06318,Western,85.1092,4.44,48.48,0.07637123039611965,2256,Low,Light Merchandising,500.0
OUT_06569,Western,120.47049999999999,1.6,24.24,0.07636798732171157,2257,Low,Light Merchandising,500.0
OUT_02420,Western,73.0522,5.49,51.52,0.07636263861386139,2258,Low,Light Merchandising,500.0
OUT_07641,Western,169.0537,1.96,42.42,0.07631166559189313,2259,Low,Light Merchandising,500.0
OUT_02623,Western,77.414,6.36,63.64,0.07616847772277228,2260,Low,Light Merchandising,500.0
OUT_03914,Western,91.1146,4.89,57.58,0.07605844895868896,2261,Low,Light Merchandising,500.0
OUT_03423,Western,538.0845,1.04,72.73,0.07589961752339618,2262,Low,Light Merchandising,500.0
OUT_02597,Western,450.00820000000004,1.09,63.64,0.0758831896658416,2263,Low,Light Merchandising,500.0
OUT_07074,Western,105.7987,2.46,33.33,0.0758126425866589,2264,Low,Light Merchandising,500.0
OUT_03144,Western,96.9581,2.92,36.36,0.07578095610278374,2265,Low,Light Merchandising,500.0
OUT_03002,Western,306.9907,1.22,48.48,0.0756929373484236,2266,Low,Light Merchandising,500.0
OUT_08926,Western,135.22899999999998,2.43,42.42,0.07568090050667894,2267,Low,Light Merchandising,500.0
OUT_04906,Western,126.8562,3.13,51.52,0.07560165765422695,2268,Low,Light Merchandising,500.0
OUT_08101,Western,95.0107,2.73,33.33,0.07555467841538015,2269,Low,Light Merchandising,500.0
OUT_04201,Western,116.69839999999999,2.81,42.42,0.07552337724550898,2270,Low,Light Merchandising,500.0
OUT_00495,Western,80.21770000000001,6.37,66.67,0.07551156332200384,2271,Low,Light Merchandising,500.0
OUT_03012,Western,84.9757,2.24,24.24,0.07541425039619654,2272,Low,Light Merchandising,500.0
OUT_04334,Western,272.7563,1.2,42.42,0.07538175034546292,2273,Low,Light Merchandising,500.0
OUT_04787,Western,105.5682,2.45,33.33,0.07533996213224586,2274,Low,Light Merchandising,500.0
OUT_08147,Western,78.75639999999999,3.57,36.36,0.07525705246252674,2275,Low,Light Merchandising,500.0
OUT_02844,Western,95.32400000000001,2.71,33.33,0.0752484823769298,2276,Low,Light Merchandising,500.0
OUT_02193,Western,254.78819999999996,1.64,54.55,0.07522099873987396,2277,Low,Light Merchandising,500.0
OUT_01119,Western,108.50139999999999,2.38,33.33,0.07522089484415961,2278,Low,Light Merchandising,500.0
OUT_01359,Western,83.6933,3.35,36.36,0.07504618709850107,2279,Low,Light Merchandising,500.0
OUT_05409,Western,194.33620000000002,1.91,48.48,0.07501660105092967,2280,Low,Light Merchandising,500.0
OUT_06452,Western,90.4387,3.6,42.42,0.07498372178719484,2281,Low,Light Merchandising,500.0
OUT_07142,Western,96.6404,4.31,54.55,0.0749811204320432,2282,Low,Light Merchandising,500.0
OUT_08544,Western,477.06929999999994,0.73,45.45,0.07497536899892356,2283,Low,Light Merchandising,500.0
OUT_06188,Western,105.7184,2.86,39.39,0.0748587828670463,2284,Low,Light Merchandising,500.0
OUT_03913,Western,125.96960000000001,2.22,36.36,0.07485345610278374,2285,Low,Light Merchandising,500.0
OUT_02215,Western,279.56399999999996,1.08,39.39,0.07475343401832137,2286,Low,Light Merchandising,500.0
OUT_01362,Western,775.4532999999999,0.36,36.36,0.07472248072805139,2287,Low,Light Merchandising,500.0
OUT_04366,Western,93.3938,4.44,54.55,0.07464778973897392,2288,Low,Light Merchandising,500.0
OUT_04766,Western,285.60990000000004,1.53,57.58,0.07459596227381361,2289,Low,Light Merchandising,500.0
OUT_06467,Western,163.087,3.23,69.7,0.07450792220650637,2290,Low,Light Merchandising,500.0
OUT_02724,Western,76.71979999999999,5.68,57.58,0.074388607715944,2291,Low,Light Merchandising,500.0
OUT_06044,Western,798.0464999999999,0.63,66.67,0.07429722107285354,2292,Low,Light Merchandising,500.0
OUT_05238,Western,91.8297,4.98,60.61,0.07422689595844831,2293,Low,Light Merchandising,500.0
OUT_05704,Western,87.0565,3.44,39.39,0.07414566972022778,2294,Low,Light Merchandising,500.0
OUT_06084,Western,81.7021,3.39,36.36,0.07413547082441115,2295,Low,Light Merchandising,500.0
OUT_05084,Western,179.21300000000002,1.42,33.33,0.07412830177687155,2296,Low,Light Merchandising,500.0
OUT_00930,Western,247.0718,1.12,36.36,0.07406863383297646,2297,Low,Light Merchandising,500.0
OUT_04330,Western,224.49309999999997,1.23,36.36,0.07390966622055674,2298,Low,Light Merchandising,500.0
OUT_08171,Western,122.787,2.43,39.39,0.07387284228769499,2299,Low,Light Merchandising,500.0
OUT_01389,Western,560.2905999999999,0.77,57.58,0.07364693786275178,2300,Low,Light Merchandising,500.0
OUT_01648,Western,107.44220000000001,2.35,33.33,0.07354767550247598,2301,Low,Light Merchandising,500.0
OUT_05978,Western,224.7044,1.52,45.45,0.07353082626480084,2302,Low,Light Merchandising,500.0
OUT_01999,Western,523.6116,0.78,54.55,0.07352242088208821,2303,Low,Light Merchandising,500.0
OUT_07207,Western,159.6724,1.72,36.36,0.07351084796573876,2304,Low,Light Merchandising,500.0
OUT_06533,Western,101.2045,2.27,30.3,0.07339751277955271,2305,Low,Light Merchandising,500.0
OUT_03613,Western,109.79850000000002,2.9,42.42,0.07333386688162137,2306,Low,Light Merchandising,500.0
OUT_05781,Western,97.4233,3.04,39.39,0.07332677197326071,2307,Low,Light Merchandising,500.0
OUT_01839,Western,171.2928,0.95,21.21,0.07326796938316073,2308,Low,Light Merchandising,500.0
OUT_00549,Western,63.5757,6.39,54.55,0.07313208334833482,2309,Low,Light Merchandising,500.0
OUT_03199,Western,188.22390000000001,1.45,36.36,0.07305263784796574,2310,Low,Light Merchandising,500.0
OUT_05306,Western,114.82159999999999,1.99,30.3,0.07300159233226837,2311,Low,Light Merchandising,500.0
OUT_06998,Western,73.3336,4.02,39.39,0.0729886288685318,2312,Low,Light Merchandising,500.0
OUT_03038,Western,355.4001,0.89,42.42,0.0728480168125288,2313,Low,Light Merchandising,500.0
OUT_01796,Western,82.0488,4.66,51.52,0.07280034424980959,2314,Low,Light Merchandising,500.0
OUT_01114,Western,97.13329999999999,3.25,42.42,0.07270456586826347,2315,Low,Light Merchandising,500.0
OUT_02496,Western,187.17019999999997,2.04,51.52,0.07270129626808833,2316,Low,Light Merchandising,500.0
OUT_00485,Western,243.34339999999997,1.84,60.61,0.07267519168966075,2317,Low,Light Merchandising,500.0
OUT_06609,Western,262.7937,0.53,18.18,0.0726176543274244,2318,Low,Light Merchandising,500.0
OUT_00890,Western,248.9267,1.62,54.55,0.07259428514851486,2319,Low,Light Merchandising,500.0
OUT_04432,Western,202.1898,1.45,39.39,0.07258608814062886,2320,Low,Light Merchandising,500.0
OUT_08753,Western,410.0475,1.09,60.61,0.0725453294919656,2321,Low,Light Merchandising,500.0
OUT_01072,Western,202.70569999999998,1.77,48.48,0.07251194199676636,2322,Low,Light Merchandising,500.0
OUT_04045,Western,234.10770000000002,1.72,54.55,0.07248699261926193,2323,Low,Light Merchandising,500.0
OUT_04902,Western,83.4749,3.77,42.42,0.07247820658682634,2324,Low,Light Merchandising,500.0
OUT_06056,Western,99.4231,4.93,66.67,0.07243326185902171,2325,Low,Light Merchandising,500.0
OUT_05747,Western,104.4431,1.54,21.21,0.07241889869428185,2326,Low,Light Merchandising,500.0
OUT_08862,Western,117.07169999999999,3.06,48.48,0.07240084923201294,2327,Low,Light Merchandising,500.0
OUT_05160,Western,92.0819,3.89,48.48,0.07239260125303154,2328,Low,Light Merchandising,500.0
OUT_07423,Western,235.396,1.52,48.48,0.07231243330638641,2329,Low,Light Merchandising,500.0
OUT_08528,Western,59.0728,3.46,27.27,0.07229992500884329,2330,Low,Light Merchandising,500.0
OUT_04521,Western,60.4423,4.83,39.39,0.07227935355285964,2331,Low,Light Merchandising,500.0
OUT_06430,Western,186.02480000000003,1.8,45.45,0.07208711302475782,2332,Low,Light Merchandising,500.0
OUT_02410,Western,117.74189999999999,3.4,54.55,0.0720652493249325,2333,Low,Light Merchandising,500.0
OUT_03058,Western,88.543,3.04,36.36,0.07204783725910065,2334,Low,Light Merchandising,500.0
OUT_00138,Western,500.2487,0.8,54.55,0.07204301710171017,2335,Low,Light Merchandising,500.0
OUT_07670,Western,92.1661,3.63,45.45,0.07202646781485467,2336,Low,Light Merchandising,500.0
OUT_05039,Western,97.5896,2.53,33.33,0.07192009554325662,2337,Low,Light Merchandising,500.0
OUT_03385,Western,76.43130000000001,4.37,45.45,0.07190630376749194,2338,Low,Light Merchandising,500.0
OUT_03980,Western,589.4427000000001,0.75,60.61,0.07175491397500405,2339,Low,Light Merchandising,500.0
OUT_02237,Western,89.1842,2.03,24.24,0.07172897226624406,2340,Low,Light Merchandising,500.0
OUT_00036,Western,1076.1599999999999,0.35,51.52,0.0717166793602437,2341,Low,Light Merchandising,500.0
OUT_07280,Western,185.6349,1.91,48.48,0.07165777263540823,2342,Low,Light Merchandising,500.0
OUT_06275,Western,221.23359999999997,1.6,48.48,0.07153875505254648,2343,Low,Light Merchandising,500.0
OUT_06745,Western,176.7991,2.37,57.58,0.07152848531922158,2344,Low,Light Merchandising,500.0
OUT_05312,Western,69.9496,5.68,54.55,0.07152362340234024,2345,Low,Light Merchandising,500.0
OUT_03326,Western,86.84970000000001,6.32,75.76,0.07150730901511206,2346,Low,Light Merchandising,500.0
OUT_05405,Western,172.8082,2.17,51.52,0.07140018926123382,2347,Low,Light Merchandising,500.0
OUT_06679,Western,185.55669999999998,2.02,51.52,0.07136796153846153,2348,Low,Light Merchandising,500.0
OUT_01700,Western,70.28819999999999,5.33,51.52,0.07133208415841583,2349,Low,Light Merchandising,500.0
OUT_02437,Western,734.3099,0.48,48.48,0.07123459013742926,2350,Low,Light Merchandising,500.0
OUT_07674,Western,461.79830000000004,1.09,69.7,0.07119662616690241,2351,Low,Light Merchandising,500.0
OUT_02926,Western,86.6974,3.06,36.36,0.07101018308351179,2352,Low,Light Merchandising,500.0
OUT_00030,Western,1331.8066999999999,0.28,51.52,0.07100264204112719,2353,Low,Light Merchandising,500.0
OUT_00445,Western,461.9642,0.9,57.58,0.07097435643564358,2354,Low,Light Merchandising,500.0
OUT_07729,Western,92.8524,2.39,30.3,0.07090007539936102,2355,Low,Light Merchandising,500.0
OUT_06926,Western,122.4905,1.11,18.18,0.07088866266944734,2356,Low,Light Merchandising,500.0
OUT_06174,Western,200.92430000000002,2.28,63.64,0.07087057611386138,2357,Low,Light Merchandising,500.0
OUT_01884,Western,97.42830000000001,4.04,54.55,0.07085694545454546,2358,Low,Light Merchandising,500.0
OUT_02603,Western,459.4794,1.09,69.7,0.070839115417256,2359,Low,Light Merchandising,500.0
OUT_01561,Western,91.23490000000001,3.37,42.42,0.07081105780746201,2360,Low,Light Merchandising,500.0
OUT_07894,Western,113.60790000000001,3.84,60.61,0.07080901412108424,2361,Low,Light Merchandising,500.0
OUT_08619,Western,541.5597,0.33,24.24,0.07080614144215532,2362,Low,Light Merchandising,500.0
OUT_02590,Western,272.94730000000004,0.89,33.33,0.07076117011360328,2363,Low,Light Merchandising,500.0
OUT_06670,Western,99.20410000000001,2.88,39.39,0.07073726367912851,2364,Low,Light Merchandising,500.0
OUT_05894,Western,407.70110000000005,0.7,39.39,0.07065876949740035,2365,Low,Light Merchandising,500.0
OUT_00127,Western,525.6581000000001,0.38,27.27,0.07065796887159534,2366,Low,Light Merchandising,500.0
OUT_08787,Western,139.13189999999997,2.51,48.48,0.07057822736459174,2367,Low,Light Merchandising,500.0
OUT_04709,Western,114.4368,3.05,48.48,0.070540064672595,2368,Low,Light Merchandising,500.0
OUT_08406,Western,235.74779999999998,1.57,51.52,0.07047297143945164,2369,Low,Light Merchandising,500.0
OUT_01773,Western,85.7816,4.06,48.48,0.07038668067906223,2370,Low,Light Merchandising,500.0
OUT_06834,Western,201.38039999999995,1.41,39.39,0.07030115474127258,2371,Low,Light Merchandising,500.0
OUT_06436,Western,453.3041,1.19,75.76,0.0702751275403856,2372,Low,Light Merchandising,500.0
OUT_08609,Western,76.7851,2.31,24.24,0.07027479437400952,2373,Low,Light Merchandising,500.0
OUT_01096,Western,118.0353,2.58,42.42,0.07013612943344082,2374,Low,Light Merchandising,500.0
OUT_05076,Western,87.0103,5.21,63.64,0.0701305171720297,2375,Low,Light Merchandising,500.0
OUT_03439,Western,193.89280000000002,1.46,39.39,0.07008751869274574,2376,Low,Light Merchandising,500.0
OUT_03226,Western,104.5253,2.91,42.42,0.07005265384615385,2377,Low,Light Merchandising,500.0
OUT_07424,Western,73.05799999999999,2.71,27.27,0.07003437566324724,2378,Low,Light Merchandising,500.0
OUT_04852,Western,154.6331,2.1,45.45,0.06990947470398279,2379,Low,Light Merchandising,500.0
OUT_01993,Western,98.75779999999999,2.43,33.33,0.06990429769880571,2380,Low,Light Merchandising,500.0
OUT_03559,Western,897.106,0.48,60.61,0.06989301736731049,2381,Low,Light Merchandising,500.0
OUT_04792,Western,72.48049999999999,3.6,36.36,0.06984202355460385,2382,Low,Light Merchandising,500.0
OUT_08648,Western,186.0573,1.74,45.45,0.06969638363832077,2383,Low,Light Merchandising,500.0
OUT_01859,Western,111.93290000000002,3.27,51.52,0.069691657083016,2384,Low,Light Merchandising,500.0
OUT_05532,Western,208.49059999999997,1.35,39.39,0.0696861376578361,2385,Low,Light Merchandising,500.0
OUT_06801,Western,104.7852,3.29,48.48,0.06967326354082458,2386,Low,Light Merchandising,500.0
OUT_01059,Western,194.274,1.88,51.52,0.06954210205635947,2387,Low,Light Merchandising,500.0
OUT_07124,Western,474.1464,0.37,24.24,0.06950640570522981,2388,Low,Light Merchandising,500.0
OUT_08309,Western,236.24309999999997,1.01,33.33,0.06950350451500145,2389,Low,Light Merchandising,500.0
OUT_06952,Western,506.4972,0.72,51.52,0.06943602132520944,2390,Low,Light Merchandising,500.0
OUT_07205,Western,75.59620000000001,4.82,51.52,0.06937808149276466,2391,Low,Light Merchandising,500.0
OUT_01103,Western,80.57,4.26,48.48,0.06936705739692804,2392,Low,Light Merchandising,500.0
OUT_06021,Western,103.23129999999999,3.32,48.48,0.06926594907033144,2393,Low,Light Merchandising,500.0
OUT_08505,Western,148.15359999999998,2.88,60.61,0.06925537542606718,2394,Low,Light Merchandising,500.0
OUT_02467,Western,79.4054,4.58,51.52,0.06924537928408225,2395,Low,Light Merchandising,500.0
OUT_08157,Western,101.861,4.8,69.7,0.0691559830268741,2396,Low,Light Merchandising,500.0
OUT_01500,Western,504.66110000000003,0.47,33.33,0.06909138275560733,2397,Low,Light Merchandising,500.0
OUT_05459,Western,539.4155999999999,0.75,57.58,0.06906140320928643,2398,Low,Light Merchandising,500.0
OUT_08832,Western,94.9399,3.15,42.42,0.0688762517273146,2399,Low,Light Merchandising,500.0
OUT_08114,Western,452.63919999999996,0.66,42.42,0.06880282634730538,2400,Low,Light Merchandising,500.0
OUT_00771,Western,204.7034,2.17,63.64,0.06872004610148515,2401,Low,Light Merchandising,500.0
OUT_01516,Western,105.529,2.82,42.42,0.06853795025333947,2402,Low,Light Merchandising,500.0
OUT_01246,Western,530.6544000000001,0.56,42.42,0.0684399963150622,2403,Low,Light Merchandising,500.0
OUT_01329,Western,93.5282,4.72,63.64,0.06829410643564357,2404,Low,Light Merchandising,500.0
OUT_02256,Western,77.61779999999999,3.82,42.42,0.06828650299401196,2405,Low,Light Merchandising,500.0
OUT_05203,Western,241.3411,1.4,48.48,0.06828567906224738,2406,Low,Light Merchandising,500.0
OUT_05161,Western,475.91080000000005,0.84,57.58,0.06824258654831,2407,Low,Light Merchandising,500.0
OUT_03952,Western,79.3544,2.69,30.3,0.06819914888178913,2408,Low,Light Merchandising,500.0
OUT_04934,Western,67.4053,4.39,42.42,0.06815045301704283,2409,Low,Light Merchandising,500.0
OUT_01916,Western,111.45979999999999,3.21,51.52,0.06812375437928407,2410,Low,Light Merchandising,500.0
OUT_07087,Western,72.7207,2.93,30.3,0.06807400990415335,2411,Low,Light Merchandising,500.0
OUT_05672,Western,77.30180000000001,3.29,36.36,0.06807358725910065,2412,Low,Light Merchandising,500.0
OUT_06920,Western,127.0684,2.0,36.36,0.0680237687366167,2413,Low,Light Merchandising,500.0
OUT_02668,Western,422.2245,0.65,39.39,0.0679489787076009,2414,Low,Light Merchandising,500.0
OUT_00999,Western,232.01779999999997,1.18,39.39,0.06778435355285961,2415,Low,Light Merchandising,500.0
OUT_01666,Western,498.75770000000006,0.59,42.42,0.0677722346844772,2416,Low,Light Merchandising,500.0
OUT_01636,Western,143.74179999999998,2.19,45.45,0.06777062260495155,2417,Low,Light Merchandising,500.0
OUT_02599,Western,757.1325999999999,0.47,51.52,0.0677555830159939,2418,Low,Light Merchandising,500.0
OUT_00921,Western,249.7398,1.26,45.45,0.06774427298170074,2419,Low,Light Merchandising,500.0
OUT_01024,Western,87.8728,2.88,36.36,0.06773920342612419,2420,Low,Light Merchandising,500.0
OUT_02598,Western,522.7427,0.64,48.48,0.06761425383993533,2421,Low,Light Merchandising,500.0
OUT_08344,Western,99.424,2.54,36.36,0.0675955460385439,2422,Low,Light Merchandising,500.0
OUT_08682,Western,478.4545,0.87,60.61,0.06756296299302061,2423,Low,Light Merchandising,500.0
OUT_07444,Western,266.6832,1.1,42.42,0.06756138185168126,2424,Low,Light Merchandising,500.0
OUT_01274,Western,113.3306,3.13,51.52,0.06754089451637471,2425,Low,Light Merchandising,500.0
OUT_07337,Western,105.8486,1.61,24.24,0.06751832250396197,2426,Low,Light Merchandising,500.0
OUT_03401,Western,163.70510000000002,1.54,36.36,0.06748015364025697,2427,Low,Light Merchandising,500.0
OUT_08674,Western,215.38049999999998,1.36,42.42,0.06746141870105943,2428,Low,Light Merchandising,500.0
OUT_02254,Western,182.61010000000005,1.94,51.52,0.06745308339680124,2429,Low,Light Merchandising,500.0
OUT_00697,Western,175.78589999999997,2.36,60.61,0.06733561499756531,2430,Low,Light Merchandising,500.0
OUT_02379,Western,205.51660000000004,1.52,45.45,0.0672519336921421,2431,Low,Light Merchandising,500.0
OUT_03838,Western,80.83919999999999,3.61,42.42,0.06721085029940119,2432,Low,Light Merchandising,500.0
OUT_00081,Western,486.23449999999997,0.6,42.42,0.06719039613081529,2433,Low,Light Merchandising,500.0
OUT_05283,Western,263.3432,1.03,39.39,0.0671561020054469,2434,Low,Light Merchandising,500.0
OUT_02605,Western,209.1812,1.88,57.58,0.06713223898941617,2435,Low,Light Merchandising,500.0
OUT_04533,Western,523.3035,0.44,33.33,0.0670706495776289,2436,Low,Light Merchandising,500.0
OUT_04796,Western,155.3697,1.61,36.36,0.06695535786937902,2437,Low,Light Merchandising,500.0
OUT_01043,Western,89.217,2.8,36.36,0.06686498929336188,2438,Low,Light Merchandising,500.0
OUT_03798,Western,233.41690000000003,1.07,36.36,0.06685119994646684,2439,Low,Light Merchandising,500.0
OUT_04347,Western,444.6195000000001,0.88,57.58,0.0667915944008194,2440,Low,Light Merchandising,500.0
OUT_05466,Western,213.2179,1.36,42.42,0.06678404974666052,2441,Low,Light Merchandising,500.0
OUT_08016,Western,80.4389,2.85,33.33,0.06677857995921935,2442,Low,Light Merchandising,500.0
OUT_03231,Western,276.7314,0.9,36.36,0.0666644164882227,2443,Low,Light Merchandising,500.0
OUT_03253,Western,82.0339,3.28,39.39,0.06661826986877939,2444,Low,Light Merchandising,500.0
OUT_08972,Western,69.9531,4.41,45.45,0.06641403035522067,2445,Low,Light Merchandising,500.0
OUT_03728,Western,70.6172,4.65,48.48,0.06636418350848829,2446,Low,Light Merchandising,500.0
OUT_01872,Western,191.4245,1.19,33.33,0.06635454558695018,2447,Low,Light Merchandising,500.0
OUT_00577,Western,529.0554,0.81,63.64,0.06629561788366338,2448,Low,Light Merchandising,500.0
OUT_00570,Western,524.828,0.93,72.73,0.06619965278719653,2449,Low,Light Merchandising,500.0
OUT_04025,Western,196.28310000000002,1.36,39.39,0.06609185838078734,2450,Low,Light Merchandising,500.0
OUT_06625,Western,729.317,0.42,45.45,0.06594470182992465,2451,Low,Light Merchandising,500.0
OUT_01726,Western,74.139,4.4,48.48,0.06592797089733227,2452,Low,Light Merchandising,500.0
OUT_04617,Western,157.4457,1.69,39.39,0.06587849294379795,2453,Low,Light Merchandising,500.0
OUT_05453,Western,665.0988,0.4,39.39,0.06586767021539985,2454,Low,Light Merchandising,500.0
OUT_00722,Western,179.4787,1.48,39.39,0.06576590146075761,2455,Low,Light Merchandising,500.0
OUT_07038,Western,92.4483,4.16,57.58,0.0656512338682144,2456,Low,Light Merchandising,500.0
OUT_08248,Western,90.4615,3.59,48.48,0.06563395008084075,2457,Low,Light Merchandising,500.0
OUT_05009,Western,96.89320000000001,3.35,48.48,0.06560069118835894,2458,Low,Light Merchandising,500.0
OUT_00528,Western,208.4038,1.08,33.33,0.0655625120885523,2459,Low,Light Merchandising,500.0
OUT_03319,Western,215.16839999999996,1.23,39.39,0.0655254102500619,2460,Low,Light Merchandising,500.0
OUT_02625,Western,257.802,1.18,45.45,0.06549114316469322,2461,Low,Light Merchandising,500.0
OUT_05378,Western,91.02600000000001,4.43,60.61,0.06545125466645026,2462,Low,Light Merchandising,500.0
OUT_07067,Western,267.562,1.58,63.64,0.06540036509900991,2463,Low,Light Merchandising,500.0
OUT_08115,Western,82.4434,2.96,36.36,0.06531918201284796,2464,Low,Light Merchandising,500.0
OUT_02323,Western,106.44739999999999,4.71,75.76,0.06531621339239187,2465,Low,Light Merchandising,500.0
OUT_00872,Western,84.393,2.89,36.36,0.06528259368308352,2466,Low,Light Merchandising,500.0
OUT_08727,Western,94.76339999999999,3.61,51.52,0.0651363050266565,2467,Low,Light Merchandising,500.0
OUT_07372,Western,124.43520000000001,2.59,48.48,0.06513483589329022,2468,Low,Light Merchandising,500.0
OUT_07352,Western,97.0509,3.32,48.48,0.06511903556992724,2469,Low,Light Merchandising,500.0
OUT_08834,Western,101.834,2.97,45.45,0.06511237459634016,2470,Low,Light Merchandising,500.0
OUT_01053,Western,84.0,2.19,27.27,0.06507251503360452,2471,Low,Light Merchandising,500.0
OUT_05108,Western,97.66730000000001,2.89,42.42,0.06500656310456013,2472,Low,Light Merchandising,500.0
OUT_06610,Western,87.9654,2.76,36.36,0.06498514561027838,2473,Low,Light Merchandising,500.0
OUT_03419,Western,78.5393,3.09,36.36,0.06495889641327622,2474,Low,Light Merchandising,500.0
OUT_08696,Western,98.8558,2.65,39.39,0.06485958653131964,2475,Low,Light Merchandising,500.0
OUT_08614,Western,843.4331999999999,0.45,57.58,0.06479087401843633,2476,Low,Light Merchandising,500.0
OUT_03642,Western,111.2983,2.88,48.48,0.06478154890864996,2477,Low,Light Merchandising,500.0
OUT_06778,Western,120.5026,1.68,30.3,0.06467871182108627,2478,Low,Light Merchandising,500.0
OUT_05620,Western,445.53959999999995,0.41,27.27,0.06461663813229569,2479,Low,Light Merchandising,500.0
OUT_05912,Western,108.2904,2.59,42.42,0.06459514877936436,2480,Low,Light Merchandising,500.0
OUT_06804,Western,121.58380000000001,2.79,51.52,0.06458850000000001,2481,Low,Light Merchandising,500.0
OUT_07913,Western,105.8924,3.57,57.58,0.06453326527825196,2482,Low,Light Merchandising,500.0
OUT_00920,Western,239.92860000000002,0.76,27.27,0.06450149840820658,2483,Low,Light Merchandising,500.0
OUT_05107,Western,212.3836,0.95,30.3,0.06446147603833866,2484,Low,Light Merchandising,500.0
OUT_07344,Western,108.3004,2.58,42.42,0.06435168862275449,2485,Low,Light Merchandising,500.0
OUT_00180,Western,522.6402,0.46,36.36,0.06435077408993577,2486,Low,Light Merchandising,500.0
OUT_07782,Western,186.51059999999998,1.39,39.39,0.06418661401336964,2487,Low,Light Merchandising,500.0
OUT_04461,Western,81.6763,2.22,27.27,0.06413915316590024,2488,Low,Light Merchandising,500.0
OUT_08313,Western,513.6122,0.58,45.45,0.06413241679224972,2489,Low,Light Merchandising,500.0
OUT_07741,Western,101.9171,2.54,39.39,0.06409245704382273,2490,Low,Light Merchandising,500.0
OUT_01989,Western,149.792,0.69,15.15,0.06399782043343653,2491,Low,Light Merchandising,500.0
OUT_05243,Western,140.6316,1.7,36.36,0.06399189507494647,2492,Low,Light Merchandising,500.0
OUT_04042,Western,79.0351,4.74,57.58,0.0639512417207238,2493,Low,Light Merchandising,500.0
OUT_06673,Western,103.15769999999999,2.69,42.42,0.06390930746199908,2494,Low,Light Merchandising,500.0
OUT_00319,Western,459.0077,0.52,36.36,0.06388758137044968,2495,Low,Light Merchandising,500.0
OUT_08151,Western,157.61430000000001,1.88,45.45,0.06379222475780408,2496,Low,Light Merchandising,500.0
OUT_06426,Western,110.7699,2.5,42.42,0.06377815522800553,2497,Low,Light Merchandising,500.0
OUT_01963,Western,457.14090000000004,1.24,87.88,0.06377753330333033,2498,Low,Light Merchandising,500.0
OUT_08425,Western,104.2929,3.58,57.58,0.06373652816660975,2499,Low,Light Merchandising,500.0
OUT_05096,Western,72.4115,6.22,69.7,0.06370573267326732,2500,Low,Light Merchandising,500.0
OUT_05141,Western,252.8307,1.17,45.45,0.06368394381054897,2501,Low,Light Merchandising,500.0
OUT_01093,Western,160.46089999999998,1.6,39.39,0.06356460510027234,2502,Low,Light Merchandising,500.0
OUT_05999,Western,75.8164,2.37,27.27,0.0635602645914397,2503,Low,Light Merchandising,500.0
OUT_03682,Western,123.87460000000002,2.85,54.55,0.06355402520252026,2504,Low,Light Merchandising,500.0
OUT_00231,Western,474.6355,0.5,36.36,0.06352188169164882,2505,Low,Light Merchandising,500.0
OUT_02415,Western,526.1144999999999,0.78,63.64,0.06348535117574255,2506,Low,Light Merchandising,500.0
OUT_02327,Western,55.447399999999995,4.97,42.42,0.06346696867802853,2507,Low,Light Merchandising,500.0
OUT_03480,Western,228.6212,1.12,39.39,0.0633958266897747,2508,Low,Light Merchandising,500.0
OUT_00295,Western,418.1924,0.75,48.48,0.06338809620048504,2509,Low,Light Merchandising,500.0
OUT_02827,Western,245.3193,1.2,45.45,0.06337635306781485,2510,Low,Light Merchandising,500.0
OUT_03888,Western,63.352700000000006,3.43,33.33,0.0632973378968832,2511,Low,Light Merchandising,500.0
OUT_04475,Western,52.321400000000004,6.35,51.52,0.06325988004569688,2512,Low,Light Merchandising,500.0
OUT_05892,Western,495.7872,0.67,51.52,0.06324779588728104,2513,Low,Light Merchandising,500.0
OUT_00018,Western,458.4105,0.64,45.45,0.06316097308934338,2514,Low,Light Merchandising,500.0
OUT_08402,Western,681.4118999999998,0.29,30.3,0.06313400990415333,2515,Low,Light Merchandising,500.0
OUT_00594,Western,190.19989999999996,1.54,45.45,0.06305873972012915,2516,Low,Light Merchandising,500.0
OUT_07811,Western,101.1536,3.84,60.61,0.06304655478006817,2517,Low,Light Merchandising,500.0
OUT_07417,Western,688.8154999999999,0.48,51.52,0.06295343488194972,2518,Low,Light Merchandising,500.0
OUT_02149,Western,78.36529999999999,3.97,48.48,0.0628759581649151,2519,Low,Light Merchandising,500.0
OUT_02634,Western,100.8549,2.14,33.33,0.06286906087969707,2520,Low,Light Merchandising,500.0
OUT_02372,Western,106.4646,1.49,24.24,0.06284954595879558,2521,Low,Light Merchandising,500.0
OUT_02246,Western,507.76210000000003,0.65,51.52,0.06284184405940595,2522,Low,Light Merchandising,500.0
OUT_00700,Western,108.20750000000001,3.05,51.52,0.06283946591774563,2523,Low,Light Merchandising,500.0
OUT_01347,Western,168.6885,1.39,36.36,0.0627615136509636,2524,Low,Light Merchandising,500.0
OUT_01250,Western,193.62040000000002,1.8,54.55,0.06273928352835285,2525,Low,Light Merchandising,500.0
OUT_08799,Western,103.66669999999999,1.89,30.3,0.06259746421725239,2526,Low,Light Merchandising,500.0
OUT_04696,Western,101.4696,3.24,51.52,0.06259739223153085,2527,Low,Light Merchandising,500.0
OUT_04112,Western,66.87310000000001,4.06,42.42,0.06252989083371718,2528,Low,Light Merchandising,500.0
OUT_07973,Western,122.4939,2.68,51.52,0.0625064074638233,2529,Low,Light Merchandising,500.0
OUT_06660,Western,787.9511,0.2,24.24,0.06243669572107766,2530,Low,Light Merchandising,500.0
OUT_07968,Western,116.61080000000001,2.0,36.36,0.06242548179871521,2531,Low,Light Merchandising,500.0
OUT_04882,Western,256.109,1.28,51.52,0.06241803503427265,2532,Low,Light Merchandising,500.0
OUT_04671,Western,244.6929,1.03,39.39,0.06240002153998515,2533,Low,Light Merchandising,500.0
OUT_02037,Western,93.26039999999999,3.31,48.48,0.062387211802748574,2534,Low,Light Merchandising,500.0
OUT_05573,Western,219.55,1.49,51.52,0.06228665270373191,2535,Low,Light Merchandising,500.0
OUT_00220,Western,551.0328,0.49,42.42,0.06218472409028097,2536,Low,Light Merchandising,500.0
OUT_08471,Western,88.2531,3.7,51.52,0.06217373762376238,2537,Low,Light Merchandising,500.0
OUT_04748,Western,95.43109999999999,2.63,39.39,0.06214008244615003,2538,Low,Light Merchandising,500.0
OUT_02961,Western,93.96849999999999,3.67,54.55,0.062081799279927984,2539,Low,Light Merchandising,500.0
OUT_00165,Western,454.69860000000006,0.51,36.36,0.06207074036402571,2540,Low,Light Merchandising,500.0
OUT_04422,Western,457.7331,0.26,18.18,0.06204932533889468,2541,Low,Light Merchandising,500.0
OUT_01334,Western,148.2737,1.69,39.39,0.06204074102500618,2542,Low,Light Merchandising,500.0
OUT_03377,Western,195.7129,1.28,39.39,0.062023399851448384,2543,Low,Light Merchandising,500.0
OUT_07871,Western,128.44549999999998,2.24,45.45,0.061941425188374595,2544,Low,Light Merchandising,500.0
OUT_08635,Western,63.6339,3.34,33.33,0.06191005709292164,2545,Low,Light Merchandising,500.0
OUT_05149,Western,192.4058,1.59,48.48,0.0618280561843169,2546,Low,Light Merchandising,500.0
OUT_08374,Western,133.1247,2.86,60.61,0.06179786430774224,2547,Low,Light Merchandising,500.0
OUT_05189,Western,110.65749999999998,3.44,60.61,0.061785716604447316,2548,Low,Light Merchandising,500.0
OUT_07916,Western,804.012,0.38,48.48,0.061747081649151166,2549,Low,Light Merchandising,500.0
OUT_08161,Western,87.4093,3.28,45.45,0.06172282109795478,2550,Low,Light Merchandising,500.0
OUT_02136,Western,493.84350000000006,0.58,45.45,0.06166398923573735,2551,Low,Light Merchandising,500.0
OUT_00123,Western,470.7363,0.37,27.27,0.061610339936328265,2552,Low,Light Merchandising,500.0
OUT_06632,Western,111.9294,2.89,51.52,0.0615910064737243,2553,Low,Light Merchandising,500.0
OUT_04977,Western,70.3122,4.6,51.52,0.061583419649657266,2554,Low,Light Merchandising,500.0
OUT_05879,Western,476.0145,0.64,48.48,0.061570185933710594,2555,Low,Light Merchandising,500.0
OUT_01775,Western,493.08129999999994,0.58,45.45,0.061568816792249716,2556,Low,Light Merchandising,500.0
OUT_00637,Western,227.62829999999997,1.42,51.52,0.0615445898705255,2557,Low,Light Merchandising,500.0
OUT_03157,Western,523.7896000000001,0.51,42.42,0.06152296084753571,2558,Low,Light Merchandising,500.0
OUT_07563,Western,219.80679999999995,1.47,51.52,0.061522466869763884,2559,Low,Light Merchandising,500.0
OUT_06438,Western,120.598,1.75,33.33,0.061475822895426746,2560,Low,Light Merchandising,500.0
OUT_05386,Western,87.9358,2.4,33.33,0.061475653946985155,2561,Low,Light Merchandising,500.0
OUT_03975,Western,273.935,1.11,48.48,0.06145267784963622,2562,Low,Light Merchandising,500.0
OUT_05957,Western,98.70009999999999,2.89,45.45,0.061408673627556504,2563,Low,Light Merchandising,500.0
OUT_04937,Western,160.3666,1.08,27.27,0.061264919702865225,2564,Low,Light Merchandising,500.0
OUT_05037,Western,66.7445,3.15,33.33,0.06124240460238859,2565,Low,Light Merchandising,500.0
OUT_07454,Western,66.6678,3.71,39.39,0.06123732062391682,2566,Low,Light Merchandising,500.0
OUT_02595,Western,61.81750000000001,4.6,45.45,0.061218622174381065,2567,Low,Light Merchandising,500.0
OUT_05246,Western,77.9739,3.17,39.39,0.061197638771973255,2568,Low,Light Merchandising,500.0
OUT_07567,Western,89.05420000000001,3.19,45.45,0.0611588585575888,2569,Low,Light Merchandising,500.0
OUT_05103,Western,85.7653,3.96,54.55,0.06113961980198019,2570,Low,Light Merchandising,500.0
OUT_06068,Western,87.5329,2.82,39.39,0.06111482495667244,2571,Low,Light Merchandising,500.0
OUT_03915,Western,80.1356,3.77,48.48,0.06105723767178658,2572,Low,Light Merchandising,500.0
OUT_04756,Western,198.6648,1.52,48.48,0.06102879870654811,2573,Low,Light Merchandising,500.0
OUT_00739,Western,120.13419999999999,2.82,54.55,0.06098621854185419,2574,Low,Light Merchandising,500.0
OUT_06112,Western,198.99050000000003,1.98,63.64,0.06095315439356436,2575,Low,Light Merchandising,500.0
OUT_07032,Western,120.8804,1.73,33.33,0.06091555257792018,2576,Low,Light Merchandising,500.0
OUT_07333,Western,221.25870000000003,1.61,57.58,0.06081026066917037,2577,Low,Light Merchandising,500.0
OUT_01623,Western,65.86680000000001,1.77,18.18,0.06078427320125132,2578,Low,Light Merchandising,500.0
OUT_00329,Western,497.3953000000001,0.53,42.42,0.060713843620451416,2579,Low,Light Merchandising,500.0
OUT_01009,Western,106.53340000000001,2.3,39.39,0.060665219113642005,2580,Low,Light Merchandising,500.0
OUT_03176,Western,72.29039999999999,4.15,48.48,0.06063160064672595,2581,Low,Light Merchandising,500.0
OUT_05809,Western,250.73489999999998,1.27,51.52,0.06063086881188118,2582,Low,Light Merchandising,500.0
OUT_06156,Western,89.0799,3.16,45.45,0.06060118062432723,2583,Low,Light Merchandising,500.0
OUT_08919,Western,117.8238,1.92,36.36,0.06055184582441114,2584,Low,Light Merchandising,500.0
OUT_00827,Western,95.6531,2.94,45.45,0.060542543379978456,2585,Low,Light Merchandising,500.0
OUT_05678,Western,61.536500000000004,3.67,36.36,0.06044939908993576,2586,Low,Light Merchandising,500.0
OUT_04701,Western,471.5488,0.44,33.33,0.06043736440431111,2587,Low,Light Merchandising,500.0
OUT_02704,Western,119.89689999999999,3.1,60.61,0.06032793215387111,2588,Low,Light Merchandising,500.0
OUT_02928,Western,131.0591,1.58,33.33,0.06031849053306147,2589,Low,Light Merchandising,500.0
OUT_03384,Western,92.9841,3.8,57.58,0.06031744281324684,2590,Low,Light Merchandising,500.0
OUT_06649,Western,156.6458,2.37,60.61,0.06025816360980361,2591,Low,Light Merchandising,500.0
OUT_06187,Western,106.2065,1.26,21.21,0.060252224223322826,2592,Low,Light Merchandising,500.0
OUT_08131,Western,466.9508,0.56,42.42,0.06022396315062184,2593,Low,Light Merchandising,500.0
OUT_01102,Western,223.4792,0.68,24.24,0.060208342313787654,2594,Low,Light Merchandising,500.0
OUT_03971,Western,69.311,4.82,54.55,0.06014023762376238,2595,Low,Light Merchandising,500.0
OUT_06802,Western,258.3379,1.01,42.42,0.060092418010133576,2596,Low,Light Merchandising,500.0
OUT_03139,Western,164.4413,0.81,21.21,0.059971838361098616,2597,Low,Light Merchandising,500.0
OUT_00784,Western,107.5316,2.59,45.45,0.059958416361679215,2598,Low,Light Merchandising,500.0
OUT_04305,Western,122.14229999999999,2.72,54.55,0.05980685076507651,2599,Low,Light Merchandising,500.0
OUT_06184,Western,56.33069999999999,3.0,27.27,0.05977789175804739,2600,Low,Light Merchandising,500.0
OUT_05705,Western,83.6273,2.67,36.36,0.05976576311563169,2601,Low,Light Merchandising,500.0
OUT_01131,Western,102.7516,2.7,45.45,0.059726441334768565,2602,Low,Light Merchandising,500.0
OUT_05322,Western,66.68939999999999,3.34,36.36,0.05962060920770877,2603,Low,Light Merchandising,500.0
OUT_07848,Western,82.4198,2.7,36.36,0.059564630620985014,2604,Low,Light Merchandising,500.0
OUT_03998,Western,81.5052,3.39,45.45,0.05948388116254036,2605,Low,Light Merchandising,500.0
OUT_00006,Western,1156.7644,0.27,51.52,0.0594680860624524,2606,Low,Light Merchandising,500.0
OUT_03885,Western,743.6164000000001,0.42,51.52,0.05946665803503427,2607,Low,Light Merchandising,500.0
OUT_01339,Western,86.7924,3.39,48.48,0.05946366936135812,2608,Low,Light Merchandising,500.0
OUT_02887,Western,226.12169999999998,1.3,48.48,0.059409500808407435,2609,Low,Light Merchandising,500.0
OUT_01734,Western,186.442,1.77,54.55,0.05940636183618362,2610,Low,Light Merchandising,500.0
OUT_01526,Western,194.9529,1.6,51.52,0.059391591774562075,2611,Low,Light Merchandising,500.0
OUT_05517,Western,112.699,1.33,24.24,0.05938576465927101,2612,Low,Light Merchandising,500.0
OUT_04129,Western,134.8705,1.51,33.33,0.05932259102825517,2613,Low,Light Merchandising,500.0
OUT_06109,Western,415.29540000000003,0.88,60.61,0.05931828469404318,2614,Low,Light Merchandising,500.0
OUT_07371,Western,149.58499999999998,1.72,42.42,0.0592552280055274,2615,Low,Light Merchandising,500.0
OUT_03346,Western,743.1005,0.66,81.82,0.05921834460275296,2616,Low,Light Merchandising,500.0
OUT_05199,Western,156.5657,2.33,60.61,0.05921085554293134,2617,Low,Light Merchandising,500.0
OUT_05021,Western,210.675,1.56,54.55,0.05916345634563457,2618,Low,Light Merchandising,500.0
OUT_08347,Western,528.9313999999999,0.35,30.3,0.059145683706070276,2619,Low,Light Merchandising,500.0
OUT_00043,Western,469.6261,0.47,36.36,0.05908037125267666,2620,Low,Light Merchandising,500.0
OUT_08141,Western,78.3424,4.18,54.55,0.05895071683168316,2621,Low,Light Merchandising,500.0
OUT_01227,Western,84.28219999999999,3.46,48.48,0.05893621907841551,2622,Low,Light Merchandising,500.0
OUT_08329,Western,232.4412,1.1,42.42,0.05888653155228006,2623,Low,Light Merchandising,500.0
OUT_08015,Western,528.2706,0.45,39.39,0.05885659074028225,2624,Low,Light Merchandising,500.0
OUT_06960,Western,110.86529999999999,3.27,60.61,0.058842644213601684,2625,Low,Light Merchandising,500.0
OUT_07162,Western,98.9076,3.66,60.61,0.058756990099009906,2626,Low,Light Merchandising,500.0
OUT_04435,Western,426.1373,0.64,45.45,0.05871428891280947,2627,Low,Light Merchandising,500.0
OUT_06790,Western,148.89979999999997,1.95,48.48,0.05868120654810023,2628,Low,Light Merchandising,500.0
OUT_04163,Western,106.23649999999999,2.9,51.52,0.05866067212490479,2629,Low,Light Merchandising,500.0
OUT_06580,Western,72.13929999999999,4.27,51.52,0.058650954112718943,2630,Low,Light Merchandising,500.0
OUT_08896,Western,82.3112,2.66,36.36,0.058604869379015,2631,Low,Light Merchandising,500.0
OUT_00681,Western,86.57759999999999,3.76,54.55,0.05860157983798379,2632,Low,Light Merchandising,500.0
OUT_03787,Western,214.02030000000002,1.27,45.45,0.058515776318622176,2633,Low,Light Merchandising,500.0
OUT_07297,Western,84.2513,4.91,69.7,0.05851115742574258,2634,Low,Light Merchandising,500.0
OUT_05856,Western,267.3266,0.95,42.42,0.05848923767848917,2635,Low,Light Merchandising,500.0
OUT_00672,Western,141.3987,1.42,33.33,0.05848708243518788,2636,Low,Light Merchandising,500.0
OUT_03108,Western,113.4871,2.55,48.48,0.058486682497978976,2637,Low,Light Merchandising,500.0
OUT_08124,Western,75.9184,3.81,48.48,0.05845778172999192,2638,Low,Light Merchandising,500.0
OUT_06597,Western,76.6425,3.08,39.39,0.058444887348353555,2639,Low,Light Merchandising,500.0
OUT_00740,Western,196.6043,1.02,33.33,0.0584143274104282,2640,Low,Light Merchandising,500.0
OUT_07257,Western,172.003,1.78,51.52,0.058294999999999986,2641,Low,Light Merchandising,500.0
OUT_06949,Western,160.0423,1.69,45.45,0.05822852249730893,2642,Low,Light Merchandising,500.0
OUT_06190,Western,70.5902,3.33,39.39,0.05819890220351572,2643,Low,Light Merchandising,500.0
OUT_08550,Western,385.2507,0.61,39.39,0.0581834431790047,2644,Low,Light Merchandising,500.0
OUT_03874,Western,75.86699999999999,2.4,30.3,0.058172779552715645,2645,Low,Light Merchandising,500.0
OUT_05146,Western,118.13780000000001,1.69,33.33,0.058156971162248765,2646,Low,Light Merchandising,500.0
OUT_04434,Western,160.66750000000002,2.12,57.58,0.05814528849436668,2647,Low,Light Merchandising,500.0
OUT_06799,Western,76.63810000000001,3.29,42.42,0.0580698638876094,2648,Low,Light Merchandising,500.0
OUT_07376,Western,236.5851,0.99,39.39,0.057989415449368656,2649,Low,Light Merchandising,500.0
OUT_07152,Western,115.1406,1.88,36.36,0.05794013062098501,2650,Low,Light Merchandising,500.0
OUT_05376,Western,101.5565,2.65,45.45,0.05793858449946178,2651,Low,Light Merchandising,500.0
OUT_06828,Western,65.4499,4.38,48.48,0.057936653597413096,2652,Low,Light Merchandising,500.0
OUT_06997,Western,147.7473,2.53,63.64,0.05782807379331683,2653,Low,Light Merchandising,500.0
OUT_02691,Western,404.69540000000006,0.75,51.52,0.057791612718964214,2654,Low,Light Merchandising,500.0
OUT_03098,Western,93.7365,2.67,42.42,0.057640823353293416,2655,Low,Light Merchandising,500.0
OUT_00232,Western,473.4729,0.86,69.7,0.05759359179632248,2656,Low,Light Merchandising,500.0
OUT_04222,Western,75.5369,2.15,27.27,0.05744758931729749,2657,Low,Light Merchandising,500.0
OUT_07767,Western,125.8569,2.12,45.45,0.057441685252960166,2658,Low,Light Merchandising,500.0
OUT_08512,Western,463.5288,0.8,63.64,0.05736742574257426,2659,Low,Light Merchandising,500.0
OUT_01175,Western,430.53409999999997,0.74,54.55,0.057352877407740775,2660,Low,Light Merchandising,500.0
OUT_07650,Western,242.88070000000002,1.24,51.52,0.05734426275704494,2661,Low,Light Merchandising,500.0
OUT_05276,Western,102.4003,2.94,51.52,0.05732233092155369,2662,Low,Light Merchandising,500.0
OUT_01547,Western,228.168,1.7,66.67,0.05732017142012709,2663,Low,Light Merchandising,500.0
OUT_06940,Western,859.4285000000002,0.35,51.52,0.05727341488956589,2664,Low,Light Merchandising,500.0
OUT_02147,Western,226.036,1.1,42.42,0.05726384154767388,2665,Low,Light Merchandising,500.0
OUT_07473,Western,82.5481,3.01,42.42,0.05722473076923077,2666,Low,Light Merchandising,500.0
OUT_04091,Western,74.744,4.25,54.55,0.05718487848784879,2667,Low,Light Merchandising,500.0
OUT_00530,Western,461.77450000000005,0.5,39.39,0.05716445902451102,2668,Low,Light Merchandising,500.0
OUT_04037,Western,135.8725,1.57,36.36,0.05709845422912207,2669,Low,Light Merchandising,500.0
OUT_06291,Western,95.6902,2.77,45.45,0.057063908288482235,2670,Low,Light Merchandising,500.0
OUT_00997,Western,231.33270000000002,1.07,42.42,0.0570073673422386,2671,Low,Light Merchandising,500.0
OUT_07200,Western,74.9857,3.3,42.42,0.0569905135882082,2672,Low,Light Merchandising,500.0
OUT_04455,Western,74.39620000000001,4.25,54.55,0.05691878487848786,2673,Low,Light Merchandising,500.0
OUT_07198,Western,74.5635,4.47,57.58,0.05689635455786957,2674,Low,Light Merchandising,500.0
OUT_01105,Western,471.4621,0.67,54.55,0.05686401566156616,2675,Low,Light Merchandising,500.0
OUT_01540,Western,502.26329999999996,0.56,48.48,0.05684467421180275,2676,Low,Light Merchandising,500.0
OUT_04886,Western,140.585,1.02,24.24,0.056813272583201284,2677,Low,Light Merchandising,500.0
OUT_04193,Western,417.1073,0.55,39.39,0.056798468680366435,2678,Low,Light Merchandising,500.0
OUT_03789,Western,201.9677,0.88,30.3,0.05678325111821087,2679,Low,Light Merchandising,500.0
OUT_06228,Western,489.30609999999996,0.75,63.64,0.056772830290841576,2680,Low,Light Merchandising,500.0
OUT_04349,Western,425.0973,0.62,45.45,0.05674065145317545,2681,Low,Light Merchandising,500.0
OUT_03010,Western,82.9236,2.97,42.42,0.0567211174573929,2682,Low,Light Merchandising,500.0
OUT_02867,Western,112.4425,2.19,42.42,0.05671328304928604,2683,Low,Light Merchandising,500.0
OUT_05541,Western,132.0092,3.29,75.76,0.05658028504429389,2684,Low,Light Merchandising,500.0
OUT_06290,Western,111.6534,1.43,27.27,0.056478373540856025,2685,Low,Light Merchandising,500.0
OUT_03300,Western,151.065,1.51,39.39,0.05647639267145333,2686,Low,Light Merchandising,500.0
OUT_02901,Western,206.98970000000003,1.35,48.48,0.05647455436540017,2687,Low,Light Merchandising,500.0
OUT_02441,Western,75.11779999999999,3.49,45.45,0.05643942346609256,2688,Low,Light Merchandising,500.0
OUT_07818,Western,101.7276,1.4,24.24,0.05642576862123613,2689,Low,Light Merchandising,500.0
OUT_03746,Western,200.73900000000003,1.39,48.48,0.05639191794664511,2690,Low,Light Merchandising,500.0
OUT_02038,Western,113.65029999999999,2.3,45.45,0.05627463724434875,2691,Low,Light Merchandising,500.0
OUT_04464,Western,90.51989999999999,2.32,36.36,0.056211501070663805,2692,Low,Light Merchandising,500.0
OUT_08671,Western,94.3809,4.21,69.7,0.056201356294200845,2693,Low,Light Merchandising,500.0
OUT_03232,Western,95.272,3.99,66.67,0.056174860351706817,2694,Low,Light Merchandising,500.0
OUT_03876,Western,495.7277,0.08,6.06,0.05617311048158641,2695,Low,Light Merchandising,500.0
OUT_07281,Western,471.3189,0.77,63.64,0.056144114016089104,2696,Low,Light Merchandising,500.0
OUT_01718,Western,202.1513,1.29,45.45,0.056141049946178676,2697,Low,Light Merchandising,500.0
OUT_01405,Western,43.753699999999995,5.18,39.39,0.05611393067590987,2698,Low,Light Merchandising,500.0
OUT_05925,Western,186.5965,0.85,27.27,0.056104359745313054,2699,Low,Light Merchandising,500.0
OUT_03441,Western,97.5953,2.32,39.39,0.05605870165882644,2700,Low,Light Merchandising,500.0
OUT_07271,Western,83.40530000000001,1.9,27.27,0.05605591439688716,2701,Low,Light Merchandising,500.0
OUT_04938,Western,86.73190000000001,3.0,45.45,0.05601629709364908,2702,Low,Light Merchandising,500.0
OUT_07282,Western,221.72580000000002,1.25,48.48,0.056013995553759105,2703,Low,Light Merchandising,500.0
OUT_06029,Western,125.7082,2.34,51.52,0.05600860396039603,2704,Low,Light Merchandising,500.0
OUT_08645,Western,66.3743,4.94,57.58,0.055972864800273144,2705,Low,Light Merchandising,500.0
OUT_00640,Western,215.25330000000002,1.05,39.39,0.055958396880415956,2706,Low,Light Merchandising,500.0
OUT_05421,Western,122.4855,2.26,48.48,0.055945276879547284,2707,Low,Light Merchandising,500.0
OUT_07248,Western,99.52080000000001,3.12,54.55,0.05589647092709272,2708,Low,Light Merchandising,500.0
OUT_00704,Western,247.06510000000003,0.98,42.42,0.055763196222938745,2709,Low,Light Merchandising,500.0
OUT_06961,Western,108.6737,3.16,60.61,0.05573914819022886,2710,Low,Light Merchandising,500.0
OUT_06120,Western,115.42819999999999,2.24,45.45,0.05566397588805167,2711,Low,Light Merchandising,500.0
OUT_02991,Western,97.7619,2.99,51.52,0.05565652722772277,2712,Low,Light Merchandising,500.0
OUT_02964,Western,888.2388000000001,0.31,48.48,0.05564956103476152,2713,Low,Light Merchandising,500.0
OUT_04004,Western,82.9402,1.49,21.21,0.05564200720396218,2714,Low,Light Merchandising,500.0
OUT_01394,Western,73.63650000000001,3.28,42.42,0.055625914325195765,2715,Low,Light Merchandising,500.0
OUT_08594,Western,83.1324,2.7,39.39,0.05557253775687053,2716,Low,Light Merchandising,500.0
OUT_07011,Western,92.0336,2.62,42.42,0.055533862736066336,2717,Low,Light Merchandising,500.0
OUT_00439,Western,176.6178,1.65,51.52,0.05548731340441736,2718,Low,Light Merchandising,500.0
OUT_00786,Western,97.315,2.47,42.42,0.055358832335329344,2719,Low,Light Merchandising,500.0
OUT_06007,Western,61.5333,6.36,69.7,0.05535385968882602,2720,Low,Light Merchandising,500.0
OUT_08709,Western,109.2273,2.2,42.42,0.055343173652694616,2721,Low,Light Merchandising,500.0
OUT_00257,Western,452.6246,0.79,63.64,0.05531767233910891,2722,Low,Light Merchandising,500.0
OUT_04101,Western,74.2502,4.59,60.61,0.055317061840610283,2723,Low,Light Merchandising,500.0
OUT_06328,Western,165.75349999999997,2.46,72.73,0.05530362267733622,2724,Low,Light Merchandising,500.0
OUT_04310,Western,70.9793,3.38,42.42,0.05525334730538921,2725,Low,Light Merchandising,500.0
OUT_07275,Western,85.7884,2.6,39.39,0.05522402574894776,2726,Low,Light Merchandising,500.0
OUT_03171,Western,180.4486,1.7,54.55,0.055222793879387944,2727,Low,Light Merchandising,500.0
OUT_07114,Western,209.8886,1.3,48.48,0.05514453920776072,2728,Low,Light Merchandising,500.0
OUT_01289,Western,84.07300000000001,3.84,57.58,0.05511101399795151,2729,Low,Light Merchandising,500.0
OUT_02072,Western,587.3058000000001,0.35,36.36,0.055020618308351185,2730,Low,Light Merchandising,500.0
OUT_04805,Western,94.0697,2.89,48.48,0.05494370109135004,2731,Low,Light Merchandising,500.0
OUT_01411,Western,545.1088,0.59,57.58,0.05490170570160464,2732,Low,Light Merchandising,500.0
OUT_08196,Western,157.178,2.15,60.61,0.05485030027592922,2733,Low,Light Merchandising,500.0
OUT_00889,Western,237.94010000000003,1.35,57.58,0.05483426681461251,2734,Low,Light Merchandising,500.0
OUT_00184,Western,567.4567999999999,0.39,39.39,0.05479280812082198,2735,Low,Light Merchandising,500.0
OUT_07528,Western,75.91900000000001,3.57,48.48,0.05477583468067906,2736,Low,Light Merchandising,500.0
OUT_06767,Western,209.7654,1.21,45.45,0.05464287061356296,2737,Low,Light Merchandising,500.0
OUT_06005,Western,241.57620000000003,1.46,63.64,0.0545639313118812,2738,Low,Light Merchandising,500.0
OUT_07522,Western,236.8386,1.07,45.45,0.05455700796555436,2739,Low,Light Merchandising,500.0
OUT_07260,Western,74.6427,2.73,36.36,0.05454351472162742,2740,Low,Light Merchandising,500.0
OUT_06281,Western,195.721,1.97,69.7,0.05453612022630834,2741,Low,Light Merchandising,500.0
OUT_05433,Western,90.2357,2.44,39.39,0.054512282248081204,2742,Low,Light Merchandising,500.0
OUT_04418,Western,139.8363,1.22,30.3,0.05450488370607028,2743,Low,Light Merchandising,500.0
OUT_02944,Western,67.737,4.71,57.58,0.05446249061113008,2744,Low,Light Merchandising,500.0
OUT_08542,Western,90.59320000000001,2.06,33.33,0.05436119778619285,2745,Low,Light Merchandising,500.0
OUT_03207,Western,102.3007,1.82,33.33,0.054234568598893106,2746,Low,Light Merchandising,500.0
OUT_02217,Western,403.17140000000006,0.38,27.27,0.054193538026176165,2747,Low,Light Merchandising,500.0
OUT_08463,Western,239.7307,1.05,45.45,0.05419100861141012,2748,Low,Light Merchandising,500.0
OUT_01510,Western,202.5282,1.08,39.39,0.05415460658578857,2749,Low,Light Merchandising,500.0
OUT_08933,Western,201.9975,1.57,57.58,0.05413726101058382,2750,Low,Light Merchandising,500.0
OUT_04774,Western,224.49620000000002,1.12,45.45,0.05413040775026911,2751,Low,Light Merchandising,500.0
OUT_03322,Western,193.2904,1.64,57.58,0.05411339296688289,2752,Low,Light Merchandising,500.0
OUT_06368,Western,119.8207,1.96,42.42,0.05408764900967295,2753,Low,Light Merchandising,500.0
OUT_08480,Western,128.19389999999999,1.83,42.42,0.05402921165361584,2754,Low,Light Merchandising,500.0
OUT_07623,Western,103.9203,3.36,63.64,0.054017977722772274,2755,Low,Light Merchandising,500.0
OUT_01386,Western,214.54829999999998,0.94,36.36,0.05398163865096359,2756,Low,Light Merchandising,500.0
OUT_05939,Western,215.58570000000003,1.01,39.39,0.05390976900222828,2757,Low,Light Merchandising,500.0
OUT_05105,Western,87.0955,2.5,39.39,0.05390907402822481,2758,Low,Light Merchandising,500.0
OUT_05211,Western,193.8695,1.29,45.45,0.05384104520990311,2759,Low,Light Merchandising,500.0
OUT_00580,Western,505.4681,0.43,39.39,0.05381314260955682,2760,Low,Light Merchandising,500.0
OUT_04281,Western,149.2318,1.89,51.52,0.05370298971820259,2761,Low,Light Merchandising,500.0
OUT_07308,Western,107.1727,1.87,36.36,0.05364372296573877,2762,Low,Light Merchandising,500.0
OUT_04420,Western,66.2135,3.76,45.45,0.053598010764262634,2763,Low,Light Merchandising,500.0
OUT_04270,Western,260.4622,1.08,51.52,0.05356039146991622,2764,Low,Light Merchandising,500.0
OUT_00403,Western,186.02970000000002,1.25,42.42,0.05355530285582681,2765,Low,Light Merchandising,500.0
OUT_08940,Western,74.5878,2.9,39.39,0.0535540034662045,2766,Low,Light Merchandising,500.0
OUT_02003,Western,66.58349999999999,4.71,57.58,0.053535043530215085,2767,Low,Light Merchandising,500.0
OUT_04585,Western,82.56790000000001,3.01,45.45,0.05350471022604951,2768,Low,Light Merchandising,500.0
OUT_05979,Western,298.5501,0.94,51.52,0.05343432863670981,2769,Low,Light Merchandising,500.0
OUT_01702,Western,102.9151,1.78,33.33,0.053361164579085345,2770,Low,Light Merchandising,500.0
OUT_03561,Western,181.632,1.81,60.61,0.05336048044148677,2771,Low,Light Merchandising,500.0
OUT_03757,Western,718.2504000000001,0.48,63.64,0.053335425742574265,2772,Low,Light Merchandising,500.0
OUT_05651,Western,188.9757,1.31,45.45,0.053295622604951555,2773,Low,Light Merchandising,500.0
OUT_01888,Western,111.8228,1.78,36.36,0.05327745824411135,2774,Low,Light Merchandising,500.0
OUT_08433,Western,99.006,3.64,66.67,0.0532557765627309,2775,Low,Light Merchandising,500.0
OUT_02281,Western,60.2062,2.23,24.24,0.053193274960380364,2776,Low,Light Merchandising,500.0
OUT_05116,Western,214.4305,1.67,66.67,0.052918418058223726,2777,Low,Light Merchandising,500.0
OUT_06360,Western,104.0759,3.13,60.61,0.052874138451550076,2778,Low,Light Merchandising,500.0
OUT_03089,Western,216.2751,0.69,27.27,0.052787343119915106,2779,Low,Light Merchandising,500.0
OUT_07761,Western,100.77250000000001,2.75,51.52,0.052765494097486675,2780,Low,Light Merchandising,500.0
OUT_01130,Western,577.6634,0.23,24.24,0.05263969175911253,2781,Low,Light Merchandising,500.0
OUT_00730,Western,138.69029999999998,1.99,51.52,0.052550208872810346,2782,Low,Light Merchandising,500.0
OUT_06418,Western,104.75030000000001,2.48,48.48,0.052502171382376714,2783,Low,Light Merchandising,500.0
OUT_05126,Western,85.6966,3.03,48.48,0.05247790986257073,2784,Low,Light Merchandising,500.0
OUT_06398,Western,78.31559999999999,2.3,33.33,0.05246894261578794,2785,Low,Light Merchandising,500.0
OUT_05615,Western,268.22749999999996,0.79,39.39,0.052463412973508296,2786,Low,Light Merchandising,500.0
OUT_03843,Western,205.20550000000003,0.8,30.3,0.052448690095846656,2787,Low,Light Merchandising,500.0
OUT_08839,Western,105.7992,1.4,27.27,0.052394368588609824,2788,Low,Light Merchandising,500.0
OUT_01895,Western,114.89560000000002,1.98,42.42,0.05239366374942423,2789,Low,Light Merchandising,500.0
OUT_06555,Western,241.32890000000003,1.14,51.52,0.052382891469916225,2790,Low,Light Merchandising,500.0
OUT_04517,Western,278.6911,0.93,48.48,0.05238131022635409,2791,Low,Light Merchandising,500.0
OUT_06524,Western,99.3088,2.45,45.45,0.05238031431646933,2792,Low,Light Merchandising,500.0
OUT_01560,Western,482.6339,0.57,51.52,0.05238029760091392,2793,Low,Light Merchandising,500.0
OUT_06709,Western,95.97380000000001,1.54,27.27,0.05228144747081712,2794,Low,Light Merchandising,500.0
OUT_03338,Western,104.738,2.92,57.58,0.05220808467053602,2795,Low,Light Merchandising,500.0
OUT_03479,Western,126.9307,1.91,45.45,0.05219324800861141,2796,Low,Light Merchandising,500.0
OUT_05003,Western,101.0166,2.87,54.55,0.05219039459945995,2797,Low,Light Merchandising,500.0
OUT_04959,Western,212.1196,0.77,30.3,0.05218277699680511,2798,Low,Light Merchandising,500.0
OUT_04763,Western,97.52879999999999,2.16,39.39,0.05215702104481307,2799,Low,Light Merchandising,500.0
OUT_04069,Western,234.52370000000002,1.1,48.48,0.0521374434114794,2800,Low,Light Merchandising,500.0
OUT_05725,Western,76.1147,3.18,45.45,0.05210866437029063,2801,Low,Light Merchandising,500.0
OUT_04496,Western,72.2517,4.66,63.64,0.052087395111386145,2802,Low,Light Merchandising,500.0
OUT_00359,Western,621.3806,0.44,51.52,0.05205778065498857,2803,Low,Light Merchandising,500.0
OUT_02132,Western,195.48319999999998,1.56,57.58,0.05205766336633663,2804,Low,Light Merchandising,500.0
OUT_06493,Western,222.2023,1.3,54.55,0.05200053825382539,2805,Low,Light Merchandising,500.0
OUT_00820,Western,85.6755,2.45,39.39,0.051969540727902955,2806,Low,Light Merchandising,500.0
OUT_03648,Western,171.80769999999995,1.13,36.36,0.05196539105995716,2807,Low,Light Merchandising,500.0
OUT_08361,Western,204.0422,1.26,48.48,0.05195900808407437,2808,Low,Light Merchandising,500.0
OUT_02487,Western,92.8052,3.11,54.55,0.05195754671467147,2809,Low,Light Merchandising,500.0
OUT_05310,Western,99.37469999999999,2.27,42.42,0.051953148088438504,2810,Low,Light Merchandising,500.0
OUT_05570,Western,72.6551,3.32,45.45,0.05193001765339074,2811,Low,Light Merchandising,500.0
OUT_03240,Western,163.9004,1.76,54.55,0.05192883960396039,2812,Low,Light Merchandising,500.0
OUT_05416,Western,271.60540000000003,1.12,57.58,0.051928652782519645,2813,Low,Light Merchandising,500.0
OUT_01219,Western,81.1327,3.94,60.61,0.051884894984580425,2814,Low,Light Merchandising,500.0
OUT_04644,Western,505.028,0.29,27.27,0.051806904846126635,2815,Low,Light Merchandising,500.0
OUT_00482,Western,169.742,1.6,51.52,0.05171119573495811,2816,Low,Light Merchandising,500.0
OUT_04619,Western,232.02929999999998,1.44,63.64,0.05168969554455445,2817,Low,Light Merchandising,500.0
OUT_05482,Western,571.1238,0.42,45.45,0.05164090333692141,2818,Low,Light Merchandising,500.0
OUT_08064,Western,94.8244,3.52,63.64,0.051637049504950495,2819,Low,Light Merchandising,500.0
OUT_02325,Western,107.53399999999999,3.1,63.64,0.051571070544554454,2820,Low,Light Merchandising,500.0
OUT_08469,Western,196.21370000000002,1.3,48.48,0.05155169967663704,2821,Low,Light Merchandising,500.0
OUT_00742,Western,825.6899999999998,0.29,45.45,0.05155007534983852,2822,Low,Light Merchandising,500.0
OUT_00902,Western,87.0907,2.39,39.39,0.05153423446397623,2823,Low,Light Merchandising,500.0
OUT_05595,Western,137.4392,1.74,45.45,0.05148422131324004,2824,Low,Light Merchandising,500.0
OUT_02089,Western,111.1461,1.73,36.36,0.05146754630620985,2825,Low,Light Merchandising,500.0
OUT_08053,Western,124.37549999999999,1.67,39.39,0.05142537385491458,2826,Low,Light Merchandising,500.0
OUT_05008,Western,80.7847,1.22,18.18,0.05138547132429614,2827,Low,Light Merchandising,500.0
OUT_04417,Western,166.7772,1.71,54.55,0.051339156075607566,2828,Low,Light Merchandising,500.0
OUT_01153,Western,518.4564,0.67,66.67,0.05133231683168317,2829,Low,Light Merchandising,500.0
OUT_07668,Western,90.37610000000001,2.81,48.48,0.051325149757477775,2830,Low,Light Merchandising,500.0
OUT_07199,Western,167.5488,1.33,42.42,0.05132194933210502,2831,Low,Light Merchandising,500.0
OUT_05763,Western,66.0832,3.37,42.42,0.05128981667434362,2832,Low,Light Merchandising,500.0
OUT_01676,Western,287.3818,0.45,24.24,0.051236850237717915,2833,Low,Light Merchandising,500.0
OUT_00209,Western,641.4027000000001,0.25,30.3,0.05123024760383387,2834,Low,Light Merchandising,500.0
OUT_02984,Western,97.55980000000001,2.12,39.39,0.05120742163901957,2835,Low,Light Merchandising,500.0
OUT_06249,Western,86.1468,2.58,42.42,0.051188103178258865,2836,Low,Light Merchandising,500.0
OUT_07664,Western,198.5306,1.51,57.58,0.05117466814612496,2837,Low,Light Merchandising,500.0
OUT_05965,Western,226.0648,1.12,48.48,0.051170690379951506,2838,Low,Light Merchandising,500.0
OUT_08246,Western,71.3199,2.24,30.3,0.05104043961661343,2839,Low,Light Merchandising,500.0
OUT_07363,Western,96.6917,2.45,45.45,0.05099992787944025,2840,Low,Light Merchandising,500.0
OUT_03262,Western,192.39390000000003,0.99,36.36,0.05098232360813705,2841,Low,Light Merchandising,500.0
OUT_07589,Western,90.5427,1.93,33.33,0.05090224614040197,2842,Low,Light Merchandising,500.0
OUT_04263,Western,252.7355,1.24,60.61,0.050867070280798565,2843,Low,Light Merchandising,500.0
OUT_00343,Western,575.7959000000001,0.49,54.55,0.05079027740774078,2844,Low,Light Merchandising,500.0
OUT_04561,Western,154.07099999999997,1.83,54.55,0.050756063006300624,2845,Low,Light Merchandising,500.0
OUT_04085,Western,106.6169,1.92,39.39,0.05068196286209457,2846,Low,Light Merchandising,500.0
OUT_06726,Western,188.7033,0.84,30.3,0.05064241916932907,2847,Low,Light Merchandising,500.0
OUT_08623,Western,182.2482,1.88,66.67,0.05063198108467562,2848,Low,Light Merchandising,500.0
OUT_04670,Western,84.43730000000001,1.15,18.18,0.05062716110531804,2849,Low,Light Merchandising,500.0
OUT_00595,Western,179.16070000000002,0.97,33.33,0.050622161083600355,2850,Low,Light Merchandising,500.0
OUT_03629,Western,511.07040000000006,0.34,33.33,0.05061576929799011,2851,Low,Light Merchandising,500.0
OUT_00475,Western,112.5986,2.36,51.52,0.050596476770754004,2852,Low,Light Merchandising,500.0
OUT_01678,Western,82.8977,2.28,36.36,0.05059067344753747,2853,Low,Light Merchandising,500.0
OUT_08122,Western,68.1017,3.45,45.45,0.050581456404736276,2854,Low,Light Merchandising,500.0
OUT_08301,Western,108.0362,1.89,39.39,0.05055420103986135,2855,Low,Light Merchandising,500.0
OUT_07268,Western,163.6186,1.34,42.42,0.05049491570704744,2856,Low,Light Merchandising,500.0
OUT_02061,Western,69.0547,2.51,33.33,0.05048858054180017,2857,Low,Light Merchandising,500.0
OUT_02620,Western,71.551,2.42,33.33,0.05043793183804253,2858,Low,Light Merchandising,500.0
OUT_06023,Western,703.4280999999999,0.42,57.58,0.05043356128371457,2859,Low,Light Merchandising,500.0
OUT_04642,Western,96.3681,2.43,45.45,0.05041431280947255,2860,Low,Light Merchandising,500.0
OUT_08560,Western,158.0558,2.06,63.64,0.05037050556930693,2861,Low,Light Merchandising,500.0
OUT_07401,Western,92.3795,2.53,45.45,0.0503164983853606,2862,Low,Light Merchandising,500.0
OUT_06167,Western,188.08070000000004,1.08,39.39,0.05029144738796733,2863,Low,Light Merchandising,500.0
OUT_03672,Western,115.3799,1.1,24.24,0.050284425515055485,2864,Low,Light Merchandising,500.0
OUT_02656,Western,80.03809999999999,4.25,66.67,0.05026775897739027,2865,Low,Light Merchandising,500.0
OUT_00611,Western,92.2485,1.87,33.33,0.05024896446256919,2866,Low,Light Merchandising,500.0
OUT_07351,Western,157.3152,2.16,66.67,0.05021439810846756,2867,Low,Light Merchandising,500.0
OUT_03792,Western,227.76359999999997,0.69,30.3,0.05020986709265175,2868,Low,Light Merchandising,500.0
OUT_00601,Western,200.5405,1.39,54.55,0.05018025112511251,2869,Low,Light Merchandising,500.0
OUT_00928,Western,117.1475,1.47,33.33,0.05016219778619283,2870,Low,Light Merchandising,500.0
OUT_07015,Western,70.3497,3.74,51.52,0.050096701827875095,2871,Low,Light Merchandising,500.0
OUT_01532,Western,476.4615,0.36,33.33,0.0499639207690067,2872,Low,Light Merchandising,500.0
OUT_02917,Western,102.18990000000001,1.97,39.39,0.04984256078237187,2873,Low,Light Merchandising,500.0
OUT_05047,Western,103.8252,2.52,51.52,0.04981711805026656,2874,Low,Light Merchandising,500.0
OUT_03147,Western,205.40149999999997,1.2,48.48,0.04981443007275666,2875,Low,Light Merchandising,500.0
OUT_01860,Western,163.5486,1.23,39.39,0.049805589997524144,2876,Low,Light Merchandising,500.0
OUT_03293,Western,225.485,1.16,51.52,0.04980247524752474,2877,Low,Light Merchandising,500.0
OUT_03681,Western,131.8505,1.18,30.3,0.04970721725239617,2878,Low,Light Merchandising,500.0
OUT_08084,Western,71.68039999999999,3.01,42.42,0.04969092676186088,2879,Low,Light Merchandising,500.0
OUT_03840,Western,566.8684000000001,0.54,60.61,0.04968494335335173,2880,Low,Light Merchandising,500.0
OUT_03898,Western,201.2146,1.22,48.48,0.04961233063864187,2881,Low,Light Merchandising,500.0
OUT_06811,Western,116.3244,2.11,48.48,0.04960478658043653,2882,Low,Light Merchandising,500.0
OUT_05525,Western,242.5093,0.95,45.45,0.049598242195909574,2883,Low,Light Merchandising,500.0
OUT_06200,Western,175.59699999999998,1.74,60.61,0.04959240058432072,2884,Low,Light Merchandising,500.0
OUT_02777,Western,115.57740000000001,1.99,45.45,0.04951539849300323,2885,Low,Light Merchandising,500.0
OUT_00922,Western,98.7112,1.72,33.33,0.04945623769297991,2886,Low,Light Merchandising,500.0
OUT_08304,Western,676.8234,0.45,60.61,0.04943524265541308,2887,Low,Light Merchandising,500.0
OUT_02085,Western,460.70099999999996,0.4,36.36,0.04932558886509636,2888,Low,Light Merchandising,500.0
OUT_03756,Western,151.3956,1.61,48.48,0.049261704931285365,2889,Low,Light Merchandising,500.0
OUT_08775,Western,242.106,0.76,36.36,0.0492506852248394,2890,Low,Light Merchandising,500.0
OUT_05214,Western,95.7568,1.92,36.36,0.04921120342612419,2891,Low,Light Merchandising,500.0
OUT_07487,Western,248.21540000000005,0.98,48.48,0.049161497978981415,2892,Low,Light Merchandising,500.0
OUT_08600,Western,67.5377,2.94,39.39,0.04916089081455806,2893,Low,Light Merchandising,500.0
OUT_07899,Western,278.6483,0.98,54.55,0.04915847596759677,2894,Low,Light Merchandising,500.0
OUT_06276,Western,183.2064,1.49,54.55,0.04914087056705671,2895,Low,Light Merchandising,500.0
OUT_07407,Western,105.49470000000001,2.16,45.45,0.04905673885898816,2896,Low,Light Merchandising,500.0
OUT_00673,Western,148.8351,1.83,54.55,0.04903118505850586,2897,Low,Light Merchandising,500.0
OUT_06008,Western,141.20069999999998,2.24,63.64,0.048930935643564356,2898,Low,Light Merchandising,500.0
OUT_05007,Western,799.4534000000001,0.21,33.33,0.04890335391785611,2899,Low,Light Merchandising,500.0
OUT_05443,Western,243.30469999999997,1.36,66.67,0.04889824028372986,2900,Low,Light Merchandising,500.0
OUT_00461,Western,80.15469999999999,2.83,45.45,0.048834833369214195,2901,Low,Light Merchandising,500.0
OUT_06793,Western,226.539,0.74,33.33,0.0488315933585785,2902,Low,Light Merchandising,500.0
OUT_06446,Western,78.5061,2.51,39.39,0.04878690542213419,2903,Low,Light Merchandising,500.0
OUT_07119,Western,167.6739,1.88,63.64,0.0487665426980198,2904,Low,Light Merchandising,500.0
OUT_05922,Western,148.1255,1.03,30.3,0.04874417412140575,2905,Low,Light Merchandising,500.0
OUT_00768,Western,61.524100000000004,3.92,48.48,0.04874180921584479,2906,Low,Light Merchandising,500.0
OUT_02946,Western,67.4684,2.48,33.33,0.04873918788231868,2907,Low,Light Merchandising,500.0
OUT_03735,Western,178.92379999999997,1.1,39.39,0.04872893785590492,2908,Low,Light Merchandising,500.0
OUT_06754,Western,87.5133,2.08,36.36,0.048722608137044966,2909,Low,Light Merchandising,500.0
OUT_02885,Western,76.69730000000001,2.95,45.45,0.04870980301399355,2910,Low,Light Merchandising,500.0
OUT_06608,Western,363.9275,0.5,36.36,0.04870550053533191,2911,Low,Light Merchandising,500.0
OUT_08793,Western,97.431,2.17,42.42,0.04869306080147398,2912,Low,Light Merchandising,500.0
OUT_01816,Western,118.4846,1.41,33.33,0.04866393416836586,2913,Low,Light Merchandising,500.0
OUT_06080,Western,124.1447,1.58,39.39,0.04856366080713049,2914,Low,Light Merchandising,500.0
OUT_05492,Western,215.99989999999997,1.11,48.48,0.04845591936135812,2915,Low,Light Merchandising,500.0
OUT_05934,Western,65.6217,4.1,54.55,0.04843365796579657,2916,Low,Light Merchandising,500.0
OUT_05036,Western,117.469,2.04,48.48,0.0484310347615198,2917,Low,Light Merchandising,500.0
OUT_07604,Western,746.4680000000001,0.36,54.55,0.048375963996399644,2918,Low,Light Merchandising,500.0
OUT_02567,Western,51.75449999999999,3.49,36.36,0.04834668228051391,2919,Low,Light Merchandising,500.0
OUT_03457,Western,223.5727,1.2,54.55,0.04829653285328533,2920,Low,Light Merchandising,500.0
OUT_08415,Western,74.92840000000001,3.58,54.55,0.0482886898289829,2921,Low,Light Merchandising,500.0
OUT_08404,Western,81.4876,1.85,30.3,0.04816359744408946,2922,Low,Light Merchandising,500.0
OUT_05497,Western,435.5792,0.58,51.52,0.04810280578827113,2923,Low,Light Merchandising,500.0
OUT_07399,Western,99.4353,1.66,33.33,0.04808115292746869,2924,Low,Light Merchandising,500.0
OUT_05426,Western,705.6003999999998,0.11,15.15,0.048059469969040244,2925,Low,Light Merchandising,500.0
OUT_03542,Western,189.6744,1.1,42.42,0.04805201289728236,2926,Low,Light Merchandising,500.0
OUT_07314,Western,430.4404,0.62,54.55,0.04804195283528353,2927,Low,Light Merchandising,500.0
OUT_06006,Western,190.156,1.25,48.48,0.048038601455133396,2928,Low,Light Merchandising,500.0
OUT_01822,Western,104.3783,1.44,30.3,0.0480206875399361,2929,Low,Light Merchandising,500.0
OUT_02981,Western,109.8686,2.03,45.45,0.048015771367061345,2930,Low,Light Merchandising,500.0
OUT_06158,Western,285.5372,0.73,42.42,0.04800602395209581,2931,Low,Light Merchandising,500.0
OUT_06505,Western,81.80619999999999,2.37,39.39,0.04800215251299827,2932,Low,Light Merchandising,500.0
OUT_01167,Western,68.7946,4.51,63.64,0.047998707611386145,2933,Low,Light Merchandising,500.0
OUT_07683,Western,77.8401,2.49,39.39,0.04798758331270117,2934,Low,Light Merchandising,500.0
OUT_04927,Western,154.11219999999997,0.88,27.27,0.04797266926070038,2935,Low,Light Merchandising,500.0
OUT_02205,Western,462.69559999999996,0.45,42.42,0.04795325195762321,2936,Low,Light Merchandising,500.0
OUT_01801,Western,459.22009999999995,0.39,36.36,0.04793785840471092,2937,Low,Light Merchandising,500.0
OUT_06783,Western,143.2227,1.25,36.36,0.0479198005888651,2938,Low,Light Merchandising,500.0
OUT_05666,Western,109.0577,2.04,45.45,0.04789616964477933,2939,Low,Light Merchandising,500.0
OUT_01370,Western,66.6164,3.12,42.42,0.04786807185628742,2940,Low,Light Merchandising,500.0
OUT_00233,Western,440.4857,0.34,30.3,0.04784828690095847,2941,Low,Light Merchandising,500.0
OUT_08044,Western,108.39500000000001,0.98,21.21,0.04782850067537145,2942,Low,Light Merchandising,500.0
OUT_01882,Western,126.9126,2.32,60.61,0.04779049375101444,2943,Low,Light Merchandising,500.0
OUT_02571,Western,212.93420000000003,1.11,48.48,0.04776818148746969,2944,Low,Light Merchandising,500.0
OUT_08168,Western,61.462300000000006,3.37,42.42,0.047703351220635654,2945,Low,Light Merchandising,500.0
OUT_08549,Western,705.2092,0.15,21.21,0.04762781629896443,2946,Low,Light Merchandising,500.0
OUT_05473,Western,193.1698,1.07,42.42,0.047602875633348696,2947,Low,Light Merchandising,500.0
OUT_03802,Western,189.10340000000002,0.33,12.12,0.04756411737804878,2948,Low,Light Merchandising,500.0
OUT_01379,Western,140.4779,1.47,42.42,0.04755930746199908,2949,Low,Light Merchandising,500.0
OUT_00511,Western,178.65569999999997,1.72,63.64,0.047538336014851475,2950,Low,Light Merchandising,500.0
OUT_02148,Western,242.767,0.85,42.42,0.04752463150621833,2951,Low,Light Merchandising,500.0
OUT_04910,Western,182.7625,1.05,39.39,0.0475119150779896,2952,Low,Light Merchandising,500.0
OUT_08350,Western,70.24849999999999,3.55,51.52,0.04748327779893373,2953,Low,Light Merchandising,500.0
OUT_00297,Western,398.05959999999993,0.59,48.48,0.047464665319320934,2954,Low,Light Merchandising,500.0
OUT_02617,Western,868.0074,0.37,66.67,0.04746013565834195,2955,Low,Light Merchandising,500.0
OUT_06352,Western,210.82759999999996,1.25,54.55,0.047440954095409535,2956,Low,Light Merchandising,500.0
OUT_06842,Western,108.7697,1.1,24.24,0.047403593502377196,2957,Low,Light Merchandising,500.0
OUT_00294,Western,478.4892,0.4,39.39,0.047386897746967076,2958,Low,Light Merchandising,500.0
OUT_06160,Western,151.637,1.64,51.52,0.04735047220106626,2959,Low,Light Merchandising,500.0
OUT_00225,Western,535.9049,0.33,36.36,0.04733635358672377,2960,Low,Light Merchandising,500.0
OUT_04397,Western,66.5912,2.44,33.33,0.04732960326245266,2961,Low,Light Merchandising,500.0
OUT_03950,Western,110.4207,1.6,36.36,0.047289379014989294,2962,Low,Light Merchandising,500.0
OUT_01621,Western,534.5175,0.25,27.27,0.04726896887159533,2963,Low,Light Merchandising,500.0
OUT_04511,Western,107.152,1.38,30.3,0.04724273482428115,2964,Low,Light Merchandising,500.0
OUT_02951,Western,88.62230000000001,2.47,45.45,0.04712531345532832,2965,Low,Light Merchandising,500.0
OUT_04742,Western,546.6505000000001,0.4,45.45,0.04707431646932185,2966,Low,Light Merchandising,500.0
OUT_05833,Western,77.1151,1.91,30.3,0.0470574571884984,2967,Low,Light Merchandising,500.0
OUT_07745,Western,92.4541,3.29,63.64,0.04705661958539603,2968,Low,Light Merchandising,500.0
OUT_05640,Western,551.2468,0.37,42.42,0.046974047904191615,2969,Low,Light Merchandising,500.0
OUT_01273,Western,573.0908,0.48,57.58,0.046958617958347555,2970,Low,Light Merchandising,500.0
OUT_07042,Western,202.05220000000003,1.5,63.64,0.04688711324257427,2971,Low,Light Merchandising,500.0
OUT_08317,Western,114.2558,2.03,48.48,0.04687535852869846,2972,Low,Light Merchandising,500.0
OUT_01973,Western,121.90660000000001,1.32,33.33,0.04687349606757939,2973,Low,Light Merchandising,500.0
OUT_04626,Western,549.6223,0.37,42.42,0.04683561745739291,2974,Low,Light Merchandising,500.0
OUT_08936,Western,65.9713,3.08,42.42,0.046796776600644865,2975,Low,Light Merchandising,500.0
OUT_07001,Western,275.5298,0.84,48.48,0.046775471301535976,2976,Low,Light Merchandising,500.0
OUT_04165,Western,439.30100000000004,0.43,39.39,0.04676886110423373,2977,Low,Light Merchandising,500.0
OUT_00300,Western,609.8788999999999,0.24,30.3,0.04676387731629392,2978,Low,Light Merchandising,500.0
OUT_01256,Western,88.6323,2.13,39.39,0.046740975241396386,2979,Low,Light Merchandising,500.0
OUT_08695,Western,502.658,0.15,15.15,0.046686501547987626,2980,Low,Light Merchandising,500.0
OUT_00387,Western,508.3343,0.51,54.55,0.04666975571557156,2981,Low,Light Merchandising,500.0
OUT_02696,Western,133.416,1.2,33.33,0.0466353626565686,2982,Low,Light Merchandising,500.0
OUT_06537,Western,98.92830000000001,1.76,36.36,0.04660433832976446,2983,Low,Light Merchandising,500.0
OUT_04495,Western,132.037,1.53,42.42,0.046526165361584534,2984,Low,Light Merchandising,500.0
OUT_07621,Western,202.08790000000002,0.86,36.36,0.04651916327623127,2985,Low,Light Merchandising,500.0
OUT_04324,Western,208.89779999999996,1.1,48.48,0.04644049717057397,2986,Low,Light Merchandising,500.0
OUT_07953,Western,77.43889999999999,2.24,36.36,0.0464301755888651,2987,Low,Light Merchandising,500.0
OUT_00458,Western,74.09960000000001,3.1,48.48,0.04642456750202102,2988,Low,Light Merchandising,500.0
OUT_03183,Western,528.711,0.54,60.61,0.046340519396201915,2989,Low,Light Merchandising,500.0
OUT_06377,Western,171.41099999999997,1.33,48.48,0.046074500808407436,2990,Low,Light Merchandising,500.0
OUT_00229,Western,362.4473,0.59,45.45,0.04603743961248654,2991,Low,Light Merchandising,500.0
OUT_08134,Western,207.07690000000002,1.1,48.48,0.04603568916734035,2992,Low,Light Merchandising,500.0
OUT_04697,Western,177.07979999999998,1.05,39.39,0.046034610051993066,2993,Low,Light Merchandising,500.0
OUT_06617,Western,218.2428,0.66,30.3,0.046019248562300316,2994,Low,Light Merchandising,500.0
OUT_00883,Western,108.3527,2.1,48.48,0.045986392481810835,2995,Low,Light Merchandising,500.0
OUT_06570,Western,67.2886,2.55,36.36,0.045927711456102784,2996,Low,Light Merchandising,500.0
OUT_08754,Western,85.4505,2.17,39.39,0.045909280762564994,2997,Low,Light Merchandising,500.0
OUT_05055,Western,91.66319999999999,2.02,39.39,0.045842947264174295,2998,Low,Light Merchandising,500.0
OUT_05140,Western,75.4464,2.27,36.36,0.04584136188436831,2999,Low,Light Merchandising,500.0
OUT_03795,Western,211.9796,1.33,60.61,0.04576089401071255,3000,Low,Light Merchandising,500.0
OUT_05363,Western,114.1223,1.86,45.45,0.04569805769644779,3001,Low,Light Merchandising,500.0
OUT_08571,Western,150.65859999999998,1.96,63.64,0.04568237252475247,3002,Low,Light Merchandising,500.0
OUT_07925,Western,620.8593000000001,0.23,30.3,0.04562224888178914,3003,Low,Light Merchandising,500.0
OUT_02540,Western,81.0131,2.44,42.42,0.04552555596499308,3004,Low,Light Merchandising,500.0
OUT_00654,Western,97.0451,1.61,33.33,0.0455119752403146,3005,Low,Light Merchandising,500.0
OUT_03646,Western,112.4348,1.88,45.45,0.04550644219590957,3006,Low,Light Merchandising,500.0
OUT_04160,Western,83.0001,2.38,42.42,0.04549521833256564,3007,Low,Light Merchandising,500.0
OUT_00944,Western,82.60940000000001,1.89,33.33,0.04547968715409263,3008,Low,Light Merchandising,500.0
OUT_05019,Western,115.235,2.07,51.52,0.04541821210967251,3009,Low,Light Merchandising,500.0
OUT_01813,Western,246.01369999999997,1.08,57.58,0.045355888699214746,3010,Low,Light Merchandising,500.0
OUT_01323,Western,260.4771,1.02,57.58,0.04535449675657221,3011,Low,Light Merchandising,500.0
OUT_04283,Western,159.846,1.06,36.36,0.04535245182012848,3012,Low,Light Merchandising,500.0
OUT_04437,Western,450.163,0.62,60.61,0.04530125953578964,3013,Low,Light Merchandising,500.0
OUT_02248,Western,235.9422,0.95,48.48,0.045300139450282946,3014,Low,Light Merchandising,500.0
OUT_07218,Western,152.399,1.2,39.39,0.04527823718742263,3015,Low,Light Merchandising,500.0
OUT_02473,Western,98.6354,0.88,18.18,0.0452550323253389,3016,Low,Light Merchandising,500.0
OUT_06252,Western,476.1551,0.47,48.48,0.045228960590137424,3017,Low,Light Merchandising,500.0
OUT_03162,Western,117.94109999999999,2.13,54.55,0.0452231400540054,3018,Low,Light Merchandising,500.0
OUT_00287,Western,483.0214,0.52,54.55,0.04521532457245725,3019,Low,Light Merchandising,500.0
OUT_07354,Western,493.377,0.62,66.67,0.045203744643121026,3020,Low,Light Merchandising,500.0
OUT_07191,Western,58.54610000000001,2.65,33.33,0.045192882318671725,3021,Low,Light Merchandising,500.0
OUT_03215,Western,225.11129999999997,0.75,36.36,0.04519097296573875,3022,Low,Light Merchandising,500.0
OUT_02310,Western,506.49379999999996,0.09,9.09,0.0451778414271556,3023,Low,Light Merchandising,500.0
OUT_04369,Western,230.24039999999997,1.03,51.52,0.045153772277227715,3024,Low,Light Merchandising,500.0
OUT_02587,Western,115.03970000000001,2.18,54.55,0.04514609288928893,3025,Low,Light Merchandising,500.0
OUT_05919,Western,83.5872,1.36,24.24,0.04503906180665611,3026,Low,Light Merchandising,500.0
OUT_05905,Western,83.299,2.02,36.36,0.045038538543897215,3027,Low,Light Merchandising,500.0
OUT_05557,Western,92.8348,2.4,48.48,0.04502900565885206,3028,Low,Light Merchandising,500.0
OUT_03071,Western,119.26310000000001,2.44,63.64,0.0450188681930693,3029,Low,Light Merchandising,500.0
OUT_07618,Western,76.0218,3.11,51.52,0.04501671706016755,3030,Low,Light Merchandising,500.0
OUT_01221,Western,675.4314999999999,0.35,51.52,0.04501161938309214,3031,Low,Light Merchandising,500.0
OUT_02062,Western,77.4462,2.52,42.42,0.044948047904191615,3032,Low,Light Merchandising,500.0
OUT_06427,Western,433.67660000000006,0.45,42.42,0.04494575541225243,3033,Low,Light Merchandising,500.0
OUT_07933,Western,81.66820000000001,2.89,51.52,0.044939279893373964,3034,Low,Light Merchandising,500.0
OUT_04267,Western,78.80250000000001,2.13,36.36,0.044927549518201285,3035,Low,Light Merchandising,500.0
OUT_04880,Western,63.1083,3.52,48.48,0.04489515278900567,3036,Low,Light Merchandising,500.0
OUT_06968,Western,84.5887,2.14,39.39,0.04481797920277297,3037,Low,Light Merchandising,500.0
OUT_07979,Western,62.979200000000006,3.52,48.48,0.04480331123686339,3038,Low,Light Merchandising,500.0
OUT_00451,Western,98.5355,1.56,33.33,0.04477581706961841,3039,Low,Light Merchandising,500.0
OUT_03644,Western,541.1425999999999,0.61,72.73,0.04477105465889053,3040,Low,Light Merchandising,500.0
OUT_06796,Western,93.8986,3.08,63.64,0.04474128836633664,3041,Low,Light Merchandising,500.0
OUT_02227,Western,84.7911,2.29,42.42,0.0447193963611239,3042,Low,Light Merchandising,500.0
OUT_02983,Western,272.9479,0.81,48.48,0.04468225525464835,3043,Low,Light Merchandising,500.0
OUT_00273,Western,545.2542000000001,0.43,51.52,0.04464190898705255,3044,Low,Light Merchandising,500.0
OUT_00050,Western,460.02969999999993,0.48,48.48,0.044626971705739676,3045,Low,Light Merchandising,500.0
OUT_08851,Western,86.28840000000001,1.93,36.36,0.04457618094218416,3046,Low,Light Merchandising,500.0
OUT_05835,Western,78.04010000000001,2.48,42.42,0.04457380193459236,3047,Low,Light Merchandising,500.0
OUT_08593,Western,65.1748,2.76,39.39,0.04453638227283982,3048,Low,Light Merchandising,500.0
OUT_01278,Western,62.577099999999994,3.09,42.42,0.044533219484108696,3049,Low,Light Merchandising,500.0
OUT_02737,Western,140.98680000000002,0.51,15.15,0.04452214736842106,3050,Low,Light Merchandising,500.0
OUT_04942,Western,494.4084,0.39,42.42,0.04440794011976048,3051,Low,Light Merchandising,500.0
OUT_03582,Western,233.545,0.94,48.48,0.04436788601455133,3052,Low,Light Merchandising,500.0
OUT_08889,Western,97.0799,2.4,51.52,0.04436248286367098,3053,Low,Light Merchandising,500.0
OUT_03799,Western,176.05790000000002,0.94,36.36,0.04429722323340471,3054,Low,Light Merchandising,500.0
OUT_06325,Western,80.0272,1.9,33.33,0.044291197203612,3055,Low,Light Merchandising,500.0
OUT_02042,Western,65.3999,3.35,48.48,0.044278428658043656,3056,Low,Light Merchandising,500.0
OUT_05075,Western,65.609,2.93,42.42,0.044273231229848,3057,Low,Light Merchandising,500.0
OUT_05841,Western,106.2316,1.43,33.33,0.044250273230410725,3058,Low,Light Merchandising,500.0
OUT_03679,Western,83.7663,1.81,33.33,0.044164579959219345,3059,Low,Light Merchandising,500.0
OUT_08372,Western,110.4765,1.13,27.27,0.04415933675274141,3060,Low,Light Merchandising,500.0
OUT_03548,Western,88.3964,2.62,51.52,0.044097214013709064,3061,Low,Light Merchandising,500.0
OUT_01826,Western,548.9429,0.47,57.58,0.0440428752133834,3062,Low,Light Merchandising,500.0
OUT_06076,Western,120.0763,1.37,36.36,0.04403226204496788,3063,Low,Light Merchandising,500.0
OUT_06634,Western,205.3364,1.32,60.61,0.04399351533841908,3064,Low,Light Merchandising,500.0
OUT_04813,Western,77.4721,2.12,36.36,0.04396168415417559,3065,Low,Light Merchandising,500.0
OUT_07595,Western,72.2302,3.01,48.48,0.04393955173807598,3066,Low,Light Merchandising,500.0
OUT_08352,Western,119.34890000000001,2.49,66.67,0.04391588015368702,3067,Low,Light Merchandising,500.0
OUT_05832,Western,87.4817,1.72,33.33,0.043830039032915824,3068,Low,Light Merchandising,500.0
OUT_06429,Western,74.7266,3.79,63.64,0.0438140182549505,3069,Low,Light Merchandising,500.0
OUT_02333,Western,86.8316,3.72,72.73,0.043810328495863284,3070,Low,Light Merchandising,500.0
OUT_08470,Western,240.4823,0.79,42.42,0.043754264624596965,3071,Low,Light Merchandising,500.0
OUT_01166,Western,207.18920000000003,0.98,45.45,0.0437126837459634,3072,Low,Light Merchandising,500.0
OUT_08360,Western,488.60429999999985,0.28,30.3,0.0437090108626198,3073,Low,Light Merchandising,500.0
OUT_05201,Western,527.7943,0.46,54.55,0.043705738613861386,3074,Low,Light Merchandising,500.0
OUT_08023,Western,210.8256,1.21,57.58,0.043547110959371804,3075,Low,Light Merchandising,500.0
OUT_03523,Western,102.8614,2.48,57.58,0.04354664936838511,3076,Low,Light Merchandising,500.0
OUT_07046,Western,226.78570000000002,0.95,48.48,0.04354212105901375,3077,Low,Light Merchandising,500.0
OUT_01254,Western,80.37570000000001,3.5,63.64,0.04352025835396041,3078,Low,Light Merchandising,500.0
OUT_02262,Western,115.22019999999999,1.64,42.42,0.043519375403040066,3079,Low,Light Merchandising,500.0
OUT_02407,Western,191.15480000000002,0.85,36.36,0.04349078693790151,3080,Low,Light Merchandising,500.0
OUT_05539,Western,70.4983,1.93,30.3,0.04347019776357827,3081,Low,Light Merchandising,500.0
OUT_04217,Western,447.5706,0.51,51.52,0.04346173000761615,3082,Low,Light Merchandising,500.0
OUT_03258,Western,297.31919999999997,0.9,60.61,0.043432442785262135,3083,Low,Light Merchandising,500.0
OUT_02811,Western,108.4351,2.71,66.67,0.04342531712723511,3084,Low,Light Merchandising,500.0
OUT_06646,Western,186.62829999999997,1.01,42.42,0.04341192607093504,3085,Low,Light Merchandising,500.0
OUT_06329,Western,73.0618,3.3,54.55,0.043403049504950504,3086,Low,Light Merchandising,500.0
OUT_02106,Western,107.71790000000001,2.48,60.61,0.043359907807174164,3087,Low,Light Merchandising,500.0
OUT_04719,Western,116.362,1.73,45.45,0.0433382691065662,3088,Low,Light Merchandising,500.0
OUT_03686,Western,773.5825999999997,0.26,45.45,0.043300640688912796,3089,Low,Light Merchandising,500.0
OUT_02279,Western,372.9123,0.68,57.58,0.04328787367702288,3090,Low,Light Merchandising,500.0
OUT_01466,Western,104.0369,1.68,39.39,0.04327358058925477,3091,Low,Light Merchandising,500.0
OUT_02584,Western,107.0502,2.0,48.48,0.04327008892481811,3092,Low,Light Merchandising,500.0
OUT_02196,Western,128.6631,1.56,45.45,0.04321085812701829,3093,Low,Light Merchandising,500.0
OUT_08491,Western,197.93940000000003,1.08,48.48,0.043204234438156845,3094,Low,Light Merchandising,500.0
OUT_02938,Western,91.8342,3.04,63.64,0.04318935148514851,3095,Low,Light Merchandising,500.0
OUT_08630,Western,530.5554,0.23,27.27,0.04316510152104704,3096,Low,Light Merchandising,500.0
OUT_04248,Western,94.1498,1.99,42.42,0.04315018470750806,3097,Low,Light Merchandising,500.0
OUT_08966,Western,199.8788,0.74,33.33,0.04308485639382465,3098,Low,Light Merchandising,500.0
OUT_08212,Western,101.66319999999999,1.84,42.42,0.043081595578074616,3099,Low,Light Merchandising,500.0
OUT_03306,Western,85.9862,2.78,54.55,0.043031797659765975,3100,Low,Light Merchandising,500.0
OUT_07907,Western,84.7695,2.51,48.48,0.04300150464834276,3101,Low,Light Merchandising,500.0
OUT_04578,Western,74.00670000000001,3.93,66.67,0.04298009915767697,3102,Low,Light Merchandising,500.0
OUT_07532,Western,193.78119999999996,1.03,45.45,0.04296978170075349,3103,Low,Light Merchandising,500.0
OUT_07562,Western,67.4282,2.38,36.36,0.04295479550321199,3104,Low,Light Merchandising,500.0
OUT_03924,Western,74.9006,2.49,42.42,0.04295313081529249,3105,Low,Light Merchandising,500.0
OUT_03532,Western,125.732,2.0,57.58,0.04292659610788665,3106,Low,Light Merchandising,500.0
OUT_03221,Western,227.53930000000003,0.59,30.3,0.0428907945686901,3107,Low,Light Merchandising,500.0
OUT_08606,Western,432.95869999999996,0.28,27.27,0.042882361513972414,3108,Low,Light Merchandising,500.0
OUT_06236,Western,132.5693,2.09,63.64,0.04286352676361386,3109,Low,Light Merchandising,500.0
OUT_04724,Western,469.5754,0.59,63.64,0.04286037840346534,3110,Low,Light Merchandising,500.0
OUT_07954,Western,213.61260000000001,0.87,42.42,0.04280123491478581,3111,Low,Light Merchandising,500.0
OUT_07763,Western,175.36169999999998,1.28,51.52,0.04273857121096725,3112,Low,Light Merchandising,500.0
OUT_07225,Western,749.7031999999999,0.23,39.39,0.042691690022282736,3113,Low,Light Merchandising,500.0
OUT_08872,Western,790.2345,0.3,54.55,0.04267693069306931,3114,Low,Light Merchandising,500.0
OUT_07153,Western,93.547,1.84,39.39,0.042616112899232485,3115,Low,Light Merchandising,500.0
OUT_07202,Western,76.9982,2.23,39.39,0.04251200445654865,3116,Low,Light Merchandising,500.0
OUT_02611,Western,157.9961,1.82,66.67,0.04249340948721738,3117,Low,Light Merchandising,500.0
OUT_02823,Western,69.7211,2.83,45.45,0.04247808675995694,3118,Low,Light Merchandising,500.0
OUT_01241,Western,875.5466000000001,0.24,48.48,0.042467902991107524,3119,Low,Light Merchandising,500.0
OUT_05087,Western,188.61559999999997,1.25,54.55,0.04244275427542754,3120,Low,Light Merchandising,500.0
OUT_08045,Western,719.9390000000001,0.22,36.36,0.042394694860813716,3121,Low,Light Merchandising,500.0
OUT_08242,Western,83.5789,1.28,24.24,0.042385496038034876,3122,Low,Light Merchandising,500.0
OUT_08449,Western,534.9974,0.44,54.55,0.042376031683168315,3123,Low,Light Merchandising,500.0
OUT_07069,Western,70.5189,1.88,30.3,0.042356399999999995,3124,Low,Light Merchandising,500.0
OUT_03720,Western,65.66059999999999,2.8,42.42,0.04234216490096728,3125,Low,Light Merchandising,500.0
OUT_07426,Western,235.32910000000004,0.89,48.48,0.04232879931285369,3126,Low,Light Merchandising,500.0
OUT_01181,Western,92.877,1.84,39.39,0.04231088883386977,3127,Low,Light Merchandising,500.0
OUT_04415,Western,417.90659999999997,0.5,48.48,0.04222985044462409,3128,Low,Light Merchandising,500.0
OUT_08694,Western,236.824,0.72,39.39,0.042216707105719245,3129,Low,Light Merchandising,500.0
OUT_01095,Western,98.4819,1.99,45.45,0.04219138449946178,3130,Low,Light Merchandising,500.0
OUT_04967,Western,97.9627,2.13,48.48,0.04217068532740501,3131,Low,Light Merchandising,500.0
OUT_00452,Western,123.02659999999999,1.59,45.45,0.04211244219590957,3132,Low,Light Merchandising,500.0
OUT_04510,Western,197.88080000000002,1.44,66.67,0.04210851958031624,3133,Low,Light Merchandising,500.0
OUT_02403,Western,94.9904,1.79,39.39,0.04209775092844763,3134,Low,Light Merchandising,500.0
OUT_07262,Western,202.5862,1.28,60.61,0.042089001136179194,3135,Low,Light Merchandising,500.0
OUT_00708,Western,74.2582,1.6,27.27,0.042027987265652635,3136,Low,Light Merchandising,500.0
OUT_07437,Western,134.15130000000002,0.98,30.3,0.042002643450479236,3137,Low,Light Merchandising,500.0
OUT_08277,Western,138.878,1.68,54.55,0.04200090729072907,3138,Low,Light Merchandising,500.0
OUT_04611,Western,591.7811999999999,0.48,66.67,0.04197650007388797,3139,Low,Light Merchandising,500.0
OUT_07443,Western,423.73369999999994,0.37,36.36,0.04196506129550321,3140,Low,Light Merchandising,500.0
OUT_01025,Western,244.24450000000002,0.85,48.48,0.0419579274454325,3141,Low,Light Merchandising,500.0
OUT_01031,Western,99.1659,1.58,36.36,0.041938469486081376,3142,Low,Light Merchandising,500.0
OUT_00139,Western,382.1426,0.41,36.36,0.0419374908993576,3143,Low,Light Merchandising,500.0
OUT_03023,Western,102.95320000000001,1.52,36.36,0.04188674089935761,3144,Low,Light Merchandising,500.0
OUT_03601,Western,158.0386,1.07,39.39,0.04186712106957168,3145,Low,Light Merchandising,500.0
OUT_04002,Western,118.4725,1.32,36.36,0.041858592077087795,3146,Low,Light Merchandising,500.0
OUT_01503,Western,512.1705,0.33,39.39,0.041846067095815793,3147,Low,Light Merchandising,500.0
OUT_06983,Western,79.31890000000001,2.29,42.42,0.041833321280515895,3148,Low,Light Merchandising,500.0
OUT_01150,Western,67.149,1.38,21.21,0.0417224763619991,3149,Low,Light Merchandising,500.0
OUT_01620,Western,210.2262,0.92,45.45,0.041637912594187296,3150,Low,Light Merchandising,500.0
OUT_04311,Western,77.6686,3.14,57.58,0.04163185455786959,3151,None,None,0.0
OUT_01064,Western,94.0582,1.92,42.42,0.04159183417779824,3152,None,None,0.0
OUT_02939,Western,295.78610000000003,0.44,30.3,0.041580154632587865,3153,None,None,0.0
OUT_02128,Western,353.26739999999995,0.19,15.15,0.041560870588235294,3154,None,None,0.0
OUT_02087,Western,215.4195,1.07,54.55,0.04149394509450946,3155,None,None,0.0
OUT_07971,Western,438.4804,0.64,66.67,0.04146999497561696,3156,None,None,0.0
OUT_02086,Western,165.8259,1.16,45.45,0.04141185016146393,3157,None,None,0.0
OUT_00967,Western,116.52279999999999,1.65,45.45,0.04139130678148546,3158,None,None,0.0
OUT_07606,Western,84.1849,2.73,54.55,0.041372597119711974,3159,None,None,0.0
OUT_08974,Western,203.9885,0.88,42.42,0.04134267157991709,3160,None,None,0.0
OUT_03244,Western,89.6908,1.16,24.24,0.041220811410459586,3161,None,None,0.0
OUT_04404,Western,551.4284,0.46,60.61,0.04117141113455607,3162,None,None,0.0
OUT_02770,Western,218.57690000000002,0.76,39.39,0.04112860708096064,3163,None,None,0.0
OUT_02803,Western,64.3571,2.0,30.3,0.041122747603833866,3164,None,None,0.0
OUT_03540,Western,65.6019,2.34,36.36,0.04108898447537473,3165,None,None,0.0
OUT_08939,Western,69.496,1.85,30.3,0.04107591054313099,3166,None,None,0.0
OUT_01021,Western,80.6483,2.52,48.48,0.04107391188358933,3167,None,None,0.0
OUT_06165,Western,296.1176,0.35,24.24,0.04106226624405705,3168,None,None,0.0
OUT_06162,Western,231.63819999999998,0.93,51.52,0.04101742688499619,3169,None,None,0.0
OUT_03469,Western,93.8449,1.5,33.33,0.041004180017477423,3170,None,None,0.0
OUT_03130,Western,133.2015,1.71,54.55,0.04100352205220523,3171,None,None,0.0
OUT_00481,Western,64.3883,3.73,57.58,0.04099835421645613,3172,None,None,0.0
OUT_01509,Western,89.388,1.99,42.42,0.04096778443113772,3173,None,None,0.0
OUT_05562,Western,262.1436,1.01,63.64,0.040959937499999995,3174,None,None,0.0
OUT_08680,Western,243.7866,0.78,45.45,0.04093725468245425,3175,None,None,0.0
OUT_02906,Western,528.325,0.43,54.55,0.04089644464446445,3176,None,None,0.0
OUT_05975,Western,220.132,0.75,39.39,0.04087620698192622,3177,None,None,0.0
OUT_00660,Western,378.71459999999996,0.73,66.67,0.040854390128565087,3178,None,None,0.0
OUT_06230,Western,96.84009999999999,1.83,42.42,0.04081468977429755,3179,None,None,0.0
OUT_01883,Western,74.8322,2.53,45.45,0.040758980839612484,3180,None,None,0.0
OUT_06913,Western,86.0175,1.77,36.36,0.0407524023019272,3181,None,None,0.0
OUT_00342,Western,534.2915,0.4,51.52,0.04069242193450114,3182,None,None,0.0
OUT_08795,Western,94.8667,1.73,39.39,0.04063366947264174,3183,None,None,0.0
OUT_08003,Western,71.0872,2.48,42.42,0.04060254629203132,3184,None,None,0.0
OUT_00372,Western,573.7139999999999,0.35,48.48,0.04058203314470492,3185,None,None,0.0
OUT_00265,Western,518.1145,0.34,42.42,0.040570918931368036,3186,None,None,0.0
OUT_08909,Western,84.8942,1.93,39.39,0.04056593364694231,3187,None,None,0.0
OUT_08639,Western,100.31719999999999,1.51,36.36,0.04054576338329764,3188,None,None,0.0
OUT_02349,Western,209.04510000000005,0.9,45.45,0.04050389451022606,3189,None,None,0.0
OUT_08576,Western,74.12989999999999,1.71,30.3,0.04049908274760383,3190,None,None,0.0
OUT_06824,Western,118.5064,1.17,33.33,0.04038814098456161,3191,None,None,0.0
OUT_06313,Western,57.763400000000004,2.82,39.39,0.04032997969794504,3192,None,None,0.0
OUT_06723,Western,82.2376,2.57,51.52,0.040241932977913175,3193,None,None,0.0
OUT_07382,Western,176.11710000000002,1.13,48.48,0.04022076050929668,3194,None,None,0.0
OUT_04856,Western,235.1042,0.69,39.39,0.040163876702153996,3195,None,None,0.0
OUT_01990,Western,87.4436,2.69,57.58,0.040154196654148176,3196,None,None,0.0
OUT_03315,Western,719.0811000000001,0.31,54.55,0.04012873825382538,3197,None,None,0.0
OUT_08742,Western,67.0624,1.69,27.27,0.040090362928899885,3198,None,None,0.0
OUT_06227,Western,208.41099999999997,1.01,51.52,0.04007903846153845,3199,None,None,0.0
OUT_01253,Western,424.2621,0.61,63.64,0.04003711030321782,3200,None,None,0.0
OUT_06896,Western,112.28540000000001,1.44,39.39,0.04003242782867047,3201,None,None,0.0
OUT_00685,Western,63.5865,1.97,30.3,0.040020896166134176,3202,None,None,0.0
OUT_01392,Western,141.7053,1.14,39.39,0.03999604902203515,3203,None,None,0.0
OUT_03763,Western,90.1803,2.46,54.55,0.03993583042304231,3204,None,None,0.0
OUT_02960,Western,253.57599999999996,0.54,33.33,0.039886699679580535,3205,None,None,0.0
OUT_07579,Western,81.3164,2.72,54.55,0.03981649108910892,3206,None,None,0.0
OUT_08807,Western,203.59290000000001,0.73,36.36,0.03978126793361885,3207,None,None,0.0
OUT_07640,Western,69.0117,2.15,36.36,0.039714977248394005,3208,None,None,0.0
OUT_02138,Western,516.6888,0.38,48.48,0.03968103152789006,3209,None,None,0.0
OUT_01162,Western,100.18350000000001,2.32,57.58,0.03967663366336634,3210,None,None,0.0
OUT_03452,Western,72.4988,2.21,39.39,0.03966881604357514,3211,None,None,0.0
OUT_05209,Western,83.31620000000001,1.49,30.3,0.03966170543130991,3212,None,None,0.0
OUT_08199,Western,261.6583,0.75,48.48,0.039661221705739685,3213,None,None,0.0
OUT_02579,Western,211.5917,0.87,45.45,0.0396307382131324,3214,None,None,0.0
OUT_08603,Western,432.36570000000006,0.37,39.39,0.03960765263679129,3215,None,None,0.0
OUT_07508,Western,82.288,2.38,48.48,0.039580727566693605,3216,None,None,0.0
OUT_01729,Western,98.2991,1.87,45.45,0.039573588159311085,3217,None,None,0.0
OUT_00071,Western,514.8877,0.52,66.67,0.03956577567607506,3218,None,None,0.0
OUT_06010,Western,93.46990000000001,2.22,51.52,0.039509363670982484,3219,None,None,0.0
OUT_04130,Western,91.86670000000001,3.3,75.76,0.03949454273058885,3220,None,None,0.0
OUT_01998,Western,118.49040000000001,1.75,51.52,0.03948175932977914,3221,None,None,0.0
OUT_01964,Western,82.6089,2.22,45.45,0.03948154101184069,3222,None,None,0.0
OUT_00522,Western,113.2068,2.36,66.67,0.03948101788089257,3223,None,None,0.0
OUT_00721,Western,73.41120000000001,2.66,48.48,0.039465196443007285,3224,None,None,0.0
OUT_07715,Western,225.6972,0.6,33.33,0.03944605884066414,3225,None,None,0.0
OUT_08945,Western,97.69890000000001,2.12,51.52,0.03943672277227723,3226,None,None,0.0
OUT_03625,Western,95.3186,1.42,33.33,0.03942686047189047,3227,None,None,0.0
OUT_08816,Western,70.90960000000001,2.92,51.52,0.03942422543792841,3228,None,None,0.0
OUT_05638,Western,194.02680000000004,0.82,39.39,0.03939142758108443,3229,None,None,0.0
OUT_01549,Western,222.4638,0.5,27.27,0.0393462681287584,3230,None,None,0.0
OUT_01687,Western,79.3964,1.55,30.3,0.03931770607028754,3231,None,None,0.0
OUT_03615,Western,493.27000000000004,0.37,45.45,0.03929168998923574,3232,None,None,0.0
OUT_01594,Western,233.87289999999996,0.78,45.45,0.03927252142088266,3233,None,None,0.0
OUT_02400,Western,100.3042,1.7,42.42,0.03927156609857209,3234,None,None,0.0
OUT_06743,Western,93.1481,2.34,54.55,0.03923790351035103,3235,None,None,0.0
OUT_06526,Western,191.717,0.64,30.3,0.03920092012779553,3236,None,None,0.0
OUT_08802,Western,103.9392,1.75,45.45,0.03915900968783638,3237,None,None,0.0
OUT_01252,Western,96.93549999999999,3.1,75.76,0.03914800026055236,3238,None,None,0.0
OUT_00829,Western,93.5686,2.07,48.48,0.03914450323362975,3239,None,None,0.0
OUT_02155,Western,165.73870000000002,1.31,54.55,0.039085093969396946,3240,None,None,0.0
OUT_05427,Western,556.6177,0.39,54.55,0.039078470387038704,3241,None,None,0.0
OUT_02224,Western,194.31029999999998,0.69,33.33,0.03905450247596853,3242,None,None,0.0
OUT_04162,Western,79.7727,1.68,33.33,0.03903819866006408,3243,None,None,0.0
OUT_08559,Western,262.79170000000005,0.87,57.58,0.03902847029702971,3244,None,None,0.0
OUT_01710,Western,231.43930000000003,0.63,36.36,0.039027505085653114,3245,None,None,0.0
OUT_05991,Western,118.4022,1.83,54.55,0.03900558523852385,3246,None,None,0.0
OUT_04932,Western,143.6648,1.59,57.58,0.03899403072721066,3247,None,None,0.0
OUT_04429,Western,190.9407,1.01,48.48,0.038975365198059816,3248,None,None,0.0
OUT_02229,Western,171.49929999999998,1.4,60.61,0.03897078720986852,3249,None,None,0.0
OUT_08272,Western,215.342,0.84,45.45,0.0389423638320775,3250,None,None,0.0
OUT_04994,Western,168.7346,1.35,57.58,0.03888557698873336,3251,None,None,0.0
OUT_03057,Western,105.0353,1.27,33.33,0.038856635886979324,3252,None,None,0.0
OUT_02035,Western,68.52170000000001,3.31,57.58,0.038717450836462955,3253,None,None,0.0
OUT_06137,Western,200.10269999999997,0.84,42.42,0.03871171533855365,3254,None,None,0.0
OUT_03476,Western,233.1193,0.62,36.36,0.03868682173447537,3255,None,None,0.0
OUT_02872,Western,102.9828,2.2,57.58,0.03867568453397064,3256,None,None,0.0
OUT_05099,Western,96.0045,1.26,30.3,0.03864717891373802,3257,None,None,0.0
OUT_02257,Western,231.9121,0.37,21.21,0.038634613687528144,3258,None,None,0.0
OUT_07800,Western,78.2864,2.14,42.42,0.038584269000460615,3259,None,None,0.0
OUT_00808,Western,169.7941,1.12,48.48,0.03843358771220695,3260,None,None,0.0
OUT_03027,Western,76.33430000000001,2.49,48.48,0.03841398686337916,3261,None,None,0.0
OUT_04209,Western,96.1339,2.7,66.67,0.0383569572927442,3262,None,None,0.0
OUT_08702,Western,162.19660000000005,1.6,66.67,0.03835001625535689,3263,None,None,0.0
OUT_08295,Western,86.5645,2.19,48.48,0.038313713621665316,3264,None,None,0.0
OUT_05627,Western,82.73949999999999,1.87,39.39,0.03830722084674424,3265,None,None,0.0
OUT_06809,Western,99.7753,1.55,39.39,0.03828960510027235,3266,None,None,0.0
OUT_03041,Western,195.47289999999998,0.79,39.39,0.03823312478336222,3267,None,None,0.0
OUT_08879,Western,165.7094,1.14,48.48,0.03817880274858528,3268,None,None,0.0
OUT_05485,Western,770.8768,0.26,51.52,0.038162217821782175,3269,None,None,0.0
OUT_08978,Western,350.5196,0.67,60.61,0.03811850868365525,3270,None,None,0.0
OUT_03657,Western,89.25450000000001,2.63,60.61,0.038100849699724076,3271,None,None,0.0
OUT_05536,Western,229.4685,0.57,33.33,0.03809992572094378,3272,None,None,0.0
OUT_05642,Western,85.8808,1.79,39.39,0.03806056746719485,3273,None,None,0.0
OUT_01288,Western,537.9274,0.2,27.27,0.03805641315882561,3274,None,None,0.0
OUT_02710,Western,251.86079999999998,0.7,45.45,0.03795534122712593,3275,None,None,0.0
OUT_05792,Western,224.50599999999997,0.58,33.33,0.03792993882901252,3276,None,None,0.0
OUT_01769,Western,97.84389999999999,2.03,51.52,0.03781856759329778,3277,None,None,0.0
OUT_05385,Western,190.89239999999998,0.5,24.24,0.037815451664025355,3278,None,None,0.0
OUT_00699,Western,552.7232,0.38,54.55,0.037810047884788485,3279,None,None,0.0
OUT_00101,Western,441.4694,0.76,87.88,0.03774940864086409,3280,None,None,0.0
OUT_05618,Western,190.4663,0.8,39.39,0.0377254369893538,3281,None,None,0.0
OUT_01198,Western,160.0734,0.88,36.36,0.03770465524625268,3282,None,None,0.0
OUT_07752,Western,90.41499999999999,1.81,42.42,0.03769026946107784,3283,None,None,0.0
OUT_08796,Western,101.45020000000001,1.95,51.52,0.03766715346534654,3284,None,None,0.0
OUT_02454,Western,193.46730000000002,1.14,57.58,0.03764983304882212,3285,None,None,0.0
OUT_06711,Western,512.3091999999999,0.43,57.58,0.03760548924547627,3286,None,None,0.0
OUT_03855,Western,143.8909,1.53,57.58,0.0375816109593718,3287,None,None,0.0
OUT_04921,Western,88.3597,2.62,60.61,0.03757546080181789,3288,None,None,0.0
OUT_00338,Western,564.5796,0.43,63.64,0.03755712066831683,3289,None,None,0.0
OUT_01268,Western,155.88250000000002,0.9,36.36,0.037551994111349046,3290,None,None,0.0
OUT_04333,Western,260.8379,0.93,63.64,0.03752773004331683,3291,None,None,0.0
OUT_07798,Western,228.91150000000002,0.96,57.58,0.03751366336633663,3292,None,None,0.0
OUT_07160,Western,102.43659999999998,1.81,48.48,0.037471755456750196,3293,None,None,0.0
OUT_04401,Western,86.2817,2.28,51.52,0.03745664051789794,3294,None,None,0.0
OUT_07126,Western,239.1304,0.87,54.55,0.03745156579657966,3295,None,None,0.0
OUT_07690,Western,70.2941,1.99,36.36,0.03744252114561029,3296,None,None,0.0
OUT_08132,Western,81.9224,1.43,30.3,0.037427805750798716,3297,None,None,0.0
OUT_05969,Western,188.369,1.16,57.58,0.03730079207920792,3298,None,None,0.0
OUT_05669,Western,79.7723,2.03,42.42,0.037295663058498386,3299,None,None,0.0
OUT_07330,Western,163.2354,1.06,45.45,0.03725070484391819,3300,None,None,0.0
OUT_05255,Western,473.5785000000001,0.27,33.33,0.03724619720361201,3301,None,None,0.0
OUT_08284,Western,114.0841,2.11,63.64,0.0372397046720297,3302,None,None,0.0
OUT_07040,Western,193.51959999999997,1.01,51.52,0.03721530769230768,3303,None,None,0.0
OUT_03711,Western,89.7852,2.05,48.48,0.037198799514955534,3304,None,None,0.0
OUT_08401,Western,104.6752,1.65,45.45,0.03718279440258342,3305,None,None,0.0
OUT_02894,Western,79.8512,2.16,45.45,0.03713209730893434,3306,None,None,0.0
OUT_08685,Western,97.34909999999999,1.77,45.45,0.03709535134553282,3307,None,None,0.0
OUT_04557,Western,62.8574,2.92,48.48,0.037094504446240906,3308,None,None,0.0
OUT_01971,Western,244.6812,0.75,48.48,0.03708789409862571,3309,None,None,0.0
OUT_05567,Western,99.15110000000001,1.85,48.48,0.03707145008084076,3310,None,None,0.0
OUT_00743,Western,109.42600000000002,1.06,30.3,0.03705800638977636,3311,None,None,0.0
OUT_07776,Western,77.9077,2.64,54.55,0.03702544158415842,3312,None,None,0.0
OUT_03327,Western,409.13809999999995,0.53,57.58,0.03701659149880505,3313,None,None,0.0
OUT_01564,Western,116.49799999999999,1.57,48.48,0.03696480598221504,3314,None,None,0.0
OUT_05908,Western,86.5108,3.15,72.73,0.036960398752203985,3315,None,None,0.0
OUT_01413,Western,216.26550000000003,0.69,39.39,0.03694557935132459,3316,None,None,0.0
OUT_03710,Western,144.7508,1.34,51.52,0.036931849200304644,3317,None,None,0.0
OUT_01011,Western,197.7703,1.15,60.61,0.03691541064762213,3318,None,None,0.0
OUT_07246,Western,118.92870000000002,1.63,51.52,0.036910468583396805,3319,None,None,0.0
OUT_06121,Western,94.0874,1.94,48.48,0.0368895626515764,3320,None,None,0.0
OUT_02549,Western,248.0691,0.6,39.39,0.0368510670958158,3321,None,None,0.0
OUT_01821,Western,827.1939000000002,0.22,48.48,0.036779033548908664,3322,None,None,0.0
OUT_00171,Western,587.0249000000001,0.31,48.48,0.03677803536782539,3323,None,None,0.0
OUT_00079,Western,488.0251999999999,0.35,45.45,0.036772620021528514,3324,None,None,0.0
OUT_01111,Western,217.6434,0.58,33.33,0.03677051325371395,3325,None,None,0.0
OUT_03407,Western,167.3745,1.42,63.64,0.036768531868811884,3326,None,None,0.0
OUT_05015,Western,169.7862,0.94,42.42,0.03675703086135421,3327,None,None,0.0
OUT_00327,Western,442.25489999999996,0.31,36.36,0.036696739561027834,3328,None,None,0.0
OUT_06057,Western,233.37150000000003,0.73,45.45,0.03667625296017223,3329,None,None,0.0
OUT_04371,Western,101.3897,1.68,45.45,0.03667054811625403,3330,None,None,0.0
OUT_07696,Western,86.7153,2.22,51.52,0.03665422048743336,3331,None,None,0.0
OUT_06445,Western,198.42010000000002,0.69,36.36,0.03664611054603855,3332,None,None,0.0
OUT_05727,Western,862.5571999999997,0.21,48.48,0.03660812691996765,3333,None,None,0.0
OUT_05449,Western,86.5436,2.22,51.52,0.036581643564356434,3334,None,None,0.0
OUT_00937,Western,516.5419999999999,0.35,48.48,0.03653793451899756,3335,None,None,0.0
OUT_05375,Western,475.14090000000004,0.38,48.48,0.03649020654810025,3336,None,None,0.0
OUT_02431,Western,654.5700999999999,0.09,15.15,0.0364775907120743,3337,None,None,0.0
OUT_01692,Western,201.5697,0.95,51.52,0.0364606273800457,3338,None,None,0.0
OUT_01711,Western,92.0272,1.96,48.48,0.03645378172999191,3339,None,None,0.0
OUT_01597,Western,68.5553,2.79,51.52,0.036418371477532366,3340,None,None,0.0
OUT_02307,Western,111.19330000000001,1.52,45.45,0.036386182131324,3341,None,None,0.0
OUT_00563,Western,75.4427,2.24,45.45,0.03638140968783639,3342,None,None,0.0
OUT_02017,Western,482.5751,0.51,66.67,0.03636963218560662,3343,None,None,0.0
OUT_02889,Western,106.96810000000002,1.27,36.36,0.036362282387580304,3344,None,None,0.0
OUT_02275,Western,233.01319999999998,0.63,39.39,0.03634521317157712,3345,None,None,0.0
OUT_08265,Western,95.8309,1.76,45.45,0.036310524004305705,3346,None,None,0.0
OUT_08986,Western,451.32380000000006,0.3,36.36,0.03624120449678802,3347,None,None,0.0
OUT_05065,Western,195.65049999999997,0.86,45.45,0.03622377395048438,3348,None,None,0.0
OUT_06447,Western,92.6523,2.29,57.58,0.036219489074769545,3349,None,None,0.0
OUT_03563,Western,213.31980000000001,0.84,48.48,0.03621435569927243,3350,None,None,0.0
OUT_02664,Western,507.41799999999995,0.18,24.24,0.03618670364500792,3351,None,None,0.0
OUT_04348,Western,84.14869999999999,2.91,66.67,0.03618630367962169,3352,None,None,0.0
OUT_03229,Western,873.7594000000001,0.23,54.55,0.036177256885688576,3353,None,None,0.0
OUT_01376,Western,747.7124000000001,0.21,42.42,0.03616296729617688,3354,None,None,0.0
OUT_04237,Western,644.5269000000001,0.26,45.45,0.036076855543595264,3355,None,None,0.0
OUT_04664,Western,408.5504,0.41,45.45,0.03606149924650161,3356,None,None,0.0
OUT_07326,Western,71.04169999999999,2.97,57.58,0.03601806913622396,3357,None,None,0.0
OUT_01658,Western,111.235,1.7,51.52,0.03600523610053313,3358,None,None,0.0
OUT_00321,Western,510.06010000000003,0.52,72.73,0.035973315068493154,3359,None,None,0.0
OUT_07214,Western,459.20820000000003,0.34,42.42,0.035958265315522805,3360,None,None,0.0
OUT_06229,Western,242.1184,0.78,51.52,0.03595817821782178,3361,None,None,0.0
OUT_04318,Western,195.15009999999998,0.8,42.42,0.03595579917088899,3362,None,None,0.0
OUT_04238,Western,258.2018,0.9,63.64,0.035950126856435644,3363,None,None,0.0
OUT_07687,Western,670.7287999999999,0.2,36.36,0.03590625267665953,3364,None,None,0.0
OUT_00795,Western,483.31929999999994,0.3,39.39,0.0358989329041842,3365,None,None,0.0
OUT_00298,Western,458.431,0.34,42.42,0.035897406725011516,3366,None,None,0.0
OUT_03842,Western,261.1104,0.68,48.48,0.03588421018593371,3367,None,None,0.0
OUT_08407,Western,119.31,1.67,54.55,0.03586817281728173,3368,None,None,0.0
OUT_00274,Western,452.60170000000005,0.32,39.39,0.035858515474127266,3369,None,None,0.0
OUT_06199,Western,67.3981,3.6,66.67,0.03585535096793261,3370,None,None,0.0
OUT_02985,Western,182.3742,1.09,54.55,0.035785396579657965,3371,None,None,0.0
OUT_04313,Western,101.1388,1.0,27.27,0.03577601697912981,3372,None,None,0.0
OUT_05379,Western,230.7196,0.72,45.45,0.03576277976318622,3373,None,None,0.0
OUT_08216,Western,313.1936999999999,0.53,45.45,0.035735772012917104,3374,None,None,0.0
OUT_02600,Western,259.9703,0.68,48.48,0.035727527081649155,3375,None,None,0.0
OUT_06129,Western,103.9802,1.7,48.48,0.03572480598221504,3376,None,None,0.0
OUT_00290,Western,485.8493,0.23,30.3,0.035701386261980834,3377,None,None,0.0
OUT_07103,Western,96.71969999999999,2.05,54.55,0.03569313861386138,3378,None,None,0.0
OUT_06882,Western,428.8874,0.21,24.24,0.03568397543581617,3379,None,None,0.0
OUT_04035,Western,77.4941,1.72,36.36,0.03567715524625268,3380,None,None,0.0
OUT_00802,Western,93.39869999999999,1.31,33.33,0.035640051558403725,3381,None,None,0.0
OUT_02854,Western,787.0215999999998,0.21,45.45,0.03558117029063508,3382,None,None,0.0
OUT_00097,Western,463.1049,0.24,30.3,0.035509640894568685,3383,None,None,0.0
OUT_08813,Western,74.59140000000001,2.21,45.45,0.03548912680301399,3384,None,None,0.0
OUT_07102,Western,78.3778,3.47,75.76,0.035431340020844186,3385,None,None,0.0
OUT_06301,Western,170.57049999999998,1.09,51.52,0.03540019897182025,3386,None,None,0.0
OUT_03337,Western,169.9441,1.03,48.48,0.03537639915117219,3387,None,None,0.0
OUT_00395,Western,442.36349999999993,0.42,51.52,0.035375603579588716,3388,None,None,0.0
OUT_02773,Western,164.1663,1.26,57.58,0.03531060737453055,3389,None,None,0.0
OUT_05289,Western,243.9278,0.76,51.52,0.03529800609291698,3390,None,None,0.0
OUT_05596,Western,94.3935,0.49,12.12,0.035253669969512194,3391,None,None,0.0
OUT_01846,Western,78.22030000000001,1.41,30.3,0.03523662076677316,3392,None,None,0.0
OUT_05560,Western,219.51950000000002,0.94,57.58,0.035225047797883234,3393,None,None,0.0
OUT_06621,Western,100.8768,2.57,72.73,0.035162535738505356,3394,None,None,0.0
OUT_00447,Western,77.866,2.37,51.52,0.035137551408987056,3395,None,None,0.0
OUT_08110,Western,77.754,2.51,54.55,0.03513277047704771,3396,None,None,0.0
OUT_01768,Western,196.9544,0.99,54.55,0.03510078415841584,3397,None,None,0.0
OUT_02499,Western,64.6024,1.37,24.24,0.03506548652931855,3398,None,None,0.0
OUT_08911,Western,76.83779999999999,1.29,27.27,0.03506217262115316,3399,None,None,0.0
OUT_04499,Western,94.75280000000001,1.83,48.48,0.03504398221503638,3400,None,None,0.0
OUT_05314,Western,173.35899999999998,1.06,51.52,0.034988678598629086,3401,None,None,0.0
OUT_05576,Western,455.6301,0.31,39.39,0.03497037162664026,3402,None,None,0.0
OUT_02109,Western,130.0812,1.33,48.48,0.03496523767178658,3403,None,None,0.0
OUT_03939,Western,474.36679999999996,0.32,42.42,0.03496024320589589,3404,None,None,0.0
OUT_06058,Western,134.98160000000001,1.36,51.52,0.03495334653465347,3405,None,None,0.0
OUT_02708,Western,93.73400000000001,2.41,63.64,0.0349472370049505,3406,None,None,0.0
OUT_02626,Western,524.2135,0.37,54.55,0.034916110711071105,3407,None,None,0.0
OUT_01600,Western,102.2004,1.69,48.48,0.03490676556184317,3408,None,None,0.0
OUT_03209,Western,110.00469999999999,1.57,48.48,0.034904482417138234,3409,None,None,0.0
OUT_07215,Western,836.6279999999999,0.08,18.18,0.03489584984358707,3410,None,None,0.0
OUT_06479,Western,65.7748,1.66,30.3,0.034883759744408945,3411,None,None,0.0
OUT_03090,Western,196.1332,0.88,48.48,0.034882218270008085,3412,None,None,0.0
OUT_05506,Western,201.73120000000003,1.17,66.67,0.03487889818235555,3413,None,None,0.0
OUT_04378,Western,98.67259999999999,1.32,36.36,0.034862910064239826,3414,None,None,0.0
OUT_06551,Western,206.0888,0.99,57.58,0.03482893683851143,3415,None,None,0.0
OUT_00995,Western,577.6024000000001,0.28,45.45,0.03481779806243273,3416,None,None,0.0
OUT_03917,Western,84.42790000000001,1.04,24.24,0.0347880412044374,3417,None,None,0.0
OUT_08622,Western,78.95920000000001,2.18,48.48,0.034788006467259505,3418,None,None,0.0
OUT_04580,Western,220.676,0.78,48.48,0.034787243330638644,3419,None,None,0.0
OUT_01022,Western,127.8897,1.84,66.67,0.03477420540860056,3420,None,None,0.0
OUT_04427,Western,136.7028,1.49,57.58,0.034770770228747014,3421,None,None,0.0
OUT_04314,Western,90.9751,1.89,48.48,0.03474998767178658,3422,None,None,0.0
OUT_03808,Western,71.75120000000001,2.69,54.55,0.03474540558055806,3423,None,None,0.0
OUT_02464,Western,93.2308,2.07,54.55,0.034741270207020704,3424,None,None,0.0
OUT_04266,Western,96.4158,2.11,57.58,0.03472812188460225,3425,None,None,0.0
OUT_05607,Western,209.45180000000002,0.82,48.48,0.03471109054163298,3426,None,None,0.0
OUT_07685,Western,490.35249999999996,0.2,27.27,0.03469066147859922,3427,None,None,0.0
OUT_04169,Western,102.42139999999999,1.47,42.42,0.03467514002763703,3428,None,None,0.0
OUT_01897,Western,501.7968,0.3,42.42,0.03467043758636573,3429,None,None,0.0
OUT_07499,Western,228.6715,0.75,48.48,0.03466120149555376,3430,None,None,0.0
OUT_00352,Western,380.97550000000007,0.45,48.48,0.03464813561034762,3431,None,None,0.0
OUT_02344,Western,402.0468,0.4,45.45,0.034621898815931106,3432,None,None,0.0
OUT_07921,Western,106.7414,1.9,57.58,0.03462080232161147,3433,None,None,0.0
OUT_06415,Western,713.719,0.24,48.48,0.03461854486661277,3434,None,None,0.0
OUT_01535,Western,61.0657,2.46,42.42,0.034597333486872404,3435,None,None,0.0
OUT_08112,Western,590.0448,0.29,48.48,0.03458225383993532,3436,None,None,0.0
OUT_07587,Western,517.0625,0.27,39.39,0.03456471280019807,3437,None,None,0.0
OUT_08850,Western,450.55069999999995,0.24,30.3,0.03454701853035143,3438,None,None,0.0
OUT_07220,Western,81.2613,2.49,57.58,0.03454090764766132,3439,None,None,0.0
OUT_06255,Western,386.764,0.36,39.39,0.03447265164644714,3440,None,None,0.0
OUT_02143,Western,170.35250000000002,1.0,48.48,0.03442855699272434,3441,None,None,0.0
OUT_05998,Western,171.78750000000002,0.87,42.42,0.03442080262551819,3442,None,None,0.0
OUT_00825,Western,231.6794,0.6,39.39,0.03441635058182718,3443,None,None,0.0
OUT_03729,Western,214.45959999999997,1.28,78.79,0.034403846096002,3444,None,None,0.0
OUT_05661,Western,169.97949999999997,1.0,48.48,0.034353172999191585,3445,None,None,0.0
OUT_01962,Western,74.76490000000001,2.27,48.48,0.034299984438156836,3446,None,None,0.0
OUT_00279,Western,692.1069,0.26,51.52,0.034262717821782175,3447,None,None,0.0
OUT_03463,Western,88.2436,0.98,24.24,0.0342625705229794,3448,None,None,0.0
OUT_07686,Western,76.9503,2.2,48.48,0.034213957154405825,3449,None,None,0.0
OUT_03104,Western,117.242,1.09,36.36,0.03420604389721628,3450,None,None,0.0
OUT_03118,Western,75.71950000000001,2.92,63.64,0.03420497215346535,3451,None,None,0.0
OUT_06163,Western,142.1943,0.97,39.39,0.03414916340678386,3452,None,None,0.0
OUT_02877,Western,81.5197,2.2,51.52,0.034147627570449354,3453,None,None,0.0
OUT_00002,Western,1198.6111,0.21,72.73,0.03413920127492201,3454,None,None,0.0
OUT_00942,Western,174.36130000000003,0.85,42.42,0.03413337286964533,3455,None,None,0.0
OUT_02788,Western,125.5863,1.18,42.42,0.03412985582680792,3456,None,None,0.0
OUT_06714,Western,76.1286,2.76,60.61,0.034104031163772114,3457,None,None,0.0
OUT_04116,Western,75.6927,2.5,54.55,0.03406512151215122,3458,None,None,0.0
OUT_05143,Western,165.2083,0.77,36.36,0.034049890524625266,3459,None,None,0.0
OUT_08228,Western,541.5201,0.33,51.52,0.034025444211728866,3460,None,None,0.0
OUT_07868,Western,84.9457,1.86,45.45,0.03401485511302476,3461,None,None,0.0
OUT_01960,Western,94.70479999999999,1.45,39.39,0.03399899975241396,3462,None,None,0.0
OUT_05263,Western,74.6902,1.7,36.36,0.03398644004282656,3463,None,None,0.0
OUT_00153,Western,523.8001999999999,0.36,54.55,0.03394564752475247,3464,None,None,0.0
OUT_03344,Western,506.6408,0.25,36.36,0.03390262312633833,3465,None,None,0.0
OUT_03342,Western,82.7591,2.15,51.52,0.0338789156511805,3466,None,None,0.0
OUT_02866,Western,117.92960000000001,1.16,39.39,0.03386935776182223,3467,None,None,0.0
OUT_02903,Western,63.5261,2.8,51.52,0.03386768469154607,3468,None,None,0.0
OUT_08968,Western,265.9544,0.36,27.27,0.033867557127697206,3469,None,None,0.0
OUT_01572,Western,218.0634,0.72,45.45,0.033801000645855755,3470,None,None,0.0
OUT_05871,Western,210.9742,0.55,33.33,0.03380011942907079,3471,None,None,0.0
OUT_03063,Western,83.4837,1.88,45.45,0.033788881808396114,3472,None,None,0.0
OUT_07553,Western,681.9569000000001,0.23,45.45,0.03376751065662002,3473,None,None,0.0
OUT_02150,Western,94.6427,1.44,39.39,0.03374238375835603,3474,None,None,0.0
OUT_01601,Western,78.0484,2.4,54.55,0.03372028082808281,3475,None,None,0.0
OUT_00406,Western,112.39359999999999,1.12,36.36,0.03369401284796575,3476,None,None,0.0
OUT_03978,Western,127.0926,1.39,51.52,0.033636464965727336,3477,None,None,0.0
OUT_04044,Western,504.32069999999993,0.33,48.48,0.03363496988682295,3478,None,None,0.0
OUT_04005,Western,481.37440000000004,0.43,60.61,0.03359697971108586,3479,None,None,0.0
OUT_05124,Western,228.5907,0.95,63.64,0.03359547725866337,3480,None,None,0.0
OUT_01639,Western,520.929,0.28,42.42,0.033592842008291116,3481,None,None,0.0
OUT_05216,Western,441.0283,0.4,51.52,0.03358936024371668,3482,None,None,0.0
OUT_03916,Western,398.9565,0.34,39.39,0.03358385986630354,3483,None,None,0.0
OUT_04779,Western,251.04039999999998,0.54,39.39,0.03356321267640505,3484,None,None,0.0
OUT_05030,Western,122.76219999999999,0.69,24.24,0.03356018938193344,3485,None,None,0.0
OUT_02937,Western,107.0677,1.74,54.55,0.03353695733573357,3486,None,None,0.0
OUT_02340,Western,83.71470000000001,2.71,66.67,0.03352546726762229,3487,None,None,0.0
OUT_08321,Western,190.67450000000002,0.71,39.39,0.033517923991086905,3488,None,None,0.0
OUT_02125,Western,81.7949,1.53,36.36,0.03349737607066381,3489,None,None,0.0
OUT_01829,Western,79.9873,2.07,48.48,0.03346275485044462,3490,None,None,0.0
OUT_04191,Western,149.1558,0.77,33.33,0.033454694436353044,3491,None,None,0.0
OUT_07564,Western,89.4264,1.85,48.48,0.03343549717057397,3492,None,None,0.0
OUT_00033,Western,1108.4124000000002,0.14,45.45,0.03340747814854683,3493,None,None,0.0
OUT_08267,Western,194.4207,0.85,48.48,0.03339886721907842,3494,None,None,0.0
OUT_00745,Western,220.28900000000004,0.52,33.33,0.03336739877658026,3495,None,None,0.0
OUT_01534,Western,90.36019999999999,2.05,54.55,0.033346248424842476,3496,None,None,0.0
OUT_06183,Western,77.76060000000001,1.6,36.36,0.033302184154175594,3497,None,None,0.0
OUT_08591,Western,148.06709999999998,0.84,36.36,0.03329131798715203,3498,None,None,0.0
OUT_07494,Western,174.8439,1.0,51.52,0.033290917745620714,3499,None,None,0.0
OUT_06981,Western,658.0703000000001,0.25,48.48,0.03324930780113177,3500,None,None,0.0
OUT_02433,Western,56.199,2.21,36.36,0.033244055139186296,3501,None,None,0.0
OUT_01823,Western,105.2073,1.37,42.42,0.03319530193459235,3502,None,None,0.0
OUT_01898,Western,191.5134,0.7,39.39,0.033191230502599645,3503,None,None,0.0
OUT_03436,Western,369.8077,0.58,63.64,0.03318200278465346,3504,None,None,0.0
OUT_07663,Western,87.7117,0.84,21.21,0.03317326789734353,3505,None,None,0.0
OUT_02484,Western,258.14639999999997,0.48,36.36,0.03316656102783725,3506,None,None,0.0
OUT_01690,Western,82.8258,1.98,48.48,0.03314371139854486,3507,None,None,0.0
OUT_07185,Western,123.89410000000001,1.32,48.48,0.033051780921584485,3508,None,None,0.0
OUT_02375,Western,160.6703,1.08,51.52,0.033039589489718205,3509,None,None,0.0
OUT_01390,Western,122.26859999999999,1.5,54.55,0.03301582358235824,3510,None,None,0.0
OUT_06015,Western,111.82740000000001,1.46,48.48,0.03299676717865804,3511,None,None,0.0
OUT_01956,Western,82.78710000000001,1.73,42.42,0.03298518724090281,3512,None,None,0.0
OUT_01550,Western,262.0708,0.47,36.36,0.03296929229122055,3513,None,None,0.0
OUT_04870,Western,84.4462,1.93,48.48,0.03293879668552951,3514,None,None,0.0
OUT_06110,Western,72.256,1.84,39.39,0.032916820995295866,3515,None,None,0.0
OUT_05641,Western,110.1478,1.75,57.58,0.03290519801980198,3516,None,None,0.0
OUT_05971,Western,265.1998,0.5,39.39,0.03282988363456301,3517,None,None,0.0
OUT_05316,Western,174.8121,1.04,54.55,0.032728097929792976,3518,None,None,0.0
OUT_01696,Western,73.76780000000001,2.33,51.52,0.03272638499619193,3519,None,None,0.0
OUT_08988,Western,81.17229999999999,1.99,48.48,0.032646094785772024,3520,None,None,0.0
OUT_06517,Western,128.4918,1.18,45.45,0.03264161980624327,3521,None,None,0.0
OUT_08140,Western,468.70790000000005,0.45,63.64,0.03262972694925743,3522,None,None,0.0
OUT_08203,Western,112.88510000000001,1.43,48.48,0.03262443270008084,3523,None,None,0.0
OUT_02462,Western,76.8239,2.23,51.52,0.03261943964204113,3524,None,None,0.0
OUT_01903,Western,768.5272999999997,0.21,48.48,0.0326173672190784,3525,None,None,0.0
OUT_04546,Western,75.2701,1.75,39.39,0.03261269497400347,3526,None,None,0.0
OUT_03180,Western,82.70339999999999,2.31,57.58,0.032612641515875715,3527,None,None,0.0
OUT_07341,Western,458.9874,0.33,45.45,0.03260836210979547,3528,None,None,0.0
OUT_04007,Western,155.96459999999996,1.73,81.82,0.03257893721323351,3529,None,None,0.0
OUT_05271,Western,428.6173999999999,0.33,42.42,0.03257571211423306,3530,None,None,0.0
OUT_02226,Western,254.87400000000002,0.67,51.52,0.0325143907083016,3531,None,None,0.0
OUT_08837,Western,169.0232,0.66,33.33,0.03249499330032042,3532,None,None,0.0
OUT_08486,Western,89.3787,2.46,66.67,0.03249173961873799,3533,None,None,0.0
OUT_02047,Western,500.30009999999993,0.38,57.58,0.032453744964151585,3534,None,None,0.0
OUT_01538,Western,120.69770000000001,1.33,48.48,0.03244299535165724,3535,None,None,0.0
OUT_05916,Western,179.5201,0.62,33.33,0.03242134051849695,3536,None,None,0.0
OUT_03526,Western,59.835499999999996,2.68,48.48,0.03240888035569927,3537,None,None,0.0
OUT_05942,Western,84.8897,1.31,33.33,0.03239309845616079,3538,None,None,0.0
OUT_07983,Western,123.7485,1.53,57.58,0.03232079293274155,3539,None,None,0.0
OUT_03690,Western,70.83229999999999,1.98,42.42,0.03230031183786273,3540,None,None,0.0
OUT_01904,Western,96.7721,1.65,48.48,0.03227040521422797,3541,None,None,0.0
OUT_01047,Western,81.10679999999999,2.57,63.64,0.03224697957920792,3542,None,None,0.0
OUT_05164,Western,79.169,2.63,63.64,0.03221139696782178,3543,None,None,0.0
OUT_01065,Western,86.9303,2.17,57.58,0.0322019035506999,3544,None,None,0.0
OUT_03487,Western,80.132,1.5,36.36,0.03217291220556746,3545,None,None,0.0
OUT_04963,Western,199.24489999999997,0.7,42.42,0.032121471672040526,3546,None,None,0.0
OUT_06419,Western,100.064,1.49,45.45,0.03209803229278794,3547,None,None,0.0
OUT_04118,Western,67.83160000000001,1.48,30.3,0.03207372779552716,3548,None,None,0.0
OUT_01030,Western,80.16399999999999,3.31,81.82,0.0320384979473557,3549,None,None,0.0
OUT_03043,Western,267.2209,0.52,42.42,0.03200250299401197,3550,None,None,0.0
OUT_08208,Western,177.7498,1.0,54.55,0.03199816381638164,3551,None,None,0.0
OUT_06976,Western,436.83380000000005,0.54,72.73,0.03199379519869796,3552,None,None,0.0
OUT_06405,Western,260.3094,0.57,45.45,0.03194324176533907,3553,None,None,0.0
OUT_02111,Western,141.13,1.05,45.45,0.03190236813778256,3554,None,None,0.0
OUT_06297,Western,89.58879999999999,1.76,48.48,0.031866670978173,3555,None,None,0.0
OUT_03826,Western,87.219,0.92,24.24,0.03179139461172742,3556,None,None,0.0
OUT_08664,Western,64.803,2.13,42.42,0.031789587747581755,3557,None,None,0.0
OUT_05436,Western,121.16139999999999,0.9,33.33,0.03176383920769007,3558,None,None,0.0
OUT_01184,Western,95.7837,1.74,51.52,0.03173336595582635,3559,None,None,0.0
OUT_00915,Western,78.0258,2.01,48.48,0.03169601010509296,3560,None,None,0.0
OUT_00661,Western,155.8671,1.19,57.58,0.031662999146466364,3561,None,None,0.0
OUT_06836,Western,86.9255,2.02,54.55,0.03160927272727272,3562,None,None,0.0
OUT_06123,Western,139.5513,1.12,48.48,0.031588006467259504,3563,None,None,0.0
OUT_00546,Western,157.3159,1.48,72.73,0.03157839848094398,3564,None,None,0.0
OUT_02240,Western,103.8089,1.32,42.42,0.03155867065868263,3565,None,None,0.0
OUT_04390,Western,214.3544,0.95,63.64,0.03150319925742574,3566,None,None,0.0
OUT_07858,Western,472.8982,0.37,54.55,0.031498169936993704,3567,None,None,0.0
OUT_02502,Western,192.66900000000004,0.66,39.39,0.031483421639019564,3568,None,None,0.0
OUT_03558,Western,180.73049999999998,1.23,69.7,0.031442505657708626,3569,None,None,0.0
OUT_07714,Western,133.315,1.31,54.55,0.031438820882088214,3570,None,None,0.0
OUT_02259,Western,73.5052,0.82,18.18,0.03142558081334723,3571,None,None,0.0
OUT_05751,Western,94.03920000000001,2.16,63.64,0.03142399009900991,3572,None,None,0.0
OUT_02067,Western,70.04560000000001,1.81,39.39,0.0313895855409755,3573,None,None,0.0
OUT_06308,Western,182.3951,0.85,48.48,0.03133303051738076,3574,None,None,0.0
OUT_05066,Western,247.2156,0.78,60.61,0.03129819315046259,3575,None,None,0.0
OUT_08012,Western,82.3721,1.88,48.48,0.0312974025869038,3576,None,None,0.0
OUT_04912,Western,214.7442,0.5,33.33,0.031276463734343146,3577,None,None,0.0
OUT_02442,Western,188.1319,0.52,30.3,0.03125513993610223,3578,None,None,0.0
OUT_08473,Western,238.20680000000002,0.41,30.3,0.031202807667731626,3579,None,None,0.0
OUT_00496,Western,128.5914,0.98,39.39,0.031200686308492195,3580,None,None,0.0
OUT_00353,Western,503.87609999999995,0.4,63.64,0.031180451732673264,3581,None,None,0.0
OUT_05165,Western,80.4759,1.33,33.33,0.03117767171570056,3582,None,None,0.0
OUT_05831,Western,237.79130000000004,0.45,33.33,0.031169847072531322,3583,None,None,0.0
OUT_08873,Western,119.154,1.37,51.52,0.031081679360243714,3584,None,None,0.0
OUT_04376,Western,104.0709,1.84,60.61,0.03108106735919493,3585,None,None,0.0
OUT_02963,Western,238.8784,0.21,15.15,0.031061587616099073,3586,None,None,0.0
OUT_05675,Western,99.8013,1.63,51.52,0.030974127760853003,3587,None,None,0.0
OUT_04601,Western,80.7569,2.13,54.55,0.03096529198919892,3588,None,None,0.0
OUT_01752,Western,82.4803,1.97,51.52,0.030937964775323682,3589,None,None,0.0
OUT_06432,Western,520.7155,0.42,69.7,0.030933594059405937,3590,None,None,0.0
OUT_03713,Western,91.39930000000001,1.88,54.55,0.03093261638163816,3591,None,None,0.0
OUT_01442,Western,157.7373,0.97,48.48,0.03092263156831043,3592,None,None,0.0
OUT_02255,Western,225.67499999999998,0.47,33.33,0.030896373434314003,3593,None,None,0.0
OUT_05373,Western,205.0041,0.7,45.45,0.030894051668460702,3594,None,None,0.0
OUT_04814,Western,446.54980000000006,0.51,72.73,0.030888430489624308,3595,None,None,0.0
OUT_06351,Western,294.4829,0.36,33.33,0.030880816778327987,3596,None,None,0.0
OUT_06476,Western,220.50820000000002,0.99,69.7,0.03087738585572843,3597,None,None,0.0
OUT_01581,Western,157.07059999999998,1.27,63.64,0.030860096225247522,3598,None,None,0.0
OUT_07738,Western,88.6482,1.51,42.42,0.030828830492860435,3599,None,None,0.0
OUT_05844,Western,84.58970000000001,1.36,36.36,0.03079282441113491,3600,None,None,0.0
OUT_02743,Western,75.9905,2.25,54.55,0.030779230423042304,3601,None,None,0.0
OUT_05355,Western,886.5894000000001,0.14,39.39,0.030731001733102264,3602,None,None,0.0
OUT_00833,Western,227.095,0.71,51.52,0.030700199923838534,3603,None,None,0.0
OUT_07627,Western,457.9119,0.23,33.33,0.030678630061170987,3604,None,None,0.0
OUT_03446,Western,405.5279,0.42,54.55,0.03066097533753375,3605,None,None,0.0
OUT_06700,Western,91.9374,1.75,51.52,0.030634129855293225,3606,None,None,0.0
OUT_07993,Western,488.82339999999994,0.31,48.48,0.030625556588520605,3607,None,None,0.0
OUT_06614,Western,79.73179999999999,1.55,39.39,0.030597744491210697,3608,None,None,0.0
OUT_03880,Western,75.9724,2.48,60.61,0.030581326408050634,3609,None,None,0.0
OUT_06298,Western,58.2737,1.8,33.33,0.030554226623944077,3610,None,None,0.0
OUT_05918,Western,204.32190000000003,0.83,54.55,0.030528744734473454,3611,None,None,0.0
OUT_02430,Western,189.6283,0.65,39.39,0.030517057439960388,3612,None,None,0.0
OUT_01943,Western,81.0899,1.86,48.48,0.030482460388035572,3613,None,None,0.0
OUT_05966,Western,201.6725,0.61,39.39,0.030458089873731123,3614,None,None,0.0
OUT_05987,Western,89.3301,1.17,33.33,0.030444572385668514,3615,None,None,0.0
OUT_01907,Western,557.7280000000001,0.27,48.48,0.030433823767178667,3616,None,None,0.0
OUT_01002,Western,88.762,1.28,36.36,0.03041096359743041,3617,None,None,0.0
OUT_06385,Western,88.7896,1.9,54.55,0.0303690801080108,3618,None,None,0.0
OUT_03997,Western,201.07240000000002,0.61,39.39,0.03036745828175291,3619,None,None,0.0
OUT_03904,Western,103.5497,1.45,48.48,0.030345001010509295,3620,None,None,0.0
OUT_02318,Western,209.69849999999997,0.54,36.36,0.030309740364025693,3621,None,None,0.0
OUT_04365,Western,94.0348,0.91,27.27,0.03026942624690485,3622,None,None,0.0
OUT_02904,Western,94.2568,1.49,45.45,0.030235227556512378,3623,None,None,0.0
OUT_07155,Western,203.3183,0.6,39.39,0.030203263183956424,3624,None,None,0.0
OUT_00484,Western,81.4369,1.16,30.3,0.030181087539936095,3625,None,None,0.0
OUT_06689,Western,106.78549999999998,0.97,33.33,0.030172424992717738,3626,None,None,0.0
OUT_01169,Western,121.1318,0.93,36.36,0.0301532585653105,3627,None,None,0.0
OUT_02919,Western,523.1723,0.25,42.42,0.030122771764163978,3628,None,None,0.0
OUT_04093,Western,81.9442,1.93,51.52,0.030112777227722765,3629,None,None,0.0
OUT_08038,Western,233.4741,0.56,42.42,0.03011181391064026,3630,None,None,0.0
OUT_05339,Western,63.5407,2.2,45.45,0.030094626480086113,3631,None,None,0.0
OUT_07136,Western,78.5023,1.78,45.45,0.030082689773950483,3632,None,None,0.0
OUT_07055,Western,91.8109,1.82,54.55,0.03008025886588659,3633,None,None,0.0
OUT_06108,Western,119.24690000000001,1.4,54.55,0.03005322412241224,3634,None,None,0.0
OUT_02592,Western,203.7846,0.64,42.42,0.030037343159834178,3635,None,None,0.0
OUT_04950,Western,193.43939999999998,0.58,36.36,0.03003074197002141,3636,None,None,0.0
OUT_06698,Western,513.1348,0.36,60.61,0.029983529946437267,3637,None,None,0.0
OUT_07619,Western,137.3869,0.88,39.39,0.029933268630849223,3638,None,None,0.0
OUT_07283,Western,96.7171,1.81,57.58,0.029883569648344148,3639,None,None,0.0
OUT_02829,Western,463.2068,0.26,39.39,0.029817719237435005,3640,None,None,0.0
OUT_01469,Western,137.53119999999998,0.94,42.42,0.02977414279134039,3641,None,None,0.0
OUT_06910,Western,274.79859999999996,0.47,42.42,0.02974558774758175,3642,None,None,0.0
OUT_08538,Western,100.7543,1.37,45.45,0.02971655349838536,3643,None,None,0.0
OUT_05920,Western,80.9819,1.48,39.39,0.02967398167863333,3644,None,None,0.0
OUT_08910,Western,471.72490000000005,0.33,51.52,0.029639988004569687,3645,None,None,0.0
OUT_08477,Western,514.0047999999999,0.32,54.55,0.029609637443744376,3646,None,None,0.0
OUT_06550,Western,155.4588,1.0,51.52,0.0295999238385377,3647,None,None,0.0
OUT_08976,Western,107.87950000000001,1.27,45.45,0.029495579117330462,3648,None,None,0.0
OUT_08251,Western,200.29819999999998,0.55,36.36,0.02948715471092077,3649,None,None,0.0
OUT_00584,Western,105.68220000000001,1.38,48.48,0.029474825383993535,3650,None,None,0.0
OUT_06214,Western,206.88569999999999,0.92,63.64,0.02944536571782178,3651,None,None,0.0
OUT_04296,Western,90.16900000000001,1.12,33.33,0.029417209437809504,3652,None,None,0.0
OUT_01377,Western,138.3052,0.73,33.33,0.029409494902417718,3653,None,None,0.0
OUT_00818,Western,127.81989999999999,0.65,27.27,0.029389082065794127,3654,None,None,0.0
OUT_05955,Western,94.2031,1.92,60.61,0.02935723940918682,3655,None,None,0.0
OUT_07502,Western,130.474,0.84,36.36,0.02933569593147751,3656,None,None,0.0
OUT_05221,Western,111.5621,1.46,54.55,0.029321452025202522,3657,None,None,0.0
OUT_01748,Western,106.4635,2.03,72.73,0.02931247863827478,3658,None,None,0.0
OUT_04972,Western,264.2066,0.28,24.24,0.02930976545166403,3659,None,None,0.0
OUT_08307,Western,497.4805,0.22,36.36,0.02929489025695932,3660,None,None,0.0
OUT_06012,Western,259.9081,0.25,21.21,0.029255751913552452,3661,None,None,0.0
OUT_05035,Western,135.3485,0.48,21.21,0.02925136425033768,3662,None,None,0.0
OUT_03953,Western,246.9749,0.55,45.45,0.029243529601722284,3663,None,None,0.0
OUT_01645,Western,142.95000000000002,0.95,45.45,0.029236275565123787,3664,None,None,0.0
OUT_04328,Western,507.0249,0.32,54.55,0.02920755499549955,3665,None,None,0.0
OUT_02114,Western,213.8924,0.51,36.36,0.02919837366167024,3666,None,None,0.0
OUT_05632,Western,181.0489,0.65,39.39,0.02913636667491954,3667,None,None,0.0
OUT_00585,Western,227.30129999999997,0.44,33.33,0.029132703757646376,3668,None,None,0.0
OUT_03587,Western,204.28640000000001,0.23,15.15,0.029093419195046443,3669,None,None,0.0
OUT_01574,Western,86.92949999999999,1.25,36.36,0.02908508431477516,3670,None,None,0.0
OUT_00934,Western,542.4540999999999,0.33,60.61,0.029055324298003567,3671,None,None,0.0
OUT_01458,Western,191.70320000000004,0.52,33.33,0.02903747859015439,3672,None,None,0.0
OUT_00971,Western,85.0657,2.51,72.73,0.028959027126000268,3673,None,None,0.0
OUT_03699,Western,445.35330000000005,0.42,63.64,0.028936940903465345,3674,None,None,0.0
OUT_01651,Western,152.7241,0.88,45.45,0.028933736921420882,3675,None,None,0.0
OUT_03434,Western,154.2609,0.87,45.45,0.028892784284176527,3676,None,None,0.0
OUT_00066,Western,446.7099,0.32,48.48,0.028889888439773647,3677,None,None,0.0
OUT_05413,Western,89.7484,1.3,39.39,0.02888658578856153,3678,None,None,0.0
OUT_03766,Western,757.9906000000001,0.2,51.52,0.028864836252856057,3679,None,None,0.0
OUT_03046,Western,90.9008,1.57,48.48,0.028842816491511727,3680,None,None,0.0
OUT_06142,Western,608.3010999999999,0.22,45.45,0.02881081636167922,3681,None,None,0.0
OUT_03210,Western,62.51480000000001,2.28,48.48,0.028806334680679065,3682,None,None,0.0
OUT_05060,Western,79.1842,1.8,48.48,0.028805893290218276,3683,None,None,0.0
OUT_04713,Western,489.15180000000004,0.13,21.21,0.028631127420081042,3684,None,None,0.0
OUT_02698,Western,299.3618,0.56,57.58,0.028617720723796522,3685,None,None,0.0
OUT_07400,Western,227.29600000000002,0.47,36.36,0.028594518201284797,3686,None,None,0.0
OUT_07416,Western,235.83069999999998,0.71,57.58,0.028583099522021163,3687,None,None,0.0
OUT_01832,Western,67.4263,1.84,42.42,0.028573098111469367,3688,None,None,0.0
OUT_07877,Western,789.4139999999998,0.19,51.52,0.028558389185072343,3689,None,None,0.0
OUT_04545,Western,94.7314,1.4,45.45,0.028551982777179758,3690,None,None,0.0
OUT_07629,Western,515.684,0.24,42.42,0.02850395209580838,3691,None,None,0.0
OUT_07711,Western,103.6929,1.61,57.58,0.028498731478320244,3692,None,None,0.0
OUT_08625,Western,708.4582,0.26,63.64,0.02849615284653465,3693,None,None,0.0
OUT_02094,Western,414.69000000000005,0.34,48.48,0.02849527081649152,3694,None,None,0.0
OUT_07340,Western,100.1635,1.58,54.55,0.02848934833483349,3695,None,None,0.0
OUT_03040,Western,395.5506,0.4,54.55,0.028482491449144914,3696,None,None,0.0
OUT_00349,Western,495.1257,0.18,30.3,0.028473682428115012,3697,None,None,0.0
OUT_02947,Western,72.2422,2.07,51.52,0.028473220487433355,3698,None,None,0.0
OUT_00088,Western,489.7242,0.27,45.45,0.028466207534983853,3699,None,None,0.0
OUT_05771,Western,90.29140000000001,1.94,60.61,0.028431312449277716,3700,None,None,0.0
OUT_04951,Western,108.96790000000001,1.29,48.48,0.028409173605497173,3701,None,None,0.0
OUT_01541,Western,131.805,1.0,45.45,0.0283756727664155,3702,None,None,0.0
OUT_08429,Western,141.76829999999998,0.99,48.48,0.02836512065481002,3703,None,None,0.0
OUT_06742,Western,119.2099,1.61,66.67,0.028362337668095167,3704,None,None,0.0
OUT_04233,Western,460.6313,0.23,36.36,0.028357922644539613,3705,None,None,0.0
OUT_03378,Western,70.3708,1.87,45.45,0.02833011754574812,3706,None,None,0.0
OUT_03256,Western,237.9414,0.3,24.24,0.028281465927099847,3707,None,None,0.0
OUT_02736,Western,211.7987,0.66,48.48,0.028251241309620048,3708,None,None,0.0
OUT_04274,Western,197.4529,0.88,60.61,0.028202978737217985,3709,None,None,0.0
OUT_02277,Western,239.918,0.58,48.48,0.02812296685529507,3710,None,None,0.0
OUT_00940,Western,102.75059999999999,1.52,54.55,0.028115375697569757,3711,None,None,0.0
OUT_08153,Western,162.0663,0.49,27.27,0.02809072762645914,3712,None,None,0.0
OUT_05218,Western,184.6132,0.43,27.27,0.028080536257516803,3713,None,None,0.0
OUT_01282,Western,70.8607,1.6,39.39,0.02807059173062639,3714,None,None,0.0
OUT_00175,Western,455.2826,0.23,36.36,0.028028639721627408,3715,None,None,0.0
OUT_03653,Western,810.8698999999999,0.15,42.42,0.02801254836480884,3716,None,None,0.0
OUT_08336,Western,125.1734,1.31,57.58,0.027992003072721067,3717,None,None,0.0
OUT_06020,Western,197.87899999999996,1.0,69.7,0.027988543140028282,3718,None,None,0.0
OUT_06878,Western,100.9914,1.37,48.48,0.027962453112368637,3719,None,None,0.0
OUT_00400,Western,443.6262,0.35,54.55,0.027951245724572454,3720,None,None,0.0
OUT_02040,Western,142.7739,0.85,42.42,0.027949750115154305,3721,None,None,0.0
OUT_04818,Western,207.59820000000002,0.38,27.27,0.027904957905907322,3722,None,None,0.0
OUT_04205,Western,155.9074,0.56,30.3,0.027893975718849842,3723,None,None,0.0
OUT_01925,Western,480.4939,0.34,57.58,0.02788800375554797,3724,None,None,0.0
OUT_03776,Western,122.37810000000002,0.92,39.39,0.027875179995048283,3725,None,None,0.0
OUT_08706,Western,114.5236,1.72,69.7,0.027861469872701553,3726,None,None,0.0
OUT_01474,Western,117.0545,0.96,39.39,0.02782181728150532,3727,None,None,0.0
OUT_03187,Western,81.41550000000001,1.38,39.39,0.027817130477841054,3728,None,None,0.0
OUT_00573,Western,411.8395,0.15,21.21,0.02781446420531292,3729,None,None,0.0
OUT_02230,Western,201.76860000000002,0.64,45.45,0.027800194617868677,3730,None,None,0.0
OUT_04363,Western,70.85820000000001,1.94,48.48,0.027781913500404206,3731,None,None,0.0
OUT_06728,Western,89.37100000000001,1.16,36.36,0.02774902569593148,3732,None,None,0.0
OUT_01070,Western,112.47630000000001,1.22,48.48,0.027732636620856913,3733,None,None,0.0
OUT_00441,Western,141.6475,0.85,42.42,0.027729243436204518,3734,None,None,0.0
OUT_00498,Western,225.53099999999998,0.31,24.24,0.02769992472266244,3735,None,None,0.0
OUT_00732,Western,200.7407,0.39,27.27,0.027693269543685884,3736,None,None,0.0
OUT_01276,Western,83.3383,1.04,30.3,0.027690681150159744,3737,None,None,0.0
OUT_04899,Western,220.8972,0.62,48.48,0.02767911560226354,3738,None,None,0.0
OUT_04192,Western,66.6705,1.55,36.36,0.02766040551391863,3739,None,None,0.0
OUT_05673,Western,95.5342,1.52,51.52,0.027648892612338154,3740,None,None,0.0
OUT_02699,Western,260.8803,0.46,42.42,0.027638170888991242,3741,None,None,0.0
OUT_01494,Western,100.1966,1.95,69.7,0.027635554455445546,3742,None,None,0.0
OUT_00987,Western,109.01089999999999,1.1,42.42,0.027616764163979735,3743,None,None,0.0
OUT_02305,Western,230.6771,0.41,33.33,0.027549551704048932,3744,None,None,0.0
OUT_07602,Western,79.06530000000001,1.83,51.52,0.02754940955826352,3745,None,None,0.0
OUT_03233,Western,432.29970000000003,0.18,27.27,0.027525272727272725,3746,None,None,0.0
OUT_03417,Western,103.98129999999999,1.47,54.55,0.027516203600360035,3747,None,None,0.0
OUT_05419,Western,155.3582,0.93,51.52,0.027510115384615386,3748,None,None,0.0
OUT_02542,Western,64.1083,2.25,51.52,0.027464523038842344,3749,None,None,0.0
OUT_00156,Western,455.3756,0.28,45.45,0.02744998234660926,3750,None,None,0.0
OUT_01854,Western,465.0485,0.31,51.52,0.02744954969535415,3751,None,None,0.0
OUT_08056,Western,99.99990000000001,1.69,60.61,0.027430584483038468,3752,None,None,0.0
OUT_03617,Western,98.2325,1.55,54.55,0.027409608460846085,3753,None,None,0.0
OUT_06987,Western,85.6289,1.68,51.52,0.027390813404417364,3754,None,None,0.0
OUT_08105,Western,199.7812,0.72,51.52,0.027388130997715154,3755,None,None,0.0
OUT_01364,Western,211.4674,0.64,48.48,0.027352291026677446,3756,None,None,0.0
OUT_00363,Western,442.9789,0.38,60.61,0.027322185034896935,3757,None,None,0.0
OUT_00657,Western,83.5846,1.32,39.39,0.027316581332012875,3758,None,None,0.0
OUT_01804,Western,266.5438,0.6,57.58,0.027300491635370433,3759,None,None,0.0
OUT_08971,Western,117.42620000000001,1.15,48.48,0.027291861358124496,3760,None,None,0.0
OUT_01713,Western,81.1447,0.95,27.27,0.027268293243721257,3761,None,None,0.0
OUT_03444,Western,444.7822,0.21,33.33,0.02720776638508593,3762,None,None,0.0
OUT_07903,Western,86.4651,1.65,51.52,0.027164397372429552,3763,None,None,0.0
OUT_03397,Western,84.81049999999999,1.39,42.42,0.027150298249654533,3764,None,None,0.0
OUT_05795,Western,76.8291,2.07,57.58,0.02714855530897917,3765,None,None,0.0
OUT_07174,Western,83.1162,2.01,60.61,0.0271163061191365,3766,None,None,0.0
OUT_03778,Western,100.8341,0.76,27.27,0.027107858507251503,3767,None,None,0.0
OUT_00031,Western,881.7319,0.18,57.58,0.0270931618299761,3768,None,None,0.0
OUT_08445,Western,87.0218,0.88,27.27,0.027088498054474705,3769,None,None,0.0
OUT_02265,Western,138.0507,1.03,51.52,0.027073918697638998,3770,None,None,0.0
OUT_06078,Western,108.0235,0.86,33.33,0.02706094086804544,3771,None,None,0.0
OUT_05530,Western,244.77130000000002,0.48,42.42,0.02705901059419622,3772,None,None,0.0
OUT_02702,Western,113.01310000000001,1.33,54.55,0.027058041944194422,3773,None,None,0.0
OUT_07856,Western,205.9719,0.65,48.48,0.027057747574777694,3774,None,None,0.0
OUT_04688,Western,88.4078,1.79,57.58,0.027014332878115395,3775,None,None,0.0
OUT_01387,Western,80.9495,1.65,48.48,0.026994073362974942,3776,None,None,0.0
OUT_06916,Western,102.6878,1.46,54.55,0.02698905274527453,3777,None,None,0.0
OUT_01835,Western,512.8612,0.26,48.48,0.026949052546483426,3778,None,None,0.0
OUT_00132,Western,391.07869999999997,0.32,45.45,0.02694191259418729,3779,None,None,0.0
OUT_06349,Western,156.6857,0.59,33.33,0.026928215263617824,3780,None,None,0.0
OUT_05773,Western,189.4969,0.66,45.45,0.026925286114101186,3781,None,None,0.0
OUT_00858,Western,76.7818,2.05,57.58,0.02686969784909525,3782,None,None,0.0
OUT_02996,Western,521.5579,0.13,24.24,0.02686312480190175,3783,None,None,0.0
OUT_00891,Western,248.44140000000002,0.24,21.21,0.026846436740207112,3784,None,None,0.0
OUT_05342,Western,149.9927,0.83,45.45,0.026801709580193758,3785,None,None,0.0
OUT_07368,Western,493.2673,0.45,81.82,0.026801531634870805,3786,None,None,0.0
OUT_04046,Western,141.43490000000003,0.88,45.45,0.02679498643702907,3787,None,None,0.0
OUT_05739,Western,237.20959999999997,0.49,42.42,0.026769392906494698,3788,None,None,0.0
OUT_05163,Western,188.3129,0.66,45.45,0.026757053606027988,3789,None,None,0.0
OUT_02311,Western,187.1922,0.49,33.33,0.026718374016894846,3790,None,None,0.0
OUT_05324,Western,181.9799,0.86,57.58,0.026716065892796174,3791,None,None,0.0
OUT_01985,Western,490.4059,0.22,39.39,0.026711883634563012,3792,None,None,0.0
OUT_04441,Western,97.4217,1.44,51.52,0.026711204874333587,3793,None,None,0.0
OUT_04213,Western,89.4525,1.93,63.64,0.02670843517945544,3794,None,None,0.0
OUT_05484,Western,61.623999999999995,2.67,60.61,0.026706067196883617,3795,None,None,0.0
OUT_02447,Western,77.04679999999999,1.4,39.39,0.02670599653379549,3796,None,None,0.0
OUT_01212,Western,733.435,0.18,48.48,0.026681143896523846,3797,None,None,0.0
OUT_05407,Western,498.0951,0.2,36.36,0.026664619914346897,3798,None,None,0.0
OUT_03255,Western,172.45349999999996,1.14,72.73,0.02666445002034449,3799,None,None,0.0
OUT_04492,Western,463.1098,0.18,30.3,0.026632512460063897,3800,None,None,0.0
OUT_07764,Western,82.6643,2.18,66.67,0.0266304380079799,3801,None,None,0.0
OUT_06534,Western,205.41770000000002,0.72,54.55,0.02662479639963997,3802,None,None,0.0
OUT_07086,Western,100.4507,0.99,36.36,0.026618360010706638,3803,None,None,0.0
OUT_01969,Western,79.2661,1.66,48.48,0.02659291147938561,3804,None,None,0.0
OUT_04278,Western,118.90060000000001,0.7,30.3,0.026591188498402554,3805,None,None,0.0
OUT_00655,Western,71.9436,3.17,84.85,0.026565080023296453,3806,None,None,0.0
OUT_01144,Western,80.92269999999999,2.32,69.7,0.026554549363507773,3807,None,None,0.0
OUT_07028,Western,108.19290000000001,1.14,45.45,0.02655326286329386,3808,None,None,0.0
OUT_04375,Western,78.02610000000001,1.68,48.48,0.026492289409862573,3809,None,None,0.0
OUT_01341,Western,102.68249999999999,1.12,42.42,0.026486503915246432,3810,None,None,0.0
OUT_00302,Western,615.6472,0.33,75.76,0.026467375716519016,3811,None,None,0.0
OUT_07457,Western,69.0142,2.24,57.58,0.026389861386138618,3812,None,None,0.0
OUT_06358,Western,754.8839,0.12,33.33,0.02638685348092048,3813,None,None,0.0
OUT_01264,Western,87.42599999999999,1.31,42.42,0.02637679871027176,3814,None,None,0.0
OUT_04685,Western,177.2011,0.51,33.33,0.026324660937955144,3815,None,None,0.0
OUT_05391,Western,96.79610000000001,0.85,30.3,0.02628648083067093,3816,None,None,0.0
OUT_07652,Western,77.4062,1.68,48.48,0.02628181406628941,3817,None,None,0.0
OUT_04141,Western,66.2631,1.96,48.48,0.026248115602263537,3818,None,None,0.0
OUT_02004,Western,81.4567,1.79,54.55,0.026247973537353735,3819,None,None,0.0
OUT_06491,Western,100.8406,0.42,15.15,0.0262248,3820,None,None,0.0
OUT_05609,Western,264.586,0.49,48.48,0.026201928051738075,3821,None,None,0.0
OUT_03649,Western,221.1836,0.55,45.45,0.026189662002152853,3822,None,None,0.0
OUT_06166,Western,79.45439999999999,2.13,63.64,0.02618160148514851,3823,None,None,0.0
OUT_08508,Western,223.9543,0.33,27.27,0.02614252529182879,3824,None,None,0.0
OUT_03903,Western,68.74849999999999,1.65,42.42,0.026125063334868723,3825,None,None,0.0
OUT_04484,Western,220.3512,0.55,45.45,0.02609110010764263,3826,None,None,0.0
OUT_06761,Western,105.27449999999999,0.7,27.27,0.026067262115316583,3827,None,None,0.0
OUT_06777,Western,519.0912000000001,0.4,78.79,0.02602287003383883,3828,None,None,0.0
OUT_07966,Western,223.9124,0.61,51.52,0.026006581111957344,3829,None,None,0.0
OUT_03927,Western,476.02129999999994,0.32,57.58,0.026003212017753498,3830,None,None,0.0
OUT_05624,Western,121.79880000000001,1.12,51.52,0.02597384920030465,3831,None,None,0.0
OUT_08454,Western,81.4777,1.77,54.55,0.025961391359135916,3832,None,None,0.0
OUT_02475,Western,799.6895000000002,0.19,57.58,0.02593735148514852,3833,None,None,0.0
OUT_07768,Western,91.5764,1.57,54.55,0.025882078847884796,3834,None,None,0.0
OUT_04513,Western,95.451,0.52,18.18,0.02587826903023983,3835,None,None,0.0
OUT_06529,Western,431.8116,0.26,42.42,0.025856982035928143,3836,None,None,0.0
OUT_01428,Western,176.5124,1.08,72.73,0.025855607215516073,3837,None,None,0.0
OUT_03878,Western,522.2271999999999,0.26,51.52,0.02585283168316831,3838,None,None,0.0
OUT_08907,Western,192.91889999999998,0.46,33.33,0.025849896300611706,3839,None,None,0.0
OUT_04733,Western,456.749,0.28,48.48,0.025846750202101865,3840,None,None,0.0
OUT_00630,Western,114.084,1.12,48.48,0.025823379143088118,3841,None,None,0.0
OUT_02058,Western,573.6536000000001,0.25,54.55,0.025816993699369944,3842,None,None,0.0
OUT_02873,Western,196.34250000000003,0.45,33.33,0.02573670987474513,3843,None,None,0.0
OUT_02828,Western,119.00540000000001,1.2,54.55,0.02570773717371738,3844,None,None,0.0
OUT_02011,Western,120.15380000000002,0.54,24.24,0.02570643898573693,3845,None,None,0.0
OUT_05327,Western,90.6375,1.66,57.58,0.025684235233868216,3846,None,None,0.0
OUT_05457,Western,87.36959999999999,0.83,27.27,0.025651492041032894,3847,None,None,0.0
OUT_08413,Western,154.48630000000003,0.72,42.42,0.025617258406264398,3848,None,None,0.0
OUT_07288,Western,79.7539,1.2,36.36,0.025616884368308356,3849,None,None,0.0
OUT_06303,Western,80.3908,1.19,36.36,0.025606277301927195,3850,None,None,0.0
OUT_08967,Western,90.028,1.66,57.58,0.02551151928986002,3851,None,None,0.0
OUT_05848,Western,106.0741,1.19,48.48,0.025510949676637022,3852,None,None,0.0
OUT_05926,Western,82.9421,1.52,48.48,0.025479383993532737,3853,None,None,0.0
OUT_06401,Western,120.49180000000001,1.11,51.52,0.025465707920792082,3854,None,None,0.0
OUT_06067,Western,108.3831,1.02,42.42,0.025460792722247813,3855,None,None,0.0
OUT_05921,Western,73.9538,1.39,39.39,0.025450800198068828,3856,None,None,0.0
OUT_02954,Western,168.8614,1.11,72.73,0.02542196582123966,3857,None,None,0.0
OUT_07017,Western,101.6934,1.31,51.52,0.025365261614623,3858,None,None,0.0
OUT_00927,Western,86.7782,2.33,78.79,0.02534067000877303,3859,None,None,0.0
OUT_04998,Western,76.0067,1.75,51.52,0.025325918697638995,3860,None,None,0.0
OUT_02429,Western,96.41980000000001,1.22,45.45,0.02532446846071044,3861,None,None,0.0
OUT_07779,Western,105.75979999999998,1.91,78.79,0.025316608346910636,3862,None,None,0.0
OUT_04771,Western,103.87679999999999,1.28,51.52,0.02531650875856816,3863,None,None,0.0
OUT_03065,Western,904.0651,0.13,45.45,0.02530214488697524,3864,None,None,0.0
OUT_05901,Western,108.11059999999999,1.37,57.58,0.02528363298053943,3865,None,None,0.0
OUT_05612,Western,54.248099999999994,1.6,33.33,0.025283122633265365,3866,None,None,0.0
OUT_02657,Western,87.64259999999999,0.99,33.33,0.025274154966501598,3867,None,None,0.0
OUT_06242,Western,389.94300000000004,0.34,51.52,0.02524383472962681,3868,None,None,0.0
OUT_05513,Western,92.1066,1.19,42.42,0.025243402579456467,3869,None,None,0.0
OUT_02060,Western,105.29220000000001,1.33,54.55,0.02520947362736274,3870,None,None,0.0
OUT_02746,Western,211.08679999999998,0.88,72.73,0.025194138613861383,3871,None,None,0.0
OUT_04300,Western,88.8014,1.49,51.52,0.025193085681645088,3872,None,None,0.0
OUT_00666,Western,317.783,0.32,39.39,0.02517716266402575,3873,None,None,0.0
OUT_01222,Western,125.4656,0.81,39.39,0.02516145976726913,3874,None,None,0.0
OUT_08059,Western,499.078,0.28,54.55,0.02515604680468047,3875,None,None,0.0
OUT_07945,Western,156.6137,0.6,36.36,0.025152093147751606,3876,None,None,0.0
OUT_02168,Western,84.55940000000001,1.65,54.55,0.02511665346534654,3877,None,None,0.0
OUT_06701,Western,155.4749,0.75,45.45,0.025103589881593107,3878,None,None,0.0
OUT_04231,Western,228.621,0.51,45.45,0.02510155220667384,3879,None,None,0.0
OUT_07284,Western,174.346,0.45,30.3,0.025065718849840258,3880,None,None,0.0
OUT_03354,Western,76.98819999999999,1.51,45.45,0.025027380409041976,3881,None,None,0.0
OUT_04574,Western,90.2316,1.12,39.39,0.02502089428076257,3882,None,None,0.0
OUT_03066,Western,132.34320000000002,1.05,54.55,0.02501536633663367,3883,None,None,0.0
OUT_03520,Western,82.9831,1.49,48.48,0.024988847817299917,3884,None,None,0.0
OUT_03543,Western,76.775,1.51,45.45,0.024958073196986008,3885,None,None,0.0
OUT_02882,Western,101.9984,1.58,63.64,0.024931539603960398,3886,None,None,0.0
OUT_02199,Western,92.0122,0.93,33.33,0.024926113020681626,3887,None,None,0.0
OUT_02738,Western,83.818,1.2,39.39,0.024902599653379553,3888,None,None,0.0
OUT_03166,Western,97.5175,1.03,39.39,0.0248682904184204,3889,None,None,0.0
OUT_05046,Western,533.3171,0.16,33.33,0.024856025633556655,3890,None,None,0.0
OUT_00641,Western,88.7294,1.3,45.45,0.024832770721205596,3891,None,None,0.0
OUT_05120,Western,725.4229,0.19,54.55,0.024811944374437445,3892,None,None,0.0
OUT_06257,Western,569.1780000000001,0.11,24.24,0.024805697305863718,3893,None,None,0.0
OUT_08751,Western,170.2591,0.5,33.33,0.024797422079813575,3894,None,None,0.0
OUT_07020,Western,511.12829999999997,0.24,48.48,0.02479199514955537,3895,None,None,0.0
OUT_06344,Western,69.49470000000001,0.9,24.24,0.02478020206022188,3896,None,None,0.0
OUT_00529,Western,215.1806,0.43,36.36,0.02476650374732334,3897,None,None,0.0
OUT_00562,Western,121.9584,0.82,39.39,0.024760061401336964,3898,None,None,0.0
OUT_08957,Western,87.9602,0.71,24.24,0.024743162440570527,3899,None,None,0.0
OUT_07932,Western,204.95730000000003,0.67,54.55,0.02472032241224123,3900,None,None,0.0
OUT_00559,Western,109.4126,0.57,24.24,0.024708867670364502,3901,None,None,0.0
OUT_00828,Western,187.75010000000003,0.77,57.58,0.024678657733014683,3902,None,None,0.0
OUT_04800,Western,93.8655,1.54,57.58,0.02467614714919768,3903,None,None,0.0
OUT_08792,Western,65.4226,2.55,66.67,0.024653115117481895,3904,None,None,0.0
OUT_02069,Western,76.5326,0.52,15.15,0.024642075541795667,3905,None,None,0.0
OUT_00244,Western,460.02539999999993,0.2,36.36,0.024626627408993573,3906,None,None,0.0
OUT_08462,Western,76.9054,1.39,42.42,0.024619646706586822,3907,None,None,0.0
OUT_04200,Western,173.97619999999998,0.4,27.27,0.024616370711001055,3908,None,None,0.0
OUT_05034,Western,222.05020000000002,0.38,33.33,0.024578816195747165,3909,None,None,0.0
OUT_06999,Western,214.62510000000003,0.74,63.64,0.024570323948019807,3910,None,None,0.0
OUT_04556,Western,570.4159999999999,0.2,45.45,0.024560430570505914,3911,None,None,0.0
OUT_04892,Western,444.96440000000007,0.34,60.61,0.024555737055672783,3912,None,None,0.0
OUT_05616,Western,156.3542,0.92,57.58,0.02455545646978491,3913,None,None,0.0
OUT_02448,Western,104.92859999999999,1.51,63.64,0.024511476794554454,3914,None,None,0.0
OUT_01705,Western,486.1244,0.28,54.55,0.024503120072007202,3915,None,None,0.0
OUT_03443,Western,449.399,0.22,39.39,0.02447828175290914,3916,None,None,0.0
OUT_06334,Western,63.4302,0.74,18.18,0.024472548488008342,3917,None,None,0.0
OUT_05414,Western,66.23329999999999,1.38,36.36,0.024465191113490357,3918,None,None,0.0
OUT_01374,Western,229.6638,0.43,39.39,0.024450466452092104,3919,None,None,0.0
OUT_02202,Western,67.56620000000001,1.68,45.45,0.02443729085037675,3920,None,None,0.0
OUT_03574,Western,214.45189999999997,0.46,39.39,0.024423836098044067,3921,None,None,0.0
OUT_06868,Western,85.8331,0.89,30.3,0.02440621693290735,3922,None,None,0.0
OUT_03134,Western,556.7961,0.23,51.52,0.024383682977913178,3923,None,None,0.0
OUT_08200,Western,69.2201,1.85,51.52,0.024382556169078452,3924,None,None,0.0
OUT_08424,Western,93.76939999999999,1.52,57.58,0.024330742232843972,3925,None,None,0.0
OUT_04522,Western,54.724000000000004,1.93,42.42,0.024324578535237215,3926,None,None,0.0
OUT_01188,Western,83.4988,1.0,33.33,0.024322400233032337,3927,None,None,0.0
OUT_00205,Western,573.0147,0.21,48.48,0.024319540622473722,3928,None,None,0.0
OUT_02995,Western,90.61059999999999,0.84,30.3,0.024317221725239615,3929,None,None,0.0
OUT_00009,Western,1350.4683,0.1,54.55,0.024310860486048604,3930,None,None,0.0
OUT_06938,Western,454.09079999999994,0.2,36.36,0.024308929336188435,3931,None,None,0.0
OUT_03739,Western,432.8302,0.38,66.67,0.024305523274715527,3932,None,None,0.0
OUT_05772,Western,221.0343,0.41,36.36,0.02425697617773019,3933,None,None,0.0
OUT_01575,Western,96.7919,1.24,48.48,0.024256660468876312,3934,None,None,0.0
OUT_06706,Western,219.10379999999998,0.38,33.33,0.024252678124089717,3935,None,None,0.0
OUT_05127,Western,95.51180000000001,1.41,54.55,0.024243319171917195,3936,None,None,0.0
OUT_07228,Western,61.556999999999995,1.71,42.42,0.024242853523721786,3937,None,None,0.0
OUT_04686,Western,219.0923,0.48,42.42,0.024220245048364807,3938,None,None,0.0
OUT_05061,Western,93.5799,1.2,45.45,0.02417564693218514,3939,None,None,0.0
OUT_06779,Western,123.20020000000001,1.09,54.55,0.02417429666966697,3940,None,None,0.0
OUT_00419,Western,74.8139,1.99,60.61,0.02416485327057296,3941,None,None,0.0
OUT_05814,Western,462.7155,0.29,54.55,0.024156164716471647,3942,None,None,0.0
OUT_05435,Western,248.85360000000003,0.48,48.48,0.02414101212611156,3943,None,None,0.0
OUT_06396,Western,107.756,0.97,42.42,0.024072620912022107,3944,None,None,0.0
OUT_07908,Western,485.92160000000007,0.26,51.52,0.024055524752475247,3945,None,None,0.0
OUT_00545,Western,242.8004,0.37,36.36,0.024046078158458245,3946,None,None,0.0
OUT_06633,Western,81.6568,1.99,66.67,0.024013156790305894,3947,None,None,0.0
OUT_06806,Western,75.169,1.29,39.39,0.024007925229017082,3948,None,None,0.0
OUT_00281,Western,393.702,0.32,51.52,0.023987936024371666,3949,None,None,0.0
OUT_00990,Western,550.183,0.11,24.24,0.0239778645007924,3950,None,None,0.0
OUT_03278,Western,99.18780000000001,0.61,24.24,0.02397169492868463,3951,None,None,0.0
OUT_06185,Western,183.7516,0.25,18.18,0.023950938477580813,3952,None,None,0.0
OUT_06729,Western,87.9306,0.77,27.27,0.02394996887159533,3953,None,None,0.0
OUT_01475,Western,77.9183,1.52,48.48,0.023936098625707357,3954,None,None,0.0
OUT_03414,Western,548.853,0.11,24.24,0.023919900950871632,3955,None,None,0.0
OUT_08585,Western,96.2033,1.38,54.55,0.023899289648964896,3956,None,None,0.0
OUT_02810,Western,246.34709999999998,0.48,48.48,0.023897859337105896,3957,None,None,0.0
OUT_08143,Western,216.15699999999998,0.48,42.42,0.02389575310916628,3958,None,None,0.0
OUT_01315,Western,72.63730000000001,0.93,27.27,0.023895539087371777,3959,None,None,0.0
OUT_07094,Western,139.85969999999998,0.69,39.39,0.023892843030453078,3960,None,None,0.0
OUT_06042,Western,281.3801,0.42,48.48,0.023884325383993533,3961,None,None,0.0
OUT_04629,Western,181.4937,0.77,57.58,0.02385629037214066,3962,None,None,0.0
OUT_04419,Western,83.2141,1.94,66.67,0.02385626629230087,3963,None,None,0.0
OUT_07186,Western,134.71609999999998,0.93,51.52,0.023854907273419646,3964,None,None,0.0
OUT_05362,Western,184.88809999999998,0.56,42.42,0.023845540304007373,3965,None,None,0.0
OUT_05224,Western,67.14760000000001,0.68,18.18,0.023806239833159548,3966,None,None,0.0
OUT_07889,Western,104.5128,0.92,39.39,0.023805837088388217,3967,None,None,0.0
OUT_01297,Western,110.6142,1.13,51.52,0.02379932330540746,3968,None,None,0.0
OUT_06559,Western,507.075,0.09,18.18,0.0237939259645464,3969,None,None,0.0
OUT_00638,Western,240.26710000000003,0.52,51.52,0.02378882178217822,3970,None,None,0.0
OUT_07093,Western,435.84030000000007,0.27,48.48,0.023782716451091354,3971,None,None,0.0
OUT_08332,Western,415.85990000000004,0.3,51.52,0.023754373571972583,3972,None,None,0.0
OUT_04452,Western,72.40129999999999,2.12,63.64,0.02374547586633663,3973,None,None,0.0
OUT_02923,Western,209.30689999999998,0.63,54.55,0.023737776237623763,3974,None,None,0.0
OUT_03194,Western,273.8956,0.35,39.39,0.023734454072790293,3975,None,None,0.0
OUT_04904,Western,239.4259,0.4,39.39,0.02371140381282496,3976,None,None,0.0
OUT_03596,Western,232.8365,0.38,36.36,0.023682513383297646,3977,None,None,0.0
OUT_02172,Western,201.72560000000001,0.83,69.7,0.023682071852899576,3978,None,None,0.0
OUT_00977,Western,75.0205,1.37,42.42,0.023670678258866883,3979,None,None,0.0
OUT_05646,Western,89.3081,1.23,45.45,0.0236488617868676,3980,None,None,0.0
OUT_04723,Western,134.89890000000003,0.76,42.42,0.023611967756794108,3981,None,None,0.0
OUT_06295,Western,129.8692,1.23,66.67,0.02360560307374021,3982,None,None,0.0
OUT_02958,Western,193.50039999999996,1.01,81.82,0.023597609756097555,3983,None,None,0.0
OUT_06374,Western,77.2242,1.14,36.36,0.023564129550321198,3984,None,None,0.0
OUT_04868,Western,198.2388,0.66,54.55,0.023553124752475247,3985,None,None,0.0
OUT_03079,Western,92.8634,0.87,33.33,0.023533690066996796,3986,None,None,0.0
OUT_05800,Western,210.2163,0.52,45.45,0.02353336404736275,3987,None,None,0.0
OUT_03994,Western,495.68180000000007,0.22,45.45,0.023476855974165774,3988,None,None,0.0
OUT_07946,Western,121.3417,0.84,42.42,0.023474672501151542,3989,None,None,0.0
OUT_06206,Western,159.6183,0.46,30.3,0.02345828051118211,3990,None,None,0.0
OUT_02014,Western,417.2001,0.38,66.67,0.023427817053347125,3991,None,None,0.0
OUT_00103,Western,319.93279999999993,0.34,45.45,0.023418116684607096,3992,None,None,0.0
OUT_06844,Western,72.8649,1.59,48.48,0.02341454951495554,3993,None,None,0.0
OUT_04590,Western,190.74360000000001,0.57,45.45,0.023406641980624324,3994,None,None,0.0
OUT_07267,Western,61.442400000000006,1.99,51.52,0.023280726580350346,3995,None,None,0.0
OUT_03025,Western,77.7902,1.75,57.58,0.02323879310344828,3996,None,None,0.0
OUT_08975,Western,82.4658,1.48,51.52,0.023238648895658798,3997,None,None,0.0
OUT_03786,Western,781.0068999999999,0.12,39.39,0.02320396830898737,3998,None,None,0.0
OUT_02677,Western,80.2637,1.08,36.36,0.02320256852248394,3999,None,None,0.0
OUT_08411,Western,173.80540000000002,0.62,45.45,0.023198998493003227,4000,None,None,0.0
OUT_05706,Western,75.8154,1.05,33.33,0.02318851441887562,4001,None,None,0.0
OUT_04907,Western,120.2194,0.72,36.36,0.023168620985010706,4002,None,None,0.0
OUT_07373,Western,85.291,0.85,30.3,0.02316209265175719,4003,None,None,0.0
OUT_00197,Western,372.15180000000004,0.44,69.7,0.023160790947666196,4004,None,None,0.0
OUT_07557,Western,478.3935,0.21,42.42,0.023137410179640716,4005,None,None,0.0
OUT_08434,Western,62.426300000000005,1.16,30.3,0.02313562555910543,4006,None,None,0.0
OUT_07819,Western,171.24880000000002,0.75,54.55,0.023120900090009004,4007,None,None,0.0
OUT_07115,Western,233.27959999999996,0.58,57.58,0.023096990099009895,4008,None,None,0.0
OUT_03670,Western,75.04260000000001,0.87,27.27,0.023094114609126283,4009,None,None,0.0
OUT_05016,Western,158.1203,0.28,18.18,0.023083255474452554,4010,None,None,0.0
OUT_05229,Western,99.0525,0.8,33.33,0.02308243518788232,4011,None,None,0.0
OUT_04273,Western,76.5643,1.4,45.45,0.02307643057050592,4012,None,None,0.0
OUT_07832,Western,512.4473,0.1,21.21,0.02307281855020261,4013,None,None,0.0
OUT_01616,Western,112.50330000000001,0.89,42.42,0.02306032634730539,4014,None,None,0.0
OUT_08545,Western,98.2569,1.09,45.45,0.023057055113024756,4015,None,None,0.0
OUT_06072,Western,442.84839999999997,0.21,39.39,0.02302504679376083,4016,None,None,0.0
OUT_03552,Western,260.5842,0.33,36.36,0.023017341006423983,4017,None,None,0.0
OUT_08711,Western,112.01330000000002,1.39,66.67,0.023008495197280925,4018,None,None,0.0
OUT_02063,Western,62.3305,1.49,39.39,0.0229939205248824,4019,None,None,0.0
OUT_08961,Western,91.18430000000001,1.17,45.45,0.022967843057050588,4020,None,None,0.0
OUT_08662,Western,81.9897,1.13,39.39,0.022938440455558304,4021,None,None,0.0
OUT_07594,Western,78.9193,1.35,45.45,0.022936717976318625,4022,None,None,0.0
OUT_05930,Western,67.2533,1.48,42.42,0.02292374113311838,4023,None,None,0.0
OUT_03725,Western,79.2612,1.08,36.36,0.022912766595289083,4024,None,None,0.0
OUT_00114,Western,470.974,0.27,54.55,0.022891625562556257,4025,None,None,0.0
OUT_03429,Western,102.0055,1.11,48.48,0.022883206345998386,4026,None,None,0.0
OUT_08465,Western,208.59480000000002,0.31,27.27,0.022873854969932793,4027,None,None,0.0
OUT_02884,Western,75.21520000000001,1.41,45.45,0.022831739935414427,4028,None,None,0.0
OUT_00412,Western,80.3351,1.32,45.45,0.02282935026910656,4029,None,None,0.0
OUT_03733,Western,81.8214,1.21,42.42,0.02280144956241363,4030,None,None,0.0
OUT_02245,Western,87.7642,0.89,33.33,0.02275273463443053,4031,None,None,0.0
OUT_06389,Western,72.9254,1.54,48.48,0.02269707275666936,4032,None,None,0.0
OUT_04017,Western,254.51749999999998,0.36,39.39,0.022685392423867294,4033,None,None,0.0
OUT_08067,Western,526.0092999999999,0.2,45.45,0.022648409041980618,4034,None,None,0.0
OUT_02910,Western,149.48149999999998,0.52,33.33,0.022642114768424117,4035,None,None,0.0
OUT_04857,Western,326.38309999999996,0.28,39.39,0.02262621143847487,4036,None,None,0.0
OUT_08774,Western,62.465300000000006,2.01,54.55,0.022602205760576057,4037,None,None,0.0
OUT_00091,Western,408.0252,0.24,42.42,0.022553212344541683,4038,None,None,0.0
OUT_06846,Western,59.796899999999994,1.18,30.3,0.02254324025559105,4039,None,None,0.0
OUT_06528,Western,110.9201,1.19,57.58,0.022532420450665756,4040,None,None,0.0
OUT_04760,Western,74.9273,0.85,27.27,0.022528547930668556,4041,None,None,0.0
OUT_04493,Western,116.20000000000002,0.84,42.42,0.022479963150621833,4042,None,None,0.0
OUT_00330,Western,442.9099,0.22,42.42,0.02244131229847996,4043,None,None,0.0
OUT_04681,Western,191.038,0.51,42.42,0.022438825426070938,4044,None,None,0.0
OUT_02780,Western,200.36969999999997,0.52,45.45,0.02243105360602798,4045,None,None,0.0
OUT_03525,Western,74.1195,1.13,36.36,0.02241837125267666,4046,None,None,0.0
OUT_07274,Western,490.11359999999996,0.06,12.12,0.02241373170731707,4047,None,None,0.0
OUT_03813,Western,81.3182,1.78,63.64,0.022392697400990102,4048,None,None,0.0
OUT_08555,Western,440.2008,0.19,36.36,0.022387085653104925,4049,None,None,0.0
OUT_02802,Western,104.9134,1.25,57.58,0.022386778764083307,4050,None,None,0.0
OUT_01423,Western,76.49969999999999,1.27,42.42,0.022375545601105478,4051,None,None,0.0
OUT_00038,Western,1429.5126,0.03,18.18,0.022359425443169965,4052,None,None,0.0
OUT_08444,Western,163.51409999999998,0.8,57.58,0.022330365312393307,4053,None,None,0.0
OUT_06014,Western,269.2534,0.36,42.42,0.02232409580838323,4054,None,None,0.0
OUT_02383,Western,694.963,0.12,36.36,0.02232215203426124,4055,None,None,0.0
OUT_01926,Western,480.4621,0.3,63.64,0.022298674195544554,4056,None,None,0.0
OUT_08563,Western,224.8816,0.52,51.52,0.022265504950495046,4057,None,None,0.0
OUT_06224,Western,242.85090000000002,0.37,39.39,0.022246801931171085,4058,None,None,0.0
OUT_02051,Western,246.14889999999997,0.31,33.33,0.02222725284008156,4059,None,None,0.0
OUT_03013,Western,253.87460000000004,0.38,42.42,0.02221841271303547,4060,None,None,0.0
OUT_02628,Western,190.88700000000003,0.47,39.39,0.022212649170586782,4061,None,None,0.0
OUT_00968,Western,101.50269999999999,0.95,42.42,0.02220809880239521,4062,None,None,0.0
OUT_03848,Western,228.17669999999998,0.57,57.58,0.022202239501536356,4063,None,None,0.0
OUT_01934,Western,122.69869999999999,0.73,39.39,0.022176293884624908,4064,None,None,0.0
OUT_06503,Western,80.9001,1.19,42.42,0.022172067941040992,4065,None,None,0.0
OUT_03298,Western,108.0427,0.89,42.42,0.02214601635191156,4066,None,None,0.0
OUT_03832,Western,214.2659,0.48,45.45,0.022141578471474698,4067,None,None,0.0
OUT_01921,Western,94.1215,1.02,42.42,0.022110532012897283,4068,None,None,0.0
OUT_00822,Western,137.5152,0.6,36.36,0.02208488222698073,4069,None,None,0.0
OUT_07840,Western,234.6814,0.38,39.39,0.02207945828175291,4070,None,None,0.0
OUT_04518,Western,215.6562,0.63,60.61,0.022052167829897745,4071,None,None,0.0
OUT_05577,Western,373.41429999999997,0.31,51.52,0.022040828827113477,4072,None,None,0.0
OUT_03822,Western,157.9265,0.69,48.48,0.022022895109135004,4073,None,None,0.0
OUT_07607,Western,74.0973,0.84,27.27,0.022016884329678105,4074,None,None,0.0
OUT_05869,Western,105.37790000000001,0.97,45.45,0.022005718622174382,4075,None,None,0.0
OUT_05148,Western,85.4287,1.04,39.39,0.021996991334488736,4076,None,None,0.0
OUT_07222,Western,76.39370000000001,1.25,42.42,0.021992658912943348,4077,None,None,0.0
OUT_01178,Western,510.69169999999997,0.2,45.45,0.021988878363832075,4078,None,None,0.0
OUT_08268,Western,135.6687,0.9,54.55,0.02198052745274528,4079,None,None,0.0
OUT_04120,Western,697.1553999999999,0.07,21.21,0.021972479963980187,4080,None,None,0.0
OUT_00394,Western,413.87750000000005,0.23,42.42,0.02192349723629664,4081,None,None,0.0
OUT_04922,Western,173.5164,0.51,39.39,0.0219097212181233,4082,None,None,0.0
OUT_03714,Western,208.44549999999998,0.52,48.48,0.021906156022635404,4083,None,None,0.0
OUT_08142,Western,105.0788,1.6,75.76,0.021902824387701924,4084,None,None,0.0
OUT_00317,Western,559.0177,0.17,42.42,0.021886920543528327,4085,None,None,0.0
OUT_00809,Western,234.56830000000002,0.49,51.52,0.021884704303122622,4086,None,None,0.0
OUT_05240,Western,197.7767,0.48,42.42,0.021863845232611697,4087,None,None,0.0
OUT_06004,Western,110.3663,0.5,24.24,0.02186337163232964,4088,None,None,0.0
OUT_07656,Western,95.6893,1.13,48.48,0.021853053556992727,4089,None,None,0.0
OUT_08863,Western,73.092,1.66,54.55,0.02184207380738074,4090,None,None,0.0
OUT_04549,Western,101.441,1.13,51.52,0.02182565308453922,4091,None,None,0.0
OUT_03246,Western,80.0321,1.1,39.39,0.021796313443921765,4092,None,None,0.0
OUT_01328,Western,85.4432,1.88,72.73,0.02178668330394683,4093,None,None,0.0
OUT_01481,Western,418.467,0.21,39.39,0.021757383015597917,4094,None,None,0.0
OUT_06773,Western,177.99390000000002,1.01,81.82,0.02170657317073171,4095,None,None,0.0
OUT_07601,Western,84.82039999999999,0.49,18.18,0.02166944525547445,4096,None,None,0.0
OUT_00193,Western,443.39560000000006,0.36,72.73,0.021649588498575886,4097,None,None,0.0
OUT_00790,Western,83.4845,0.89,33.33,0.0216432289542674,4098,None,None,0.0
OUT_01332,Western,248.1547,0.59,66.67,0.021636068124722917,4099,None,None,0.0
OUT_02608,Western,182.47110000000004,0.73,60.61,0.021620500405778287,4100,None,None,0.0
OUT_07468,Western,93.18079999999999,1.64,69.7,0.02161478246110325,4101,None,None,0.0
OUT_07910,Western,189.40150000000003,0.53,45.45,0.021610935414424114,4102,None,None,0.0
OUT_08631,Western,529.9074,0.14,33.33,0.02160997261870085,4103,None,None,0.0
OUT_00680,Western,139.10519999999997,0.58,36.36,0.021595561027837253,4104,None,None,0.0
OUT_06343,Western,100.18690000000001,0.87,39.39,0.021580243377073535,4105,None,None,0.0
OUT_04302,Western,101.9871,1.56,72.73,0.021578716397667164,4106,None,None,0.0
OUT_05629,Western,66.9774,2.08,63.64,0.021552133663366335,4107,None,None,0.0
OUT_04690,Western,76.20500000000001,1.57,54.55,0.021537686768676872,4108,None,None,0.0
OUT_06861,Western,82.0379,1.06,39.39,0.021530124783362217,4109,None,None,0.0
OUT_02406,Western,73.7781,1.09,36.36,0.021525195128479658,4110,None,None,0.0
OUT_05153,Western,83.58670000000001,1.04,39.39,0.02152269571676158,4111,None,None,0.0
OUT_00690,Western,67.0472,0.81,24.24,0.0215167321711569,4112,None,None,0.0
OUT_05719,Western,267.8742,0.47,57.58,0.021492125981563668,4113,None,None,0.0
OUT_02293,Western,94.9195,1.05,45.45,0.02145650699677072,4114,None,None,0.0
OUT_00935,Western,208.8837,0.57,54.55,0.021433610981098108,4115,None,None,0.0
OUT_05610,Western,129.21679999999998,0.72,42.42,0.021427014279134033,4116,None,None,0.0
OUT_06138,Western,133.334,0.6,36.36,0.021413383297644542,4117,None,None,0.0
OUT_03116,Western,132.1615,0.9,54.55,0.021412304230423042,4118,None,None,0.0
OUT_05067,Western,85.3484,1.24,48.48,0.02138884721099434,4119,None,None,0.0
OUT_06428,Western,68.2646,1.36,42.42,0.02138181851681253,4120,None,None,0.0
OUT_03935,Western,232.83230000000003,0.51,54.55,0.02137614275427543,4121,None,None,0.0
OUT_01842,Western,169.05259999999998,0.97,75.76,0.021362822042730586,4122,None,None,0.0
OUT_05133,Western,712.9516999999998,0.13,42.42,0.02134585928143712,4123,None,None,0.0
OUT_06780,Western,87.66409999999999,1.5,60.61,0.02134331277390034,4124,None,None,0.0
OUT_01617,Western,117.95550000000001,0.95,51.52,0.021336200495049508,4125,None,None,0.0
OUT_06601,Western,67.2801,0.8,24.24,0.021324912836767042,4126,None,None,0.0
OUT_05866,Western,63.079499999999996,1.57,45.45,0.02132073519913886,4127,None,None,0.0
OUT_04558,Western,200.69079999999997,0.59,54.55,0.021315494509450944,4128,None,None,0.0
OUT_00459,Western,257.03369999999995,0.41,48.48,0.021298265359741303,4129,None,None,0.0
OUT_00108,Western,509.0385,0.27,63.64,0.02126243734529703,4130,None,None,0.0
OUT_07659,Western,226.55130000000003,0.35,36.36,0.021224024357601713,4131,None,None,0.0
OUT_07717,Western,79.0714,0.84,30.3,0.021220439616613414,4132,None,None,0.0
OUT_01092,Western,77.1434,1.36,48.48,0.021203521422797092,4133,None,None,0.0
OUT_07208,Western,118.12910000000001,1.16,63.64,0.021198910272277226,4134,None,None,0.0
OUT_00535,Western,56.073699999999995,1.64,42.42,0.02117938000921234,4135,None,None,0.0
OUT_02489,Western,83.10839999999999,1.26,48.48,0.021163416329830233,4136,None,None,0.0
OUT_01776,Western,74.61149999999999,1.23,42.42,0.021135915476738827,4137,None,None,0.0
OUT_08022,Western,236.18099999999998,0.47,51.52,0.021135771134805782,4138,None,None,0.0
OUT_03871,Western,88.1849,1.04,42.42,0.021122131736526942,4139,None,None,0.0
OUT_06440,Western,230.0637,0.51,54.55,0.0211219598559856,4140,None,None,0.0
OUT_08010,Western,141.00080000000003,0.65,42.42,0.02110790419161677,4141,None,None,0.0
OUT_02789,Western,84.6849,1.46,57.58,0.0211061717309662,4142,None,None,0.0
OUT_06140,Western,90.1746,1.37,57.58,0.021088972686923863,4143,None,None,0.0
OUT_01137,Western,206.88909999999998,0.41,39.39,0.02100136939836593,4144,None,None,0.0
OUT_03291,Western,111.44590000000001,1.16,60.61,0.02098315922739815,4145,None,None,0.0
OUT_01200,Western,69.6469,1.49,48.48,0.020972894300727567,4146,None,None,0.0
OUT_06798,Western,496.60549999999995,0.26,60.61,0.020957219607206617,4147,None,None,0.0
OUT_01652,Western,96.6481,0.81,36.36,0.020954218683083514,4148,None,None,0.0
OUT_04952,Western,229.9249,0.34,36.36,0.020924642933618846,4149,None,None,0.0
OUT_01087,Western,117.75859999999999,1.04,57.58,0.020906272447934447,4150,None,None,0.0
OUT_02048,Western,101.6498,1.08,51.52,0.02090285300837776,4151,None,None,0.0
OUT_05122,Western,503.6243,0.18,42.42,0.020878022570244126,4152,None,None,0.0
OUT_01579,Western,87.8589,1.32,54.55,0.020877362376237624,4153,None,None,0.0
OUT_05356,Western,89.5839,0.8,33.33,0.020875945237401692,4154,None,None,0.0
OUT_00514,Western,55.4628,1.86,48.48,0.02084899110751819,4155,None,None,0.0
OUT_06623,Western,68.84889999999999,1.59,51.52,0.02084344078446306,4156,None,None,0.0
OUT_05685,Western,214.3856,0.51,51.52,0.020818099009900993,4157,None,None,0.0
OUT_05142,Western,476.33310000000006,0.15,33.33,0.020812690066996802,4158,None,None,0.0
OUT_00596,Western,107.4949,0.43,21.21,0.02081170959027465,4159,None,None,0.0
OUT_06172,Western,748.9366,0.07,24.24,0.02077082488114105,4160,None,None,0.0
OUT_07091,Western,139.7674,0.42,27.27,0.020764877255040677,4161,None,None,0.0
OUT_03762,Western,227.11600000000004,0.48,51.52,0.02075698400609292,4162,None,None,0.0
OUT_01257,Western,78.8159,1.46,54.55,0.0207148900090009,4163,None,None,0.0
OUT_02159,Western,83.9853,1.22,48.48,0.02070777405012126,4164,None,None,0.0
OUT_01259,Western,75.97500000000001,1.1,39.39,0.02069138400594207,4165,None,None,0.0
OUT_01004,Western,83.1178,0.93,36.36,0.02069045877944326,4166,None,None,0.0
OUT_06541,Western,77.9574,1.31,48.48,0.020639489490703315,4167,None,None,0.0
OUT_06464,Western,93.4036,1.16,51.52,0.02062988880426504,4168,None,None,0.0
OUT_02893,Western,93.5709,0.69,30.3,0.020627450798722042,4169,None,None,0.0
OUT_08743,Western,81.4449,1.33,51.52,0.02062485091393755,4170,None,None,0.0
OUT_07402,Western,228.1632,0.61,66.67,0.02056739352741244,4171,None,None,0.0
OUT_00107,Western,439.93039999999996,0.33,69.7,0.020534233663366333,4172,None,None,0.0
OUT_06667,Western,78.9776,1.6,60.61,0.02051033273819185,4173,None,None,0.0
OUT_03317,Western,63.00129999999999,1.61,48.48,0.02049961459175424,4174,None,None,0.0
OUT_01056,Western,279.9685,0.34,45.45,0.02049285037674919,4175,None,None,0.0
OUT_06979,Western,77.3988,1.39,51.52,0.02048445011424219,4176,None,None,0.0
OUT_05770,Western,219.26009999999997,0.49,51.52,0.020456483054074635,4177,None,None,0.0
OUT_01023,Western,443.49600000000004,0.27,57.58,0.020441092523045414,4178,None,None,0.0
OUT_05737,Western,93.9762,1.01,45.45,0.02043400688912809,4179,None,None,0.0
OUT_06458,Western,79.3137,1.04,39.39,0.020422443179004702,4180,None,None,0.0
OUT_08475,Western,75.7701,0.68,24.24,0.020413497622820923,4181,None,None,0.0
OUT_07825,Western,200.1627,0.35,33.33,0.020406916690940868,4182,None,None,0.0
OUT_03505,Western,148.0988,0.64,45.45,0.020405432077502693,4183,None,None,0.0
OUT_05951,Western,90.3434,0.98,42.42,0.020390725932749886,4184,None,None,0.0
OUT_02602,Western,98.8771,1.02,48.48,0.020382910670978173,4185,None,None,0.0
OUT_04317,Western,245.88709999999998,0.41,48.48,0.02037463843977364,4186,None,None,0.0
OUT_01165,Western,91.7211,1.3,57.58,0.020354631273472177,4187,None,None,0.0
OUT_07039,Western,79.19319999999999,0.96,36.36,0.020349430406852245,4188,None,None,0.0
OUT_06092,Western,68.46780000000001,1.02,33.33,0.020342894261578797,4189,None,None,0.0
OUT_00817,Western,70.2861,1.52,51.52,0.020341750190403657,4190,None,None,0.0
OUT_00120,Western,449.55449999999996,0.21,45.45,0.02032431539289558,4191,None,None,0.0
OUT_06384,Western,108.27599999999998,1.27,66.67,0.02032075070193586,4192,None,None,0.0
OUT_05274,Western,225.6779,0.5,54.55,0.020313042304230422,4193,None,None,0.0
OUT_05631,Western,116.47400000000002,0.81,45.45,0.020310858988159316,4194,None,None,0.0
OUT_03590,Western,86.5341,1.09,45.45,0.020306172012917113,4195,None,None,0.0
OUT_01464,Western,89.60499999999999,1.12,48.48,0.02028245755860954,4196,None,None,0.0
OUT_01805,Western,194.2519,0.39,36.36,0.02027790176659529,4197,None,None,0.0
OUT_07150,Western,456.0335999999999,0.22,48.48,0.02027635246564268,4198,None,None,0.0
OUT_02043,Western,180.31189999999998,0.42,36.36,0.02027060974304068,4199,None,None,0.0
OUT_07802,Western,102.2722,1.22,60.61,0.020251920792079207,4200,None,None,0.0
OUT_05013,Western,131.7827,0.76,48.48,0.02024148181083266,4201,None,None,0.0
OUT_03328,Western,466.8808,0.07,15.15,0.02023631950464397,4202,None,None,0.0
OUT_06099,Western,111.17520000000002,0.79,42.42,0.02022763887609397,4203,None,None,0.0
OUT_02642,Western,97.4726,0.9,42.42,0.020203901427913406,4204,None,None,0.0
OUT_05808,Western,75.8247,1.48,54.55,0.020201720252025206,4205,None,None,0.0
OUT_01948,Western,215.8,0.52,54.55,0.020200900090009,4206,None,None,0.0
OUT_08326,Western,213.84359999999998,0.41,42.42,0.02019250944265315,4207,None,None,0.0
OUT_03622,Western,461.3401,0.19,42.42,0.02018761377245509,4208,None,None,0.0
OUT_00234,Western,450.6747,0.33,72.73,0.02017125335684253,4209,None,None,0.0
OUT_04717,Western,68.5894,1.99,66.67,0.02017037180434461,4210,None,None,0.0
OUT_06850,Western,107.6806,0.87,45.45,0.020168379332615713,4211,None,None,0.0
OUT_04752,Western,795.8457000000001,0.11,42.42,0.020161913173652696,4212,None,None,0.0
OUT_00772,Western,253.79219999999998,0.2,24.24,0.020110316957210776,4213,None,None,0.0
OUT_05823,Western,130.1814,0.53,33.33,0.020097914943198368,4214,None,None,0.0
OUT_03416,Western,109.5937,0.74,39.39,0.02007906362961129,4215,None,None,0.0
OUT_04473,Western,85.232,0.88,36.36,0.020076059957173452,4216,None,None,0.0
OUT_08043,Western,114.59460000000001,0.92,51.52,0.02007369230769231,4217,None,None,0.0
OUT_06239,Western,69.2979,0.38,12.12,0.020071038109756096,4218,None,None,0.0
OUT_08547,Western,113.747,1.14,63.64,0.02006057858910891,4219,None,None,0.0
OUT_03365,Western,99.1802,1.0,48.48,0.02004450282942603,4220,None,None,0.0
OUT_02631,Western,109.34909999999999,0.74,39.39,0.02003424956672444,4221,None,None,0.0
OUT_01976,Western,144.2921,0.56,39.39,0.02000583708838822,4222,None,None,0.0
OUT_05707,Western,73.3024,1.35,48.48,0.019999644300727572,4223,None,None,0.0
OUT_05190,Western,153.7298,0.8,60.61,0.019961668560298657,4224,None,None,0.0
OUT_05928,Western,89.2478,1.31,57.58,0.019958111642198705,4225,None,None,0.0
OUT_04515,Western,176.18580000000003,0.32,27.27,0.019943210470463393,4226,None,None,0.0
OUT_01019,Western,89.9118,1.43,63.64,0.019890760210396038,4227,None,None,0.0
OUT_06984,Western,173.61149999999998,0.74,63.64,0.01987507889851485,4228,None,None,0.0
OUT_06696,Western,551.87,0.2,54.55,0.019869306930693068,4229,None,None,0.0
OUT_00665,Western,107.3316,1.14,60.61,0.019860091543580583,4230,None,None,0.0
OUT_05114,Western,70.4355,1.48,51.52,0.019848541507996954,4231,None,None,0.0
OUT_00077,Western,529.0563,0.14,36.36,0.019825450214132765,4232,None,None,0.0
OUT_00816,Western,68.1789,1.35,45.45,0.019815180839612485,4233,None,None,0.0
OUT_03295,Western,151.2609,0.41,30.3,0.01981372811501597,4234,None,None,0.0
OUT_04735,Western,46.4068,0.56,12.12,0.019807780487804877,4235,None,None,0.0
OUT_04394,Western,125.79909999999998,0.97,60.61,0.019806058594384026,4236,None,None,0.0
OUT_02180,Western,717.2145,0.17,60.61,0.019790044635611105,4237,None,None,0.0
OUT_02820,Western,579.3643999999999,0.2,57.58,0.01978027995903038,4238,None,None,0.0
OUT_00899,Western,128.7261,0.9,57.58,0.019776969955616255,4239,None,None,0.0
OUT_03190,Western,127.5793,0.72,45.45,0.019775478148546823,4240,None,None,0.0
OUT_05668,Western,105.0005,1.16,60.61,0.019769612075961694,4241,None,None,0.0
OUT_05086,Western,105.8305,1.32,69.7,0.019759018387553038,4242,None,None,0.0
OUT_07014,Western,199.3483,0.49,48.48,0.01974144442198868,4243,None,None,0.0
OUT_08065,Western,141.1495,0.48,33.33,0.0197354383920769,4244,None,None,0.0
OUT_08496,Western,431.1867,0.24,51.52,0.019703885757806548,4245,None,None,0.0
OUT_04403,Western,112.05030000000001,1.03,57.58,0.01970157203823831,4246,None,None,0.0
OUT_04666,Western,102.59949999999999,0.95,48.48,0.019698772231204524,4247,None,None,0.0
OUT_05074,Western,64.9413,1.96,63.64,0.019691359529702968,4248,None,None,0.0
OUT_00717,Western,387.01519999999994,0.19,36.36,0.019682250535331902,4249,None,None,0.0
OUT_02353,Western,223.1171,0.49,54.55,0.019680896309630963,4250,None,None,0.0
OUT_02682,Western,99.9676,1.51,75.76,0.01966533038040646,4251,None,None,0.0
OUT_00129,Western,466.94320000000005,0.17,39.39,0.019653464718989853,4252,None,None,0.0
OUT_06481,Western,166.454,0.62,51.52,0.01964993907083016,4253,None,None,0.0
OUT_07163,Western,114.0511,0.8,45.45,0.01964281593110872,4254,None,None,0.0
OUT_07358,Western,104.08139999999999,0.99,51.52,0.01961930426504188,4255,None,None,0.0
OUT_00753,Western,491.09079999999994,0.27,66.67,0.019594283434313575,4256,None,None,0.0
OUT_02396,Western,197.83369999999996,0.4,39.39,0.019592344639762314,4257,None,None,0.0
OUT_02835,Western,98.85560000000001,0.56,27.27,0.01958229076759816,4258,None,None,0.0
OUT_06198,Western,74.5065,1.3,48.48,0.019575272837510108,4259,None,None,0.0
OUT_02706,Western,74.4228,1.7,63.64,0.019572827970297028,4260,None,None,0.0
OUT_00985,Western,312.40110000000004,0.31,48.48,0.01957242138237672,4261,None,None,0.0
OUT_02504,Western,77.18449999999999,0.64,24.24,0.0195713470681458,4262,None,None,0.0
OUT_01986,Western,89.0885,1.42,63.64,0.01957080290841584,4263,None,None,0.0
OUT_06178,Western,90.9407,1.13,51.52,0.01956644916222391,4264,None,None,0.0
OUT_08052,Western,205.84749999999997,0.47,48.48,0.0195530163702506,4265,None,None,0.0
OUT_01397,Western,66.7602,1.36,45.45,0.019546581700753497,4266,None,None,0.0
OUT_06543,Western,151.5426,0.56,42.42,0.019544877015200367,4267,None,None,0.0
OUT_04566,Western,225.18419999999998,0.35,39.39,0.01951336221837088,4268,None,None,0.0
OUT_01457,Western,90.7138,1.26,57.58,0.01951167429156709,4269,None,None,0.0
OUT_02194,Western,100.8718,1.25,63.64,0.0195064588490099,4270,None,None,0.0
OUT_02630,Western,70.561,0.53,18.18,0.01949808654848801,4271,None,None,0.0
OUT_07031,Western,411.5525,0.22,45.45,0.01949226049515608,4272,None,None,0.0
OUT_08846,Western,243.4232,0.42,51.52,0.019466440213252095,4273,None,None,0.0
OUT_04831,Western,87.7118,1.3,57.58,0.019464892454762718,4274,None,None,0.0
OUT_00555,Western,108.187,0.89,48.48,0.019459666531932093,4275,None,None,0.0
OUT_03870,Western,80.0291,0.54,21.21,0.019457773075191354,4276,None,None,0.0
OUT_08013,Western,158.95350000000002,0.42,33.33,0.019446685115059717,4277,None,None,0.0
OUT_00747,Western,226.815,0.58,66.67,0.019440328062657008,4278,None,None,0.0
OUT_06093,Western,767.0440000000001,0.11,42.42,0.019432252418240446,4279,None,None,0.0
OUT_02228,Western,171.00199999999998,0.39,33.33,0.019426385085930673,4280,None,None,0.0
OUT_05662,Western,71.035,1.27,45.45,0.019421840688912805,4281,None,None,0.0
OUT_08740,Western,87.51480000000001,0.56,24.24,0.019416912836767043,4282,None,None,0.0
OUT_05853,Western,107.60759999999999,1.11,60.61,0.019387183249472487,4283,None,None,0.0
OUT_08338,Western,212.7027,0.23,24.24,0.019382575673534075,4284,None,None,0.0
OUT_06282,Western,87.6134,0.96,42.42,0.019370995854444954,4285,None,None,0.0
OUT_07669,Western,68.1987,1.49,51.52,0.019348069878141663,4286,None,None,0.0
OUT_07576,Western,190.1667,0.38,36.36,0.019342437366167024,4287,None,None,0.0
OUT_04560,Western,594.3288,0.2,60.61,0.019293257588053885,4288,None,None,0.0
OUT_04460,Western,211.81529999999998,0.34,36.36,0.019276552997858673,4289,None,None,0.0
OUT_07353,Western,48.667500000000004,2.32,57.58,0.019274257425742576,4290,None,None,0.0
OUT_02263,Western,210.381,0.37,39.39,0.01927233721218123,4291,None,None,0.0
OUT_03827,Western,82.9581,1.22,51.52,0.01927054112718964,4292,None,None,0.0
OUT_02480,Western,113.87750000000001,0.94,54.55,0.01927,4293,None,None,0.0
OUT_01384,Western,121.54429999999999,0.4,24.24,0.019262171156893822,4294,None,None,0.0
OUT_03363,Western,78.428,1.14,45.45,0.019248206673842836,4295,None,None,0.0
OUT_03113,Western,239.5855,0.3,36.36,0.019238664346895078,4296,None,None,0.0
OUT_08398,Western,146.57829999999998,0.49,36.36,0.019224669967880085,4297,None,None,0.0
OUT_04325,Western,101.1943,1.11,57.58,0.019174747866165926,4298,None,None,0.0
OUT_00503,Western,460.61440000000005,0.13,30.3,0.01913094952076677,4299,None,None,0.0
OUT_01596,Western,208.36989999999997,0.51,54.55,0.019130269846984696,4300,None,None,0.0
OUT_00769,Western,260.5801,0.34,45.45,0.019073677933261573,4301,None,None,0.0
OUT_01622,Western,81.2602,1.09,45.45,0.01906859375672766,4302,None,None,0.0
OUT_05094,Western,256.60810000000004,0.3,39.39,0.01905977469670711,4303,None,None,0.0
OUT_02044,Western,489.589,0.11,27.27,0.019050155642023347,4304,None,None,0.0
OUT_02701,Western,353.90629999999993,0.38,69.7,0.019021837906647802,4305,None,None,0.0
OUT_04370,Western,285.2798,0.39,57.58,0.01899268043700922,4306,None,None,0.0
OUT_04189,Western,247.6893,0.24,30.3,0.018992150798722043,4307,None,None,0.0
OUT_05993,Western,139.4313,0.55,39.39,0.018986683585045808,4308,None,None,0.0
OUT_04398,Western,56.0436,1.06,30.3,0.018979621725239617,4309,None,None,0.0
OUT_02925,Western,210.60809999999998,0.5,54.55,0.018956624662466243,4310,None,None,0.0
OUT_02036,Western,88.0355,1.0,45.45,0.01895274488697524,4311,None,None,0.0
OUT_03292,Western,142.066,0.66,48.48,0.018949789814066288,4312,None,None,0.0
OUT_00653,Western,84.2015,1.25,54.55,0.01894723222322232,4313,None,None,0.0
OUT_07027,Western,796.9913000000001,0.06,24.24,0.01894591045958796,4314,None,None,0.0
OUT_08036,Western,116.13159999999999,0.56,33.33,0.01894369239732013,4315,None,None,0.0
OUT_04881,Western,84.89439999999999,0.36,15.15,0.018923829102167184,4316,None,None,0.0
OUT_02790,Western,87.8958,1.13,51.52,0.01891132025894897,4317,None,None,0.0
OUT_02909,Western,175.6597,0.63,57.58,0.018891364117446224,4318,None,None,0.0
OUT_08515,Western,252.5396,0.37,48.48,0.018884327405012127,4319,None,None,0.0
OUT_06867,Western,524.3842000000001,0.2,54.55,0.018879719171917195,4320,None,None,0.0
OUT_05774,Western,218.9255,0.4,45.45,0.01885257265877287,4321,None,None,0.0
OUT_00567,Western,582.9942000000001,0.16,48.48,0.018851873888439778,4322,None,None,0.0
OUT_02707,Western,108.32889999999999,0.86,48.48,0.01882838601455133,4323,None,None,0.0
OUT_06531,Western,212.9471,0.41,45.45,0.018796191819160386,4324,None,None,0.0
OUT_05649,Western,78.456,1.04,42.42,0.01879185628742515,4325,None,None,0.0
OUT_06492,Western,214.4517,0.46,51.52,0.01878289832444783,4326,None,None,0.0
OUT_01770,Western,159.4094,0.44,36.36,0.018774126338329766,4327,None,None,0.0
OUT_02990,Western,172.8659,0.57,51.52,0.018761150609291694,4328,None,None,0.0
OUT_07005,Western,122.43060000000001,0.85,54.55,0.018733755175517557,4329,None,None,0.0
OUT_08900,Western,102.0104,1.13,60.61,0.01870990943028729,4330,None,None,0.0
OUT_07847,Western,197.6059,0.61,63.64,0.01864783400371287,4331,None,None,0.0
OUT_04536,Western,233.08289999999997,0.42,51.52,0.01863953122619954,4332,None,None,0.0
OUT_07780,Western,115.03750000000001,0.9,54.55,0.018637938793879393,4333,None,None,0.0
OUT_07194,Western,444.86659999999995,0.22,51.52,0.018634929931454682,4334,None,None,0.0
OUT_04304,Western,575.6842999999999,0.17,51.52,0.018634107197258182,4335,None,None,0.0
OUT_01599,Western,90.8512,0.89,42.42,0.01862219438046983,4336,None,None,0.0
OUT_03920,Western,417.7767,0.18,39.39,0.018618421886605598,4337,None,None,0.0
OUT_02074,Western,75.6928,1.44,57.58,0.018606628883578013,4338,None,None,0.0
OUT_07269,Western,192.8754,0.36,36.36,0.01858542398286938,4339,None,None,0.0
OUT_02560,Western,76.8201,0.83,33.33,0.01857287591028255,4340,None,None,0.0
OUT_08626,Western,166.6455,0.45,39.39,0.018566594454072795,4341,None,None,0.0
OUT_03049,Western,99.3868,0.98,51.52,0.01854513785224676,4342,None,None,0.0
OUT_07638,Western,205.01200000000003,0.42,45.45,0.018537145317545748,4343,None,None,0.0
OUT_08195,Western,506.18980000000005,0.17,45.45,0.01852578385360603,4344,None,None,0.0
OUT_00868,Western,134.6613,0.93,66.67,0.018506725136692777,4345,None,None,0.0
OUT_00334,Western,482.4132,0.12,30.3,0.018495074760383385,4346,None,None,0.0
OUT_04102,Western,446.6696,0.23,54.55,0.018493970837083706,4347,None,None,0.0
OUT_00318,Western,533.4352000000001,0.14,39.39,0.018489954939341427,4348,None,None,0.0
OUT_02103,Western,229.7636,0.52,63.64,0.01848345792079208,4349,None,None,0.0
OUT_02992,Western,67.917,0.85,30.3,0.01844391373801917,4350,None,None,0.0
OUT_04146,Western,78.4158,1.02,42.42,0.018421030861354215,4351,None,None,0.0
OUT_06898,Western,70.1009,1.22,45.45,0.018411861786867594,4352,None,None,0.0
OUT_02371,Western,699.6014,0.13,48.48,0.018380796685529506,4353,None,None,0.0
OUT_00149,Western,490.15779999999995,0.14,36.36,0.018367797644539614,4354,None,None,0.0
OUT_03945,Western,96.0468,0.83,42.42,0.01835993643482266,4355,None,None,0.0
OUT_08951,Western,82.8776,1.23,54.55,0.01835093573357336,4356,None,None,0.0
OUT_03987,Western,82.69680000000001,1.5,66.67,0.01833089995566721,4357,None,None,0.0
OUT_02289,Western,77.519,1.24,51.52,0.018302277227722773,4358,None,None,0.0
OUT_03846,Western,254.7701,0.42,57.58,0.018266207237965175,4359,None,None,0.0
OUT_00884,Western,231.6476,0.39,48.48,0.01825840016168149,4360,None,None,0.0
OUT_07997,Western,296.94460000000004,0.36,57.58,0.018248558552406965,4361,None,None,0.0
OUT_07620,Western,237.41680000000002,0.24,30.3,0.01820448306709265,4362,None,None,0.0
OUT_07751,Western,127.86589999999998,0.92,63.64,0.01819873576732673,4363,None,None,0.0
OUT_08229,Western,125.838,0.54,36.36,0.01818857601713062,4364,None,None,0.0
OUT_01459,Western,99.14529999999999,0.74,39.39,0.018164773953949,4365,None,None,0.0
OUT_07864,Western,233.9751,0.29,36.36,0.01816187874732334,4366,None,None,0.0
OUT_08675,Western,82.14789999999999,1.16,51.52,0.018143862147753233,4367,None,None,0.0
OUT_06211,Western,81.3863,1.44,63.64,0.018130611386138615,4368,None,None,0.0
OUT_04929,Western,280.02200000000005,0.32,48.48,0.018109749393694426,4369,None,None,0.0
OUT_06563,Western,104.4694,0.7,39.39,0.018105615251299823,4370,None,None,0.0
OUT_00542,Western,70.8535,1.65,63.64,0.018086057394801982,4371,None,None,0.0
OUT_01140,Western,65.839,0.61,21.21,0.018082751013057178,4372,None,None,0.0
OUT_05206,Western,98.0934,0.8,42.42,0.018073403961308153,4373,None,None,0.0
OUT_04931,Western,76.6459,0.88,36.36,0.018053638115631692,4374,None,None,0.0
OUT_02141,Western,158.41530000000003,0.46,39.39,0.018041851448378315,4375,None,None,0.0
OUT_06567,Western,91.00789999999999,0.74,36.36,0.018026190042826552,4376,None,None,0.0
OUT_02211,Western,104.25529999999999,0.75,42.42,0.018008170198065405,4377,None,None,0.0
OUT_01732,Western,188.25539999999998,0.56,57.58,0.017996419255718675,4378,None,None,0.0
OUT_05415,Western,253.30180000000001,0.33,45.45,0.017995606889128095,4379,None,None,0.0
OUT_01950,Western,96.08600000000001,1.04,54.55,0.017989098109810985,4380,None,None,0.0
OUT_06876,Western,65.4152,1.86,66.67,0.017980238214866263,4381,None,None,0.0
OUT_07936,Western,71.6269,1.47,57.58,0.01797397456469785,4382,None,None,0.0
OUT_07969,Western,230.193,0.41,51.52,0.017970131378522464,4383,None,None,0.0
OUT_05458,Western,223.5818,0.3,36.36,0.017953570663811563,4384,None,None,0.0
OUT_08701,Western,209.82980000000003,0.19,21.21,0.017950320576316976,4385,None,None,0.0
OUT_07797,Western,78.7603,0.92,39.39,0.017939954444169348,4386,None,None,0.0
OUT_02455,Western,103.42559999999999,0.91,51.52,0.01792027722772277,4387,None,None,0.0
OUT_07876,Western,735.2610999999999,0.15,60.61,0.017901179191689657,4388,None,None,0.0
OUT_05962,Western,136.2783,0.61,45.45,0.017896612055974162,4389,None,None,0.0
OUT_03343,Western,103.43090000000001,0.75,42.42,0.0178657703823123,4390,None,None,0.0
OUT_08224,Western,112.13029999999999,0.74,45.45,0.017863599999999997,4391,None,None,0.0
OUT_07540,Western,84.12219999999999,1.05,48.48,0.017851315683104284,4392,None,None,0.0
OUT_04290,Western,84.58340000000001,0.98,45.45,0.017845367491926802,4393,None,None,0.0
OUT_02025,Western,780.4770000000001,0.12,51.52,0.01783268088347296,4394,None,None,0.0
OUT_06207,Western,92.05000000000001,1.31,66.67,0.01781963942662923,4395,None,None,0.0
OUT_05709,Western,210.84140000000002,0.29,33.33,0.01781066297698806,4396,None,None,0.0
OUT_05500,Western,249.59750000000003,0.18,24.24,0.01780013866877972,4397,None,None,0.0
OUT_03996,Western,114.4812,0.91,57.58,0.01778386684875384,4398,None,None,0.0
OUT_03516,Western,97.03719999999998,0.74,39.39,0.017778541223075015,4399,None,None,0.0
OUT_05499,Western,62.3614,1.15,39.39,0.01775578360980441,4400,None,None,0.0
OUT_06622,Western,93.7621,0.65,33.33,0.017752800757355088,4401,None,None,0.0
OUT_08915,Western,95.39110000000001,1.37,72.73,0.01772491618065916,4402,None,None,0.0
OUT_04445,Western,48.749399999999994,2.46,66.67,0.017721815280035465,4403,None,None,0.0
OUT_00636,Western,185.2255,0.53,54.55,0.0176722799279928,4404,None,None,0.0
OUT_00811,Western,90.5161,0.67,33.33,0.017665536556947276,4405,None,None,0.0
OUT_04646,Western,81.9354,0.87,39.39,0.017648872988363457,4406,None,None,0.0
OUT_08303,Western,175.3279,0.62,60.61,0.017643775036520044,4407,None,None,0.0
OUT_01845,Western,98.765,0.72,39.39,0.017606041099282,4408,None,None,0.0
OUT_07250,Western,687.558,0.15,57.58,0.0176056162512803,4409,None,None,0.0
OUT_07432,Western,469.68619999999993,0.14,36.36,0.017600660599571737,4410,None,None,0.0
OUT_05078,Western,207.2624,0.42,48.48,0.01759300889248181,4411,None,None,0.0
OUT_07836,Western,199.4843,0.57,63.64,0.01759066383044554,4412,None,None,0.0
OUT_07753,Western,184.59099999999998,0.5,51.52,0.017573400609291696,4413,None,None,0.0
OUT_01217,Western,477.2694,0.26,69.7,0.01755163281471004,4414,None,None,0.0
OUT_03181,Western,110.70689999999999,0.4,24.24,0.017544675118858957,4415,None,None,0.0
OUT_01662,Western,197.07,0.44,48.48,0.017524413904607922,4416,None,None,0.0
OUT_06234,Western,95.0921,0.8,42.42,0.017520423767848917,4417,None,None,0.0
OUT_08982,Western,133.1113,0.69,51.52,0.01748796591774562,4418,None,None,0.0
OUT_08925,Western,598.3143,0.18,60.61,0.017480372342152245,4419,None,None,0.0
OUT_00259,Western,507.41130000000004,0.16,45.45,0.017478107212055977,4420,None,None,0.0
OUT_01850,Western,152.10320000000002,0.29,24.24,0.017476199683042794,4421,None,None,0.0
OUT_04540,Western,142.2683,0.31,24.24,0.017473523375594296,4422,None,None,0.0
OUT_00575,Western,77.8818,1.11,48.48,0.01747146281325788,4423,None,None,0.0
OUT_08987,Western,155.0821,0.42,36.36,0.017434283190578156,4424,None,None,0.0
OUT_02354,Western,182.3601,0.56,57.58,0.017432853533629226,4425,None,None,0.0
OUT_03462,Western,76.3532,0.99,42.42,0.017408951635191156,4426,None,None,0.0
OUT_02395,Western,76.81,1.19,51.52,0.017403636709824827,4427,None,None,0.0
OUT_06155,Western,540.1261000000001,0.13,39.39,0.01738459841544937,4428,None,None,0.0
OUT_01317,Western,95.3523,0.46,24.24,0.017377994453248814,4429,None,None,0.0
OUT_03956,Western,85.2701,1.07,51.52,0.017372240479817214,4430,None,None,0.0
OUT_04074,Western,90.49799999999999,1.24,63.64,0.017360383663366334,4431,None,None,0.0
OUT_00923,Western,467.4106,0.15,39.39,0.017358650656102998,4432,None,None,0.0
OUT_07514,Western,75.327,0.86,36.36,0.01733972698072805,4433,None,None,0.0
OUT_07085,Western,258.8171,0.27,39.39,0.017301464966575884,4434,None,None,0.0
OUT_04652,Western,45.840999999999994,1.41,36.36,0.0173008056745182,4435,None,None,0.0
OUT_03593,Western,79.1284,1.28,57.58,0.017289920109252305,4436,None,None,0.0
OUT_02816,Western,84.6875,1.01,48.48,0.017286656224737268,4437,None,None,0.0
OUT_01051,Western,223.00220000000002,0.43,54.55,0.01726209648964897,4438,None,None,0.0
OUT_06022,Western,107.47390000000001,0.6,36.36,0.017260262312633834,4439,None,None,0.0
OUT_00432,Western,728.4444000000001,0.11,45.45,0.017250567061356296,4440,None,None,0.0
OUT_03501,Western,202.3229,0.37,42.42,0.01724078143712575,4441,None,None,0.0
OUT_03810,Western,70.8871,1.35,54.55,0.017227288028802884,4442,None,None,0.0
OUT_07998,Western,65.5066,1.62,60.61,0.017224588865443924,4443,None,None,0.0
OUT_02518,Western,67.2407,1.11,42.42,0.017189584753569784,4444,None,None,0.0
OUT_01514,Western,642.1700000000001,0.1,36.36,0.017188704496788013,4445,None,None,0.0
OUT_06942,Western,209.7978,0.43,51.52,0.017176895277989334,4446,None,None,0.0
OUT_07470,Western,83.7862,0.89,42.42,0.017174048364808844,4447,None,None,0.0
OUT_07263,Western,468.5755,0.17,45.45,0.01714915715823466,4448,None,None,0.0
OUT_05854,Western,533.9096999999999,0.12,36.36,0.01714913383297644,4449,None,None,0.0
OUT_01298,Western,226.33660000000003,0.26,33.33,0.017141717448295957,4450,None,None,0.0
OUT_02638,Western,240.9481,0.33,45.45,0.017117948977395048,4451,None,None,0.0
OUT_04668,Western,71.24629999999999,1.48,60.61,0.017114839149488716,4452,None,None,0.0
OUT_04821,Western,111.26549999999999,0.9,57.58,0.01709439228405599,4453,None,None,0.0
OUT_06542,Western,121.75170000000001,0.95,66.67,0.01709237697650362,4454,None,None,0.0
OUT_06785,Western,245.57899999999998,0.26,36.36,0.017090615631691647,4455,None,None,0.0
OUT_06133,Western,61.9402,0.78,27.27,0.017089973823841528,4456,None,None,0.0
OUT_02711,Western,84.4359,1.0,48.48,0.017064652384801943,4457,None,None,0.0
OUT_03758,Western,68.357,1.84,72.73,0.017059118404991185,4458,None,None,0.0
OUT_04470,Western,78.6546,0.81,36.36,0.017053058351177736,4459,None,None,0.0
OUT_06148,Western,209.5652,0.23,27.27,0.01704987477891758,4460,None,None,0.0
OUT_00572,Western,133.6503,0.67,51.52,0.01704982882711348,4461,None,None,0.0
OUT_00163,Western,437.2642000000001,0.24,60.61,0.017033502353514043,4462,None,None,0.0
OUT_08339,Western,127.5057,0.58,42.42,0.0170320833717181,4463,None,None,0.0
OUT_07898,Western,192.88480000000004,0.41,45.45,0.017025353713670612,4464,None,None,0.0
OUT_00376,Western,558.2753,0.16,51.52,0.017007625285605486,4465,None,None,0.0
OUT_05717,Western,89.04230000000001,1.06,54.55,0.016990969936993703,4466,None,None,0.0
OUT_03993,Western,196.2065,0.48,54.55,0.01695393699369937,4467,None,None,0.0
OUT_08430,Western,111.97370000000001,0.29,18.18,0.016930330031282585,4468,None,None,0.0
OUT_07862,Western,93.65299999999999,0.62,33.33,0.016913737256044274,4469,None,None,0.0
OUT_06675,Western,107.2769,0.35,21.21,0.01690540972534894,4470,None,None,0.0
OUT_06854,Western,122.4798,0.39,27.27,0.016896753448885745,4471,None,None,0.0
OUT_07410,Western,152.63400000000001,0.38,33.33,0.01689511214681037,4472,None,None,0.0
OUT_04673,Western,107.57159999999999,0.92,57.58,0.01689413997951519,4473,None,None,0.0
OUT_07870,Western,180.37619999999998,0.52,54.55,0.016884900810081007,4474,None,None,0.0
OUT_01134,Western,358.6802,0.19,39.39,0.01687279970289676,4475,None,None,0.0
OUT_00737,Western,489.7907,0.16,45.45,0.016871154359526373,4476,None,None,0.0
OUT_06990,Western,432.6561,0.24,60.61,0.016853995130660604,4477,None,None,0.0
OUT_07460,Western,147.51919999999998,0.53,45.45,0.016832115392895582,4478,None,None,0.0
OUT_07703,Western,755.0525,0.09,39.39,0.016824641000247584,4479,None,None,0.0
OUT_03324,Western,431.7855,0.11,27.27,0.01680099221789883,4480,None,None,0.0
OUT_04970,Western,72.85220000000001,0.93,39.39,0.016774584303045313,4481,None,None,0.0
OUT_00429,Western,172.10750000000002,0.57,57.58,0.016746547456469786,4482,None,None,0.0
OUT_06515,Western,211.3089,0.44,54.55,0.016737338613861386,4483,None,None,0.0
OUT_01209,Western,87.4799,0.83,42.42,0.016722320819898665,4484,None,None,0.0
OUT_04204,Western,72.8462,0.44,18.18,0.016711328467153286,4485,None,None,0.0
OUT_00309,Western,491.63349999999997,0.23,66.67,0.01670987217378454,4486,None,None,0.0
OUT_02216,Western,203.82709999999997,0.48,57.58,0.016701435302150902,4487,None,None,0.0
OUT_06054,Western,125.32969999999999,0.74,54.55,0.016695585598559857,4488,None,None,0.0
OUT_00774,Western,63.5116,1.46,54.55,0.016692517731773177,4489,None,None,0.0
OUT_07088,Western,140.08999999999997,0.3,24.24,0.01665095087163233,4490,None,None,0.0
OUT_00340,Western,512.4661,0.21,63.64,0.016648805847772275,4491,None,None,0.0
OUT_06829,Western,66.01689999999999,0.94,36.36,0.016610247858672374,4492,None,None,0.0
OUT_03828,Western,453.6811,0.17,45.45,0.016604044564047363,4493,None,None,0.0
OUT_07301,Western,63.7437,1.05,39.39,0.016571152512998268,4494,None,None,0.0
OUT_00187,Western,520.3867,0.09,27.27,0.016566962504421648,4495,None,None,0.0
OUT_03708,Western,116.7189,0.53,36.36,0.016558088062098502,4496,None,None,0.0
OUT_03394,Western,87.7756,0.59,30.3,0.01654556038338658,4497,None,None,0.0
OUT_07770,Western,102.04570000000001,0.9,54.55,0.01653305670567057,4498,None,None,0.0
OUT_06683,Western,88.9085,0.75,39.39,0.01650937732111909,4499,None,None,0.0
OUT_00780,Western,87.4471,0.99,51.52,0.01648374504950495,4500,None,None,0.0
OUT_03225,Western,116.3116,0.7,48.48,0.016454753435731606,4501,None,None,0.0
OUT_01879,Western,603.9748,0.11,39.39,0.016448929933151772,4502,None,None,0.0
OUT_07132,Western,171.5822,0.3,30.3,0.016445578274760383,4503,None,None,0.0
OUT_06822,Western,73.6179,1.24,54.55,0.016433158595859587,4504,None,None,0.0
OUT_08741,Western,71.7823,1.41,60.61,0.016428021912027267,4505,None,None,0.0
OUT_08941,Western,86.9723,0.82,42.42,0.016424985260248732,4506,None,None,0.0
OUT_07184,Western,201.17430000000002,0.28,33.33,0.01640804078065832,4507,None,None,0.0
OUT_03085,Western,142.1463,0.43,36.36,0.016360521680942184,4508,None,None,0.0
OUT_03193,Western,75.9872,1.0,45.45,0.0163589235737352,4509,None,None,0.0
OUT_06164,Western,97.0193,1.14,66.67,0.01634431830944288,4510,None,None,0.0
OUT_00777,Western,127.17920000000001,0.48,36.36,0.016339940042826552,4511,None,None,0.0
OUT_06337,Western,101.8797,0.55,33.33,0.01632211913778037,4512,None,None,0.0
OUT_02685,Western,103.7634,0.54,33.33,0.01632165336440431,4513,None,None,0.0
OUT_02377,Western,74.8985,0.88,39.39,0.016318564000990344,4514,None,None,0.0
OUT_03247,Western,87.41329999999999,0.81,42.42,0.01630694910179641,4515,None,None,0.0
OUT_00831,Western,118.1417,0.64,45.45,0.01627786609257266,4516,None,None,0.0
OUT_05174,Western,172.2744,0.41,42.42,0.016267274067250113,4517,None,None,0.0
OUT_07545,Western,209.81789999999998,0.43,54.55,0.016241529612961294,4518,None,None,0.0
OUT_02718,Western,71.73360000000001,0.64,27.27,0.01623965475769367,4519,None,None,0.0
OUT_07477,Western,100.2119,0.8,48.48,0.0162024090541633,4520,None,None,0.0
OUT_01517,Western,92.7869,0.97,54.55,0.01620221296129613,4521,None,None,0.0
OUT_00843,Western,242.6418,0.31,45.45,0.016193532400430567,4522,None,None,0.0
OUT_02324,Western,250.3227,0.32,48.48,0.01618901859337106,4523,None,None,0.0
OUT_02439,Western,195.6535,0.61,72.73,0.016187255526922552,4524,None,None,0.0
OUT_07535,Western,187.596,0.27,30.3,0.016182402555910542,4525,None,None,0.0
OUT_06585,Western,64.88419999999999,0.78,30.3,0.016169225559105427,4526,None,None,0.0
OUT_07359,Western,84.0205,1.65,84.85,0.016148377984857312,4527,None,None,0.0
OUT_08548,Western,86.5316,0.64,33.33,0.01613172851733178,4528,None,None,0.0
OUT_03032,Western,103.02459999999999,0.49,30.3,0.016128451757188498,4529,None,None,0.0
OUT_07319,Western,66.9104,1.41,57.58,0.016105097985660635,4530,None,None,0.0
OUT_04712,Western,117.37019999999998,0.72,51.52,0.016090354912414315,4531,None,None,0.0
OUT_03603,Western,127.35940000000001,0.74,57.58,0.016088418572891772,4532,None,None,0.0
OUT_06263,Western,105.7064,0.66,42.42,0.016067762321510824,4533,None,None,0.0
OUT_05063,Western,75.0166,0.8,36.36,0.016063511777301927,4534,None,None,0.0
OUT_01673,Western,98.8853,1.05,63.64,0.016062742110148513,4535,None,None,0.0
OUT_04920,Western,207.0982,0.36,45.45,0.01605066781485468,4536,None,None,0.0
OUT_04087,Western,239.97449999999998,0.29,42.42,0.01602777637033625,4537,None,None,0.0
OUT_02386,Western,316.2595,0.22,42.42,0.016024203132197146,4538,None,None,0.0
OUT_04954,Western,220.21269999999998,0.36,48.48,0.016021942603071947,4539,None,None,0.0
OUT_02775,Western,224.5202,0.18,24.24,0.01601174167987322,4540,None,None,0.0
OUT_03514,Western,75.5878,1.24,57.58,0.016000148856264936,4541,None,None,0.0
OUT_01486,Western,116.42710000000001,0.43,30.3,0.01599477731629393,4542,None,None,0.0
OUT_06218,Western,254.45900000000003,0.33,51.52,0.015988474866717443,4543,None,None,0.0
OUT_01951,Western,416.3057,0.19,48.48,0.015985869644300727,4544,None,None,0.0
OUT_02191,Western,192.747,0.46,54.55,0.01596104770477048,4545,None,None,0.0
OUT_07525,Western,99.3063,0.94,57.58,0.015935118129054283,4546,None,None,0.0
OUT_03392,Western,80.4659,1.16,57.58,0.015933841584158417,4547,None,None,0.0
OUT_08650,Western,135.624,0.51,42.42,0.015930041455550437,4548,None,None,0.0
OUT_04326,Western,198.3099,0.3,36.36,0.01592424250535332,4549,None,None,0.0
OUT_03788,Western,76.2271,1.16,54.55,0.0159178102610261,4550,None,None,0.0
OUT_00457,Western,494.5307000000001,0.13,39.39,0.015917056449616242,4551,None,None,0.0
OUT_00720,Western,517.5056,0.18,57.58,0.015901503584841242,4552,None,None,0.0
OUT_02472,Western,157.2754,0.5,48.48,0.015892825383993534,4553,None,None,0.0
OUT_02653,Western,91.4005,0.86,48.48,0.015886101455133386,4554,None,None,0.0
OUT_06408,Western,75.8344,1.1,51.52,0.015883061690784465,4555,None,None,0.0
OUT_01654,Western,449.00600000000003,0.1,27.27,0.015882773257870533,4556,None,None,0.0
OUT_02875,Western,181.18640000000002,0.38,42.42,0.015856939659143254,4557,None,None,0.0
OUT_06666,Western,220.5187,0.53,72.73,0.015851744337447442,4558,None,None,0.0
OUT_06296,Western,137.2618,0.43,36.36,0.015798333511777302,4559,None,None,0.0
OUT_06186,Western,449.3056,0.11,30.3,0.015790292651757187,4560,None,None,0.0
OUT_05343,Western,201.6141,0.34,42.42,0.01578737770612621,4561,None,None,0.0
OUT_08760,Western,83.2944,0.88,45.45,0.015780209257265875,4562,None,None,0.0
OUT_08091,Western,210.18439999999998,0.28,36.36,0.015752578158458243,4563,None,None,0.0
OUT_05101,Western,491.2008,0.11,33.33,0.015739029420332073,4564,None,None,0.0
OUT_07052,Western,108.1408,0.72,48.48,0.015735928860145514,4565,None,None,0.0
OUT_07404,Western,83.2089,1.05,54.55,0.015728054905490552,4566,None,None,0.0
OUT_08378,Western,161.76439999999997,0.54,54.55,0.01572507218721872,4567,None,None,0.0
OUT_01049,Western,211.6874,0.21,27.27,0.015724921825256453,4568,None,None,0.0
OUT_07361,Western,115.9293,0.63,45.45,0.015723457265877285,4569,None,None,0.0
OUT_02676,Western,214.68189999999998,0.34,45.45,0.015714068030139933,4570,None,None,0.0
OUT_05042,Western,104.82570000000001,0.56,36.36,0.015712631691648826,4571,None,None,0.0
OUT_07213,Western,90.5895,0.7,39.39,0.01570008665511265,4572,None,None,0.0
OUT_01880,Western,143.6474,0.64,57.58,0.015693809491293956,4573,None,None,0.0
OUT_03631,Western,612.8783,0.08,30.3,0.01566462108626198,4574,None,None,0.0
OUT_08746,Western,108.46840000000002,0.67,45.45,0.01564560344456405,4575,None,None,0.0
OUT_00981,Western,202.0772,0.43,54.55,0.015642339513951397,4576,None,None,0.0
OUT_07569,Western,63.563199999999995,0.77,30.3,0.015636953354632586,4577,None,None,0.0
OUT_08687,Western,102.2947,0.71,45.45,0.0156360036598493,4578,None,None,0.0
OUT_08553,Western,263.12519999999995,0.33,54.55,0.015631199999999998,4579,None,None,0.0
OUT_06684,Western,161.9716,0.36,36.36,0.015607541755888653,4580,None,None,0.0
OUT_00401,Western,121.0971,0.52,39.39,0.015590614508541718,4581,None,None,0.0
OUT_00539,Western,529.0878,0.11,36.36,0.015578066916488225,4582,None,None,0.0
OUT_02529,Western,106.8081,0.5,33.33,0.015556087969705798,4583,None,None,0.0
OUT_08962,Western,83.5348,1.09,57.58,0.015543347900307274,4584,None,None,0.0
OUT_00248,Western,379.77230000000003,0.19,45.45,0.015534281377825618,4585,None,None,0.0
OUT_03539,Western,114.695,0.67,48.48,0.015530648746968473,4586,None,None,0.0
OUT_08870,Western,114.1722,0.59,42.42,0.015513956241363426,4587,None,None,0.0
OUT_02725,Western,126.38369999999999,0.57,45.45,0.015508871689989233,4588,None,None,0.0
OUT_06872,Western,75.2881,1.08,51.52,0.015481939832444782,4589,None,None,0.0
OUT_07784,Western,447.96790000000004,0.15,42.42,0.01547562989405804,4590,None,None,0.0
OUT_01151,Western,101.2379,0.57,36.36,0.015445825214132762,4591,None,None,0.0
OUT_06339,Western,115.76410000000001,0.7,51.52,0.015429335491241432,4592,None,None,0.0
OUT_08691,Western,201.1852,0.24,30.3,0.015426341214057506,4593,None,None,0.0
OUT_02470,Western,246.40120000000002,0.48,75.76,0.015408100052110473,4594,None,None,0.0
OUT_04535,Western,238.9167,0.28,42.42,0.015406880700138187,4595,None,None,0.0
OUT_06149,Western,145.0356,0.59,54.55,0.015404321152115211,4596,None,None,0.0
OUT_03955,Western,202.2471,0.4,51.52,0.01540343488194973,4597,None,None,0.0
OUT_02444,Western,482.11719999999997,0.1,30.3,0.015403105431309903,4598,None,None,0.0
OUT_06891,Western,196.22719999999998,0.65,81.82,0.015400589229654675,4599,None,None,0.0
OUT_04491,Western,71.8759,1.19,54.55,0.015397357515751576,4600,None,None,0.0
OUT_04653,Western,75.5065,0.7,33.33,0.015396023885814158,4601,None,None,0.0
OUT_07507,Western,70.0819,1.22,54.55,0.015391524392439244,4602,None,None,0.0
OUT_00024,Western,1436.9193,0.04,36.36,0.01538457494646681,4603,None,None,0.0
OUT_01576,Western,82.0576,0.7,36.36,0.015374817987152033,4604,None,None,0.0
OUT_05617,Western,115.34299999999999,0.7,51.52,0.015373210205635944,4605,None,None,0.0
OUT_04539,Western,64.6392,0.96,39.39,0.015363612775439463,4606,None,None,0.0
OUT_02402,Western,99.46470000000001,0.81,51.52,0.015340138423457732,4607,None,None,0.0
OUT_05188,Western,541.2991999999999,0.14,48.48,0.015315660468876313,4608,None,None,0.0
OUT_02299,Western,73.7848,0.9,42.42,0.015293947489636113,4609,None,None,0.0
OUT_05779,Western,75.3519,0.88,42.42,0.015271688622754492,4610,None,None,0.0
OUT_03716,Western,85.06280000000001,0.67,36.36,0.015254838329764459,4611,None,None,0.0
OUT_05494,Western,264.6893,0.32,54.55,0.015247628442844286,4612,None,None,0.0
OUT_03087,Western,148.28879999999998,0.54,51.52,0.015246753998476768,4613,None,None,0.0
OUT_05563,Western,208.6957,0.45,60.61,0.01524315289725694,4614,None,None,0.0
OUT_07339,Western,86.2659,0.66,36.36,0.015239693254817986,4615,None,None,0.0
OUT_05357,Western,475.257,0.1,30.3,0.015183929712460065,4616,None,None,0.0
OUT_02690,Western,158.9556,0.27,27.27,0.015181468694729396,4617,None,None,0.0
OUT_06300,Western,159.6404,0.47,48.48,0.015163902182700079,4618,None,None,0.0
OUT_08078,Western,164.5011,0.4,42.42,0.015154408106863197,4619,None,None,0.0
OUT_06830,Western,430.07559999999995,0.11,30.3,0.015114477955271564,4620,None,None,0.0
OUT_01625,Western,100.2379,0.7,45.45,0.01510581916038751,4621,None,None,0.0
OUT_03369,Western,95.69969999999999,0.78,48.48,0.015086048100242522,4622,None,None,0.0
OUT_07584,Western,86.3037,0.6,33.33,0.015083664433440142,4623,None,None,0.0
OUT_08261,Western,467.39430000000004,0.14,42.42,0.015070290649470294,4624,None,None,0.0
OUT_00421,Western,152.1073,0.28,27.27,0.015065455960382033,4625,None,None,0.0
OUT_07530,Western,209.7178,0.29,39.39,0.015057727655360238,4626,None,None,0.0
OUT_05291,Western,114.79649999999998,0.45,33.33,0.015047604136323915,4627,None,None,0.0
OUT_07612,Western,140.4599,0.66,60.61,0.015046832332413568,4628,None,None,0.0
OUT_02116,Western,92.9256,0.85,51.52,0.015039367859862911,4629,None,None,0.0
OUT_04637,Western,102.15010000000001,0.55,36.36,0.015038157119914351,4630,None,None,0.0
OUT_08835,Western,759.2246999999998,0.08,39.39,0.015037874721465705,4631,None,None,0.0
OUT_07375,Western,96.55799999999999,0.44,27.27,0.015028482490272372,4632,None,None,0.0
OUT_03279,Western,79.97900000000001,1.1,57.58,0.015018248548992833,4633,None,None,0.0
OUT_00962,Western,246.4492,0.32,51.52,0.015015945163747144,4634,None,None,0.0
OUT_01156,Western,171.5247,0.38,42.42,0.01501137402118839,4635,None,None,0.0
OUT_05637,Western,94.2256,0.74,45.45,0.015011182777179763,4636,None,None,0.0
OUT_06171,Western,91.91640000000001,0.61,36.36,0.015007763383297646,4637,None,None,0.0
OUT_08162,Western,116.2628,0.56,42.42,0.014994741593735606,4638,None,None,0.0
OUT_03637,Western,175.9201,0.37,42.42,0.014990888300322431,4639,None,None,0.0
OUT_03695,Western,215.3315,0.26,36.36,0.014985596895074947,4640,None,None,0.0
OUT_07018,Western,202.9617,0.41,54.55,0.014980071467146713,4641,None,None,0.0
OUT_07500,Western,63.1142,1.39,57.58,0.014975885626493683,4642,None,None,0.0
OUT_06310,Western,99.34649999999999,0.7,45.45,0.014971485468245421,4643,None,None,0.0
OUT_01982,Western,462.5322,0.16,48.48,0.01495657881972514,4644,None,None,0.0
OUT_04373,Western,218.622,0.38,54.55,0.014955240324032405,4645,None,None,0.0
OUT_03991,Western,425.52,0.11,30.3,0.01495437699680511,4646,None,None,0.0
OUT_02192,Western,174.6606,0.63,72.73,0.014924206971382067,4647,None,None,0.0
OUT_03497,Western,167.7572,0.44,48.48,0.014917778496362168,4648,None,None,0.0
OUT_03006,Western,150.5174,0.28,27.27,0.014907984435797668,4649,None,None,0.0
OUT_00855,Western,76.42160000000001,1.32,66.67,0.01490712457514408,4650,None,None,0.0
OUT_08456,Western,91.0241,0.86,51.52,0.01490493640517898,4651,None,None,0.0
OUT_05648,Western,68.7479,1.27,57.58,0.014904375725503585,4652,None,None,0.0
OUT_00488,Western,104.7724,0.79,54.55,0.014900125292529254,4653,None,None,0.0
OUT_08949,Western,144.8775,0.54,51.52,0.014896011043412033,4654,None,None,0.0
OUT_02897,Western,195.73590000000002,0.33,42.42,0.014876289037309996,4655,None,None,0.0
OUT_05175,Western,435.58070000000004,0.2,57.58,0.014871311027654491,4656,None,None,0.0
OUT_03272,Western,235.31009999999998,0.37,57.58,0.014862536189825878,4657,None,None,0.0
OUT_02582,Western,709.3442,0.11,51.52,0.014856790175171363,4658,None,None,0.0
OUT_05381,Western,94.2218,0.78,48.48,0.014853072756669363,4659,None,None,0.0
OUT_06136,Western,474.8254,0.24,75.76,0.0148460260552371,4660,None,None,0.0
OUT_08202,Western,113.1841,0.41,30.3,0.014826032268370605,4661,None,None,0.0
OUT_08302,Western,85.00410000000001,0.81,45.45,0.014823104628632943,4662,None,None,0.0
OUT_01858,Western,113.0754,0.45,33.33,0.01482200116516167,4663,None,None,0.0
OUT_01000,Western,95.4108,0.91,57.58,0.014821411403209287,4664,None,None,0.0
OUT_00671,Western,229.6634,0.28,42.42,0.014810168585905113,4665,None,None,0.0
OUT_08389,Western,94.04310000000001,0.54,33.33,0.014792681036993887,4666,None,None,0.0
OUT_07550,Western,96.9096,0.57,36.36,0.014785458244111347,4667,None,None,0.0
OUT_01568,Western,74.5307,0.98,48.48,0.014761537186742116,4668,None,None,0.0
OUT_03660,Western,112.17490000000001,0.57,42.42,0.014725862045140488,4669,None,None,0.0
OUT_08021,Western,58.307300000000005,0.79,30.3,0.014716538977635786,4670,None,None,0.0
OUT_04103,Western,83.30269999999999,0.98,54.55,0.014696065886588656,4671,None,None,0.0
OUT_02316,Western,82.4296,0.72,39.39,0.014694060906164893,4672,None,None,0.0
OUT_07309,Western,101.6427,0.89,60.61,0.014683006492452523,4673,None,None,0.0
OUT_00718,Western,96.7396,0.75,48.48,0.014663439773645917,4674,None,None,0.0
OUT_02357,Western,61.495599999999996,0.89,36.36,0.014649647751605994,4675,None,None,0.0
OUT_04082,Western,76.59880000000001,0.83,42.42,0.014642331644403504,4676,None,None,0.0
OUT_05588,Western,160.3656,0.59,63.64,0.014637330445544555,4677,None,None,0.0
OUT_03962,Western,94.3245,0.72,45.45,0.014620805166846069,4678,None,None,0.0
OUT_05332,Western,572.0194,0.08,30.3,0.014620304153354633,4679,None,None,0.0
OUT_05109,Western,71.5282,1.01,48.48,0.014600542037186741,4680,None,None,0.0
OUT_02821,Western,207.8982,0.39,54.55,0.014595913231323135,4681,None,None,0.0
OUT_04864,Western,190.0117,0.38,48.48,0.014592652789005659,4682,None,None,0.0
OUT_08104,Western,78.73020000000001,1.14,60.61,0.01456783444246064,4683,None,None,0.0
OUT_07307,Western,543.8834999999999,0.1,36.36,0.014557909528907922,4684,None,None,0.0
OUT_07289,Western,452.0206999999999,0.13,39.39,0.014548821738053972,4685,None,None,0.0
OUT_05374,Western,94.32209999999999,0.95,60.61,0.014544066709949682,4686,None,None,0.0
OUT_02633,Western,75.7162,0.95,48.48,0.014537265561843168,4687,None,None,0.0
OUT_02593,Western,635.5896,0.12,51.52,0.014522230007616144,4688,None,None,0.0
OUT_07490,Western,390.66249999999997,0.15,39.39,0.0145083869769745,4689,None,None,0.0
OUT_01578,Western,158.04989999999998,0.37,39.39,0.014478450854171824,4690,None,None,0.0
OUT_06469,Western,79.4651,0.57,30.3,0.014471280191693291,4691,None,None,0.0
OUT_01905,Western,87.2342,0.77,45.45,0.014460782346609255,4692,None,None,0.0
OUT_05493,Western,511.07779999999997,0.14,48.48,0.014460568310428457,4693,None,None,0.0
OUT_05614,Western,85.15899999999999,0.84,48.48,0.014457065481002422,4694,None,None,0.0
OUT_04940,Western,68.0307,1.18,54.55,0.014451165796579658,4695,None,None,0.0
OUT_08938,Western,529.8499,0.11,39.39,0.014430178014359992,4696,None,None,0.0
OUT_02645,Western,95.9212,0.79,51.52,0.01442836024371668,4697,None,None,0.0
OUT_08843,Western,475.17249999999996,0.15,48.48,0.014404986863379142,4698,None,None,0.0
OUT_05130,Western,480.84290000000004,0.13,42.42,0.014396494011976048,4699,None,None,0.0
OUT_08697,Western,77.7527,0.86,45.45,0.01439554833153929,4700,None,None,0.0
OUT_05196,Western,81.4807,0.66,36.36,0.014394342077087795,4701,None,None,0.0
OUT_05496,Western,79.1361,1.01,54.55,0.014388381818181818,4702,None,None,0.0
OUT_05252,Western,65.29209999999999,0.89,39.39,0.014387216885367664,4703,None,None,0.0
OUT_05621,Western,414.1866,0.14,39.39,0.014356554592720972,4704,None,None,0.0
OUT_07006,Western,67.7467,0.92,42.42,0.014354436665131276,4705,None,None,0.0
OUT_03722,Western,84.0232,1.05,60.61,0.014319811718876807,4706,None,None,0.0
OUT_03854,Western,76.2804,0.53,27.27,0.014300888574460558,4707,None,None,0.0
OUT_04567,Western,118.97919999999999,0.74,60.61,0.01429063593572472,4708,None,None,0.0
OUT_08176,Western,76.96350000000001,1.03,54.55,0.014270459945994601,4709,None,None,0.0
OUT_01615,Western,79.1712,1.0,54.55,0.014252241224122412,4710,None,None,0.0
OUT_01269,Western,84.92009999999999,0.83,48.48,0.014244883387227162,4711,None,None,0.0
OUT_00264,Western,440.94100000000003,0.15,45.45,0.014239214208826696,4712,None,None,0.0
OUT_02498,Western,469.54,0.15,48.48,0.014234236054971705,4713,None,None,0.0
OUT_03647,Western,77.8657,1.07,57.58,0.014222652611812908,4714,None,None,0.0
OUT_03661,Western,95.6032,1.05,69.7,0.01419849504950495,4715,None,None,0.0
OUT_01714,Western,99.988,0.53,36.36,0.014184593147751605,4716,None,None,0.0
OUT_03005,Western,71.5582,0.62,30.3,0.014174467731629392,4717,None,None,0.0
OUT_00693,Western,211.1151,0.21,30.3,0.014164271884984024,4718,None,None,0.0
OUT_01446,Western,85.27730000000001,0.57,33.33,0.014159062336149142,4719,None,None,0.0
OUT_05744,Western,219.947,0.26,39.39,0.014158509532062392,4720,None,None,0.0
OUT_00502,Western,156.7898,0.31,33.33,0.014158123507136616,4721,None,None,0.0
OUT_02503,Western,90.4371,0.49,30.3,0.01415788466453674,4722,None,None,0.0
OUT_07605,Western,583.7386,0.12,48.48,0.014156958771220696,4723,None,None,0.0
OUT_02073,Western,714.5695000000001,0.11,54.55,0.014149891089108914,4724,None,None,0.0
OUT_01129,Western,107.72480000000002,0.61,45.45,0.014146852099031215,4725,None,None,0.0
OUT_07491,Western,259.46700000000004,0.22,39.39,0.014132889329041845,4726,None,None,0.0
OUT_07118,Western,66.1754,1.38,63.64,0.014127792698019802,4727,None,None,0.0
OUT_04354,Western,79.7723,1.09,60.61,0.014113261970459342,4728,None,None,0.0
OUT_03624,Western,96.7206,0.81,54.55,0.01410327380738074,4729,None,None,0.0
OUT_03581,Western,88.2916,0.79,48.48,0.014096678253839937,4730,None,None,0.0
OUT_04188,Western,84.5028,1.33,78.79,0.014085565108409574,4731,None,None,0.0
OUT_04332,Western,109.8757,0.44,33.33,0.014082524905330615,4732,None,None,0.0
OUT_00065,Western,437.8915,0.12,36.36,0.014065037473233405,4733,None,None,0.0
OUT_02522,Western,257.7918,0.22,39.39,0.014041642980935878,4734,None,None,0.0
OUT_01061,Western,724.5707,0.09,45.45,0.014039044779332615,4735,None,None,0.0
OUT_02973,Western,231.51880000000003,0.3,48.48,0.014037113985448667,4736,None,None,0.0
OUT_02635,Western,104.5934,0.46,33.33,0.014014845324788815,4737,None,None,0.0
OUT_07167,Western,147.8879,0.44,45.45,0.014008756942949408,4738,None,None,0.0
OUT_01385,Western,155.5446,0.5,54.55,0.014000414041404141,4739,None,None,0.0
OUT_02239,Western,96.5287,0.98,66.67,0.013979329983744642,4740,None,None,0.0
OUT_04532,Western,69.9041,1.05,51.52,0.01397549600152323,4741,None,None,0.0
OUT_00966,Western,92.4906,0.61,39.39,0.013968622431294877,4742,None,None,0.0
OUT_00426,Western,206.94699999999997,0.17,24.24,0.013938585578446912,4743,None,None,0.0
OUT_08994,Western,214.2952,0.44,66.67,0.013933779813802274,4744,None,None,0.0
OUT_05491,Western,74.5403,1.15,60.61,0.013913544067521506,4745,None,None,0.0
OUT_06864,Western,101.4856,0.72,51.52,0.013912725057121097,4746,None,None,0.0
OUT_06849,Western,219.1031,0.16,24.24,0.013889261489698894,4747,None,None,0.0
OUT_06739,Western,175.14729999999997,0.2,24.24,0.013878549920760697,4748,None,None,0.0
OUT_00301,Western,547.5127,0.11,42.42,0.013870657991708888,4749,None,None,0.0
OUT_06472,Western,366.1239999999999,0.13,33.33,0.013864293620739874,4750,None,None,0.0
OUT_04682,Western,124.95599999999999,0.28,24.24,0.013861996830427896,4751,None,None,0.0
OUT_05468,Western,110.9962,0.73,57.58,0.013831892454762717,4752,None,None,0.0
OUT_06041,Western,530.5624,0.05,18.18,0.01383113660062565,4753,None,None,0.0
OUT_01777,Western,137.3487,0.68,66.67,0.013801849564060885,4754,None,None,0.0
OUT_04775,Western,105.2587,0.45,33.33,0.013797382755607343,4755,None,None,0.0
OUT_02270,Western,100.7537,0.47,33.33,0.013793836003495484,4756,None,None,0.0
OUT_00933,Western,524.3107,0.13,48.48,0.01377534175424414,4757,None,None,0.0
OUT_02977,Western,247.32850000000002,0.36,63.64,0.013774483292079209,4758,None,None,0.0
OUT_03794,Western,84.122,0.71,42.42,0.013755555043758635,4759,None,None,0.0
OUT_02006,Western,292.1863,0.19,39.39,0.013744837088388214,4760,None,None,0.0
OUT_08466,Western,252.23669999999998,0.22,39.39,0.013739062639267146,4761,None,None,0.0
OUT_08028,Western,82.7912,0.82,48.48,0.013720449474535164,4762,None,None,0.0
OUT_02308,Western,484.75519999999995,0.14,48.48,0.01371578981406629,4763,None,None,0.0
OUT_03289,Western,74.0653,0.86,45.45,0.013712843487621095,4764,None,None,0.0
OUT_06639,Western,108.573,0.51,39.39,0.013709390938351078,4765,None,None,0.0
OUT_02494,Western,150.75189999999998,0.56,60.61,0.013702493751014445,4766,None,None,0.0
OUT_06069,Western,142.3866,0.33,33.33,0.01368703116807457,4767,None,None,0.0
OUT_05402,Western,162.0931,0.52,60.61,0.013680962830709298,4768,None,None,0.0
OUT_08435,Western,82.5071,0.77,45.45,0.013677172658772873,4769,None,None,0.0
OUT_04381,Western,121.70349999999999,0.59,51.52,0.013671946877380043,4770,None,None,0.0
OUT_00525,Western,436.73159999999996,0.06,18.18,0.013662093847758077,4771,None,None,0.0
OUT_05794,Western,77.65639999999999,1.08,60.61,0.01361287323486447,4772,None,None,0.0
OUT_00844,Western,72.5623,0.7,36.36,0.013595720021413274,4773,None,None,0.0
OUT_01893,Western,111.9532,0.38,30.3,0.013591762300319488,4774,None,None,0.0
OUT_00473,Western,103.6636,0.45,33.33,0.013588295951063213,4775,None,None,0.0
OUT_06309,Western,93.2902,0.5,33.33,0.013587270608796971,4776,None,None,0.0
OUT_02982,Western,80.91380000000001,0.78,45.45,0.013587247362755652,4777,None,None,0.0
OUT_03120,Western,99.1677,0.47,33.33,0.013576702301194288,4778,None,None,0.0
OUT_04030,Western,92.9043,0.59,39.39,0.013571066353057689,4779,None,None,0.0
OUT_04973,Western,490.3153,0.12,42.42,0.01355086043298019,4780,None,None,0.0
OUT_00538,Western,136.6877,0.25,24.24,0.013538797543581619,4781,None,None,0.0
OUT_08050,Western,514.2213,0.17,63.64,0.013523765625000001,4782,None,None,0.0
OUT_04482,Western,183.8666,0.52,69.7,0.013523427439886845,4783,None,None,0.0
OUT_02118,Western,175.859,0.52,66.67,0.013513621989064577,4784,None,None,0.0
OUT_00804,Western,75.7561,0.45,24.24,0.013506436212361335,4785,None,None,0.0
OUT_00805,Western,87.4378,0.53,33.33,0.013498990387416254,4786,None,None,0.0
OUT_07635,Western,420.9458,0.11,33.33,0.0134879225167492,4787,None,None,0.0
OUT_06273,Western,74.0939,1.12,60.61,0.013469431585781531,4788,None,None,0.0
OUT_00285,Western,513.1378,0.09,33.33,0.013452491115642295,4789,None,None,0.0
OUT_03737,Western,106.12200000000001,0.55,42.42,0.01344244587747582,4790,None,None,0.0
OUT_06721,Western,173.385,0.36,45.45,0.013437804090419803,4791,None,None,0.0
OUT_00713,Western,103.2867,0.88,66.67,0.013431697354810108,4792,None,None,0.0
OUT_05236,Western,79.8789,0.73,42.42,0.013429663058498388,4793,None,None,0.0
OUT_01316,Western,832.2486999999999,0.07,42.42,0.013417183095347767,4794,None,None,0.0
OUT_05300,Western,195.64099999999996,0.36,51.52,0.013410274181264276,4795,None,None,0.0
OUT_07947,Western,161.0603,0.21,24.24,0.013400421156893822,4796,None,None,0.0
OUT_04947,Western,338.11639999999994,0.22,54.55,0.013390748514851484,4797,None,None,0.0
OUT_08188,Western,218.85009999999997,0.21,33.33,0.013387276725895717,4798,None,None,0.0
OUT_07331,Western,383.75930000000005,0.13,36.36,0.013353508832976447,4799,None,None,0.0
OUT_07244,Western,122.2123,0.64,57.58,0.01335197541823148,4800,None,None,0.0
OUT_08018,Western,87.6542,0.8,51.52,0.013351744097486672,4801,None,None,0.0
OUT_07740,Western,160.8894,0.36,42.42,0.013339517273146015,4802,None,None,0.0
OUT_00628,Western,109.7455,0.49,39.39,0.013314012131715772,4803,None,None,0.0
OUT_03264,Western,709.0031999999999,0.11,57.58,0.013313477637418913,4804,None,None,0.0
OUT_06402,Western,469.0096,0.14,48.48,0.013270279708973324,4805,None,None,0.0
OUT_03052,Western,571.5579,0.15,63.64,0.013263255724009902,4806,None,None,0.0
OUT_06582,Western,80.02590000000001,0.82,48.48,0.013262174211802747,4807,None,None,0.0
OUT_06220,Western,92.4109,0.84,57.58,0.013251136223967223,4808,None,None,0.0
OUT_07348,Western,174.8886,0.26,33.33,0.013245277017186134,4809,None,None,0.0
OUT_00181,Western,459.7235,0.16,54.55,0.01324136093609361,4810,None,None,0.0
OUT_04990,Western,229.7383,0.25,42.42,0.013227677337632427,4811,None,None,0.0
OUT_06925,Western,127.62339999999999,0.45,42.42,0.01322674573929065,4812,None,None,0.0
OUT_08861,Western,92.50789999999999,0.75,51.52,0.013210381759329776,4813,None,None,0.0
OUT_08310,Western,176.18649999999997,0.28,36.36,0.013204555674518201,4814,None,None,0.0
OUT_02747,Western,95.7905,0.64,45.45,0.013198260495156081,4815,None,None,0.0
OUT_08175,Western,502.24890000000005,0.13,48.48,0.013195706750202102,4816,None,None,0.0
OUT_05519,Western,106.6025,0.65,51.52,0.013193378712871288,4817,None,None,0.0
OUT_02741,Western,115.2478,0.67,57.58,0.013181294981222261,4818,None,None,0.0
OUT_06713,Western,121.71400000000001,0.47,42.42,0.013174937816674344,4819,None,None,0.0
OUT_04433,Western,405.62260000000003,0.2,60.61,0.013167427365687389,4820,None,None,0.0
OUT_05710,Western,74.60759999999999,1.3,72.73,0.013154737555947375,4821,None,None,0.0
OUT_00243,Western,553.9153,0.11,45.45,0.013117477502691067,4822,None,None,0.0
OUT_02812,Western,69.3945,0.82,42.42,0.013105363887609394,4823,None,None,0.0
OUT_03633,Western,132.3119,0.58,57.58,0.013100188118811881,4824,None,None,0.0
OUT_02241,Western,84.4394,0.86,54.55,0.013072526372637266,4825,None,None,0.0
OUT_04286,Western,211.0557,0.25,39.39,0.013063611042337213,4826,None,None,0.0
OUT_07364,Western,170.1514,0.31,39.39,0.013059404307997029,4827,None,None,0.0
OUT_01551,Western,96.54390000000001,0.71,51.52,0.013051441165270372,4828,None,None,0.0
OUT_03280,Western,84.16619999999999,0.72,45.45,0.013046213993541438,4829,None,None,0.0
OUT_05604,Western,526.8794,0.13,51.52,0.013041569306930692,4830,None,None,0.0
OUT_07746,Western,526.5862,0.1,39.39,0.013037538994800695,4831,None,None,0.0
OUT_07346,Western,85.6851,0.43,27.27,0.013033106827025116,4832,None,None,0.0
OUT_07863,Western,178.9001,0.36,48.48,0.013016175424413905,4833,None,None,0.0
OUT_01443,Western,88.5422,0.46,30.3,0.013012591693290734,4834,None,None,0.0
OUT_03585,Western,122.06640000000002,0.43,39.39,0.012995432532805154,4835,None,None,0.0
OUT_05699,Western,704.739,0.08,42.42,0.012984596959926303,4836,None,None,0.0
OUT_07616,Western,89.9443,0.67,45.45,0.012973666523143162,4837,None,None,0.0
OUT_03597,Western,532.5409999999999,0.15,60.61,0.012965614348320076,4838,None,None,0.0
OUT_08409,Western,70.0523,1.14,60.61,0.012962120110371692,4839,None,None,0.0
OUT_05396,Western,320.1168,0.2,48.48,0.012939240097008893,4840,None,None,0.0
OUT_08478,Western,115.1722,0.59,51.52,0.012938232673267326,4841,None,None,0.0
OUT_00493,Western,290.18909999999994,0.18,39.39,0.012932418420401085,4842,None,None,0.0
OUT_05181,Western,689.8507,0.07,36.36,0.012925468147751607,4843,None,None,0.0
OUT_01782,Western,869.6117000000002,0.06,39.39,0.012918222827432536,4844,None,None,0.0
OUT_03273,Western,483.82450000000006,0.14,51.52,0.012897073495811123,4845,None,None,0.0
OUT_05237,Western,171.0537,0.35,45.45,0.01288886867599569,4846,None,None,0.0
OUT_00945,Western,227.5917,0.16,27.27,0.012881030067209056,4847,None,None,0.0
OUT_07056,Western,566.6592,0.14,60.61,0.012876527836390199,4848,None,None,0.0
OUT_04198,Western,199.36579999999998,0.3,45.45,0.01287615500538213,4849,None,None,0.0
OUT_05180,Western,87.3171,0.64,42.42,0.012870323353293413,4850,None,None,0.0
OUT_00996,Western,793.1831000000002,0.09,54.55,0.012850851305130516,4851,None,None,0.0
OUT_07495,Western,232.66519999999997,0.29,51.52,0.012847088347296264,4852,None,None,0.0
OUT_02033,Western,132.0506,0.51,51.52,0.012822887661843108,4853,None,None,0.0
OUT_06690,Western,288.2966,0.22,48.48,0.012818361358124497,4854,None,None,0.0
OUT_04099,Western,225.98350000000002,0.16,27.27,0.012790010611956138,4855,None,None,0.0
OUT_00993,Western,97.2992,0.69,51.52,0.012783025133282557,4856,None,None,0.0
OUT_04216,Western,224.47060000000002,0.23,39.39,0.012782430799702899,4857,None,None,0.0
OUT_03537,Western,171.00419999999997,0.46,60.61,0.01276772147378672,4858,None,None,0.0
OUT_01609,Western,167.61329999999998,0.4,51.52,0.012765674028941354,4859,None,None,0.0
OUT_05949,Western,230.93510000000003,0.24,42.42,0.012764722247812069,4860,None,None,0.0
OUT_08263,Western,90.58109999999999,0.74,51.52,0.01276275971058644,4861,None,None,0.0
OUT_03471,Western,91.9417,0.56,39.39,0.012747549393414215,4862,None,None,0.0
OUT_06994,Western,102.2646,0.39,30.3,0.012742234504792333,4863,None,None,0.0
OUT_02345,Western,100.6175,0.78,60.61,0.012738459665638698,4864,None,None,0.0
OUT_08536,Western,94.1906,0.71,51.52,0.012733306549885758,4865,None,None,0.0
OUT_02260,Western,115.3239,0.68,60.61,0.012728494075637071,4866,None,None,0.0
OUT_08394,Western,60.590500000000006,1.23,57.58,0.012722143222942985,4867,None,None,0.0
OUT_07974,Western,240.0117,0.23,42.42,0.012713655228005525,4868,None,None,0.0
OUT_01983,Western,211.6775,0.37,60.61,0.01271233160201266,4869,None,None,0.0
OUT_05961,Western,78.41619999999999,0.36,21.21,0.012710415128320572,4870,None,None,0.0
OUT_06087,Western,256.6334,0.11,21.21,0.012710343989194055,4871,None,None,0.0
OUT_01955,Western,465.91859999999997,0.11,39.39,0.012689043327556326,4872,None,None,0.0
OUT_07312,Western,87.7566,0.54,36.36,0.012684305139186298,4873,None,None,0.0
OUT_06662,Western,278.7509,0.17,36.36,0.012684061295503212,4874,None,None,0.0
OUT_01647,Western,99.81880000000001,0.59,45.45,0.012678814208826696,4875,None,None,0.0
OUT_06322,Western,131.28449999999998,0.36,36.36,0.012650540685224839,4876,None,None,0.0
OUT_01262,Western,474.1853,0.14,51.52,0.012640126047220108,4877,None,None,0.0
OUT_06577,Western,69.8838,0.84,45.45,0.012637759311087187,4878,None,None,0.0
OUT_07708,Western,182.2912,0.28,39.39,0.012637171577123053,4879,None,None,0.0
OUT_03685,Western,104.7252,0.56,45.45,0.012625643057050592,4880,None,None,0.0
OUT_04917,Western,222.7586,0.16,27.27,0.012607490626105411,4881,None,None,0.0
OUT_07004,Western,88.23840000000001,1.01,69.7,0.012605485714285715,4882,None,None,0.0
OUT_08903,Western,72.185,0.97,54.55,0.012604761476147617,4883,None,None,0.0
OUT_06877,Western,65.34110000000001,1.13,57.58,0.012604206725845,4884,None,None,0.0
OUT_03614,Western,81.6011,0.81,51.52,0.01258508968012186,4885,None,None,0.0
OUT_04345,Western,84.66279999999999,0.51,33.33,0.012577345761724439,4886,None,None,0.0
OUT_03448,Western,194.6396,0.3,45.45,0.012570910656620022,4887,None,None,0.0
OUT_05769,Western,207.91700000000003,0.28,45.45,0.012533209903121638,4888,None,None,0.0
OUT_07513,Western,197.8225,0.39,60.61,0.012522443596818698,4889,None,None,0.0
OUT_08459,Western,157.0651,0.37,45.45,0.012511105920344457,4890,None,None,0.0
OUT_06800,Western,155.0016,0.35,42.42,0.012494371257485027,4891,None,None,0.0
OUT_02624,Western,84.43710000000002,0.91,60.61,0.012471637883460479,4892,None,None,0.0
OUT_05398,Western,107.37210000000002,0.82,69.7,0.012453341159830269,4893,None,None,0.0
OUT_04065,Western,128.4454,0.45,45.45,0.01244358019375673,4894,None,None,0.0
OUT_04264,Western,66.9521,1.2,63.64,0.012429226485148515,4895,None,None,0.0
OUT_03017,Western,215.81220000000002,0.25,42.42,0.012425852141870105,4896,None,None,0.0
OUT_08070,Western,224.56040000000002,0.24,42.42,0.01241236665131276,4897,None,None,0.0
OUT_05171,Western,68.2046,0.79,42.42,0.012409404421925379,4898,None,None,0.0
OUT_04374,Western,78.9384,0.73,45.45,0.012405819590958017,4899,None,None,0.0
OUT_03361,Western,223.57649999999998,0.14,24.24,0.012401232171156898,4900,None,None,0.0
OUT_03042,Western,113.79260000000001,0.44,39.39,0.012396321861846995,4901,None,None,0.0
OUT_04767,Western,112.22300000000001,0.68,60.61,0.012386242493101772,4902,None,None,0.0
OUT_04764,Western,67.5899,1.24,66.67,0.012385322299394118,4903,None,None,0.0
OUT_03282,Western,220.2841,0.21,36.36,0.01238213624197002,4904,None,None,0.0
OUT_00625,Western,179.68589999999998,0.32,45.45,0.012378791819160385,4905,None,None,0.0
OUT_06676,Western,68.8973,0.56,30.3,0.012326673482428116,4906,None,None,0.0
OUT_04275,Western,114.08919999999999,0.6,54.55,0.012322865886588659,4907,None,None,0.0
OUT_06404,Western,570.2194000000001,0.12,54.55,0.012317970837083709,4908,None,None,0.0
OUT_03701,Western,593.6999000000001,0.09,42.42,0.012306078074619992,4909,None,None,0.0
OUT_04632,Western,90.2261,0.55,39.39,0.012286297350829416,4910,None,None,0.0
OUT_08220,Western,121.7149,0.53,51.52,0.01228272981721249,4911,None,None,0.0
OUT_08543,Western,270.08809999999994,0.28,60.61,0.012274739165719849,4912,None,None,0.0
OUT_07716,Western,148.0045,0.41,48.48,0.012263913702506062,4913,None,None,0.0
OUT_02337,Western,104.75820000000002,0.65,54.55,0.012257935193519354,4914,None,None,0.0
OUT_04343,Western,100.4031,0.53,42.42,0.012255560340856748,4915,None,None,0.0
OUT_02880,Western,75.79419999999999,0.31,18.18,0.012250366006256515,4916,None,None,0.0
OUT_06504,Western,105.1258,0.4,33.33,0.012248855228662979,4917,None,None,0.0
OUT_00438,Western,233.0496,0.26,48.48,0.012245936944219885,4918,None,None,0.0
OUT_01226,Western,73.8677,0.77,45.45,0.012245022389666307,4919,None,None,0.0
OUT_07591,Western,531.1175,0.1,42.42,0.012232093505297095,4920,None,None,0.0
OUT_05698,Western,209.8123,0.2,33.33,0.012223262452665308,4921,None,None,0.0
OUT_04520,Western,599.4429,0.07,33.33,0.012222838042528404,4922,None,None,0.0
OUT_01338,Western,492.8787,0.07,27.27,0.012204283339228865,4923,None,None,0.0
OUT_04593,Western,717.0108,0.11,63.64,0.012201607054455445,4924,None,None,0.0
OUT_07506,Western,66.7778,1.07,57.58,0.012197378968931378,4925,None,None,0.0
OUT_06089,Western,99.5282,0.68,54.55,0.012183470027002702,4926,None,None,0.0
OUT_03736,Western,305.31800000000004,0.27,66.67,0.012182039308408454,4927,None,None,0.0
OUT_00748,Western,125.27149999999999,0.54,54.55,0.012177607560756075,4928,None,None,0.0
OUT_08856,Western,96.3193,0.74,57.58,0.012167340730624787,4929,None,None,0.0
OUT_06366,Western,72.3439,0.73,42.42,0.012162839014279133,4930,None,None,0.0
OUT_02968,Western,69.9616,0.86,48.48,0.012159857720291028,4931,None,None,0.0
OUT_00494,Western,101.51249999999999,0.52,42.42,0.012157185628742512,4932,None,None,0.0
OUT_08895,Western,490.9191,0.16,63.64,0.01215146287128713,4933,None,None,0.0
OUT_00541,Western,234.82219999999998,0.24,45.45,0.012132901614639395,4934,None,None,0.0
OUT_03156,Western,219.75859999999997,0.34,60.61,0.012127564356435642,4935,None,None,0.0
OUT_00201,Western,376.3673,0.13,39.39,0.012113827432532805,4936,None,None,0.0
OUT_06502,Western,432.82730000000004,0.13,45.45,0.012113573519913885,4937,None,None,0.0
OUT_06341,Western,141.5892,0.19,21.21,0.012112538496172895,4938,None,None,0.0
OUT_04908,Western,80.0391,0.84,54.55,0.012103122232223222,4939,None,None,0.0
OUT_03437,Western,90.60810000000001,0.62,45.45,0.012094084391819158,4940,None,None,0.0
OUT_07749,Western,164.8653,0.34,45.45,0.012067643057050591,4941,None,None,0.0
OUT_01258,Western,200.9108,0.37,60.61,0.012065735432559649,4942,None,None,0.0
OUT_06603,Western,185.45930000000004,0.44,66.67,0.012058828432096944,4943,None,None,0.0
OUT_01523,Western,209.09859999999998,0.39,66.67,0.012050902024530808,4944,None,None,0.0
OUT_03900,Western,352.78749999999997,0.2,57.58,0.012044639808808466,4945,None,None,0.0
OUT_01174,Western,85.772,0.78,54.55,0.012043593159315934,4946,None,None,0.0
OUT_02068,Western,474.9664,0.11,42.42,0.012032773836941504,4947,None,None,0.0
OUT_03974,Western,180.23170000000005,0.33,48.48,0.012020303354890868,4948,None,None,0.0
OUT_08759,Western,505.50610000000006,0.06,24.24,0.012016785261489702,4949,None,None,0.0
OUT_08033,Western,641.1800000000001,0.07,36.36,0.012013543897216277,4950,None,None,0.0
OUT_06279,Western,434.5814,0.12,42.42,0.012010540764624596,4951,None,None,0.0
OUT_06805,Western,103.4481,0.68,57.58,0.012008314783202459,4952,None,None,0.0
OUT_00083,Western,464.48439999999994,0.12,45.45,0.011999596986006455,4953,None,None,0.0
OUT_06077,Western,121.1283,0.37,36.36,0.01199611108137045,4954,None,None,0.0
OUT_06101,Western,158.3899,0.26,33.33,0.011995739586367609,4955,None,None,0.0
OUT_01958,Western,179.65740000000002,0.31,45.45,0.011990052529601723,4956,None,None,0.0
OUT_03805,Western,56.44990000000001,1.05,48.48,0.01197906123686338,4957,None,None,0.0
OUT_08602,Western,230.60729999999998,0.32,60.61,0.011977655575393603,4958,None,None,0.0
OUT_05467,Western,72.0173,0.52,30.3,0.011964535463258786,4959,None,None,0.0
OUT_05382,Western,132.2089,0.53,57.58,0.011961542676681461,4960,None,None,0.0
OUT_00851,Western,77.9941,0.48,30.3,0.011960756549520765,4961,None,None,0.0
OUT_08646,Western,66.869,1.1,60.61,0.011938954715143646,4962,None,None,0.0
OUT_03674,Western,228.898,0.1,18.18,0.011934202294056308,4963,None,None,0.0
OUT_02264,Western,87.0106,0.72,51.52,0.011928338156892612,4964,None,None,0.0
OUT_03008,Western,103.4623,0.57,48.48,0.011918656224737265,4965,None,None,0.0
OUT_01664,Western,54.859899999999996,0.68,30.3,0.011918444728434504,4966,None,None,0.0
OUT_05504,Western,183.9786,0.34,51.52,0.011910267326732673,4967,None,None,0.0
OUT_00724,Western,126.57510000000002,0.38,39.39,0.011908526367912852,4968,None,None,0.0
OUT_00536,Western,90.545,0.85,63.64,0.011906443378712873,4969,None,None,0.0
OUT_08077,Western,113.65259999999999,0.55,51.52,0.01190192878903275,4970,None,None,0.0
OUT_00164,Western,453.8167000000001,0.09,33.33,0.011897321002039036,4971,None,None,0.0
OUT_05100,Western,120.00550000000001,0.19,18.18,0.011887927528675705,4972,None,None,0.0
OUT_00499,Western,274.8394,0.24,54.55,0.011874249504950495,4973,None,None,0.0
OUT_00729,Western,92.2261,0.52,39.39,0.011873625154741272,4974,None,None,0.0
OUT_07885,Western,80.5811,1.04,69.7,0.011853514002828852,4975,None,None,0.0
OUT_01870,Western,83.5315,0.83,57.58,0.011835292762034823,4976,None,None,0.0
OUT_01456,Western,96.0005,0.46,36.36,0.011820190042826553,4977,None,None,0.0
OUT_07833,Western,166.9503,0.2,27.27,0.011811128404669259,4978,None,None,0.0
OUT_02010,Western,75.40520000000001,0.68,42.42,0.011809197604790421,4979,None,None,0.0
OUT_01082,Western,74.0731,1.03,63.64,0.011803108446782177,4980,None,None,0.0
OUT_02156,Western,73.0906,0.75,45.45,0.01180149623250807,4981,None,None,0.0
OUT_05529,Western,112.63669999999999,0.55,51.52,0.01179554169840061,4982,None,None,0.0
OUT_04738,Western,72.8446,0.85,51.52,0.011789396420411272,4983,None,None,0.0
OUT_02350,Western,244.91180000000003,0.34,69.7,0.011777936633663368,4984,None,None,0.0
OUT_05585,Western,215.40009999999998,0.37,66.67,0.011777454854440667,4985,None,None,0.0
OUT_04140,Western,88.0877,0.58,42.42,0.011766666513127588,4986,None,None,0.0
OUT_05509,Western,210.12210000000005,0.26,45.45,0.01176140925726588,4987,None,None,0.0
OUT_00619,Western,729.0965000000001,0.07,42.42,0.011754204283740214,4988,None,None,0.0
OUT_07057,Western,474.75050000000005,0.13,51.52,0.011751250000000001,4989,None,None,0.0
OUT_03768,Western,68.25229999999999,0.59,33.33,0.011729932129332942,4990,None,None,0.0
OUT_07543,Western,120.5895,0.51,51.52,0.01170994763899467,4991,None,None,0.0
OUT_01794,Western,231.70889999999997,0.25,48.48,0.011707199878738883,4992,None,None,0.0
OUT_08977,Western,85.9779,0.59,42.42,0.011682856057116537,4993,None,None,0.0
OUT_08587,Western,120.90750000000001,0.36,36.36,0.01165061563169165,4994,None,None,0.0
OUT_03494,Western,239.976,0.24,48.48,0.011639902991107518,4995,None,None,0.0
OUT_06157,Western,543.1583,0.08,36.36,0.011630798715203429,4996,None,None,0.0
OUT_04572,Western,109.07740000000001,0.56,51.52,0.011630492003046462,4997,None,None,0.0
OUT_04820,Western,83.8737,0.56,39.39,0.01162893587521664,4998,None,None,0.0
OUT_04269,Western,511.70050000000003,0.14,60.61,0.011627669209543908,4999,None,None,0.0
OUT_06378,Western,90.944,0.4,30.3,0.01162223642172524,5000,None,None,0.0
OUT_01331,Western,539.5324,0.1,45.45,0.011615336921420883,5001,None,None,0.0
OUT_05323,Western,74.88279999999999,0.72,45.45,0.011607237029063506,5002,None,None,0.0
OUT_06046,Western,53.35640000000001,1.34,60.61,0.011604865443921444,5003,None,None,0.0
OUT_00733,Western,128.49360000000001,0.31,33.33,0.011602975822895429,5004,None,None,0.0
OUT_03841,Western,468.20270000000005,0.13,51.52,0.011589175742574257,5005,None,None,0.0
OUT_01231,Western,143.6813,0.35,42.42,0.01158186434822662,5006,None,None,0.0
OUT_05092,Western,654.7177999999999,0.05,27.27,0.011579727626459141,5007,None,None,0.0
OUT_03265,Western,168.7638,0.36,51.52,0.011567968012185834,5008,None,None,0.0
OUT_02536,Western,133.0824,0.43,48.48,0.011565366208569119,5009,None,None,0.0
OUT_06399,Western,161.832,0.31,42.42,0.01155410409949332,5010,None,None,0.0
OUT_08712,Western,87.98230000000001,0.53,39.39,0.01154509012131716,5011,None,None,0.0
OUT_07190,Western,85.55430000000001,0.83,60.61,0.011525737542606721,5012,None,None,0.0
OUT_04894,Western,104.80090000000001,0.51,45.45,0.011506665016146396,5013,None,None,0.0
OUT_01190,Western,92.7302,0.99,78.79,0.01150556435643564,5014,None,None,0.0
OUT_03351,Western,92.5081,0.54,42.42,0.011504922616305849,5015,None,None,0.0
OUT_08227,Western,554.8286,0.09,42.42,0.011500362505757715,5016,None,None,0.0
OUT_01062,Western,87.623,0.41,30.3,0.011477773162939296,5017,None,None,0.0
OUT_05093,Western,207.822,0.29,51.52,0.01147531987814166,5018,None,None,0.0
OUT_02671,Western,117.55649999999999,0.6,60.61,0.011448449926959908,5019,None,None,0.0
OUT_01040,Western,239.3802,0.28,57.58,0.011441866848753843,5020,None,None,0.0
OUT_00982,Western,104.0388,0.41,36.36,0.011417534261241969,5021,None,None,0.0
OUT_01787,Western,132.4071,0.4,45.45,0.01140211840688913,5022,None,None,0.0
OUT_00728,Western,350.7228,0.2,60.61,0.01138525564031813,5023,None,None,0.0
OUT_03069,Western,153.2025,0.21,27.27,0.011380447470817118,5024,None,None,0.0
OUT_05580,Western,240.44850000000002,0.32,66.67,0.011370403428402542,5025,None,None,0.0
OUT_00035,Western,1318.3298,0.04,45.45,0.01135267857911733,5026,None,None,0.0
OUT_02748,Western,93.6469,0.71,57.58,0.01135017053601912,5027,None,None,0.0
OUT_01683,Western,101.7301,0.45,39.39,0.011334128497152762,5028,None,None,0.0
OUT_02874,Western,228.79969999999997,0.26,51.52,0.011326717821782177,5029,None,None,0.0
OUT_08632,Western,76.2199,0.87,57.58,0.01131978712871287,5030,None,None,0.0
OUT_04224,Western,236.18140000000002,0.15,30.3,0.011318597444089458,5031,None,None,0.0
OUT_06548,Western,119.13960000000002,0.47,48.48,0.011316817299919159,5032,None,None,0.0
OUT_01843,Western,88.97640000000001,0.59,45.45,0.011301631001076427,5033,None,None,0.0
OUT_05400,Western,103.5384,0.54,48.48,0.011299663702506063,5034,None,None,0.0
OUT_07684,Western,232.44899999999998,0.27,54.55,0.011298151215121512,5035,None,None,0.0
OUT_04569,Western,698.3945999999999,0.07,42.42,0.011259240442192536,5036,None,None,0.0
OUT_03491,Western,175.0437,0.24,36.36,0.011244777301927194,5037,None,None,0.0
OUT_08488,Western,84.2351,0.62,45.45,0.01124343638320775,5038,None,None,0.0
OUT_01573,Western,102.3666,0.61,54.55,0.011240976777677767,5039,None,None,0.0
OUT_05352,Western,168.11100000000002,0.27,39.39,0.011237922753156724,5040,None,None,0.0
OUT_01511,Western,82.2857,0.51,36.36,0.011232790952890795,5041,None,None,0.0
OUT_02343,Western,244.09629999999999,0.13,27.27,0.011224803325079588,5042,None,None,0.0
OUT_02009,Western,240.72480000000002,0.16,33.33,0.01121933236236528,5043,None,None,0.0
OUT_00727,Western,231.96000000000004,0.21,42.42,0.011218701059419623,5044,None,None,0.0
OUT_07542,Western,85.28960000000001,0.89,66.67,0.0112173406236146,5045,None,None,0.0
OUT_05730,Western,75.4833,0.6,39.39,0.011213166625402327,5046,None,None,0.0
OUT_04933,Western,77.706,1.02,69.7,0.011210766619519096,5047,None,None,0.0
OUT_01354,Western,51.993599999999994,0.87,39.39,0.0111994137162664,5048,None,None,0.0
OUT_03707,Western,109.1152,0.57,54.55,0.01119633915391539,5049,None,None,0.0
OUT_06363,Western,74.9378,0.92,60.61,0.011190192501217333,5050,None,None,0.0
OUT_02619,Western,237.8666,0.19,39.39,0.011189565238920526,5051,None,None,0.0
OUT_01669,Western,69.1326,0.85,51.52,0.01118863480578827,5052,None,None,0.0
OUT_07884,Western,242.75740000000002,0.2,42.42,0.011181824044219253,5053,None,None,0.0
OUT_05187,Western,167.56669999999997,0.33,48.48,0.011175628738884395,5054,None,None,0.0
OUT_04488,Western,85.2508,0.37,27.27,0.01115769225327202,5055,None,None,0.0
OUT_06455,Western,66.10570000000001,0.63,36.36,0.011147374464668097,5056,None,None,0.0
OUT_07230,Western,72.2073,0.67,42.42,0.011142075310916629,5057,None,None,0.0
OUT_01285,Western,99.9994,0.45,39.39,0.011141304778410499,5058,None,None,0.0
OUT_05859,Western,78.9411,0.57,39.39,0.011140487001733103,5059,None,None,0.0
OUT_06267,Western,110.8074,0.68,66.67,0.011134776414954929,5060,None,None,0.0
OUT_02763,Western,98.75810000000001,0.66,57.58,0.011126723455104133,5061,None,None,0.0
OUT_05434,Western,133.9008,0.31,36.36,0.011110612419700214,5062,None,None,0.0
OUT_04038,Western,94.8908,0.26,21.21,0.011108333183250786,5063,None,None,0.0
OUT_01577,Western,197.4971,0.21,36.36,0.011101282387580298,5064,None,None,0.0
OUT_02197,Western,90.7305,0.42,33.33,0.011100148558112439,5065,None,None,0.0
OUT_08455,Western,481.85400000000004,0.1,42.42,0.011097512666973746,5066,None,None,0.0
OUT_00263,Western,498.67810000000003,0.11,48.48,0.011086214834276477,5067,None,None,0.0
OUT_02924,Western,270.5561,0.19,45.45,0.011066880301399355,5068,None,None,0.0
OUT_06456,Western,76.7021,0.67,45.45,0.011063596770721206,5069,None,None,0.0
OUT_02878,Western,135.2083,0.33,39.39,0.011046976726912603,5070,None,None,0.0
OUT_03806,Western,89.5121,0.76,60.61,0.011041908131796787,5071,None,None,0.0
OUT_03318,Western,71.8991,0.48,30.3,0.011026060063897763,5072,None,None,0.0
OUT_05762,Western,216.4985,0.19,36.36,0.011010362687366167,5073,None,None,0.0
OUT_00405,Western,277.8831,0.16,39.39,0.011007996038623423,5074,None,None,0.0
OUT_03934,Western,175.17430000000002,0.33,51.52,0.011006762947448592,5075,None,None,0.0
OUT_01919,Western,109.50110000000001,0.68,66.67,0.0110035093837742,5076,None,None,0.0
OUT_03640,Western,72.09219999999999,0.57,36.36,0.010999077623126336,5077,None,None,0.0
OUT_03095,Western,113.65380000000002,0.42,42.42,0.010993688622754492,5078,None,None,0.0
OUT_02474,Western,117.38770000000001,0.52,54.55,0.010988587578757878,5079,None,None,0.0
OUT_08145,Western,469.22360000000003,0.13,54.55,0.010980930333033304,5080,None,None,0.0
OUT_00258,Western,509.72,0.1,45.45,0.010973519913885899,5081,None,None,0.0
OUT_07264,Western,91.8639,0.41,33.33,0.010971220215554908,5082,None,None,0.0
OUT_02301,Western,416.90670000000006,0.17,63.64,0.010964439820544557,5083,None,None,0.0
OUT_08917,Western,67.7187,0.85,51.52,0.010959804836252855,5084,None,None,0.0
OUT_03248,Western,240.8571,0.17,36.36,0.010959771680942185,5085,None,None,0.0
OUT_03277,Western,110.66750000000002,0.61,60.61,0.010957178217821783,5086,None,None,0.0
OUT_08405,Western,99.9058,0.31,27.27,0.010955358330385566,5087,None,None,0.0
OUT_04991,Western,58.371100000000006,0.53,27.27,0.010943290767598162,5088,None,None,0.0
OUT_01173,Western,220.78519999999997,0.17,33.33,0.01093314418875619,5089,None,None,0.0
OUT_04107,Western,164.05620000000002,0.41,60.61,0.0109175526700211,5090,None,None,0.0
OUT_00861,Western,87.39599999999999,0.54,42.42,0.010869147858129893,5091,None,None,0.0
OUT_05846,Western,457.81600000000003,0.11,45.45,0.010841713670613564,5092,None,None,0.0
OUT_03167,Western,692.8253,0.12,75.76,0.01083103647733194,5093,None,None,0.0
OUT_06383,Western,82.4708,0.57,42.42,0.010826429295255641,5094,None,None,0.0
OUT_04151,Western,186.15930000000003,0.27,45.45,0.010820885037674921,5095,None,None,0.0
OUT_07592,Western,80.8994,0.54,39.39,0.01081596335726665,5096,None,None,0.0
OUT_00750,Western,171.16199999999998,0.37,57.58,0.010810846705360191,5097,None,None,0.0
OUT_04877,Western,76.0836,0.66,45.45,0.010810586867599569,5098,None,None,0.0
OUT_00650,Western,177.4031,0.32,51.52,0.010809023610053311,5099,None,None,0.0
OUT_04185,Western,152.1234,0.33,45.45,0.010807475134553282,5100,None,None,0.0
OUT_07217,Western,79.28450000000001,0.88,63.64,0.01079368193069307,5101,None,None,0.0
OUT_07909,Western,149.8476,0.4,54.55,0.010790106210621063,5102,None,None,0.0
OUT_08750,Western,169.89020000000002,0.41,63.64,0.010775832611386139,5103,None,None,0.0
OUT_05890,Western,555.9005,0.09,45.45,0.010770946178686758,5104,None,None,0.0
OUT_04173,Western,156.25330000000002,0.32,45.45,0.010764489989235739,5105,None,None,0.0
OUT_01978,Western,64.9632,0.87,51.52,0.010761230769230768,5106,None,None,0.0
OUT_04386,Western,97.3093,0.48,42.42,0.01075736158452326,5107,None,None,0.0
OUT_06702,Western,217.208,0.2,39.39,0.010755533547907899,5108,None,None,0.0
OUT_00370,Western,393.3924999999999,0.16,57.58,0.010744759303516557,5109,None,None,0.0
OUT_08815,Western,498.76599999999996,0.1,45.45,0.010737696447793325,5110,None,None,0.0
OUT_04315,Western,76.36479999999999,0.44,30.3,0.01073498785942492,5111,None,None,0.0
OUT_05726,Western,193.99870000000004,0.24,42.42,0.010723097190234916,5112,None,None,0.0
OUT_00758,Western,91.8475,0.33,27.27,0.010721498054474707,5113,None,None,0.0
OUT_01350,Western,166.82609999999997,0.24,36.36,0.010716880085653102,5114,None,None,0.0
OUT_00260,Western,417.62069999999994,0.15,57.58,0.01069359935131444,5115,None,None,0.0
OUT_00351,Western,413.9809,0.19,72.73,0.010668163705411637,5116,None,None,0.0
OUT_02198,Western,65.3362,0.56,33.33,0.010657812991552582,5117,None,None,0.0
OUT_06332,Western,585.5129,0.09,48.48,0.010649992118027486,5118,None,None,0.0
OUT_07196,Western,152.1902,0.24,33.33,0.010639571220506846,5119,None,None,0.0
OUT_03179,Western,167.72660000000002,0.16,24.24,0.010632431061806658,5120,None,None,0.0
OUT_08447,Western,81.1151,0.41,30.3,0.010625300638977634,5121,None,None,0.0
OUT_06879,Western,446.47260000000006,0.06,24.24,0.010613453248811413,5122,None,None,0.0
OUT_06807,Western,138.4153,0.24,30.3,0.01061331373801917,5123,None,None,0.0
OUT_06680,Western,94.80940000000001,0.35,30.3,0.010601690095846645,5124,None,None,0.0
OUT_02417,Western,121.24449999999999,0.3,33.33,0.01059520827264783,5125,None,None,0.0
OUT_01018,Western,491.90380000000005,0.1,45.45,0.010589963401506997,5126,None,None,0.0
OUT_00278,Western,533.6806,0.08,39.39,0.010570549145828176,5127,None,None,0.0
OUT_03584,Western,77.1302,0.47,33.33,0.010559625400524323,5128,None,None,0.0
OUT_05527,Western,75.38799999999999,0.65,45.45,0.01054945102260495,5129,None,None,0.0
OUT_03594,Western,136.1699,0.43,54.55,0.010540604320432046,5130,None,None,0.0
OUT_05032,Western,109.38520000000001,0.36,36.36,0.010540329764453963,5131,None,None,0.0
OUT_08440,Western,117.00959999999999,0.2,21.21,0.010536659162539395,5132,None,None,0.0
OUT_02161,Western,74.224,0.53,36.36,0.01052963597430407,5133,None,None,0.0
OUT_00873,Western,502.6731,0.11,51.52,0.010528187547600914,5134,None,None,0.0
OUT_04331,Western,190.4519,0.24,42.42,0.010527051128512205,5135,None,None,0.0
OUT_08490,Western,197.1273,0.28,51.52,0.010509452399086064,5136,None,None,0.0
OUT_08121,Western,69.5419,0.61,39.39,0.010502738053973755,5137,None,None,0.0
OUT_01680,Western,119.649,0.54,60.61,0.010487008602499594,5138,None,None,0.0
OUT_03677,Western,83.02080000000001,0.51,39.39,0.010482943302797724,5139,None,None,0.0
OUT_06769,Western,72.6673,0.67,45.45,0.010481612701829924,5140,None,None,0.0
OUT_02268,Western,81.39099999999999,0.52,39.39,0.010478663035404802,5141,None,None,0.0
OUT_05098,Western,93.5908,0.52,45.45,0.01047733390742734,5142,None,None,0.0
OUT_05425,Western,130.91500000000002,0.42,51.52,0.010469211728865195,5143,None,None,0.0
OUT_03867,Western,102.28359999999999,0.32,30.3,0.010457109265175719,5144,None,None,0.0
OUT_05476,Western,82.28819999999999,0.59,45.45,0.01045210721205597,5145,None,None,0.0
OUT_06810,Western,808.5374000000002,0.06,45.45,0.010443970721205597,5146,None,None,0.0
OUT_06642,Western,154.99190000000002,0.17,24.24,0.01043923256735341,5147,None,None,0.0
OUT_02385,Western,377.7176999999999,0.12,42.42,0.010438996775679407,5148,None,None,0.0
OUT_05805,Western,129.6811,0.47,57.58,0.010404594912939567,5149,None,None,0.0
OUT_08980,Western,87.0966,0.41,33.33,0.010401866006408389,5150,None,None,0.0
OUT_00199,Western,405.50859999999994,0.15,57.58,0.01038345681119836,5151,None,None,0.0
OUT_02146,Western,1292.6064999999999,0.03,36.36,0.010379602516059955,5152,None,None,0.0
OUT_07948,Western,173.2944,0.26,42.42,0.010376910179640719,5153,None,None,0.0
OUT_07702,Western,513.3217,0.1,48.48,0.010374327000808408,5154,None,None,0.0
OUT_08663,Western,79.0624,0.45,33.33,0.010363553743081854,5155,None,None,0.0
OUT_08322,Western,109.36030000000001,0.44,45.45,0.010359210333692142,5156,None,None,0.0
OUT_04409,Western,797.6225,0.08,60.61,0.010357052426554129,5157,None,None,0.0
OUT_07904,Western,69.6867,0.69,45.45,0.010351737997847147,5158,None,None,0.0
OUT_01294,Western,110.34959999999998,0.35,36.36,0.010337890792291218,5159,None,None,0.0
OUT_06903,Western,83.948,0.46,36.36,0.010336209850107065,5160,None,None,0.0
OUT_03333,Western,478.45289999999994,0.12,54.55,0.01033561620162016,5161,None,None,0.0
OUT_02861,Western,63.081399999999995,0.76,45.45,0.010321176318622172,5162,None,None,0.0
OUT_06795,Western,226.75149999999996,0.17,36.36,0.010317921573875802,5163,None,None,0.0
OUT_00647,Western,107.3304,0.33,33.33,0.010317224584911158,5164,None,None,0.0
OUT_00984,Western,101.62040000000002,0.41,39.39,0.010315514731369152,5165,None,None,0.0
OUT_05349,Western,440.73730000000006,0.13,54.55,0.010314284248424845,5166,None,None,0.0
OUT_08717,Western,196.01559999999998,0.26,48.48,0.010299930476960387,5167,None,None,0.0
OUT_03528,Western,80.1988,0.83,63.64,0.010297803836633665,5168,None,None,0.0
OUT_03715,Western,257.9735,0.27,66.67,0.010293016846460766,5169,None,None,0.0
OUT_06317,Western,62.99810000000001,0.51,30.3,0.010264866134185306,5170,None,None,0.0
OUT_04732,Western,68.1394,0.79,51.52,0.010249452779893373,5171,None,None,0.0
OUT_00207,Western,491.31750000000005,0.04,18.18,0.010246454640250263,5172,None,None,0.0
OUT_03518,Western,145.5939,0.22,30.3,0.010233437060702875,5173,None,None,0.0
OUT_03405,Western,70.9807,0.32,21.21,0.010226845565060783,5174,None,None,0.0
OUT_03860,Western,268.3192,0.05,12.12,0.010225579268292683,5175,None,None,0.0
OUT_05403,Western,458.8611000000001,0.09,39.39,0.010224684080217877,5176,None,None,0.0
OUT_03868,Western,92.14160000000001,0.28,24.24,0.010221730586370844,5177,None,None,0.0
OUT_04789,Western,114.43950000000001,0.55,60.61,0.010216154033436132,5178,None,None,0.0
OUT_07137,Western,88.8271,0.29,24.24,0.010205966323296355,5179,None,None,0.0
OUT_04197,Western,103.0566,0.49,48.48,0.01020568593371059,5180,None,None,0.0
OUT_03568,Western,152.5414,0.27,39.39,0.010197122555087895,5181,None,None,0.0
OUT_08610,Western,77.61590000000001,0.69,51.52,0.01019706226199543,5182,None,None,0.0
OUT_02452,Western,552.4802,0.08,42.42,0.010179275909719024,5183,None,None,0.0
OUT_08852,Western,110.4254,0.54,57.58,0.010179193581427107,5184,None,None,0.0
OUT_07388,Western,796.4940000000001,0.04,30.3,0.010178837060702878,5185,None,None,0.0
OUT_08024,Western,86.9675,0.65,54.55,0.010176215121512152,5186,None,None,0.0
OUT_05411,Western,71.5056,0.66,45.45,0.010160106781485467,5187,None,None,0.0
OUT_06958,Western,129.67950000000002,0.34,42.42,0.010154543988945188,5188,None,None,0.0
OUT_07958,Western,89.2971,0.63,54.55,0.01012730387038704,5189,None,None,0.0
OUT_01115,Western,146.808,0.32,45.45,0.010113791173304628,5190,None,None,0.0
OUT_08703,Western,82.2823,0.72,57.58,0.01011322226015705,5191,None,None,0.0
OUT_07821,Western,87.0701,0.61,51.52,0.010112863861386137,5192,None,None,0.0
OUT_06450,Western,88.5154,0.6,51.52,0.010112193450114241,5193,None,None,0.0
OUT_04628,Western,162.5564,0.27,42.42,0.010108297558728697,5194,None,None,0.0
OUT_07747,Western,219.71569999999997,0.13,27.27,0.010103657941280507,5195,None,None,0.0
OUT_03037,Western,629.0773999999999,0.06,36.36,0.010102956102783722,5196,None,None,0.0
OUT_08954,Western,104.4224,0.42,42.42,0.010100738830032242,5197,None,None,0.0
OUT_06294,Western,88.4803,0.53,45.45,0.010095706996770721,5198,None,None,0.0
OUT_04251,Western,681.5168000000001,0.1,66.67,0.0100711807300133,5199,None,None,0.0
OUT_01437,Western,557.976,0.04,21.21,0.010049095002251238,5200,None,None,0.0
OUT_01586,Western,112.66969999999999,0.36,39.39,0.01004235999009656,5201,None,None,0.0
OUT_05089,Western,202.4457,0.17,33.33,0.010024983687736674,5202,None,None,0.0
OUT_06055,Western,273.66060000000004,0.27,72.73,0.01002147863827479,5203,None,None,0.0
OUT_07304,Western,43.5435,0.79,33.33,0.010020205359743666,5204,None,None,0.0
OUT_07599,Western,101.204,0.61,60.61,0.010020198019801979,5205,None,None,0.0
OUT_06753,Western,210.837,0.35,72.73,0.010008537908585377,5206,None,None,0.0
OUT_06416,Western,228.68649999999997,0.19,42.42,0.010007009442653153,5207,None,None,0.0
OUT_08902,Western,245.13000000000002,0.14,33.33,0.009996562773084769,5208,None,None,0.0
OUT_02651,Western,120.63119999999999,0.41,48.48,0.009995713823767176,5209,None,None,0.0
OUT_00239,Western,504.1835,0.05,24.24,0.009987787242472268,5210,None,None,0.0
OUT_05554,Western,99.0369,0.59,57.58,0.009974696312734722,5211,None,None,0.0
OUT_00085,Western,541.2003,0.08,42.42,0.009971447259327498,5212,None,None,0.0
OUT_04501,Western,87.3761,0.53,45.45,0.00996971646932185,5213,None,None,0.0
OUT_07844,Western,78.4438,0.86,66.67,0.009969213536279,5214,None,None,0.0
OUT_06611,Western,73.15369999999999,0.55,39.39,0.00996150903689032,5215,None,None,0.0
OUT_04837,Western,73.0462,0.88,63.64,0.009944408415841585,5216,None,None,0.0
OUT_01237,Western,86.6422,0.22,18.18,0.009938104275286757,5217,None,None,0.0
OUT_01873,Western,255.0537,0.11,27.27,0.009924268482490272,5218,None,None,0.0
OUT_00725,Western,71.8776,0.39,27.27,0.009915905199858507,5219,None,None,0.0
OUT_02831,Western,79.8296,0.69,54.55,0.009915827902790279,5220,None,None,0.0
OUT_03389,Western,106.63560000000001,0.6,63.64,0.009898106435643565,5221,None,None,0.0
OUT_06326,Western,191.53580000000002,0.24,45.45,0.009896359956942949,5222,None,None,0.0
OUT_05985,Western,98.064,0.53,51.52,0.009896024371667934,5223,None,None,0.0
OUT_00610,Western,399.7893,0.16,63.64,0.009895774752475248,5224,None,None,0.0
OUT_07295,Western,123.2899,0.47,57.58,0.009891815124615908,5225,None,None,0.0
OUT_04081,Western,82.45599999999999,0.63,51.52,0.00989095201827875,5226,None,None,0.0
OUT_04677,Western,148.135,0.33,48.48,0.00987965844785772,5227,None,None,0.0
OUT_02591,Western,432.39720000000005,0.12,51.52,0.009879600913937548,5228,None,None,0.0
OUT_00519,Western,105.53389999999999,0.52,54.55,0.009878960936093608,5229,None,None,0.0
OUT_03382,Western,103.03170000000001,0.3,30.3,0.0098752428115016,5230,None,None,0.0
OUT_04778,Western,123.50739999999999,0.25,30.3,0.009864808306709265,5231,None,None,0.0
OUT_05442,Western,440.67889999999994,0.07,30.3,0.009855438658146963,5232,None,None,0.0
OUT_06288,Western,136.154,0.38,51.52,0.009851203351104341,5233,None,None,0.0
OUT_07942,Western,110.9476,0.52,57.58,0.009848540798907476,5234,None,None,0.0
OUT_02092,Western,195.03570000000002,0.28,54.55,0.009830782358235826,5235,None,None,0.0
OUT_00972,Western,198.2649,0.17,33.33,0.009817953102242939,5236,None,None,0.0
OUT_02855,Western,71.9473,0.55,39.39,0.00979723075018569,5237,None,None,0.0
OUT_06311,Western,177.3473,0.29,51.52,0.009792596534653463,5238,None,None,0.0
OUT_08499,Western,97.2118,0.59,57.58,0.009790877773984295,5239,None,None,0.0
OUT_03241,Western,109.84469999999999,0.36,39.39,0.009790564991334488,5240,None,None,0.0
OUT_00277,Western,421.4069,0.15,63.64,0.009778934870049506,5241,None,None,0.0
OUT_06132,Western,153.5421,0.18,27.27,0.009776292182525645,5242,None,None,0.0
OUT_03628,Western,51.58250000000001,0.88,45.45,0.009772357373519915,5243,None,None,0.0
OUT_03490,Western,70.4075,0.14,9.09,0.0097691278493558,5244,None,None,0.0
OUT_07837,Western,754.9778000000001,0.06,45.45,0.009752135199138858,5245,None,None,0.0
OUT_03399,Western,98.3524,0.4,39.39,0.009740272344639764,5246,None,None,0.0
OUT_07610,Western,87.5869,0.28,24.24,0.009716454833597466,5247,None,None,0.0
OUT_04016,Western,82.0457,0.37,30.3,0.009698692971246006,5248,None,None,0.0
OUT_00846,Western,65.282,0.69,45.45,0.009697433799784713,5249,None,None,0.0
OUT_08722,Western,164.2916,0.31,51.52,0.009697333587204874,5250,None,None,0.0
OUT_08876,Western,111.4916,0.43,48.48,0.009689043654001616,5251,None,None,0.0
OUT_04284,Western,86.9613,0.72,63.64,0.009686283415841584,5252,None,None,0.0
OUT_01451,Western,175.2133,0.24,42.42,0.009684751727314601,5253,None,None,0.0
OUT_00931,Western,83.3638,0.61,51.52,0.00968239108910891,5254,None,None,0.0
OUT_04801,Western,68.70590000000001,0.74,51.52,0.009680572353389188,5255,None,None,0.0
OUT_03796,Western,532.1422,0.09,48.48,0.009679223524656427,5256,None,None,0.0
OUT_03169,Western,110.8864,0.51,57.58,0.009653817685216799,5257,None,None,0.0
OUT_07270,Western,95.7344,0.56,54.55,0.009650992619261927,5258,None,None,0.0
OUT_01154,Western,101.5792,0.47,48.48,0.009648792239288601,5259,None,None,0.0
OUT_04730,Western,140.7217,0.36,51.52,0.009645813404417364,5260,None,None,0.0
OUT_07699,Western,100.6217,0.3,30.3,0.009644252396166134,5261,None,None,0.0
OUT_01749,Western,513.5355,0.11,57.58,0.009643036019119153,5262,None,None,0.0
OUT_08501,Western,121.58539999999999,0.2,24.24,0.009634342313787639,5263,None,None,0.0
OUT_05812,Western,94.2937,0.35,33.33,0.009613397902709,5264,None,None,0.0
OUT_00561,Western,112.6529,0.37,42.42,0.009599625287885768,5265,None,None,0.0
OUT_04288,Western,96.8087,0.46,45.45,0.009587083315392894,5266,None,None,0.0
OUT_06324,Western,135.5059,0.35,48.48,0.009585098019401777,5267,None,None,0.0
OUT_01505,Western,749.3373999999999,0.04,30.3,0.009576196805111821,5268,None,None,0.0
OUT_02553,Western,80.5566,0.48,39.39,0.009573450854171824,5269,None,None,0.0
OUT_02218,Western,233.8664,0.19,45.45,0.009566117545748116,5270,None,None,0.0
OUT_06945,Western,112.673,0.24,27.27,0.00956544747081712,5271,None,None,0.0
OUT_07732,Western,186.83100000000002,0.16,30.3,0.009550466453674121,5272,None,None,0.0
OUT_01314,Western,238.65950000000004,0.21,51.52,0.00954274466869764,5273,None,None,0.0
OUT_01824,Western,104.82709999999999,0.34,36.36,0.009539939507494646,5274,None,None,0.0
OUT_08240,Western,102.4873,0.46,48.48,0.009527921988682296,5275,None,None,0.0
OUT_00411,Western,68.19409999999999,0.31,21.21,0.009518312021611883,5276,None,None,0.0
OUT_08689,Western,74.4263,0.67,51.52,0.009494596534653465,5277,None,None,0.0
OUT_04021,Western,424.3407,0.07,30.3,0.009490047603833866,5278,None,None,0.0
OUT_07290,Western,74.7126,0.59,45.45,0.009489867384284175,5279,None,None,0.0
OUT_08428,Western,112.794,0.39,45.45,0.00947032508073197,5280,None,None,0.0
OUT_01742,Western,195.1563,0.24,48.48,0.009465948261924009,5281,None,None,0.0
OUT_02363,Western,116.0249,0.28,33.33,0.009463143606175358,5282,None,None,0.0
OUT_02425,Western,197.45909999999998,0.15,30.3,0.009462896166134185,5283,None,None,0.0
OUT_05817,Western,93.818,0.56,54.55,0.009457800180018005,5284,None,None,0.0
OUT_02846,Western,149.711,0.37,57.58,0.009455969614202801,5285,None,None,0.0
OUT_04389,Western,137.39170000000001,0.34,48.48,0.009440820129345192,5286,None,None,0.0
OUT_04132,Western,75.7344,0.73,57.58,0.00943771116421987,5287,None,None,0.0
OUT_01635,Western,182.65410000000003,0.24,45.45,0.009437456189451021,5288,None,None,0.0
OUT_02558,Western,110.0995,0.45,51.52,0.00943350628332064,5289,None,None,0.0
OUT_05929,Western,166.48000000000002,0.28,48.48,0.009420856911883591,5290,None,None,0.0
OUT_03717,Western,69.3262,0.59,42.42,0.009420188392445877,5291,None,None,0.0
OUT_08125,Western,237.5661,0.16,39.39,0.009410887843525626,5292,None,None,0.0
OUT_02158,Western,89.7859,0.55,51.52,0.00940255997715156,5293,None,None,0.0
OUT_08826,Western,537.9332999999999,0.06,33.33,0.00940168890183513,5294,None,None,0.0
OUT_01661,Western,226.36270000000002,0.13,30.3,0.009401645686900958,5295,None,None,0.0
OUT_01145,Western,193.8365,0.21,42.42,0.009374865269461076,5296,None,None,0.0
OUT_05401,Western,222.46540000000002,0.17,39.39,0.009363485516216888,5297,None,None,0.0
OUT_01917,Western,213.95810000000003,0.19,42.42,0.009362514739751268,5298,None,None,0.0
OUT_07100,Western,105.653,0.41,45.45,0.00932566846071044,5299,None,None,0.0
OUT_01027,Western,97.12960000000001,0.3,30.3,0.009309546325878595,5300,None,None,0.0
OUT_04346,Western,102.9187,0.42,45.45,0.00930588891280947,5301,None,None,0.0
OUT_02662,Western,121.12530000000001,0.45,57.58,0.00930460652099693,5302,None,None,0.0
OUT_08107,Western,148.87490000000003,0.29,45.45,0.0092946654467169,5303,None,None,0.0
OUT_05931,Western,79.845,0.47,39.39,0.009291198316414952,5304,None,None,0.0
OUT_07227,Western,523.6976,0.12,66.67,0.009286790601448202,5305,None,None,0.0
OUT_03807,Western,93.6243,0.34,33.33,0.009272432857558988,5306,None,None,0.0
OUT_06271,Western,530.4675,0.06,33.33,0.009271205942324497,5307,None,None,0.0
OUT_08102,Western,160.8272,0.25,42.42,0.009259972362966376,5308,None,None,0.0
OUT_07347,Western,208.0781,0.22,48.48,0.009251653597413097,5309,None,None,0.0
OUT_06708,Western,71.35340000000001,0.68,51.52,0.009238444782939835,5310,None,None,0.0
OUT_00674,Western,450.55819999999994,0.12,57.58,0.009229597814953906,5311,None,None,0.0
OUT_05210,Western,88.5907,0.42,39.39,0.009212204506065858,5312,None,None,0.0
OUT_06441,Western,299.6857,0.18,57.58,0.009208505633321951,5313,None,None,0.0
OUT_03173,Western,95.4646,0.71,72.73,0.009192983317509833,5314,None,None,0.0
OUT_03824,Western,594.0055,0.1,63.64,0.009189441522277226,5315,None,None,0.0
OUT_08357,Western,173.1467,0.15,27.27,0.009187125928546163,5316,None,None,0.0
OUT_08391,Western,73.7191,0.73,57.58,0.00918657272106521,5317,None,None,0.0
OUT_08323,Western,153.32770000000002,0.26,42.42,0.009181299401197605,5318,None,None,0.0
OUT_02486,Western,160.84410000000003,0.23,39.39,0.009159233226046053,5319,None,None,0.0
OUT_05915,Western,209.61049999999997,0.15,33.33,0.009158629478590155,5320,None,None,0.0
OUT_08950,Western,184.91070000000002,0.26,51.52,0.00915399504950495,5321,None,None,0.0
OUT_04604,Western,69.723,0.57,42.42,0.009152950253339474,5322,None,None,0.0
OUT_01659,Western,75.06410000000001,0.64,51.52,0.009147186595582637,5323,None,None,0.0
OUT_07633,Western,530.8629,0.08,45.45,0.009142956297093649,5324,None,None,0.0
OUT_02095,Western,158.95700000000002,0.18,30.3,0.009141297124600638,5325,None,None,0.0
OUT_08932,Western,75.2541,0.71,57.58,0.00912093052236258,5326,None,None,0.0
OUT_00880,Western,71.2737,0.71,54.55,0.009109689828982899,5327,None,None,0.0
OUT_05307,Western,136.7733,0.39,57.58,0.009105767668146124,5328,None,None,0.0
OUT_06487,Western,140.7246,0.32,48.48,0.009101025060630558,5329,None,None,0.0
OUT_08642,Western,530.9832999999999,0.09,51.52,0.009099104531607003,5330,None,None,0.0
OUT_05297,Western,657.7268999999999,0.06,42.42,0.009088810225702439,5331,None,None,0.0
OUT_08670,Western,561.5830000000001,0.08,48.48,0.009079757477768798,5332,None,None,0.0
OUT_03468,Western,127.2595,0.18,24.24,0.009075558637083994,5333,None,None,0.0
OUT_08521,Western,81.582,0.82,72.73,0.009073272751932726,5334,None,None,0.0
OUT_03286,Western,122.93790000000001,0.32,42.42,0.009060370336250578,5335,None,None,0.0
OUT_06624,Western,257.63969999999995,0.11,30.3,0.009054430351437697,5336,None,None,0.0
OUT_04265,Western,103.2875,0.54,60.61,0.009052954065898393,5337,None,None,0.0
OUT_03819,Western,161.53840000000002,0.26,45.45,0.009041977179763187,5338,None,None,0.0
OUT_01697,Western,89.4344,0.5,48.48,0.009037429264349233,5339,None,None,0.0
OUT_05524,Western,130.0967,0.47,66.67,0.009035828136544995,5340,None,None,0.0
OUT_04356,Western,490.2115,0.08,42.42,0.009031994472593275,5341,None,None,0.0
OUT_02451,Western,206.11380000000003,0.19,42.42,0.009019258866881623,5342,None,None,0.0
OUT_03857,Western,104.49019999999999,0.4,45.45,0.008998079655543594,5343,None,None,0.0
OUT_06177,Western,78.2902,0.29,24.24,0.00899530824088748,5344,None,None,0.0
OUT_02988,Western,68.4241,0.65,48.48,0.008988614591754245,5345,None,None,0.0
OUT_08232,Western,77.2916,0.54,45.45,0.008985460495156082,5346,None,None,0.0
OUT_08824,Western,98.0362,0.48,51.52,0.00895989642041127,5347,None,None,0.0
OUT_01810,Western,153.71300000000002,0.2,33.33,0.008955024759685407,5348,None,None,0.0
OUT_01954,Western,199.6999,0.14,30.3,0.00893226389776358,5349,None,None,0.0
OUT_06357,Western,78.7564,0.63,54.55,0.00893186894689469,5350,None,None,0.0
OUT_05740,Western,245.04250000000002,0.18,48.48,0.0089142380759903,5351,None,None,0.0
OUT_05345,Western,71.2611,0.96,75.76,0.008912279312141738,5352,None,None,0.0
OUT_01852,Western,449.81699999999995,0.05,24.24,0.008910796354992076,5353,None,None,0.0
OUT_05917,Western,91.8301,0.42,42.42,0.008882690465223398,5354,None,None,0.0
OUT_02274,Western,88.13770000000001,0.59,57.58,0.008876961932400137,5355,None,None,0.0
OUT_07705,Western,223.6124,0.16,39.39,0.00885812923991087,5356,None,None,0.0
OUT_08504,Western,223.44029999999998,0.1,24.24,0.008852626782884312,5357,None,None,0.0
OUT_00443,Western,230.7614,0.12,30.3,0.008847082428115015,5358,None,None,0.0
OUT_00929,Western,183.5944,0.18,36.36,0.00884555460385439,5359,None,None,0.0
OUT_01530,Western,109.2906,0.4,48.48,0.008835133387227162,5360,None,None,0.0
OUT_05863,Western,57.597100000000005,0.48,30.3,0.008832782108626197,5361,None,None,0.0
OUT_08738,Western,222.836,0.16,39.39,0.008827373112156475,5362,None,None,0.0
OUT_07757,Western,79.53460000000001,0.65,57.58,0.008825109252304543,5363,None,None,0.0
OUT_05860,Western,117.08550000000001,0.35,45.45,0.008822373519913886,5364,None,None,0.0
OUT_03284,Western,93.3915,0.41,42.42,0.00881863542146476,5365,None,None,0.0
OUT_06150,Western,229.643,0.19,48.48,0.008818142683912691,5366,None,None,0.0
OUT_08659,Western,86.7748,0.41,39.39,0.008808533795493933,5367,None,None,0.0
OUT_07465,Western,86.12610000000001,0.35,33.33,0.008780697640547626,5368,None,None,0.0
OUT_06321,Western,768.0853,0.06,51.52,0.0087747749428789,5369,None,None,0.0
OUT_07665,Western,101.53569999999999,0.48,54.55,0.008773561836183618,5370,None,None,0.0
OUT_07630,Western,70.2403,0.58,45.45,0.008770586437029063,5371,None,None,0.0
OUT_00022,Western,1027.5108,0.05,57.58,0.008770150221918743,5372,None,None,0.0
OUT_03115,Western,143.2365,0.34,54.55,0.008766950495049506,5373,None,None,0.0
OUT_03141,Western,121.7039,0.4,54.55,0.008763557155715572,5374,None,None,0.0
OUT_04595,Western,217.9253,0.15,36.36,0.008749677462526766,5375,None,None,0.0
OUT_02771,Western,108.24640000000001,0.35,42.42,0.008725527406725012,5376,None,None,0.0
OUT_08006,Western,79.86749999999999,0.54,48.48,0.008716339935327404,5377,None,None,0.0
OUT_08495,Western,84.07239999999999,0.67,63.64,0.008714187499999998,5378,None,None,0.0
OUT_06105,Western,112.2609,0.36,45.45,0.008700521851453175,5379,None,None,0.0
OUT_07120,Western,224.39100000000002,0.18,45.45,0.00869545317545748,5380,None,None,0.0
OUT_04252,Western,63.2227,0.93,66.67,0.008688800206886362,5381,None,None,0.0
OUT_06918,Western,70.5486,0.46,36.36,0.008686390792291221,5382,None,None,0.0
OUT_00576,Western,194.10199999999998,0.14,30.3,0.0086818785942492,5383,None,None,0.0
OUT_06064,Western,201.4419,0.2,45.45,0.008673494079655543,5384,None,None,0.0
OUT_08485,Western,756.7563,0.06,51.52,0.008645349961919268,5385,None,None,0.0
OUT_05944,Western,140.5231,0.36,57.58,0.008635765790372141,5386,None,None,0.0
OUT_05660,Western,69.0704,0.77,60.61,0.008632398636584972,5387,None,None,0.0
OUT_02287,Western,170.36059999999998,0.22,42.42,0.008631812989405803,5388,None,None,0.0
OUT_05542,Western,535.3116,0.07,42.42,0.008630081068631968,5389,None,None,0.0
OUT_04827,Western,69.7079,0.5,39.39,0.008629351324585293,5390,None,None,0.0
OUT_08031,Western,75.9448,0.7,60.61,0.008628690147703294,5391,None,None,0.0
OUT_04722,Western,113.17670000000001,0.4,51.52,0.00861970297029703,5392,None,None,0.0
OUT_06118,Western,128.7993,0.25,36.36,0.008618796841541756,5393,None,None,0.0
OUT_01471,Western,795.0663,0.07,63.64,0.008609938273514852,5394,None,None,0.0
OUT_03347,Western,100.9363,0.37,42.42,0.00860120474435744,5395,None,None,0.0
OUT_05724,Western,105.0393,0.43,51.52,0.00859994268849962,5396,None,None,0.0
OUT_08886,Western,448.13720000000006,0.06,30.3,0.00859048945686901,5397,None,None,0.0
OUT_06995,Western,73.9297,0.61,51.52,0.008586655940594058,5398,None,None,0.0
OUT_00629,Western,244.3196,0.11,30.3,0.008586311821086262,5399,None,None,0.0
OUT_06225,Western,82.9501,0.7,66.67,0.008580622136840549,5400,None,None,0.0
OUT_05654,Western,106.72449999999999,0.47,57.58,0.008562737282348923,5401,None,None,0.0
OUT_02338,Western,86.4079,0.4,39.39,0.008557355781133943,5402,None,None,0.0
OUT_03110,Western,82.4802,0.45,42.42,0.008548155228005528,5403,None,None,0.0
OUT_02809,Western,81.0009,0.49,45.45,0.00854476663078579,5404,None,None,0.0
OUT_02002,Western,146.1068,0.36,60.61,0.008537323161824378,5405,None,None,0.0
OUT_04336,Western,72.46430000000001,0.19,15.15,0.008525211764705885,5406,None,None,0.0
OUT_05053,Western,99.4649,0.45,51.52,0.008522316260472201,5407,None,None,0.0
OUT_00553,Western,166.1708,0.3,57.58,0.008509941959713213,5408,None,None,0.0
OUT_08700,Western,279.0892,0.04,12.12,0.008508817073170732,5409,None,None,0.0
OUT_06894,Western,237.0593,0.21,57.58,0.008498199556162513,5410,None,None,0.0
OUT_06019,Western,94.70049999999999,0.28,30.3,0.008471610223642172,5411,None,None,0.0
OUT_07425,Western,148.1406,0.3,51.52,0.008461953541507998,5412,None,None,0.0
OUT_06216,Western,82.74249999999999,0.66,63.64,0.008448336943069307,5413,None,None,0.0
OUT_00061,Western,568.0224000000001,0.06,39.39,0.008438064867541471,5414,None,None,0.0
OUT_07047,Western,108.68079999999999,0.29,36.36,0.008436143468950748,5415,None,None,0.0
OUT_08191,Western,82.2063,0.29,27.27,0.00843290661478599,5416,None,None,0.0
OUT_07981,Western,90.37950000000001,0.49,51.52,0.008432207730388424,5417,None,None,0.0
OUT_02110,Western,75.6766,0.72,63.64,0.008429324257425742,5418,None,None,0.0
OUT_03294,Western,109.4639,0.52,66.67,0.008411589773902762,5419,None,None,0.0
OUT_01424,Western,79.58749999999999,0.65,60.61,0.00839666856029865,5420,None,None,0.0
OUT_01785,Western,556.5122,0.07,45.45,0.008386620882669537,5421,None,None,0.0
OUT_02557,Western,131.1413,0.2,30.3,0.008379635782747604,5422,None,None,0.0
OUT_05839,Western,88.0318,0.47,48.48,0.008361953516572351,5423,None,None,0.0
OUT_05664,Western,413.6716,0.1,48.48,0.008360379951495554,5424,None,None,0.0
OUT_06581,Western,86.1713,0.45,45.45,0.0083481345532831,5425,None,None,0.0
OUT_04512,Western,87.2891,0.56,57.58,0.00834446841925572,5426,None,None,0.0
OUT_07448,Western,179.3966,0.23,48.48,0.008338968876313663,5427,None,None,0.0
OUT_05079,Western,489.72600000000006,0.11,63.64,0.00833382735148515,5428,None,None,0.0
OUT_00383,Western,485.78,0.09,51.52,0.008324485910129473,5429,None,None,0.0
OUT_07064,Western,212.462,0.17,42.42,0.008318410870566558,5430,None,None,0.0
OUT_05851,Western,69.6258,0.41,33.33,0.008315344596562772,5431,None,None,0.0
OUT_03702,Western,97.0389,0.45,51.52,0.00831445258948972,5432,None,None,0.0
OUT_03094,Western,88.096,0.61,63.64,0.008313514851485149,5433,None,None,0.0
OUT_06899,Western,106.68789999999998,0.48,60.61,0.008311993507547473,5434,None,None,0.0
OUT_06393,Western,90.4495,0.37,39.39,0.008285792275315673,5435,None,None,0.0
OUT_02670,Western,132.4333,0.29,45.45,0.008268171582346608,5436,None,None,0.0
OUT_05334,Western,135.69310000000002,0.32,51.52,0.008267667936024374,5437,None,None,0.0
OUT_03641,Western,230.40109999999999,0.21,57.58,0.008259513656538067,5438,None,None,0.0
OUT_00433,Western,157.15380000000002,0.26,48.48,0.008257879547291836,5439,None,None,0.0
OUT_07547,Western,192.81269999999998,0.16,36.36,0.008257503211991434,5440,None,None,0.0
OUT_01681,Western,79.7274,0.23,21.21,0.00825632687978388,5441,None,None,0.0
OUT_02082,Western,149.5687,0.34,60.61,0.008254075312449278,5442,None,None,0.0
OUT_00646,Western,73.2462,0.66,57.58,0.008252388528508023,5443,None,None,0.0
OUT_02244,Western,154.75740000000002,0.36,66.67,0.008232993054529333,5444,None,None,0.0
OUT_00122,Western,477.9066,0.08,45.45,0.008230899461786867,5445,None,None,0.0
OUT_07338,Western,86.4489,0.5,51.52,0.008230093297791317,5446,None,None,0.0
OUT_03309,Western,77.48639999999999,0.59,54.55,0.008229878667866786,5447,None,None,0.0
OUT_03495,Western,91.0849,0.31,33.33,0.008224969123215846,5448,None,None,0.0
OUT_06554,Western,101.03110000000001,0.23,27.27,0.008219721613017332,5449,None,None,0.0
OUT_08414,Western,204.7001,0.15,36.36,0.00821868709850107,5450,None,None,0.0
OUT_03274,Western,767.4844999999998,0.04,36.36,0.008217178800856529,5451,None,None,0.0
OUT_06572,Western,136.3734,0.17,27.27,0.00820073505482844,5452,None,None,0.0
OUT_05785,Western,88.8755,0.68,72.73,0.008196845246168453,5453,None,None,0.0
OUT_02130,Western,90.1597,0.56,60.61,0.008195006005518587,5454,None,None,0.0
OUT_08343,Western,123.1407,0.45,66.67,0.00818875646519876,5455,None,None,0.0
OUT_05713,Western,68.0633,0.34,27.27,0.008185893880438628,5456,None,None,0.0
OUT_08737,Western,95.6688,0.19,21.21,0.00818418370103557,5457,None,None,0.0
OUT_04057,Western,189.42540000000002,0.24,54.55,0.008183995679567957,5458,None,None,0.0
OUT_06403,Western,615.3100999999999,0.09,66.67,0.00818352430914733,5459,None,None,0.0
OUT_05983,Western,93.4421,0.38,42.42,0.008177797789037308,5460,None,None,0.0
OUT_01429,Western,79.67840000000001,0.57,54.55,0.008175821422142215,5461,None,None,0.0
OUT_05489,Western,112.1622,0.25,33.33,0.008167943489659192,5462,None,None,0.0
OUT_07054,Western,211.1042,0.25,63.64,0.008164611695544555,5463,None,None,0.0
OUT_07783,Western,109.65350000000001,0.21,27.27,0.008145466926070039,5464,None,None,0.0
OUT_04797,Western,79.1321,0.32,30.3,0.008090182747603834,5465,None,None,0.0
OUT_00371,Western,499.1656,0.09,54.55,0.008087291449144914,5466,None,None,0.0
OUT_07145,Western,117.88900000000001,0.36,51.52,0.008080738766184311,5467,None,None,0.0
OUT_08225,Western,500.73929999999996,0.07,42.42,0.008072720175034546,5468,None,None,0.0
OUT_05002,Western,81.4246,0.16,15.15,0.008066833436532509,5469,None,None,0.0
OUT_01815,Western,76.78229999999999,0.55,51.52,0.008040796839299313,5470,None,None,0.0
OUT_08467,Western,99.0504,0.5,60.61,0.00803850024346697,5471,None,None,0.0
OUT_07706,Western,156.2822,0.27,51.52,0.008034309596344248,5472,None,None,0.0
OUT_05444,Western,103.5904,0.36,45.45,0.008028534768568352,5473,None,None,0.0
OUT_04177,Western,69.62010000000001,0.71,60.61,0.00802309219282584,5474,None,None,0.0
OUT_00853,Western,836.4985999999999,0.03,30.3,0.008017558466453672,5475,None,None,0.0
OUT_08582,Western,215.8659,0.15,39.39,0.008016807378063878,5476,None,None,0.0
OUT_06213,Western,80.8784,0.25,24.24,0.008010935023771792,5477,None,None,0.0
OUT_00839,Western,124.44309999999999,0.26,39.39,0.00801069720227779,5478,None,None,0.0
OUT_05044,Western,227.8215,0.11,30.3,0.008006506389776357,5479,None,None,0.0
OUT_03218,Western,172.23309999999998,0.23,48.48,0.008005984842360548,5480,None,None,0.0
OUT_03718,Western,221.2894,0.19,51.52,0.008005519040365575,5481,None,None,0.0
OUT_03793,Western,112.4624,0.46,63.64,0.00800320297029703,5482,None,None,0.0
OUT_08667,Western,114.92749999999998,0.45,63.64,0.008000831528465346,5483,None,None,0.0
OUT_06048,Western,88.36869999999999,0.64,69.7,0.007999429702970297,5484,None,None,0.0
OUT_03812,Western,111.96050000000001,0.31,42.42,0.007993494933210502,5485,None,None,0.0
OUT_03329,Western,161.2702,0.23,45.45,0.00798539203444564,5486,None,None,0.0
OUT_05680,Western,53.227000000000004,0.74,48.48,0.007960383993532742,5487,None,None,0.0
OUT_04157,Western,124.98499999999999,0.18,27.27,0.00795801202688362,5488,None,None,0.0
OUT_07853,Western,75.8845,0.36,33.33,0.007957593941159335,5489,None,None,0.0
OUT_02768,Western,123.2024,0.3,45.45,0.007957097954790097,5490,None,None,0.0
OUT_07883,Western,428.1912,0.12,63.64,0.00794909405940594,5491,None,None,0.0
OUT_02700,Western,86.2354,0.4,42.42,0.007944302164900968,5492,None,None,0.0
OUT_06869,Western,87.0371,0.59,63.64,0.007944289758663365,5493,None,None,0.0
OUT_01513,Western,77.6718,0.63,60.61,0.00794241746469729,5494,None,None,0.0
OUT_01847,Western,407.67589999999996,0.12,60.61,0.007940449277714656,5495,None,None,0.0
OUT_03383,Western,440.34760000000006,0.1,54.55,0.007927049504950497,5496,None,None,0.0
OUT_07551,Western,114.7294,0.3,42.42,0.007926950713956701,5497,None,None,0.0
OUT_05518,Western,80.04429999999999,0.46,45.45,0.007926884391819159,5498,None,None,0.0
OUT_03449,Western,67.7368,0.65,54.55,0.007925998199819984,5499,None,None,0.0
OUT_02142,Western,129.8793,0.32,51.52,0.007913437928408224,5500,None,None,0.0
OUT_07634,Western,95.2907,0.31,36.36,0.007906883565310493,5501,None,None,0.0
OUT_05465,Western,763.9399000000001,0.07,66.67,0.007902437269100046,5502,None,None,0.0
OUT_08088,Western,190.6196,0.18,42.42,0.007902240442192537,5503,None,None,0.0
OUT_01463,Western,40.3817,1.5,75.76,0.007891160760812923,5504,None,None,0.0
OUT_08573,Western,180.27160000000003,0.19,42.42,0.00788843942883464,5505,None,None,0.0
OUT_01327,Western,77.8398,0.44,42.42,0.007887957623215107,5506,None,None,0.0
OUT_01497,Western,201.44039999999998,0.17,42.42,0.007886888070013818,5507,None,None,0.0
OUT_01862,Western,95.0789,0.36,42.42,0.00788309626900046,5508,None,None,0.0
OUT_02075,Western,73.2003,0.5,45.45,0.007879472551130246,5509,None,None,0.0
OUT_05927,Western,689.6464999999998,0.06,51.52,0.007878672886519418,5510,None,None,0.0
OUT_04876,Western,180.772,0.11,24.24,0.007878335974643423,5511,None,None,0.0
OUT_08643,Western,228.9832,0.17,48.48,0.007867248181083267,5512,None,None,0.0
OUT_02250,Western,77.81559999999999,0.5,48.48,0.007863338722716249,5513,None,None,0.0
OUT_06927,Western,114.6147,0.36,51.52,0.007856300837776085,5514,None,None,0.0
OUT_02905,Western,102.87920000000001,0.47,60.61,0.007848275279987015,5515,None,None,0.0
OUT_00195,Western,567.5349000000001,0.06,42.42,0.007842490557346846,5516,None,None,0.0
OUT_06031,Western,60.6489,0.6,45.45,0.007834088266953712,5517,None,None,0.0
OUT_03160,Western,243.8965,0.12,36.36,0.007833934689507495,5518,None,None,0.0
OUT_00046,Western,654.6885,0.07,57.58,0.007823181119836122,5519,None,None,0.0
OUT_03770,Western,265.6953,0.11,36.36,0.007822934421841541,5520,None,None,0.0
OUT_01404,Western,76.60600000000001,0.66,63.64,0.007821775990099011,5521,None,None,0.0
OUT_07255,Western,82.8323,0.41,42.42,0.007821566789497926,5522,None,None,0.0
OUT_02015,Western,75.749,0.26,24.24,0.007802987321711569,5523,None,None,0.0
OUT_00468,Western,541.4054,0.08,54.55,0.007797017461746175,5524,None,None,0.0
OUT_00566,Western,116.61420000000001,0.29,42.42,0.0077886038691847076,5525,None,None,0.0
OUT_02456,Western,70.12219999999999,0.65,57.58,0.00778071526118129,5526,None,None,0.0
OUT_07778,Western,73.7265,0.65,60.61,0.007778319266352866,5527,None,None,0.0
OUT_03845,Western,79.6968,0.69,69.7,0.007778046958981612,5528,None,None,0.0
OUT_00767,Western,240.7878,0.14,42.42,0.007763770612620912,5529,None,None,0.0
OUT_02443,Western,85.7312,0.64,69.7,0.007760674398868458,5530,None,None,0.0
OUT_02972,Western,253.4058,0.17,54.55,0.0077549929792979306,5531,None,None,0.0
OUT_02107,Western,72.0404,0.5,45.45,0.007754617868675996,5532,None,None,0.0
OUT_04438,Western,383.35480000000007,0.1,48.48,0.007747671786580437,5533,None,None,0.0
OUT_04579,Western,111.7199,0.28,39.39,0.007744880415944542,5534,None,None,0.0
OUT_02233,Western,107.01499999999999,0.38,51.52,0.007742897943640516,5535,None,None,0.0
OUT_01081,Western,119.65869999999998,0.32,48.48,0.007738638641875504,5536,None,None,0.0
OUT_04863,Western,74.11699999999999,0.39,36.36,0.007737052997858672,5537,None,None,0.0
OUT_02649,Western,79.7416,0.48,48.48,0.007735644300727567,5538,None,None,0.0
OUT_03028,Western,186.4764,0.18,42.42,0.007730481805619529,5539,None,None,0.0
OUT_06697,Western,91.30170000000001,0.47,54.55,0.007724896309630963,5540,None,None,0.0
OUT_00703,Western,180.95030000000003,0.25,57.58,0.00772235831341755,5541,None,None,0.0
OUT_00627,Western,146.7984,0.34,63.64,0.007721450495049504,5542,None,None,0.0
OUT_05837,Western,167.4339,0.27,57.58,0.007717165073403892,5543,None,None,0.0
OUT_02137,Western,192.1805,0.15,36.36,0.007716026498929337,5544,None,None,0.0
OUT_07861,Western,159.64440000000002,0.18,36.36,0.007691646680942185,5545,None,None,0.0
OUT_02784,Western,200.50249999999997,0.12,30.3,0.007686996805111819,5546,None,None,0.0
OUT_01122,Western,121.16980000000001,0.41,63.64,0.007685584467821782,5547,None,None,0.0
OUT_04919,Western,664.7260000000001,0.05,42.42,0.007654606172270845,5548,None,None,0.0
OUT_04901,Western,210.252,0.18,48.48,0.007648617623282134,5549,None,None,0.0
OUT_00678,Western,96.3895,0.32,39.39,0.007636702153998515,5550,None,None,0.0
OUT_08779,Western,93.1347,0.53,63.64,0.007636353805693069,5551,None,None,0.0
OUT_05995,Western,114.14379999999998,0.27,39.39,0.007630310968061401,5552,None,None,0.0
OUT_00531,Western,108.99969999999999,0.41,57.58,0.007628862581085693,5553,None,None,0.0
OUT_05635,Western,106.38119999999999,0.42,57.58,0.0076271942642540105,5554,None,None,0.0
OUT_07077,Western,45.064899999999994,0.94,54.55,0.007625743654365435,5555,None,None,0.0
OUT_05582,Western,128.2914,0.33,54.55,0.007621271287128714,5556,None,None,0.0
OUT_06917,Western,112.82910000000001,0.15,21.21,0.007620155335434489,5557,None,None,0.0
OUT_02399,Western,444.6758,0.09,51.52,0.007620110814927646,5558,None,None,0.0
OUT_02940,Western,93.648,0.23,27.27,0.007619044923947647,5559,None,None,0.0
OUT_03001,Western,163.89679999999998,0.23,48.48,0.007618485044462408,5560,None,None,0.0
OUT_00505,Western,82.8279,0.26,27.27,0.007617705695083125,5561,None,None,0.0
OUT_04196,Western,441.9524,0.08,45.45,0.007611666738428418,5562,None,None,0.0
OUT_01388,Western,109.2929,0.45,63.64,0.007608571318069308,5563,None,None,0.0
OUT_08137,Western,160.54680000000002,0.22,45.45,0.00760393885898816,5564,None,None,0.0
OUT_05232,Western,191.80800000000002,0.16,39.39,0.00759823718742263,5565,None,None,0.0
OUT_05731,Western,87.833,0.48,54.55,0.007589530153015301,5566,None,None,0.0
OUT_02100,Western,66.43610000000001,0.91,78.79,0.007576995989472366,5567,None,None,0.0
OUT_01979,Western,264.90450000000004,0.15,51.52,0.007565817783701448,5568,None,None,0.0
OUT_05935,Western,74.75919999999999,0.47,45.45,0.007564440043057048,5569,None,None,0.0
OUT_03790,Western,96.8568,0.48,60.61,0.007546058107450088,5570,None,None,0.0
OUT_03222,Western,124.27210000000001,0.19,30.3,0.007543673801916934,5571,None,None,0.0
OUT_02463,Western,90.85510000000001,0.51,60.61,0.0075208733971757835,5572,None,None,0.0
OUT_01699,Western,71.9851,0.39,36.36,0.007514504550321201,5573,None,None,0.0
OUT_07926,Western,111.20489999999998,0.15,21.21,0.007510461503827103,5574,None,None,0.0
OUT_06001,Western,71.29480000000001,0.52,48.48,0.007492582053354892,5575,None,None,0.0
OUT_05298,Western,106.24669999999999,0.37,51.52,0.007485011233815689,5576,None,None,0.0
OUT_04018,Western,142.2716,0.26,48.48,0.0074758722716248985,5577,None,None,0.0
OUT_05404,Western,230.44029999999998,0.19,57.58,0.00747416473199044,5578,None,None,0.0
OUT_02001,Western,99.9179,0.46,60.61,0.007460190553481578,5579,None,None,0.0
OUT_07025,Western,108.2391,0.32,45.45,0.00745673024757804,5580,None,None,0.0
OUT_01083,Western,47.477599999999995,0.92,57.58,0.0074563659952202105,5581,None,None,0.0
OUT_06948,Western,429.0911,0.07,39.39,0.007436587521663779,5582,None,None,0.0
OUT_02223,Western,179.1893,0.23,54.55,0.00741917893789379,5583,None,None,0.0
OUT_01977,Western,97.4079,0.4,51.52,0.007418728103579589,5584,None,None,0.0
OUT_07104,Western,83.29129999999999,0.44,48.48,0.007406663702506063,5585,None,None,0.0
OUT_03921,Western,94.5587,0.34,42.42,0.007404412252418241,5586,None,None,0.0
OUT_00992,Western,174.35320000000002,0.12,27.27,0.007400914043155287,5587,None,None,0.0
OUT_04799,Western,57.2002,0.64,48.48,0.007398570735650768,5588,None,None,0.0
OUT_06221,Western,73.20639999999999,0.5,48.48,0.0073975747776879545,5589,None,None,0.0
OUT_05862,Western,74.5504,0.31,30.3,0.007383585942492012,5590,None,None,0.0
OUT_02101,Western,156.9169,0.19,39.39,0.00738158232235702,5591,None,None,0.0
OUT_08882,Western,84.9067,0.43,48.48,0.007378714834276475,5592,None,None,0.0
OUT_01881,Western,77.6797,0.47,48.48,0.007378629547291834,5593,None,None,0.0
OUT_07960,Western,74.4704,0.58,57.58,0.007373306930693069,5594,None,None,0.0
OUT_02574,Western,143.4178,0.27,51.52,0.007372963823305408,5595,None,None,0.0
OUT_01628,Western,95.9355,0.45,57.58,0.007369575793786276,5596,None,None,0.0
OUT_05058,Western,101.2535,0.36,48.48,0.007366867421180276,5597,None,None,0.0
OUT_06988,Western,199.8404,0.16,42.42,0.007363994472593274,5598,None,None,0.0
OUT_02119,Western,148.5996,0.2,39.39,0.0073582371874226305,5599,None,None,0.0
OUT_05344,Western,182.8449,0.26,63.64,0.007354528774752475,5600,None,None,0.0
OUT_01750,Western,75.82339999999999,0.45,45.45,0.007345646932185144,5601,None,None,0.0
OUT_08358,Western,213.74210000000002,0.17,48.48,0.007343604890864997,5602,None,None,0.0
OUT_00948,Western,86.02799999999999,0.5,57.58,0.007342779105496756,5603,None,None,0.0
OUT_06991,Western,78.3632,0.35,36.36,0.0073413062098501075,5604,None,None,0.0
OUT_01003,Western,116.72510000000001,0.33,51.52,0.0073342123000761615,5605,None,None,0.0
OUT_06616,Western,211.36059999999998,0.14,39.39,0.007326190641247834,5606,None,None,0.0
OUT_05481,Western,113.1678,0.34,51.52,0.007326171363290175,5607,None,None,0.0
OUT_04426,Western,106.0053,0.3,42.42,0.00732418010133579,5608,None,None,0.0
OUT_02900,Western,147.83679999999998,0.23,45.45,0.007320229063509148,5609,None,None,0.0
OUT_00794,Western,77.7258,0.38,39.39,0.007312652636791287,5610,None,None,0.0
OUT_04780,Western,103.73800000000001,0.37,51.52,0.007308274942878904,5611,None,None,0.0
OUT_00569,Western,87.9657,0.46,54.55,0.007284288388838884,5612,None,None,0.0
OUT_03268,Western,266.6247,0.16,57.58,0.007282340730624787,5613,None,None,0.0
OUT_06073,Western,96.73230000000001,0.44,57.58,0.007265655855240697,5614,None,None,0.0
OUT_02785,Western,86.31139999999999,0.34,39.39,0.007265629116117851,5615,None,None,0.0
OUT_06865,Western,250.14280000000002,0.17,57.58,0.007259179924889041,5616,None,None,0.0
OUT_04988,Western,80.7013,0.39,42.42,0.007248619760479043,5617,None,None,0.0
OUT_01792,Western,125.67620000000001,0.32,54.55,0.007239673087308732,5618,None,None,0.0
OUT_01703,Western,134.4303,0.25,45.45,0.007235215285252958,5619,None,None,0.0
OUT_03835,Western,73.0685,0.55,54.55,0.007234504950495051,5620,None,None,0.0
OUT_08214,Western,63.881699999999995,0.32,27.27,0.007231037849310222,5621,None,None,0.0
OUT_01940,Western,88.2392,0.48,57.58,0.007230251963127346,5622,None,None,0.0
OUT_06037,Western,143.9891,0.37,72.73,0.007225819476468194,5623,None,None,0.0
OUT_05173,Western,83.6688,0.27,30.3,0.00721743642172524,5624,None,None,0.0
OUT_03357,Western,179.3791,0.26,63.64,0.007215124690594059,5625,None,None,0.0
OUT_02471,Western,669.613,0.05,45.45,0.007207890204520991,5626,None,None,0.0
OUT_01336,Western,90.44290000000001,0.66,81.82,0.00720747573049988,5627,None,None,0.0
OUT_02088,Western,499.64070000000004,0.08,54.55,0.007195545634563458,5628,None,None,0.0
OUT_07759,Western,110.84639999999999,0.38,57.58,0.007190445885967907,5629,None,None,0.0
OUT_08443,Western,198.7215,0.19,51.52,0.007189087014470677,5630,None,None,0.0
OUT_08256,Western,120.6014,0.33,54.55,0.007164439603960396,5631,None,None,0.0
OUT_05017,Western,104.5007,0.36,51.52,0.007163033511043412,5632,None,None,0.0
OUT_02300,Western,74.3009,0.33,33.33,0.007142236236527818,5633,None,None,0.0
OUT_06672,Western,75.6823,0.61,63.64,0.007142048731435643,5634,None,None,0.0
OUT_03340,Western,222.185,0.12,36.36,0.007136563169164882,5635,None,None,0.0
OUT_04514,Western,552.028,0.06,45.45,0.0071306092572658766,5636,None,None,0.0
OUT_01531,Western,78.3978,0.45,48.48,0.007129953516572353,5637,None,None,0.0
OUT_03946,Western,97.7821,0.25,33.33,0.00712074715991844,5638,None,None,0.0
OUT_08144,Western,110.2285,0.3,45.45,0.0071191711517761035,5639,None,None,0.0
OUT_00408,Western,83.9879,0.47,54.55,0.0071060869486948685,5640,None,None,0.0
OUT_05909,Western,501.13190000000003,0.04,27.27,0.007090652989034313,5641,None,None,0.0
OUT_07866,Western,131.6445,0.25,45.45,0.007085279870828847,5642,None,None,0.0
OUT_04848,Western,140.5102,0.28,54.55,0.007082422322232224,5643,None,None,0.0
OUT_07013,Western,743.5458000000001,0.05,51.52,0.007078691926884997,5644,None,None,0.0
OUT_02807,Western,219.6343,0.13,39.39,0.00706919014607576,5645,None,None,0.0
OUT_04768,Western,528.0144,0.05,36.36,0.007066573875802998,5646,None,None,0.0
OUT_06449,Western,86.2757,0.43,51.52,0.007063699733434882,5647,None,None,0.0
OUT_08854,Western,78.6408,0.39,42.42,0.007063544910179641,5648,None,None,0.0
OUT_06390,Western,229.841,0.18,57.58,0.0070623728234892455,5649,None,None,0.0
OUT_00860,Western,76.4572,0.4,42.42,0.00704350069092584,5650,None,None,0.0
OUT_08821,Western,158.2443,0.22,48.48,0.0070359227970897345,5651,None,None,0.0
OUT_02658,Western,95.30680000000001,0.41,54.55,0.007034345274527453,5652,None,None,0.0
OUT_05028,Western,105.4611,0.33,48.48,0.007033581851253032,5653,None,None,0.0
OUT_07412,Western,105.0923,0.25,36.36,0.007032407655246253,5654,None,None,0.0
OUT_07016,Western,695.9044000000001,0.05,48.48,0.007032178658043655,5655,None,None,0.0
OUT_08381,Western,88.0278,0.25,30.3,0.007030974440894569,5656,None,None,0.0
OUT_07813,Western,82.36959999999999,0.5,57.58,0.007030522362581086,5657,None,None,0.0
OUT_00228,Western,434.25499999999994,0.08,48.48,0.007021099434114794,5658,None,None,0.0
OUT_02850,Western,94.5281,0.39,51.52,0.007019413366336633,5659,None,None,0.0
OUT_08306,Western,105.0733,0.29,42.42,0.007017792952556425,5660,None,None,0.0
OUT_05227,Western,98.7632,0.33,45.45,0.007016545963401506,5661,None,None,0.0
OUT_01779,Western,82.3194,0.37,42.42,0.007014780746199908,5662,None,None,0.0
OUT_06835,Western,85.6935,0.38,45.45,0.007010447793326157,5663,None,None,0.0
OUT_00624,Western,244.778,0.15,51.52,0.006990993907083016,5664,None,None,0.0
OUT_05452,Western,511.70860000000005,0.08,57.58,0.006988167975418232,5665,None,None,0.0
OUT_04508,Western,112.7715,0.25,39.39,0.006980162168853677,5666,None,None,0.0
OUT_04126,Western,149.09160000000003,0.26,54.55,0.006978184698469848,5667,None,None,0.0
OUT_08098,Western,177.9318,0.17,42.42,0.006966468447719946,5668,None,None,0.0
OUT_00938,Western,156.1071,0.18,39.39,0.006956988858628373,5669,None,None,0.0
OUT_06312,Western,114.51540000000001,0.19,30.3,0.0069514140575079875,5670,None,None,0.0
OUT_04012,Western,117.7253,0.31,51.52,0.006948751523229245,5671,None,None,0.0
OUT_00469,Western,136.80270000000002,0.22,42.42,0.006931504836480885,5672,None,None,0.0
OUT_04054,Western,114.2858,0.3,48.48,0.006929211802748585,5673,None,None,0.0
OUT_01771,Western,103.9492,0.35,51.52,0.006927307692307692,5674,None,None,0.0
OUT_08716,Western,803.9809000000002,0.04,45.45,0.00692340925726588,5675,None,None,0.0
OUT_02298,Western,512.5431000000001,0.03,21.21,0.0069231395767672226,5676,None,None,0.0
OUT_02315,Western,88.0488,0.46,57.58,0.006914040286787299,5677,None,None,0.0
OUT_07598,Western,263.70899999999995,0.09,33.33,0.006913431401106902,5678,None,None,0.0
OUT_02805,Western,129.27550000000002,0.41,75.76,0.006905022798332465,5679,None,None,0.0
OUT_06043,Western,142.29569999999998,0.24,48.48,0.006901974130962003,5680,None,None,0.0
OUT_08489,Western,464.2197,0.06,39.39,0.006896058925476603,5681,None,None,0.0
OUT_08113,Western,73.18180000000001,0.38,39.39,0.00688514087645457,5682,None,None,0.0
OUT_01608,Western,72.2757,0.5,51.52,0.006880778750952018,5683,None,None,0.0
OUT_05556,Western,99.836,0.32,45.45,0.006877829924650161,5684,None,None,0.0
OUT_02798,Western,212.0258,0.16,48.48,0.006856129345189976,5685,None,None,0.0
OUT_05490,Western,351.8778,0.12,60.61,0.006853649732186331,5686,None,None,0.0
OUT_05182,Western,73.1936,0.52,54.55,0.006851606120612062,5687,None,None,0.0
OUT_00540,Western,66.72710000000001,0.29,27.27,0.0068450155642023345,5688,None,None,0.0
OUT_00003,Western,1381.2567,0.02,39.39,0.006839597425105225,5689,None,None,0.0
OUT_07807,Western,86.2704,0.32,39.39,0.006834990839316663,5690,None,None,0.0
OUT_00345,Western,551.4504000000001,0.08,63.64,0.006824881188118813,5691,None,None,0.0
OUT_08766,Western,105.40809999999999,0.34,51.52,0.006823829779131759,5692,None,None,0.0
OUT_08431,Western,91.1627,0.37,48.48,0.00681693593371059,5693,None,None,0.0
OUT_04247,Western,70.5969,0.36,36.36,0.006802699143468951,5694,None,None,0.0
OUT_03896,Western,89.89020000000001,0.42,54.55,0.006796378757875788,5695,None,None,0.0
OUT_02370,Western,127.4013,0.28,51.52,0.006792148514851486,5696,None,None,0.0
OUT_06484,Western,92.88909999999998,0.45,60.61,0.006784628307093004,5697,None,None,0.0
OUT_00986,Western,456.2948,0.06,39.39,0.006778333250804655,5698,None,None,0.0
OUT_03455,Western,110.10300000000001,0.23,36.36,0.0067782896145610295,5699,None,None,0.0
OUT_00339,Western,506.1225,0.05,36.36,0.006773588062098501,5700,None,None,0.0
OUT_02842,Western,210.01779999999997,0.14,42.42,0.006771647167204052,5701,None,None,0.0
OUT_04203,Western,176.27770000000004,0.19,48.48,0.006768949676637027,5702,None,None,0.0
OUT_03833,Western,536.3320000000001,0.07,54.55,0.006758459045904592,5703,None,None,0.0
OUT_07661,Western,194.87400000000002,0.14,39.39,0.006754731369150781,5704,None,None,0.0
OUT_05535,Western,229.38670000000002,0.11,36.36,0.006753891059957175,5705,None,None,0.0
OUT_01693,Western,88.861,0.33,42.42,0.006753599723629665,5706,None,None,0.0
OUT_07123,Western,86.4761,0.41,51.52,0.006750799885757806,5707,None,None,0.0
OUT_06331,Western,161.75009999999997,0.32,75.76,0.00674309953100573,5708,None,None,0.0
OUT_03769,Western,244.3448,0.17,60.61,0.006742187307255315,5709,None,None,0.0
OUT_05533,Western,110.46929999999999,0.32,51.52,0.006730802741812643,5710,None,None,0.0
OUT_05429,Western,77.8827,0.48,54.55,0.006729738253825382,5711,None,None,0.0
OUT_08713,Western,80.3117,0.44,51.52,0.00672832216298553,5712,None,None,0.0
OUT_06025,Western,139.07909999999998,0.21,42.42,0.0067265340856748025,5713,None,None,0.0
OUT_08516,Western,84.8727,0.44,54.55,0.0067225900990099015,5714,None,None,0.0
OUT_00375,Western,525.8556000000001,0.04,30.3,0.006720199361022365,5715,None,None,0.0
OUT_07992,Western,107.66560000000001,0.46,72.73,0.006717235318052354,5716,None,None,0.0
OUT_08123,Western,164.584,0.14,33.33,0.006711843868336733,5717,None,None,0.0
OUT_03035,Western,64.5062,0.42,39.39,0.006707750433275564,5718,None,None,0.0
OUT_01361,Western,129.7207,0.24,45.45,0.006702468891280945,5719,None,None,0.0
OUT_01508,Western,81.802,0.43,51.52,0.0066974219345011425,5720,None,None,0.0
OUT_02170,Western,131.11890000000002,0.33,63.64,0.00669387948638614,5721,None,None,0.0
OUT_04075,Western,193.7165,0.15,42.42,0.006692186780285582,5722,None,None,0.0
OUT_05590,Western,149.5727,0.14,30.3,0.006690152715654953,5723,None,None,0.0
OUT_08513,Western,128.7186,0.32,60.61,0.006685595195585133,5724,None,None,0.0
OUT_02424,Western,62.917,0.59,54.55,0.006682453645364537,5725,None,None,0.0
OUT_07880,Western,725.3113999999998,0.04,42.42,0.006681818516812527,5726,None,None,0.0
OUT_03412,Western,94.6365,0.37,51.52,0.006667080159939071,5727,None,None,0.0
OUT_01063,Western,77.4029,0.4,45.45,0.006665481162540367,5728,None,None,0.0
OUT_03003,Western,111.9895,0.24,39.39,0.006654488734835355,5729,None,None,0.0
OUT_03211,Western,153.952,0.24,54.55,0.006651391539153915,5730,None,None,0.0
OUT_07886,Western,219.048,0.15,48.48,0.006640501212611157,5731,None,None,0.0
OUT_04660,Western,114.09800000000001,0.27,45.45,0.006632176533907429,5732,None,None,0.0
OUT_04824,Western,91.645,0.38,51.52,0.006630826351865955,5733,None,None,0.0
OUT_03954,Western,823.2384000000002,0.03,36.36,0.0066105867237687375,5734,None,None,0.0
OUT_06967,Western,214.1611,0.19,60.61,0.006604546177568576,5735,None,None,0.0
OUT_07677,Western,416.2265,0.04,24.24,0.006596299524564185,5736,None,None,0.0
OUT_02870,Western,74.7026,0.41,45.45,0.00659377093649085,5737,None,None,0.0
OUT_07855,Western,191.35920000000002,0.16,45.45,0.0065914902045209915,5738,None,None,0.0
OUT_00787,Western,183.036,0.2,54.55,0.00658995499549955,5739,None,None,0.0
OUT_02715,Western,110.2711,0.35,57.58,0.006588406452714236,5740,None,None,0.0
OUT_07458,Western,273.19739999999996,0.09,36.36,0.006581307815845824,5741,None,None,0.0
OUT_03755,Western,114.0713,0.32,54.55,0.00657116399639964,5742,None,None,0.0
OUT_06253,Western,73.1535,0.39,42.42,0.00657067365269461,5743,None,None,0.0
OUT_06772,Western,103.4983,0.16,24.24,0.006560906497622822,5744,None,None,0.0
OUT_08554,Western,67.2095,0.57,57.58,0.006539674803687265,5745,None,None,0.0
OUT_05893,Western,253.0775,0.12,45.45,0.006538062432723356,5746,None,None,0.0
OUT_01684,Western,89.8318,0.36,48.48,0.0065358625707356505,5747,None,None,0.0
OUT_00878,Western,186.94140000000002,0.12,33.33,0.0065345085930672885,5748,None,None,0.0
OUT_00597,Western,105.5897,0.4,63.64,0.0065340160891089105,5749,None,None,0.0
OUT_03698,Western,263.76,0.1,39.39,0.006530329289428077,5750,None,None,0.0
OUT_00612,Western,115.35490000000001,0.28,48.48,0.0065277631366208585,5751,None,None,0.0
OUT_01491,Western,106.6429,0.34,54.55,0.006527198199819983,5752,None,None,0.0
OUT_02045,Western,153.7344,0.21,48.48,0.006524701697655617,5753,None,None,0.0
OUT_01393,Western,86.8579,0.44,57.58,0.006523980198019802,5754,None,None,0.0
OUT_04750,Western,86.0988,0.26,33.33,0.006520736382173026,5755,None,None,0.0
OUT_03883,Western,88.7919,0.43,57.58,0.006517671048139296,5756,None,None,0.0
OUT_04923,Western,91.21520000000001,0.31,42.42,0.006512370336250577,5757,None,None,0.0
OUT_08568,Western,476.1097,0.08,57.58,0.006502010242403551,5758,None,None,0.0
OUT_04981,Western,126.9504,0.3,57.58,0.006501386138613861,5759,None,None,0.0
OUT_07385,Western,77.1001,0.57,66.67,0.006494319048322742,5760,None,None,0.0
OUT_00635,Western,184.7654,0.11,30.3,0.006493352715654952,5761,None,None,0.0
OUT_00424,Western,399.7228,0.1,60.61,0.006487953254341827,5762,None,None,0.0
OUT_06499,Western,759.9226000000001,0.05,57.58,0.006486194947080916,5763,None,None,0.0
OUT_08211,Western,90.2007,0.29,39.39,0.006476405793513245,5764,None,None,0.0
OUT_02162,Western,186.84230000000002,0.14,39.39,0.00647633622183709,5765,None,None,0.0
OUT_01182,Western,231.40070000000003,0.13,45.45,0.00647623057050592,5766,None,None,0.0
OUT_08644,Western,101.00890000000001,0.22,33.33,0.006473043402272067,5767,None,None,0.0
OUT_03447,Western,96.3652,0.21,30.3,0.00646539680511182,5768,None,None,0.0
OUT_00813,Western,97.0171,0.35,51.52,0.006465343678598628,5769,None,None,0.0
OUT_08503,Western,92.7926,0.26,36.36,0.0064577291220556735,5770,None,None,0.0
OUT_06113,Western,84.8502,0.33,42.42,0.006448771533855366,5771,None,None,0.0
OUT_02713,Western,99.6939,0.32,48.48,0.0064474632174616004,5772,None,None,0.0
OUT_03064,Western,755.2222999999999,0.05,57.58,0.0064460763059064514,5773,None,None,0.0
OUT_08814,Western,95.3497,0.15,21.21,0.006439646555605583,5774,None,None,0.0
OUT_07383,Western,167.841,0.12,30.3,0.006434798722044727,5775,None,None,0.0
OUT_02258,Western,85.45270000000001,0.19,24.24,0.006432651743264661,5776,None,None,0.0
OUT_01204,Western,175.70489999999998,0.17,45.45,0.0064305345532831,5777,None,None,0.0
OUT_00446,Western,100.0992,0.24,36.36,0.0064303554603854386,5778,None,None,0.0
OUT_06209,Western,144.1071,0.18,39.39,0.006422203020549641,5779,None,None,0.0
OUT_04272,Western,216.15660000000003,0.12,39.39,0.006422082693736074,5780,None,None,0.0
OUT_04936,Western,170.94259999999997,0.22,57.58,0.006419831341754864,5781,None,None,0.0
OUT_00157,Western,592.7818,0.07,63.64,0.006419357363861387,5782,None,None,0.0
OUT_05486,Western,464.2773,0.06,42.42,0.006415623675725472,5783,None,None,0.0
OUT_07076,Western,121.16780000000001,0.31,57.58,0.006412089108910892,5784,None,None,0.0
OUT_07701,Western,63.404300000000006,0.5,48.48,0.0064070634599838324,5785,None,None,0.0
OUT_06175,Western,115.6324,0.19,33.33,0.006399695892805128,5786,None,None,0.0
OUT_05687,Western,68.1327,0.49,51.52,0.006356630426504188,5787,None,None,0.0
OUT_01149,Western,220.9785,0.09,30.3,0.006354014376996804,5788,None,None,0.0
OUT_02912,Western,70.3633,0.31,33.33,0.0063538080396154965,5789,None,None,0.0
OUT_00304,Western,413.35589999999996,0.09,57.58,0.006350636906794127,5790,None,None,0.0
OUT_02513,Western,77.6677,0.33,39.39,0.006345714533300322,5791,None,None,0.0
OUT_03882,Western,106.1892,0.35,57.58,0.006344523728234891,5792,None,None,0.0
OUT_01007,Western,106.1607,0.35,57.58,0.006342820928644588,5793,None,None,0.0
OUT_08569,Western,88.0444,0.4,54.55,0.006339830783078307,5794,None,None,0.0
OUT_08346,Western,166.2419,0.05,12.12,0.006335438262195122,5795,None,None,0.0
OUT_04321,Western,82.4104,0.52,66.67,0.006332704004728831,5796,None,None,0.0
OUT_01343,Western,85.9793,0.61,81.82,0.0063326941560009654,5797,None,None,0.0
OUT_02021,Western,98.0139,0.28,42.42,0.006320564716720407,5798,None,None,0.0
OUT_03055,Western,203.62669999999997,0.21,66.67,0.0063191380227574975,5799,None,None,0.0
OUT_06414,Western,610.6816000000001,0.07,66.67,0.006317084675631744,5800,None,None,0.0
OUT_07060,Western,93.94439999999999,0.19,27.27,0.006313914396887158,5801,None,None,0.0
OUT_04885,Western,455.36659999999995,0.06,42.42,0.00629249101796407,5802,None,None,0.0
OUT_06251,Western,194.5131,0.16,48.48,0.006289833468067907,5803,None,None,0.0
OUT_07987,Western,123.63779999999998,0.19,36.36,0.006287789614561027,5804,None,None,0.0
OUT_01584,Western,82.36359999999999,0.4,51.52,0.006272932216298552,5805,None,None,0.0
OUT_06653,Western,83.6988,0.28,36.36,0.006272929336188439,5806,None,None,0.0
OUT_06144,Western,302.0425,0.09,42.42,0.00626066904652234,5807,None,None,0.0
OUT_03485,Western,100.24040000000001,0.29,45.45,0.006258281162540366,5808,None,None,0.0
OUT_05262,Western,85.68620000000001,0.14,18.18,0.006254467153284674,5809,None,None,0.0
OUT_02476,Western,87.1683,0.42,57.58,0.0062496903379993165,5810,None,None,0.0
OUT_04656,Western,88.9916,0.39,54.55,0.006247835103510352,5811,None,None,0.0
OUT_01793,Western,96.0706,0.42,63.64,0.006242211014851485,5812,None,None,0.0
OUT_03571,Western,582.6076,0.04,36.36,0.006237768736616704,5813,None,None,0.0
OUT_04684,Western,85.324,0.45,60.61,0.006232072715468268,5814,None,None,0.0
OUT_07464,Western,233.8733,0.18,66.67,0.00622095374612088,5815,None,None,0.0
OUT_00950,Western,92.8433,0.23,33.33,0.0062202036120011656,5816,None,None,0.0
OUT_05566,Western,55.700199999999995,0.62,54.55,0.006216763996399639,5817,None,None,0.0
OUT_03815,Western,439.36619999999994,0.07,48.48,0.006215770816491511,5818,None,None,0.0
OUT_00512,Western,92.401,0.19,27.27,0.006210183940573045,5819,None,None,0.0
OUT_03068,Western,73.4984,0.29,33.33,0.0062087200699097005,5820,None,None,0.0
OUT_08672,Western,86.1294,0.4,54.55,0.006201936993699371,5821,None,None,0.0
OUT_07515,Western,436.8849,0.04,27.27,0.006181604527767952,5822,None,None,0.0
OUT_01439,Western,223.1279,0.12,42.42,0.006166593274988484,5823,None,None,0.0
OUT_01441,Western,191.21380000000002,0.14,42.42,0.006165345923537542,5824,None,None,0.0
OUT_02432,Western,111.3125,0.19,33.33,0.006160610253422663,5825,None,None,0.0
OUT_02414,Western,91.61170000000001,0.19,27.27,0.006157135833038557,5826,None,None,0.0
OUT_01158,Western,61.1792,0.62,60.61,0.006156647297516637,5827,None,None,0.0
OUT_08019,Western,137.6334,0.14,30.3,0.006156126517571885,5828,None,None,0.0
OUT_03433,Western,75.9762,0.45,54.55,0.006154687668766878,5829,None,None,0.0
OUT_00241,Western,693.6034999999999,0.06,66.67,0.006149875868183832,5830,None,None,0.0
OUT_05561,Western,140.26389999999998,0.27,60.61,0.006146932803116376,5831,None,None,0.0
OUT_05807,Western,92.158,0.37,54.55,0.006138336633663367,5832,None,None,0.0
OUT_06052,Western,191.0156,0.12,36.36,0.006135404710920771,5833,None,None,0.0
OUT_06606,Western,105.5323,0.27,45.45,0.006134277933261572,5834,None,None,0.0
OUT_08181,Western,177.5322,0.15,42.42,0.006133079226163058,5835,None,None,0.0
OUT_05734,Western,91.9254,0.33,48.48,0.006130837105901375,5836,None,None,0.0
OUT_00296,Western,638.4127000000001,0.03,30.3,0.006118971565495208,5837,None,None,0.0
OUT_02080,Western,89.7723,0.44,63.64,0.006110738242574258,5838,None,None,0.0
OUT_07369,Western,114.4334,0.28,51.52,0.0061007905559786755,5839,None,None,0.0
OUT_07578,Western,400.4995,0.08,51.52,0.00610052551408987,5840,None,None,0.0
OUT_01920,Western,113.76970000000001,0.33,60.61,0.00609381610128226,5841,None,None,0.0
OUT_07266,Western,528.9893,0.05,42.42,0.006091539613081529,5842,None,None,0.0
OUT_04616,Western,93.87899999999999,0.36,54.55,0.006083967596759675,5843,None,None,0.0
OUT_05083,Western,201.8269,0.14,45.45,0.006083049730893434,5844,None,None,0.0
OUT_02214,Western,160.588,0.13,33.33,0.006081106903582872,5845,None,None,0.0
OUT_08367,Western,62.76740000000001,0.45,45.45,0.0060808030139935425,5846,None,None,0.0
OUT_00979,Western,96.57600000000001,0.33,51.52,0.006068179741051028,5847,None,None,0.0
OUT_04047,Western,87.5156,0.28,39.39,0.006066939341421145,5848,None,None,0.0
OUT_06289,Western,339.7469,0.11,60.61,0.006065924200616782,5849,None,None,0.0
OUT_04995,Western,86.9883,0.26,36.36,0.0060537896145610275,5850,None,None,0.0
OUT_04663,Western,86.8182,0.26,36.36,0.00604195182012848,5851,None,None,0.0
OUT_02023,Western,109.22989999999999,0.24,42.42,0.006037580838323352,5852,None,None,0.0
OUT_03688,Western,68.4029,0.49,54.55,0.006033739153915392,5853,None,None,0.0
OUT_07503,Western,263.85560000000004,0.12,51.52,0.006028688499619193,5854,None,None,0.0
OUT_03062,Western,66.188,0.34,36.36,0.006023533190578159,5855,None,None,0.0
OUT_06217,Western,232.9763,0.12,45.45,0.006018763401506996,5856,None,None,0.0
OUT_04395,Western,69.0331,0.22,24.24,0.0060171481774960395,5857,None,None,0.0
OUT_06059,Western,279.49150000000003,0.1,45.45,0.006017039827771798,5858,None,None,0.0
OUT_07805,Western,102.61580000000001,0.29,48.48,0.006014264753435731,5859,None,None,0.0
OUT_06893,Western,154.9298,0.18,45.45,0.0060037382131323995,5860,None,None,0.0
OUT_04259,Western,434.4373,0.06,42.42,0.006003279134039612,5861,None,None,0.0
OUT_08633,Western,121.17219999999999,0.23,45.45,0.0059999151776103325,5862,None,None,0.0
OUT_08342,Western,258.4861,0.15,63.64,0.0059982851175742575,5863,None,None,0.0
OUT_00177,Western,449.8605,0.07,51.52,0.005995855864432598,5864,None,None,0.0
OUT_04469,Western,72.1609,0.36,42.42,0.005982939659143251,5865,None,None,0.0
OUT_07377,Western,83.2337,0.29,39.39,0.005976175538499629,5866,None,None,0.0
OUT_03136,Western,186.27300000000002,0.11,33.33,0.005968549373725606,5867,None,None,0.0
OUT_04516,Western,152.43059999999997,0.17,42.42,0.005968033625057576,5868,None,None,0.0
OUT_03668,Western,256.0671,0.08,33.33,0.0059671913778036705,5869,None,None,0.0
OUT_01088,Western,69.91029999999999,0.37,42.42,0.005957349378166743,5870,None,None,0.0
OUT_02096,Western,741.7566999999999,0.03,36.36,0.005956290417558885,5871,None,None,0.0
OUT_02679,Western,73.0121,0.28,33.33,0.0059549630061171005,5872,None,None,0.0
OUT_07107,Western,76.03,0.53,66.67,0.005954765775084971,5873,None,None,0.0
OUT_04636,Western,109.3169,0.22,39.39,0.005954374350086656,5874,None,None,0.0
OUT_07518,Western,82.2359,0.38,51.52,0.005950046077684691,5875,None,None,0.0
OUT_03285,Western,84.7388,0.39,54.55,0.005949258685868587,5876,None,None,0.0
OUT_01071,Western,143.0484,0.13,30.3,0.00594130734824281,5877,None,None,0.0
OUT_05753,Western,126.25710000000001,0.19,39.39,0.005939304035652389,5878,None,None,0.0
OUT_00709,Western,87.9909,0.17,24.24,0.005926486925515056,5879,None,None,0.0
OUT_03117,Western,72.59479999999999,0.28,33.33,0.005920927468686281,5880,None,None,0.0
OUT_04635,Western,74.7342,0.44,54.55,0.005919540594059407,5881,None,None,0.0
OUT_07719,Western,68.2541,0.35,39.39,0.00591456672443674,5882,None,None,0.0
OUT_03834,Western,115.673,0.16,30.3,0.005912996805111821,5883,None,None,0.0
OUT_05970,Western,200.973,0.19,63.64,0.005907312809405941,5884,None,None,0.0
OUT_00910,Western,91.3094,0.28,42.42,0.0058882155688622755,5885,None,None,0.0
OUT_00423,Western,364.07610000000005,0.08,48.48,0.005886436540016169,5886,None,None,0.0
OUT_00444,Western,230.3052,0.08,30.3,0.005886394888178914,5887,None,None,0.0
OUT_03517,Western,104.40630000000002,0.33,57.58,0.005881543018094914,5888,None,None,0.0
OUT_07403,Western,90.8253,0.32,48.48,0.0058739078415521425,5889,None,None,0.0
OUT_01745,Western,82.6579,0.33,45.45,0.005872358880516684,5890,None,None,0.0
OUT_06941,Western,170.32510000000002,0.16,45.45,0.005866957158234662,5891,None,None,0.0
OUT_00453,Western,211.51090000000002,0.07,24.24,0.005865991679873219,5892,None,None,0.0
OUT_01037,Western,164.40640000000002,0.09,24.24,0.0058623518225039625,5893,None,None,0.0
OUT_01141,Western,86.2379,0.46,66.67,0.005862189153243682,5894,None,None,0.0
OUT_01800,Western,160.942,0.18,48.48,0.005854801940177849,5895,None,None,0.0
OUT_02381,Western,91.5064,0.2,30.3,0.0058470543130990415,5896,None,None,0.0
OUT_06853,Western,61.827799999999996,0.21,21.21,0.0058459423683025645,5897,None,None,0.0
OUT_06232,Western,471.8675,0.05,39.39,0.005841390195592969,5898,None,None,0.0
OUT_05695,Western,122.478,0.25,51.52,0.0058300647372429544,5899,None,None,0.0
OUT_05733,Western,469.3668,0.08,63.64,0.0058089950495049504,5900,None,None,0.0
OUT_00900,Western,58.59550000000001,0.58,57.58,0.0058015346534653475,5901,None,None,0.0
OUT_00620,Western,314.8081,0.08,42.42,0.005800241363426993,5902,None,None,0.0
OUT_04003,Western,106.76010000000001,0.17,30.3,0.0057984718849840265,5903,None,None,0.0
OUT_07823,Western,455.1922,0.09,69.7,0.005794525884016973,5904,None,None,0.0
OUT_02614,Western,61.1114,0.41,42.42,0.005770537540304007,5905,None,None,0.0
OUT_00490,Western,116.5137,0.32,63.64,0.00576800495049505,5906,None,None,0.0
OUT_00978,Western,99.1752,0.27,45.45,0.005764758665231432,5907,None,None,0.0
OUT_05450,Western,251.49829999999997,0.12,51.52,0.0057463434881949715,5908,None,None,0.0
OUT_04743,Western,186.94440000000003,0.18,57.58,0.005744279959030387,5909,None,None,0.0
OUT_02757,Western,131.1208,0.23,51.52,0.0057421523229246,5910,None,None,0.0
OUT_02302,Western,85.21020000000001,0.17,24.24,0.00573919730586371,5911,None,None,0.0
OUT_05110,Western,111.63770000000001,0.27,51.52,0.005739181073876619,5912,None,None,0.0
OUT_08215,Western,224.12709999999998,0.15,57.58,0.005739000512120177,5913,None,None,0.0
OUT_07323,Western,75.8395,0.42,54.55,0.005734039603960395,5914,None,None,0.0
OUT_06086,Western,482.322,0.03,24.24,0.005732828843106181,5915,None,None,0.0
OUT_07386,Western,447.7636,0.04,30.3,0.0057222185303514375,5916,None,None,0.0
OUT_04777,Western,85.2011,0.21,30.3,0.005716367731629392,5917,None,None,0.0
OUT_08349,Western,62.839000000000006,0.45,48.48,0.00571494543249798,5918,None,None,0.0
OUT_04993,Western,70.4117,0.5,60.61,0.005714307742249634,5919,None,None,0.0
OUT_07406,Western,111.7124,0.16,30.3,0.0057105380191693296,5920,None,None,0.0
OUT_00959,Western,107.80189999999999,0.31,57.58,0.005704777910549674,5921,None,None,0.0
OUT_03742,Western,81.5003,0.41,57.58,0.005704186241037896,5922,None,None,0.0
OUT_02663,Western,240.394,0.11,45.45,0.005692861141011841,5923,None,None,0.0
OUT_06134,Western,177.08280000000002,0.12,36.36,0.0056878843683083515,5924,None,None,0.0
OUT_03410,Western,91.86019999999999,0.25,39.39,0.005685825699430552,5925,None,None,0.0
OUT_07965,Western,216.30560000000003,0.13,48.48,0.0056830493128536795,5926,None,None,0.0
OUT_04911,Western,99.4859,0.3,51.52,0.00568274371667936,5927,None,None,0.0
OUT_00227,Western,492.0338,0.05,42.42,0.00566598111469369,5928,None,None,0.0
OUT_05593,Western,559.9070999999999,0.05,48.48,0.005657913298302343,5929,None,None,0.0
OUT_01034,Western,103.6855,0.27,48.48,0.005657858730800324,5930,None,None,0.0
OUT_00355,Western,414.08709999999996,0.08,57.58,0.005654996244452031,5931,None,None,0.0
OUT_04463,Western,64.7752,0.22,24.24,0.00564601584786054,5932,None,None,0.0
OUT_01107,Western,484.46639999999996,0.04,33.33,0.005644816778327993,5933,None,None,0.0
OUT_02493,Western,109.2086,0.24,45.45,0.005642640258342303,5934,None,None,0.0
OUT_04675,Western,227.83429999999998,0.07,27.27,0.005641457729041386,5935,None,None,0.0
OUT_01427,Western,80.07260000000001,0.37,51.52,0.005641062833206398,5936,None,None,0.0
OUT_02618,Western,79.73979999999999,0.35,48.48,0.005640446645109133,5937,None,None,0.0
OUT_07415,Western,188.16559999999998,0.13,42.42,0.005633700598802394,5938,None,None,0.0
OUT_07632,Western,86.97240000000001,0.32,48.48,0.0056247308003233645,5939,None,None,0.0
OUT_07878,Western,95.95960000000001,0.29,48.48,0.005624147938561036,5940,None,None,0.0
OUT_04483,Western,108.1002,0.21,39.39,0.0056204610051993065,5941,None,None,0.0
OUT_01855,Western,91.42750000000001,0.36,57.58,0.0056186241037896895,5942,None,None,0.0
OUT_03881,Western,98.46520000000001,0.23,39.39,0.005607079970289677,5943,None,None,0.0
OUT_07459,Western,91.9761,0.32,51.52,0.005604027418126428,5944,None,None,0.0
OUT_03413,Western,520.3534999999999,0.05,45.45,0.005601221743810548,5945,None,None,0.0
OUT_07895,Western,98.8981,0.28,48.48,0.00559649717057397,5946,None,None,0.0
OUT_01482,Western,92.20949999999999,0.3,48.48,0.00559071341956346,5947,None,None,0.0
OUT_04329,Western,71.8459,0.55,69.7,0.005589143564356436,5948,None,None,0.0
OUT_04067,Western,191.73899999999998,0.1,33.33,0.005585173317797844,5949,None,None,0.0
OUT_04945,Western,156.55610000000001,0.09,24.24,0.005582428288431063,5950,None,None,0.0
OUT_00513,Western,90.1408,0.25,39.39,0.005579400841792523,5951,None,None,0.0
OUT_06782,Western,107.78410000000001,0.24,45.45,0.00556903853606028,5952,None,None,0.0
OUT_07140,Western,106.5804,0.29,54.55,0.005564053285328533,5953,None,None,0.0
OUT_05027,Western,105.67779999999999,0.26,48.48,0.00555299676637025,5954,None,None,0.0
OUT_02752,Western,86.0249,0.26,39.39,0.00553762664025749,5955,None,None,0.0
OUT_08500,Western,77.4957,0.31,42.42,0.005532857438968217,5956,None,None,0.0
OUT_01522,Western,73.7651,0.28,36.36,0.005528433618843685,5957,None,None,0.0
OUT_00479,Western,71.1284,0.29,36.36,0.005521208779443254,5958,None,None,0.0
OUT_03951,Western,72.902,0.58,75.76,0.005508488796248045,5959,None,None,0.0
OUT_05121,Western,61.92359999999999,0.44,48.48,0.005506544866612773,5960,None,None,0.0
OUT_00098,Western,436.84770000000003,0.07,54.55,0.0055048315031503165,5961,None,None,0.0
OUT_05368,Western,75.5269,0.36,48.48,0.0054950856911883585,5962,None,None,0.0
OUT_06245,Western,73.0504,0.44,57.58,0.005486885626493684,5963,None,None,0.0
OUT_01172,Western,61.2914,0.47,51.52,0.005484950114242193,5964,None,None,0.0
OUT_07756,Western,82.3194,0.37,54.55,0.005483020342034204,5965,None,None,0.0
OUT_01863,Western,170.70129999999997,0.12,36.36,0.0054829111349036395,5966,None,None,0.0
OUT_06522,Western,225.9205,0.12,48.48,0.005479074373484235,5967,None,None,0.0
OUT_08020,Western,138.2648,0.22,54.55,0.005475833663366338,5968,None,None,0.0
OUT_05249,Western,181.40519999999998,0.14,45.45,0.005467541011840688,5969,None,None,0.0
OUT_00174,Western,551.9674,0.04,39.39,0.005466376825947017,5970,None,None,0.0
OUT_06651,Western,161.1925,0.26,75.76,0.0054598814486711824,5971,None,None,0.0
OUT_05559,Western,73.95100000000001,0.41,54.55,0.005458129612961296,5972,None,None,0.0
OUT_05659,Western,81.9482,0.39,57.58,0.005455752475247525,5973,None,None,0.0
OUT_05820,Western,73.691,0.5,66.67,0.005444879562583124,5974,None,None,0.0
OUT_04010,Western,102.03099999999999,0.28,51.52,0.005439581111957349,5975,None,None,0.0
OUT_03579,Western,420.82809999999995,0.06,45.45,0.0054358850376749175,5976,None,None,0.0
OUT_05150,Western,168.78060000000002,0.13,39.39,0.0054324035652389205,5977,None,None,0.0
OUT_06146,Western,99.5348,0.27,48.48,0.005431365400161681,5978,None,None,0.0
OUT_02568,Western,253.54000000000002,0.08,36.36,0.005429122055674519,5979,None,None,0.0
OUT_05469,Western,78.5406,0.3,42.42,0.005426573007830493,5980,None,None,0.0
OUT_02284,Western,244.038,0.11,48.48,0.005425258690379952,5981,None,None,0.0
OUT_07051,Western,223.16519999999997,0.12,48.48,0.005412252223120452,5982,None,None,0.0
OUT_03321,Western,185.5937,0.1,33.33,0.005406166618118265,5983,None,None,0.0
OUT_01112,Western,100.806,0.2,36.36,0.005396466809421841,5984,None,None,0.0
OUT_02760,Western,561.7389,0.03,30.3,0.005384078913738017,5985,None,None,0.0
OUT_01381,Western,99.53309999999999,0.3,54.55,0.005375324932493248,5986,None,None,0.0
OUT_05438,Western,104.0048,0.24,45.45,0.005373767922497308,5987,None,None,0.0
OUT_04964,Western,112.0664,0.15,30.3,0.005370594249201278,5988,None,None,0.0
OUT_07986,Western,107.9916,0.2,39.39,0.005347442436246596,5989,None,None,0.0
OUT_06333,Western,86.84700000000001,0.23,36.36,0.005346576552462528,5990,None,None,0.0
OUT_02907,Western,65.9853,0.45,54.55,0.005345343834383439,5991,None,None,0.0
OUT_02744,Western,215.6025,0.1,39.39,0.005338016835850458,5992,None,None,0.0
OUT_08283,Western,72.2717,0.41,54.55,0.005334184878487847,5993,None,None,0.0
OUT_06424,Western,193.00130000000001,0.12,42.42,0.005333983417779824,5994,None,None,0.0
OUT_06576,Western,111.25569999999999,0.15,30.3,0.005331742811501597,5995,None,None,0.0
OUT_02994,Western,353.3821,0.07,45.45,0.005325456835306781,5996,None,None,0.0
OUT_03823,Western,173.99349999999998,0.17,54.55,0.0053247335733573355,5997,None,None,0.0
OUT_05842,Western,74.3871,0.44,60.61,0.005312501866580101,5998,None,None,0.0
OUT_07830,Western,490.2968,0.07,63.64,0.005309525990099011,5999,None,None,0.0
OUT_04957,Western,70.8429,0.28,36.36,0.005309425053533191,6000,None,None,0.0
OUT_02979,Western,77.3387,0.36,51.52,0.0053012056359482106,6001,None,None,0.0
OUT_01240,Western,98.4531,0.25,45.45,0.005298875134553283,6002,None,None,0.0
OUT_00565,Western,250.9304,0.13,60.61,0.005294749553643888,6003,None,None,0.0
OUT_04683,Western,210.70000000000005,0.17,66.67,0.005293187527707996,6004,None,None,0.0
OUT_03583,Western,84.9882,0.27,42.42,0.005284848917549517,6005,None,None,0.0
OUT_05351,Western,342.92769999999996,0.09,57.58,0.005268605838170023,6006,None,None,0.0
OUT_02348,Western,78.2725,0.19,27.27,0.005260620799434028,6007,None,None,0.0
OUT_07355,Western,61.8709,0.42,48.48,0.005251774050121261,6008,None,None,0.0
OUT_02589,Western,89.8464,0.36,60.61,0.005249911378023048,6009,None,None,0.0
OUT_04707,Western,199.81969999999998,0.13,48.48,0.005249911277283751,6010,None,None,0.0
OUT_05686,Western,101.60180000000001,0.24,45.45,0.005249608611410118,6011,None,None,0.0
OUT_00223,Western,512.1960999999999,0.06,57.58,0.005246119153294638,6012,None,None,0.0
OUT_06950,Western,77.0548,0.48,69.7,0.005231443281471003,6013,None,None,0.0
OUT_04946,Western,72.3872,0.27,36.36,0.005231408993576018,6014,None,None,0.0
OUT_08935,Western,217.1184,0.09,36.36,0.005230368308351178,6015,None,None,0.0
OUT_05992,Western,256.40189999999996,0.07,33.33,0.005228119137780367,6016,None,None,0.0
OUT_01892,Western,172.33210000000003,0.15,48.48,0.005224295675020211,6017,None,None,0.0
OUT_05870,Western,487.57770000000005,0.04,36.36,0.005220317987152035,6018,None,None,0.0
OUT_00578,Western,105.2481,0.17,33.33,0.005211819691232159,6019,None,None,0.0
OUT_04826,Western,115.43780000000001,0.1,21.21,0.005197559657811796,6020,None,None,0.0
OUT_01194,Western,100.39450000000001,0.35,66.67,0.00519256317422787,6021,None,None,0.0
OUT_07593,Western,215.33889999999997,0.09,36.36,0.005187500267665952,6022,None,None,0.0
OUT_08096,Western,124.7185,0.18,42.42,0.005170274067250115,6023,None,None,0.0
OUT_03901,Western,84.9085,0.3,48.48,0.005148049717057397,6024,None,None,0.0
OUT_01929,Western,240.27390000000003,0.08,36.36,0.005145051391862956,6025,None,None,0.0
OUT_04351,Western,346.1137,0.06,39.39,0.005141575142361971,6026,None,None,0.0
OUT_01834,Western,440.17010000000005,0.04,33.33,0.005128693271191379,6027,None,None,0.0
OUT_08798,Western,83.7356,0.21,33.33,0.005122189338770755,6028,None,None,0.0
OUT_00080,Western,339.79540000000003,0.07,45.45,0.005120705705059204,6029,None,None,0.0
OUT_05977,Western,111.00780000000002,0.2,42.42,0.005113210502072778,6030,None,None,0.0
OUT_03800,Western,412.7138,0.08,63.64,0.005107844059405941,6031,None,None,0.0
OUT_03011,Western,116.7341,0.15,33.33,0.0051005286921060305,6032,None,None,0.0
OUT_05932,Western,261.832,0.12,60.61,0.005099795487745496,6033,None,None,0.0
OUT_04842,Western,78.2399,0.46,69.7,0.005090573408769448,6034,None,None,0.0
OUT_05911,Western,143.8714,0.1,27.27,0.005089189954014857,6035,None,None,0.0
OUT_08079,Western,688.7118,0.05,66.67,0.005088752770799469,6036,None,None,0.0
OUT_05077,Western,56.9547,0.36,39.39,0.0050764278286704635,6037,None,None,0.0
OUT_06461,Western,114.1048,0.22,48.48,0.005073374292643492,6038,None,None,0.0
OUT_08487,Western,93.5573,0.35,63.64,0.005065757271039603,6039,None,None,0.0
OUT_06682,Western,467.9368,0.06,54.55,0.005054222862286228,6040,None,None,0.0
OUT_03630,Western,219.26070000000004,0.1,42.42,0.005049762782128053,6041,None,None,0.0
OUT_06752,Western,101.83720000000001,0.23,45.45,0.0050425308934338,6042,None,None,0.0
OUT_04182,Western,91.0012,0.24,42.42,0.005030006448641178,6043,None,None,0.0
OUT_02527,Western,203.00220000000002,0.1,39.39,0.0050260510027234475,6044,None,None,0.0
OUT_06936,Western,206.60739999999998,0.12,48.48,0.00501068876313662,6045,None,None,0.0
OUT_01048,Western,107.3339,0.16,33.33,0.005002453830468978,6046,None,None,0.0
OUT_04858,Western,90.0301,0.14,24.24,0.004993745641838353,6047,None,None,0.0
OUT_01840,Western,97.4507,0.3,57.58,0.004990646978490953,6048,None,None,0.0
OUT_04769,Western,145.2196,0.17,48.48,0.004989355699272434,6049,None,None,0.0
OUT_07229,Western,115.0477,0.07,15.15,0.004986587616099073,6050,None,None,0.0
OUT_04055,Western,65.76660000000001,0.49,63.64,0.004985401299504951,6051,None,None,0.0
OUT_04563,Western,74.36880000000001,0.23,33.33,0.004982471307893971,6052,None,None,0.0
OUT_00821,Western,131.7851,0.21,54.55,0.00498197497749775,6053,None,None,0.0
OUT_01865,Western,93.3705,0.36,66.67,0.004967249889168021,6054,None,None,0.0
OUT_04985,Western,431.26189999999997,0.05,42.42,0.004966166513127591,6055,None,None,0.0
OUT_04443,Western,118.4898,0.22,51.52,0.004963396039603961,6056,None,None,0.0
OUT_02490,Western,209.2529,0.11,45.45,0.004955396986006459,6057,None,None,0.0
OUT_04815,Western,52.770700000000005,0.55,57.58,0.004954572379651759,6058,None,None,0.0
OUT_03362,Western,70.3041,0.37,51.52,0.004952878332063976,6059,None,None,0.0
OUT_07475,Western,205.55020000000002,0.09,36.36,0.004951691113490364,6060,None,None,0.0
OUT_08773,Western,81.6514,0.3,48.48,0.00495056992724333,6061,None,None,0.0
OUT_05282,Western,208.786,0.11,45.45,0.004944340150699677,6062,None,None,0.0
OUT_07961,Western,109.7674,0.1,21.21,0.004942251238180999,6063,None,None,0.0
OUT_02554,Western,71.3365,0.3,42.42,0.0049288231229848,6064,None,None,0.0
OUT_08223,Western,84.07600000000001,0.13,21.21,0.004921152633948671,6065,None,None,0.0
OUT_03259,Western,155.0319,0.08,24.24,0.004913847860538828,6066,None,None,0.0
OUT_02208,Western,101.0959,0.27,54.55,0.004913752115211521,6067,None,None,0.0
OUT_02721,Western,843.2939999999999,0.02,33.33,0.00491286921060297,6068,None,None,0.0
OUT_04728,Western,166.78930000000003,0.11,36.36,0.004910819860813705,6069,None,None,0.0
OUT_05422,Western,99.1688,0.26,51.52,0.004909346534653465,6070,None,None,0.0
OUT_02606,Western,454.2557,0.06,54.55,0.004906452205220522,6071,None,None,0.0
OUT_02500,Western,155.64000000000001,0.07,21.21,0.00490535794687078,6072,None,None,0.0
OUT_05418,Western,485.0731,0.05,48.48,0.004901708771220695,6073,None,None,0.0
OUT_03607,Western,141.3746,0.14,39.39,0.004900332755632583,6074,None,None,0.0
OUT_07030,Western,123.44470000000001,0.16,39.39,0.004890109433027978,6075,None,None,0.0
OUT_05933,Western,281.59430000000003,0.07,39.39,0.004880317157712307,6076,None,None,0.0
OUT_06018,Western,86.811,0.21,36.36,0.00487963329764454,6077,None,None,0.0
OUT_04961,Western,75.6427,0.28,42.42,0.0048779263012436675,6078,None,None,0.0
OUT_08136,Western,71.4561,0.42,60.61,0.004871216036357734,6079,None,None,0.0
OUT_07379,Western,138.32029999999997,0.11,30.3,0.00486109680511182,6080,None,None,0.0
OUT_03465,Western,201.57479999999998,0.09,36.36,0.004855923982869379,6081,None,None,0.0
OUT_00015,Western,604.0878999999999,0.03,36.36,0.004850812901498928,6082,None,None,0.0
OUT_00552,Western,69.45439999999999,0.26,36.36,0.0048335503211991435,6083,None,None,0.0
OUT_03509,Western,64.4563,0.28,36.36,0.0048307719486081376,6084,None,None,0.0
OUT_06509,Western,185.9971,0.16,60.61,0.004830309365362765,6085,None,None,0.0
OUT_02368,Western,77.6702,0.42,66.67,0.004820671494015072,6086,None,None,0.0
OUT_02297,Western,89.5451,0.25,45.45,0.00481943487621098,6087,None,None,0.0
OUT_07062,Western,183.1071,0.09,33.33,0.0048003609088260995,6088,None,None,0.0
OUT_05603,Western,126.7567,0.13,33.33,0.004799991552577919,6089,None,None,0.0
OUT_06336,Western,401.45779999999996,0.07,57.58,0.0047972082622055314,6090,None,None,0.0
OUT_04110,Western,222.5245,0.1,45.45,0.004790624327233583,6091,None,None,0.0
OUT_01360,Western,214.71290000000002,0.09,39.39,0.004784392423867294,6092,None,None,0.0
OUT_05464,Western,103.6557,0.2,42.42,0.004774560110548135,6093,None,None,0.0
OUT_05613,Western,472.0832,0.05,48.48,0.004770444624090542,6094,None,None,0.0
OUT_06498,Western,120.4104,0.16,39.39,0.00476990938351077,6095,None,None,0.0
OUT_05653,Western,89.4429,0.28,51.52,0.004768471439451638,6096,None,None,0.0
OUT_08655,Western,245.5511,0.09,45.45,0.004757717761033368,6097,None,None,0.0
OUT_07888,Western,197.44950000000003,0.09,36.36,0.004756545770877945,6098,None,None,0.0
OUT_07906,Western,100.4133,0.32,66.67,0.004748375350967933,6099,None,None,0.0
OUT_00895,Western,146.31439999999998,0.19,57.58,0.004745601911915329,6100,None,None,0.0
OUT_01758,Western,555.4455999999999,0.05,57.58,0.004740914988050528,6101,None,None,0.0
OUT_05266,Western,102.8467,0.2,42.42,0.004737296176877015,6102,None,None,0.0
OUT_02695,Western,103.6445,0.24,51.52,0.004736230007616146,6103,None,None,0.0
OUT_05097,Western,462.1655,0.06,57.58,0.004733685558210993,6104,None,None,0.0
OUT_05693,Western,225.98960000000002,0.11,51.52,0.0047332170601675555,6105,None,None,0.0
OUT_01431,Western,107.71770000000001,0.23,51.52,0.004717264089870526,6106,None,None,0.0
OUT_04405,Western,414.80300000000005,0.07,60.61,0.004712905372504465,6107,None,None,0.0
OUT_04447,Western,112.4846,0.22,51.52,0.004711845392231531,6108,None,None,0.0
OUT_08688,Western,78.6742,0.26,42.42,0.00471102994011976,6109,None,None,0.0
OUT_00235,Western,491.3512,0.03,30.3,0.004709436421725239,6110,None,None,0.0
OUT_07189,Western,84.2967,0.31,54.55,0.004704226282628263,6111,None,None,0.0
OUT_03261,Western,107.3371,0.27,60.61,0.004703946924200617,6112,None,None,0.0
OUT_07469,Western,373.2359,0.07,54.55,0.004703242664266428,6113,None,None,0.0
OUT_05688,Western,211.49289999999996,0.11,48.48,0.004701741915925626,6114,None,None,0.0
OUT_06391,Western,83.97560000000001,0.26,45.45,0.004700464155005382,6115,None,None,0.0
OUT_04337,Western,92.9916,0.25,48.48,0.0046984438156831045,6116,None,None,0.0
OUT_04446,Western,268.73339999999996,0.06,33.33,0.004696767841538013,6117,None,None,0.0
OUT_04843,Western,75.7428,0.25,39.39,0.004688214904679376,6118,None,None,0.0
OUT_04306,Western,72.7803,0.26,39.39,0.004685040356523892,6119,None,None,0.0
OUT_04726,Western,178.1803,0.13,48.48,0.004681374090541633,6120,None,None,0.0
OUT_08244,Western,60.96379999999999,0.31,39.39,0.004679073533052735,6121,None,None,0.0
OUT_06613,Western,553.0582999999999,0.07,81.82,0.004674484544795943,6122,None,None,0.0
OUT_05259,Western,471.6527,0.04,39.39,0.004670984897251795,6123,None,None,0.0
OUT_05681,Western,96.2798,0.24,48.48,0.004669998383185125,6124,None,None,0.0
OUT_05254,Western,76.6882,0.43,69.7,0.0046642045261669025,6125,None,None,0.0
OUT_02380,Western,79.0359,0.22,36.36,0.004654148286937902,6126,None,None,0.0
OUT_02465,Western,98.253,0.22,45.45,0.004653532831001076,6127,None,None,0.0
OUT_07574,Western,390.5089,0.03,24.24,0.00464154793977813,6128,None,None,0.0
OUT_06422,Western,109.27989999999998,0.21,48.48,0.0046379909054163285,6129,None,None,0.0
OUT_03082,Western,78.0189,0.24,39.39,0.004635933646942312,6130,None,None,0.0
OUT_02113,Western,201.2526,0.1,42.42,0.004635020727775219,6131,None,None,0.0
OUT_06154,Western,110.9135,0.27,63.64,0.004632834931930693,6132,None,None,0.0
OUT_00807,Western,127.10430000000001,0.18,48.48,0.004623842764753436,6133,None,None,0.0
OUT_02272,Western,178.65949999999998,0.12,45.45,0.004615530678148546,6134,None,None,0.0
OUT_04117,Western,82.9838,0.19,33.33,0.004592753277017187,6135,None,None,0.0
OUT_06750,Western,92.7586,0.29,57.58,0.004592009900990099,6136,None,None,0.0
OUT_06765,Western,196.0843,0.13,54.55,0.0045888315031503155,6137,None,None,0.0
OUT_04150,Western,189.9656,0.09,36.36,0.004576259100642398,6138,None,None,0.0
OUT_00936,Western,97.17,0.19,39.39,0.004571007675167121,6139,None,None,0.0
OUT_00939,Western,89.4079,0.16,30.3,0.0045703718849840255,6140,None,None,0.0
OUT_02730,Western,70.5832,0.34,51.52,0.004569361766945926,6141,None,None,0.0
OUT_00824,Western,86.8554,0.18,33.33,0.004554026216137489,6142,None,None,0.0
OUT_04291,Western,197.37490000000003,0.1,42.42,0.004545713956701981,6143,None,None,0.0
OUT_03138,Western,78.2317,0.34,57.58,0.004540590303857972,6144,None,None,0.0
OUT_06749,Western,216.76209999999998,0.11,51.52,0.004539952589489717,6145,None,None,0.0
OUT_01013,Western,83.09880000000001,0.32,57.58,0.004539367702287471,6146,None,None,0.0
OUT_07394,Western,67.2113,0.15,21.21,0.00453925934263845,6147,None,None,0.0
OUT_00826,Western,203.9355,0.11,48.48,0.00453373181083266,6148,None,None,0.0
OUT_06858,Western,79.5787,0.23,39.39,0.004531592225798465,6149,None,None,0.0
OUT_05319,Western,210.48940000000002,0.1,45.45,0.004531526372443488,6150,None,None,0.0
OUT_07566,Western,76.7554,0.31,51.52,0.00453049771515613,6151,None,None,0.0
OUT_01186,Western,96.27900000000001,0.19,39.39,0.0045290938351077005,6152,None,None,0.0
OUT_08300,Western,228.5976,0.08,39.39,0.00452780589254766,6153,None,None,0.0
OUT_01455,Western,101.3993,0.18,39.39,0.004518909135924734,6154,None,None,0.0
OUT_05752,Western,250.98969999999997,0.1,54.55,0.004518266426642664,6155,None,None,0.0
OUT_08912,Western,129.0904,0.12,33.33,0.004512335566559859,6156,None,None,0.0
OUT_01324,Western,67.7374,0.39,57.58,0.0045096596107886645,6157,None,None,0.0
OUT_08060,Western,58.6773,0.38,48.48,0.004506340743734842,6158,None,None,0.0
OUT_01974,Western,82.6516,0.22,39.39,0.004501944045555832,6159,None,None,0.0
OUT_00975,Western,78.1207,0.25,42.42,0.00449796752648549,6160,None,None,0.0
OUT_06840,Western,166.24420000000003,0.15,54.55,0.004489042304230424,6161,None,None,0.0
OUT_00414,Western,81.1885,0.29,51.52,0.0044829902894135566,6162,None,None,0.0
OUT_08833,Western,82.7076,0.3,54.55,0.004466657065706571,6163,None,None,0.0
OUT_01452,Western,87.5258,0.36,69.7,0.004456759264497879,6164,None,None,0.0
OUT_08004,Western,138.1362,0.14,42.42,0.004453953938277292,6165,None,None,0.0
OUT_08149,Western,58.380500000000005,0.4,51.52,0.004446344249809597,6166,None,None,0.0
OUT_03083,Western,66.7299,0.37,54.55,0.0044446558055805585,6167,None,None,0.0
OUT_07493,Western,155.5972,0.15,51.52,0.004443941355674028,6168,None,None,0.0
OUT_08574,Western,179.34999999999997,0.1,39.39,0.0044404555583065115,6169,None,None,0.0
OUT_06434,Western,240.9819,0.08,42.42,0.0044400165822201755,6170,None,None,0.0
OUT_04926,Western,75.78699999999999,0.13,21.21,0.004435979288608734,6171,None,None,0.0
OUT_03734,Western,136.6041,0.2,60.61,0.004434478169128387,6172,None,None,0.0
OUT_02563,Western,137.7621,0.13,39.39,0.004434036395147314,6173,None,None,0.0
OUT_03837,Western,123.0947,0.08,21.21,0.0044338478162989645,6174,None,None,0.0
OUT_08842,Western,83.5665,0.31,57.58,0.0044222627176510754,6175,None,None,0.0
OUT_03958,Western,258.7333,0.1,57.58,0.00441675145100717,6176,None,None,0.0
OUT_01571,Western,76.65279999999998,0.32,54.55,0.004415642844284428,6177,None,None,0.0
OUT_00658,Western,256.29240000000004,0.08,45.45,0.004414077933261572,6178,None,None,0.0
OUT_05183,Western,208.85909999999998,0.13,60.61,0.004407025320564843,6179,None,None,0.0
OUT_08923,Western,135.8337,0.18,54.55,0.00440145202520252,6180,None,None,0.0
OUT_08116,Western,214.8406,0.12,57.58,0.004400968248548993,6181,None,None,0.0
OUT_03538,Western,104.4909,0.17,39.39,0.0043979829165635064,6182,None,None,0.0
OUT_00073,Western,509.5684,0.04,45.45,0.004388102475780409,6183,None,None,0.0
OUT_06685,Western,71.3755,0.36,57.58,0.0043863400477978836,6184,None,None,0.0
OUT_03308,Western,243.6452,0.1,54.55,0.0043860522052205225,6185,None,None,0.0
OUT_05849,Western,379.08410000000003,0.05,42.42,0.004365316674343621,6186,None,None,0.0
OUT_04023,Western,210.5752,0.09,42.42,0.004364755412252418,6187,None,None,0.0
OUT_05813,Western,405.3650999999999,0.05,45.45,0.004363456404736274,6188,None,None,0.0
OUT_08908,Western,125.82910000000001,0.14,39.39,0.004361493934142115,6189,None,None,0.0
OUT_04974,Western,135.1621,0.13,39.39,0.0043503523149294385,6190,None,None,0.0
OUT_00598,Western,79.868,0.17,30.3,0.004337878594249201,6191,None,None,0.0
OUT_05811,Western,191.38459999999998,0.16,69.7,0.004331193210749646,6192,None,None,0.0
OUT_00474,Western,62.8524,0.32,45.45,0.004329982346609257,6193,None,None,0.0
OUT_05924,Western,182.06399999999996,0.06,24.24,0.004327987321711568,6194,None,None,0.0
OUT_04648,Western,168.6414,0.15,57.58,0.004318233185387504,6195,None,None,0.0
OUT_05049,Western,114.1459,0.21,54.55,0.004315146534653465,6196,None,None,0.0
OUT_01015,Western,251.97930000000002,0.1,57.58,0.004301456128371458,6197,None,None,0.0
OUT_02411,Western,115.728,0.15,39.39,0.004297895518692745,6198,None,None,0.0
OUT_02974,Western,279.7383,0.09,57.58,0.0042977888357801294,6199,None,None,0.0
OUT_03000,Western,184.40230000000003,0.08,33.33,0.004297169822312846,6200,None,None,0.0
OUT_08752,Western,103.15790000000001,0.13,30.3,0.004284513418530351,6201,None,None,0.0
OUT_06319,Western,216.15109999999999,0.05,24.24,0.004281915610142631,6202,None,None,0.0
OUT_02423,Western,157.02770000000004,0.11,39.39,0.004276565238920526,6203,None,None,0.0
OUT_01797,Western,68.0583,0.33,51.52,0.00427632121096725,6204,None,None,0.0
OUT_02640,Western,231.9253,0.08,42.42,0.004273151543067711,6205,None,None,0.0
OUT_03303,Western,81.8004,0.29,54.55,0.004270407920792079,6206,None,None,0.0
OUT_07154,Western,90.6302,0.19,39.39,0.0042633666749195345,6207,None,None,0.0
OUT_06756,Western,82.9131,0.27,51.52,0.0042624784843869005,6208,None,None,0.0
OUT_05277,Western,77.15169999999999,0.29,51.52,0.004260090060929169,6209,None,None,0.0
OUT_03124,Western,77.9184,0.32,57.58,0.004256382383065894,6210,None,None,0.0
OUT_00696,Western,87.1996,0.33,66.67,0.004252381853110684,6211,None,None,0.0
OUT_01582,Western,471.8852,0.05,54.55,0.004247391539153916,6212,None,None,0.0
OUT_02477,Western,116.0067,0.17,45.45,0.004245670398277718,6213,None,None,0.0
OUT_04388,Western,178.51569999999998,0.06,24.24,0.004243637876386688,6214,None,None,0.0
OUT_05550,Western,63.3212,0.23,33.33,0.004242317506554034,6215,None,None,0.0
OUT_05048,Western,107.0648,0.16,39.39,0.004241239910869028,6216,None,None,0.0
OUT_06654,Western,92.2001,0.13,27.27,0.00423983480721613,6217,None,None,0.0
OUT_05670,Western,265.4094,0.05,30.3,0.00423976677316294,6218,None,None,0.0
OUT_04187,Western,242.5785,0.06,33.33,0.00423964753859598,6219,None,None,0.0
OUT_04175,Western,74.0611,0.37,63.64,0.004239264696782178,6220,None,None,0.0
OUT_01548,Western,85.4591,0.23,45.45,0.004231559311087191,6221,None,None,0.0
OUT_07427,Western,74.73349999999999,0.28,48.48,0.004229058205335489,6222,None,None,0.0
OUT_06457,Western,65.24770000000001,0.36,54.55,0.004228473807380739,6223,None,None,0.0
OUT_06955,Western,105.172,0.15,36.36,0.004222644539614562,6224,None,None,0.0
OUT_08733,Western,130.5448,0.16,48.48,0.0042213354890865,6225,None,None,0.0
OUT_02251,Western,67.75309999999999,0.44,69.7,0.00421660028288543,6226,None,None,0.0
OUT_03852,Western,73.2226,0.25,42.42,0.004215948871487794,6227,None,None,0.0
OUT_08094,Western,80.083,0.26,48.48,0.004208080032336297,6228,None,None,0.0
OUT_08855,Western,453.1193999999999,0.06,63.64,0.0042059350247524736,6229,None,None,0.0
OUT_03557,Western,100.01660000000001,0.31,72.73,0.00420522799403228,6230,None,None,0.0
OUT_06002,Western,200.7695,0.11,51.52,0.004204997143945163,6231,None,None,0.0
OUT_04825,Western,65.0368,0.3,45.45,0.004200439181916038,6232,None,None,0.0
OUT_03021,Western,455.35470000000004,0.04,42.42,0.004194884385076003,6233,None,None,0.0
OUT_07471,Western,176.2589,0.06,24.24,0.00418998969889065,6234,None,None,0.0
OUT_04006,Western,218.4718,0.06,30.3,0.004187957827476038,6235,None,None,0.0
OUT_07523,Western,114.16920000000002,0.17,45.45,0.0041784206673842845,6236,None,None,0.0
OUT_03198,Western,81.0578,0.13,24.24,0.004174926307448494,6237,None,None,0.0
OUT_04861,Western,201.0546,0.09,42.42,0.0041674145555043755,6238,None,None,0.0
OUT_06691,Western,90.57169999999999,0.13,27.27,0.0041649525999292525,6239,None,None,0.0
OUT_07748,Western,95.0899,0.23,51.52,0.004164256854531607,6240,None,None,0.0
OUT_00109,Western,512.9974,0.05,60.61,0.00416326408050641,6241,None,None,0.0
OUT_05973,Western,240.2074,0.07,39.39,0.004163039861351821,6242,None,None,0.0
OUT_05399,Western,69.1377,0.37,60.61,0.0041520774224963475,6243,None,None,0.0
OUT_02913,Western,239.5469,0.07,39.39,0.0041515927209705384,6244,None,None,0.0
OUT_04761,Western,214.2004,0.09,45.45,0.004150276856835306,6245,None,None,0.0
OUT_02955,Western,111.166,0.23,60.61,0.004150004869339393,6246,None,None,0.0
OUT_04411,Western,97.6813,0.12,27.27,0.004146358684117438,6247,None,None,0.0
OUT_06535,Western,382.73279999999994,0.07,63.64,0.0041446930693069305,6248,None,None,0.0
OUT_05898,Western,96.23469999999999,0.2,45.45,0.004143582346609257,6249,None,None,0.0
OUT_02317,Western,66.21979999999999,0.12,18.18,0.004143053180396245,6250,None,None,0.0
OUT_01856,Western,194.9642,0.06,27.27,0.004137903077467279,6251,None,None,0.0
OUT_03555,Western,382.0436,0.07,63.64,0.004137229579207921,6252,None,None,0.0
OUT_03076,Western,274.42229999999995,0.07,45.45,0.004135535199138858,6253,None,None,0.0
OUT_02673,Western,83.4619,0.2,39.39,0.004132800198068829,6254,None,None,0.0
OUT_05328,Western,257.25849999999997,0.06,36.36,0.004131560492505353,6255,None,None,0.0
OUT_04984,Western,85.39580000000001,0.21,42.42,0.004130151543067711,6256,None,None,0.0
OUT_00428,Western,708.8481000000002,0.02,33.33,0.004129613166326829,6257,None,None,0.0
OUT_06181,Western,255.18200000000002,0.08,48.48,0.004125820533548909,6258,None,None,0.0
OUT_04115,Western,207.7132,0.11,54.55,0.0041131326732673276,6259,None,None,0.0
OUT_05847,Western,506.55629999999996,0.05,60.61,0.004110990910566466,6260,None,None,0.0
OUT_03102,Western,203.3254,0.1,48.48,0.00410924413904608,6261,None,None,0.0
OUT_07516,Western,77.4186,0.23,42.42,0.004100939198526025,6262,None,None,0.0
OUT_02580,Western,87.5569,0.26,54.55,0.004098072727272728,6263,None,None,0.0
OUT_05463,Western,72.6697,0.21,36.36,0.004084752944325482,6264,None,None,0.0
OUT_08654,Western,82.46679999999999,0.23,45.45,0.0040833937567276634,6265,None,None,0.0
OUT_05331,Western,118.134,0.15,42.42,0.004081091662828189,6266,None,None,0.0
OUT_03650,Western,74.67840000000001,0.27,48.48,0.004075013742926435,6267,None,None,0.0
OUT_06139,Western,82.2805,0.29,57.58,0.004073292079207921,6268,None,None,0.0
OUT_08524,Western,234.74879999999996,0.07,39.39,0.004068436741767764,6269,None,None,0.0
OUT_06712,Western,70.621,0.25,42.42,0.004066156149239981,6270,None,None,0.0
OUT_04098,Western,209.8256,0.09,45.45,0.004065512163616791,6271,None,None,0.0
OUT_02749,Western,78.0546,0.21,39.39,0.0040582980935875215,6272,None,None,0.0
OUT_04554,Western,77.20689999999999,0.26,48.48,0.00405695109135004,6273,None,None,0.0
OUT_06694,Western,250.74779999999998,0.08,48.48,0.004054127728375101,6274,None,None,0.0
OUT_00425,Western,125.67889999999998,0.13,39.39,0.004045124288190146,6275,None,None,0.0
OUT_05498,Western,97.50710000000001,0.18,42.42,0.0040422105020727775,6276,None,None,0.0
OUT_01723,Western,178.4326,0.16,69.7,0.00403807864214993,6277,None,None,0.0
OUT_00556,Western,219.0227,0.08,42.42,0.004035425149700598,6278,None,None,0.0
OUT_08651,Western,826.6893000000002,0.03,60.61,0.0040254307742249645,6279,None,None,0.0
OUT_08241,Western,559.0287,0.04,54.55,0.004025409180918092,6280,None,None,0.0
OUT_01161,Western,83.896,0.15,30.3,0.0040205750798722045,6281,None,None,0.0
OUT_00830,Western,128.49419999999998,0.06,18.18,0.004019630865484879,6282,None,None,0.0
OUT_05907,Western,229.5885,0.06,33.33,0.004012615787940576,6283,None,None,0.0
OUT_06744,Western,526.6433,0.04,51.52,0.00401099238385377,6284,None,None,0.0
OUT_00477,Western,111.30250000000001,0.08,21.21,0.004009095002251238,6285,None,None,0.0
OUT_04900,Western,88.6621,0.21,45.45,0.004008404951560817,6286,None,None,0.0
OUT_07098,Western,143.6177,0.18,63.64,0.003999255259900991,6287,None,None,0.0
OUT_02151,Western,178.5541,0.07,30.3,0.003993222683706071,6288,None,None,0.0
OUT_06909,Western,94.81049999999999,0.17,39.39,0.003990538499628621,6289,None,None,0.0
OUT_06827,Western,94.4707,0.26,60.61,0.003986752475247524,6290,None,None,0.0
OUT_07849,Western,70.2935,0.28,48.48,0.0039778051738075994,6291,None,None,0.0
OUT_07929,Western,68.4838,0.34,57.58,0.003974819392284056,6292,None,None,0.0
OUT_07724,Western,173.855,0.12,51.52,0.003972315308453922,6293,None,None,0.0
OUT_08686,Western,191.5522,0.09,42.42,0.003970450944265316,6294,None,None,0.0
OUT_08194,Western,90.7193,0.19,42.42,0.003969752878857669,6295,None,None,0.0
OUT_04468,Western,113.1437,0.12,33.33,0.003954921060297116,6296,None,None,0.0
OUT_04948,Western,64.0898,0.38,60.61,0.003952949845804252,6297,None,None,0.0
OUT_02848,Western,98.8117,0.21,51.52,0.003950962871287128,6298,None,None,0.0
OUT_03541,Western,218.53400000000002,0.1,54.55,0.003934005400540055,6299,None,None,0.0
OUT_07869,Western,209.94809999999998,0.07,36.36,0.003933717077087795,6300,None,None,0.0
OUT_06409,Western,133.4142,0.11,36.36,0.003928148286937902,6301,None,None,0.0
OUT_06758,Western,251.0516,0.03,18.18,0.003926771637122002,6302,None,None,0.0
OUT_08808,Western,189.1664,0.09,42.42,0.003920998618148318,6303,None,None,0.0
OUT_03313,Western,81.7372,0.15,30.3,0.00391711821086262,6304,None,None,0.0
OUT_04749,Western,92.9855,0.17,39.39,0.00391372493191384,6305,None,None,0.0
OUT_04559,Western,70.9092,0.39,69.7,0.003911540028288543,6306,None,None,0.0
OUT_00448,Western,105.1862,0.24,63.64,0.0039054282178217817,6307,None,None,0.0
OUT_06371,Western,86.34,0.21,45.45,0.0039034230355220662,6308,None,None,0.0
OUT_01305,Western,69.40379999999999,0.21,36.36,0.0039011771948608133,6309,None,None,0.0
OUT_00702,Western,78.68459999999999,0.2,39.39,0.00389624164397128,6310,None,None,0.0
OUT_03411,Western,681.738,0.03,51.52,0.003894162223914699,6311,None,None,0.0
OUT_06100,Western,510.37049999999994,0.04,51.52,0.0038870563594821015,6312,None,None,0.0
OUT_07474,Western,784.8807000000002,0.02,39.39,0.0038865100272344653,6313,None,None,0.0
OUT_03791,Western,549.1958999999999,0.02,27.27,0.0038853618677042795,6314,None,None,0.0
OUT_03749,Western,68.2275,0.23,39.39,0.00388520054468928,6315,None,None,0.0
OUT_07648,Western,103.5249,0.14,36.36,0.0038794127408993584,6316,None,None,0.0
OUT_01125,Western,156.6651,0.1,39.39,0.0038788091111661305,6317,None,None,0.0
OUT_03968,Western,140.4659,0.17,60.61,0.003875864794676189,6318,None,None,0.0
OUT_04013,Western,449.8511,0.04,45.45,0.0038738523143164692,6319,None,None,0.0
OUT_01465,Western,107.5177,0.08,21.21,0.0038727672219720844,6320,None,None,0.0
OUT_04960,Western,136.86200000000002,0.14,48.48,0.003872409054163299,6321,None,None,0.0
OUT_06741,Western,238.7058,0.09,54.55,0.003867420702070207,6322,None,None,0.0
OUT_04705,Western,131.2125,0.11,36.36,0.0038633230728051396,6323,None,None,0.0
OUT_03544,Western,97.4855,0.22,54.55,0.0038608118811881195,6324,None,None,0.0
OUT_08334,Western,119.71780000000001,0.14,42.42,0.0038600856748042386,6325,None,None,0.0
OUT_06130,Western,220.78880000000004,0.06,33.33,0.0038588196912321586,6326,None,None,0.0
OUT_06871,Western,130.8722,0.11,36.36,0.0038533035331905783,6327,None,None,0.0
OUT_07177,Western,790.1269,0.03,60.61,0.0038473960396039598,6328,None,None,0.0
OUT_07758,Western,73.17,0.26,48.48,0.00384482619240097,6329,None,None,0.0
OUT_07327,Western,412.83849999999995,0.06,63.64,0.003832040532178217,6330,None,None,0.0
OUT_00192,Western,473.36929999999995,0.04,48.48,0.0038267526273241714,6331,None,None,0.0
OUT_05895,Western,118.9699,0.11,33.33,0.003812027090008739,6332,None,None,0.0
OUT_05290,Western,153.9385,0.13,51.52,0.003810358910891089,6333,None,None,0.0
OUT_08786,Western,71.1026,0.33,60.61,0.0038084496023372827,6334,None,None,0.0
OUT_03689,Western,106.75630000000001,0.09,24.24,0.003806682646592711,6335,None,None,0.0
OUT_07662,Western,157.9116,0.09,36.36,0.003804080299785867,6336,None,None,0.0
OUT_04840,Western,102.37790000000001,0.15,39.39,0.003802100767516713,6337,None,None,0.0
OUT_07984,Western,67.0908,0.16,27.27,0.0037971446763353377,6338,None,None,0.0
OUT_08460,Western,65.7988,0.32,54.55,0.0037903899189919,6339,None,None,0.0
OUT_02154,Western,109.4136,0.15,42.42,0.0037798341777982494,6340,None,None,0.0
OUT_01686,Western,201.72820000000002,0.07,36.36,0.0037797039614561037,6341,None,None,0.0
OUT_07808,Western,66.2441,0.23,39.39,0.0037722562515474125,6342,None,None,0.0
OUT_08866,Western,84.896,0.3,66.67,0.0037636766661740804,6343,None,None,0.0
OUT_07232,Western,179.5909,0.11,51.52,0.0037614240289413556,6344,None,None,0.0
OUT_06859,Western,67.7668,0.14,24.24,0.003758855784469098,6345,None,None,0.0
OUT_01689,Western,116.0943,0.17,51.52,0.003757812452399086,6346,None,None,0.0
OUT_01450,Western,83.4514,0.25,54.55,0.003755688568856886,6347,None,None,0.0
OUT_07822,Western,62.51400000000001,0.37,60.61,0.0037542898880051946,6348,None,None,0.0
OUT_00779,Western,148.815,0.14,54.55,0.003750513051305131,6349,None,None,0.0
OUT_06892,Western,64.5695,0.34,57.58,0.0037476322977125307,6350,None,None,0.0
OUT_05972,Western,74.40629999999999,0.31,60.61,0.003743865119298814,6351,None,None,0.0
OUT_00178,Western,483.8615,0.05,63.64,0.003742740563118812,6352,None,None,0.0
OUT_03894,Western,87.36479999999999,0.16,36.36,0.0037415331905781583,6353,None,None,0.0
OUT_06587,Western,465.8901,0.03,36.36,0.003741087526766595,6354,None,None,0.0
OUT_05945,Western,104.4865,0.22,60.61,0.0037310550235351405,6355,None,None,0.0
OUT_02766,Western,160.54199999999997,0.15,63.64,0.0037254486386138607,6356,None,None,0.0
OUT_05311,Western,262.6628,0.04,27.27,0.0037164881499823135,6357,None,None,0.0
OUT_01721,Western,75.0404,0.2,39.39,0.003715791037385492,6358,None,None,0.0
OUT_01992,Western,160.1028,0.15,63.64,0.0037152568069306934,6359,None,None,0.0
OUT_02050,Western,64.3955,0.39,66.67,0.003711281956553864,6360,None,None,0.0
OUT_05597,Western,749.3733,0.02,39.39,0.0037106872988363457,6361,None,None,0.0
OUT_05395,Western,115.28499999999998,0.13,39.39,0.0037105843030453074,6362,None,None,0.0
OUT_01106,Western,98.9915,0.14,36.36,0.0037095315845824418,6363,None,None,0.0
OUT_04279,Western,130.8253,0.14,48.48,0.0037016050929668557,6364,None,None,0.0
OUT_02269,Western,228.36469999999997,0.09,54.55,0.003699878127812781,6365,None,None,0.0
OUT_02526,Western,123.51119999999999,0.13,42.42,0.0036979401197604783,6366,None,None,0.0
OUT_02331,Western,130.32840000000002,0.14,48.48,0.003687545675020211,6367,None,None,0.0
OUT_07537,Western,88.36330000000001,0.13,30.3,0.003670041214057508,6368,None,None,0.0
OUT_05460,Western,112.8537,0.18,54.55,0.0036568255625562558,6369,None,None,0.0
OUT_05628,Western,121.24690000000001,0.14,45.45,0.0036543737351991397,6370,None,None,0.0
OUT_01470,Western,175.8102,0.09,42.42,0.003644154306771073,6371,None,None,0.0
OUT_03489,Western,272.27660000000003,0.05,36.36,0.0036439587794432553,6372,None,None,0.0
OUT_04387,Western,191.08229999999998,0.1,51.52,0.0036382768469154603,6373,None,None,0.0
OUT_06292,Western,68.6188,0.23,42.42,0.0036348051589129428,6374,None,None,0.0
OUT_03675,Western,81.8175,0.26,57.58,0.003631367360874018,6375,None,None,0.0
OUT_04529,Western,127.1283,0.15,51.52,0.003630853960396039,6376,None,None,0.0
OUT_02055,Western,224.74040000000002,0.07,42.42,0.0036231754951635197,6377,None,None,0.0
OUT_01412,Western,141.585,0.08,30.3,0.003618785942492013,6378,None,None,0.0
OUT_04841,Western,105.3055,0.17,48.48,0.003618014349232013,6379,None,None,0.0
OUT_06546,Western,87.1668,0.18,42.42,0.003613547673883003,6380,None,None,0.0
OUT_00515,Western,522.9984999999999,0.03,42.42,0.003613531782588668,6381,None,None,0.0
OUT_03114,Western,132.4414,0.11,39.39,0.003606970537261699,6382,None,None,0.0
OUT_07860,Western,225.7307,0.05,30.3,0.0036059217252396164,6383,None,None,0.0
OUT_06483,Western,100.9049,0.22,60.61,0.0036031614997565327,6384,None,None,0.0
OUT_06727,Western,222.7901,0.08,48.48,0.003602103476151981,6385,None,None,0.0
OUT_06104,Western,249.6871,0.08,54.55,0.0035958538253825388,6386,None,None,0.0
OUT_01995,Western,72.47659999999999,0.32,63.64,0.0035879504950495048,6387,None,None,0.0
OUT_08325,Western,194.44670000000002,0.08,42.42,0.003582619990787656,6388,None,None,0.0
OUT_02556,Western,77.6927,0.27,57.58,0.003580919938545579,6389,None,None,0.0
OUT_00148,Western,421.79639999999995,0.06,69.7,0.0035796016973125874,6390,None,None,0.0
OUT_01067,Western,57.28450000000001,0.29,45.45,0.003576427341227126,6391,None,None,0.0
OUT_07212,Western,221.18379999999996,0.08,48.48,0.0035761325788197245,6392,None,None,0.0
OUT_02661,Western,205.64730000000003,0.07,39.39,0.003564077989601388,6393,None,None,0.0
OUT_01123,Western,158.7298,0.07,30.3,0.0035498677316293933,6394,None,None,0.0
OUT_03220,Western,155.2766,0.12,51.52,0.0035478278750952015,6395,None,None,0.0
OUT_01790,Western,95.9333,0.25,66.67,0.003544159154721442,6396,None,None,0.0
OUT_08193,Western,73.8515,0.31,63.64,0.0035417643873762376,6397,None,None,0.0
OUT_08476,Western,118.23459999999999,0.13,42.42,0.0035399580838323345,6398,None,None,0.0
OUT_04208,Western,67.9989,0.21,39.39,0.0035354714038128253,6399,None,None,0.0
OUT_01371,Western,71.2965,0.17,33.33,0.0035305578211476843,6400,None,None,0.0
OUT_03073,Western,102.815,0.18,51.52,0.0035237433358720482,6401,None,None,0.0
OUT_03937,Western,152.9631,0.1,42.42,0.00352287194841087,6402,None,None,0.0
OUT_04076,Western,233.6995,0.07,45.45,0.003521843918191604,6403,None,None,0.0
OUT_04650,Western,99.99249999999999,0.11,30.3,0.003514113418530351,6404,None,None,0.0
OUT_00554,Western,66.2575,0.23,42.42,0.0035097247812068163,6405,None,None,0.0
OUT_08859,Western,68.9468,0.19,36.36,0.003506395074946467,6406,None,None,0.0
OUT_00571,Western,122.63829999999999,0.15,51.52,0.003502617098248286,6407,None,None,0.0
OUT_05784,Western,59.7613,0.29,48.48,0.0035025822554567497,6408,None,None,0.0
OUT_07253,Western,70.6906,0.26,51.52,0.0034995346534653464,6409,None,None,0.0
OUT_02786,Western,91.8869,0.2,51.52,0.003499120335110434,6410,None,None,0.0
OUT_04312,Western,432.82779999999997,0.04,48.48,0.00349901212611156,6411,None,None,0.0
OUT_01216,Western,91.85650000000001,0.2,51.52,0.003497962680883473,6412,None,None,0.0
OUT_04782,Western,203.0152,0.08,45.45,0.0034964942949407963,6413,None,None,0.0
OUT_00410,Western,199.92940000000004,0.06,33.33,0.003494251092339063,6414,None,None,0.0
OUT_02933,Western,74.87049999999999,0.16,33.33,0.003489449461112729,6415,None,None,0.0
OUT_02382,Western,107.7192,0.17,51.52,0.0034867220106626047,6416,None,None,0.0
OUT_04627,Western,199.4293,0.06,33.33,0.003485510632100204,6417,None,None,0.0
OUT_01945,Western,90.8429,0.12,30.3,0.0034827948881789132,6418,None,None,0.0
OUT_01230,Western,181.6612,0.06,30.3,0.0034823233226837056,6419,None,None,0.0
OUT_03504,Western,70.2749,0.23,45.45,0.003479704413347685,6420,None,None,0.0
OUT_07842,Western,108.5883,0.11,33.33,0.0034793804252840088,6421,None,None,0.0
OUT_04762,Western,79.55539999999999,0.15,33.33,0.003476058840664142,6422,None,None,0.0
OUT_01733,Western,92.6394,0.14,36.36,0.003471497858672377,6423,None,None,0.0
OUT_04391,Western,152.3756,0.14,60.61,0.0034625197208245414,6424,None,None,0.0
OUT_02654,Western,466.1023,0.03,39.39,0.0034620126268878433,6425,None,None,0.0
OUT_04968,Western,270.5003,0.04,30.3,0.003456872843450479,6426,None,None,0.0
OUT_04505,Western,87.2473,0.1,24.24,0.003456707606973059,6427,None,None,0.0
OUT_06923,Western,85.5175,0.2,48.48,0.0034566491511721907,6428,None,None,0.0
OUT_02539,Western,66.9372,0.13,24.24,0.0034476370839936613,6429,None,None,0.0
OUT_01867,Western,94.5953,0.18,48.48,0.00344121948261924,6430,None,None,0.0
OUT_05308,Western,76.0568,0.21,45.45,0.003438520559741657,6431,None,None,0.0
OUT_07238,Western,63.79440000000001,0.25,45.45,0.003433498385360603,6432,None,None,0.0
OUT_08155,Western,89.21419999999999,0.19,48.48,0.0034257675828617616,6433,None,None,0.0
OUT_03671,Western,247.63400000000001,0.06,42.42,0.003421934592353754,6434,None,None,0.0
OUT_08089,Western,106.9159,0.1,30.3,0.003415843450479233,6435,None,None,0.0
OUT_03530,Western,124.8759,0.16,57.58,0.003410744964151588,6436,None,None,0.0
OUT_01938,Western,240.69920000000002,0.07,48.48,0.0034052029102667756,6437,None,None,0.0
OUT_05777,Western,419.10479999999995,0.05,60.61,0.0034012725206946917,6438,None,None,0.0
OUT_01674,Western,68.48010000000001,0.08,15.15,0.003392203095975233,6439,None,None,0.0
OUT_08509,Western,76.06779999999999,0.18,39.39,0.0033899985144837824,6440,None,None,0.0
OUT_06079,Western,167.697,0.1,48.48,0.003389187550525465,6441,None,None,0.0
OUT_06062,Western,490.25229999999993,0.03,42.42,0.003387279824965453,6442,None,None,0.0
OUT_05487,Western,141.5615,0.14,57.58,0.0033831700238989423,6443,None,None,0.0
OUT_07489,Western,181.58660000000003,0.03,15.15,0.0033731256965944282,6444,None,None,0.0
OUT_07273,Western,576.4159999999999,0.02,33.33,0.0033580891348674625,6445,None,None,0.0
OUT_02173,Western,67.78620000000001,0.23,45.45,0.00335647491926803,6446,None,None,0.0
OUT_07654,Western,191.98460000000003,0.06,33.33,0.003355396446256918,6447,None,None,0.0
OUT_08844,Western,225.7643,0.06,39.39,0.003353765288437732,6448,None,None,0.0
OUT_02898,Western,89.2654,0.22,57.58,0.0033524049163537045,6449,None,None,0.0
OUT_05791,Western,93.833,0.22,60.61,0.0033506346372342154,6450,None,None,0.0
OUT_06511,Western,98.0381,0.2,57.58,0.0033471526118129054,6451,None,None,0.0
OUT_06755,Western,81.6221,0.24,57.58,0.003344025947422328,6452,None,None,0.0
OUT_08810,Western,83.1674,0.15,36.36,0.003339162205567452,6453,None,None,0.0
OUT_03237,Western,114.58940000000001,0.1,33.33,0.003337879405767551,6454,None,None,0.0
OUT_06096,Western,482.75109999999995,0.03,42.42,0.0033354520958083825,6455,None,None,0.0
OUT_00238,Western,513.5184,0.04,60.61,0.0033339938321701027,6456,None,None,0.0
OUT_05963,Western,111.3473,0.13,42.42,0.0033337514970059883,6457,None,None,0.0
OUT_02610,Western,256.5729,0.08,60.61,0.003331574744359682,6458,None,None,0.0
OUT_05241,Western,85.0476,0.17,42.42,0.0033298231229847994,6459,None,None,0.0
OUT_08146,Western,103.16730000000001,0.14,42.42,0.003326444495624137,6460,None,None,0.0
OUT_05423,Western,96.55290000000001,0.16,45.45,0.0033258264800861146,6461,None,None,0.0
OUT_05548,Western,117.2832,0.14,48.48,0.0033184413904607923,6462,None,None,0.0
OUT_08964,Western,408.32669999999996,0.05,60.61,0.0033138021425093327,6463,None,None,0.0
OUT_06238,Western,249.11679999999998,0.09,66.67,0.003313212945175114,6464,None,None,0.0
OUT_04523,Western,534.6373,0.01,15.15,0.0033104476780185764,6465,None,None,0.0
OUT_06862,Western,136.4214,0.12,48.48,0.003308522231204527,6466,None,None,0.0
OUT_03973,Western,82.3925,0.15,36.36,0.0033080500535331908,6467,None,None,0.0
OUT_00261,Western,477.466,0.03,42.42,0.0032989359742054353,6468,None,None,0.0
OUT_00305,Western,382.56499999999994,0.04,45.45,0.003294424111948331,6469,None,None,0.0
OUT_08638,Western,232.4712,0.07,48.48,0.003288800323362976,6470,None,None,0.0
OUT_07559,Western,71.16720000000001,0.27,57.58,0.0032801543188801644,6471,None,None,0.0
OUT_03780,Western,94.5541,0.14,39.39,0.003277438474870018,6472,None,None,0.0
OUT_07765,Western,810.0586000000001,0.02,48.48,0.003274286984640259,6473,None,None,0.0
OUT_07950,Western,114.60829999999999,0.15,51.52,0.003273275894897182,6474,None,None,0.0
OUT_03712,Western,76.2206,0.16,36.36,0.0032642655246252683,6475,None,None,0.0
OUT_04459,Western,77.9243,0.22,51.52,0.0032641557501904036,6476,None,None,0.0
OUT_04215,Western,144.93259999999998,0.05,21.21,0.0032627780279153532,6477,None,None,0.0
OUT_05488,Western,151.4216,0.1,45.45,0.0032598837459634016,6478,None,None,0.0
OUT_03773,Western,438.5436,0.03,39.39,0.00325731814805645,6479,None,None,0.0
OUT_05690,Western,139.6949,0.08,33.33,0.0032553428488202737,6480,None,None,0.0
OUT_00427,Western,164.26229999999998,0.11,54.55,0.003252718811881188,6481,None,None,0.0
OUT_03922,Western,191.10860000000002,0.11,63.64,0.0032521574876237633,6482,None,None,0.0
OUT_07357,Western,146.1615,0.13,57.58,0.003243597644247183,6483,None,None,0.0
OUT_03376,Western,63.5102,0.33,63.64,0.003242321472772277,6484,None,None,0.0
OUT_08905,Western,90.7256,0.22,60.61,0.0032396740788832984,6485,None,None,0.0
OUT_07628,Western,56.887699999999995,0.23,39.39,0.003239458034166873,6486,None,None,0.0
OUT_06695,Western,217.9989,0.06,39.39,0.0032384090121317156,6487,None,None,0.0
OUT_01552,Western,249.18079999999998,0.08,60.61,0.0032355890277552344,6488,None,None,0.0
OUT_07453,Western,149.3831,0.14,63.64,0.0032354012995049514,6489,None,None,0.0
OUT_03224,Western,250.2661,0.06,45.45,0.0032327160387513446,6490,None,None,0.0
OUT_05115,Western,401.5651,0.03,36.36,0.003224559154175588,6491,None,None,0.0
OUT_08613,Western,227.82979999999998,0.07,48.48,0.003223137833468068,6492,None,None,0.0
OUT_06407,Western,122.21039999999999,0.13,48.48,0.003210863379143088,6493,None,None,0.0
OUT_04462,Western,82.2756,0.24,60.61,0.0032050225612725203,6494,None,None,0.0
OUT_01754,Western,199.9304,0.05,30.3,0.003193776357827476,6495,None,None,0.0
OUT_02102,Western,121.238,0.13,48.48,0.0031853152789005656,6496,None,None,0.0
OUT_08055,Western,514.315,0.04,63.64,0.0031826423267326738,6497,None,None,0.0
OUT_03727,Western,120.9253,0.13,48.48,0.0031770996362166528,6498,None,None,0.0
OUT_06734,Western,195.7268,0.1,60.61,0.0031768673916571983,6499,None,None,0.0
OUT_07287,Western,97.9363,0.16,48.48,0.003166897332255457,6500,None,None,0.0
OUT_05179,Western,92.06129999999999,0.18,51.52,0.0031551854531607004,6501,None,None,0.0
OUT_08869,Western,205.0525,0.09,57.58,0.003150345681119836,6502,None,None,0.0
OUT_07930,Western,455.3949,0.03,42.42,0.003146441040994933,6503,None,None,0.0
OUT_00904,Western,76.0297,0.28,66.67,0.003145901581202897,6504,None,None,0.0
OUT_05380,Western,73.1351,0.33,75.76,0.00314416141219385,6505,None,None,0.0
OUT_05420,Western,106.7421,0.19,63.64,0.003137530785891089,6506,None,None,0.0
OUT_02719,Western,85.72229999999999,0.17,45.45,0.0031373069967707205,6507,None,None,0.0
OUT_01089,Western,79.7219,0.23,57.58,0.0031300848412427447,6508,None,None,0.0
OUT_07360,Western,79.3541,0.29,72.73,0.00312121104028211,6509,None,None,0.0
OUT_08668,Western,121.8693,0.15,57.58,0.0031205863776032775,6510,None,None,0.0
OUT_05729,Western,110.13820000000001,0.14,48.48,0.0031162789005658863,6511,None,None,0.0
OUT_08596,Western,216.32439999999997,0.08,54.55,0.003115382898289829,6512,None,None,0.0
OUT_01981,Western,182.90889999999996,0.11,63.64,0.0031126205136138606,6513,None,None,0.0
OUT_07216,Western,61.1816,0.19,36.36,0.003111483940042827,6514,None,None,0.0
OUT_07037,Western,172.774,0.1,54.55,0.0031102430243024307,6515,None,None,0.0
OUT_02123,Western,191.9026,0.09,54.55,0.00310913303330333,6516,None,None,0.0
OUT_02145,Western,80.91910000000001,0.19,48.48,0.00310724110751819,6517,None,None,0.0
OUT_03496,Western,66.8107,0.23,48.48,0.0031055903395311234,6518,None,None,0.0
OUT_00626,Western,407.56940000000003,0.04,51.52,0.0031041081492764666,6519,None,None,0.0
OUT_06094,Western,161.9029,0.06,30.3,0.0031035699680511176,6520,None,None,0.0
OUT_03460,Western,75.7368,0.24,57.58,0.0031029074769545915,6521,None,None,0.0
OUT_03750,Western,107.87910000000001,0.09,30.3,0.0031019549520766776,6522,None,None,0.0
OUT_02261,Western,102.8702,0.14,45.45,0.0031005011840688915,6523,None,None,0.0
OUT_06413,Western,250.44230000000002,0.05,39.39,0.0031003008170339195,6524,None,None,0.0
OUT_02008,Western,165.1107,0.07,36.36,0.0030936158993576024,6525,None,None,0.0
OUT_08825,Western,95.95009999999999,0.13,39.39,0.003088267640505075,6526,None,None,0.0
OUT_06977,Western,204.8688,0.07,45.45,0.003087366200215285,6527,None,None,0.0
OUT_07367,Western,477.0641,0.03,45.45,0.0030811459634015066,6528,None,None,0.0
OUT_01066,Western,73.7954,0.32,75.76,0.0030764106305367377,6529,None,None,0.0
OUT_07693,Western,248.56629999999998,0.08,63.64,0.003076315594059406,6530,None,None,0.0
OUT_05113,Western,89.32350000000001,0.17,48.48,0.003068915723524657,6531,None,None,0.0
OUT_08174,Western,131.6697,0.08,33.33,0.00306832974075153,6532,None,None,0.0
OUT_04744,Western,193.4297,0.04,24.24,0.0030654469096671956,6533,None,None,0.0
OUT_01936,Western,101.0101,0.15,48.48,0.00306214935327405,6534,None,None,0.0
OUT_03024,Western,143.6738,0.06,27.27,0.0030493201273434733,6535,None,None,0.0
OUT_06935,Western,78.6447,0.18,45.45,0.003047587944025834,6536,None,None,0.0
OUT_03873,Western,187.5989,0.1,60.61,0.0030449423794838494,6537,None,None,0.0
OUT_03767,Western,228.31310000000002,0.07,51.52,0.0030430154226961164,6538,None,None,0.0
OUT_07095,Western,57.84429999999999,0.26,48.48,0.0030395145513338715,6539,None,None,0.0
OUT_08710,Western,75.86330000000001,0.21,51.52,0.003033376428027418,6540,None,None,0.0
OUT_06482,Western,71.8471,0.26,60.61,0.003032015257263431,6541,None,None,0.0
OUT_01046,Western,66.677,0.28,60.61,0.003030280798571661,6542,None,None,0.0
OUT_07026,Western,657.3913,0.02,42.42,0.0030280575771533856,6543,None,None,0.0
OUT_04096,Western,129.8223,0.08,33.33,0.003025279347509468,6544,None,None,0.0
OUT_03056,Western,442.98310000000004,0.04,57.58,0.003024807784226699,6545,None,None,0.0
OUT_02722,Western,164.15200000000002,0.08,42.42,0.0030244495624136346,6546,None,None,0.0
OUT_01330,Western,68.141,0.26,57.58,0.0030243530215090476,6547,None,None,0.0
OUT_06852,Western,82.0487,0.16,42.42,0.003023443574389682,6548,None,None,0.0
OUT_03662,Western,77.1281,0.17,42.42,0.003019755181943805,6549,None,None,0.0
OUT_08847,Western,185.7049,0.08,48.48,0.003002504446240906,6550,None,None,0.0
OUT_05546,Western,108.2279,0.07,24.24,0.003001566164817751,6551,None,None,0.0
OUT_05191,Western,72.1861,0.13,30.3,0.0029981447284345045,6552,None,None,0.0
OUT_01280,Western,111.9646,0.1,36.36,0.0029969111349036404,6553,None,None,0.0
OUT_07931,Western,92.26939999999999,0.19,57.58,0.002992691362239672,6554,None,None,0.0
OUT_03618,Western,130.6023,0.12,51.52,0.0029840586443259714,6555,None,None,0.0
OUT_06305,Western,129.2458,0.1,42.42,0.0029766421004145554,6556,None,None,0.0
OUT_07951,Western,97.9945,0.15,48.48,0.0029707305982215036,6557,None,None,0.0
OUT_07766,Western,78.4033,0.13,33.33,0.0029689568890183516,6558,None,None,0.0
OUT_02801,Western,95.9335,0.2,63.64,0.0029682394801980195,6559,None,None,0.0
OUT_05475,Western,84.7718,0.12,33.33,0.0029631855519953393,6560,None,None,0.0
OUT_04725,Western,86.4287,0.18,51.52,0.0029621412795125665,6561,None,None,0.0
OUT_05598,Western,231.6906,0.04,30.3,0.002960902236421725,6562,None,None,0.0
OUT_07221,Western,91.74980000000001,0.14,42.42,0.002958307692307693,6563,None,None,0.0
OUT_01562,Western,74.544,0.22,54.55,0.0029522376237623763,6564,None,None,0.0
OUT_03189,Western,182.11880000000002,0.09,54.55,0.0029506196219621964,6565,None,None,0.0
OUT_08520,Western,105.27000000000001,0.13,45.45,0.0029462002152852527,6566,None,None,0.0
OUT_05697,Western,120.6226,0.18,72.73,0.002944807812288078,6567,None,None,0.0
OUT_07874,Western,98.8826,0.12,39.39,0.0029378341173557808,6568,None,None,0.0
OUT_06260,Western,90.7589,0.17,51.52,0.0029377404798172123,6569,None,None,0.0
OUT_01942,Western,77.2197,0.21,54.55,0.002919196579657966,6570,None,None,0.0
OUT_05367,Western,225.7982,0.06,45.45,0.0029166613562970935,6571,None,None,0.0
OUT_03195,Western,103.0214,0.2,69.7,0.00291432531824611,6572,None,None,0.0
OUT_05810,Western,80.8538,0.08,21.21,0.0029123385862224226,6573,None,None,0.0
OUT_03243,Western,107.6275,0.15,54.55,0.0029062331233123315,6574,None,None,0.0
OUT_01763,Western,169.3985,0.09,51.52,0.0029028684310738765,6575,None,None,0.0
OUT_02547,Western,103.7156,0.13,45.45,0.0029026970936490847,6576,None,None,0.0
OUT_06280,Western,192.2879,0.07,45.45,0.0028977724434876215,6577,None,None,0.0
OUT_01344,Western,111.9298,0.12,45.45,0.0028916202368137775,6578,None,None,0.0
OUT_04550,Western,79.24950000000001,0.18,48.48,0.002882964834276476,6579,None,None,0.0
OUT_04127,Western,141.50869999999998,0.15,72.73,0.002878923775939237,6580,None,None,0.0
OUT_02519,Western,81.6537,0.11,30.3,0.0028696188498402555,6581,None,None,0.0
OUT_05876,Western,62.3,0.13,27.27,0.0028648744251857086,6582,None,None,0.0
OUT_05267,Western,206.9185,0.06,42.42,0.0028593067710732376,6583,None,None,0.0
OUT_07722,Western,369.3839,0.05,63.64,0.0028572393254950494,6584,None,None,0.0
OUT_06365,Western,249.8522,0.06,51.52,0.002854366336633663,6585,None,None,0.0
OUT_03535,Western,111.39889999999998,0.15,57.58,0.0028524812222601565,6586,None,None,0.0
OUT_04582,Western,89.46929999999999,0.09,27.27,0.0028483328616908375,6587,None,None,0.0
OUT_07905,Western,78.2646,0.18,48.48,0.0028471358124494742,6588,None,None,0.0
OUT_04109,Western,83.0767,0.2,57.58,0.002836350290201434,6589,None,None,0.0
OUT_05708,Western,117.73299999999999,0.09,36.36,0.0028361804068522483,6590,None,None,0.0
OUT_03502,Western,89.0644,0.09,27.27,0.002835442518570923,6591,None,None,0.0
OUT_06195,Western,69.8616,0.09,21.21,0.002830951823502926,6592,None,None,0.0
OUT_04479,Western,126.78579999999998,0.09,39.39,0.0028251354295617723,6593,None,None,0.0
OUT_08048,Western,126.80679999999998,0.11,48.48,0.0028190679062247374,6594,None,None,0.0
OUT_01251,Western,118.796,0.11,45.45,0.002813252960172228,6595,None,None,0.0
OUT_04504,Western,126.90509999999999,0.15,66.67,0.0028130286685384954,6596,None,None,0.0
OUT_01772,Western,211.47070000000002,0.09,66.67,0.002812525934683021,6597,None,None,0.0
OUT_01340,Western,74.3369,0.21,54.55,0.0028102158415841583,6598,None,None,0.0
OUT_06908,Western,71.73349999999999,0.17,42.42,0.002808543298019346,6599,None,None,0.0
OUT_06845,Western,164.4602,0.1,57.58,0.002807446227381359,6600,None,None,0.0
OUT_00776,Western,86.6354,0.18,54.55,0.002807267686768677,6601,None,None,0.0
OUT_01171,Western,79.2475,0.25,69.7,0.00280224540311174,6602,None,None,0.0
OUT_03047,Western,86.8536,0.14,42.42,0.0028004385076001847,6603,None,None,0.0
OUT_07622,Western,222.0276,0.07,54.55,0.002797827542754276,6604,None,None,0.0
OUT_04149,Western,52.677099999999996,0.23,42.42,0.002790357669276831,6605,None,None,0.0
OUT_08530,Western,275.9546,0.05,48.48,0.0027885468876313667,6606,None,None,0.0
OUT_02980,Western,87.9156,0.08,24.24,0.0027865483359746437,6607,None,None,0.0
OUT_04700,Western,217.99489999999997,0.04,30.3,0.0027858773162939294,6608,None,None,0.0
OUT_05878,Western,87.0619,0.1,30.3,0.0027815303514376996,6609,None,None,0.0
OUT_08820,Western,71.0039,0.3,75.76,0.0027750351745700883,6610,None,None,0.0
OUT_04022,Western,129.585,0.08,36.36,0.002774839400428266,6611,None,None,0.0
OUT_01671,Western,79.995,0.14,39.39,0.0027727902946273835,6612,None,None,0.0
OUT_06929,Western,95.4291,0.17,57.58,0.0027693661659269377,6613,None,None,0.0
OUT_02112,Western,65.75930000000001,0.17,39.39,0.002767784352562516,6614,None,None,0.0
OUT_01833,Western,93.98700000000001,0.11,36.36,0.002767283190578159,6615,None,None,0.0
OUT_02182,Western,108.1445,0.08,30.3,0.0027640766773162936,6616,None,None,0.0
OUT_00759,Western,49.4202,0.31,54.55,0.00275792295229523,6617,None,None,0.0
OUT_04525,Western,172.2534,0.05,30.3,0.0027516517571884985,6618,None,None,0.0
OUT_08734,Western,85.1335,0.14,42.42,0.002744976969138646,6619,None,None,0.0
OUT_06203,Western,452.5894,0.03,48.48,0.0027440747776879544,6620,None,None,0.0
OUT_03172,Western,95.8659,0.15,51.52,0.002737982673267327,6621,None,None,0.0
OUT_04891,Western,184.0895,0.06,39.39,0.0027346793760831887,6622,None,None,0.0
OUT_02896,Western,344.7072,0.02,24.24,0.0027314358161648184,6623,None,None,0.0
OUT_04320,Western,427.2238,0.02,30.3,0.002729864536741214,6624,None,None,0.0
OUT_00204,Western,449.53159999999997,0.03,48.48,0.002725535165723524,6625,None,None,0.0
OUT_02646,Western,91.74289999999999,0.21,69.7,0.002725036633663366,6626,None,None,0.0
OUT_05579,Western,460.96380000000005,0.04,66.67,0.002724774937195212,6627,None,None,0.0
OUT_01213,Western,126.98559999999999,0.08,36.36,0.0027191777301927194,6628,None,None,0.0
OUT_08040,Western,93.6637,0.17,57.58,0.0027181340047797886,6629,None,None,0.0
OUT_03323,Western,219.62259999999998,0.08,63.64,0.0027181014851485144,6630,None,None,0.0
OUT_07777,Western,78.1259,0.14,39.39,0.0027080034662045065,6631,None,None,0.0
OUT_01831,Western,72.0947,0.22,57.58,0.002707551041311028,6632,None,None,0.0
OUT_04077,Western,86.9827,0.22,69.7,0.0027066752475247524,6633,None,None,0.0
OUT_04850,Western,132.1278,0.12,57.58,0.002706612495732332,6634,None,None,0.0
OUT_02851,Western,73.844,0.17,45.45,0.0027025791173304627,6635,None,None,0.0
OUT_05574,Western,93.9529,0.09,30.3,0.0027015210862619803,6636,None,None,0.0
OUT_05031,Western,93.0728,0.17,57.58,0.002700986002048481,6637,None,None,0.0
OUT_03445,Western,170.1077,0.04,24.24,0.002695843106180666,6638,None,None,0.0
OUT_07168,Western,63.9952,0.17,39.39,0.00269353404307997,6639,None,None,0.0
OUT_08809,Western,72.8433,0.16,42.42,0.002684230308613542,6640,None,None,0.0
OUT_05348,Western,113.2899,0.11,45.45,0.002682860925726588,6641,None,None,0.0
OUT_03475,Western,91.7598,0.18,60.61,0.0026808576529784127,6642,None,None,0.0
OUT_00707,Western,94.6561,0.08,27.27,0.002678630350194552,6643,None,None,0.0
OUT_06687,Western,90.4175,0.11,36.36,0.002662185492505354,6644,None,None,0.0
OUT_02163,Western,127.70149999999998,0.16,75.76,0.0026618342886920265,6645,None,None,0.0
OUT_00369,Western,449.77819999999997,0.04,66.67,0.002658656420865967,6646,None,None,0.0
OUT_06592,Western,151.9517,0.06,33.33,0.002655724439265948,6647,None,None,0.0
OUT_08678,Western,112.1025,0.11,45.45,0.002654741657696448,6648,None,None,0.0
OUT_01312,Western,82.1267,0.15,45.45,0.0026521001076426263,6649,None,None,0.0
OUT_01449,Western,214.17479999999998,0.05,39.39,0.002651334488734835,6650,None,None,0.0
OUT_04041,Western,81.5715,0.2,60.61,0.002647995455283233,6651,None,None,0.0
OUT_08729,Western,143.6847,0.13,69.7,0.0026420100424328144,6652,None,None,0.0
OUT_03666,Western,71.69239999999999,0.16,42.42,0.0026418203592814367,6653,None,None,0.0
OUT_08328,Western,226.58349999999996,0.04,33.33,0.00264006408389164,6654,None,None,0.0
OUT_04135,Western,174.99339999999998,0.07,45.45,0.002637144886975242,6655,None,None,0.0
OUT_05521,Western,93.7915,0.19,66.67,0.002633424708142456,6656,None,None,0.0
OUT_06442,Western,125.7186,0.11,51.52,0.0026331009139375474,6657,None,None,0.0
OUT_04669,Western,202.75400000000002,0.08,60.61,0.0026327414380782344,6658,None,None,0.0
OUT_02131,Western,252.54759999999993,0.08,75.76,0.002632075039082855,6659,None,None,0.0
OUT_03512,Western,85.9898,0.17,54.55,0.0026315510351035106,6660,None,None,0.0
OUT_08461,Western,163.1191,0.07,42.42,0.0026297413634269926,6661,None,None,0.0
OUT_03202,Western,70.7002,0.15,39.39,0.002625657340925972,6662,None,None,0.0
OUT_00819,Western,81.0603,0.17,51.52,0.0026238101675552174,6663,None,None,0.0
OUT_01885,Western,264.50300000000004,0.04,39.39,0.0026194899727655365,6664,None,None,0.0
OUT_02319,Western,71.97590000000001,0.18,48.48,0.0026183633791430883,6665,None,None,0.0
OUT_01788,Western,163.54430000000002,0.05,30.3,0.0026125287539936104,6666,None,None,0.0
OUT_00510,Western,224.0018,0.04,33.33,0.002609983105155841,6667,None,None,0.0
OUT_03521,Western,241.49859999999998,0.05,45.45,0.002599554359526372,6668,None,None,0.0
OUT_01378,Western,101.6502,0.08,30.3,0.002598088178913738,6669,None,None,0.0
OUT_00796,Western,80.8061,0.11,33.33,0.00258918467812409,6670,None,None,0.0
OUT_04355,Western,160.1336,0.08,48.48,0.0025890638641875505,6671,None,None,0.0
OUT_08693,Western,224.67849999999999,0.05,42.42,0.0025872696913864577,6672,None,None,0.0
OUT_07043,Western,116.2059,0.11,48.48,0.002583397130153598,6673,None,None,0.0
OUT_01402,Western,112.15969999999999,0.1,42.42,0.002583134500230308,6674,None,None,0.0
OUT_07549,Western,79.6842,0.17,51.52,0.0025792677075399846,6675,None,None,0.0
OUT_02565,Western,208.33730000000003,0.05,39.39,0.0025790703144342665,6676,None,None,0.0
OUT_05783,Western,182.28260000000003,0.07,48.48,0.0025787756669361363,6677,None,None,0.0
OUT_05389,Western,68.79090000000001,0.14,36.36,0.002577817451820129,6678,None,None,0.0
OUT_04747,Western,188.65779999999998,0.08,57.58,0.0025764124274496414,6679,None,None,0.0
OUT_04285,Western,100.6939,0.08,30.3,0.0025736460063897765,6680,None,None,0.0
OUT_08418,Western,105.978,0.12,48.48,0.0025702021018593367,6681,None,None,0.0
OUT_02528,Western,175.85819999999998,0.09,60.61,0.00256893978250284,6682,None,None,0.0
OUT_08698,Western,238.2636,0.05,45.45,0.0025647319698600644,6683,None,None,0.0
OUT_02361,Western,198.51729999999998,0.06,45.45,0.002564270828848223,6684,None,None,0.0
OUT_06924,Western,86.27090000000001,0.12,39.39,0.0025631364199059175,6685,None,None,0.0
OUT_03918,Western,516.8768,0.02,39.39,0.0025594295617727162,6686,None,None,0.0
OUT_06599,Western,490.78830000000005,0.01,18.18,0.002558854535974974,6687,None,None,0.0
OUT_06571,Western,158.48579999999998,0.07,42.42,0.0025550451404882544,6688,None,None,0.0
OUT_01737,Western,472.7635,0.03,54.55,0.002553178217821782,6689,None,None,0.0
OUT_08930,Western,98.6431,0.12,45.45,0.0025483685683530674,6690,None,None,0.0
OUT_01228,Western,87.1884,0.18,60.61,0.0025472994643726665,6691,None,None,0.0
OUT_04809,Western,78.8313,0.15,45.45,0.0025456824542518836,6692,None,None,0.0
OUT_05361,Western,43.118,0.31,51.52,0.00254504569687738,6693,None,None,0.0
OUT_05070,Western,196.93449999999996,0.06,45.45,0.0025438256189451013,6694,None,None,0.0
OUT_07449,Western,88.1682,0.16,54.55,0.002539498109810981,6695,None,None,0.0
OUT_08235,Western,78.98599999999999,0.12,36.36,0.002537023554603854,6696,None,None,0.0
OUT_01876,Western,208.63369999999998,0.06,48.48,0.0025299155214227966,6697,None,None,0.0
OUT_06323,Western,391.6396,0.03,45.45,0.0025294269106566195,6698,None,None,0.0
OUT_01968,Western,127.66730000000001,0.11,54.55,0.0025280653465346537,6699,None,None,0.0
OUT_06244,Western,198.4445,0.09,69.7,0.002526167609618105,6700,None,None,0.0
OUT_06722,Western,71.6157,0.26,72.73,0.0025254417469144173,6701,None,None,0.0
OUT_03474,Western,127.4467,0.08,39.39,0.002524321861846992,6702,None,None,0.0
OUT_00932,Western,121.648,0.09,42.42,0.0025214923998157527,6703,None,None,0.0
OUT_06314,Western,82.7632,0.16,51.52,0.0025213465346534654,6704,None,None,0.0
OUT_06180,Western,78.0556,0.15,45.45,0.0025206329386437028,6705,None,None,0.0
OUT_05520,Western,94.41659999999999,0.14,51.52,0.00251681721249048,6706,None,None,0.0
OUT_02779,Western,84.5747,0.12,39.39,0.0025127417677642985,6707,None,None,0.0
OUT_00675,Western,78.2156,0.12,36.36,0.002512278372591006,6708,None,None,0.0
OUT_07021,Western,232.1906,0.06,54.55,0.0025079092709270924,6709,None,None,0.0
OUT_05902,Western,214.9477,0.04,33.33,0.00250448820273813,6710,None,None,0.0
OUT_03109,Western,89.4162,0.13,45.45,0.0025024986006458552,6711,None,None,0.0
OUT_00836,Western,213.2457,0.09,75.76,0.002500275273579989,6712,None,None,0.0
OUT_02030,Western,193.5084,0.06,45.45,0.002499570290635091,6713,None,None,0.0
OUT_04134,Western,77.7783,0.12,36.36,0.002498232334047109,6714,None,None,0.0
OUT_05293,Western,100.7971,0.1,39.39,0.002495595444416935,6715,None,None,0.0
OUT_07613,Western,140.91889999999998,0.05,27.27,0.002492375309515387,6716,None,None,0.0
OUT_07073,Western,66.4883,0.14,36.36,0.0024915315845824414,6717,None,None,0.0
OUT_00908,Western,106.45540000000001,0.13,54.55,0.002491305490549055,6718,None,None,0.0
OUT_06627,Western,76.79289999999999,0.16,48.48,0.00248319805982215,6719,None,None,0.0
OUT_06516,Western,64.641,0.19,48.48,0.002482172594987874,6720,None,None,0.0
OUT_05265,Western,229.32410000000002,0.06,54.55,0.00247694797479748,6721,None,None,0.0
OUT_04410,Western,105.4317,0.08,33.33,0.002456899504806292,6722,None,None,0.0
OUT_05010,Western,102.73089999999999,0.14,57.58,0.002455159781495391,6723,None,None,0.0
OUT_08417,Western,76.2066,0.12,36.36,0.002447749464668094,6724,None,None,0.0
OUT_02787,Western,75.8066,0.13,39.39,0.0024399252290170834,6725,None,None,0.0
OUT_06061,Western,156.68959999999998,0.11,69.7,0.0024378862800565767,6726,None,None,0.0
OUT_07484,Western,209.1796,0.04,33.33,0.002437280512671133,6727,None,None,0.0
OUT_05797,Western,176.07029999999997,0.06,42.42,0.002433030400736987,6728,None,None,0.0
OUT_01633,Western,84.9282,0.15,51.52,0.002425595963442498,6729,None,None,0.0
OUT_06930,Western,260.9432,0.06,63.64,0.0024221212871287125,6730,None,None,0.0
OUT_06594,Western,80.88640000000001,0.13,42.42,0.002421748502994012,6731,None,None,0.0
OUT_05826,Western,79.8441,0.15,48.48,0.0024204961600646727,6732,None,None,0.0
OUT_08558,Western,95.9142,0.14,54.55,0.0024172795679567962,6733,None,None,0.0
OUT_08426,Western,114.3676,0.13,60.61,0.002413210193150462,6734,None,None,0.0
OUT_00894,Western,100.9187,0.14,57.58,0.002411850119494708,6735,None,None,0.0
OUT_08001,Western,486.97639999999996,0.02,39.39,0.002411371131468185,6736,None,None,0.0
OUT_07488,Western,212.1393,0.07,60.61,0.0024102825839961046,6737,None,None,0.0
OUT_06980,Western,60.78059999999999,0.16,39.39,0.002407748452587274,6738,None,None,0.0
OUT_05340,Western,521.9036,0.02,42.42,0.0024039778903730998,6739,None,None,0.0
OUT_03364,Western,88.2412,0.11,39.39,0.0024032017826194608,6740,None,None,0.0
OUT_04350,Western,242.18669999999997,0.04,39.39,0.002398481802426343,6741,None,None,0.0
OUT_08421,Western,133.2267,0.1,54.55,0.0023983204320432044,6742,None,None,0.0
OUT_02506,Western,69.5985,0.16,45.45,0.0023973649085037674,6743,None,None,0.0
OUT_04657,Western,93.5922,0.15,57.58,0.002396522703994538,6744,None,None,0.0
OUT_03588,Western,123.6358,0.09,45.45,0.0023955268030139932,6745,None,None,0.0
OUT_05001,Western,64.4864,0.15,39.39,0.002394889824213915,6746,None,None,0.0
OUT_05417,Western,124.8279,0.06,30.3,0.002392867092651757,6747,None,None,0.0
OUT_07789,Western,88.378,0.15,54.55,0.0023864446444644464,6748,None,None,0.0
OUT_06071,Western,102.19139999999999,0.08,33.33,0.0023813900378677542,6749,None,None,0.0
OUT_06819,Western,177.59920000000002,0.05,36.36,0.0023768629550321206,6750,None,None,0.0
OUT_00435,Western,249.6472,0.05,51.52,0.0023766869763899466,6751,None,None,0.0
OUT_06518,Western,463.47450000000003,0.03,57.58,0.00237354643222943,6752,None,None,0.0
OUT_04909,Western,138.93609999999998,0.1,57.58,0.0023717326732673265,6753,None,None,0.0
OUT_06039,Western,147.6421,0.06,36.36,0.0023711258029978583,6754,None,None,0.0
OUT_08620,Western,109.6937,0.12,54.55,0.0023696208820882087,6755,None,None,0.0
OUT_01447,Western,405.6668,0.02,33.33,0.0023633370230119436,6756,None,None,0.0
OUT_08384,Western,90.0635,0.09,33.33,0.0023611170987474514,6757,None,None,0.0
OUT_02627,Western,91.8498,0.15,57.58,0.0023519067941276885,6758,None,None,0.0
OUT_00648,Western,292.7256,0.03,36.36,0.002350580299785867,6759,None,None,0.0
OUT_06514,Western,125.08629999999998,0.11,57.58,0.0023488379993171727,6760,None,None,0.0
OUT_03759,Western,97.0069,0.09,36.36,0.0023368899892933616,6761,None,None,0.0
OUT_05068,Western,87.5484,0.14,51.52,0.002333734958111196,6762,None,None,0.0
OUT_07439,Western,28.932100000000002,0.35,42.42,0.0023321591432519575,6763,None,None,0.0
OUT_01735,Western,612.1851999999999,0.02,51.52,0.002331246001523229,6764,None,None,0.0
OUT_01401,Western,205.11329999999998,0.07,60.61,0.0023304546339879893,6765,None,None,0.0
OUT_05234,Western,215.5245,0.06,54.55,0.0023278973897389735,6766,None,None,0.0
OUT_01342,Western,202.8139,0.06,51.52,0.002316990479817212,6767,None,None,0.0
OUT_03091,Western,111.7553,0.09,42.42,0.0023164387379087975,6768,None,None,0.0
OUT_00200,Western,537.0947000000001,0.02,45.45,0.002312571367061357,6769,None,None,0.0
OUT_04538,Western,103.30019999999999,0.07,30.3,0.0023102281150159747,6770,None,None,0.0
OUT_01670,Western,95.8322,0.09,36.36,0.002308591541755889,6771,None,None,0.0
OUT_08209,Western,200.35170000000002,0.05,42.42,0.0023071361123906038,6772,None,None,0.0
OUT_08805,Western,721.7330000000002,0.01,30.3,0.0023058562300319494,6773,None,None,0.0
OUT_05989,Western,93.0115,0.13,51.52,0.002302264851485148,6774,None,None,0.0
OUT_04855,Western,116.0767,0.11,54.55,0.0022985485148514857,6775,None,None,0.0
OUT_01493,Western,66.2371,0.14,39.39,0.002295913344887349,6776,None,None,0.0
OUT_04757,Western,126.07770000000001,0.09,48.48,0.002293248383185125,6777,None,None,0.0
OUT_02948,Western,90.5138,0.11,42.42,0.0022930718562874253,6778,None,None,0.0
OUT_06607,Western,124.38150000000002,0.08,42.42,0.0022916904652233996,6779,None,None,0.0
OUT_08239,Western,144.21609999999998,0.04,24.24,0.002285516640253566,6780,None,None,0.0
OUT_08366,Western,112.881,0.1,48.48,0.0022813459983831853,6781,None,None,0.0
OUT_08771,Western,160.74740000000003,0.07,48.48,0.0022741143896523857,6782,None,None,0.0
OUT_05145,Western,124.653,0.09,48.48,0.0022673342764753437,6783,None,None,0.0
OUT_04714,Western,434.80249999999995,0.04,75.76,0.002265776446065659,6784,None,None,0.0
OUT_05085,Western,157.09660000000002,0.08,54.55,0.0022624172817281734,6785,None,None,0.0
OUT_04614,Western,74.9232,0.14,45.45,0.0022581804090419807,6786,None,None,0.0
OUT_08009,Western,97.9782,0.1,42.42,0.0022565223399355137,6787,None,None,0.0
OUT_05528,Western,116.19930000000001,0.09,45.45,0.0022514396124865446,6788,None,None,0.0
OUT_00914,Western,243.52120000000002,0.04,42.42,0.002243401197604791,6789,None,None,0.0
OUT_03307,Western,100.6596,0.09,39.39,0.002242972022777915,6790,None,None,0.0
OUT_03214,Western,242.9561,0.04,42.42,0.0022381953017042836,6791,None,None,0.0
OUT_04975,Western,82.12190000000001,0.11,39.39,0.002236545927209706,6792,None,None,0.0
OUT_04633,Western,285.846,0.06,75.76,0.0022343355914538816,6793,None,None,0.0
OUT_08276,Western,83.7805,0.14,51.52,0.002233295887281036,6794,None,None,0.0
OUT_02720,Western,87.4287,0.18,69.7,0.002225907496463932,6795,None,None,0.0
OUT_02210,Western,104.79560000000001,0.06,27.27,0.0022241726211531653,6796,None,None,0.0
OUT_05643,Western,84.5571,0.13,48.48,0.0022215891269199675,6797,None,None,0.0
OUT_02188,Western,107.09140000000001,0.09,42.42,0.002219766467065868,6798,None,None,0.0
OUT_00749,Western,109.68110000000001,0.1,48.48,0.002216675424413905,6799,None,None,0.0
OUT_07336,Western,99.4571,0.11,48.48,0.002211051131770412,6800,None,None,0.0
OUT_04810,Western,239.79829999999998,0.04,42.42,0.002209104560110548,6801,None,None,0.0
OUT_03575,Western,431.0966,0.03,57.58,0.0022077326732673264,6802,None,None,0.0
OUT_05080,Western,164.7724,0.05,36.36,0.0022051980728051393,6803,None,None,0.0
OUT_06661,Western,77.8138,0.08,27.27,0.002202017686593562,6804,None,None,0.0
OUT_00230,Western,377.8693999999999,0.02,33.33,0.002201394698514419,6805,None,None,0.0
OUT_03352,Western,177.46890000000002,0.05,39.39,0.002196941074523397,6806,None,None,0.0
OUT_01098,Western,79.4496,0.12,42.42,0.0021957512666973744,6807,None,None,0.0
OUT_00314,Western,410.0024,0.02,36.36,0.002194873661670236,6808,None,None,0.0
OUT_02639,Western,51.247699999999995,0.16,36.36,0.002194762312633833,6809,None,None,0.0
OUT_05872,Western,104.7264,0.11,51.52,0.0021934318354912413,6810,None,None,0.0
OUT_06033,Western,815.6524,0.01,36.36,0.0021832237687366167,6811,None,None,0.0
OUT_07843,Western,76.98230000000001,0.14,48.48,0.002178157235246565,6812,None,None,0.0
OUT_01657,Western,97.86749999999999,0.11,48.48,0.002175712409054163,6813,None,None,0.0
OUT_08981,Western,63.904700000000005,0.22,63.64,0.002174974319306931,6814,None,None,0.0
OUT_04649,Western,120.7677,0.1,54.55,0.0021740360036003603,6815,None,None,0.0
OUT_03863,Western,445.65849999999995,0.03,60.61,0.0021700624898555424,6816,None,None,0.0
OUT_01677,Western,62.770999999999994,0.15,42.42,0.002168505297098111,6817,None,None,0.0
OUT_02793,Western,188.2491,0.05,42.42,0.0021677694610778443,6818,None,None,0.0
OUT_07442,Western,70.5387,0.18,57.58,0.002167457494025265,6819,None,None,0.0
OUT_02352,Western,218.8037,0.04,39.39,0.002166909631096806,6820,None,None,0.0
OUT_03483,Western,75.324,0.09,30.3,0.0021658658146964855,6821,None,None,0.0
OUT_01010,Western,167.4441,0.06,45.45,0.002162894725511302,6822,None,None,0.0
OUT_00667,Western,198.9976,0.07,63.64,0.0021549863861386144,6823,None,None,0.0
OUT_04625,Western,86.7718,0.07,27.27,0.002148576582950124,6824,None,None,0.0
OUT_08087,Western,75.57079999999999,0.14,48.48,0.0021382198868229586,6825,None,None,0.0
OUT_02868,Western,66.2908,0.14,42.42,0.0021374279134039617,6826,None,None,0.0
OUT_00418,Western,169.5224,0.07,54.55,0.0021361958595859593,6827,None,None,0.0
OUT_02732,Western,92.70930000000001,0.1,42.42,0.002135175034546292,6828,None,None,0.0
OUT_05722,Western,222.68539999999996,0.03,30.3,0.0021343648562300315,6829,None,None,0.0
OUT_01296,Western,134.5274,0.04,24.24,0.0021319714738510308,6830,None,None,0.0
OUT_05545,Western,231.37709999999998,0.04,42.42,0.002131525564256103,6831,None,None,0.0
OUT_08725,Western,66.1361,0.13,39.39,0.0021286687298836347,6832,None,None,0.0
OUT_07615,Western,179.85029999999998,0.08,66.67,0.0021262042263927882,6833,None,None,0.0
OUT_02659,Western,85.8563,0.13,51.52,0.0021251559405940593,6834,None,None,0.0
OUT_03608,Western,92.988,0.12,51.52,0.0021246306169078444,6835,None,None,0.0
OUT_07130,Western,111.5811,0.1,51.52,0.002124544935262757,6836,None,None,0.0
OUT_01743,Western,45.1391,0.19,39.39,0.002123404060410993,6837,None,None,0.0
OUT_05364,Western,92.1752,0.1,42.42,0.002122874251497006,6838,None,None,0.0
OUT_02534,Western,213.85319999999996,0.04,39.39,0.0021178826442188655,6839,None,None,0.0
OUT_05279,Western,53.3663,0.22,54.55,0.0021135168316831687,6840,None,None,0.0
OUT_07653,Western,83.3791,0.11,42.42,0.0021123217411331183,6841,None,None,0.0
OUT_08867,Western,61.03370000000001,0.15,42.42,0.0021084880239520963,6842,None,None,0.0
OUT_08396,Western,228.71550000000002,0.04,42.42,0.0021070059880239525,6843,None,None,0.0
OUT_00478,Western,180.79059999999998,0.04,33.33,0.002106502767258957,6844,None,None,0.0
OUT_03811,Western,65.52950000000001,0.12,36.36,0.002104801927194861,6845,None,None,0.0
OUT_04245,Western,220.94510000000002,0.05,51.52,0.00210343773800457,6846,None,None,0.0
OUT_03632,Western,97.36760000000001,0.12,54.55,0.0021033504950495052,6847,None,None,0.0
OUT_05601,Western,122.11349999999999,0.08,45.45,0.002103138858988159,6848,None,None,0.0
OUT_01630,Western,108.4245,0.09,45.45,0.0021007976318622172,6849,None,None,0.0
OUT_06564,Western,81.96889999999999,0.15,57.58,0.002098896381017412,6850,None,None,0.0
OUT_01836,Western,57.6777,0.18,48.48,0.002098218674211803,6851,None,None,0.0
OUT_08640,Western,166.4595,0.07,54.55,0.002097599459945995,6852,None,None,0.0
OUT_05886,Western,195.8262,0.04,36.36,0.0020966402569593152,6853,None,None,0.0
OUT_00095,Western,518.3484000000001,0.02,48.48,0.002095183508488279,6854,None,None,0.0
OUT_08221,Western,454.55469999999997,0.02,42.42,0.0020937572547213264,6855,None,None,0.0
OUT_05665,Western,108.8113,0.13,66.67,0.002090360425594798,6856,None,None,0.0
OUT_08410,Western,105.4147,0.05,24.24,0.0020882468304278924,6857,None,None,0.0
OUT_07350,Western,82.3982,0.11,42.42,0.0020874716720405344,6858,None,None,0.0
OUT_07712,Western,217.15140000000002,0.03,30.3,0.0020813233226837057,6859,None,None,0.0
OUT_01193,Western,51.86130000000001,0.21,51.52,0.0020736620335110433,6860,None,None,0.0
OUT_02507,Western,64.4179,0.13,39.39,0.002073366427333498,6861,None,None,0.0
OUT_04806,Western,85.3538,0.12,48.48,0.0020700194017784965,6862,None,None,0.0
OUT_01716,Western,835.3922000000002,0.01,39.39,0.002068314434265908,6863,None,None,0.0
OUT_01206,Western,89.71350000000001,0.1,42.42,0.002066179180101336,6864,None,None,0.0
OUT_04591,Western,84.7065,0.15,60.61,0.002062323486447005,6865,None,None,0.0
OUT_07374,Western,475.8303,0.02,45.45,0.002048784930032293,6866,None,None,0.0
OUT_04424,Western,227.53889999999998,0.05,54.55,0.002048054905490549,6867,None,None,0.0
OUT_05645,Western,253.3188,0.04,48.48,0.0020478480194017785,6868,None,None,0.0
OUT_08450,Western,86.0454,0.06,24.24,0.0020454532488114107,6869,None,None,0.0
OUT_05138,Western,83.3092,0.15,60.61,0.0020283038467781207,6870,None,None,0.0
OUT_08901,Western,124.8192,0.09,54.55,0.0020222732673267326,6871,None,None,0.0
OUT_02335,Western,97.2831,0.09,42.42,0.002016462229387379,6872,None,None,0.0
OUT_06117,Western,90.62389999999999,0.11,48.48,0.0020146784559417945,6873,None,None,0.0
OUT_03304,Western,86.18939999999999,0.08,33.33,0.0020084916982231285,6874,None,None,0.0
OUT_03205,Western,86.02369999999999,0.08,33.33,0.002004630352461404,6875,None,None,0.0
OUT_07851,Western,104.90469999999999,0.1,51.52,0.0019974238385376997,6876,None,None,0.0
OUT_00583,Western,92.11160000000001,0.14,63.64,0.001994991336633664,6877,None,None,0.0
OUT_00633,Western,462.78980000000007,0.02,45.45,0.0019926363832077506,6878,None,None,0.0
OUT_08890,Western,116.0815,0.09,51.52,0.0019892107768469153,6879,None,None,0.0
OUT_01020,Western,87.53179999999999,0.14,60.61,0.0019890361954228207,6880,None,None,0.0
OUT_08715,Western,74.2399,0.1,36.36,0.0019871493576017136,6881,None,None,0.0
OUT_01295,Western,254.1264,0.06,75.76,0.001986397081813444,6882,None,None,0.0
OUT_05294,Western,122.8362,0.08,48.48,0.001986033953112369,6883,None,None,0.0
OUT_01544,Western,122.15249999999999,0.11,66.67,0.0019856324811585637,6884,None,None,0.0
OUT_06562,Western,98.3962,0.13,63.64,0.001978883972772277,6885,None,None,0.0
OUT_00887,Western,74.20729999999999,0.14,51.52,0.0019781077684691544,6886,None,None,0.0
OUT_07990,Western,103.11510000000001,0.06,30.3,0.001976647284345048,6887,None,None,0.0
OUT_04168,Western,77.9846,0.11,42.42,0.0019756577614002766,6888,None,None,0.0
OUT_02273,Western,133.4962,0.1,66.67,0.0019727530663514107,6889,None,None,0.0
OUT_00526,Western,225.7065,0.03,33.33,0.001972384212059423,6890,None,None,0.0
OUT_07846,Western,171.2247,0.05,42.42,0.0019717261630584986,6891,None,None,0.0
OUT_01368,Western,83.23310000000001,0.16,66.67,0.00196797635584454,6892,None,None,0.0
OUT_08599,Western,91.04560000000001,0.12,54.55,0.0019667816381638164,6893,None,None,0.0
OUT_05602,Western,91.6831,0.08,36.36,0.001963235546038544,6894,None,None,0.0
OUT_03135,Western,95.46539999999999,0.17,81.82,0.0019595650808983335,6895,None,None,0.0
OUT_07754,Western,95.80789999999999,0.07,33.33,0.0019535546169531025,6896,None,None,0.0
OUT_04089,Western,72.27090000000001,0.15,54.55,0.001951509450945095,6897,None,None,0.0
OUT_07109,Western,121.43359999999998,0.06,36.36,0.0019502184154175583,6898,None,None,0.0
OUT_00150,Western,452.2742,0.02,45.45,0.0019473593110871906,6899,None,None,0.0
OUT_08718,Western,93.93260000000001,0.09,42.42,0.0019470138185168125,6900,None,None,0.0
OUT_02728,Western,496.48030000000006,0.03,75.76,0.0019403867899947887,6901,None,None,0.0
OUT_03992,Western,168.2304,0.05,42.42,0.001937245508982036,6902,None,None,0.0
OUT_05106,Western,99.9032,0.09,45.45,0.001935691711517761,6903,None,None,0.0
OUT_06316,Western,224.35249999999996,0.04,45.45,0.001931991388589881,6904,None,None,0.0
OUT_04379,Western,110.42070000000001,0.06,33.33,0.001929869501893388,6905,None,None,0.0
OUT_06841,Western,187.77360000000002,0.06,57.58,0.0019232529873677022,6906,None,None,0.0
OUT_00791,Western,776.3196,0.01,39.39,0.0019220589254766035,6907,None,None,0.0
OUT_08291,Western,90.2678,0.06,27.27,0.0019158358684117434,6908,None,None,0.0
OUT_06959,Western,103.1925,0.12,63.64,0.0019157023514851483,6909,None,None,0.0
OUT_05228,Western,80.51769999999999,0.06,24.24,0.0019140499207606972,6910,None,None,0.0
OUT_02419,Western,132.7185,0.08,54.55,0.0019113375337533756,6911,None,None,0.0
OUT_07409,Western,75.6513,0.14,54.55,0.0019066034203420346,6912,None,None,0.0
OUT_03858,Western,75.2581,0.11,42.42,0.0019065847535697834,6913,None,None,0.0
OUT_01187,Western,130.84029999999998,0.05,33.33,0.0019056262743955723,6914,None,None,0.0
OUT_08164,Western,118.14710000000001,0.07,42.42,0.0019047206356517736,6915,None,None,0.0
OUT_01524,Western,166.685,0.06,51.52,0.0019042460015232289,6916,None,None,0.0
OUT_01849,Western,96.1432,0.11,54.55,0.0019038257425742573,6917,None,None,0.0
OUT_05257,Western,537.9845,0.01,27.27,0.0019030226388397594,6918,None,None,0.0
OUT_01565,Western,148.8159,0.04,30.3,0.0019018006389776357,6919,None,None,0.0
OUT_03053,Western,290.74490000000003,0.04,60.61,0.0018876474598279501,6920,None,None,0.0
OUT_06222,Western,116.7379,0.07,42.42,0.001882002072777522,6921,None,None,0.0
OUT_06348,Western,174.56879999999995,0.05,45.45,0.0018791044133476852,6922,None,None,0.0
OUT_04327,Western,78.3922,0.14,57.58,0.0018734906111300786,6923,None,None,0.0
OUT_03553,Western,84.0696,0.09,39.39,0.0018733013122059913,6924,None,None,0.0
OUT_04210,Western,185.26850000000002,0.05,48.48,0.0018721554163298305,6925,None,None,0.0
OUT_06530,Western,132.31789999999998,0.07,48.48,0.001871918552950687,6926,None,None,0.0
OUT_01722,Western,92.3055,0.1,48.48,0.0018655113177041228,6927,None,None,0.0
OUT_02572,Western,83.4805,0.09,39.39,0.0018601745481554841,6928,None,None,0.0
OUT_00760,Western,77.6205,0.14,57.58,0.001855047797883237,6929,None,None,0.0
OUT_01138,Western,205.1764,0.02,21.21,0.0018476037820801439,6930,None,None,0.0
OUT_07794,Western,72.01100000000001,0.15,57.58,0.001843914305223626,6931,None,None,0.0
OUT_04674,Western,107.9387,0.1,57.58,0.0018425862068965518,6932,None,None,0.0
OUT_02881,Western,80.5757,0.12,51.52,0.0018410289413556737,6933,None,None,0.0
OUT_02678,Western,70.0062,0.09,33.33,0.0018352921642877953,6934,None,None,0.0
OUT_08482,Western,214.98000000000002,0.05,57.58,0.001834926596107887,6935,None,None,0.0
OUT_08432,Western,740.9446,0.01,39.39,0.0018344753651894034,6936,None,None,0.0
OUT_03007,Western,97.6594,0.11,57.58,0.001833822806418573,6937,None,None,0.0
OUT_01337,Western,115.5461,0.04,24.24,0.0018311584786053884,6938,None,None,0.0
OUT_00249,Western,480.77250000000004,0.02,51.52,0.0018308168316831686,6939,None,None,0.0
OUT_01941,Western,203.24220000000003,0.05,54.55,0.0018293627362736277,6940,None,None,0.0
OUT_00752,Western,92.2329,0.08,39.39,0.0018268462490715525,6941,None,None,0.0
OUT_06971,Western,86.467,0.13,60.61,0.0018244944002596979,6942,None,None,0.0
OUT_03683,Western,102.907,0.05,27.27,0.0018200742836929605,6943,None,None,0.0
OUT_03531,Western,168.88410000000002,0.05,45.45,0.0018179128094725511,6944,None,None,0.0
OUT_03275,Western,79.9093,0.14,60.61,0.0018158256776497324,6945,None,None,0.0
OUT_01604,Western,105.3888,0.08,45.45,0.0018150923573735198,6946,None,None,0.0
OUT_02585,Western,66.5495,0.11,39.39,0.0018124399603862344,6947,None,None,0.0
OUT_06330,Western,64.7299,0.13,45.45,0.0018116010764262645,6948,None,None,0.0
OUT_03990,Western,73.071,0.16,63.64,0.0018086881188118813,6949,None,None,0.0
OUT_05830,Western,210.00190000000003,0.04,45.45,0.001808412486544672,6950,None,None,0.0
OUT_06776,Western,105.8926,0.1,57.58,0.0018076579037214066,6951,None,None,0.0
OUT_04303,Western,89.8535,0.13,63.64,0.0018070784344059404,6952,None,None,0.0
OUT_02171,Western,93.1935,0.09,45.45,0.0018056867599569426,6953,None,None,0.0
OUT_02332,Western,127.60849999999999,0.1,69.7,0.0018049292786421495,6954,None,None,0.0
OUT_01192,Western,78.3499,0.1,42.42,0.0018044656840165822,6955,None,None,0.0
OUT_00901,Western,105.52709999999999,0.1,57.58,0.001801418572891772,6956,None,None,0.0
OUT_05827,Western,88.7504,0.1,48.48,0.0017936620856911884,6957,None,None,0.0
OUT_08927,Western,153.8795,0.04,33.33,0.0017929449461112732,6958,None,None,0.0
OUT_01720,Western,101.0011,0.12,66.67,0.0017910642825476573,6959,None,None,0.0
OUT_07441,Western,86.5702,0.14,66.67,0.0017910193586522833,6960,None,None,0.0
OUT_05000,Western,88.5143,0.1,48.48,0.0017888904607922394,6961,None,None,0.0
OUT_06659,Western,87.3257,0.12,57.58,0.0017888501194947078,6962,None,None,0.0
OUT_04786,Western,294.38759999999996,0.03,48.48,0.0017848884397736456,6963,None,None,0.0
OUT_06338,Western,94.89519999999999,0.11,57.58,0.001781917377944691,6964,None,None,0.0
OUT_08365,Western,64.44500000000001,0.12,42.42,0.0017810686319668354,6965,None,None,0.0
OUT_05583,Western,111.48740000000001,0.05,30.3,0.0017809488817891374,6966,None,None,0.0
OUT_08551,Western,109.8051,0.08,48.48,0.0017753451899757478,6967,None,None,0.0
OUT_03943,Western,82.44640000000001,0.1,45.45,0.0017749494079655546,6968,None,None,0.0
OUT_02908,Western,89.56209999999999,0.08,39.39,0.0017739460262441197,6969,None,None,0.0
OUT_03151,Western,121.5358,0.05,33.33,0.0017701106903582873,6970,None,None,0.0
OUT_05207,Western,196.31810000000002,0.05,54.55,0.0017670396039603962,6971,None,None,0.0
OUT_05858,Western,102.59150000000001,0.08,45.45,0.0017669149623250808,6972,None,None,0.0
OUT_01260,Western,83.2078,0.06,27.27,0.0017659950477538025,6973,None,None,0.0
OUT_05818,Western,205.0521,0.04,45.45,0.0017657877287405811,6974,None,None,0.0
OUT_04916,Western,89.0128,0.08,39.39,0.0017630661054716516,6975,None,None,0.0
OUT_00599,Western,67.2388,0.09,33.33,0.0017627416254005243,6976,None,None,0.0
OUT_08897,Western,215.93820000000002,0.06,72.73,0.001757261901532619,6977,None,None,0.0
OUT_03865,Western,93.7492,0.07,36.36,0.0017565428265524628,6978,None,None,0.0
OUT_00544,Western,70.8681,0.07,27.27,0.0017547813937035727,6979,None,None,0.0
OUT_00409,Western,271.1836,0.03,45.45,0.0017514548977395046,6980,None,None,0.0
OUT_04639,Western,93.17429999999999,0.11,57.58,0.0017496027654489584,6981,None,None,0.0
OUT_05964,Western,85.7728,0.07,33.33,0.001748935624817944,6982,None,None,0.0
OUT_01691,Western,810.6623,0.01,45.45,0.00174523638320775,6983,None,None,0.0
OUT_04527,Western,90.0701,0.09,45.45,0.0017451687836383203,6984,None,None,0.0
OUT_01057,Western,68.82029999999999,0.11,42.42,0.0017434898664210041,6985,None,None,0.0
OUT_07405,Western,75.67099999999999,0.1,42.42,0.0017427683095347763,6986,None,None,0.0
OUT_03692,Western,107.1798,0.1,60.61,0.0017396494075637072,6987,None,None,0.0
OUT_07242,Western,70.2776,0.13,51.52,0.0017395445544554455,6988,None,None,0.0
OUT_01704,Western,228.30339999999998,0.04,51.52,0.0017387920792079205,6989,None,None,0.0
OUT_08379,Western,89.7392,0.09,45.45,0.0017387573735199136,6990,None,None,0.0
OUT_05260,Western,159.2396,0.07,63.64,0.0017244387376237626,6991,None,None,0.0
OUT_04935,Western,75.3347,0.12,51.52,0.001721280274181264,6992,None,None,0.0
OUT_03820,Western,76.7396,0.07,30.3,0.0017162210862619808,6993,None,None,0.0
OUT_03704,Western,123.18910000000001,0.09,63.64,0.001715194771039604,6994,None,None,0.0
OUT_04155,Western,423.35549999999995,0.02,48.48,0.0017112186742118027,6995,None,None,0.0
OUT_02869,Western,84.9851,0.13,63.64,0.0017091681621287129,6996,None,None,0.0
OUT_00793,Western,137.8799,0.02,15.15,0.0017074910216718269,6997,None,None,0.0
OUT_08492,Western,264.28110000000004,0.03,45.45,0.001706874703982777,6998,None,None,0.0
OUT_01927,Western,171.9209,0.04,39.39,0.0017026085664768509,6999,None,None,0.0
OUT_04235,Western,120.2797,0.07,48.48,0.0017016125707356511,7000,None,None,0.0
OUT_05480,Western,82.0853,0.09,42.42,0.001701445647167204,7001,None,None,0.0
OUT_08679,Western,197.1867,0.04,45.45,0.0016980555435952636,7002,None,None,0.0
OUT_06964,Western,88.9964,0.1,51.52,0.0016945239908606243,7003,None,None,0.0
OUT_01418,Western,183.72320000000002,0.04,42.42,0.0016925214187010597,7004,None,None,0.0
OUT_03777,Western,66.5963,0.11,42.42,0.0016871471672040533,7005,None,None,0.0
OUT_02418,Western,346.3449,0.03,60.61,0.0016864708651192985,7006,None,None,0.0
OUT_00500,Western,73.6634,0.12,51.52,0.0016830936785986288,7007,None,None,0.0
OUT_04832,Western,246.35590000000002,0.04,57.58,0.0016821843632639126,7008,None,None,0.0
OUT_06000,Western,84.8773,0.08,39.39,0.0016811547412725924,7009,None,None,0.0
OUT_03703,Western,182.30130000000003,0.04,42.42,0.0016794223859972366,7010,None,None,0.0
OUT_03976,Western,146.9193,0.06,51.52,0.0016784383092155366,7011,None,None,0.0
OUT_00710,Western,169.2999,0.04,39.39,0.0016766516464471407,7012,None,None,0.0
OUT_03726,Western,165.594,0.05,48.48,0.0016733427647534357,7013,None,None,0.0
OUT_08720,Western,82.7058,0.1,48.48,0.0016714995957962811,7014,None,None,0.0
OUT_08250,Western,94.4499,0.05,27.27,0.0016704969932790944,7015,None,None,0.0
OUT_02726,Western,97.6242,0.1,57.58,0.0016665107545237284,7016,None,None,0.0
OUT_07611,Western,241.17780000000002,0.03,42.42,0.001666359742054353,7017,None,None,0.0
OUT_02453,Western,90.21340000000001,0.08,42.42,0.0016621538461538462,7018,None,None,0.0
OUT_01179,Western,155.17680000000001,0.04,36.36,0.0016614218415417562,7019,None,None,0.0
OUT_05043,Western,83.5877,0.08,39.39,0.0016556117850953205,7020,None,None,0.0
OUT_03760,Western,216.6045,0.04,51.52,0.0016496915460776846,7021,None,None,0.0
OUT_03054,Western,81.568,0.1,48.48,0.0016485044462409054,7022,None,None,0.0
OUT_05501,Western,531.1406,0.02,63.64,0.0016433805693069306,7023,None,None,0.0
OUT_00162,Western,463.2512,0.01,27.27,0.0016386671383091613,7024,None,None,0.0
OUT_00806,Western,70.20660000000001,0.08,33.33,0.0016360407806583167,7025,None,None,0.0
OUT_03188,Western,110.05210000000001,0.06,39.39,0.0016348417925229016,7026,None,None,0.0
OUT_02978,Western,252.7152,0.03,45.45,0.0016321756727664155,7027,None,None,0.0
OUT_03159,Western,92.1689,0.05,27.27,0.00163015387336399,7028,None,None,0.0
OUT_03269,Western,150.0905,0.08,72.73,0.0016285419774854197,7029,None,None,0.0
OUT_08575,Western,153.439,0.03,27.27,0.0016282879377431904,7030,None,None,0.0
OUT_01724,Western,79.1759,0.12,57.58,0.0016219030385797198,7031,None,None,0.0
OUT_01818,Western,119.15969999999999,0.1,72.73,0.0016161630272616301,7032,None,None,0.0
OUT_07555,Western,70.1282,0.1,42.42,0.0016151128512206356,7033,None,None,0.0
OUT_04079,Western,77.7776,0.09,42.42,0.0016121566098572088,7034,None,None,0.0
OUT_01566,Western,117.7572,0.08,57.58,0.0016081556845339705,7035,None,None,0.0
OUT_07247,Western,186.5209,0.04,45.45,0.0016062079655543597,7036,None,None,0.0
OUT_05288,Western,66.7774,0.17,69.7,0.0016056800565770863,7037,None,None,0.0
OUT_08385,Western,107.9497,0.06,39.39,0.0016036102995791036,7038,None,None,0.0
OUT_04359,Western,692.5369000000001,0.01,42.42,0.0015949721326577616,7039,None,None,0.0
OUT_02899,Western,109.0478,0.09,60.61,0.00159297224476546,7040,None,None,0.0
OUT_07964,Western,80.4016,0.05,24.24,0.0015927416798732174,7041,None,None,0.0
OUT_01611,Western,80.2598,0.11,54.55,0.00158930297029703,7042,None,None,0.0
OUT_06459,Western,51.327,0.19,60.61,0.0015828810258074987,7043,None,None,0.0
OUT_01160,Western,66.5445,0.11,45.45,0.0015758654467168997,7044,None,None,0.0
OUT_05477,Western,75.2394,0.11,51.52,0.0015758442498095963,7045,None,None,0.0
OUT_02117,Western,68.3861,0.1,42.42,0.0015749907876554583,7046,None,None,0.0
OUT_03522,Western,90.7655,0.07,39.39,0.0015730589254766033,7047,None,None,0.0
OUT_06145,Western,195.60690000000002,0.03,36.36,0.0015707192184154176,7048,None,None,0.0
OUT_07134,Western,100.4147,0.03,18.18,0.0015706157455683,7049,None,None,0.0
OUT_07828,Western,90.9075,0.08,45.45,0.0015656835306781483,7050,None,None,0.0
OUT_07691,Western,96.828,0.08,48.48,0.0015655295068714632,7051,None,None,0.0
OUT_01039,Western,434.5544,0.02,54.55,0.001564552295229523,7052,None,None,0.0
OUT_07007,Western,228.9712,0.04,57.58,0.0015634769545920112,7053,None,None,0.0
OUT_06240,Western,81.3131,0.13,66.67,0.0015620959066055858,7054,None,None,0.0
OUT_04080,Western,125.9821,0.05,39.39,0.0015595704382272842,7055,None,None,0.0
OUT_08608,Western,192.8165,0.04,48.48,0.0015587429264349232,7056,None,None,0.0
OUT_00574,Western,204.45600000000002,0.04,51.52,0.0015571667936024373,7057,None,None,0.0
OUT_08684,Western,95.4016,0.1,60.61,0.001548475896770005,7058,None,None,0.0
OUT_01079,Western,453.3493,0.02,57.58,0.0015477954933424377,7059,None,None,0.0
OUT_06040,Western,135.3871,0.06,51.52,0.001546691926884996,7060,None,None,0.0
OUT_07646,Western,202.856,0.04,51.52,0.001544980959634425,7061,None,None,0.0
OUT_04693,Western,80.54329999999999,0.06,30.3,0.001543961022364217,7062,None,None,0.0
OUT_01646,Western,101.3065,0.08,51.52,0.001543130236100533,7063,None,None,0.0
OUT_04024,Western,73.21249999999999,0.11,51.52,0.0015333920411271895,7064,None,None,0.0
OUT_02039,Western,71.38130000000001,0.08,36.36,0.0015285074946466812,7065,None,None,0.0
OUT_07435,Western,102.8865,0.06,39.39,0.0015283956424857637,7066,None,None,0.0
OUT_06306,Western,58.075199999999995,0.17,63.64,0.00152734900990099,7067,None,None,0.0
OUT_07799,Western,87.0755,0.07,39.39,0.0015091074523396883,7068,None,None,0.0
OUT_03034,Western,62.18979999999999,0.12,48.48,0.0015082409054163295,7069,None,None,0.0
OUT_06335,Western,74.6177,0.1,48.48,0.0015080375909458366,7070,None,None,0.0
OUT_03752,Western,58.9866,0.08,30.3,0.001507644728434505,7071,None,None,0.0
OUT_08628,Western,86.1747,0.06,33.33,0.0015061118555199534,7072,None,None,0.0
OUT_07180,Western,63.34960000000001,0.06,24.24,0.0015059334389857372,7073,None,None,0.0
OUT_03546,Western,80.26469999999999,0.07,36.36,0.0015038889186295503,7074,None,None,0.0
OUT_00520,Western,72.4775,0.09,42.42,0.0015022973284200829,7075,None,None,0.0
OUT_00785,Western,232.5258,0.03,45.45,0.0015017812701829923,7076,None,None,0.0
OUT_05441,Western,83.35379999999999,0.1,54.55,0.0015005184518451845,7077,None,None,0.0
OUT_04883,Western,92.2827,0.1,60.61,0.0014978526213277066,7078,None,None,0.0
OUT_07292,Western,151.2038,0.04,39.39,0.0014974379796979453,7079,None,None,0.0
OUT_00885,Western,261.7112,0.03,51.52,0.0014949230769230768,7080,None,None,0.0
OUT_08027,Western,120.4943,0.05,39.39,0.0014916353057687548,7081,None,None,0.0
OUT_02976,Western,92.2157,0.08,48.48,0.0014909571544058206,7082,None,None,0.0
OUT_03051,Western,105.2518,0.04,27.27,0.0014892366466218606,7083,None,None,0.0
OUT_06619,Western,96.9065,0.09,57.58,0.0014888332195288495,7084,None,None,0.0
OUT_05169,Western,64.5895,0.1,42.42,0.001487551819438047,7085,None,None,0.0
OUT_04838,Western,65.392,0.14,60.61,0.001485940594059406,7086,None,None,0.0
OUT_01080,Western,214.97510000000003,0.03,42.42,0.001485318516812529,7087,None,None,0.0
OUT_07384,Western,79.1651,0.07,36.36,0.0014832861349036405,7088,None,None,0.0
OUT_05172,Western,71.14880000000001,0.09,42.42,0.0014747563334868725,7089,None,None,0.0
OUT_02799,Western,59.44729999999999,0.1,39.39,0.001471832136667492,7090,None,None,0.0
OUT_04019,Western,78.446,0.07,36.36,0.0014698126338329768,7091,None,None,0.0
OUT_03153,Western,173.54459999999997,0.07,81.82,0.0014668101907751752,7092,None,None,0.0
OUT_08946,Western,473.79679999999996,0.02,63.64,0.0014659554455445545,7093,None,None,0.0
OUT_06748,Western,79.5543,0.08,42.42,0.0014657632427452784,7094,None,None,0.0
OUT_02189,Western,97.1063,0.12,78.79,0.0014604281238250404,7095,None,None,0.0
OUT_01933,Western,52.82470000000001,0.17,60.61,0.001457587891576043,7096,None,None,0.0
OUT_01091,Western,73.3345,0.08,39.39,0.001452527853429067,7097,None,None,0.0
OUT_00854,Western,201.47029999999998,0.04,54.55,0.0014507312331233123,7098,None,None,0.0
OUT_03177,Western,60.19069999999999,0.09,36.36,0.0014499900963597428,7099,None,None,0.0
OUT_06605,Western,119.04100000000001,0.06,48.48,0.0014435044462409055,7100,None,None,0.0
OUT_08755,Western,47.7328,0.14,45.45,0.0014386635091496233,7101,None,None,0.0
OUT_02071,Western,120.28209999999999,0.07,57.58,0.0014373074428132467,7102,None,None,0.0
OUT_06644,Western,89.0692,0.06,36.36,0.0014304475374732333,7103,None,None,0.0
OUT_04400,Western,534.4148,0.01,36.36,0.001430446466809422,7104,None,None,0.0
OUT_06762,Western,113.0968,0.07,54.55,0.0014251621962196224,7105,None,None,0.0
OUT_04716,Western,191.5784,0.03,39.39,0.0014229641000247585,7106,None,None,0.0
OUT_08416,Western,81.3897,0.06,33.33,0.001422482376929799,7107,None,None,0.0
OUT_07146,Western,71.8027,0.14,69.7,0.0014218356435643567,7108,None,None,0.0
OUT_03473,Western,87.54899999999999,0.09,54.55,0.0014184356435643563,7109,None,None,0.0
OUT_07710,Western,114.49529999999999,0.05,39.39,0.0014173718742262935,7110,None,None,0.0
OUT_04431,Western,95.34290000000001,0.06,39.39,0.0014163342411487993,7111,None,None,0.0
OUT_01590,Western,89.26159999999999,0.04,24.24,0.0014146053882725831,7112,None,None,0.0
OUT_01014,Western,157.0217,0.05,54.55,0.0014133366336633664,7113,None,None,0.0
OUT_01399,Western,92.5124,0.08,51.52,0.0014091759329779132,7114,None,None,0.0
OUT_05320,Western,220.16420000000002,0.02,30.3,0.0014068000000000002,7115,None,None,0.0
OUT_01537,Western,80.4832,0.06,33.33,0.0014066390911739001,7116,None,None,0.0
OUT_05330,Western,97.6268,0.08,54.55,0.0014059665166516653,7117,None,None,0.0
OUT_06513,Western,70.9662,0.08,39.39,0.0014056192126764052,7118,None,None,0.0
OUT_05273,Western,117.61840000000001,0.07,57.58,0.0014054776374189146,7119,None,None,0.0
OUT_00203,Western,474.53239999999994,0.02,66.67,0.0014024897295699715,7120,None,None,0.0
OUT_04202,Western,130.9697,0.03,27.27,0.0013898447117085245,7121,None,None,0.0
OUT_03461,Western,85.4004,0.09,54.55,0.0013836248424842486,7122,None,None,0.0
OUT_03472,Western,111.75489999999999,0.05,39.39,0.0013834476355533546,7123,None,None,0.0
OUT_07651,Western,61.8551,0.07,30.3,0.0013833408945686902,7124,None,None,0.0
OUT_07420,Western,269.9522,0.03,57.58,0.0013824796858996245,7125,None,None,0.0
OUT_01529,Western,106.983,0.06,45.45,0.001381911733046286,7126,None,None,0.0
OUT_08898,Western,600.02,0.01,42.42,0.0013818977429755873,7127,None,None,0.0
OUT_04765,Western,203.7173,0.05,72.73,0.0013815088837650887,7128,None,None,0.0
OUT_08534,Western,80.90599999999999,0.1,57.58,0.001381119836121543,7129,None,None,0.0
OUT_00766,Western,80.3883,0.09,51.52,0.0013775603579588727,7130,None,None,0.0
OUT_01365,Western,118.03499999999998,0.04,33.33,0.0013752985726769589,7131,None,None,0.0
OUT_06486,Western,74.4956,0.08,42.42,0.0013725582680792262,7132,None,None,0.0
OUT_03430,Western,190.2013,0.04,54.55,0.0013695863186318632,7133,None,None,0.0
OUT_00949,Western,73.72789999999999,0.12,63.64,0.0013687110148514847,7134,None,None,0.0
OUT_00487,Western,78.82939999999999,0.07,39.39,0.0013661941074523398,7135,None,None,0.0
OUT_01871,Western,83.9821,0.1,60.61,0.0013631244927771466,7136,None,None,0.0
OUT_06470,Western,78.4328,0.07,39.39,0.0013593206239168112,7137,None,None,0.0
OUT_03879,Western,113.66840000000002,0.03,24.24,0.0013510507131537246,7138,None,None,0.0
OUT_07631,Western,135.7019,0.04,39.39,0.0013439158207477098,7139,None,None,0.0
OUT_01017,Western,123.8453,0.07,63.64,0.0013411465037128714,7140,None,None,0.0
OUT_07158,Western,103.75919999999999,0.06,45.45,0.0013402695371367058,7141,None,None,0.0
OUT_08111,Western,165.1431,0.04,48.48,0.0013350291026677447,7142,None,None,0.0
OUT_03022,Western,109.916,0.06,48.48,0.00133285367825384,7143,None,None,0.0
OUT_07164,Western,76.84649999999999,0.07,39.39,0.0013318284228769498,7144,None,None,0.0
OUT_05764,Western,206.12560000000002,0.03,45.45,0.001331274058127018,7145,None,None,0.0
OUT_07755,Western,233.0294,0.03,51.52,0.0013310894897182025,7146,None,None,0.0
OUT_05212,Western,85.7684,0.1,63.64,0.0013268626237623762,7147,None,None,0.0
OUT_06547,Western,82.03219999999999,0.08,48.48,0.0013263088116410669,7148,None,None,0.0
OUT_01952,Western,93.7245,0.07,48.48,0.001325932700080841,7149,None,None,0.0
OUT_08420,Western,122.27969999999999,0.07,63.64,0.0013241922957920793,7150,None,None,0.0
OUT_00835,Western,226.4833,0.02,33.33,0.0013194482959510633,7151,None,None,0.0
OUT_07022,Western,95.42349999999999,0.06,42.42,0.0013186112390603404,7152,None,None,0.0
OUT_02709,Western,81.4948,0.08,48.48,0.0013176200485044464,7153,None,None,0.0
OUT_07159,Western,106.39129999999999,0.05,39.39,0.0013170500123793017,7154,None,None,0.0
OUT_03026,Western,101.8623,0.06,45.45,0.001315767061356297,7155,None,None,0.0
OUT_05388,Western,101.6923,0.06,45.45,0.0013135711517761031,7156,None,None,0.0
OUT_02891,Western,69.89829999999999,0.11,57.58,0.001312532092864459,7157,None,None,0.0
OUT_08390,Western,176.1161,0.03,39.39,0.0013081166130230254,7158,None,None,0.0
OUT_05474,Western,85.8809,0.07,45.45,0.001294222389666308,7159,None,None,0.0
OUT_07657,Western,80.1212,0.07,42.42,0.001291682174113312,7160,None,None,0.0
OUT_08561,Western,173.4361,0.03,39.39,0.0012882106957167617,7161,None,None,0.0
OUT_01229,Western,96.1343,0.05,36.36,0.0012865939507494646,7162,None,None,0.0
OUT_05880,Western,103.887,0.02,15.15,0.0012865263157894739,7163,None,None,0.0
OUT_00543,Western,74.8567,0.09,51.52,0.0012827690403655748,7164,None,None,0.0
OUT_03612,Western,103.3672,0.05,39.39,0.0012796137657836097,7165,None,None,0.0
OUT_08386,Western,185.1057,0.03,42.42,0.001278943113772455,7166,None,None,0.0
OUT_06919,Western,90.2535,0.1,69.7,0.0012765700141442716,7167,None,None,0.0
OUT_01515,Western,67.8788,0.11,57.58,0.0012746104472516216,7168,None,None,0.0
OUT_07675,Western,104.8562,0.06,48.48,0.0012714979789814065,7169,None,None,0.0
OUT_06463,Western,133.11090000000002,0.05,51.52,0.001267240099009901,7170,None,None,0.0
OUT_01271,Western,78.1149,0.07,42.42,0.0012593374021188394,7171,None,None,0.0
OUT_08286,Western,164.78189999999998,0.01,12.12,0.0012559596036585366,7172,None,None,0.0
OUT_04323,Western,101.1515,0.05,39.39,0.0012521849467690023,7173,None,None,0.0
OUT_05798,Western,206.06980000000001,0.03,48.48,0.0012494126919967664,7174,None,None,0.0
OUT_08918,Western,195.17019999999997,0.02,30.3,0.0012470939297124597,7175,None,None,0.0
OUT_04976,Western,72.4026,0.08,45.45,0.0012469769644779334,7176,None,None,0.0
OUT_08627,Western,106.8707,0.04,33.33,0.0012452164287794932,7177,None,None,0.0
OUT_08189,Western,80.7538,0.09,57.58,0.001240669511778764,7178,None,None,0.0
OUT_04223,Western,80.6301,0.09,57.58,0.0012387690337999316,7179,None,None,0.0
OUT_05873,Western,179.1393,0.03,42.42,0.001237719714417319,7180,None,None,0.0
OUT_06034,Western,153.75830000000002,0.03,36.36,0.0012346758565310494,7181,None,None,0.0
OUT_01318,Western,89.0026,0.06,42.42,0.0012298839244587745,7182,None,None,0.0
OUT_04834,Western,94.6166,0.08,60.61,0.0012285875669534167,7183,None,None,0.0
OUT_06668,Western,169.47179999999997,0.06,81.82,0.0012277599613619897,7184,None,None,0.0
OUT_06947,Western,132.8851,0.04,42.42,0.0012241833256563795,7185,None,None,0.0
OUT_04753,Western,160.58120000000002,0.04,51.52,0.001223009900990099,7186,None,None,0.0
OUT_04608,Western,100.711,0.06,48.48,0.0012212328213419563,7187,None,None,0.0
OUT_02309,Western,65.00809999999998,0.11,57.58,0.0012207051894844653,7188,None,None,0.0
OUT_07110,Western,132.09140000000002,0.04,42.42,0.0012168714877936438,7189,None,None,0.0
OUT_07676,Western,140.96609999999998,0.04,45.45,0.0012139168998923572,7190,None,None,0.0
OUT_04978,Western,226.18109999999996,0.02,36.36,0.0012108195931477515,7191,None,None,0.0
OUT_01727,Western,87.3054,0.06,42.42,0.0012064311377245507,7192,None,None,0.0
OUT_00906,Western,450.289,0.01,36.36,0.0012052703426124198,7193,None,None,0.0
OUT_04243,Western,85.05789999999999,0.04,27.27,0.0012035076052352314,7194,None,None,0.0
OUT_01097,Western,212.62170000000003,0.04,69.7,0.0012029516265912308,7195,None,None,0.0
OUT_01109,Western,224.31539999999998,0.02,36.36,0.0012008319057815846,7196,None,None,0.0
OUT_03123,Western,84.5031,0.07,48.48,0.0011954763540824578,7197,None,None,0.0
OUT_01249,Western,76.82560000000001,0.11,69.7,0.0011953063649222065,7198,None,None,0.0
OUT_07824,Western,73.7823,0.07,42.42,0.0011894889451865502,7199,None,None,0.0
OUT_00744,Western,146.9244,0.04,48.48,0.0011877477768795473,7200,None,None,0.0
OUT_04297,Western,73.797,0.06,36.36,0.0011851766595289079,7201,None,None,0.0
OUT_04014,Western,72.554,0.11,66.67,0.0011793911629968967,7202,None,None,0.0
OUT_07541,Western,73.0127,0.07,42.42,0.0011770817595578075,7203,None,None,0.0
OUT_07429,Western,163.3102,0.04,54.55,0.0011759510351035105,7204,None,None,0.0
OUT_03747,Western,98.11410000000001,0.07,57.58,0.0011724115739160125,7205,None,None,0.0
OUT_02764,Western,81.3991,0.08,54.55,0.0011722642664266428,7206,None,None,0.0
OUT_01663,Western,72.2411,0.08,48.48,0.0011680048504446243,7207,None,None,0.0
OUT_05875,Western,192.5837,0.03,48.48,0.001167645715440582,7208,None,None,0.0
OUT_06715,Western,67.3416,0.07,39.39,0.001167098786828423,7209,None,None,0.0
OUT_06496,Western,215.77710000000002,0.03,54.55,0.0011653128712871288,7210,None,None,0.0
OUT_04759,Western,67.8047,0.1,57.58,0.0011574718333902355,7211,None,None,0.0
OUT_04542,Western,100.1621,0.05,42.42,0.0011534097190234916,7212,None,None,0.0
OUT_08354,Western,107.2424,0.04,36.36,0.0011482055674518204,7213,None,None,0.0
OUT_00560,Western,196.261,0.02,33.33,0.0011433789688319255,7214,None,None,0.0
OUT_03908,Western,100.5893,0.07,60.61,0.0011428746956662881,7215,None,None,0.0
OUT_00270,Western,599.6643999999999,0.01,51.52,0.0011417829398324445,7216,None,None,0.0
OUT_05516,Western,191.4236,0.04,66.67,0.0011315123392936308,7217,None,None,0.0
OUT_02769,Western,105.61529999999999,0.04,36.36,0.0011307847965738758,7218,None,None,0.0
OUT_00492,Western,522.8489,0.01,45.45,0.0011256165769644778,7219,None,None,0.0
OUT_07941,Western,207.7823,0.03,54.55,0.0011221366336633663,7220,None,None,0.0
OUT_05346,Western,73.6521,0.08,51.52,0.001121890327494288,7221,None,None,0.0
OUT_02108,Western,74.4021,0.07,45.45,0.0011212372443487623,7222,None,None,0.0
OUT_06074,Western,90.5363,0.08,63.64,0.0011204987623762376,7223,None,None,0.0
OUT_02637,Western,77.7752,0.08,54.55,0.001120074887488749,7224,None,None,0.0
OUT_07461,Western,72.2479,0.1,63.64,0.0011176964727722773,7225,None,None,0.0
OUT_06716,Western,87.2702,0.04,30.3,0.0011152741214057508,7226,None,None,0.0
OUT_02839,Western,120.9453,0.04,42.42,0.0011141897742975588,7227,None,None,0.0
OUT_08293,Western,64.21,0.07,39.39,0.0011128249566724436,7228,None,None,0.0
OUT_07573,Western,89.8643,0.05,39.39,0.0011124572914087646,7229,None,None,0.0
OUT_07171,Western,72.2599,0.09,57.58,0.0011101725844998294,7230,None,None,0.0
OUT_02588,Western,85.3811,0.08,60.61,0.0011086654763837042,7231,None,None,0.0
OUT_05793,Western,96.2438,0.05,42.42,0.0011082888070013818,7232,None,None,0.0
OUT_03466,Western,222.5331,0.02,39.39,0.0011019217628125773,7233,None,None,0.0
OUT_05006,Western,101.85510000000001,0.06,54.55,0.001100145094509451,7234,None,None,0.0
OUT_04890,Western,85.0611,0.06,45.45,0.00109874402583423,7235,None,None,0.0
OUT_04406,Western,72.0889,0.08,51.52,0.001098079207920792,7236,None,None,0.0
OUT_06889,Western,81.9468,0.05,36.36,0.0010967184154175589,7237,None,None,0.0
OUT_01637,Western,58.47500000000001,0.07,36.36,0.001095623661670236,7238,None,None,0.0
OUT_03033,Western,106.9428,0.06,57.58,0.001095351314441789,7239,None,None,0.0
OUT_01310,Western,79.1814,0.06,42.42,0.001094169507139567,7240,None,None,0.0
OUT_06047,Western,536.3743,0.01,48.48,0.0010840224333063865,7241,None,None,0.0
OUT_01675,Western,200.20329999999998,0.03,54.55,0.0010812059405940593,7242,None,None,0.0
OUT_05225,Western,211.0138,0.03,57.58,0.0010806442471833389,7243,None,None,0.0
OUT_01177,Western,76.2977,0.07,48.48,0.0010793934923201296,7244,None,None,0.0
OUT_08769,Western,83.5533,0.06,45.45,0.0010792675995694293,7245,None,None,0.0
OUT_01786,Western,88.9046,0.06,48.48,0.0010780670978172999,7246,None,None,0.0
OUT_03453,Western,274.4679,0.03,75.76,0.0010726989317352785,7247,None,None,0.0
OUT_08204,Western,148.81810000000002,0.04,54.55,0.001071597479747975,7248,None,None,0.0
OUT_07438,Western,108.1379,0.07,69.7,0.001070672277227723,7249,None,None,0.0
OUT_01909,Western,112.4288,0.05,51.52,0.0010703427265803503,7250,None,None,0.0
OUT_05219,Western,65.91329999999999,0.1,60.61,0.0010698474273656872,7251,None,None,0.0
OUT_05151,Western,75.51650000000001,0.07,48.48,0.0010683417542441394,7252,None,None,0.0
OUT_07345,Western,92.53659999999999,0.05,42.42,0.0010655988023952096,7253,None,None,0.0
OUT_05749,Western,215.1134,0.02,39.39,0.0010651814805644963,7254,None,None,0.0
OUT_03422,Western,100.20049999999999,0.03,27.27,0.0010633233109303146,7255,None,None,0.0
OUT_07092,Western,110.90140000000001,0.03,30.3,0.001062952715654952,7256,None,None,0.0
OUT_00926,Western,65.5146,0.09,54.55,0.0010614426642664267,7257,None,None,0.0
OUT_03178,Western,86.91669999999999,0.09,72.73,0.0010609660924996607,7258,None,None,0.0
OUT_02524,Western,555.387,0.01,51.52,0.0010574771515613098,7259,None,None,0.0
OUT_04740,Western,80.926,0.08,60.61,0.0010508164259048856,7260,None,None,0.0
OUT_08210,Western,64.431,0.08,48.48,0.0010417299919159256,7261,None,None,0.0
OUT_04528,Western,481.5011,0.01,45.45,0.0010366008611410117,7262,None,None,0.0
OUT_06887,Western,57.3676,0.1,54.55,0.0010327200720072008,7263,None,None,0.0
OUT_07852,Western,149.3351,0.03,42.42,0.001031794795025334,7264,None,None,0.0
OUT_05745,Western,71.60289999999999,0.08,54.55,0.0010311848784878487,7265,None,None,0.0
OUT_02845,Western,88.45439999999999,0.04,33.33,0.001030636760850568,7266,None,None,0.0
OUT_04953,Western,509.93980000000005,0.01,48.48,0.0010305978172999192,7267,None,None,0.0
OUT_06423,Western,84.98249999999999,0.06,48.48,0.0010305072756669358,7268,None,None,0.0
OUT_04655,Western,56.174699999999994,0.09,48.48,0.0010217710185933709,7269,None,None,0.0
OUT_00618,Western,221.1707,0.02,42.42,0.0010187503454629203,7270,None,None,0.0
OUT_06208,Western,74.2929,0.08,57.58,0.00101458381700239,7271,None,None,0.0
OUT_03573,Western,84.81009999999999,0.03,24.24,0.0010080439778129952,7272,None,None,0.0
OUT_01781,Western,72.9057,0.06,42.42,0.0010074486411791798,7273,None,None,0.0
OUT_03127,Western,105.2136,0.05,51.52,0.0010016527037319117,7274,None,None,0.0
OUT_07050,Western,187.0669,0.02,36.36,0.0010014288008565312,7275,None,None,0.0
OUT_02065,Western,74.789,0.05,36.36,0.0010009234475374734,7276,None,None,0.0
OUT_05748,Western,85.664,0.04,33.33,0.0009981240897174483,7277,None,None,0.0
OUT_00518,Western,153.6387,0.03,45.45,0.0009922843918191602,7278,None,None,0.0
OUT_02781,Western,169.94029999999998,0.02,33.33,0.0009900396154966502,7279,None,None,0.0
OUT_06248,Western,82.7669,0.07,57.58,0.0009890206555138274,7280,None,None,0.0
OUT_08955,Western,64.874,0.08,51.52,0.000988179741051028,7281,None,None,0.0
OUT_08198,Western,172.99110000000002,0.03,51.52,0.0009881441355674028,7282,None,None,0.0
OUT_06557,Western,229.06490000000002,0.02,45.45,0.0009862858988159313,7283,None,None,0.0
OUT_08790,Western,94.4625,0.08,75.76,0.0009844971339239188,7284,None,None,0.0
OUT_02833,Western,195.9786,0.04,78.79,0.000982471988971049,7285,None,None,0.0
OUT_00896,Western,72.64009999999999,0.03,21.21,0.000981180999549752,7286,None,None,0.0
OUT_01489,Western,112.20259999999999,0.03,33.33,0.0009805062627439556,7287,None,None,0.0
OUT_01468,Western,69.1632,0.07,48.48,0.0009784607922392887,7288,None,None,0.0
OUT_03604,Western,227.21360000000004,0.02,45.45,0.0009783147470398279,7289,None,None,0.0
OUT_07735,Western,98.74719999999999,0.04,39.39,0.0009779371131468186,7290,None,None,0.0
OUT_02683,Western,84.89920000000001,0.05,42.42,0.0009776508521418701,7291,None,None,0.0
OUT_06837,Western,141.44819999999999,0.03,42.42,0.0009773021649009672,7292,None,None,0.0
OUT_01383,Western,226.2102,0.02,45.45,0.0009739944025834229,7293,None,None,0.0
OUT_05284,Western,92.8929,0.02,18.18,0.0009686433785192909,7294,None,None,0.0
OUT_02826,Western,72.36959999999999,0.07,51.52,0.0009645605483625286,7295,None,None,0.0
OUT_06191,Western,81.10510000000001,0.03,24.24,0.0009640067353407292,7296,None,None,0.0
OUT_03947,Western,223.7025,0.02,45.45,0.0009631969860064585,7297,None,None,0.0
OUT_05959,Western,83.3806,0.05,42.42,0.0009601635191156148,7298,None,None,0.0
OUT_05167,Western,176.9801,0.04,72.73,0.0009601524481215244,7299,None,None,0.0
OUT_08529,Western,80.8694,0.08,66.67,0.0009560443327914881,7300,None,None,0.0
OUT_03428,Western,80.37049999999999,0.03,24.24,0.000955275356576862,7301,None,None,0.0
OUT_08005,Western,71.369,0.05,36.36,0.0009551525695931478,7302,None,None,0.0
OUT_07565,Western,103.2278,0.04,42.42,0.0009509700598802395,7303,None,None,0.0
OUT_07378,Western,440.46719999999993,0.01,45.45,0.0009482609257265875,7304,None,None,0.0
OUT_06847,Western,74.9509,0.07,54.55,0.0009444757875787581,7305,None,None,0.0
OUT_08498,Western,88.92,0.03,27.27,0.000943615139724089,7306,None,None,0.0
OUT_01432,Western,87.64439999999999,0.05,45.45,0.0009434273412271258,7307,None,None,0.0
OUT_08439,Western,126.8655,0.03,39.39,0.000942303788066353,7308,None,None,0.0
OUT_01159,Western,58.4228,0.07,42.42,0.0009418691847075082,7309,None,None,0.0
OUT_00919,Western,98.23079999999999,0.03,30.3,0.0009415092651757186,7310,None,None,0.0
OUT_05440,Western,96.372,0.06,60.61,0.0009385359519558513,7311,None,None,0.0
OUT_08868,Western,77.35220000000001,0.06,48.48,0.000937981406628941,7312,None,None,0.0
OUT_07318,Western,192.5237,0.03,60.61,0.000937463236487583,7313,None,None,0.0
OUT_00850,Western,102.55450000000002,0.07,75.76,0.000935228634705576,7314,None,None,0.0
OUT_01569,Western,115.2911,0.04,48.48,0.0009320218270008084,7315,None,None,0.0
OUT_00282,Western,545.7511,0.01,57.58,0.0009316338340730624,7316,None,None,0.0
OUT_00783,Western,63.5663,0.05,33.33,0.0009258127002621615,7317,None,None,0.0
OUT_07554,Western,67.6283,0.08,57.58,0.0009235684533970639,7318,None,None,0.0
OUT_03527,Western,130.4594,0.02,27.27,0.0009229529536611247,7319,None,None,0.0
OUT_05394,Western,85.6679,0.05,45.45,0.0009221517761033369,7320,None,None,0.0
OUT_01462,Western,57.3895,0.06,36.36,0.0009216729122055674,7321,None,None,0.0
OUT_07585,Western,77.8557,0.08,66.67,0.0009204161371361016,7322,None,None,0.0
OUT_01694,Western,427.51189999999997,0.01,45.45,0.0009203700753498385,7323,None,None,0.0
OUT_04100,Western,88.9181,0.07,66.67,0.0009197971035909561,7324,None,None,0.0
OUT_08152,Western,63.812599999999996,0.08,54.55,0.0009189933393339333,7325,None,None,0.0
OUT_02285,Western,74.0655,0.05,39.39,0.0009168791780143601,7326,None,None,0.0
OUT_07731,Western,118.0657,0.05,63.64,0.000913255724009901,7327,None,None,0.0
OUT_01504,Western,201.4425,0.01,21.21,0.0009069900945520035,7328,None,None,0.0
OUT_01128,Western,84.4358,0.04,36.36,0.0009040235546038545,7329,None,None,0.0
OUT_02650,Western,166.8924,0.03,54.55,0.0009013090909090909,7330,None,None,0.0
OUT_04301,Western,103.1026,0.03,33.33,0.0009009839790270899,7331,None,None,0.0
OUT_07637,Western,59.624100000000006,0.07,45.45,0.0008985332615715825,7332,None,None,0.0
OUT_07397,Western,111.44460000000001,0.03,36.36,0.0008948977516059957,7333,None,None,0.0
OUT_05309,Western,70.96119999999999,0.07,54.55,0.0008942005400540055,7334,None,None,0.0
OUT_04255,Western,111.2277,0.03,36.36,0.0008931560492505353,7335,None,None,0.0
OUT_07387,Western,90.1463,0.07,69.7,0.0008925376237623764,7336,None,None,0.0
OUT_01728,Western,77.9369,0.06,51.52,0.0008903682406702207,7337,None,None,0.0
OUT_08707,Western,83.1194,0.04,36.36,0.0008899293361884369,7338,None,None,0.0
OUT_06226,Western,95.9155,0.04,42.42,0.0008836066328880701,7339,None,None,0.0
OUT_06143,Western,77.5472,0.08,69.7,0.0008774789250353607,7340,None,None,0.0
OUT_02485,Western,84.0538,0.07,66.67,0.0008694792374759864,7341,None,None,0.0
OUT_02716,Western,83.88929999999999,0.07,66.67,0.0008677775971627014,7342,None,None,0.0
OUT_04741,Western,90.92590000000001,0.05,51.52,0.000865631188118812,7343,None,None,0.0
OUT_05701,Western,80.788,0.04,36.36,0.0008649678800856532,7344,None,None,0.0
OUT_02013,Western,90.38570000000001,0.05,51.52,0.0008604883853769994,7345,None,None,0.0
OUT_06494,Western,112.6965,0.04,51.52,0.0008583130236100533,7346,None,None,0.0
OUT_08562,Western,94.08399999999999,0.07,75.76,0.0008579833246482541,7347,None,None,0.0
OUT_01972,Western,70.74589999999999,0.06,48.48,0.0008578726758286174,7348,None,None,0.0
OUT_02391,Western,186.17919999999998,0.02,42.42,0.0008575734684477199,7349,None,None,0.0
OUT_05741,Western,124.0633,0.03,42.42,0.0008571853984339012,7350,None,None,0.0
OUT_03606,Western,554.0324999999999,0.01,63.64,0.000857104733910891,7351,None,None,0.0
OUT_02393,Western,71.717,0.07,57.58,0.0008569801980198021,7352,None,None,0.0
OUT_07272,Western,211.8628,0.02,48.48,0.0008563573160873081,7353,None,None,0.0
OUT_02934,Western,84.6902,0.05,48.48,0.0008558023443815684,7354,None,None,0.0
OUT_04362,Western,93.7322,0.07,75.76,0.000854775143303804,7355,None,None,0.0
OUT_04001,Western,104.5223,0.05,60.61,0.0008482575880538873,7356,None,None,0.0
OUT_02282,Western,96.6966,0.03,33.33,0.0008450037867754151,7357,None,None,0.0
OUT_06986,Western,69.5085,0.06,48.48,0.0008428678253839934,7358,None,None,0.0
OUT_06838,Western,88.52680000000001,0.05,51.52,0.0008427913175932979,7359,None,None,0.0
OUT_04727,Western,68.97200000000001,0.09,72.73,0.0008419205208192053,7360,None,None,0.0
OUT_02993,Western,172.5969,0.03,60.61,0.0008404328842720336,7361,None,None,0.0
OUT_08996,Western,70.2901,0.07,57.58,0.000839929498122226,7362,None,None,0.0
OUT_08748,Western,87.5843,0.03,30.3,0.0008394661341853034,7363,None,None,0.0
OUT_00701,Western,104.06060000000001,0.03,36.36,0.0008356043897216274,7364,None,None,0.0
OUT_07303,Western,95.0308,0.07,78.79,0.0008337079834565735,7365,None,None,0.0
OUT_04680,Western,86.8182,0.03,30.3,0.000832123322683706,7366,None,None,0.0
OUT_01707,Western,94.8821,0.03,33.33,0.0008291473929507718,7367,None,None,0.0
OUT_00602,Western,89.9202,0.04,42.42,0.0008283758636573007,7368,None,None,0.0
OUT_05350,Western,154.7396,0.02,36.36,0.0008283704496788009,7369,None,None,0.0
OUT_04658,Western,95.73559999999999,0.04,45.45,0.0008244185145317545,7370,None,None,0.0
OUT_07226,Western,91.5164,0.05,54.55,0.0008237299729972999,7371,None,None,0.0
OUT_06681,Western,76.40899999999999,0.05,45.45,0.0008224865446716898,7372,None,None,0.0
OUT_05251,Western,58.1125,0.04,27.27,0.0008222497347010965,7373,None,None,0.0
OUT_04930,Western,89.1613,0.04,42.42,0.0008213846153846153,7374,None,None,0.0
OUT_04956,Western,81.1925,0.05,48.48,0.0008204577607113985,7375,None,None,0.0
OUT_06532,Western,255.59799999999996,0.01,30.3,0.0008166070287539934,7376,None,None,0.0
OUT_00293,Western,478.31530000000004,0.01,57.58,0.0008165163878456811,7377,None,None,0.0
OUT_02253,Western,131.4334,0.04,63.64,0.000813325495049505,7378,None,None,0.0
OUT_05177,Western,88.19200000000001,0.04,42.42,0.0008124550898203594,7379,None,None,0.0
OUT_06380,Western,83.3455,0.06,60.61,0.0008116750527511767,7380,None,None,0.0
OUT_02694,Western,76.4456,0.03,27.27,0.000811237354085603,7381,None,None,0.0
OUT_01558,Western,90.086,0.02,21.21,0.0008112201710941018,7382,None,None,0.0
OUT_04784,Western,212.42510000000001,0.02,51.52,0.0008089303122619955,7383,None,None,0.0
OUT_04298,Western,175.44580000000002,0.02,42.42,0.0008081335789958546,7384,None,None,0.0
OUT_03067,Western,104.441,0.05,63.64,0.000807866646039604,7385,None,None,0.0
OUT_07814,Western,84.3314,0.05,51.52,0.0008028503427265803,7386,None,None,0.0
OUT_01113,Western,115.94219999999999,0.03,42.42,0.0008010746199907875,7387,None,None,0.0
OUT_05746,Western,83.9652,0.05,51.52,0.0007993640517897943,7388,None,None,0.0
OUT_01837,Western,83.1083,0.03,30.3,0.0007965651757188498,7389,None,None,0.0
OUT_08993,Western,58.3183,0.08,57.58,0.0007964260839877092,7390,None,None,0.0
OUT_08074,Western,80.3528,0.04,39.39,0.0007957692498143105,7391,None,None,0.0
OUT_03626,Western,80.0617,0.04,39.39,0.0007928863580094083,7392,None,None,0.0
OUT_06730,Western,79.9736,0.04,39.39,0.0007920138648180243,7393,None,None,0.0
OUT_03374,Western,77.1197,0.06,57.58,0.0007898910891089107,7394,None,None,0.0
OUT_01966,Western,67.6719,0.04,33.33,0.0007884870375764637,7395,None,None,0.0
OUT_02291,Western,121.96780000000001,0.03,45.45,0.0007877360602798708,7396,None,None,0.0
OUT_01242,Western,109.0676,0.04,54.55,0.0007853652565256526,7397,None,None,0.0
OUT_06618,Western,114.65970000000002,0.04,57.58,0.0007829272789347902,7398,None,None,0.0
OUT_07531,Western,122.0529,0.02,30.3,0.0007798907348242812,7399,None,None,0.0
OUT_01627,Western,121.3907,0.02,30.3,0.0007756594249201278,7400,None,None,0.0
OUT_08071,Western,63.7782,0.06,48.48,0.0007733815683104284,7401,None,None,0.0
OUT_03216,Western,67.91650000000001,0.07,60.61,0.0007716531407239087,7402,None,None,0.0
OUT_06874,Western,71.59800000000001,0.05,45.45,0.0007706996770721206,7403,None,None,0.0
OUT_07989,Western,131.9488,0.02,33.33,0.0007687084182930382,7404,None,None,0.0
OUT_07182,Western,54.3297,0.1,69.7,0.0007684540311173974,7405,None,None,0.0
OUT_00557,Western,61.955600000000004,0.05,39.39,0.0007669670710571925,7406,None,None,0.0
OUT_07510,Western,94.8227,0.04,48.48,0.0007665537590945837,7407,None,None,0.0
OUT_06593,Western,200.31589999999997,0.02,51.52,0.0007628175932977913,7408,None,None,0.0
OUT_08829,Western,74.3055,0.06,57.58,0.0007610669170365312,7409,None,None,0.0
OUT_06126,Western,109.60940000000001,0.03,42.42,0.0007573196683555965,7410,None,None,0.0
OUT_03425,Western,162.4664,0.03,63.64,0.0007540210396039603,7411,None,None,0.0
OUT_03168,Western,93.1469,0.04,48.48,0.0007530064672594989,7412,None,None,0.0
OUT_04043,Western,78.4932,0.03,30.3,0.0007523309904153354,7413,None,None,0.0
OUT_05285,Western,93.11240000000001,0.03,36.36,0.0007476905781584582,7414,None,None,0.0
OUT_03784,Western,69.34230000000001,0.05,45.45,0.0007464187298170076,7415,None,None,0.0
OUT_01484,Western,86.13709999999999,0.04,45.45,0.0007417618945102259,7416,None,None,0.0
OUT_07977,Western,84.8774,0.03,33.33,0.0007417191960384502,7417,None,None,0.0
OUT_07223,Western,121.7212,0.03,48.48,0.000738002425222312,7418,None,None,0.0
OUT_05137,Western,91.1178,0.04,48.48,0.0007366030719482619,7419,None,None,0.0
OUT_03545,Western,207.93179999999998,0.01,27.27,0.0007355210470463388,7420,None,None,0.0
OUT_04895,Western,90.9465,0.04,48.48,0.0007352182700080842,7421,None,None,0.0
OUT_01068,Western,120.8211,0.03,48.48,0.0007325450687146322,7422,None,None,0.0
OUT_08014,Western,147.7524,0.02,39.39,0.0007316286209457787,7423,None,None,0.0
OUT_08960,Western,64.1439,0.07,60.61,0.0007287896445382244,7424,None,None,0.0
OUT_06740,Western,72.121,0.05,48.48,0.0007287894098625706,7425,None,None,0.0
OUT_02478,Western,63.7308,0.06,51.52,0.000728074638233054,7426,None,None,0.0
OUT_04246,Western,83.2593,0.03,33.33,0.000727579085348092,7427,None,None,0.0
OUT_08316,Western,105.1095,0.03,42.42,0.0007262286964532472,7428,None,None,0.0
OUT_01308,Western,71.7788,0.05,48.48,0.0007253314470493129,7429,None,None,0.0
OUT_00472,Western,204.87759999999997,0.01,27.27,0.0007247173682348779,7430,None,None,0.0
OUT_07066,Western,77.9982,0.04,42.42,0.0007185462920313219,7431,None,None,0.0
OUT_06640,Western,66.50529999999999,0.06,54.55,0.0007183290729072905,7432,None,None,0.0
OUT_07788,Western,61.989399999999996,0.05,42.42,0.0007138346384154767,7433,None,None,0.0
OUT_06451,Western,70.0768,0.05,48.48,0.0007081325788197252,7434,None,None,0.0
OUT_03250,Western,88.12960000000001,0.03,36.36,0.0007076788008565312,7435,None,None,0.0
OUT_08757,Western,69.9968,0.05,48.48,0.0007073241713823767,7436,None,None,0.0
OUT_04829,Western,78.4019,0.05,54.55,0.0007056876687668767,7437,None,None,0.0
OUT_07356,Western,142.2125,0.02,39.39,0.0007041965833127012,7438,None,None,0.0
OUT_07131,Western,94.3741,0.03,39.39,0.0007009712800198068,7439,None,None,0.0
OUT_02185,Western,261.83759999999995,0.01,36.36,0.0007008501070663811,7440,None,None,0.0
OUT_08937,Western,141.2708,0.02,39.39,0.0006995335479078981,7441,None,None,0.0
OUT_02252,Western,122.37300000000002,0.03,51.52,0.0006990079969535416,7442,None,None,0.0
OUT_02669,Western,98.529,0.02,27.27,0.0006970569508312698,7443,None,None,0.0
OUT_05295,Western,171.7177,0.02,48.48,0.0006940893290218271,7444,None,None,0.0
OUT_02336,Western,91.0181,0.04,51.52,0.0006932071591774562,7445,None,None,0.0
OUT_08441,Western,64.04780000000001,0.06,54.55,0.0006917854185418542,7446,None,None,0.0
OUT_03299,Western,160.2539,0.02,45.45,0.0006900060279870829,7447,None,None,0.0
OUT_08788,Western,80.6756,0.05,57.58,0.0006885933765790372,7448,None,None,0.0
OUT_05896,Western,111.1737,0.04,63.64,0.0006879560643564356,7449,None,None,0.0
OUT_01931,Western,72.0551,0.05,51.52,0.0006859777227722772,7450,None,None,0.0
OUT_06131,Western,120.6628,0.04,69.7,0.0006826749646393211,7451,None,None,0.0
OUT_05102,Western,179.02609999999999,0.02,51.52,0.0006817444782939832,7452,None,None,0.0
OUT_07251,Western,178.3802,0.02,51.52,0.0006792848438690023,7453,None,None,0.0
OUT_04592,Western,229.58569999999997,0.02,66.67,0.0006785449977833603,7454,None,None,0.0
OUT_05796,Western,68.4385,0.04,39.39,0.000677776677395395,7455,None,None,0.0
OUT_07049,Western,83.7021,0.03,36.36,0.0006721260706638115,7456,None,None,0.0
OUT_06500,Western,90.271,0.03,39.39,0.0006704951720722951,7457,None,None,0.0
OUT_04794,Western,113.38839999999999,0.04,66.67,0.0006702432392492979,7458,None,None,0.0
OUT_00941,Western,175.6139,0.02,51.52,0.0006687505712109672,7459,None,None,0.0
OUT_03547,Western,195.48399999999998,0.02,57.58,0.000667408671901673,7460,None,None,0.0
OUT_02247,Western,97.63040000000001,0.04,57.58,0.0006666466370775009,7461,None,None,0.0
OUT_03270,Western,60.9472,0.07,63.64,0.0006600099009900991,7462,None,None,0.0
OUT_00523,Western,76.4581,0.04,45.45,0.0006584120559741658,7463,None,None,0.0
OUT_06939,Western,225.74210000000002,0.01,33.33,0.000657565103408098,7464,None,None,0.0
OUT_04228,Western,76.0776,0.04,45.45,0.0006551354144241119,7465,None,None,0.0
OUT_08616,Western,107.15039999999999,0.03,48.48,0.0006496588520614388,7466,None,None,0.0
OUT_01185,Western,68.0544,0.05,51.52,0.0006478903274942879,7467,None,None,0.0
OUT_03621,Western,150.4717,0.02,45.45,0.0006478867599569429,7468,None,None,0.0
OUT_04687,Western,70.19669999999999,0.04,42.42,0.0006466761860893596,7469,None,None,0.0
OUT_04268,Western,86.9555,0.03,39.39,0.000645869026986878,7470,None,None,0.0
OUT_04691,Western,60.7159,0.03,27.27,0.0006443144676335337,7471,None,None,0.0
OUT_03751,Western,99.1576,0.03,45.45,0.0006404150699677071,7472,None,None,0.0
OUT_02222,Western,82.5027,0.05,63.64,0.0006381706373762377,7473,None,None,0.0
OUT_08934,Western,147.1617,0.02,45.45,0.0006336348762109795,7474,None,None,0.0
OUT_08735,Western,197.9001,0.01,30.3,0.0006322686900958466,7475,None,None,0.0
OUT_07809,Western,197.18900000000002,0.01,30.3,0.0006299968051118213,7476,None,None,0.0
OUT_06506,Western,126.7579,0.02,39.39,0.0006276697202277792,7477,None,None,0.0
OUT_08197,Western,87.1167,0.04,54.55,0.0006273029702970297,7478,None,None,0.0
OUT_07034,Western,76.9566,0.05,60.61,0.0006245463398798896,7479,None,None,0.0
OUT_01434,Western,76.41820000000001,0.05,60.61,0.0006201769193312775,7480,None,None,0.0
OUT_04624,Western,71.9913,0.04,45.45,0.0006199466092572657,7481,None,None,0.0
OUT_02167,Western,90.5139,0.04,57.58,0.0006180532604984638,7482,None,None,0.0
OUT_05630,Western,230.7078,0.01,36.36,0.0006175262312633833,7483,None,None,0.0
OUT_04084,Western,81.06030000000001,0.04,51.52,0.0006173670982482865,7484,None,None,0.0
OUT_01205,Western,76.6957,0.03,36.36,0.0006158648286937902,7485,None,None,0.0
OUT_05510,Western,94.5177,0.03,45.45,0.0006104480086114101,7486,None,None,0.0
OUT_06857,Western,78.7055,0.05,63.64,0.0006087987314356435,7487,None,None,0.0
OUT_05996,Western,66.93090000000001,0.05,54.55,0.0006024383438343836,7488,None,None,0.0
OUT_04715,Western,112.4348,0.02,36.36,0.0006018993576017131,7489,None,None,0.0
OUT_08150,Western,130.2867,0.02,42.42,0.0006001229847996315,7490,None,None,0.0
OUT_08337,Western,78.3898,0.04,51.52,0.000597028179741051,7491,None,None,0.0
OUT_04531,Western,68.90010000000001,0.04,45.45,0.0005933270182992465,7492,None,None,0.0
OUT_01900,Western,81.524,0.04,54.55,0.000587031503150315,7493,None,None,0.0
OUT_02084,Western,271.06989999999996,0.01,45.45,0.0005835735199138858,7494,None,None,0.0
OUT_07865,Western,95.6591,0.03,48.48,0.0005799864591754244,7495,None,None,0.0
OUT_02622,Western,90.6487,0.02,30.3,0.0005792249201277956,7496,None,None,0.0
OUT_01480,Western,79.6371,0.04,54.55,0.0005734444644464447,7497,None,None,0.0
OUT_06735,Western,98.12719999999999,0.02,33.33,0.0005716702592484707,7498,None,None,0.0
OUT_05946,Western,88.2653,0.03,45.45,0.0005700665231431646,7499,None,None,0.0
OUT_04905,Western,88.1544,0.03,45.45,0.0005693502691065661,7500,None,None,0.0
OUT_00415,Western,123.0459,0.02,42.42,0.0005667706126209121,7501,None,None,0.0
OUT_02692,Western,174.2339,0.02,60.61,0.0005656026619055348,7502,None,None,0.0
OUT_08539,Western,227.54659999999998,0.01,39.39,0.0005633736073285467,7503,None,None,0.0
OUT_06641,Western,81.03720000000001,0.03,42.42,0.000559906955320129,7504,None,None,0.0
OUT_05371,Western,73.02629999999999,0.04,51.52,0.0005561789794364051,7505,None,None,0.0
OUT_04073,Western,68.4369,0.05,60.61,0.0005554041551696152,7506,None,None,0.0
OUT_00869,Western,112.0188,0.02,39.39,0.0005546858133201288,7507,None,None,0.0
OUT_04106,Western,179.10449999999997,0.02,63.64,0.0005541599628712871,7508,None,None,0.0
OUT_04207,Western,239.29969999999997,0.01,42.42,0.0005511278212805158,7509,None,None,0.0
OUT_08353,Western,71.2419,0.05,63.64,0.000551066676980198,7510,None,None,0.0
OUT_05020,Western,118.96239999999999,0.02,42.42,0.0005479613081529249,7511,None,None,0.0
OUT_05986,Western,110.53909999999999,0.02,39.39,0.0005473587521663779,7512,None,None,0.0
OUT_02511,Western,304.0543,0.01,54.55,0.0005473524752475248,7513,None,None,0.0
OUT_02693,Western,79.1308,0.03,42.42,0.0005467351450944264,7514,None,None,0.0
OUT_05821,Western,78.4244,0.03,42.42,0.0005418544449562414,7515,None,None,0.0
OUT_05217,Western,72.87819999999999,0.03,39.39,0.0005413087397870759,7516,None,None,0.0
OUT_03420,Western,105.30689999999998,0.03,57.58,0.0005392978832365994,7517,None,None,0.0
OUT_06247,Western,77.9918,0.03,42.42,0.0005388654997696914,7518,None,None,0.0
OUT_07446,Western,94.2071,0.03,51.52,0.0005381212871287128,7519,None,None,0.0
OUT_06552,Western,200.7459,0.01,36.36,0.0005373284261241971,7520,None,None,0.0
OUT_02413,Western,65.98169999999999,0.05,60.61,0.0005354788183736405,7521,None,None,0.0
OUT_06768,Western,98.4609,0.03,54.55,0.0005317420342034202,7522,None,None,0.0
OUT_04486,Western,83.089,0.02,30.3,0.0005309201277955272,7523,None,None,0.0
OUT_07939,Western,197.88209999999998,0.01,36.36,0.0005296630085653106,7524,None,None,0.0
OUT_02491,Western,92.56569999999999,0.03,51.52,0.0005287454303122619,7525,None,None,0.0
OUT_02409,Western,213.21970000000002,0.01,39.39,0.0005279022035157218,7526,None,None,0.0
OUT_08570,Western,86.1576,0.03,48.48,0.000522378334680679,7527,None,None,0.0
OUT_04597,Western,64.95330000000001,0.03,36.36,0.0005215736081370451,7528,None,None,0.0
OUT_02326,Western,80.7235,0.03,45.45,0.0005213573735199137,7529,None,None,0.0
OUT_02967,Western,47.8218,0.05,45.45,0.0005147664155005382,7530,None,None,0.0
OUT_02655,Western,119.14460000000001,0.02,45.45,0.0005130015069967708,7531,None,None,0.0
OUT_07366,Western,69.3807,0.05,66.67,0.0005126400177331166,7532,None,None,0.0
OUT_04816,Western,89.685,0.03,51.52,0.0005122905559786748,7533,None,None,0.0
OUT_04341,Western,74.0598,0.03,42.42,0.0005116982957162596,7534,None,None,0.0
OUT_04408,Western,110.45329999999998,0.02,42.42,0.0005087669276830953,7535,None,None,0.0
OUT_04773,Western,83.90620000000001,0.03,48.48,0.0005087279708973323,7536,None,None,0.0
OUT_03658,Western,68.43090000000001,0.03,39.39,0.0005082760584303046,7537,None,None,0.0
OUT_08794,Western,189.7942,0.01,36.36,0.0005080144539614561,7538,None,None,0.0
OUT_06283,Western,102.5178,0.02,39.39,0.0005076395147313692,7539,None,None,0.0
OUT_07829,Western,58.946799999999996,0.04,45.45,0.0005076150699677072,7540,None,None,0.0
OUT_08578,Western,219.18779999999998,0.01,42.42,0.0005048083832335329,7541,None,None,0.0
OUT_06792,Western,170.0806,0.02,66.67,0.0005026765183981085,7542,None,None,0.0
OUT_03464,Western,84.7793,0.04,66.67,0.0005011337372543225,7543,None,None,0.0
OUT_06989,Western,153.8164,0.02,60.61,0.000499322837201753,7544,None,None,0.0
OUT_00615,Western,77.0879,0.03,45.45,0.0004978766415500538,7545,None,None,0.0
OUT_05424,Western,200.6137,0.01,39.39,0.0004966915077989602,7546,None,None,0.0
OUT_04630,Western,214.99059999999997,0.01,42.42,0.0004951418701059419,7547,None,None,0.0
OUT_04695,Western,259.1862,0.01,51.52,0.0004935,7548,None,None,0.0
OUT_05208,Western,106.1206,0.03,63.64,0.0004925151608910891,7549,None,None,0.0
OUT_04989,Western,83.2672,0.04,66.67,0.0004921956553864342,7550,None,None,0.0
OUT_08615,Western,83.263,0.04,66.67,0.0004921708290232009,7551,None,None,0.0
OUT_03426,Western,68.2903,0.04,54.55,0.0004917393339333934,7552,None,None,0.0
OUT_02767,Western,151.37709999999998,0.02,60.61,0.0004914043174809283,7553,None,None,0.0
OUT_05082,Western,167.0207,0.01,33.33,0.0004865152927468687,7554,None,None,0.0
OUT_07952,Western,71.3601,0.05,72.73,0.0004839285229892853,7555,None,None,0.0
OUT_07692,Western,74.9241,0.03,45.45,0.0004839016146393971,7556,None,None,0.0
OUT_02029,Western,133.2237,0.02,54.55,0.0004796532853285329,7557,None,None,0.0
OUT_05370,Western,83.8274,0.03,51.52,0.0004788313023610052,7558,None,None,0.0
OUT_08290,Western,118.1769,0.02,48.48,0.0004776754244139046,7559,None,None,0.0
OUT_03030,Western,80.0922,0.04,66.67,0.0004734281069898035,7560,None,None,0.0
OUT_02296,Western,190.8924,0.01,39.39,0.0004726229264669473,7561,None,None,0.0
OUT_04721,Western,162.1454,0.01,33.33,0.0004723140110690358,7562,None,None,0.0
OUT_04121,Western,233.6847,0.01,48.48,0.0004722811236863379,7563,None,None,0.0
OUT_04543,Western,106.1561,0.03,66.67,0.0004706196246490319,7564,None,None,0.0
OUT_05132,Western,81.7574,0.03,51.52,0.00046700723533891846,7565,None,None,0.0
OUT_03149,Western,100.8136,0.02,42.42,0.0004643648088438507,7566,None,None,0.0
OUT_01896,Western,86.4309,0.02,36.36,0.00046269218415417553,7567,None,None,0.0
OUT_08800,Western,108.19940000000001,0.03,69.7,0.0004591205091937765,7568,None,None,0.0
OUT_08519,Western,85.5275,0.02,36.36,0.00045785599571734485,7569,None,None,0.0
OUT_08661,Western,90.8237,0.02,39.39,0.0004497335974251053,7570,None,None,0.0
OUT_05738,Western,72.31569999999999,0.01,15.15,0.00044777523219814247,7571,None,None,0.0
OUT_08285,Western,117.5419,0.02,51.52,0.00044760814927646614,7572,None,None,0.0
OUT_01874,Western,91.8528,0.03,60.61,0.00044726245739328023,7573,None,None,0.0
OUT_00893,Western,96.4708,0.02,42.42,0.0004443611239060341,7574,None,None,0.0
OUT_08522,Western,68.3115,0.03,45.45,0.000441193756727664,7575,None,None,0.0
OUT_01311,Western,82.33500000000001,0.02,36.36,0.00044076552462526773,7576,None,None,0.0
OUT_08395,Western,88.6124,0.02,39.39,0.00043878385739044314,7577,None,None,0.0
OUT_04156,Western,51.1185,0.05,57.58,0.0004363135882553772,7578,None,None,0.0
OUT_03825,Western,226.37480000000002,0.01,51.52,0.0004310258948971821,7579,None,None,0.0
OUT_06425,Western,106.331,0.02,48.48,0.0004297938561034762,7580,None,None,0.0
OUT_07700,Western,92.1057,0.03,63.64,0.00042747076113861383,7581,None,None,0.0
OUT_05040,Western,72.7481,0.02,33.33,0.0004238164870375765,7582,None,None,0.0
OUT_03060,Western,78.33529999999999,0.02,36.36,0.00041935385438972165,7583,None,None,0.0
OUT_01988,Western,169.27120000000002,0.01,39.39,0.00041909185441941084,7584,None,None,0.0
OUT_01655,Western,70.8554,0.04,66.67,0.00041882902320082756,7585,None,None,0.0
OUT_02468,Western,78.1771,0.02,36.36,0.0004185069593147752,7586,None,None,0.0
OUT_04537,Western,77.80290000000001,0.02,36.36,0.00041650374732334056,7587,None,None,0.0
OUT_07689,Western,109.21609999999998,0.02,51.52,0.0004159028941355673,7588,None,None,0.0
OUT_05923,Western,81.1716,0.03,57.58,0.0004156961420279959,7589,None,None,0.0
OUT_06911,Western,96.1671,0.02,45.45,0.0004140671689989236,7590,None,None,0.0
OUT_08383,Western,73.1232,0.04,69.7,0.0004137097595473833,7591,None,None,0.0
OUT_03984,Western,115.422,0.01,27.27,0.00040828440042447827,7592,None,None,0.0
OUT_08523,Western,188.7369,0.01,45.45,0.00040632271259418725,7593,None,None,0.0
OUT_05152,Western,83.03139999999999,0.03,60.61,0.0004043080668722609,7594,None,None,0.0
OUT_06152,Western,93.7441,0.02,45.45,0.0004036344456404737,7595,None,None,0.0
OUT_03830,Western,114.03620000000001,0.01,27.27,0.0004033823841528122,7596,None,None,0.0
OUT_06085,Western,94.771,0.03,69.7,0.00040214002828854305,7597,None,None,0.0
OUT_05897,Western,81.146,0.02,39.39,0.0004018123297846002,7598,None,None,0.0
OUT_02209,Western,105.02680000000001,0.02,51.52,0.00039994973343488203,7599,None,None,0.0
OUT_07133,Western,70.2059,0.04,69.7,0.0003972045261669024,7600,None,None,0.0
OUT_03897,Western,195.6968,0.01,48.48,0.00039550687146321746,7601,None,None,0.0
OUT_05760,Western,91.8119,0.02,45.45,0.0003953149623250807,7602,None,None,0.0
OUT_07431,Western,85.45760000000001,0.02,42.42,0.00039363242745278675,7603,None,None,0.0
OUT_05235,Western,56.4987,0.03,42.42,0.00039036411791801,7604,None,None,0.0
OUT_01084,Western,72.8734,0.02,36.36,0.0003901145610278373,7605,None,None,0.0
OUT_04172,Western,65.8925,0.04,66.67,0.00038949312841731935,7606,None,None,0.0
OUT_02629,Western,47.4058,0.03,36.36,0.0003806675588865096,7607,None,None,0.0
OUT_07624,Western,81.77709999999999,0.03,63.64,0.0003795348081683167,7608,None,None,0.0
OUT_00550,Western,186.36199999999997,0.01,48.48,0.00037664106709781725,7609,None,None,0.0
OUT_01612,Western,75.1499,0.02,39.39,0.00037212131715771236,7610,None,None,0.0
OUT_04416,Western,91.5556,0.02,48.48,0.0003700711398544867,7611,None,None,0.0
OUT_07608,Western,80.2931,0.02,42.42,0.0003698438507600184,7612,None,None,0.0
OUT_06435,Western,73.7639,0.04,78.79,0.0003697901992730919,7613,None,None,0.0
OUT_06560,Western,75.91659999999999,0.03,60.61,0.00036966369095925975,7614,None,None,0.0
OUT_07994,Western,62.525800000000004,0.04,66.67,0.0003695924338702527,7615,None,None,0.0
OUT_00436,Western,79.1219,0.02,42.42,0.00036444910179640717,7616,None,None,0.0
OUT_04915,Western,78.8546,0.02,42.42,0.00036321787194841087,7617,None,None,0.0
OUT_05600,Western,95.0522,0.02,51.52,0.00036196572734196493,7618,None,None,0.0
OUT_01306,Western,198.9499,0.01,54.55,0.0003581456345634564,7619,None,None,0.0
OUT_05650,Western,132.85309999999998,0.01,36.36,0.0003556025160599572,7620,None,None,0.0
OUT_06833,Western,194.3311,0.01,54.55,0.00034983096309630966,7621,None,None,0.0
OUT_05447,Western,181.4758,0.01,51.52,0.00034553655750190404,7622,None,None,0.0
OUT_02438,Western,95.8326,0.02,54.55,0.00034503186318631863,7623,None,None,0.0
OUT_08612,Western,97.4883,0.01,27.27,0.0003448471878316236,7624,None,None,0.0
OUT_01055,Western,84.91300000000001,0.02,48.48,0.00034322150363783353,7625,None,None,0.0
OUT_01902,Western,89.44409999999999,0.02,51.52,0.0003406096725057121,7626,None,None,0.0
OUT_04040,Western,63.02460000000001,0.03,54.55,0.0003403668766876688,7627,None,None,0.0
OUT_04745,Western,78.7324,0.02,45.45,0.00033899849300322925,7628,None,None,0.0
OUT_05193,Western,105.6752,0.01,30.3,0.00033762044728434504,7629,None,None,0.0
OUT_06231,Western,92.9676,0.02,54.55,0.0003347168316831684,7630,None,None,0.0
OUT_06630,Western,175.34409999999997,0.01,51.52,0.0003338615765422695,7631,None,None,0.0
OUT_08989,Western,82.40979999999999,0.02,48.48,0.0003331034761519806,7632,None,None,0.0
OUT_05301,Western,182.12539999999998,0.01,54.55,0.00032785850585058504,7633,None,None,0.0
OUT_06969,Western,152.0521,0.01,45.45,0.000327345748116254,7634,None,None,0.0
OUT_08103,Western,83.7534,0.03,75.76,0.0003273322042730588,7635,None,None,0.0
OUT_05515,Western,80.7845,0.02,48.48,0.0003265339531123686,7636,None,None,0.0
OUT_02093,Western,63.758900000000004,0.03,57.58,0.0003265221918743598,7637,None,None,0.0
OUT_01223,Western,211.03330000000003,0.01,63.64,0.00032647478341584163,7638,None,None,0.0
OUT_06584,Western,70.551,0.02,42.42,0.00032497005988023955,7639,None,None,0.0
OUT_04555,Western,85.1726,0.02,51.52,0.0003243434881949733,7640,None,None,0.0
OUT_01644,Western,74.9694,0.02,45.45,0.0003227961248654467,7641,None,None,0.0
OUT_02175,Western,100.9603,0.01,30.3,0.00032255686900958466,7642,None,None,0.0
OUT_01303,Western,74.82390000000001,0.02,45.45,0.00032216964477933265,7643,None,None,0.0
OUT_07996,Western,88.9287,0.02,54.55,0.0003201753375337534,7644,None,None,0.0
OUT_08289,Western,117.8472,0.01,36.36,0.00031543683083511777,7645,None,None,0.0
OUT_01001,Western,97.11280000000001,0.02,60.61,0.00031525012173348483,7646,None,None,0.0
OUT_08311,Western,76.9804,0.02,48.48,0.000311157639450283,7647,None,None,0.0
OUT_07389,Western,116.14929999999998,0.01,36.36,0.000310892130620985,7648,None,None,0.0
OUT_02672,Western,86.59129999999999,0.01,27.27,0.00030630102582242653,7649,None,None,0.0
OUT_08314,Western,80.32300000000001,0.02,51.52,0.0003058758568164509,7650,None,None,0.0
OUT_01026,Western,141.9577,0.01,45.45,0.00030561399354144236,7651,None,None,0.0
OUT_01672,Western,151.0069,0.01,48.48,0.0003051877526273242,7652,None,None,0.0
OUT_03696,Western,94.8015,0.01,30.3,0.00030288019169329074,7653,None,None,0.0
OUT_03145,Western,69.6825,0.02,45.45,0.000300032292787944,7654,None,None,0.0
OUT_01005,Western,172.986,0.01,57.58,0.00029529873677022875,7655,None,None,0.0
OUT_02712,Western,99.73570000000001,0.02,66.67,0.0002947707994680065,7656,None,None,0.0
OUT_04338,Western,100.6528,0.01,33.33,0.0002931919603845034,7657,None,None,0.0
OUT_01143,Western,57.526399999999995,0.02,39.39,0.0002848546669967814,7658,None,None,0.0
OUT_00564,Western,97.77159999999999,0.01,33.33,0.0002847993009030003,7659,None,None,0.0
OUT_04421,Western,56.1418,0.04,78.79,0.00028144780047625016,7660,None,None,0.0
OUT_04344,Western,121.82330000000002,0.01,42.42,0.0002805695532012898,7661,None,None,0.0
OUT_06194,Western,111.0413,0.01,39.39,0.00027492275315672203,7662,None,None,0.0
OUT_06710,Western,152.56220000000002,0.01,54.55,0.0002746394239423943,7663,None,None,0.0
OUT_01265,Western,143.76120000000003,0.01,51.52,0.0002737265803503428,7664,None,None,0.0
OUT_01914,Western,124.9815,0.01,45.45,0.00026906673842841763,7665,None,None,0.0
OUT_07231,Western,83.82379999999999,0.01,30.3,0.0002678076677316294,7666,None,None,0.0
OUT_03693,Western,67.3715,0.01,24.24,0.0002669235340729002,7667,None,None,0.0
OUT_05041,Western,69.13749999999999,0.02,51.52,0.0002632806549885757,7668,None,None,0.0
OUT_04965,Western,75.6994,0.02,57.58,0.00025844793444861725,7669,None,None,0.0
OUT_00471,Western,158.7869,0.01,60.61,0.0002577291024184386,7670,None,None,0.0
OUT_07917,Western,110.7842,0.01,42.42,0.00025514555504375865,7671,None,None,0.0
OUT_04845,Western,55.322399999999995,0.02,42.42,0.00025482450483648084,7672,None,None,0.0
OUT_06169,Western,62.68010000000001,0.02,48.48,0.00025335529506871466,7673,None,None,0.0
OUT_00862,Western,79.2029,0.01,30.3,0.0002530444089456869,7674,None,None,0.0
OUT_07476,Western,72.84989999999999,0.02,57.58,0.0002487193581427108,7675,None,None,0.0
OUT_00735,Western,92.56519999999999,0.01,36.36,0.00024776552462526765,7676,None,None,0.0
OUT_00695,Western,83.67429999999999,0.01,33.33,0.0002437352170113603,7677,None,None,0.0
OUT_02166,Western,82.1329,0.02,66.67,0.00024274538200088667,7678,None,None,0.0
OUT_02271,Western,134.81990000000002,0.01,54.55,0.00024270009000900095,7679,None,None,0.0
OUT_08282,Western,112.7331,0.01,45.45,0.0002426977395048439,7680,None,None,0.0
OUT_02127,Western,67.4084,0.02,54.55,0.0002426945094509451,7681,None,None,0.0
OUT_07900,Western,101.4702,0.02,84.85,0.00023638951659871876,7682,None,None,0.0
OUT_06781,Western,72.7442,0.01,30.3,0.00023240958466453677,7683,None,None,0.0
OUT_09000,Western,69.3996,0.02,60.61,0.00022528680409024512,7684,None,None,0.0
OUT_01372,Western,157.1597,0.01,69.7,0.00022229094766619518,7685,None,None,0.0
OUT_01959,Western,115.287,0.01,51.52,0.00021951066260472203,7686,None,None,0.0
OUT_04257,Western,141.4872,0.01,63.64,0.00021888490099009902,7687,None,None,0.0
OUT_06944,Western,73.2713,0.02,66.67,0.0002165547509974878,7688,None,None,0.0
OUT_01580,Western,111.41719999999998,0.01,51.52,0.0002121424219345011,7689,None,None,0.0
OUT_02378,Western,72.3559,0.01,33.33,0.00021076580250509763,7690,None,None,0.0
OUT_06771,Western,84.8148,0.01,39.39,0.00020998960138648184,7691,None,None,0.0
OUT_07680,Western,95.86090000000002,0.01,45.45,0.00020637438105489776,7692,None,None,0.0
OUT_01592,Western,89.53970000000001,0.01,42.42,0.00020621764163979736,7693,None,None,0.0
OUT_06495,Western,59.657399999999996,0.02,57.58,0.000203678388528508,7694,None,None,0.0
OUT_08423,Western,74.2078,0.01,36.36,0.0001986290149892934,7695,None,None,0.0
OUT_02140,Western,114.3295,0.01,57.58,0.00019516814612495733,7696,None,None,0.0
OUT_08163,Western,78.12480000000001,0.01,39.39,0.00019342609556821,7697,None,None,0.0
OUT_02020,Western,89.3377,0.01,45.45,0.00019233089343379979,7698,None,None,0.0
OUT_08597,Western,39.445899999999995,0.03,60.61,0.00019207547476059075,7699,None,None,0.0
OUT_05326,Western,90.6836,0.01,48.48,0.00018327324171382378,7700,None,None,0.0
OUT_05913,Western,89.9497,0.01,48.48,0.00018179001616814878,7701,None,None,0.0
OUT_06791,Western,106.0035,0.01,57.58,0.00018095510413110278,7702,None,None,0.0
OUT_04918,Western,77.4304,0.01,42.42,0.0001783288807001382,7703,None,None,0.0
OUT_03132,Western,71.8094,0.01,39.39,0.00017779004704134688,7704,None,None,0.0
OUT_04596,Western,85.86580000000001,0.01,48.48,0.0001735363783346807,7705,None,None,0.0
OUT_01234,Western,85.5579,0.01,48.48,0.00017291410670978175,7706,None,None,0.0
OUT_07381,Western,84.2997,0.01,48.48,0.00017037126111560226,7707,None,None,0.0
OUT_08984,Western,89.4776,0.01,51.52,0.00017036862147753237,7708,None,None,0.0
OUT_07478,Western,88.8304,0.01,51.52,0.00016913632901751713,7709,None,None,0.0
OUT_01319,Western,73.33590000000001,0.01,42.42,0.000168898894518655,7710,None,None,0.0
OUT_03817,Western,75.762,0.01,45.45,0.00016310441334768569,7711,None,None,0.0
OUT_02521,Western,85.4991,0.01,51.52,0.00016279341203351104,7712,None,None,0.0
OUT_02356,Western,65.70859999999999,0.01,39.39,0.00016268531814805643,7713,None,None,0.0
OUT_08778,Western,79.01180000000001,0.01,48.48,0.00015968431689571545,7714,None,None,0.0
OUT_01127,Western,84.93939999999999,0.01,54.55,0.0001529062106210621,7715,None,None,0.0
OUT_02723,Western,88.03490000000001,0.01,57.58,0.0001502814953909184,7716,None,None,0.0
OUT_06573,Western,100.60950000000001,0.01,66.67,0.0001486766661740801,7717,None,None,0.0
OUT_01761,Western,82.1476,0.01,54.55,0.00014788046804680468,7718,None,None,0.0
OUT_00842,Western,73.1885,0.01,51.52,0.0001393535795887281,7719,None,None,0.0
OUT_01170,Western,76.4941,0.01,54.55,0.0001377031503150315,7720,None,None,0.0
OUT_05789,Western,71.3256,0.01,51.52,0.00013580654988575778,7721,None,None,0.0
OUT_07560,Western,89.15990000000001,0.01,66.67,0.00013175690852667356,7722,None,None,0.0
OUT_06812,Western,78.9829,0.01,63.64,0.00012218889232673268,7723,None,None,0.0
OUT_03223,Western,76.9481,0.01,63.64,0.00011904099628712871,7724,None,None,0.0
OUT_06973,Western,58.92620000000001,0.01,51.52,0.00011219763899466871,7725,None,None,0.0
OUT_05341,Western,65.33030000000001,0.01,57.58,0.00011152321611471495,7726,None,None,0.0
OUT_03565,Western,139.9706,0.0,48.48,0.0,7727,None,None,0.0
OUT_03589,Western,72.3532,0.0,36.36,0.0,7728,None,None,0.0
OUT_03549,Western,627.3993,0.0,57.58,0.0,7729,None,None,0.0
OUT_03550,Western,185.25480000000005,0.0,48.48,0.0,7730,None,None,0.0
OUT_03554,Western,174.6316,0.0,42.42,0.0,7731,None,None,0.0
OUT_07501,Western,169.16590000000002,0.0,45.45,0.0,7732,None,None,0.0
OUT_07509,Western,128.4103,0.0,42.42,0.0,7733,None,None,0.0
OUT_07524,Western,235.2186,0.0,63.64,0.0,7734,None,None,0.0
OUT_07526,Western,93.6277,0.0,45.45,0.0,7735,None,None,0.0
OUT_03511,Western,99.2243,0.0,36.36,0.0,7736,None,None,0.0
OUT_03470,Western,67.7277,0.0,45.45,0.0,7737,None,None,0.0
OUT_03477,Western,173.5038,0.0,48.48,0.0,7738,None,None,0.0
OUT_03478,Western,75.7613,0.0,21.21,0.0,7739,None,None,0.0
OUT_03481,Western,77.2914,0.0,42.42,0.0,7740,None,None,0.0
OUT_03492,Western,470.19800000000004,0.0,100.0,0.0,7741,None,None,0.0
OUT_07538,Western,129.8896,0.0,39.39,0.0,7742,None,None,0.0
OUT_07546,Western,811.4676999999999,0.0,42.42,0.0,7743,None,None,0.0
OUT_07548,Western,86.99,0.0,48.48,0.0,7744,None,None,0.0
OUT_07556,Western,112.2507,0.0,57.58,0.0,7745,None,None,0.0
OUT_07558,Western,74.7529,0.0,21.21,0.0,7746,None,None,0.0
OUT_04498,Western,173.8723,0.0,36.36,0.0,7747,None,None,0.0
OUT_04503,Western,88.2184,0.0,39.39,0.0,7748,None,None,0.0
OUT_04456,Western,67.5477,0.0,36.36,0.0,7749,None,None,0.0
OUT_04467,Western,277.84079999999994,0.0,57.58,0.0,7750,None,None,0.0
OUT_04474,Western,144.6189,0.0,33.33,0.0,7751,None,None,0.0
OUT_04480,Western,412.4251,0.0,51.52,0.0,7752,None,None,0.0
OUT_04481,Western,88.5939,0.0,42.42,0.0,7753,None,None,0.0
OUT_04485,Western,112.40799999999999,0.0,51.52,0.0,7754,None,None,0.0
OUT_04430,Western,199.0378,0.0,45.45,0.0,7755,None,None,0.0
OUT_04436,Western,478.171,0.0,60.61,0.0,7756,None,None,0.0
OUT_04439,Western,450.2504,0.0,36.36,0.0,7757,None,None,0.0
OUT_04440,Western,178.31349999999998,0.0,60.61,0.0,7758,None,None,0.0
OUT_04450,Western,233.42319999999998,0.0,27.27,0.0,7759,None,None,0.0
OUT_04451,Western,206.0468,0.0,51.52,0.0,7760,None,None,0.0
OUT_04454,Western,235.27630000000002,0.0,30.3,0.0,7761,None,None,0.0
OUT_07147,Western,591.4082,0.0,33.33,0.0,7762,None,None,0.0
OUT_07165,Western,77.5857,0.0,75.76,0.0,7763,None,None,0.0
OUT_07166,Western,207.60010000000003,0.0,39.39,0.0,7764,None,None,0.0
OUT_07169,Western,197.3809,0.0,27.27,0.0,7765,None,None,0.0
OUT_03438,Western,248.44619999999998,0.0,36.36,0.0,7766,None,None,0.0
OUT_03440,Western,103.9633,0.0,36.36,0.0,7767,None,None,0.0
OUT_03456,Western,60.9121,0.0,42.42,0.0,7768,None,None,0.0
OUT_03459,Western,93.7357,0.0,30.3,0.0,7769,None,None,0.0
OUT_03404,Western,82.638,0.0,33.33,0.0,7770,None,None,0.0
OUT_03408,Western,82.066,0.0,33.33,0.0,7771,None,None,0.0
OUT_03424,Western,515.4988,0.0,69.7,0.0,7772,None,None,0.0
OUT_03427,Western,181.6972,0.0,60.61,0.0,7773,None,None,0.0
OUT_07568,Western,113.99660000000002,0.0,39.39,0.0,7774,None,None,0.0
OUT_07570,Western,125.66090000000001,0.0,45.45,0.0,7775,None,None,0.0
OUT_07583,Western,128.65910000000002,0.0,42.42,0.0,7776,None,None,0.0
OUT_07588,Western,173.52540000000002,0.0,48.48,0.0,7777,None,None,0.0
OUT_03368,Western,439.27049999999997,0.0,33.33,0.0,7778,None,None,0.0
OUT_03375,Western,80.141,0.0,42.42,0.0,7779,None,None,0.0
OUT_03380,Western,126.8168,0.0,51.52,0.0,7780,None,None,0.0
OUT_04573,Western,199.51460000000003,0.0,48.48,0.0,7781,None,None,0.0
OUT_04576,Western,545.6283999999999,0.0,27.27,0.0,7782,None,None,0.0
OUT_04577,Western,57.236599999999996,0.0,45.45,0.0,7783,None,None,0.0
OUT_04519,Western,56.395900000000005,0.0,51.52,0.0,7784,None,None,0.0
OUT_04524,Western,86.0274,0.0,51.52,0.0,7785,None,None,0.0
OUT_04530,Western,103.652,0.0,63.64,0.0,7786,None,None,0.0
OUT_04534,Western,144.3542,0.0,42.42,0.0,7787,None,None,0.0
OUT_04541,Western,203.0838,0.0,45.45,0.0,7788,None,None,0.0
OUT_04548,Western,118.14710000000001,0.0,42.42,0.0,7789,None,None,0.0
OUT_07116,Western,85.8696,0.0,39.39,0.0,7790,None,None,0.0
OUT_07117,Western,102.9834,0.0,51.52,0.0,7791,None,None,0.0
OUT_07121,Western,543.5023,0.0,48.48,0.0,7792,None,None,0.0
OUT_07127,Western,82.08179999999999,0.0,51.52,0.0,7793,None,None,0.0
OUT_07128,Western,74.7287,0.0,42.42,0.0,7794,None,None,0.0
OUT_04487,Western,476.3297,0.0,48.48,0.0,7795,None,None,0.0
OUT_04490,Western,81.1018,0.0,30.3,0.0,7796,None,None,0.0
OUT_03381,Western,779.4683,0.0,36.36,0.0,7797,None,None,0.0
OUT_03391,Western,499.1302,0.0,39.39,0.0,7798,None,None,0.0
OUT_03395,Western,436.08579999999995,0.0,54.55,0.0,7799,None,None,0.0
OUT_03398,Western,65.5029,0.0,54.55,0.0,7800,None,None,0.0
OUT_03335,Western,239.6175,0.0,39.39,0.0,7801,None,None,0.0
OUT_03336,Western,195.26389999999998,0.0,48.48,0.0,7802,None,None,0.0
OUT_03348,Western,95.7182,0.0,54.55,0.0,7803,None,None,0.0
OUT_03331,Western,91.781,0.0,54.55,0.0,7804,None,None,0.0
OUT_03332,Western,93.7433,0.0,24.24,0.0,7805,None,None,0.0
OUT_03271,Western,350.8132,0.0,63.64,0.0,7806,None,None,0.0
OUT_03249,Western,75.4455,0.0,39.39,0.0,7807,None,None,0.0
OUT_03252,Western,488.18350000000004,0.0,48.48,0.0,7808,None,None,0.0
OUT_03266,Western,69.9674,0.0,51.52,0.0,7809,None,None,0.0
OUT_03267,Western,87.7005,0.0,66.67,0.0,7810,None,None,0.0
OUT_07597,Western,93.19460000000001,0.0,51.52,0.0,7811,None,None,0.0
OUT_07603,Western,97.3015,0.0,45.45,0.0,7812,None,None,0.0
OUT_03236,Western,113.89390000000002,0.0,27.27,0.0,7813,None,None,0.0
OUT_03238,Western,109.83330000000001,0.0,42.42,0.0,7814,None,None,0.0
OUT_03185,Western,101.731,0.0,51.52,0.0,7815,None,None,0.0
OUT_03191,Western,488.35940000000005,0.0,24.24,0.0,7816,None,None,0.0
OUT_03196,Western,209.36700000000002,0.0,60.61,0.0,7817,None,None,0.0
OUT_03197,Western,74.2003,0.0,36.36,0.0,7818,None,None,0.0
OUT_07645,Western,123.9661,0.0,45.45,0.0,7819,None,None,0.0
OUT_07649,Western,162.1453,0.0,24.24,0.0,7820,None,None,0.0
OUT_03143,Western,75.1251,0.0,45.45,0.0,7821,None,None,0.0
OUT_03146,Western,253.49439999999998,0.0,57.58,0.0,7822,None,None,0.0
OUT_04631,Western,96.75810000000001,0.0,45.45,0.0,7823,None,None,0.0
OUT_04638,Western,126.60860000000001,0.0,21.21,0.0,7824,None,None,0.0
OUT_04643,Western,133.89010000000002,0.0,27.27,0.0,7825,None,None,0.0
OUT_04645,Western,71.46119999999999,0.0,42.42,0.0,7826,None,None,0.0
OUT_04584,Western,125.89200000000001,0.0,36.36,0.0,7827,None,None,0.0
OUT_04588,Western,113.3166,0.0,21.21,0.0,7828,None,None,0.0
OUT_04603,Western,231.47160000000002,0.0,51.52,0.0,7829,None,None,0.0
OUT_04609,Western,754.7326,0.0,48.48,0.0,7830,None,None,0.0
OUT_04613,Western,499.47950000000003,0.0,36.36,0.0,7831,None,None,0.0
OUT_07079,Western,65.0529,0.0,45.45,0.0,7832,None,None,0.0
OUT_07082,Western,107.1675,0.0,51.52,0.0,7833,None,None,0.0
OUT_07084,Western,76.4255,0.0,27.27,0.0,7834,None,None,0.0
OUT_07099,Western,198.13149999999996,0.0,57.58,0.0,7835,None,None,0.0
OUT_04562,Western,82.35589999999999,0.0,69.7,0.0,7836,None,None,0.0
OUT_04564,Western,68.08279999999999,0.0,51.52,0.0,7837,None,None,0.0
OUT_04565,Western,215.79299999999998,0.0,45.45,0.0,7838,None,None,0.0
OUT_04570,Western,98.9826,0.0,21.21,0.0,7839,None,None,0.0
OUT_03150,Western,137.4918,0.0,45.45,0.0,7840,None,None,0.0
OUT_03152,Western,93.4391,0.0,30.3,0.0,7841,None,None,0.0
OUT_03163,Western,108.21179999999998,0.0,54.55,0.0,7842,None,None,0.0
OUT_03170,Western,264.89340000000004,0.0,66.67,0.0,7843,None,None,0.0
OUT_03112,Western,159.66230000000002,0.0,48.48,0.0,7844,None,None,0.0
OUT_03121,Western,87.4401,0.0,51.52,0.0,7845,None,None,0.0
OUT_03131,Western,754.9972,0.0,57.58,0.0,7846,None,None,0.0
OUT_03137,Western,76.5409,0.0,48.48,0.0,7847,None,None,0.0
OUT_03080,Western,115.4112,0.0,51.52,0.0,7848,None,None,0.0
OUT_03105,Western,114.13130000000001,0.0,51.52,0.0,7849,None,None,0.0
OUT_03106,Western,79.6823,0.0,51.52,0.0,7850,None,None,0.0
OUT_03107,Western,75.0701,0.0,36.36,0.0,7851,None,None,0.0
OUT_07655,Western,680.6727000000001,0.0,51.52,0.0,7852,None,None,0.0
OUT_07666,Western,118.2922,0.0,42.42,0.0,7853,None,None,0.0
OUT_07672,Western,75.9198,0.0,33.33,0.0,7854,None,None,0.0
OUT_07673,Western,87.716,0.0,39.39,0.0,7855,None,None,0.0
OUT_04694,Western,501.15920000000006,0.0,33.33,0.0,7856,None,None,0.0
OUT_04699,Western,228.61039999999997,0.0,42.42,0.0,7857,None,None,0.0
OUT_04704,Western,391.6818,0.0,54.55,0.0,7858,None,None,0.0
OUT_04710,Western,218.51309999999998,0.0,48.48,0.0,7859,None,None,0.0
OUT_04651,Western,570.4830999999999,0.0,30.3,0.0,7860,None,None,0.0
OUT_04661,Western,155.88850000000002,0.0,72.73,0.0,7861,None,None,0.0
OUT_04662,Western,82.0924,0.0,51.52,0.0,7862,None,None,0.0
OUT_04672,Western,222.6132,0.0,48.48,0.0,7863,None,None,0.0
OUT_07059,Western,128.35510000000002,0.0,45.45,0.0,7864,None,None,0.0
OUT_07063,Western,86.9713,0.0,39.39,0.0,7865,None,None,0.0
OUT_07071,Western,70.9768,0.0,42.42,0.0,7866,None,None,0.0
OUT_07072,Western,86.2797,0.0,30.3,0.0,7867,None,None,0.0
OUT_07078,Western,167.12899999999996,0.0,54.55,0.0,7868,None,None,0.0
OUT_04620,Western,551.9402,0.0,27.27,0.0,7869,None,None,0.0
OUT_04622,Western,112.10209999999998,0.0,33.33,0.0,7870,None,None,0.0
OUT_04623,Western,83.2677,0.0,69.7,0.0,7871,None,None,0.0
OUT_07682,Western,433.3465,0.0,42.42,0.0,7872,None,None,0.0
OUT_03050,Western,86.5738,0.0,30.3,0.0,7873,None,None,0.0
OUT_03070,Western,510.07370000000003,0.0,36.36,0.0,7874,None,None,0.0
OUT_03072,Western,179.3759,0.0,30.3,0.0,7875,None,None,0.0
OUT_07694,Western,112.05640000000001,0.0,39.39,0.0,7876,None,None,0.0
OUT_07697,Western,115.0454,0.0,42.42,0.0,7877,None,None,0.0
OUT_07698,Western,120.1397,0.0,54.55,0.0,7878,None,None,0.0
OUT_07707,Western,81.2474,0.0,42.42,0.0,7879,None,None,0.0
OUT_03016,Western,95.0781,0.0,45.45,0.0,7880,None,None,0.0
OUT_03019,Western,126.618,0.0,54.55,0.0,7881,None,None,0.0
OUT_03020,Western,738.0505,0.0,57.58,0.0,7882,None,None,0.0
OUT_03029,Western,115.6809,0.0,42.42,0.0,7883,None,None,0.0
OUT_03036,Western,562.1276,0.0,57.58,0.0,7884,None,None,0.0
OUT_03039,Western,234.8087,0.0,48.48,0.0,7885,None,None,0.0
OUT_03045,Western,121.29260000000001,0.0,33.33,0.0,7886,None,None,0.0
OUT_02952,Western,179.7934,0.0,36.36,0.0,7887,None,None,0.0
OUT_02953,Western,158.8484,0.0,45.45,0.0,7888,None,None,0.0
OUT_02959,Western,209.8903,0.0,27.27,0.0,7889,None,None,0.0
OUT_02965,Western,74.6221,0.0,45.45,0.0,7890,None,None,0.0
OUT_02971,Western,255.34230000000002,0.0,42.42,0.0,7891,None,None,0.0
OUT_02975,Western,68.565,0.0,51.52,0.0,7892,None,None,0.0
OUT_07721,Western,212.33159999999998,0.0,36.36,0.0,7893,None,None,0.0
OUT_07723,Western,83.01719999999999,0.0,45.45,0.0,7894,None,None,0.0
OUT_07726,Western,107.9528,0.0,48.48,0.0,7895,None,None,0.0
OUT_07730,Western,135.3956,0.0,42.42,0.0,7896,None,None,0.0
OUT_07733,Western,52.4072,0.0,42.42,0.0,7897,None,None,0.0
OUT_07734,Western,551.627,0.0,27.27,0.0,7898,None,None,0.0
OUT_07737,Western,90.5029,0.0,27.27,0.0,7899,None,None,0.0
OUT_07742,Western,378.5809,0.0,36.36,0.0,7900,None,None,0.0
OUT_07743,Western,88.54379999999999,0.0,45.45,0.0,7901,None,None,0.0
OUT_02921,Western,82.96350000000001,0.0,54.55,0.0,7902,None,None,0.0
OUT_02929,Western,107.48259999999999,0.0,69.7,0.0,7903,None,None,0.0
OUT_04770,Western,75.6259,0.0,54.55,0.0,7904,None,None,0.0
OUT_04711,Western,77.53620000000001,0.0,24.24,0.0,7905,None,None,0.0
OUT_04736,Western,254.3747,0.0,54.55,0.0,7906,None,None,0.0
OUT_04739,Western,57.986999999999995,0.0,57.58,0.0,7907,None,None,0.0
OUT_07019,Western,82.2033,0.0,51.52,0.0,7908,None,None,0.0
OUT_07023,Western,111.18109999999999,0.0,45.45,0.0,7909,None,None,0.0
OUT_07024,Western,192.39679999999998,0.0,51.52,0.0,7910,None,None,0.0
OUT_07033,Western,292.3617,0.0,45.45,0.0,7911,None,None,0.0
OUT_07036,Western,79.3134,0.0,48.48,0.0,7912,None,None,0.0
OUT_07045,Western,225.01069999999999,0.0,45.45,0.0,7913,None,None,0.0
OUT_04689,Western,70.7696,0.0,33.33,0.0,7914,None,None,0.0
OUT_04692,Western,123.94579999999999,0.0,57.58,0.0,7915,None,None,0.0
OUT_02935,Western,104.7481,0.0,39.39,0.0,7916,None,None,0.0
OUT_02942,Western,90.48859999999999,0.0,36.36,0.0,7917,None,None,0.0
OUT_02945,Western,113.6863,0.0,33.33,0.0,7918,None,None,0.0
OUT_02949,Western,148.1627,0.0,45.45,0.0,7919,None,None,0.0
OUT_02888,Western,117.6099,0.0,21.21,0.0,7920,None,None,0.0
OUT_02914,Western,94.07409999999999,0.0,42.42,0.0,7921,None,None,0.0
OUT_02915,Western,61.92110000000001,0.0,39.39,0.0,7922,None,None,0.0
OUT_02916,Western,79.85549999999999,0.0,36.36,0.0,7923,None,None,0.0
OUT_02918,Western,92.6425,0.0,39.39,0.0,7924,None,None,0.0
OUT_02856,Western,69.4345,0.0,42.42,0.0,7925,None,None,0.0
OUT_02859,Western,94.7056,0.0,45.45,0.0,7926,None,None,0.0
OUT_02862,Western,156.0707,0.0,0.0,0.0,7927,None,None,0.0
OUT_02876,Western,202.49899999999997,0.0,18.18,0.0,7928,None,None,0.0
OUT_02879,Western,81.6293,0.0,45.45,0.0,7929,None,None,0.0
OUT_02886,Western,116.32050000000001,0.0,51.52,0.0,7930,None,None,0.0
OUT_07774,Western,171.5516,0.0,42.42,0.0,7931,None,None,0.0
OUT_07775,Western,454.71709999999996,0.0,39.39,0.0,7932,None,None,0.0
OUT_02825,Western,116.5437,0.0,54.55,0.0,7933,None,None,0.0
OUT_02840,Western,451.28,0.0,78.79,0.0,7934,None,None,0.0
OUT_02847,Western,135.6961,0.0,69.7,0.0,7935,None,None,0.0
OUT_02849,Western,223.90279999999998,0.0,33.33,0.0,7936,None,None,0.0
OUT_02853,Western,217.4838,0.0,39.39,0.0,7937,None,None,0.0
OUT_02791,Western,233.66630000000004,0.0,60.61,0.0,7938,None,None,0.0
OUT_02795,Western,102.85799999999999,0.0,0.0,0.0,7939,None,None,0.0
OUT_02796,Western,112.85269999999998,0.0,42.42,0.0,7940,None,None,0.0
OUT_02806,Western,265.2883,0.0,45.45,0.0,7941,None,None,0.0
OUT_02814,Western,94.619,0.0,54.55,0.0,7942,None,None,0.0
OUT_02815,Western,130.35060000000001,0.0,27.27,0.0,7943,None,None,0.0
OUT_02817,Western,233.83210000000003,0.0,45.45,0.0,7944,None,None,0.0
OUT_02818,Western,246.48319999999998,0.0,54.55,0.0,7945,None,None,0.0
OUT_02819,Western,242.5091,0.0,57.58,0.0,7946,None,None,0.0
OUT_07790,Western,236.6769,0.0,36.36,0.0,7947,None,None,0.0
OUT_07796,Western,813.5628999999999,0.0,39.39,0.0,7948,None,None,0.0
OUT_07803,Western,119.12209999999999,0.0,48.48,0.0,7949,None,None,0.0
OUT_07806,Western,224.6812,0.0,39.39,0.0,7950,None,None,0.0
OUT_07812,Western,95.8856,0.0,30.3,0.0,7951,None,None,0.0
OUT_06978,Western,132.31709999999998,0.0,69.7,0.0,7952,None,None,0.0
OUT_06982,Western,72.39769999999999,0.0,27.27,0.0,7953,None,None,0.0
OUT_04811,Western,451.4596,0.0,36.36,0.0,7954,None,None,0.0
OUT_04823,Western,262.324,0.0,36.36,0.0,7955,None,None,0.0
OUT_04828,Western,88.1011,0.0,36.36,0.0,7956,None,None,0.0
OUT_04788,Western,236.5833,0.0,51.52,0.0,7957,None,None,0.0
OUT_04790,Western,679.7256,0.0,51.52,0.0,7958,None,None,0.0
OUT_04798,Western,505.95579999999995,0.0,33.33,0.0,7959,None,None,0.0
OUT_07012,Western,537.9939999999999,0.0,42.42,0.0,7960,None,None,0.0
OUT_04751,Western,456.4444,0.0,54.55,0.0,7961,None,None,0.0
OUT_02776,Western,461.7776,0.0,39.39,0.0,7962,None,None,0.0
OUT_02778,Western,65.7937,0.0,24.24,0.0,7963,None,None,0.0
OUT_02733,Western,71.4784,0.0,30.3,0.0,7964,None,None,0.0
OUT_02735,Western,78.1921,0.0,54.55,0.0,7965,None,None,0.0
OUT_02739,Western,229.13569999999999,0.0,63.64,0.0,7966,None,None,0.0
OUT_02750,Western,83.5333,0.0,33.33,0.0,7967,None,None,0.0
OUT_02751,Western,502.83660000000003,0.0,45.45,0.0,7968,None,None,0.0
OUT_02754,Western,72.6532,0.0,42.42,0.0,7969,None,None,0.0
OUT_02756,Western,106.8305,0.0,63.64,0.0,7970,None,None,0.0
OUT_07815,Western,834.5828000000001,0.0,51.52,0.0,7971,None,None,0.0
OUT_07820,Western,106.35130000000001,0.0,36.36,0.0,7972,None,None,0.0
OUT_07835,Western,89.0702,0.0,48.48,0.0,7973,None,None,0.0
OUT_07838,Western,225.3623,0.0,33.33,0.0,7974,None,None,0.0
OUT_07839,Western,74.4169,0.0,54.55,0.0,7975,None,None,0.0
OUT_07841,Western,85.0852,0.0,15.15,0.0,7976,None,None,0.0
OUT_06946,Western,98.6186,0.0,39.39,0.0,7977,None,None,0.0
OUT_04874,Western,90.3974,0.0,42.42,0.0,7978,None,None,0.0
OUT_04878,Western,84.4039,0.0,39.39,0.0,7979,None,None,0.0
OUT_04893,Western,205.74740000000003,0.0,54.55,0.0,7980,None,None,0.0
OUT_04896,Western,127.5989,0.0,48.48,0.0,7981,None,None,0.0
OUT_04839,Western,72.3634,0.0,24.24,0.0,7982,None,None,0.0
OUT_04844,Western,507.65930000000003,0.0,42.42,0.0,7983,None,None,0.0
OUT_04847,Western,76.2504,0.0,33.33,0.0,7984,None,None,0.0
OUT_04849,Western,245.48250000000002,0.0,45.45,0.0,7985,None,None,0.0
OUT_04851,Western,223.632,0.0,42.42,0.0,7986,None,None,0.0
OUT_04853,Western,893.4567999999997,0.0,39.39,0.0,7987,None,None,0.0
OUT_04859,Western,211.3535,0.0,48.48,0.0,7988,None,None,0.0
OUT_04860,Western,197.9812,0.0,78.79,0.0,7989,None,None,0.0
OUT_04869,Western,459.26980000000003,0.0,69.7,0.0,7990,None,None,0.0
OUT_06963,Western,156.46089999999998,0.0,39.39,0.0,7991,None,None,0.0
OUT_06966,Western,67.5575,0.0,42.42,0.0,7992,None,None,0.0
OUT_06972,Western,74.0562,0.0,45.45,0.0,7993,None,None,0.0
OUT_02675,Western,68.1031,0.0,24.24,0.0,7994,None,None,0.0
OUT_02687,Western,76.82910000000001,0.0,36.36,0.0,7995,None,None,0.0
OUT_02689,Western,80.878,0.0,36.36,0.0,7996,None,None,0.0
OUT_07850,Western,52.884800000000006,0.0,42.42,0.0,7997,None,None,0.0
OUT_07854,Western,66.6473,0.0,12.12,0.0,7998,None,None,0.0
OUT_07867,Western,487.4314,0.0,42.42,0.0,7999,None,None,0.0
OUT_07873,Western,79.39880000000001,0.0,36.36,0.0,8000,None,None,0.0
OUT_07875,Western,535.8738,0.0,27.27,0.0,8001,None,None,0.0
OUT_02641,Western,405.07820000000004,0.0,42.42,0.0,8002,None,None,0.0
OUT_02643,Western,507.41800000000006,0.0,54.55,0.0,8003,None,None,0.0
OUT_02644,Western,192.69469999999998,0.0,45.45,0.0,8004,None,None,0.0
OUT_02609,Western,72.464,0.0,42.42,0.0,8005,None,None,0.0
OUT_02612,Western,208.85060000000001,0.0,36.36,0.0,8006,None,None,0.0
OUT_02613,Western,220.6166,0.0,48.48,0.0,8007,None,None,0.0
OUT_02615,Western,523.6886999999999,0.0,36.36,0.0,8008,None,None,0.0
OUT_02621,Western,149.50920000000002,0.0,30.3,0.0,8009,None,None,0.0
OUT_02577,Western,115.4051,0.0,45.45,0.0,8010,None,None,0.0
OUT_07881,Western,74.7593,0.0,42.42,0.0,8011,None,None,0.0
OUT_07882,Western,63.7372,0.0,27.27,0.0,8012,None,None,0.0
OUT_07890,Western,77.731,0.0,39.39,0.0,8013,None,None,0.0
OUT_07896,Western,702.4996000000001,0.0,36.36,0.0,8014,None,None,0.0
OUT_07902,Western,101.0822,0.0,51.52,0.0,8015,None,None,0.0
OUT_02535,Western,105.48840000000001,0.0,42.42,0.0,8016,None,None,0.0
OUT_02543,Western,249.3471,0.0,21.21,0.0,8017,None,None,0.0
OUT_02545,Western,188.28629999999998,0.0,15.15,0.0,8018,None,None,0.0
OUT_02550,Western,111.0335,0.0,33.33,0.0,8019,None,None,0.0
OUT_04969,Western,198.61580000000004,0.0,39.39,0.0,8020,None,None,0.0
OUT_04982,Western,166.3588,0.0,87.88,0.0,8021,None,None,0.0
OUT_04983,Western,325.2584,0.0,51.52,0.0,8022,None,None,0.0
OUT_04996,Western,251.57729999999998,0.0,42.42,0.0,8023,None,None,0.0
OUT_04943,Western,101.3588,0.0,27.27,0.0,8024,None,None,0.0
OUT_04913,Western,473.3091,0.0,30.3,0.0,8025,None,None,0.0
OUT_04924,Western,446.24479999999994,0.0,45.45,0.0,8026,None,None,0.0
OUT_06921,Western,73.48140000000001,0.0,51.52,0.0,8027,None,None,0.0
OUT_06928,Western,89.2625,0.0,69.7,0.0,8028,None,None,0.0
OUT_06934,Western,79.272,0.0,54.55,0.0,8029,None,None,0.0
OUT_02552,Western,424.94059999999996,0.0,48.48,0.0,8030,None,None,0.0
OUT_02559,Western,105.96430000000001,0.0,27.27,0.0,8031,None,None,0.0
OUT_02561,Western,102.9924,0.0,45.45,0.0,8032,None,None,0.0
OUT_02564,Western,77.0105,0.0,24.24,0.0,8033,None,None,0.0
OUT_02566,Western,195.76459999999997,0.0,33.33,0.0,8034,None,None,0.0
OUT_02505,Western,94.675,0.0,51.52,0.0,8035,None,None,0.0
OUT_02512,Western,202.2715,0.0,27.27,0.0,8036,None,None,0.0
OUT_02514,Western,471.64349999999996,0.0,72.73,0.0,8037,None,None,0.0
OUT_02516,Western,308.5612,0.0,48.48,0.0,8038,None,None,0.0
OUT_02525,Western,572.5606,0.0,42.42,0.0,8039,None,None,0.0
OUT_02530,Western,139.8849,0.0,33.33,0.0,8040,None,None,0.0
OUT_02532,Western,62.09140000000001,0.0,18.18,0.0,8041,None,None,0.0
OUT_07912,Western,72.8184,0.0,45.45,0.0,8042,None,None,0.0
OUT_07915,Western,169.12,0.0,51.52,0.0,8043,None,None,0.0
OUT_07922,Western,81.8748,0.0,24.24,0.0,8044,None,None,0.0
OUT_07924,Western,451.9687,0.0,42.42,0.0,8045,None,None,0.0
OUT_07938,Western,515.6004,0.0,42.42,0.0,8046,None,None,0.0
OUT_02479,Western,571.9965,0.0,30.3,0.0,8047,None,None,0.0
OUT_02483,Western,139.4924,0.0,24.24,0.0,8048,None,None,0.0
OUT_02492,Western,149.77530000000002,0.0,60.61,0.0,8049,None,None,0.0
OUT_02495,Western,71.7498,0.0,30.3,0.0,8050,None,None,0.0
OUT_02497,Western,90.5813,0.0,39.39,0.0,8051,None,None,0.0
OUT_02449,Western,72.6412,0.0,18.18,0.0,8052,None,None,0.0
OUT_02450,Western,73.4448,0.0,33.33,0.0,8053,None,None,0.0
OUT_02460,Western,224.25480000000002,0.0,48.48,0.0,8054,None,None,0.0
OUT_02469,Western,149.4032,0.0,33.33,0.0,8055,None,None,0.0
OUT_02408,Western,228.0536,0.0,57.58,0.0,8056,None,None,0.0
OUT_02412,Western,93.30499999999999,0.0,33.33,0.0,8057,None,None,0.0
OUT_02416,Western,414.18480000000005,0.0,57.58,0.0,8058,None,None,0.0
OUT_02426,Western,67.8246,0.0,0.0,0.0,8059,None,None,0.0
OUT_02435,Western,82.7248,0.0,33.33,0.0,8060,None,None,0.0
OUT_02436,Western,341.9233,0.0,90.91,0.0,8061,None,None,0.0
OUT_07955,Western,238.04010000000002,0.0,54.55,0.0,8062,None,None,0.0
OUT_07957,Western,208.63549999999998,0.0,42.42,0.0,8063,None,None,0.0
OUT_07959,Western,119.1494,0.0,84.85,0.0,8064,None,None,0.0
OUT_07963,Western,64.6149,0.0,48.48,0.0,8065,None,None,0.0
OUT_07972,Western,206.61289999999997,0.0,39.39,0.0,8066,None,None,0.0
OUT_02384,Western,185.15499999999997,0.0,27.27,0.0,8067,None,None,0.0
OUT_02387,Western,570.3154,0.0,24.24,0.0,8068,None,None,0.0
OUT_02388,Western,120.92339999999999,0.0,54.55,0.0,8069,None,None,0.0
OUT_02389,Western,135.7885,0.0,0.0,0.0,8070,None,None,0.0
OUT_02394,Western,176.187,0.0,60.61,0.0,8071,None,None,0.0
OUT_02401,Western,795.4118000000001,0.0,39.39,0.0,8072,None,None,0.0
OUT_02346,Western,542.1316,0.0,51.52,0.0,8073,None,None,0.0
OUT_02347,Western,237.01739999999995,0.0,30.3,0.0,8074,None,None,0.0
OUT_02355,Western,259.6086,0.0,21.21,0.0,8075,None,None,0.0
OUT_02360,Western,86.8845,0.0,54.55,0.0,8076,None,None,0.0
OUT_02362,Western,88.84280000000001,0.0,39.39,0.0,8077,None,None,0.0
OUT_02366,Western,111.869,0.0,42.42,0.0,8078,None,None,0.0
OUT_02373,Western,664.4603,0.0,45.45,0.0,8079,None,None,0.0
OUT_07976,Western,135.6181,0.0,27.27,0.0,8080,None,None,0.0
OUT_07995,Western,89.17500000000001,0.0,33.33,0.0,8081,None,None,0.0
OUT_07999,Western,129.79680000000002,0.0,45.45,0.0,8082,None,None,0.0
OUT_08000,Western,76.5403,0.0,45.45,0.0,8083,None,None,0.0
OUT_05064,Western,255.51800000000003,0.0,48.48,0.0,8084,None,None,0.0
OUT_05081,Western,110.5674,0.0,45.45,0.0,8085,None,None,0.0
OUT_05052,Western,560.6812,0.0,39.39,0.0,8086,None,None,0.0
OUT_05054,Western,70.56530000000001,0.0,96.97,0.0,8087,None,None,0.0
OUT_05059,Western,269.8412,0.0,30.3,0.0,8088,None,None,0.0
OUT_05012,Western,71.3866,0.0,48.48,0.0,8089,None,None,0.0
OUT_05018,Western,179.0639,0.0,33.33,0.0,8090,None,None,0.0
OUT_05026,Western,244.2079,0.0,30.3,0.0,8091,None,None,0.0
OUT_06897,Western,125.6477,0.0,24.24,0.0,8092,None,None,0.0
OUT_06900,Western,79.37939999999999,0.0,60.61,0.0,8093,None,None,0.0
OUT_06901,Western,183.98130000000003,0.0,51.52,0.0,8094,None,None,0.0
OUT_06907,Western,56.3807,0.0,69.7,0.0,8095,None,None,0.0
OUT_06912,Western,40.8093,0.0,51.52,0.0,8096,None,None,0.0
OUT_08002,Western,157.0032,0.0,33.33,0.0,8097,None,None,0.0
OUT_02320,Western,240.36249999999998,0.0,60.61,0.0,8098,None,None,0.0
OUT_02322,Western,788.6300000000001,0.0,45.45,0.0,8099,None,None,0.0
OUT_02329,Western,89.2772,0.0,45.45,0.0,8100,None,None,0.0
OUT_02342,Western,112.57659999999998,0.0,33.33,0.0,8101,None,None,0.0
OUT_02280,Western,223.94920000000002,0.0,36.36,0.0,8102,None,None,0.0
OUT_02286,Western,465.27509999999995,0.0,27.27,0.0,8103,None,None,0.0
OUT_02290,Western,76.45830000000001,0.0,48.48,0.0,8104,None,None,0.0
OUT_02292,Western,112.314,0.0,24.24,0.0,8105,None,None,0.0
OUT_02306,Western,141.2153,0.0,36.36,0.0,8106,None,None,0.0
OUT_02249,Western,196.4712,0.0,51.52,0.0,8107,None,None,0.0
OUT_02278,Western,60.189,0.0,42.42,0.0,8108,None,None,0.0
OUT_08017,Western,72.926,0.0,39.39,0.0,8109,None,None,0.0
OUT_08034,Western,94.4486,0.0,33.33,0.0,8110,None,None,0.0
OUT_02220,Western,84.8084,0.0,42.42,0.0,8111,None,None,0.0
OUT_02221,Western,148.70569999999998,0.0,51.52,0.0,8112,None,None,0.0
OUT_02234,Western,233.23030000000003,0.0,45.45,0.0,8113,None,None,0.0
OUT_02235,Western,49.1435,0.0,30.3,0.0,8114,None,None,0.0
OUT_02238,Western,501.538,0.0,54.55,0.0,8115,None,None,0.0
OUT_02183,Western,150.1777,0.0,45.45,0.0,8116,None,None,0.0
OUT_02184,Western,155.87490000000003,0.0,36.36,0.0,8117,None,None,0.0
OUT_02195,Western,94.00880000000001,0.0,42.42,0.0,8118,None,None,0.0
OUT_02203,Western,604.8880999999999,0.0,27.27,0.0,8119,None,None,0.0
OUT_02206,Western,97.28989999999999,0.0,45.45,0.0,8120,None,None,0.0
OUT_02213,Western,74.36500000000001,0.0,36.36,0.0,8121,None,None,0.0
OUT_08039,Western,512.5144,0.0,84.85,0.0,8122,None,None,0.0
OUT_08041,Western,410.8282,0.0,63.64,0.0,8123,None,None,0.0
OUT_08042,Western,215.11129999999997,0.0,42.42,0.0,8124,None,None,0.0
OUT_08047,Western,863.1046000000001,0.0,63.64,0.0,8125,None,None,0.0
OUT_08057,Western,247.9896,0.0,51.52,0.0,8126,None,None,0.0
OUT_08058,Western,180.03849999999997,0.0,27.27,0.0,8127,None,None,0.0
OUT_08063,Western,232.13180000000003,0.0,57.58,0.0,8128,None,None,0.0
OUT_08068,Western,67.3886,0.0,36.36,0.0,8129,None,None,0.0
OUT_02164,Western,234.4968,0.0,42.42,0.0,8130,None,None,0.0
OUT_05184,Western,105.5221,0.0,27.27,0.0,8131,None,None,0.0
OUT_05186,Western,483.95459999999997,0.0,42.42,0.0,8132,None,None,0.0
OUT_05136,Western,168.48060000000004,0.0,36.36,0.0,8133,None,None,0.0
OUT_05144,Western,102.19819999999999,0.0,48.48,0.0,8134,None,None,0.0
OUT_05154,Western,66.0623,0.0,18.18,0.0,8135,None,None,0.0
OUT_05155,Western,267.9404,0.0,36.36,0.0,8136,None,None,0.0
OUT_05157,Western,780.3036000000002,0.0,39.39,0.0,8137,None,None,0.0
OUT_05158,Western,74.12459999999999,0.0,48.48,0.0,8138,None,None,0.0
OUT_05111,Western,68.72070000000001,0.0,24.24,0.0,8139,None,None,0.0
OUT_05118,Western,181.2302,0.0,69.7,0.0,8140,None,None,0.0
OUT_05123,Western,158.3303,0.0,39.39,0.0,8141,None,None,0.0
OUT_05125,Western,97.2541,0.0,39.39,0.0,8142,None,None,0.0
OUT_06875,Western,93.0045,0.0,45.45,0.0,8143,None,None,0.0
OUT_06885,Western,65.86580000000001,0.0,27.27,0.0,8144,None,None,0.0
OUT_02169,Western,64.43299999999999,0.0,24.24,0.0,8145,None,None,0.0
OUT_02174,Western,73.6739,0.0,60.61,0.0,8146,None,None,0.0
OUT_02179,Western,188.81099999999998,0.0,36.36,0.0,8147,None,None,0.0
OUT_02120,Western,82.0354,0.0,48.48,0.0,8148,None,None,0.0
OUT_02122,Western,69.7813,0.0,27.27,0.0,8149,None,None,0.0
OUT_02126,Western,87.0027,0.0,48.48,0.0,8150,None,None,0.0
OUT_02139,Western,531.3444,0.0,42.42,0.0,8151,None,None,0.0
OUT_08075,Western,126.1033,0.0,18.18,0.0,8152,None,None,0.0
OUT_08076,Western,211.2036,0.0,54.55,0.0,8153,None,None,0.0
OUT_08085,Western,77.6707,0.0,45.45,0.0,8154,None,None,0.0
OUT_08093,Western,170.9803,0.0,39.39,0.0,8155,None,None,0.0
OUT_08095,Western,83.0414,0.0,48.48,0.0,8156,None,None,0.0
OUT_02090,Western,87.2058,0.0,45.45,0.0,8157,None,None,0.0
OUT_00028,Western,1382.6843,0.0,48.48,0.0,8158,None,None,0.0
OUT_02097,Western,568.7997,0.0,42.42,0.0,8159,None,None,0.0
OUT_02105,Western,67.49000000000001,0.0,12.12,0.0,8160,None,None,0.0
OUT_02115,Western,112.65469999999999,0.0,39.39,0.0,8161,None,None,0.0
OUT_02057,Western,224.421,0.0,60.61,0.0,8162,None,None,0.0
OUT_02064,Western,107.9851,0.0,51.52,0.0,8163,None,None,0.0
OUT_02070,Western,66.2234,0.0,51.52,0.0,8164,None,None,0.0
OUT_02076,Western,61.8982,0.0,33.33,0.0,8165,None,None,0.0
OUT_00037,Western,1051.6169,0.0,100.0,0.0,8166,None,None,0.0
OUT_02024,Western,150.73250000000002,0.0,30.3,0.0,8167,None,None,0.0
OUT_02027,Western,230.92659999999998,0.0,60.61,0.0,8168,None,None,0.0
OUT_08970,Western,266.8103,0.0,45.45,0.0,8169,None,None,0.0
OUT_02031,Western,41.2891,0.0,48.48,0.0,8170,None,None,0.0
OUT_02032,Western,250.8499,0.0,33.33,0.0,8171,None,None,0.0
OUT_02041,Western,95.4532,0.0,33.33,0.0,8172,None,None,0.0
OUT_02049,Western,69.2882,0.0,33.33,0.0,8173,None,None,0.0
OUT_02052,Western,94.3784,0.0,39.39,0.0,8174,None,None,0.0
OUT_02053,Western,120.8525,0.0,36.36,0.0,8175,None,None,0.0
OUT_08973,Western,150.9465,0.0,48.48,0.0,8176,None,None,0.0
OUT_08106,Western,111.7652,0.0,27.27,0.0,8177,None,None,0.0
OUT_08109,Western,760.4725000000001,0.0,69.7,0.0,8178,None,None,0.0
OUT_08117,Western,121.77420000000001,0.0,33.33,0.0,8179,None,None,0.0
OUT_08118,Western,442.476,0.0,45.45,0.0,8180,None,None,0.0
OUT_08127,Western,433.36960000000005,0.0,45.45,0.0,8181,None,None,0.0
OUT_08130,Western,67.9087,0.0,48.48,0.0,8182,None,None,0.0
OUT_08133,Western,78.3703,0.0,48.48,0.0,8183,None,None,0.0
OUT_08983,Western,152.55159999999998,0.0,51.52,0.0,8184,None,None,0.0
OUT_05242,Western,69.5145,0.0,48.48,0.0,8185,None,None,0.0
OUT_05244,Western,231.83750000000003,0.0,45.45,0.0,8186,None,None,0.0
OUT_05247,Western,78.37060000000001,0.0,45.45,0.0,8187,None,None,0.0
OUT_08990,Western,83.00819999999999,0.0,45.45,0.0,8188,None,None,0.0
OUT_05192,Western,224.08769999999998,0.0,45.45,0.0,8189,None,None,0.0
OUT_06320,Western,155.9918,0.0,36.36,0.0,8190,None,None,0.0
OUT_05194,Western,208.13510000000002,0.0,54.55,0.0,8191,None,None,0.0
OUT_05195,Western,235.96609999999998,0.0,51.52,0.0,8192,None,None,0.0
OUT_05197,Western,412.9438,0.0,30.3,0.0,8193,None,None,0.0
OUT_05200,Western,67.1876,0.0,39.39,0.0,8194,None,None,0.0
OUT_06342,Western,179.5787,0.0,54.55,0.0,8195,None,None,0.0
OUT_05213,Western,82.3137,0.0,39.39,0.0,8196,None,None,0.0
OUT_06345,Western,107.2862,0.0,45.45,0.0,8197,None,None,0.0
OUT_06823,Western,223.8487,0.0,39.39,0.0,8198,None,None,0.0
OUT_06831,Western,180.2224,0.0,60.61,0.0,8199,None,None,0.0
OUT_06346,Western,87.1022,0.0,51.52,0.0,8200,None,None,0.0
OUT_06353,Western,186.6737,0.0,36.36,0.0,8201,None,None,0.0
OUT_06848,Western,95.1363,0.0,51.52,0.0,8202,None,None,0.0
OUT_05162,Western,521.9472000000001,0.0,42.42,0.0,8203,None,None,0.0
OUT_01994,Western,139.0774,0.0,48.48,0.0,8204,None,None,0.0
OUT_01996,Western,439.5339,0.0,48.48,0.0,8205,None,None,0.0
OUT_02007,Western,137.5509,0.0,18.18,0.0,8206,None,None,0.0
OUT_02012,Western,232.6418,0.0,39.39,0.0,8207,None,None,0.0
OUT_06354,Western,117.874,0.0,45.45,0.0,8208,None,None,0.0
OUT_02019,Western,100.76329999999999,0.0,48.48,0.0,8209,None,None,0.0
OUT_06369,Western,160.70139999999998,0.0,42.42,0.0,8210,None,None,0.0
OUT_06372,Western,230.1057,0.0,27.27,0.0,8211,None,None,0.0
OUT_08871,Western,474.2938,0.0,51.52,0.0,8212,None,None,0.0
OUT_04072,Western,97.3331,0.0,27.27,0.0,8213,None,None,0.0
OUT_06246,Western,535.4148,0.0,45.45,0.0,8214,None,None,0.0
OUT_08148,Western,196.4769,0.0,54.55,0.0,8215,None,None,0.0
OUT_00161,Western,530.5139,0.0,33.33,0.0,8216,None,None,0.0
OUT_08928,Western,438.79810000000003,0.0,39.39,0.0,8217,None,None,0.0
OUT_08156,Western,111.53889999999998,0.0,54.55,0.0,8218,None,None,0.0
OUT_08158,Western,573.0114000000001,0.0,24.24,0.0,8219,None,None,0.0
OUT_00137,Western,462.2319,0.0,57.58,0.0,8220,None,None,0.0
OUT_01928,Western,505.3251,0.0,45.45,0.0,8221,None,None,0.0
OUT_00141,Western,426.4503,0.0,39.39,0.0,8222,None,None,0.0
OUT_01935,Western,72.0419,0.0,48.48,0.0,8223,None,None,0.0
OUT_01947,Western,88.1641,0.0,63.64,0.0,8224,None,None,0.0
OUT_01957,Western,66.4357,0.0,63.64,0.0,8225,None,None,0.0
OUT_00142,Western,535.4915,0.0,69.7,0.0,8226,None,None,0.0
OUT_00143,Western,562.2774,0.0,42.42,0.0,8227,None,None,0.0
OUT_00155,Western,425.34590000000003,0.0,30.3,0.0,8228,None,None,0.0
OUT_01908,Western,465.65669999999994,0.0,33.33,0.0,8229,None,None,0.0
OUT_01911,Western,223.7516,0.0,18.18,0.0,8230,None,None,0.0
OUT_01913,Western,188.24650000000003,0.0,42.42,0.0,8231,None,None,0.0
OUT_00025,Western,1092.2832999999998,0.0,51.52,0.0,8232,None,None,0.0
OUT_01915,Western,74.7808,0.0,36.36,0.0,8233,None,None,0.0
OUT_01864,Western,171.9993,0.0,0.0,0.0,8234,None,None,0.0
OUT_00106,Western,378.9694,0.0,63.64,0.0,8235,None,None,0.0
OUT_01889,Western,129.8444,0.0,45.45,0.0,8236,None,None,0.0
OUT_01890,Western,62.3548,0.0,42.42,0.0,8237,None,None,0.0
OUT_08170,Western,93.68969999999999,0.0,30.3,0.0,8238,None,None,0.0
OUT_08172,Western,226.13959999999997,0.0,21.21,0.0,8239,None,None,0.0
OUT_08184,Western,128.7227,0.0,24.24,0.0,8240,None,None,0.0
OUT_08185,Western,100.8444,0.0,36.36,0.0,8241,None,None,0.0
OUT_08192,Western,160.8631,0.0,42.42,0.0,8242,None,None,0.0
OUT_00110,Western,526.1192,0.0,84.85,0.0,8243,None,None,0.0
OUT_05296,Western,81.9945,0.0,45.45,0.0,8244,None,None,0.0
OUT_05299,Western,465.28799999999995,0.0,36.36,0.0,8245,None,None,0.0
OUT_00134,Western,525.744,0.0,36.36,0.0,8246,None,None,0.0
OUT_05305,Western,255.9629,0.0,51.52,0.0,8247,None,None,0.0
OUT_00075,Western,459.58279999999996,0.0,51.52,0.0,8248,None,None,0.0
OUT_05315,Western,156.9369,0.0,42.42,0.0,8249,None,None,0.0
OUT_05317,Western,115.3135,0.0,48.48,0.0,8250,None,None,0.0
OUT_05261,Western,109.1834,0.0,39.39,0.0,8251,None,None,0.0
OUT_05264,Western,501.7868,0.0,51.52,0.0,8252,None,None,0.0
OUT_05268,Western,79.46340000000001,0.0,48.48,0.0,8253,None,None,0.0
OUT_05272,Western,521.1502,0.0,45.45,0.0,8254,None,None,0.0
OUT_05275,Western,91.9264,0.0,51.52,0.0,8255,None,None,0.0
OUT_05278,Western,62.926899999999996,0.0,42.42,0.0,8256,None,None,0.0
OUT_05280,Western,715.6104,0.0,54.55,0.0,8257,None,None,0.0
OUT_00090,Western,250.58480000000003,0.0,0.0,0.0,8258,None,None,0.0
OUT_00092,Western,506.5107,0.0,42.42,0.0,8259,None,None,0.0
OUT_00102,Western,461.02899999999994,0.0,30.3,0.0,8260,None,None,0.0
OUT_00041,Western,1044.7983,0.0,54.55,0.0,8261,None,None,0.0
OUT_06814,Western,74.0527,0.0,18.18,0.0,8262,None,None,0.0
OUT_06816,Western,180.45099999999996,0.0,45.45,0.0,8263,None,None,0.0
OUT_06817,Western,527.4364,0.0,42.42,0.0,8264,None,None,0.0
OUT_05226,Western,86.75129999999999,0.0,51.52,0.0,8265,None,None,0.0
OUT_00057,Western,505.3191,0.0,54.55,0.0,8266,None,None,0.0
OUT_01848,Western,216.0842,0.0,48.48,0.0,8267,None,None,0.0
OUT_01799,Western,126.96369999999999,0.0,42.42,0.0,8268,None,None,0.0
OUT_01809,Western,192.67400000000004,0.0,27.27,0.0,8269,None,None,0.0
OUT_01811,Western,87.4649,0.0,42.42,0.0,8270,None,None,0.0
OUT_01812,Western,50.351299999999995,0.0,45.45,0.0,8271,None,None,0.0
OUT_01814,Western,240.33139999999997,0.0,39.39,0.0,8272,None,None,0.0
OUT_01817,Western,100.22729999999999,0.0,36.36,0.0,8273,None,None,0.0
OUT_01819,Western,116.929,0.0,54.55,0.0,8274,None,None,0.0
OUT_01830,Western,68.9411,0.0,51.52,0.0,8275,None,None,0.0
OUT_01767,Western,434.69300000000004,0.0,51.52,0.0,8276,None,None,0.0
OUT_01774,Western,262.33990000000006,0.0,27.27,0.0,8277,None,None,0.0
OUT_01778,Western,224.73019999999997,0.0,48.48,0.0,8278,None,None,0.0
OUT_01791,Western,80.2715,0.0,30.3,0.0,8279,None,None,0.0
OUT_01795,Western,210.071,0.0,42.42,0.0,8280,None,None,0.0
OUT_01798,Western,148.7366,0.0,90.91,0.0,8281,None,None,0.0
OUT_08201,Western,787.3405999999998,0.0,30.3,0.0,8282,None,None,0.0
OUT_08207,Western,87.8886,0.0,36.36,0.0,8283,None,None,0.0
OUT_05360,Western,163.3987,0.0,30.3,0.0,8284,None,None,0.0
OUT_05366,Western,793.1007999999999,0.0,30.3,0.0,8285,None,None,0.0
OUT_00058,Western,1395.4758,0.0,48.48,0.0,8286,None,None,0.0
OUT_00063,Western,476.62340000000006,0.0,27.27,0.0,8287,None,None,0.0
OUT_05325,Western,546.1889,0.0,39.39,0.0,8288,None,None,0.0
OUT_00064,Western,579.5857,0.0,39.39,0.0,8289,None,None,0.0
OUT_05336,Western,175.87290000000002,0.0,45.45,0.0,8290,None,None,0.0
OUT_00067,Western,521.6588,0.0,66.67,0.0,8291,None,None,0.0
OUT_00068,Western,494.0528,0.0,33.33,0.0,8292,None,None,0.0
OUT_06766,Western,211.9618,0.0,84.85,0.0,8293,None,None,0.0
OUT_08944,Western,354.8723,0.0,45.45,0.0,8294,None,None,0.0
OUT_04113,Western,85.8504,0.0,39.39,0.0,8295,None,None,0.0
OUT_06774,Western,265.8023,0.0,54.55,0.0,8296,None,None,0.0
OUT_04114,Western,180.5668,0.0,36.36,0.0,8297,None,None,0.0
OUT_06786,Western,101.5407,0.0,27.27,0.0,8298,None,None,0.0
OUT_06787,Western,109.5419,0.0,36.36,0.0,8299,None,None,0.0
OUT_06788,Western,71.2468,0.0,48.48,0.0,8300,None,None,0.0
OUT_04124,Western,84.6952,0.0,45.45,0.0,8301,None,None,0.0
OUT_08230,Western,211.1739,0.0,60.61,0.0,8302,None,None,0.0
OUT_01736,Western,655.1993,0.0,42.42,0.0,8303,None,None,0.0
OUT_01744,Western,78.5801,0.0,36.36,0.0,8304,None,None,0.0
OUT_01751,Western,116.98979999999999,0.0,57.58,0.0,8305,None,None,0.0
OUT_01760,Western,639.4295,0.0,33.33,0.0,8306,None,None,0.0
OUT_04125,Western,79.4621,0.0,51.52,0.0,8307,None,None,0.0
OUT_01762,Western,83.0321,0.0,45.45,0.0,8308,None,None,0.0
OUT_01706,Western,93.5033,0.0,30.3,0.0,8309,None,None,0.0
OUT_04071,Western,575.8297,0.0,30.3,0.0,8310,None,None,0.0
OUT_01719,Western,80.36680000000001,0.0,45.45,0.0,8311,None,None,0.0
OUT_00008,Western,1269.5052,0.0,51.52,0.0,8312,None,None,0.0
OUT_01731,Western,215.334,0.0,30.3,0.0,8313,None,None,0.0
OUT_08238,Western,216.94859999999997,0.0,33.33,0.0,8314,None,None,0.0
OUT_08249,Western,114.9597,0.0,42.42,0.0,8315,None,None,0.0
OUT_08255,Western,277.70259999999996,0.0,36.36,0.0,8316,None,None,0.0
OUT_08259,Western,153.5392,0.0,42.42,0.0,8317,None,None,0.0
OUT_04090,Western,224.4638,0.0,63.64,0.0,8318,None,None,0.0
OUT_01685,Western,82.5761,0.0,15.15,0.0,8319,None,None,0.0
OUT_04050,Western,438.9166,0.0,51.52,0.0,8320,None,None,0.0
OUT_01695,Western,241.8389,0.0,27.27,0.0,8321,None,None,0.0
OUT_01698,Western,86.4703,0.0,36.36,0.0,8322,None,None,0.0
OUT_08266,Western,42.9778,0.0,36.36,0.0,8323,None,None,0.0
OUT_08278,Western,908.5621000000001,0.0,51.52,0.0,8324,None,None,0.0
OUT_08279,Western,203.46050000000002,0.0,36.36,0.0,8325,None,None,0.0
OUT_08281,Western,449.97990000000004,0.0,33.33,0.0,8326,None,None,0.0
OUT_04051,Western,89.8747,0.0,39.39,0.0,8327,None,None,0.0
OUT_04053,Western,75.6851,0.0,30.3,0.0,8328,None,None,0.0
OUT_08287,Western,216.81609999999998,0.0,48.48,0.0,8329,None,None,0.0
OUT_08288,Western,190.77140000000003,0.0,39.39,0.0,8330,None,None,0.0
OUT_04063,Western,460.51589999999993,0.0,45.45,0.0,8331,None,None,0.0
OUT_07315,Western,174.233,0.0,51.52,0.0,8332,None,None,0.0
OUT_01640,Western,791.9018000000003,0.0,54.55,0.0,8333,None,None,0.0
OUT_01641,Western,829.3858,0.0,48.48,0.0,8334,None,None,0.0
OUT_01642,Western,84.13799999999999,0.0,45.45,0.0,8335,None,None,0.0
OUT_07320,Western,119.4281,0.0,48.48,0.0,8336,None,None,0.0
OUT_01649,Western,87.4543,0.0,27.27,0.0,8337,None,None,0.0
OUT_01653,Western,207.6499,0.0,30.3,0.0,8338,None,None,0.0
OUT_07324,Western,605.566,0.0,42.42,0.0,8339,None,None,0.0
OUT_01656,Western,515.1327,0.0,66.67,0.0,8340,None,None,0.0
OUT_07328,Western,162.8074,0.0,45.45,0.0,8341,None,None,0.0
OUT_05431,Western,213.14620000000002,0.0,51.52,0.0,8342,None,None,0.0
OUT_05437,Western,101.9547,0.0,51.52,0.0,8343,None,None,0.0
OUT_05439,Western,220.9328,0.0,30.3,0.0,8344,None,None,0.0
OUT_05446,Western,88.4068,0.0,45.45,0.0,8345,None,None,0.0
OUT_05383,Western,112.88530000000002,0.0,45.45,0.0,8346,None,None,0.0
OUT_05390,Western,138.9651,0.0,36.36,0.0,8347,None,None,0.0
OUT_05392,Western,197.42340000000002,0.0,69.7,0.0,8348,None,None,0.0
OUT_05393,Western,225.30010000000001,0.0,39.39,0.0,8349,None,None,0.0
OUT_07265,Western,77.4573,0.0,27.27,0.0,8350,None,None,0.0
OUT_05397,Western,68.0529,0.0,33.33,0.0,8351,None,None,0.0
OUT_04170,Western,241.83140000000003,0.0,42.42,0.0,8352,None,None,0.0
OUT_06731,Western,93.8466,0.0,36.36,0.0,8353,None,None,0.0
OUT_04176,Western,149.6562,0.0,30.3,0.0,8354,None,None,0.0
OUT_06736,Western,585.9893,0.0,48.48,0.0,8355,None,None,0.0
OUT_04178,Western,85.3149,0.0,45.45,0.0,8356,None,None,0.0
OUT_06747,Western,419.73359999999997,0.0,33.33,0.0,8357,None,None,0.0
OUT_06757,Western,73.36680000000001,0.0,33.33,0.0,8358,None,None,0.0
OUT_05353,Western,80.2706,0.0,30.3,0.0,8359,None,None,0.0
OUT_05359,Western,85.5521,0.0,45.45,0.0,8360,None,None,0.0
OUT_01665,Western,651.2707,0.0,42.42,0.0,8361,None,None,0.0
OUT_01667,Western,161.4932,0.0,100.0,0.0,8362,None,None,0.0
OUT_01607,Western,113.95559999999999,0.0,36.36,0.0,8363,None,None,0.0
OUT_04179,Western,138.3283,0.0,66.67,0.0,8364,None,None,0.0
OUT_01614,Western,64.8083,0.0,48.48,0.0,8365,None,None,0.0
OUT_01618,Western,107.192,0.0,51.52,0.0,8366,None,None,0.0
OUT_01626,Western,88.728,0.0,36.36,0.0,8367,None,None,0.0
OUT_04180,Western,196.46560000000002,0.0,39.39,0.0,8368,None,None,0.0
OUT_01632,Western,88.893,0.0,39.39,0.0,8369,None,None,0.0
OUT_01638,Western,204.9674,0.0,12.12,0.0,8370,None,None,0.0
OUT_08296,Western,846.3436000000002,0.0,48.48,0.0,8371,None,None,0.0
OUT_08298,Western,707.2361000000001,0.0,42.42,0.0,8372,None,None,0.0
OUT_08299,Western,77.0823,0.0,57.58,0.0,8373,None,None,0.0
OUT_04186,Western,101.8931,0.0,42.42,0.0,8374,None,None,0.0
OUT_04194,Western,478.4122,0.0,51.52,0.0,8375,None,None,0.0
OUT_08315,Western,96.5899,0.0,30.3,0.0,8376,None,None,0.0
OUT_04195,Western,118.2596,0.0,48.48,0.0,8377,None,None,0.0
OUT_08318,Western,80.5493,0.0,33.33,0.0,8378,None,None,0.0
OUT_08324,Western,89.7155,0.0,54.55,0.0,8379,None,None,0.0
OUT_04137,Western,192.21360000000004,0.0,45.45,0.0,8380,None,None,0.0
OUT_01583,Western,229.0305,0.0,36.36,0.0,8381,None,None,0.0
OUT_01585,Western,75.5649,0.0,33.33,0.0,8382,None,None,0.0
OUT_04142,Western,473.033,0.0,42.42,0.0,8383,None,None,0.0
OUT_01595,Western,920.633,0.0,30.3,0.0,8384,None,None,0.0
OUT_01598,Western,313.38820000000004,0.0,30.3,0.0,8385,None,None,0.0
OUT_01602,Western,196.1683,0.0,45.45,0.0,8386,None,None,0.0
OUT_01606,Western,65.5737,0.0,27.27,0.0,8387,None,None,0.0
OUT_01543,Western,121.65539999999999,0.0,51.52,0.0,8388,None,None,0.0
OUT_01545,Western,274.8096,0.0,39.39,0.0,8389,None,None,0.0
OUT_01555,Western,129.8826,0.0,36.36,0.0,8390,None,None,0.0
OUT_04144,Western,81.9449,0.0,51.52,0.0,8391,None,None,0.0
OUT_01567,Western,817.0752,0.0,57.58,0.0,8392,None,None,0.0
OUT_04145,Western,127.20809999999999,0.0,30.3,0.0,8393,None,None,0.0
OUT_01570,Western,412.9125,0.0,45.45,0.0,8394,None,None,0.0
OUT_01519,Western,95.58890000000001,0.0,42.42,0.0,8395,None,None,0.0
OUT_01527,Western,512.2031999999999,0.0,48.48,0.0,8396,None,None,0.0
OUT_01536,Western,92.8735,0.0,39.39,0.0,8397,None,None,0.0
OUT_01539,Western,102.3828,0.0,51.52,0.0,8398,None,None,0.0
OUT_08327,Western,435.055,0.0,60.61,0.0,8399,None,None,0.0
OUT_08335,Western,196.8973,0.0,39.39,0.0,8400,None,None,0.0
OUT_04147,Western,90.59,0.0,36.36,0.0,8401,None,None,0.0
OUT_08345,Western,74.3738,0.0,45.45,0.0,8402,None,None,0.0
OUT_04152,Western,69.49199999999999,0.0,48.48,0.0,8403,None,None,0.0
OUT_05526,Western,86.9067,0.0,36.36,0.0,8404,None,None,0.0
OUT_05534,Western,71.76670000000001,0.0,24.24,0.0,8405,None,None,0.0
OUT_05479,Western,105.3831,0.0,36.36,0.0,8406,None,None,0.0
OUT_05483,Western,371.3903,0.0,30.3,0.0,8407,None,None,0.0
OUT_05502,Western,64.06880000000001,0.0,60.61,0.0,8408,None,None,0.0
OUT_05503,Western,86.7148,0.0,57.58,0.0,8409,None,None,0.0
OUT_05505,Western,292.9252,0.0,39.39,0.0,8410,None,None,0.0
OUT_05507,Western,58.05919999999999,0.0,33.33,0.0,8411,None,None,0.0
OUT_07277,Western,73.3609,0.0,51.52,0.0,8412,None,None,0.0
OUT_07278,Western,77.7661,0.0,36.36,0.0,8413,None,None,0.0
OUT_05451,Western,264.4025,0.0,30.3,0.0,8414,None,None,0.0
OUT_05454,Western,221.8075,0.0,45.45,0.0,8415,None,None,0.0
OUT_05456,Western,247.65049999999997,0.0,60.61,0.0,8416,None,None,0.0
OUT_05461,Western,220.48740000000004,0.0,45.45,0.0,8417,None,None,0.0
OUT_06703,Western,181.9472,0.0,30.3,0.0,8418,None,None,0.0
OUT_06705,Western,91.5687,0.0,57.58,0.0,8419,None,None,0.0
OUT_06707,Western,211.5143,0.0,42.42,0.0,8420,None,None,0.0
OUT_07286,Western,176.71050000000002,0.0,39.39,0.0,8421,None,None,0.0
OUT_06717,Western,221.12220000000002,0.0,24.24,0.0,8422,None,None,0.0
OUT_06719,Western,65.52380000000001,0.0,51.52,0.0,8423,None,None,0.0
OUT_01479,Western,118.6913,0.0,30.3,0.0,8424,None,None,0.0
OUT_07293,Western,116.32239999999999,0.0,27.27,0.0,8425,None,None,0.0
OUT_01483,Western,193.33300000000003,0.0,42.42,0.0,8426,None,None,0.0
OUT_07294,Western,103.0337,0.0,45.45,0.0,8427,None,None,0.0
OUT_01487,Western,107.20179999999999,0.0,54.55,0.0,8428,None,None,0.0
OUT_01490,Western,207.17319999999995,0.0,39.39,0.0,8429,None,None,0.0
OUT_01492,Western,107.1984,0.0,27.27,0.0,8430,None,None,0.0
OUT_01498,Western,200.95889999999997,0.0,57.58,0.0,8431,None,None,0.0
OUT_04008,Western,112.92389999999999,0.0,39.39,0.0,8432,None,None,0.0
OUT_04009,Western,435.5087,0.0,33.33,0.0,8433,None,None,0.0
OUT_01467,Western,135.1172,0.0,33.33,0.0,8434,None,None,0.0
OUT_01476,Western,207.8808,0.0,36.36,0.0,8435,None,None,0.0
OUT_01478,Western,69.94460000000001,0.0,33.33,0.0,8436,None,None,0.0
OUT_08363,Western,93.7855,0.0,39.39,0.0,8437,None,None,0.0
OUT_08369,Western,83.8344,0.0,36.36,0.0,8438,None,None,0.0
OUT_08371,Western,195.6995,0.0,45.45,0.0,8439,None,None,0.0
OUT_08373,Western,64.6151,0.0,36.36,0.0,8440,None,None,0.0
OUT_08376,Western,91.54310000000001,0.0,57.58,0.0,8441,None,None,0.0
OUT_04015,Western,101.1904,0.0,42.42,0.0,8442,None,None,0.0
OUT_05578,Western,779.2411,0.0,48.48,0.0,8443,None,None,0.0
OUT_05586,Western,193.61450000000002,0.0,36.36,0.0,8444,None,None,0.0
OUT_05587,Western,153.1742,0.0,42.42,0.0,8445,None,None,0.0
OUT_05589,Western,78.61840000000001,0.0,45.45,0.0,8446,None,None,0.0
OUT_05599,Western,59.7174,0.0,66.67,0.0,8447,None,None,0.0
OUT_03977,Western,94.3328,0.0,36.36,0.0,8448,None,None,0.0
OUT_05547,Western,102.0488,0.0,15.15,0.0,8449,None,None,0.0
OUT_05549,Western,90.57119999999999,0.0,45.45,0.0,8450,None,None,0.0
OUT_05553,Western,189.8607,0.0,48.48,0.0,8451,None,None,0.0
OUT_05565,Western,465.69089999999994,0.0,39.39,0.0,8452,None,None,0.0
OUT_05569,Western,448.1855,0.0,42.42,0.0,8453,None,None,0.0
OUT_06664,Western,173.01689999999996,0.0,42.42,0.0,8454,None,None,0.0
OUT_06669,Western,100.6785,0.0,48.48,0.0,8455,None,None,0.0
OUT_06674,Western,69.6265,0.0,33.33,0.0,8456,None,None,0.0
OUT_06678,Western,251.1409,0.0,48.48,0.0,8457,None,None,0.0
OUT_03985,Western,278.2981,0.0,30.3,0.0,8458,None,None,0.0
OUT_06693,Western,103.7783,0.0,57.58,0.0,8459,None,None,0.0
OUT_05511,Western,453.4239,0.0,42.42,0.0,8460,None,None,0.0
OUT_03999,Western,737.4115999999999,0.0,42.42,0.0,8461,None,None,0.0
OUT_01417,Western,200.4101,0.0,30.3,0.0,8462,None,None,0.0
OUT_01422,Western,86.7873,0.0,33.33,0.0,8463,None,None,0.0
OUT_01426,Western,88.5392,0.0,27.27,0.0,8464,None,None,0.0
OUT_01430,Western,122.8295,0.0,24.24,0.0,8465,None,None,0.0
OUT_01433,Western,78.25999999999999,0.0,39.39,0.0,8466,None,None,0.0
OUT_04000,Western,95.0351,0.0,42.42,0.0,8467,None,None,0.0
OUT_01435,Western,90.6646,0.0,27.27,0.0,8468,None,None,0.0
OUT_01444,Western,167.87189999999998,0.0,60.61,0.0,8469,None,None,0.0
OUT_01445,Western,212.0356,0.0,48.48,0.0,8470,None,None,0.0
OUT_08393,Western,63.0864,0.0,24.24,0.0,8471,None,None,0.0
OUT_03944,Western,656.2896000000001,0.0,60.61,0.0,8472,None,None,0.0
OUT_08397,Western,53.958299999999994,0.0,48.48,0.0,8473,None,None,0.0
OUT_08403,Western,121.19829999999999,0.0,54.55,0.0,8474,None,None,0.0
OUT_08419,Western,118.4109,0.0,33.33,0.0,8475,None,None,0.0
OUT_08422,Western,207.1638,0.0,48.48,0.0,8476,None,None,0.0
OUT_01395,Western,161.88299999999998,0.0,39.39,0.0,8477,None,None,0.0
OUT_01398,Western,126.1868,0.0,33.33,0.0,8478,None,None,0.0
OUT_01400,Western,518.3146999999999,0.0,60.61,0.0,8479,None,None,0.0
OUT_01403,Western,241.1674,0.0,45.45,0.0,8480,None,None,0.0
OUT_01407,Western,93.8315,0.0,42.42,0.0,8481,None,None,0.0
OUT_01410,Western,527.9707,0.0,36.36,0.0,8482,None,None,0.0
OUT_01414,Western,87.6574,0.0,48.48,0.0,8483,None,None,0.0
OUT_01353,Western,103.8118,0.0,51.52,0.0,8484,None,None,0.0
OUT_01355,Western,467.9488,0.0,54.55,0.0,8485,None,None,0.0
OUT_01358,Western,193.1412,0.0,24.24,0.0,8486,None,None,0.0
OUT_01363,Western,83.9076,0.0,42.42,0.0,8487,None,None,0.0
OUT_03948,Western,80.36240000000001,0.0,24.24,0.0,8488,None,None,0.0
OUT_01373,Western,184.10309999999998,0.0,45.45,0.0,8489,None,None,0.0
OUT_01382,Western,466.95469999999995,0.0,48.48,0.0,8490,None,None,0.0
OUT_03961,Western,84.0476,0.0,39.39,0.0,8491,None,None,0.0
OUT_01326,Western,79.12780000000001,0.0,63.64,0.0,8492,None,None,0.0
OUT_01333,Western,84.38589999999999,0.0,54.55,0.0,8493,None,None,0.0
OUT_01345,Western,92.8397,0.0,30.3,0.0,8494,None,None,0.0
OUT_03965,Western,556.5483999999999,0.0,51.52,0.0,8495,None,None,0.0
OUT_03966,Western,67.7577,0.0,36.36,0.0,8496,None,None,0.0
OUT_08446,Western,179.0582,0.0,39.39,0.0,8497,None,None,0.0
OUT_08448,Western,256.4826,0.0,45.45,0.0,8498,None,None,0.0
OUT_05683,Western,59.1289,0.0,57.58,0.0,8499,None,None,0.0
OUT_05689,Western,176.42079999999999,0.0,84.85,0.0,8500,None,None,0.0
OUT_05700,Western,135.64339999999999,0.0,54.55,0.0,8501,None,None,0.0
OUT_03969,Western,97.01650000000001,0.0,45.45,0.0,8502,None,None,0.0
OUT_05639,Western,623.2964,0.0,51.52,0.0,8503,None,None,0.0
OUT_03970,Western,55.338,0.0,72.73,0.0,8504,None,None,0.0
OUT_05655,Western,444.3194,0.0,45.45,0.0,8505,None,None,0.0
OUT_05663,Western,99.62129999999999,0.0,51.52,0.0,8506,None,None,0.0
OUT_05608,Western,186.10340000000002,0.0,39.39,0.0,8507,None,None,0.0
OUT_05611,Western,67.3472,0.0,30.3,0.0,8508,None,None,0.0
OUT_05622,Western,131.7593,0.0,45.45,0.0,8509,None,None,0.0
OUT_07343,Western,279.5293,0.0,45.45,0.0,8510,None,None,0.0
OUT_05634,Western,61.619600000000005,0.0,42.42,0.0,8511,None,None,0.0
OUT_05636,Western,57.5408,0.0,39.39,0.0,8512,None,None,0.0
OUT_06635,Western,87.0624,0.0,60.61,0.0,8513,None,None,0.0
OUT_06636,Western,123.27260000000001,0.0,36.36,0.0,8514,None,None,0.0
OUT_06637,Western,181.62690000000003,0.0,39.39,0.0,8515,None,None,0.0
OUT_03912,Western,93.4992,0.0,45.45,0.0,8516,None,None,0.0
OUT_03919,Western,103.0692,0.0,51.52,0.0,8517,None,None,0.0
OUT_06645,Western,419.1663,0.0,36.36,0.0,8518,None,None,0.0
OUT_06652,Western,129.4992,0.0,30.3,0.0,8519,None,None,0.0
OUT_06655,Western,497.32730000000004,0.0,30.3,0.0,8520,None,None,0.0
OUT_06656,Western,84.855,0.0,51.52,0.0,8521,None,None,0.0
OUT_06657,Western,209.25800000000004,0.0,21.21,0.0,8522,None,None,0.0
OUT_08451,Western,189.40779999999998,0.0,45.45,0.0,8523,None,None,0.0
OUT_08453,Western,110.94279999999999,0.0,21.21,0.0,8524,None,None,0.0
OUT_01287,Western,502.9353,0.0,42.42,0.0,8525,None,None,0.0
OUT_01292,Western,483.9105,0.0,39.39,0.0,8526,None,None,0.0
OUT_01299,Western,613.5187000000001,0.0,60.61,0.0,8527,None,None,0.0
OUT_01300,Western,131.46020000000001,0.0,36.36,0.0,8528,None,None,0.0
OUT_01301,Western,86.1658,0.0,48.48,0.0,8529,None,None,0.0
OUT_01302,Western,152.1564,0.0,39.39,0.0,8530,None,None,0.0
OUT_03923,Western,698.0923,0.0,30.3,0.0,8531,None,None,0.0
OUT_01304,Western,469.72580000000005,0.0,51.52,0.0,8532,None,None,0.0
OUT_03925,Western,91.3116,0.0,24.24,0.0,8533,None,None,0.0
OUT_03926,Western,444.89149999999995,0.0,27.27,0.0,8534,None,None,0.0
OUT_01309,Western,113.22949999999999,0.0,36.36,0.0,8535,None,None,0.0
OUT_03929,Western,78.5183,0.0,33.33,0.0,8536,None,None,0.0
OUT_01255,Western,85.9204,0.0,63.64,0.0,8537,None,None,0.0
OUT_01263,Western,507.57719999999995,0.0,51.52,0.0,8538,None,None,0.0
OUT_03936,Western,93.0292,0.0,48.48,0.0,8539,None,None,0.0
OUT_01270,Western,520.9938999999999,0.0,45.45,0.0,8540,None,None,0.0
OUT_01275,Western,120.8222,0.0,48.48,0.0,8541,None,None,0.0
OUT_01281,Western,200.5577,0.0,45.45,0.0,8542,None,None,0.0
OUT_08472,Western,202.49960000000004,0.0,60.61,0.0,8543,None,None,0.0
OUT_08479,Western,199.9414,0.0,27.27,0.0,8544,None,None,0.0
OUT_08481,Western,81.45150000000001,0.0,45.45,0.0,8545,None,None,0.0
OUT_03938,Western,91.60130000000001,0.0,24.24,0.0,8546,None,None,0.0
OUT_01224,Western,201.65009999999998,0.0,69.7,0.0,8547,None,None,0.0
OUT_01232,Western,93.60249999999999,0.0,39.39,0.0,8548,None,None,0.0
OUT_01233,Western,252.2969,0.0,30.3,0.0,8549,None,None,0.0
OUT_03942,Western,235.10610000000003,0.0,42.42,0.0,8550,None,None,0.0
OUT_01235,Western,141.607,0.0,21.21,0.0,8551,None,None,0.0
OUT_01238,Western,205.81470000000002,0.0,45.45,0.0,8552,None,None,0.0
OUT_01239,Western,477.1452,0.0,66.67,0.0,8553,None,None,0.0
OUT_03886,Western,132.2808,0.0,42.42,0.0,8554,None,None,0.0
OUT_01243,Western,80.8805,0.0,78.79,0.0,8555,None,None,0.0
OUT_01247,Western,68.8847,0.0,48.48,0.0,8556,None,None,0.0
OUT_01248,Western,56.933099999999996,0.0,66.67,0.0,8557,None,None,0.0
OUT_08494,Western,121.56909999999999,0.0,54.55,0.0,8558,None,None,0.0
OUT_08507,Western,107.81280000000001,0.0,45.45,0.0,8559,None,None,0.0
OUT_08510,Western,130.4588,0.0,45.45,0.0,8560,None,None,0.0
OUT_08511,Western,55.3999,0.0,66.67,0.0,8561,None,None,0.0
OUT_08514,Western,130.9369,0.0,42.42,0.0,8562,None,None,0.0
OUT_08517,Western,512.7998,0.0,63.64,0.0,8563,None,None,0.0
OUT_08518,Western,203.0568,0.0,42.42,0.0,8564,None,None,0.0
OUT_01191,Western,213.89099999999996,0.0,18.18,0.0,8565,None,None,0.0
OUT_05742,Western,239.84429999999998,0.0,42.42,0.0,8566,None,None,0.0
OUT_03889,Western,236.4909,0.0,48.48,0.0,8567,None,None,0.0
OUT_05750,Western,203.73980000000003,0.0,33.33,0.0,8568,None,None,0.0
OUT_03890,Western,491.16779999999994,0.0,39.39,0.0,8569,None,None,0.0
OUT_05765,Western,174.7565,0.0,36.36,0.0,8570,None,None,0.0
OUT_05715,Western,69.0301,0.0,27.27,0.0,8571,None,None,0.0
OUT_05718,Western,447.441,0.0,51.52,0.0,8572,None,None,0.0
OUT_05720,Western,85.80090000000001,0.0,42.42,0.0,8573,None,None,0.0
OUT_05721,Western,68.5454,0.0,39.39,0.0,8574,None,None,0.0
OUT_05723,Western,66.9452,0.0,45.45,0.0,8575,None,None,0.0
OUT_05728,Western,131.9862,0.0,36.36,0.0,8576,None,None,0.0
OUT_05732,Western,430.37190000000004,0.0,42.42,0.0,8577,None,None,0.0
OUT_06604,Western,255.4459,0.0,30.3,0.0,8578,None,None,0.0
OUT_03895,Western,458.61190000000005,0.0,39.39,0.0,8579,None,None,0.0
OUT_06620,Western,102.09060000000001,0.0,42.42,0.0,8580,None,None,0.0
OUT_07370,Western,83.0975,0.0,33.33,0.0,8581,None,None,0.0
OUT_05671,Western,250.62740000000002,0.0,51.52,0.0,8582,None,None,0.0
OUT_05676,Western,165.51350000000002,0.0,60.61,0.0,8583,None,None,0.0
OUT_05677,Western,198.6809,0.0,96.97,0.0,8584,None,None,0.0
OUT_05682,Western,333.27740000000006,0.0,48.48,0.0,8585,None,None,0.0
OUT_01196,Western,41.5238,0.0,30.3,0.0,8586,None,None,0.0
OUT_01201,Western,114.2193,0.0,33.33,0.0,8587,None,None,0.0
OUT_01202,Western,84.1181,0.0,33.33,0.0,8588,None,None,0.0
OUT_07380,Western,566.5422,0.0,21.21,0.0,8589,None,None,0.0
OUT_01208,Western,124.16460000000001,0.0,39.39,0.0,8590,None,None,0.0
OUT_01215,Western,507.61429999999996,0.0,48.48,0.0,8591,None,None,0.0
OUT_01163,Western,65.5839,0.0,42.42,0.0,8592,None,None,0.0
OUT_07395,Western,94.2076,0.0,33.33,0.0,8593,None,None,0.0
OUT_04234,Western,102.5688,0.0,45.45,0.0,8594,None,None,0.0
OUT_04242,Western,60.6315,0.0,45.45,0.0,8595,None,None,0.0
OUT_04244,Western,152.2174,0.0,33.33,0.0,8596,None,None,0.0
OUT_04250,Western,533.0983000000001,0.0,36.36,0.0,8597,None,None,0.0
OUT_08533,Western,110.0813,0.0,33.33,0.0,8598,None,None,0.0
OUT_08535,Western,78.9616,0.0,36.36,0.0,8599,None,None,0.0
OUT_04253,Western,57.338899999999995,0.0,30.3,0.0,8600,None,None,0.0
OUT_08540,Western,529.3507,0.0,39.39,0.0,8601,None,None,0.0
OUT_08546,Western,99.3337,0.0,24.24,0.0,8602,None,None,0.0
OUT_04212,Western,243.9706,0.0,54.55,0.0,8603,None,None,0.0
OUT_04214,Western,228.12039999999996,0.0,57.58,0.0,8604,None,None,0.0
OUT_01132,Western,99.4416,0.0,24.24,0.0,8605,None,None,0.0
OUT_01136,Western,118.62130000000002,0.0,60.61,0.0,8606,None,None,0.0
OUT_01139,Western,86.6626,0.0,24.24,0.0,8607,None,None,0.0
OUT_01142,Western,193.7069,0.0,84.85,0.0,8608,None,None,0.0
OUT_04218,Western,125.36179999999999,0.0,42.42,0.0,8609,None,None,0.0
OUT_01148,Western,227.38569999999999,0.0,36.36,0.0,8610,None,None,0.0
OUT_01155,Western,106.4456,0.0,30.3,0.0,8611,None,None,0.0
OUT_01157,Western,245.6963,0.0,48.48,0.0,8612,None,None,0.0
OUT_01108,Western,638.8961000000002,0.0,30.3,0.0,8613,None,None,0.0
OUT_04219,Western,131.7416,0.0,39.39,0.0,8614,None,None,0.0
OUT_01116,Western,265.4924,0.0,39.39,0.0,8615,None,None,0.0
OUT_01118,Western,73.4768,0.0,48.48,0.0,8616,None,None,0.0
OUT_01120,Western,94.2864,0.0,54.55,0.0,8617,None,None,0.0
OUT_01124,Western,903.7829000000002,0.0,66.67,0.0,8618,None,None,0.0
OUT_01126,Western,97.7234,0.0,57.58,0.0,8619,None,None,0.0
OUT_04225,Western,92.0177,0.0,36.36,0.0,8620,None,None,0.0
OUT_08564,Western,380.96189999999996,0.0,0.0,0.0,8621,None,None,0.0
OUT_08566,Western,221.58640000000003,0.0,33.33,0.0,8622,None,None,0.0
OUT_08567,Western,97.6718,0.0,36.36,0.0,8623,None,None,0.0
OUT_04230,Western,127.50460000000001,0.0,24.24,0.0,8624,None,None,0.0
OUT_07239,Western,170.9228,0.0,51.52,0.0,8625,None,None,0.0
OUT_08579,Western,93.3957,0.0,39.39,0.0,8626,None,None,0.0
OUT_08580,Western,94.1878,0.0,33.33,0.0,8627,None,None,0.0
OUT_06565,Western,574.5827,0.0,42.42,0.0,8628,None,None,0.0
OUT_06566,Western,79.5046,0.0,33.33,0.0,8629,None,None,0.0
OUT_05767,Western,83.81280000000001,0.0,60.61,0.0,8630,None,None,0.0
OUT_05768,Western,99.20120000000001,0.0,48.48,0.0,8631,None,None,0.0
OUT_05775,Western,123.96520000000001,0.0,45.45,0.0,8632,None,None,0.0
OUT_05787,Western,83.2197,0.0,39.39,0.0,8633,None,None,0.0
OUT_05788,Western,69.9316,0.0,48.48,0.0,8634,None,None,0.0
OUT_07249,Western,97.78620000000001,0.0,42.42,0.0,8635,None,None,0.0
OUT_05790,Western,223.18719999999996,0.0,39.39,0.0,8636,None,None,0.0
OUT_07252,Western,220.9058,0.0,51.52,0.0,8637,None,None,0.0
OUT_07259,Western,419.21360000000004,0.0,0.0,0.0,8638,None,None,0.0
OUT_06574,Western,444.8485,0.0,21.21,0.0,8639,None,None,0.0
OUT_06575,Western,197.65550000000002,0.0,54.55,0.0,8640,None,None,0.0
OUT_06579,Western,480.2215,0.0,27.27,0.0,8641,None,None,0.0
OUT_07398,Western,100.3687,0.0,36.36,0.0,8642,None,None,0.0
OUT_06588,Western,152.4016,0.0,48.48,0.0,8643,None,None,0.0
OUT_06589,Western,736.9241,0.0,54.55,0.0,8644,None,None,0.0
OUT_03847,Western,552.9191000000001,0.0,45.45,0.0,8645,None,None,0.0
OUT_06595,Western,110.56209999999999,0.0,51.52,0.0,8646,None,None,0.0
OUT_06598,Western,80.7301,0.0,33.33,0.0,8647,None,None,0.0
OUT_03851,Western,80.78,0.0,51.52,0.0,8648,None,None,0.0
OUT_03853,Western,133.9299,0.0,39.39,0.0,8649,None,None,0.0
OUT_03864,Western,315.1245,0.0,51.52,0.0,8650,None,None,0.0
OUT_01069,Western,173.30790000000002,0.0,42.42,0.0,8651,None,None,0.0
OUT_01077,Western,69.1504,0.0,33.33,0.0,8652,None,None,0.0
OUT_03872,Western,91.99369999999999,0.0,39.39,0.0,8653,None,None,0.0
OUT_01036,Western,473.0432,0.0,48.48,0.0,8654,None,None,0.0
OUT_01038,Western,267.38059999999996,0.0,36.36,0.0,8655,None,None,0.0
OUT_01042,Western,106.5479,0.0,45.45,0.0,8656,None,None,0.0
OUT_01044,Western,609.7152000000001,0.0,42.42,0.0,8657,None,None,0.0
OUT_03877,Western,171.0935,0.0,45.45,0.0,8658,None,None,0.0
OUT_08584,Western,94.59880000000001,0.0,45.45,0.0,8659,None,None,0.0
OUT_08586,Western,139.156,0.0,42.42,0.0,8660,None,None,0.0
OUT_08589,Western,90.9976,0.0,42.42,0.0,8661,None,None,0.0
OUT_08590,Western,146.32299999999998,0.0,39.39,0.0,8662,None,None,0.0
OUT_03831,Western,182.2546,0.0,48.48,0.0,8663,None,None,0.0
OUT_08598,Western,71.221,0.0,33.33,0.0,8664,None,None,0.0
OUT_08601,Western,110.9435,0.0,54.55,0.0,8665,None,None,0.0
OUT_03839,Western,110.30439999999999,0.0,39.39,0.0,8666,None,None,0.0
OUT_03844,Western,530.7552,0.0,27.27,0.0,8667,None,None,0.0
OUT_03783,Western,77.6482,0.0,36.36,0.0,8668,None,None,0.0
OUT_01008,Western,206.0584,0.0,54.55,0.0,8669,None,None,0.0
OUT_01012,Western,215.4823,0.0,33.33,0.0,8670,None,None,0.0
OUT_01016,Western,164.26749999999998,0.0,27.27,0.0,8671,None,None,0.0
OUT_03814,Western,715.9667999999999,0.0,30.3,0.0,8672,None,None,0.0
OUT_01029,Western,90.57390000000001,0.0,39.39,0.0,8673,None,None,0.0
OUT_00969,Western,206.817,0.0,42.42,0.0,8674,None,None,0.0
OUT_00970,Western,95.3639,0.0,39.39,0.0,8675,None,None,0.0
OUT_00976,Western,185.5875,0.0,45.45,0.0,8676,None,None,0.0
OUT_00980,Western,86.1682,0.0,39.39,0.0,8677,None,None,0.0
OUT_00988,Western,184.38009999999997,0.0,48.48,0.0,8678,None,None,0.0
OUT_00998,Western,254.19840000000002,0.0,45.45,0.0,8679,None,None,0.0
OUT_07428,Western,210.11920000000003,0.0,21.21,0.0,8680,None,None,0.0
OUT_00943,Western,623.9675,0.0,57.58,0.0,8681,None,None,0.0
OUT_00946,Western,92.55160000000001,0.0,18.18,0.0,8682,None,None,0.0
OUT_00953,Western,83.7632,0.0,33.33,0.0,8683,None,None,0.0
OUT_00955,Western,205.83750000000003,0.0,36.36,0.0,8684,None,None,0.0
OUT_00957,Western,75.571,0.0,33.33,0.0,8685,None,None,0.0
OUT_00958,Western,100.1285,0.0,48.48,0.0,8686,None,None,0.0
OUT_00960,Western,507.4359,0.0,63.64,0.0,8687,None,None,0.0
OUT_00961,Western,89.32589999999999,0.0,45.45,0.0,8688,None,None,0.0
OUT_00964,Western,64.7016,0.0,15.15,0.0,8689,None,None,0.0
OUT_03754,Western,499.36449999999996,0.0,24.24,0.0,8690,None,None,0.0
OUT_04352,Western,266.7124,0.0,42.42,0.0,8691,None,None,0.0
OUT_08618,Western,145.40110000000004,0.0,39.39,0.0,8692,None,None,0.0
OUT_06527,Western,79.83680000000001,0.0,60.61,0.0,8693,None,None,0.0
OUT_04353,Western,207.008,0.0,48.48,0.0,8694,None,None,0.0
OUT_05836,Western,149.69310000000002,0.0,27.27,0.0,8695,None,None,0.0
OUT_05857,Western,110.704,0.0,42.42,0.0,8696,None,None,0.0
OUT_05801,Western,164.04219999999998,0.0,48.48,0.0,8697,None,None,0.0
OUT_05802,Western,147.7004,0.0,48.48,0.0,8698,None,None,0.0
OUT_05816,Western,261.5712,0.0,33.33,0.0,8699,None,None,0.0
OUT_05819,Western,114.59649999999999,0.0,42.42,0.0,8700,None,None,0.0
OUT_04358,Western,213.1363,0.0,51.52,0.0,8701,None,None,0.0
OUT_05822,Western,185.612,0.0,36.36,0.0,8702,None,None,0.0
OUT_05825,Western,689.3867,0.0,42.42,0.0,8703,None,None,0.0
OUT_06536,Western,223.82150000000001,0.0,18.18,0.0,8704,None,None,0.0
OUT_06539,Western,104.7673,0.0,42.42,0.0,8705,None,None,0.0
OUT_06544,Western,138.97539999999998,0.0,54.55,0.0,8706,None,None,0.0
OUT_06549,Western,68.94619999999999,0.0,21.21,0.0,8707,None,None,0.0
OUT_04295,Western,719.7254,0.0,57.58,0.0,8708,None,None,0.0
OUT_06553,Western,237.4117,0.0,51.52,0.0,8709,None,None,0.0
OUT_06556,Western,880.6976999999999,0.0,54.55,0.0,8710,None,None,0.0
OUT_06558,Western,235.52909999999997,0.0,30.3,0.0,8711,None,None,0.0
OUT_04307,Western,70.18889999999999,0.0,54.55,0.0,8712,None,None,0.0
OUT_00911,Western,103.268,0.0,84.85,0.0,8713,None,None,0.0
OUT_00916,Western,181.7199,0.0,36.36,0.0,8714,None,None,0.0
OUT_00917,Western,143.048,0.0,39.39,0.0,8715,None,None,0.0
OUT_00874,Western,217.22410000000002,0.0,48.48,0.0,8716,None,None,0.0
OUT_00875,Western,116.0893,0.0,42.42,0.0,8717,None,None,0.0
OUT_00882,Western,105.93180000000001,0.0,30.3,0.0,8718,None,None,0.0
OUT_00886,Western,793.1188,0.0,48.48,0.0,8719,None,None,0.0
OUT_00888,Western,91.35940000000001,0.0,36.36,0.0,8720,None,None,0.0
OUT_00892,Western,72.4551,0.0,48.48,0.0,8721,None,None,0.0
OUT_04316,Western,81.09179999999999,0.0,63.64,0.0,8722,None,None,0.0
OUT_00898,Western,98.27780000000001,0.0,48.48,0.0,8723,None,None,0.0
OUT_08656,Western,177.0198,0.0,51.52,0.0,8724,None,None,0.0
OUT_04271,Western,132.0651,0.0,54.55,0.0,8725,None,None,0.0
OUT_00840,Western,785.3344999999999,0.0,57.58,0.0,8726,None,None,0.0
OUT_04277,Western,114.90979999999999,0.0,39.39,0.0,8727,None,None,0.0
OUT_00848,Western,238.3231,0.0,45.45,0.0,8728,None,None,0.0
OUT_06501,Western,626.7514,0.0,24.24,0.0,8729,None,None,0.0
OUT_04292,Western,107.602,0.0,72.73,0.0,8730,None,None,0.0
OUT_04294,Western,187.07479999999998,0.0,54.55,0.0,8731,None,None,0.0
OUT_05904,Western,85.7745,0.0,24.24,0.0,8732,None,None,0.0
OUT_07209,Western,150.6259,0.0,57.58,0.0,8733,None,None,0.0
OUT_07210,Western,72.2424,0.0,45.45,0.0,8734,None,None,0.0
OUT_05864,Western,75.422,0.0,72.73,0.0,8735,None,None,0.0
OUT_05865,Western,91.5646,0.0,39.39,0.0,8736,None,None,0.0
OUT_05867,Western,241.25420000000003,0.0,51.52,0.0,8737,None,None,0.0
OUT_05868,Western,255.36829999999998,0.0,42.42,0.0,8738,None,None,0.0
OUT_05874,Western,126.8216,0.0,42.42,0.0,8739,None,None,0.0
OUT_05881,Western,118.239,0.0,36.36,0.0,8740,None,None,0.0
OUT_05883,Western,154.11559999999997,0.0,48.48,0.0,8741,None,None,0.0
OUT_05891,Western,68.9237,0.0,39.39,0.0,8742,None,None,0.0
OUT_07211,Western,81.5592,0.0,30.3,0.0,8743,None,None,0.0
OUT_06512,Western,215.9176,0.0,48.48,0.0,8744,None,None,0.0
OUT_06519,Western,250.83190000000002,0.0,21.21,0.0,8745,None,None,0.0
OUT_06520,Western,105.2621,0.0,51.52,0.0,8746,None,None,0.0
OUT_06521,Western,73.1219,0.0,36.36,0.0,8747,None,None,0.0
OUT_07234,Western,77.0771,0.0,36.36,0.0,8748,None,None,0.0
OUT_00859,Western,93.4641,0.0,36.36,0.0,8749,None,None,0.0
OUT_07237,Western,72.90700000000001,0.0,48.48,0.0,8750,None,None,0.0
OUT_00863,Western,84.596,0.0,36.36,0.0,8751,None,None,0.0
OUT_00864,Western,69.5124,0.0,57.58,0.0,8752,None,None,0.0
OUT_03772,Western,415.32710000000003,0.0,42.42,0.0,8753,None,None,0.0
OUT_00810,Western,129.2887,0.0,36.36,0.0,8754,None,None,0.0
OUT_00812,Western,84.1702,0.0,54.55,0.0,8755,None,None,0.0
OUT_00814,Western,104.23580000000001,0.0,51.52,0.0,8756,None,None,0.0
OUT_00832,Western,93.554,0.0,30.3,0.0,8757,None,None,0.0
OUT_00837,Western,463.06929999999994,0.0,66.67,0.0,8758,None,None,0.0
OUT_00838,Western,249.5088,0.0,15.15,0.0,8759,None,None,0.0
OUT_08683,Western,94.6559,0.0,51.52,0.0,8760,None,None,0.0
OUT_08690,Western,78.8445,0.0,42.42,0.0,8761,None,None,0.0
OUT_03775,Western,78.60839999999999,0.0,33.33,0.0,8762,None,None,0.0
OUT_00778,Western,642.6450000000002,0.0,42.42,0.0,8763,None,None,0.0
OUT_03721,Western,223.1977,0.0,30.3,0.0,8764,None,None,0.0
OUT_00797,Western,195.87690000000003,0.0,51.52,0.0,8765,None,None,0.0
OUT_00798,Western,180.64239999999998,0.0,51.52,0.0,8766,None,None,0.0
OUT_00800,Western,570.7777,0.0,45.45,0.0,8767,None,None,0.0
OUT_00801,Western,78.03450000000001,0.0,33.33,0.0,8768,None,None,0.0
OUT_00754,Western,116.519,0.0,60.61,0.0,8769,None,None,0.0
OUT_00755,Western,505.25739999999996,0.0,12.12,0.0,8770,None,None,0.0
OUT_00757,Western,150.8825,0.0,30.3,0.0,8771,None,None,0.0
OUT_00763,Western,60.0885,0.0,42.42,0.0,8772,None,None,0.0
OUT_00765,Western,76.1834,0.0,45.45,0.0,8773,None,None,0.0
OUT_00773,Western,417.0503,0.0,48.48,0.0,8774,None,None,0.0
OUT_08723,Western,223.8832,0.0,0.0,0.0,8775,None,None,0.0
OUT_08724,Western,83.4011,0.0,30.3,0.0,8776,None,None,0.0
OUT_08726,Western,83.44669999999999,0.0,42.42,0.0,8777,None,None,0.0
OUT_08731,Western,69.61229999999999,0.0,36.36,0.0,8778,None,None,0.0
OUT_08732,Western,120.31700000000001,0.0,60.61,0.0,8779,None,None,0.0
OUT_03740,Western,58.52199999999999,0.0,39.39,0.0,8780,None,None,0.0
OUT_00711,Western,99.7409,0.0,60.61,0.0,8781,None,None,0.0
OUT_00712,Western,470.17130000000003,0.0,42.42,0.0,8782,None,None,0.0
OUT_00714,Western,72.9745,0.0,45.45,0.0,8783,None,None,0.0
OUT_00715,Western,229.81289999999996,0.0,39.39,0.0,8784,None,None,0.0
OUT_06468,Western,85.7119,0.0,57.58,0.0,8785,None,None,0.0
OUT_03743,Western,193.6097,0.0,42.42,0.0,8786,None,None,0.0
OUT_06003,Western,138.7556,0.0,39.39,0.0,8787,None,None,0.0
OUT_06011,Western,89.539,0.0,39.39,0.0,8788,None,None,0.0
OUT_06013,Western,581.9232999999999,0.0,57.58,0.0,8789,None,None,0.0
OUT_05967,Western,99.61280000000001,0.0,45.45,0.0,8790,None,None,0.0
OUT_05974,Western,84.598,0.0,30.3,0.0,8791,None,None,0.0
OUT_05976,Western,108.1424,0.0,51.52,0.0,8792,None,None,0.0
OUT_03744,Western,76.3711,0.0,54.55,0.0,8793,None,None,0.0
OUT_05938,Western,787.933,0.0,45.45,0.0,8794,None,None,0.0
OUT_07433,Western,66.4804,0.0,45.45,0.0,8795,None,None,0.0
OUT_05950,Western,74.293,0.0,27.27,0.0,8796,None,None,0.0
OUT_05952,Western,85.7945,0.0,51.52,0.0,8797,None,None,0.0
OUT_05953,Western,62.8295,0.0,36.36,0.0,8798,None,None,0.0
OUT_05958,Western,189.71769999999998,0.0,27.27,0.0,8799,None,None,0.0
OUT_06471,Western,215.06519999999998,0.0,30.3,0.0,8800,None,None,0.0
OUT_06475,Western,280.0344,0.0,33.33,0.0,8801,None,None,0.0
OUT_06477,Western,64.7701,0.0,36.36,0.0,8802,None,None,0.0
OUT_06478,Western,63.679,0.0,30.3,0.0,8803,None,None,0.0
OUT_07434,Western,61.009899999999995,0.0,54.55,0.0,8804,None,None,0.0
OUT_07462,Western,151.51489999999998,0.0,39.39,0.0,8805,None,None,0.0
OUT_03687,Western,76.273,0.0,36.36,0.0,8806,None,None,0.0
OUT_00716,Western,66.2684,0.0,27.27,0.0,8807,None,None,0.0
OUT_00719,Western,125.6707,0.0,24.24,0.0,8808,None,None,0.0
OUT_00723,Western,71.3271,0.0,57.58,0.0,8809,None,None,0.0
OUT_03691,Western,97.3595,0.0,0.0,0.0,8810,None,None,0.0
OUT_00738,Western,93.238,0.0,48.48,0.0,8811,None,None,0.0
OUT_00688,Western,96.0728,0.0,45.45,0.0,8812,None,None,0.0
OUT_00692,Western,94.5789,0.0,27.27,0.0,8813,None,None,0.0
OUT_03706,Western,68.7494,0.0,51.52,0.0,8814,None,None,0.0
OUT_00698,Western,442.40970000000004,0.0,51.52,0.0,8815,None,None,0.0
OUT_03709,Western,276.928,0.0,48.48,0.0,8816,None,None,0.0
OUT_00705,Western,102.21620000000001,0.0,48.48,0.0,8817,None,None,0.0
OUT_00706,Western,176.6692,0.0,45.45,0.0,8818,None,None,0.0
OUT_00651,Western,75.02590000000001,0.0,18.18,0.0,8819,None,None,0.0
OUT_00659,Western,122.84179999999998,0.0,45.45,0.0,8820,None,None,0.0
OUT_00662,Western,209.01170000000002,0.0,60.61,0.0,8821,None,None,0.0
OUT_00670,Western,217.8467,0.0,33.33,0.0,8822,None,None,0.0
OUT_08745,Western,238.2514,0.0,42.42,0.0,8823,None,None,0.0
OUT_03656,Western,92.4921,0.0,54.55,0.0,8824,None,None,0.0
OUT_03659,Western,96.47550000000001,0.0,27.27,0.0,8825,None,None,0.0
OUT_08758,Western,87.375,0.0,66.67,0.0,8826,None,None,0.0
OUT_08762,Western,87.7996,0.0,48.48,0.0,8827,None,None,0.0
OUT_08768,Western,91.2748,0.0,42.42,0.0,8828,None,None,0.0
OUT_08770,Western,219.52489999999997,0.0,48.48,0.0,8829,None,None,0.0
OUT_08772,Western,172.86469999999997,0.0,42.42,0.0,8830,None,None,0.0
OUT_03663,Western,138.534,0.0,42.42,0.0,8831,None,None,0.0
OUT_00622,Western,85.9125,0.0,39.39,0.0,8832,None,None,0.0
OUT_00623,Western,96.10239999999999,0.0,48.48,0.0,8833,None,None,0.0
OUT_00631,Western,120.6881,0.0,27.27,0.0,8834,None,None,0.0
OUT_00632,Western,107.41460000000001,0.0,63.64,0.0,8835,None,None,0.0
OUT_00642,Western,215.5718,0.0,57.58,0.0,8836,None,None,0.0
OUT_00586,Western,219.55700000000002,0.0,54.55,0.0,8837,None,None,0.0
OUT_00587,Western,143.8811,0.0,57.58,0.0,8838,None,None,0.0
OUT_00588,Western,64.8325,0.0,51.52,0.0,8839,None,None,0.0
OUT_03664,Western,182.3573,0.0,39.39,0.0,8840,None,None,0.0
OUT_00608,Western,201.3666,0.0,54.55,0.0,8841,None,None,0.0
OUT_03665,Western,470.93539999999996,0.0,48.48,0.0,8842,None,None,0.0
OUT_03673,Western,101.47739999999999,0.0,30.3,0.0,8843,None,None,0.0
OUT_08776,Western,602.2606000000001,0.0,30.3,0.0,8844,None,None,0.0
OUT_03627,Western,92.9559,0.0,87.88,0.0,8845,None,None,0.0
OUT_03638,Western,67.4102,0.0,48.48,0.0,8846,None,None,0.0
OUT_08791,Western,211.00650000000002,0.0,24.24,0.0,8847,None,None,0.0
OUT_03639,Western,85.0783,0.0,48.48,0.0,8848,None,None,0.0
OUT_08797,Western,78.3607,0.0,75.76,0.0,8849,None,None,0.0
OUT_03652,Western,84.2748,0.0,27.27,0.0,8850,None,None,0.0
OUT_08801,Western,239.0757,0.0,57.58,0.0,8851,None,None,0.0
OUT_08803,Western,192.0616,0.0,48.48,0.0,8852,None,None,0.0
OUT_06106,Western,132.529,0.0,36.36,0.0,8853,None,None,0.0
OUT_06107,Western,488.08829999999995,0.0,36.36,0.0,8854,None,None,0.0
OUT_06111,Western,107.9476,0.0,51.52,0.0,8855,None,None,0.0
OUT_06114,Western,166.612,0.0,48.48,0.0,8856,None,None,0.0
OUT_06115,Western,230.2242,0.0,45.45,0.0,8857,None,None,0.0
OUT_06066,Western,83.5557,0.0,36.36,0.0,8858,None,None,0.0
OUT_06070,Western,78.6387,0.0,30.3,0.0,8859,None,None,0.0
OUT_06081,Western,862.9227000000001,0.0,42.42,0.0,8860,None,None,0.0
OUT_07466,Western,495.57789999999994,0.0,57.58,0.0,8861,None,None,0.0
OUT_06028,Western,123.20930000000001,0.0,0.0,0.0,8862,None,None,0.0
OUT_06030,Western,723.4119000000001,0.0,39.39,0.0,8863,None,None,0.0
OUT_06035,Western,75.7427,0.0,51.52,0.0,8864,None,None,0.0
OUT_06036,Western,71.5001,0.0,39.39,0.0,8865,None,None,0.0
OUT_06038,Western,225.57010000000002,0.0,39.39,0.0,8866,None,None,0.0
OUT_06053,Western,204.31009999999998,0.0,48.48,0.0,8867,None,None,0.0
OUT_06443,Western,72.3158,0.0,39.39,0.0,8868,None,None,0.0
OUT_07479,Western,106.72040000000001,0.0,48.48,0.0,8869,None,None,0.0
OUT_06466,Western,470.1398,0.0,42.42,0.0,8870,None,None,0.0
OUT_08806,Western,75.5783,0.0,27.27,0.0,8871,None,None,0.0
OUT_07480,Western,542.6296,0.0,51.52,0.0,8872,None,None,0.0
OUT_00527,Western,220.06400000000002,0.0,48.48,0.0,8873,None,None,0.0
OUT_00532,Western,111.08200000000001,0.0,48.48,0.0,8874,None,None,0.0
OUT_00533,Western,79.2495,0.0,27.27,0.0,8875,None,None,0.0
OUT_00534,Western,507.30929999999995,0.0,48.48,0.0,8876,None,None,0.0
OUT_00537,Western,79.52000000000001,0.0,48.48,0.0,8877,None,None,0.0
OUT_00547,Western,80.23519999999999,0.0,30.3,0.0,8878,None,None,0.0
OUT_00548,Western,79.7837,0.0,57.58,0.0,8879,None,None,0.0
OUT_03595,Western,182.00459999999998,0.0,42.42,0.0,8880,None,None,0.0
OUT_00489,Western,241.4418,0.0,36.36,0.0,8881,None,None,0.0
OUT_00509,Western,167.9882,0.0,72.73,0.0,8882,None,None,0.0
OUT_00517,Western,233.3449,0.0,39.39,0.0,8883,None,None,0.0
OUT_08828,Western,94.83680000000001,0.0,57.58,0.0,8884,None,None,0.0
OUT_07173,Western,108.48829999999998,0.0,51.52,0.0,8885,None,None,0.0
OUT_08830,Western,85.87780000000001,0.0,51.52,0.0,8886,None,None,0.0
OUT_08838,Western,198.7311,0.0,48.48,0.0,8887,None,None,0.0
OUT_06397,Western,93.5177,0.0,24.24,0.0,8888,None,None,0.0
OUT_06406,Western,470.63000000000005,0.0,45.45,0.0,8889,None,None,0.0
OUT_04392,Western,270.9957,0.0,33.33,0.0,8890,None,None,0.0
OUT_06196,Western,80.5901,0.0,81.82,0.0,8891,None,None,0.0
OUT_06202,Western,125.13329999999999,0.0,42.42,0.0,8892,None,None,0.0
OUT_06204,Western,76.9948,0.0,54.55,0.0,8893,None,None,0.0
OUT_06210,Western,940.1974,0.0,39.39,0.0,8894,None,None,0.0
OUT_04407,Western,174.8408,0.0,39.39,0.0,8895,None,None,0.0
OUT_06168,Western,498.7815,0.0,57.58,0.0,8896,None,None,0.0
OUT_04377,Western,83.8662,0.0,33.33,0.0,8897,None,None,0.0
OUT_06179,Western,85.9873,0.0,21.21,0.0,8898,None,None,0.0
OUT_06124,Western,235.24920000000003,0.0,39.39,0.0,8899,None,None,0.0
OUT_04385,Western,569.0678,0.0,51.52,0.0,8900,None,None,0.0
OUT_07175,Western,71.6796,0.0,30.3,0.0,8901,None,None,0.0
OUT_07179,Western,104.90299999999999,0.0,36.36,0.0,8902,None,None,0.0
OUT_06412,Western,90.7067,0.0,42.42,0.0,8903,None,None,0.0
OUT_07181,Western,219.82640000000004,0.0,39.39,0.0,8904,None,None,0.0
OUT_06431,Western,213.6972,0.0,51.52,0.0,8905,None,None,0.0
OUT_07188,Western,66.52019999999999,0.0,42.42,0.0,8906,None,None,0.0
OUT_06098,Western,96.2025,0.0,36.36,0.0,8907,None,None,0.0
OUT_00455,Western,623.2113999999999,0.0,45.45,0.0,8908,None,None,0.0
OUT_00456,Western,182.12399999999997,0.0,33.33,0.0,8909,None,None,0.0
OUT_00465,Western,210.6646,0.0,30.3,0.0,8910,None,None,0.0
OUT_00467,Western,76.108,0.0,63.64,0.0,8911,None,None,0.0
OUT_00470,Western,80.9272,0.0,51.52,0.0,8912,None,None,0.0
OUT_07192,Western,89.843,0.0,33.33,0.0,8913,None,None,0.0
OUT_07193,Western,233.10340000000002,0.0,36.36,0.0,8914,None,None,0.0
OUT_00476,Western,226.8635,0.0,21.21,0.0,8915,None,None,0.0
OUT_07206,Western,61.91369999999999,0.0,36.36,0.0,8916,None,None,0.0
OUT_00437,Western,73.2084,0.0,24.24,0.0,8917,None,None,0.0
OUT_00440,Western,143.1354,0.0,21.21,0.0,8918,None,None,0.0
OUT_00450,Western,497.5704,0.0,36.36,0.0,8919,None,None,0.0
OUT_00391,Western,550.9346,0.0,51.52,0.0,8920,None,None,0.0
OUT_00393,Western,494.41800000000006,0.0,51.52,0.0,8921,None,None,0.0
OUT_00404,Western,86.4444,0.0,24.24,0.0,8922,None,None,0.0
OUT_00413,Western,564.3404,0.0,42.42,0.0,8923,None,None,0.0
OUT_04339,Western,98.6814,0.0,42.42,0.0,8924,None,None,0.0
OUT_00420,Western,64.2234,0.0,30.3,0.0,8925,None,None,0.0
OUT_00422,Western,265.37870000000004,0.0,30.3,0.0,8926,None,None,0.0
OUT_08848,Western,196.4561,0.0,66.67,0.0,8927,None,None,0.0
OUT_08853,Western,583.0589,0.0,24.24,0.0,8928,None,None,0.0
OUT_08860,Western,417.0548,0.0,42.42,0.0,8929,None,None,0.0
OUT_08864,Western,116.70150000000001,0.0,51.52,0.0,8930,None,None,0.0
OUT_00361,Western,460.953,0.0,45.45,0.0,8931,None,None,0.0
OUT_00365,Western,484.74869999999993,0.0,45.45,0.0,8932,None,None,0.0
OUT_00368,Western,504.2569,0.0,33.33,0.0,8933,None,None,0.0
OUT_00377,Western,536.7797,0.0,39.39,0.0,8934,None,None,0.0
OUT_00379,Western,502.03780000000006,0.0,51.52,0.0,8935,None,None,0.0
OUT_00386,Western,441.1094,0.0,24.24,0.0,8936,None,None,0.0
OUT_00341,Western,453.288,0.0,51.52,0.0,8937,None,None,0.0
OUT_00348,Western,418.83920000000006,0.0,36.36,0.0,8938,None,None,0.0
OUT_00350,Western,531.0465,0.0,36.36,0.0,8939,None,None,0.0
OUT_00357,Western,450.1917,0.0,63.64,0.0,8940,None,None,0.0
OUT_00306,Western,538.8181,0.0,30.3,0.0,8941,None,None,0.0
OUT_00311,Western,430.3837,0.0,45.45,0.0,8942,None,None,0.0
OUT_00325,Western,453.2333,0.0,30.3,0.0,8943,None,None,0.0
OUT_03598,Western,542.3353999999999,0.0,36.36,0.0,8944,None,None,0.0
OUT_08878,Western,196.50310000000002,0.0,42.42,0.0,8945,None,None,0.0
OUT_08880,Western,93.66539999999999,0.0,36.36,0.0,8946,None,None,0.0
OUT_08888,Western,52.4994,0.0,42.42,0.0,8947,None,None,0.0
OUT_08891,Western,515.4547,0.0,36.36,0.0,8948,None,None,0.0
OUT_08892,Western,196.0928,0.0,60.61,0.0,8949,None,None,0.0
OUT_08893,Western,226.51750000000004,0.0,42.42,0.0,8950,None,None,0.0
OUT_08894,Western,119.45960000000001,0.0,27.27,0.0,8951,None,None,0.0
OUT_00268,Western,552.1448,0.0,39.39,0.0,8952,None,None,0.0
OUT_03599,Western,111.40590000000002,0.0,45.45,0.0,8953,None,None,0.0
OUT_06286,Western,74.2993,0.0,78.79,0.0,8954,None,None,0.0
OUT_03600,Western,78.0966,0.0,48.48,0.0,8955,None,None,0.0
OUT_06254,Western,94.3043,0.0,42.42,0.0,8956,None,None,0.0
OUT_06256,Western,100.3284,0.0,27.27,0.0,8957,None,None,0.0
OUT_06261,Western,177.35539999999997,0.0,24.24,0.0,8958,None,None,0.0
OUT_06269,Western,83.7551,0.0,30.3,0.0,8959,None,None,0.0
OUT_06270,Western,100.458,0.0,39.39,0.0,8960,None,None,0.0
OUT_06272,Western,187.85660000000001,0.0,45.45,0.0,8961,None,None,0.0
OUT_06274,Western,85.7178,0.0,54.55,0.0,8962,None,None,0.0
OUT_06219,Western,70.8265,0.0,36.36,0.0,8963,None,None,0.0
OUT_06223,Western,104.61200000000001,0.0,36.36,0.0,8964,None,None,0.0
OUT_03619,Western,153.58190000000002,0.0,51.52,0.0,8965,None,None,0.0
OUT_03620,Western,186.5691,0.0,36.36,0.0,8966,None,None,0.0
OUT_06233,Western,225.32140000000004,0.0,45.45,0.0,8967,None,None,0.0
OUT_00016,Western,1101.4912000000002,0.0,81.82,0.0,8968,None,None,0.0
OUT_06376,Western,241.0068,0.0,42.42,0.0,8969,None,None,0.0
OUT_03560,Western,217.368,0.0,42.42,0.0,8970,None,None,0.0
OUT_06386,Western,428.33090000000004,0.0,48.48,0.0,8971,None,None,0.0
OUT_06388,Western,79.96849999999999,0.0,39.39,0.0,8972,None,None,0.0
OUT_06392,Western,677.6836000000001,0.0,33.33,0.0,8973,None,None,0.0
OUT_06395,Western,92.7784,0.0,48.48,0.0,8974,None,None,0.0
OUT_00272,Western,505.3912,0.0,48.48,0.0,8975,None,None,0.0
OUT_00012,Western,882.3956000000001,0.0,48.48,0.0,8976,None,None,0.0
OUT_00288,Western,446.04460000000006,0.0,39.39,0.0,8977,None,None,0.0
OUT_00289,Western,352.15139999999997,0.0,39.39,0.0,8978,None,None,0.0
OUT_03562,Western,103.5421,0.0,39.39,0.0,8979,None,None,0.0
OUT_00245,Western,386.0627999999999,0.0,27.27,0.0,8980,None,None,0.0
OUT_00253,Western,586.7048,0.0,39.39,0.0,8981,None,None,0.0
OUT_00206,Western,420.9009,0.0,45.45,0.0,8982,None,None,0.0
OUT_00211,Western,482.8524,0.0,51.52,0.0,8983,None,None,0.0
OUT_00213,Western,556.3126,0.0,54.55,0.0,8984,None,None,0.0
OUT_00216,Western,440.91700000000003,0.0,42.42,0.0,8985,None,None,0.0
OUT_00217,Western,525.1928,0.0,45.45,0.0,8986,None,None,0.0
OUT_00218,Western,474.9135,0.0,45.45,0.0,8987,None,None,0.0
OUT_00221,Western,487.5304,0.0,21.21,0.0,8988,None,None,0.0
OUT_00173,Western,422.40150000000006,0.0,60.61,0.0,8989,None,None,0.0
OUT_00183,Western,461.48479999999995,0.0,39.39,0.0,8990,None,None,0.0
OUT_00189,Western,586.2624000000001,0.0,24.24,0.0,8991,None,None,0.0
OUT_00198,Western,443.17150000000004,0.0,45.45,0.0,8992,None,None,0.0
OUT_08920,Western,104.27080000000001,0.0,36.36,0.0,8993,None,None,0.0
OUT_08922,Western,225.1138,0.0,39.39,0.0,8994,None,None,0.0
OUT_08924,Western,220.8752,0.0,39.39,0.0,8995,None,None,0.0
OUT_08963,Western,66.5666,0.0,45.45,0.0,8996,None,None,0.0
OUT_00007,Western,1364.1878000000002,0.0,27.27,0.0,8997,None,None,0.0
OUT_08965,Western,536.5963999999999,0.0,39.39,0.0,8998,None,None,0.0
OUT_00004,Western,1183.8908999999999,0.0,21.21,0.0,8999,None,None,0.0
OUT_00027,Western,849.6475,0.0,45.45,0.0,9000,None,None,0.0
