Outlet_ID,model_prediction
OUT_00001,481.56
OUT_00002,799.78
OUT_00003,681.01
OUT_00004,463.21
OUT_00005,791.9
OUT_00006,717.43
OUT_00007,733.85
OUT_00008,821.69
OUT_00009,401.97
OUT_00010,796.75
OUT_00011,673.67
OUT_00012,519.27
OUT_00013,646.66
OUT_00014,649.48
OUT_00015,741.28
OUT_00016,755.16
OUT_00017,734.99
OUT_00018,671.64
OUT_00019,809.63
OUT_00020,735.96
OUT_00021,711.29
OUT_00022,782.15
OUT_00023,791.04
OUT_00024,719.7
OUT_00025,731.87
OUT_00026,762.56
OUT_00027,1090.55
OUT_00028,328.7
OUT_00029,640.4
OUT_00030,825.2
OUT_00031,777.32
OUT_00032,876.03
OUT_00033,777.7
OUT_00034,790.03
OUT_00035,808.7
OUT_00036,748.49
OUT_00037,753.8
OUT_00038,769.08
OUT_00039,527.82
OUT_00040,744.85
OUT_00041,726.73
OUT_00042,731.64
OUT_00043,643.39
OUT_00044,792.27
OUT_00045,776.63
OUT_00046,622.32
OUT_00047,822.64
OUT_00048,574.0
OUT_00049,808.94
OUT_00050,769.19
OUT_00051,738.03
OUT_00052,729.47
OUT_00053,384.72
OUT_00054,770.62
OUT_00055,762.46
OUT_00056,760.55
OUT_00057,665.24
OUT_00058,351.93
OUT_00059,630.28
OUT_00060,791.33
OUT_00061,612.95
OUT_00062,701.72
OUT_00063,662.79
OUT_00064,562.1
OUT_00065,656.89
OUT_00066,709.82
OUT_00067,670.28
OUT_00068,637.68
OUT_00069,664.11
OUT_00070,645.72
OUT_00071,636.54
OUT_00072,643.89
OUT_00073,662.32
OUT_00074,716.43
OUT_00075,646.94
OUT_00076,709.85
OUT_00077,637.01
OUT_00078,1299.66
OUT_00079,736.29
OUT_00080,657.81
OUT_00081,718.67
OUT_00082,649.28
OUT_00083,651.54
OUT_00084,642.69
OUT_00085,428.15
OUT_00086,640.55
OUT_00087,761.94
OUT_00088,680.89
OUT_00089,617.03
OUT_00090,673.47
OUT_00091,562.12
OUT_00092,699.57
OUT_00093,699.51
OUT_00094,678.41
OUT_00095,672.04
OUT_00096,677.77
OUT_00097,573.66
OUT_00098,643.63
OUT_00099,653.07
OUT_00100,649.31
OUT_00101,744.71
OUT_00102,674.73
OUT_00103,664.98
OUT_00104,681.45
OUT_00105,685.98
OUT_00106,648.46
OUT_00107,687.13
OUT_00108,745.33
OUT_00109,671.02
OUT_00110,656.48
OUT_00111,700.75
OUT_00112,814.06
OUT_00113,716.73
OUT_00114,655.0
OUT_00115,635.49
OUT_00116,692.97
OUT_00117,686.84
OUT_00118,679.52
OUT_00119,649.11
OUT_00120,701.58
OUT_00121,650.9
OUT_00122,675.33
OUT_00123,655.02
OUT_00124,594.65
OUT_00125,635.27
OUT_00126,608.71
OUT_00127,647.87
OUT_00128,622.32
OUT_00129,626.37
OUT_00130,651.34
OUT_00131,678.16
OUT_00132,632.16
OUT_00133,634.29
OUT_00134,721.76
OUT_00135,674.75
OUT_00136,684.21
OUT_00137,695.08
OUT_00138,605.56
OUT_00139,682.69
OUT_00140,635.84
OUT_00141,712.04
OUT_00142,592.86
OUT_00143,607.58
OUT_00144,647.23
OUT_00145,608.41
OUT_00146,771.53
OUT_00147,621.76
OUT_00148,582.13
OUT_00149,632.78
OUT_00150,454.72
OUT_00151,662.24
OUT_00152,675.55
OUT_00153,445.11
OUT_00154,620.92
OUT_00155,666.68
OUT_00156,641.67
OUT_00157,649.64
OUT_00158,660.2
OUT_00159,630.14
OUT_00160,662.18
OUT_00161,605.72
OUT_00162,639.35
OUT_00163,608.37
OUT_00164,700.76
OUT_00165,704.13
OUT_00166,675.58
OUT_00167,668.51
OUT_00168,678.06
OUT_00169,656.93
OUT_00170,641.91
OUT_00171,574.08
OUT_00172,782.76
OUT_00173,721.16
OUT_00174,597.61
OUT_00175,724.14
OUT_00176,570.39
OUT_00177,615.19
OUT_00178,679.6
OUT_00179,615.07
OUT_00180,645.13
OUT_00181,584.59
OUT_00182,685.36
OUT_00183,678.26
OUT_00184,641.0
OUT_00185,669.53
OUT_00186,704.98
OUT_00187,642.81
OUT_00188,669.51
OUT_00189,447.6
OUT_00190,671.29
OUT_00191,610.8
OUT_00192,679.59
OUT_00193,652.02
OUT_00194,661.54
OUT_00195,310.47
OUT_00196,636.95
OUT_00197,590.53
OUT_00198,681.03
OUT_00199,651.15
OUT_00200,505.63
OUT_00201,546.02
OUT_00202,648.21
OUT_00203,652.94
OUT_00204,629.37
OUT_00205,690.07
OUT_00206,656.33
OUT_00207,674.71
OUT_00208,648.32
OUT_00209,648.13
OUT_00210,653.84
OUT_00211,660.68
OUT_00212,650.99
OUT_00213,648.62
OUT_00214,1216.43
OUT_00215,722.14
OUT_00216,681.01
OUT_00217,681.01
OUT_00218,649.06
OUT_00219,642.16
OUT_00220,617.6
OUT_00221,649.51
OUT_00222,690.92
OUT_00223,640.68
OUT_00224,605.58
OUT_00225,663.95
OUT_00226,655.08
OUT_00227,638.1
OUT_00228,644.13
OUT_00229,636.4
OUT_00230,657.41
OUT_00231,644.13
OUT_00232,670.89
OUT_00233,653.07
OUT_00234,707.08
OUT_00235,650.27
OUT_00236,616.75
OUT_00237,692.42
OUT_00238,616.19
OUT_00239,653.88
OUT_00240,620.87
OUT_00241,325.08
OUT_00242,619.75
OUT_00243,652.55
OUT_00244,620.02
OUT_00245,684.11
OUT_00246,708.46
OUT_00247,693.02
OUT_00248,641.96
OUT_00249,677.36
OUT_00250,788.92
OUT_00251,646.46
OUT_00252,697.92
OUT_00253,646.82
OUT_00254,654.01
OUT_00255,714.61
OUT_00256,623.93
OUT_00257,766.74
OUT_00258,777.86
OUT_00259,630.12
OUT_00260,638.1
OUT_00261,653.97
OUT_00262,615.55
OUT_00263,667.47
OUT_00264,683.56
OUT_00265,646.51
OUT_00266,644.69
OUT_00267,685.59
OUT_00268,660.37
OUT_00269,664.54
OUT_00270,638.95
OUT_00271,560.83
OUT_00272,669.82
OUT_00273,647.37
OUT_00274,663.59
OUT_00275,567.67
OUT_00276,535.56
OUT_00277,666.19
OUT_00278,694.63
OUT_00279,1198.46
OUT_00280,647.46
OUT_00281,635.33
OUT_00282,627.51
OUT_00283,645.71
OUT_00284,642.51
OUT_00285,618.39
OUT_00286,667.92
OUT_00287,631.96
OUT_00288,676.56
OUT_00289,638.65
OUT_00290,687.72
OUT_00291,682.0
OUT_00292,620.09
OUT_00293,619.93
OUT_00294,638.11
OUT_00295,631.59
OUT_00296,614.92
OUT_00297,703.27
OUT_00298,648.18
OUT_00299,629.42
OUT_00300,608.9
OUT_00301,640.54
OUT_00302,507.79
OUT_00303,691.22
OUT_00304,638.14
OUT_00305,557.66
OUT_00306,610.8
OUT_00307,687.99
OUT_00308,552.32
OUT_00309,703.9
OUT_00310,660.12
OUT_00311,700.79
OUT_00312,546.42
OUT_00313,612.34
OUT_00314,635.66
OUT_00315,548.67
OUT_00316,626.0
OUT_00317,693.92
OUT_00318,682.45
OUT_00319,524.44
OUT_00320,650.07
OUT_00321,622.86
OUT_00322,630.7
OUT_00323,642.54
OUT_00324,445.05
OUT_00325,547.38
OUT_00326,666.67
OUT_00327,656.59
OUT_00328,696.52
OUT_00329,668.17
OUT_00330,681.28
OUT_00331,440.09
OUT_00332,649.12
OUT_00333,613.83
OUT_00334,656.7
OUT_00335,670.59
OUT_00336,664.17
OUT_00337,620.81
OUT_00338,669.54
OUT_00339,778.6
OUT_00340,661.43
OUT_00341,644.52
OUT_00342,651.57
OUT_00343,638.85
OUT_00344,649.64
OUT_00345,635.99
OUT_00346,690.33
OUT_00347,681.1
OUT_00348,700.76
OUT_00349,711.92
OUT_00350,1127.7
OUT_00351,708.52
OUT_00352,649.01
OUT_00353,585.4
OUT_00354,675.24
OUT_00355,678.2
OUT_00356,661.94
OUT_00357,634.63
OUT_00358,643.17
OUT_00359,591.15
OUT_00360,618.76
OUT_00361,777.3
OUT_00362,671.99
OUT_00363,675.42
OUT_00364,631.83
OUT_00365,660.15
OUT_00366,684.81
OUT_00367,1310.2
OUT_00368,663.54
OUT_00369,686.19
OUT_00370,651.32
OUT_00371,574.28
OUT_00372,651.72
OUT_00373,649.28
OUT_00374,585.83
OUT_00375,349.86
OUT_00376,627.72
OUT_00377,518.77
OUT_00378,660.63
OUT_00379,646.26
OUT_00380,620.45
OUT_00381,659.09
OUT_00382,651.76
OUT_00383,674.31
OUT_00384,667.88
OUT_00385,595.17
OUT_00386,672.85
OUT_00387,697.24
OUT_00388,633.78
OUT_00389,618.66
OUT_00390,657.47
OUT_00391,227.96
OUT_00392,555.45
OUT_00393,663.4
OUT_00394,720.17
OUT_00395,688.5
OUT_00396,648.67
OUT_00397,615.73
OUT_00398,666.43
OUT_00399,394.77
OUT_00400,664.67
OUT_00401,48.87
OUT_00402,634.13
OUT_00403,192.49
OUT_00404,61.04
OUT_00405,205.61
OUT_00406,44.83
OUT_00407,60.46
OUT_00408,50.69
OUT_00409,194.82
OUT_00410,195.69
OUT_00411,65.65
OUT_00412,61.04
OUT_00413,639.19
OUT_00414,55.53
OUT_00415,64.82
OUT_00416,189.48
OUT_00417,621.07
OUT_00418,191.6
OUT_00419,52.12
OUT_00420,49.11
OUT_00421,187.22
OUT_00422,177.48
OUT_00423,654.21
OUT_00424,634.41
OUT_00425,65.07
OUT_00426,194.6
OUT_00427,189.66
OUT_00428,1692.94
OUT_00429,189.1
OUT_00430,41.0
OUT_00431,62.35
OUT_00432,1653.8
OUT_00433,201.82
OUT_00434,1675.78
OUT_00435,194.34
OUT_00436,63.34
OUT_00437,63.68
OUT_00438,186.26
OUT_00439,192.77
OUT_00440,53.24
OUT_00441,57.24
OUT_00442,56.11
OUT_00443,192.68
OUT_00444,193.82
OUT_00445,651.33
OUT_00446,69.74
OUT_00447,50.9
OUT_00448,58.18
OUT_00449,1669.17
OUT_00450,654.33
OUT_00451,55.99
OUT_00452,61.3
OUT_00453,234.75
OUT_00454,194.31
OUT_00455,1657.94
OUT_00456,194.14
OUT_00457,643.8
OUT_00458,72.68
OUT_00459,181.99
OUT_00460,185.16
OUT_00461,51.47
OUT_00462,60.43
OUT_00463,650.53
OUT_00464,58.25
OUT_00465,196.33
OUT_00466,642.86
OUT_00467,61.18
OUT_00468,652.41
OUT_00469,62.84
OUT_00470,60.09
OUT_00471,178.59
OUT_00472,198.61
OUT_00473,57.48
OUT_00474,52.25
OUT_00475,49.67
OUT_00476,209.12
OUT_00477,67.34
OUT_00478,186.5
OUT_00479,72.22
OUT_00480,70.55
OUT_00481,66.2
OUT_00482,194.13
OUT_00483,67.85
OUT_00484,55.59
OUT_00485,168.59
OUT_00486,211.74
OUT_00487,63.39
OUT_00488,62.91
OUT_00489,187.17
OUT_00490,51.38
OUT_00491,61.43
OUT_00492,662.5
OUT_00493,470.9
OUT_00494,48.91
OUT_00495,67.06
OUT_00496,60.82
OUT_00497,197.06
OUT_00498,199.4
OUT_00499,188.68
OUT_00500,64.88
OUT_00501,196.93
OUT_00502,189.54
OUT_00503,698.22
OUT_00504,189.64
OUT_00505,67.56
OUT_00506,1674.05
OUT_00507,1593.65
OUT_00508,194.95
OUT_00509,203.47
OUT_00510,189.99
OUT_00511,190.85
OUT_00512,63.32
OUT_00513,58.15
OUT_00514,64.67
OUT_00515,660.36
OUT_00516,63.1
OUT_00517,194.73
OUT_00518,188.65
OUT_00519,66.28
OUT_00520,46.59
OUT_00521,61.16
OUT_00522,55.72
OUT_00523,56.08
OUT_00524,92.27
OUT_00525,646.41
OUT_00526,193.24
OUT_00527,193.02
OUT_00528,190.29
OUT_00529,190.61
OUT_00530,672.46
OUT_00531,35.06
OUT_00532,66.94
OUT_00533,60.81
OUT_00534,699.13
OUT_00535,67.43
OUT_00536,49.66
OUT_00537,51.52
OUT_00538,61.44
OUT_00539,651.35
OUT_00540,64.95
OUT_00541,196.1
OUT_00542,64.24
OUT_00543,60.35
OUT_00544,53.1
OUT_00545,195.02
OUT_00546,191.4
OUT_00547,58.83
OUT_00548,70.87
OUT_00549,58.2
OUT_00550,187.19
OUT_00551,710.03
OUT_00552,54.64
OUT_00553,184.44
OUT_00554,62.72
OUT_00555,56.09
OUT_00556,183.95
OUT_00557,51.78
OUT_00558,52.9
OUT_00559,35.11
OUT_00560,200.3
OUT_00561,68.19
OUT_00562,51.93
OUT_00563,94.6
OUT_00564,67.57
OUT_00565,189.02
OUT_00566,77.6
OUT_00567,686.9
OUT_00568,1673.4
OUT_00569,64.63
OUT_00570,644.16
OUT_00571,65.35
OUT_00572,51.56
OUT_00573,632.9
OUT_00574,184.66
OUT_00575,58.26
OUT_00576,183.24
OUT_00577,666.59
OUT_00578,59.92
OUT_00579,1490.28
OUT_00580,651.41
OUT_00581,633.49
OUT_00582,196.44
OUT_00583,70.49
OUT_00584,62.75
OUT_00585,191.83
OUT_00586,188.04
OUT_00587,192.48
OUT_00588,40.04
OUT_00589,724.71
OUT_00590,189.77
OUT_00591,654.11
OUT_00592,62.76
OUT_00593,61.42
OUT_00594,193.51
OUT_00595,194.34
OUT_00596,51.49
OUT_00597,47.24
OUT_00598,61.36
OUT_00599,64.98
OUT_00600,672.94
OUT_00601,193.94
OUT_00602,70.88
OUT_00603,699.29
OUT_00604,197.41
OUT_00605,60.47
OUT_00606,659.53
OUT_00607,638.05
OUT_00608,198.9
OUT_00609,182.49
OUT_00610,642.58
OUT_00611,69.88
OUT_00612,66.0
OUT_00613,57.18
OUT_00614,672.38
OUT_00615,47.84
OUT_00616,190.22
OUT_00617,192.37
OUT_00618,202.5
OUT_00619,1668.37
OUT_00620,193.41
OUT_00621,186.81
OUT_00622,63.45
OUT_00623,63.25
OUT_00624,201.51
OUT_00625,199.05
OUT_00626,672.61
OUT_00627,182.85
OUT_00628,55.5
OUT_00629,190.07
OUT_00630,55.86
OUT_00631,54.4
OUT_00632,43.69
OUT_00633,678.17
OUT_00634,197.63
OUT_00635,192.38
OUT_00636,190.02
OUT_00637,193.53
OUT_00638,196.28
OUT_00639,673.75
OUT_00640,196.93
OUT_00641,54.52
OUT_00642,191.81
OUT_00643,147.11
OUT_00644,190.52
OUT_00645,191.44
OUT_00646,81.28
OUT_00647,58.44
OUT_00648,193.55
OUT_00649,716.02
OUT_00650,195.1
OUT_00651,49.85
OUT_00652,190.64
OUT_00653,62.65
OUT_00654,62.94
OUT_00655,66.31
OUT_00656,191.16
OUT_00657,62.91
OUT_00658,192.48
OUT_00659,59.14
OUT_00660,669.42
OUT_00661,192.42
OUT_00662,195.74
OUT_00663,192.25
OUT_00664,55.98
OUT_00665,56.62
OUT_00666,699.64
OUT_00667,184.38
OUT_00668,58.74
OUT_00669,67.63
OUT_00670,189.37
OUT_00671,193.09
OUT_00672,64.93
OUT_00673,197.08
OUT_00674,602.08
OUT_00675,66.46
OUT_00676,40.98
OUT_00677,207.05
OUT_00678,59.04
OUT_00679,53.92
OUT_00680,189.34
OUT_00681,56.79
OUT_00682,54.51
OUT_00683,191.04
OUT_00684,1550.91
OUT_00685,64.64
OUT_00686,696.39
OUT_00687,713.73
OUT_00688,65.84
OUT_00689,1692.84
OUT_00690,57.65
OUT_00691,1671.08
OUT_00692,43.55
OUT_00693,269.65
OUT_00694,735.91
OUT_00695,65.02
OUT_00696,59.82
OUT_00697,198.21
OUT_00698,675.03
OUT_00699,670.15
OUT_00700,68.25
OUT_00701,38.66
OUT_00702,73.11
OUT_00703,187.93
OUT_00704,190.8
OUT_00705,55.56
OUT_00706,188.9
OUT_00707,50.99
OUT_00708,54.08
OUT_00709,62.9
OUT_00710,189.71
OUT_00711,63.11
OUT_00712,667.8
OUT_00713,65.37
OUT_00714,56.05
OUT_00715,190.74
OUT_00716,58.79
OUT_00717,682.67
OUT_00718,51.72
OUT_00719,61.96
OUT_00720,653.91
OUT_00721,69.25
OUT_00722,188.71
OUT_00723,71.21
OUT_00724,54.59
OUT_00725,49.28
OUT_00726,666.46
OUT_00727,199.34
OUT_00728,676.89
OUT_00729,49.36
OUT_00730,197.93
OUT_00731,625.28
OUT_00732,197.17
OUT_00733,191.6
OUT_00734,629.14
OUT_00735,61.62
OUT_00736,630.15
OUT_00737,637.47
OUT_00738,35.2
OUT_00739,67.45
OUT_00740,195.55
OUT_00741,72.48
OUT_00742,1700.0
OUT_00743,63.37
OUT_00744,191.47
OUT_00745,191.57
OUT_00746,617.26
OUT_00747,183.52
OUT_00748,70.62
OUT_00749,193.89
OUT_00750,192.75
OUT_00751,57.04
OUT_00752,55.94
OUT_00753,644.36
OUT_00754,75.09
OUT_00755,653.35
OUT_00756,191.42
OUT_00757,188.99
OUT_00758,60.4
OUT_00759,61.47
OUT_00760,48.81
OUT_00761,191.73
OUT_00762,52.97
OUT_00763,49.37
OUT_00764,194.4
OUT_00765,47.84
OUT_00766,56.92
OUT_00767,194.58
OUT_00768,56.93
OUT_00769,199.12
OUT_00770,57.79
OUT_00771,197.39
OUT_00772,192.42
OUT_00773,665.06
OUT_00774,65.72
OUT_00775,190.74
OUT_00776,65.25
OUT_00777,56.07
OUT_00778,1696.75
OUT_00779,188.92
OUT_00780,55.92
OUT_00781,63.65
OUT_00782,47.19
OUT_00783,67.16
OUT_00784,56.79
OUT_00785,192.72
OUT_00786,124.62
OUT_00787,193.95
OUT_00788,190.04
OUT_00789,628.4
OUT_00790,58.05
OUT_00791,1632.63
OUT_00792,697.98
OUT_00793,190.54
OUT_00794,61.23
OUT_00795,682.21
OUT_00796,55.72
OUT_00797,195.27
OUT_00798,190.28
OUT_00799,650.62
OUT_00800,619.73
OUT_00801,56.25
OUT_00802,56.76
OUT_00803,193.52
OUT_00804,64.94
OUT_00805,64.44
OUT_00806,64.95
OUT_00807,62.86
OUT_00808,191.26
OUT_00809,194.57
OUT_00810,61.82
OUT_00811,62.96
OUT_00812,61.6
OUT_00813,51.58
OUT_00814,57.83
OUT_00815,1696.45
OUT_00816,68.06
OUT_00817,75.17
OUT_00818,60.47
OUT_00819,41.95
OUT_00820,51.46
OUT_00821,56.02
OUT_00822,192.75
OUT_00823,645.17
OUT_00824,56.17
OUT_00825,192.95
OUT_00826,191.72
OUT_00827,66.62
OUT_00828,192.54
OUT_00829,51.71
OUT_00830,67.4
OUT_00831,64.84
OUT_00832,52.88
OUT_00833,187.34
OUT_00834,189.54
OUT_00835,192.3
OUT_00836,190.15
OUT_00837,646.7
OUT_00838,195.39
OUT_00839,55.28
OUT_00840,1626.98
OUT_00841,45.06
OUT_00842,62.76
OUT_00843,219.2
OUT_00844,60.58
OUT_00845,195.69
OUT_00846,45.33
OUT_00847,190.51
OUT_00848,191.87
OUT_00849,190.88
OUT_00850,61.74
OUT_00851,61.42
OUT_00852,189.18
OUT_00853,1673.59
OUT_00854,192.25
OUT_00855,74.45
OUT_00856,1636.44
OUT_00857,674.62
OUT_00858,65.39
OUT_00859,74.17
OUT_00860,55.54
OUT_00861,67.07
OUT_00862,57.09
OUT_00863,64.55
OUT_00864,49.83
OUT_00865,201.12
OUT_00866,201.68
OUT_00867,185.89
OUT_00868,57.93
OUT_00869,50.38
OUT_00870,183.82
OUT_00871,646.55
OUT_00872,63.65
OUT_00873,629.64
OUT_00874,191.27
OUT_00875,63.96
OUT_00876,60.93
OUT_00877,668.85
OUT_00878,194.65
OUT_00879,190.63
OUT_00880,56.76
OUT_00881,656.34
OUT_00882,74.84
OUT_00883,67.74
OUT_00884,239.09
OUT_00885,197.1
OUT_00886,1631.08
OUT_00887,55.82
OUT_00888,63.35
OUT_00889,201.88
OUT_00890,189.25
OUT_00891,196.04
OUT_00892,54.66
OUT_00893,65.29
OUT_00894,61.39
OUT_00895,183.95
OUT_00896,62.67
OUT_00897,206.93
OUT_00898,46.78
OUT_00899,51.06
OUT_00900,93.85
OUT_00901,59.49
OUT_00902,53.1
OUT_00903,646.26
OUT_00904,56.02
OUT_00905,51.08
OUT_00906,664.7
OUT_00907,69.74
OUT_00908,61.11
OUT_00909,58.08
OUT_00910,67.93
OUT_00911,62.88
OUT_00912,609.44
OUT_00913,193.39
OUT_00914,200.5
OUT_00915,55.46
OUT_00916,193.68
OUT_00917,190.44
OUT_00918,630.58
OUT_00919,67.98
OUT_00920,189.8
OUT_00921,193.33
OUT_00922,64.88
OUT_00923,655.2
OUT_00924,195.35
OUT_00925,65.15
OUT_00926,61.49
OUT_00927,51.49
OUT_00928,55.93
OUT_00929,188.66
OUT_00930,187.62
OUT_00931,65.32
OUT_00932,69.41
OUT_00933,616.28
OUT_00934,605.75
OUT_00935,198.66
OUT_00936,64.91
OUT_00937,639.06
OUT_00938,195.8
OUT_00939,55.98
OUT_00940,65.14
OUT_00941,187.81
OUT_00942,192.96
OUT_00943,609.7
OUT_00944,56.9
OUT_00945,193.94
OUT_00946,57.52
OUT_00947,56.72
OUT_00948,62.84
OUT_00949,55.48
OUT_00950,51.72
OUT_00951,188.65
OUT_00952,630.46
OUT_00953,67.31
OUT_00954,643.53
OUT_00955,192.97
OUT_00956,188.36
OUT_00957,57.01
OUT_00958,61.32
OUT_00959,64.84
OUT_00960,617.27
OUT_00961,35.09
OUT_00962,192.74
OUT_00963,184.35
OUT_00964,51.51
OUT_00965,1688.65
OUT_00966,53.07
OUT_00967,67.86
OUT_00968,49.59
OUT_00969,215.06
OUT_00970,49.16
OUT_00971,55.97
OUT_00972,193.32
OUT_00973,651.43
OUT_00974,54.69
OUT_00975,63.81
OUT_00976,191.36
OUT_00977,64.88
OUT_00978,57.09
OUT_00979,56.78
OUT_00980,70.5
OUT_00981,195.36
OUT_00982,55.89
OUT_00983,45.17
OUT_00984,61.51
OUT_00985,187.29
OUT_00986,655.87
OUT_00987,52.86
OUT_00988,187.42
OUT_00989,74.26
OUT_00990,664.02
OUT_00991,51.1
OUT_00992,188.57
OUT_00993,63.59
OUT_00994,701.64
OUT_00995,662.95
OUT_00996,1664.17
OUT_00997,190.22
OUT_00998,217.68
OUT_00999,194.87
OUT_01000,61.66
OUT_01001,56.72
OUT_01002,52.22
OUT_01003,51.9
OUT_01004,66.23
OUT_01005,192.35
OUT_01006,1692.18
OUT_01007,54.69
OUT_01008,205.16
OUT_01009,69.42
OUT_01010,185.83
OUT_01011,193.84
OUT_01012,195.17
OUT_01013,67.04
OUT_01014,191.74
OUT_01015,186.77
OUT_01016,188.08
OUT_01017,55.87
OUT_01018,659.08
OUT_01019,55.37
OUT_01020,63.13
OUT_01021,64.64
OUT_01022,64.75
OUT_01023,627.06
OUT_01024,64.98
OUT_01025,196.91
OUT_01026,189.95
OUT_01027,57.44
OUT_01028,58.4
OUT_01029,54.39
OUT_01030,60.54
OUT_01031,44.87
OUT_01032,1689.73
OUT_01033,61.0
OUT_01034,61.65
OUT_01035,196.26
OUT_01036,664.5
OUT_01037,198.94
OUT_01038,193.5
OUT_01039,560.34
OUT_01040,190.61
OUT_01041,198.6
OUT_01042,62.69
OUT_01043,58.99
OUT_01044,1652.23
OUT_01045,50.87
OUT_01046,63.11
OUT_01047,51.41
OUT_01048,55.94
OUT_01049,194.52
OUT_01050,63.08
OUT_01051,202.08
OUT_01052,57.49
OUT_01053,75.6
OUT_01054,196.65
OUT_01055,41.68
OUT_01056,178.44
OUT_01057,64.87
OUT_01058,195.08
OUT_01059,201.73
OUT_01060,194.81
OUT_01061,1680.62
OUT_01062,58.19
OUT_01063,39.0
OUT_01064,59.09
OUT_01065,61.18
OUT_01066,62.47
OUT_01067,62.86
OUT_01068,61.19
OUT_01069,191.39
OUT_01070,64.92
OUT_01071,65.16
OUT_01072,194.82
OUT_01073,623.15
OUT_01074,187.44
OUT_01075,186.04
OUT_01076,188.11
OUT_01077,57.87
OUT_01078,52.16
OUT_01079,655.63
OUT_01080,184.8
OUT_01081,66.78
OUT_01082,62.1
OUT_01083,60.83
OUT_01084,54.47
OUT_01085,604.88
OUT_01086,195.7
OUT_01087,44.64
OUT_01088,67.84
OUT_01089,43.24
OUT_01090,691.75
OUT_01091,53.0
OUT_01092,71.58
OUT_01093,198.07
OUT_01094,64.82
OUT_01095,64.79
OUT_01096,66.68
OUT_01097,193.35
OUT_01098,55.98
OUT_01099,652.83
OUT_01100,1618.43
OUT_01101,55.92
OUT_01102,186.86
OUT_01103,67.99
OUT_01104,54.0
OUT_01105,623.76
OUT_01106,60.43
OUT_01107,683.08
OUT_01108,1668.37
OUT_01109,194.71
OUT_01110,195.12
OUT_01111,190.7
OUT_01112,61.75
OUT_01113,49.72
OUT_01114,57.32
OUT_01115,227.84
OUT_01116,198.46
OUT_01117,35.08
OUT_01118,65.71
OUT_01119,45.07
OUT_01120,54.05
OUT_01121,190.09
OUT_01122,51.51
OUT_01123,190.14
OUT_01124,1665.03
OUT_01125,50.72
OUT_01126,67.14
OUT_01127,55.53
OUT_01128,65.25
OUT_01129,70.0
OUT_01130,678.14
OUT_01131,70.94
OUT_01132,60.89
OUT_01133,628.4
OUT_01134,649.29
OUT_01135,633.43
OUT_01136,70.61
OUT_01137,184.71
OUT_01138,194.0
OUT_01139,64.96
OUT_01140,57.63
OUT_01141,66.43
OUT_01142,191.04
OUT_01143,55.97
OUT_01144,60.09
OUT_01145,194.46
OUT_01146,1478.75
OUT_01147,51.55
OUT_01148,165.51
OUT_01149,186.53
OUT_01150,58.56
OUT_01151,56.88
OUT_01152,1622.69
OUT_01153,672.02
OUT_01154,58.25
OUT_01155,53.12
OUT_01156,188.43
OUT_01157,184.01
OUT_01158,65.96
OUT_01159,65.1
OUT_01160,42.76
OUT_01161,53.96
OUT_01162,59.61
OUT_01163,58.82
OUT_01164,674.03
OUT_01165,70.13
OUT_01166,193.91
OUT_01167,55.56
OUT_01168,62.91
OUT_01169,62.8
OUT_01170,65.87
OUT_01171,74.49
OUT_01172,69.62
OUT_01173,189.34
OUT_01174,63.46
OUT_01175,654.35
OUT_01176,198.14
OUT_01177,54.1
OUT_01178,659.25
OUT_01179,191.86
OUT_01180,191.92
OUT_01181,59.97
OUT_01182,192.21
OUT_01183,63.51
OUT_01184,64.51
OUT_01185,58.32
OUT_01186,50.99
OUT_01187,46.69
OUT_01188,66.03
OUT_01189,60.86
OUT_01190,62.44
OUT_01191,192.38
OUT_01192,72.01
OUT_01193,64.61
OUT_01194,64.97
OUT_01195,187.76
OUT_01196,50.98
OUT_01197,664.0
OUT_01198,188.74
OUT_01199,50.73
OUT_01200,43.2
OUT_01201,55.49
OUT_01202,45.67
OUT_01203,672.44
OUT_01204,197.56
OUT_01205,55.76
OUT_01206,55.55
OUT_01207,1681.14
OUT_01208,51.38
OUT_01209,58.94
OUT_01210,190.68
OUT_01211,198.23
OUT_01212,1683.54
OUT_01213,53.59
OUT_01214,673.24
OUT_01215,655.4
OUT_01216,64.57
OUT_01217,665.14
OUT_01218,470.2
OUT_01219,67.15
OUT_01220,184.17
OUT_01221,1659.49
OUT_01222,42.25
OUT_01223,189.91
OUT_01224,182.49
OUT_01225,192.49
OUT_01226,65.09
OUT_01227,63.61
OUT_01228,61.29
OUT_01229,62.9
OUT_01230,184.17
OUT_01231,61.46
OUT_01232,74.03
OUT_01233,190.5
OUT_01234,76.05
OUT_01235,192.02
OUT_01236,669.7
OUT_01237,56.77
OUT_01238,178.9
OUT_01239,694.76
OUT_01240,56.37
OUT_01241,1646.24
OUT_01242,65.8
OUT_01243,71.92
OUT_01244,65.16
OUT_01245,44.51
OUT_01246,635.03
OUT_01247,55.94
OUT_01248,55.45
OUT_01249,65.57
OUT_01250,202.44
OUT_01251,65.75
OUT_01252,64.96
OUT_01253,612.61
OUT_01254,62.39
OUT_01255,61.35
OUT_01256,71.76
OUT_01257,58.96
OUT_01258,177.58
OUT_01259,44.97
OUT_01260,44.59
OUT_01261,47.82
OUT_01262,646.5
OUT_01263,630.14
OUT_01264,76.54
OUT_01265,193.72
OUT_01266,193.34
OUT_01267,627.82
OUT_01268,194.87
OUT_01269,57.13
OUT_01270,652.03
OUT_01271,49.3
OUT_01272,203.05
OUT_01273,653.46
OUT_01274,70.8
OUT_01275,66.86
OUT_01276,35.75
OUT_01277,41.32
OUT_01278,61.32
OUT_01279,189.14
OUT_01280,58.32
OUT_01281,188.47
OUT_01282,69.39
OUT_01283,49.16
OUT_01284,193.31
OUT_01285,56.81
OUT_01286,53.17
OUT_01287,639.73
OUT_01288,630.9
OUT_01289,60.91
OUT_01290,186.95
OUT_01291,655.25
OUT_01292,655.32
OUT_01293,192.04
OUT_01294,67.88
OUT_01295,188.92
OUT_01296,47.73
OUT_01297,47.39
OUT_01298,198.91
OUT_01299,1659.0
OUT_01300,191.56
OUT_01301,54.7
OUT_01302,54.62
OUT_01303,64.97
OUT_01304,651.21
OUT_01305,68.06
OUT_01306,184.32
OUT_01307,194.8
OUT_01308,47.5
OUT_01309,61.52
OUT_01310,61.43
OUT_01311,46.98
OUT_01312,70.48
OUT_01313,70.01
OUT_01314,336.44
OUT_01315,51.08
OUT_01316,1691.79
OUT_01317,65.2
OUT_01318,55.57
OUT_01319,55.46
OUT_01320,70.11
OUT_01321,51.48
OUT_01322,73.53
OUT_01323,183.42
OUT_01324,53.99
OUT_01325,186.16
OUT_01326,62.91
OUT_01327,61.65
OUT_01328,55.55
OUT_01329,60.67
OUT_01330,49.05
OUT_01331,650.14
OUT_01332,191.48
OUT_01333,62.62
OUT_01334,189.53
OUT_01335,48.42
OUT_01336,57.2
OUT_01337,73.67
OUT_01338,610.43
OUT_01339,59.04
OUT_01340,64.91
OUT_01341,67.07
OUT_01342,187.05
OUT_01343,52.84
OUT_01344,60.66
OUT_01345,38.63
OUT_01346,189.48
OUT_01347,190.52
OUT_01348,192.37
OUT_01349,62.77
OUT_01350,190.13
OUT_01351,45.1
OUT_01352,689.97
OUT_01353,65.73
OUT_01354,57.17
OUT_01355,643.01
OUT_01356,194.69
OUT_01357,63.09
OUT_01358,209.74
OUT_01359,70.7
OUT_01360,193.35
OUT_01361,55.26
OUT_01362,1642.85
OUT_01363,66.73
OUT_01364,199.15
OUT_01365,48.33
OUT_01366,192.18
OUT_01367,193.7
OUT_01368,67.26
OUT_01369,646.1
OUT_01370,65.82
OUT_01371,49.49
OUT_01372,186.97
OUT_01373,196.16
OUT_01374,194.15
OUT_01375,704.24
OUT_01376,1717.43
OUT_01377,188.78
OUT_01378,56.61
OUT_01379,57.37
OUT_01380,265.2
OUT_01381,42.46
OUT_01382,632.46
OUT_01383,172.48
OUT_01384,63.51
OUT_01385,193.14
OUT_01386,195.19
OUT_01387,55.98
OUT_01388,62.84
OUT_01389,671.18
OUT_01390,70.49
OUT_01391,662.68
OUT_01392,64.55
OUT_01393,60.75
OUT_01394,65.69
OUT_01395,202.13
OUT_01396,673.58
OUT_01397,62.82
OUT_01398,56.97
OUT_01399,64.37
OUT_01400,672.5
OUT_01401,189.22
OUT_01402,70.54
OUT_01403,193.51
OUT_01404,73.15
OUT_01405,57.17
OUT_01406,57.02
OUT_01407,50.98
OUT_01408,192.27
OUT_01409,651.33
OUT_01410,661.04
OUT_01411,606.61
OUT_01412,192.76
OUT_01413,192.58
OUT_01414,66.99
OUT_01415,51.46
OUT_01416,39.06
OUT_01417,194.12
OUT_01418,217.23
OUT_01419,202.22
OUT_01420,621.13
OUT_01421,47.89
OUT_01422,65.01
OUT_01423,50.44
OUT_01424,51.28
OUT_01425,190.69
OUT_01426,63.0
OUT_01427,64.63
OUT_01428,187.45
OUT_01429,61.21
OUT_01430,60.5
OUT_01431,49.3
OUT_01432,59.55
OUT_01433,63.34
OUT_01434,58.06
OUT_01435,54.87
OUT_01436,187.89
OUT_01437,677.58
OUT_01438,74.25
OUT_01439,192.63
OUT_01440,1698.28
OUT_01441,193.38
OUT_01442,168.52
OUT_01443,60.5
OUT_01444,190.73
OUT_01445,192.3
OUT_01446,72.43
OUT_01447,670.03
OUT_01448,183.4
OUT_01449,189.3
OUT_01450,58.34
OUT_01451,196.58
OUT_01452,57.51
OUT_01453,673.11
OUT_01454,65.42
OUT_01455,55.71
OUT_01456,72.53
OUT_01457,55.42
OUT_01458,193.06
OUT_01459,45.65
OUT_01460,192.75
OUT_01461,618.92
OUT_01462,48.57
OUT_01463,44.54
OUT_01464,60.77
OUT_01465,75.46
OUT_01466,56.85
OUT_01467,38.28
OUT_01468,63.95
OUT_01469,52.8
OUT_01470,190.24
OUT_01471,1683.53
OUT_01472,1672.44
OUT_01473,645.6
OUT_01474,67.16
OUT_01475,58.27
OUT_01476,154.4
OUT_01477,75.9
OUT_01478,58.07
OUT_01479,39.68
OUT_01480,70.1
OUT_01481,611.99
OUT_01482,54.59
OUT_01483,195.38
OUT_01484,67.77
OUT_01485,668.27
OUT_01486,53.03
OUT_01487,65.91
OUT_01488,56.06
OUT_01489,44.51
OUT_01490,190.52
OUT_01491,57.81
OUT_01492,49.38
OUT_01493,51.46
OUT_01494,47.16
OUT_01495,194.16
OUT_01496,53.95
OUT_01497,187.35
OUT_01498,170.17
OUT_01499,187.87
OUT_01500,637.73
OUT_01501,65.12
OUT_01502,193.14
OUT_01503,713.54
OUT_01504,191.36
OUT_01505,1667.85
OUT_01506,661.55
OUT_01507,689.2
OUT_01508,55.53
OUT_01509,51.0
OUT_01510,194.03
OUT_01511,58.96
OUT_01512,42.91
OUT_01513,54.18
OUT_01514,1660.91
OUT_01515,56.86
OUT_01516,67.0
OUT_01517,62.93
OUT_01518,197.98
OUT_01519,50.27
OUT_01520,670.91
OUT_01521,198.33
OUT_01522,61.58
OUT_01523,192.35
OUT_01524,193.81
OUT_01525,65.53
OUT_01526,192.97
OUT_01527,654.12
OUT_01528,1622.88
OUT_01529,67.06
OUT_01530,55.91
OUT_01531,56.44
OUT_01532,694.66
OUT_01533,44.81
OUT_01534,70.11
OUT_01535,65.09
OUT_01536,66.03
OUT_01537,74.91
OUT_01538,65.7
OUT_01539,58.81
OUT_01540,660.63
OUT_01541,76.44
OUT_01542,60.54
OUT_01543,48.94
OUT_01544,64.59
OUT_01545,188.61
OUT_01546,193.0
OUT_01547,201.25
OUT_01548,49.6
OUT_01549,192.73
OUT_01550,168.54
OUT_01551,61.33
OUT_01552,188.02
OUT_01553,190.03
OUT_01554,1654.24
OUT_01555,48.76
OUT_01556,64.57
OUT_01557,1648.98
OUT_01558,43.44
OUT_01559,675.34
OUT_01560,683.91
OUT_01561,67.34
OUT_01562,59.65
OUT_01563,187.17
OUT_01564,55.95
OUT_01565,194.42
OUT_01566,51.46
OUT_01567,1581.94
OUT_01568,60.65
OUT_01569,61.4
OUT_01570,668.74
OUT_01571,54.59
OUT_01572,193.95
OUT_01573,62.73
OUT_01574,64.9
OUT_01575,57.33
OUT_01576,63.04
OUT_01577,191.92
OUT_01578,186.95
OUT_01579,62.61
OUT_01580,56.35
OUT_01581,184.67
OUT_01582,636.22
OUT_01583,184.95
OUT_01584,56.78
OUT_01585,61.46
OUT_01586,64.16
OUT_01587,44.56
OUT_01588,192.44
OUT_01589,191.11
OUT_01590,43.23
OUT_01591,67.33
OUT_01592,66.9
OUT_01593,653.8
OUT_01594,193.64
OUT_01595,1656.3
OUT_01596,194.28
OUT_01597,63.07
OUT_01598,195.68
OUT_01599,60.87
OUT_01600,73.31
OUT_01601,54.1
OUT_01602,196.62
OUT_01603,65.41
OUT_01604,64.95
OUT_01605,675.29
OUT_01606,67.42
OUT_01607,42.49
OUT_01608,92.43
OUT_01609,184.8
OUT_01610,189.68
OUT_01611,49.58
OUT_01612,46.55
OUT_01613,54.18
OUT_01614,60.96
OUT_01615,45.04
OUT_01616,58.18
OUT_01617,48.47
OUT_01618,60.59
OUT_01619,236.32
OUT_01620,189.34
OUT_01621,633.76
OUT_01622,62.05
OUT_01623,65.75
OUT_01624,1673.24
OUT_01625,51.02
OUT_01626,55.8
OUT_01627,47.61
OUT_01628,55.5
OUT_01629,623.84
OUT_01630,49.82
OUT_01631,62.06
OUT_01632,62.6
OUT_01633,51.53
OUT_01634,696.74
OUT_01635,191.63
OUT_01636,193.08
OUT_01637,68.6
OUT_01638,190.72
OUT_01639,675.51
OUT_01640,1702.37
OUT_01641,1684.68
OUT_01642,45.14
OUT_01643,56.24
OUT_01644,92.78
OUT_01645,60.61
OUT_01646,57.96
OUT_01647,44.62
OUT_01648,64.99
OUT_01649,59.85
OUT_01650,1669.46
OUT_01651,61.11
OUT_01652,61.51
OUT_01653,191.25
OUT_01654,625.49
OUT_01655,65.5
OUT_01656,636.52
OUT_01657,59.01
OUT_01658,72.72
OUT_01659,60.99
OUT_01660,196.34
OUT_01661,192.16
OUT_01662,193.89
OUT_01663,60.22
OUT_01664,61.41
OUT_01665,1665.26
OUT_01666,664.29
OUT_01667,230.57
OUT_01668,77.59
OUT_01669,64.54
OUT_01670,54.13
OUT_01671,64.96
OUT_01672,184.26
OUT_01673,38.75
OUT_01674,56.95
OUT_01675,189.62
OUT_01676,208.64
OUT_01677,58.18
OUT_01678,56.77
OUT_01679,641.3
OUT_01680,61.35
OUT_01681,61.57
OUT_01682,61.71
OUT_01683,63.03
OUT_01684,56.7
OUT_01685,61.08
OUT_01686,186.09
OUT_01687,64.95
OUT_01688,193.26
OUT_01689,58.86
OUT_01690,62.77
OUT_01691,1615.99
OUT_01692,194.11
OUT_01693,61.48
OUT_01694,692.11
OUT_01695,194.39
OUT_01696,60.93
OUT_01697,69.5
OUT_01698,63.55
OUT_01699,55.56
OUT_01700,70.67
OUT_01701,184.95
OUT_01702,47.04
OUT_01703,60.8
OUT_01704,189.87
OUT_01705,679.34
OUT_01706,49.49
OUT_01707,66.71
OUT_01708,194.59
OUT_01709,66.8
OUT_01710,196.05
OUT_01711,44.54
OUT_01712,1695.13
OUT_01713,56.84
OUT_01714,58.37
OUT_01715,193.0
OUT_01716,1676.62
OUT_01717,51.65
OUT_01718,188.99
OUT_01719,61.57
OUT_01720,67.37
OUT_01721,67.82
OUT_01722,74.46
OUT_01723,193.93
OUT_01724,74.92
OUT_01725,1688.59
OUT_01726,53.08
OUT_01727,58.7
OUT_01728,60.6
OUT_01729,64.74
OUT_01730,194.93
OUT_01731,190.25
OUT_01732,210.21
OUT_01733,55.71
OUT_01734,191.88
OUT_01735,644.31
OUT_01736,1658.67
OUT_01737,683.05
OUT_01738,179.09
OUT_01739,185.9
OUT_01740,640.31
OUT_01741,192.88
OUT_01742,189.61
OUT_01743,57.35
OUT_01744,65.23
OUT_01745,60.98
OUT_01746,194.13
OUT_01747,57.27
OUT_01748,67.82
OUT_01749,720.51
OUT_01750,61.25
OUT_01751,65.04
OUT_01752,63.07
OUT_01753,52.86
OUT_01754,198.19
OUT_01755,200.7
OUT_01756,189.8
OUT_01757,702.25
OUT_01758,694.37
OUT_01759,71.89
OUT_01760,1678.51
OUT_01761,74.51
OUT_01762,55.53
OUT_01763,196.48
OUT_01764,57.21
OUT_01765,69.97
OUT_01766,633.39
OUT_01767,679.73
OUT_01768,194.26
OUT_01769,58.22
OUT_01770,193.01
OUT_01771,65.0
OUT_01772,196.4
OUT_01773,72.92
OUT_01774,195.71
OUT_01775,632.45
OUT_01776,60.45
OUT_01777,45.1
OUT_01778,192.85
OUT_01779,70.73
OUT_01780,198.14
OUT_01781,51.43
OUT_01782,1586.05
OUT_01783,72.71
OUT_01784,56.5
OUT_01785,650.98
OUT_01786,68.64
OUT_01787,39.71
OUT_01788,194.85
OUT_01789,50.62
OUT_01790,67.1
OUT_01791,56.2
OUT_01792,66.92
OUT_01793,63.86
OUT_01794,192.7
OUT_01795,201.8
OUT_01796,61.26
OUT_01797,59.07
OUT_01798,194.83
OUT_01799,47.55
OUT_01800,186.8
OUT_01801,668.4
OUT_01802,692.39
OUT_01803,640.35
OUT_01804,190.91
OUT_01805,199.15
OUT_01806,640.78
OUT_01807,72.69
OUT_01808,194.36
OUT_01809,193.78
OUT_01810,47.86
OUT_01811,68.25
OUT_01812,53.56
OUT_01813,184.42
OUT_01814,190.93
OUT_01815,62.93
OUT_01816,67.94
OUT_01817,71.0
OUT_01818,61.26
OUT_01819,55.24
OUT_01820,187.82
OUT_01821,1669.73
OUT_01822,69.4
OUT_01823,61.42
OUT_01824,69.13
OUT_01825,685.81
OUT_01826,720.96
OUT_01827,703.79
OUT_01828,190.81
OUT_01829,65.0
OUT_01830,64.91
OUT_01831,51.48
OUT_01832,56.96
OUT_01833,55.88
OUT_01834,668.39
OUT_01835,635.92
OUT_01836,76.55
OUT_01837,65.03
OUT_01838,193.81
OUT_01839,195.48
OUT_01840,67.24
OUT_01841,1668.06
OUT_01842,186.33
OUT_01843,60.45
OUT_01844,634.86
OUT_01845,72.13
OUT_01846,55.5
OUT_01847,651.2
OUT_01848,200.22
OUT_01849,65.93
OUT_01850,217.66
OUT_01851,684.04
OUT_01852,676.3
OUT_01853,188.41
OUT_01854,663.84
OUT_01855,58.25
OUT_01856,197.56
OUT_01857,57.98
OUT_01858,58.32
OUT_01859,67.4
OUT_01860,193.37
OUT_01861,196.94
OUT_01862,64.66
OUT_01863,189.64
OUT_01864,193.44
OUT_01865,65.68
OUT_01866,62.77
OUT_01867,65.22
OUT_01868,142.35
OUT_01869,1678.32
OUT_01870,60.67
OUT_01871,65.14
OUT_01872,197.91
OUT_01873,194.27
OUT_01874,49.82
OUT_01875,191.1
OUT_01876,196.89
OUT_01877,684.55
OUT_01878,676.54
OUT_01879,1676.88
OUT_01880,188.04
OUT_01881,62.77
OUT_01882,64.66
OUT_01883,62.74
OUT_01884,52.99
OUT_01885,193.15
OUT_01886,56.94
OUT_01887,663.67
OUT_01888,58.4
OUT_01889,192.43
OUT_01890,55.57
OUT_01891,629.4
OUT_01892,188.81
OUT_01893,43.82
OUT_01894,190.25
OUT_01895,65.76
OUT_01896,70.83
OUT_01897,671.38
OUT_01898,191.76
OUT_01899,657.04
OUT_01900,53.95
OUT_01901,1648.7
OUT_01902,57.27
OUT_01903,1688.43
OUT_01904,60.79
OUT_01905,57.51
OUT_01906,1681.13
OUT_01907,640.78
OUT_01908,622.99
OUT_01909,65.52
OUT_01910,61.3
OUT_01911,189.35
OUT_01912,65.51
OUT_01913,219.0
OUT_01914,66.14
OUT_01915,49.46
OUT_01916,63.55
OUT_01917,169.11
OUT_01918,49.69
OUT_01919,59.66
OUT_01920,67.07
OUT_01921,47.9
OUT_01922,59.98
OUT_01923,56.16
OUT_01924,61.5
OUT_01925,660.45
OUT_01926,666.5
OUT_01927,200.98
OUT_01928,668.97
OUT_01929,185.06
OUT_01930,55.51
OUT_01931,62.84
OUT_01932,190.95
OUT_01933,59.57
OUT_01934,61.27
OUT_01935,50.87
OUT_01936,56.49
OUT_01937,1689.8
OUT_01938,189.32
OUT_01939,187.17
OUT_01940,64.82
OUT_01941,201.62
OUT_01942,48.01
OUT_01943,53.0
OUT_01944,1689.76
OUT_01945,61.61
OUT_01946,196.37
OUT_01947,55.46
OUT_01948,199.68
OUT_01949,64.79
OUT_01950,73.06
OUT_01951,642.14
OUT_01952,49.42
OUT_01953,640.81
OUT_01954,199.87
OUT_01955,659.97
OUT_01956,58.36
OUT_01957,65.89
OUT_01958,201.43
OUT_01959,55.91
OUT_01960,55.9
OUT_01961,623.47
OUT_01962,68.13
OUT_01963,650.89
OUT_01964,64.21
OUT_01965,191.83
OUT_01966,64.97
OUT_01967,640.35
OUT_01968,189.33
OUT_01969,64.9
OUT_01970,1520.49
OUT_01971,193.01
OUT_01972,62.74
OUT_01973,61.51
OUT_01974,65.14
OUT_01975,187.96
OUT_01976,193.6
OUT_01977,51.99
OUT_01978,61.44
OUT_01979,196.9
OUT_01980,192.22
OUT_01981,200.52
OUT_01982,706.57
OUT_01983,222.14
OUT_01984,608.56
OUT_01985,664.9
OUT_01986,51.61
OUT_01987,50.17
OUT_01988,193.34
OUT_01989,187.18
OUT_01990,62.62
OUT_01991,631.39
OUT_01992,190.09
OUT_01993,44.61
OUT_01994,194.3
OUT_01995,67.37
OUT_01996,621.11
OUT_01997,685.55
OUT_01998,50.25
OUT_01999,681.65
OUT_02000,194.83
OUT_02001,60.21
OUT_02002,51.88
OUT_02003,60.96
OUT_02004,52.04
OUT_02005,191.78
OUT_02006,192.83
OUT_02007,194.56
OUT_02008,192.62
OUT_02009,167.22
OUT_02010,62.72
OUT_02011,51.7
OUT_02012,195.39
OUT_02013,55.45
OUT_02014,646.62
OUT_02015,62.9
OUT_02016,600.34
OUT_02017,667.09
OUT_02018,194.13
OUT_02019,51.67
OUT_02020,58.34
OUT_02021,55.89
OUT_02022,1642.85
OUT_02023,43.64
OUT_02024,189.1
OUT_02025,1693.35
OUT_02026,201.63
OUT_02027,197.15
OUT_02028,206.87
OUT_02029,194.46
OUT_02030,318.56
OUT_02031,53.26
OUT_02032,194.39
OUT_02033,42.39
OUT_02034,1698.65
OUT_02035,46.69
OUT_02036,49.6
OUT_02037,66.2
OUT_02038,50.35
OUT_02039,86.32
OUT_02040,189.89
OUT_02041,45.37
OUT_02042,61.66
OUT_02043,175.14
OUT_02044,632.9
OUT_02045,193.36
OUT_02046,72.74
OUT_02047,663.25
OUT_02048,70.33
OUT_02049,49.81
OUT_02050,66.06
OUT_02051,190.19
OUT_02052,61.61
OUT_02053,63.41
OUT_02054,644.0
OUT_02055,193.21
OUT_02056,1679.42
OUT_02057,189.82
OUT_02058,666.46
OUT_02059,190.05
OUT_02060,73.92
OUT_02061,57.13
OUT_02062,72.17
OUT_02063,60.37
OUT_02064,47.52
OUT_02065,69.41
OUT_02066,661.77
OUT_02067,65.12
OUT_02068,669.69
OUT_02069,61.32
OUT_02070,48.88
OUT_02071,65.6
OUT_02072,683.82
OUT_02073,1610.68
OUT_02074,65.15
OUT_02075,58.18
OUT_02076,70.97
OUT_02077,72.14
OUT_02078,1680.75
OUT_02079,186.51
OUT_02080,51.38
OUT_02081,60.16
OUT_02082,61.27
OUT_02083,1680.16
OUT_02084,188.77
OUT_02085,687.99
OUT_02086,192.03
OUT_02087,193.03
OUT_02088,631.03
OUT_02089,59.4
OUT_02090,64.99
OUT_02091,49.8
OUT_02092,196.27
OUT_02093,35.09
OUT_02094,628.04
OUT_02095,190.42
OUT_02096,1684.1
OUT_02097,621.72
OUT_02098,184.78
OUT_02099,192.4
OUT_02100,65.62
OUT_02101,50.18
OUT_02102,60.33
OUT_02103,192.53
OUT_02104,227.25
OUT_02105,55.99
OUT_02106,55.48
OUT_02107,56.81
OUT_02108,50.85
OUT_02109,65.94
OUT_02110,70.51
OUT_02111,50.71
OUT_02112,58.39
OUT_02113,193.51
OUT_02114,194.73
OUT_02115,47.86
OUT_02116,55.81
OUT_02117,53.03
OUT_02118,192.47
OUT_02119,191.21
OUT_02120,65.23
OUT_02121,655.08
OUT_02122,51.89
OUT_02123,187.7
OUT_02124,183.43
OUT_02125,48.89
OUT_02126,72.39
OUT_02127,65.75
OUT_02128,663.01
OUT_02129,60.02
OUT_02130,56.87
OUT_02131,624.27
OUT_02132,191.17
OUT_02133,650.58
OUT_02134,192.21
OUT_02135,184.91
OUT_02136,632.22
OUT_02137,192.32
OUT_02138,661.34
OUT_02139,679.91
OUT_02140,56.91
OUT_02141,195.6
OUT_02142,46.93
OUT_02143,191.97
OUT_02144,55.51
OUT_02145,55.16
OUT_02146,644.74
OUT_02147,186.62
OUT_02148,195.24
OUT_02149,64.89
OUT_02150,65.12
OUT_02151,193.87
OUT_02152,1670.81
OUT_02153,62.64
OUT_02154,55.98
OUT_02155,193.3
OUT_02156,65.92
OUT_02157,197.97
OUT_02158,70.2
OUT_02159,49.68
OUT_02160,58.71
OUT_02161,74.5
OUT_02162,191.94
OUT_02163,55.9
OUT_02164,187.65
OUT_02165,42.71
OUT_02166,40.49
OUT_02167,65.14
OUT_02168,64.64
OUT_02169,47.92
OUT_02170,63.11
OUT_02171,49.1
OUT_02172,188.9
OUT_02173,55.5
OUT_02174,71.97
OUT_02175,39.56
OUT_02176,1665.21
OUT_02177,188.08
OUT_02178,56.25
OUT_02179,210.36
OUT_02180,1674.76
OUT_02181,635.89
OUT_02182,64.72
OUT_02183,194.43
OUT_02184,206.42
OUT_02185,193.49
OUT_02186,69.76
OUT_02187,190.66
OUT_02188,65.22
OUT_02189,63.04
OUT_02190,1685.75
OUT_02191,194.22
OUT_02192,198.04
OUT_02193,192.47
OUT_02194,61.44
OUT_02195,55.52
OUT_02196,193.36
OUT_02197,57.66
OUT_02198,69.9
OUT_02199,56.08
OUT_02200,190.09
OUT_02201,649.79
OUT_02202,53.82
OUT_02203,621.12
OUT_02204,188.05
OUT_02205,655.56
OUT_02206,62.69
OUT_02207,634.82
OUT_02208,50.82
OUT_02209,56.96
OUT_02210,61.34
OUT_02211,61.43
OUT_02212,190.88
OUT_02213,51.84
OUT_02214,35.14
OUT_02215,187.89
OUT_02216,196.11
OUT_02217,666.37
OUT_02218,194.19
OUT_02219,189.89
OUT_02220,47.36
OUT_02221,45.59
OUT_02222,64.67
OUT_02223,198.29
OUT_02224,193.75
OUT_02225,58.64
OUT_02226,185.08
OUT_02227,57.81
OUT_02228,194.19
OUT_02229,195.36
OUT_02230,192.47
OUT_02231,62.25
OUT_02232,46.93
OUT_02233,67.81
OUT_02234,194.78
OUT_02235,59.26
OUT_02236,1618.55
OUT_02237,51.49
OUT_02238,692.88
OUT_02239,41.91
OUT_02240,60.87
OUT_02241,62.77
OUT_02242,639.83
OUT_02243,685.18
OUT_02244,196.55
OUT_02245,45.65
OUT_02246,699.76
OUT_02247,53.47
OUT_02248,191.99
OUT_02249,186.82
OUT_02250,60.35
OUT_02251,48.62
OUT_02252,54.21
OUT_02253,196.17
OUT_02254,193.61
OUT_02255,190.38
OUT_02256,51.51
OUT_02257,203.22
OUT_02258,53.0
OUT_02259,61.48
OUT_02260,64.73
OUT_02261,61.31
OUT_02262,51.57
OUT_02263,194.51
OUT_02264,50.18
OUT_02265,76.36
OUT_02266,67.23
OUT_02267,628.95
OUT_02268,56.98
OUT_02269,188.8
OUT_02270,60.36
OUT_02271,44.83
OUT_02272,210.95
OUT_02273,188.72
OUT_02274,46.5
OUT_02275,195.87
OUT_02276,66.42
OUT_02277,192.84
OUT_02278,55.34
OUT_02279,621.42
OUT_02280,192.62
OUT_02281,53.01
OUT_02282,55.9
OUT_02283,65.11
OUT_02284,188.1
OUT_02285,65.73
OUT_02286,619.81
OUT_02287,188.04
OUT_02288,203.63
OUT_02289,64.92
OUT_02290,49.07
OUT_02291,46.75
OUT_02292,57.59
OUT_02293,72.87
OUT_02294,37.24
OUT_02295,192.65
OUT_02296,135.11
OUT_02297,61.58
OUT_02298,680.43
OUT_02299,64.79
OUT_02300,57.0
OUT_02301,622.96
OUT_02302,57.8
OUT_02303,634.9
OUT_02304,189.85
OUT_02305,191.8
OUT_02306,65.9
OUT_02307,67.47
OUT_02308,646.53
OUT_02309,67.13
OUT_02310,681.16
OUT_02311,199.2
OUT_02312,191.48
OUT_02313,192.35
OUT_02314,196.64
OUT_02315,68.1
OUT_02316,64.78
OUT_02317,45.22
OUT_02318,194.75
OUT_02319,55.97
OUT_02320,186.28
OUT_02321,68.76
OUT_02322,1646.63
OUT_02323,66.96
OUT_02324,185.68
OUT_02325,67.79
OUT_02326,54.13
OUT_02327,61.62
OUT_02328,64.01
OUT_02329,63.11
OUT_02330,34.91
OUT_02331,62.82
OUT_02332,191.91
OUT_02333,74.48
OUT_02334,669.02
OUT_02335,61.21
OUT_02336,76.34
OUT_02337,58.56
OUT_02338,64.97
OUT_02339,51.04
OUT_02340,57.0
OUT_02341,187.48
OUT_02342,67.81
OUT_02343,192.69
OUT_02344,666.82
OUT_02345,67.6
OUT_02346,655.62
OUT_02347,192.81
OUT_02348,63.16
OUT_02349,193.31
OUT_02350,191.81
OUT_02351,1686.8
OUT_02352,189.25
OUT_02353,189.78
OUT_02354,193.08
OUT_02355,190.04
OUT_02356,52.18
OUT_02357,57.87
OUT_02358,650.53
OUT_02359,43.4
OUT_02360,49.68
OUT_02361,190.11
OUT_02362,47.81
OUT_02363,64.97
OUT_02364,192.68
OUT_02365,191.65
OUT_02366,49.59
OUT_02367,67.14
OUT_02368,57.01
OUT_02369,615.84
OUT_02370,44.81
OUT_02371,1644.26
OUT_02372,56.75
OUT_02373,1677.77
OUT_02374,205.39
OUT_02375,194.72
OUT_02376,73.74
OUT_02377,60.39
OUT_02378,65.22
OUT_02379,199.34
OUT_02380,57.47
OUT_02381,44.56
OUT_02382,61.53
OUT_02383,1673.58
OUT_02384,200.64
OUT_02385,677.15
OUT_02386,622.99
OUT_02387,669.79
OUT_02388,70.18
OUT_02389,42.53
OUT_02390,198.59
OUT_02391,184.3
OUT_02392,47.24
OUT_02393,53.93
OUT_02394,187.54
OUT_02395,65.95
OUT_02396,199.08
OUT_02397,73.75
OUT_02398,60.54
OUT_02399,654.83
OUT_02400,34.91
OUT_02401,1673.0
OUT_02402,57.13
OUT_02403,53.99
OUT_02404,697.42
OUT_02405,715.48
OUT_02406,49.77
OUT_02407,191.97
OUT_02408,193.23
OUT_02409,192.9
OUT_02410,53.89
OUT_02411,56.74
OUT_02412,60.8
OUT_02413,43.13
OUT_02414,64.7
OUT_02415,644.74
OUT_02416,675.88
OUT_02417,56.95
OUT_02418,624.83
OUT_02419,191.01
OUT_02420,55.49
OUT_02421,56.6
OUT_02422,1673.24
OUT_02423,291.6
OUT_02424,56.06
OUT_02425,190.11
OUT_02426,56.12
OUT_02427,187.17
OUT_02428,194.52
OUT_02429,72.87
OUT_02430,207.7
OUT_02431,1686.5
OUT_02432,56.41
OUT_02433,61.0
OUT_02434,50.15
OUT_02435,64.77
OUT_02436,676.94
OUT_02437,1679.1
OUT_02438,55.32
OUT_02439,199.72
OUT_02440,48.79
OUT_02441,61.53
OUT_02442,189.0
OUT_02443,58.33
OUT_02444,640.7
OUT_02445,210.54
OUT_02446,193.59
OUT_02447,56.81
OUT_02448,53.02
OUT_02449,62.24
OUT_02450,56.98
OUT_02451,196.24
OUT_02452,641.99
OUT_02453,73.91
OUT_02454,193.75
OUT_02455,64.91
OUT_02456,70.43
OUT_02457,191.13
OUT_02458,675.7
OUT_02459,1676.82
OUT_02460,195.1
OUT_02461,74.35
OUT_02462,67.27
OUT_02463,61.43
OUT_02464,57.68
OUT_02465,69.09
OUT_02466,68.38
OUT_02467,56.91
OUT_02468,52.98
OUT_02469,191.52
OUT_02470,194.51
OUT_02471,1676.22
OUT_02472,179.76
OUT_02473,60.8
OUT_02474,49.54
OUT_02475,1651.53
OUT_02476,60.54
OUT_02477,67.55
OUT_02478,58.95
OUT_02479,641.37
OUT_02480,64.72
OUT_02481,61.37
OUT_02482,673.89
OUT_02483,45.15
OUT_02484,193.84
OUT_02485,60.61
OUT_02486,199.71
OUT_02487,51.48
OUT_02488,64.73
OUT_02489,54.16
OUT_02490,189.4
OUT_02491,65.84
OUT_02492,197.78
OUT_02493,70.12
OUT_02494,188.15
OUT_02495,60.99
OUT_02496,196.51
OUT_02497,61.41
OUT_02498,670.88
OUT_02499,64.92
OUT_02500,192.79
OUT_02501,655.5
OUT_02502,278.61
OUT_02503,52.74
OUT_02504,62.74
OUT_02505,55.58
OUT_02506,71.02
OUT_02507,51.65
OUT_02508,68.3
OUT_02509,202.91
OUT_02510,202.92
OUT_02511,373.35
OUT_02512,182.19
OUT_02513,67.17
OUT_02514,655.87
OUT_02515,633.12
OUT_02516,637.11
OUT_02517,213.46
OUT_02518,59.42
OUT_02519,64.51
OUT_02520,193.61
OUT_02521,58.24
OUT_02522,195.42
OUT_02523,175.66
OUT_02524,718.32
OUT_02525,639.39
OUT_02526,63.41
OUT_02527,195.06
OUT_02528,194.9
OUT_02529,65.09
OUT_02530,197.02
OUT_02531,185.93
OUT_02532,63.87
OUT_02533,55.78
OUT_02534,192.61
OUT_02535,64.68
OUT_02536,60.28
OUT_02537,65.13
OUT_02538,615.69
OUT_02539,65.91
OUT_02540,51.48
OUT_02541,631.39
OUT_02542,63.04
OUT_02543,179.27
OUT_02544,193.32
OUT_02545,193.27
OUT_02546,66.41
OUT_02547,54.68
OUT_02548,194.94
OUT_02549,193.52
OUT_02550,66.71
OUT_02551,60.62
OUT_02552,657.17
OUT_02553,59.68
OUT_02554,55.42
OUT_02555,195.12
OUT_02556,64.73
OUT_02557,51.4
OUT_02558,58.22
OUT_02559,64.86
OUT_02560,47.79
OUT_02561,67.5
OUT_02562,62.0
OUT_02563,183.4
OUT_02564,57.46
OUT_02565,191.29
OUT_02566,201.65
OUT_02567,62.87
OUT_02568,183.93
OUT_02569,64.98
OUT_02570,193.08
OUT_02571,188.96
OUT_02572,66.69
OUT_02573,42.47
OUT_02574,194.47
OUT_02575,68.73
OUT_02576,1673.59
OUT_02577,74.64
OUT_02578,631.54
OUT_02579,145.14
OUT_02580,57.66
OUT_02581,190.81
OUT_02582,1651.64
OUT_02583,49.7
OUT_02584,44.62
OUT_02585,67.88
OUT_02586,1667.63
OUT_02587,48.52
OUT_02588,57.06
OUT_02589,48.8
OUT_02590,190.16
OUT_02591,674.5
OUT_02592,196.07
OUT_02593,635.75
OUT_02594,49.61
OUT_02595,74.45
OUT_02596,705.97
OUT_02597,665.83
OUT_02598,617.18
OUT_02599,1677.05
OUT_02600,190.68
OUT_02601,186.79
OUT_02602,61.57
OUT_02603,677.01
OUT_02604,49.45
OUT_02605,192.21
OUT_02606,624.0
OUT_02607,66.94
OUT_02608,191.42
OUT_02609,57.84
OUT_02610,190.19
OUT_02611,196.63
OUT_02612,193.3
OUT_02613,192.48
OUT_02614,55.68
OUT_02615,619.68
OUT_02616,654.01
OUT_02617,1658.69
OUT_02618,55.69
OUT_02619,185.04
OUT_02620,49.72
OUT_02621,186.35
OUT_02622,50.4
OUT_02623,65.0
OUT_02624,47.31
OUT_02625,192.94
OUT_02626,626.95
OUT_02627,47.19
OUT_02628,193.33
OUT_02629,54.01
OUT_02630,58.55
OUT_02631,55.55
OUT_02632,192.09
OUT_02633,63.65
OUT_02634,38.95
OUT_02635,63.08
OUT_02636,1587.34
OUT_02637,72.25
OUT_02638,190.99
OUT_02639,57.09
OUT_02640,186.9
OUT_02641,664.86
OUT_02642,49.71
OUT_02643,657.32
OUT_02644,194.52
OUT_02645,72.4
OUT_02646,64.86
OUT_02647,662.61
OUT_02648,55.96
OUT_02649,65.73
OUT_02650,185.97
OUT_02651,189.61
OUT_02652,63.36
OUT_02653,65.17
OUT_02654,717.29
OUT_02655,64.44
OUT_02656,61.29
OUT_02657,55.5
OUT_02658,52.92
OUT_02659,61.36
OUT_02660,67.45
OUT_02661,188.86
OUT_02662,61.32
OUT_02663,190.1
OUT_02664,715.69
OUT_02665,640.23
OUT_02666,179.74
OUT_02667,47.49
OUT_02668,657.78
OUT_02669,62.57
OUT_02670,49.92
OUT_02671,64.79
OUT_02672,57.48
OUT_02673,64.96
OUT_02674,44.94
OUT_02675,67.81
OUT_02676,192.91
OUT_02677,61.47
OUT_02678,64.99
OUT_02679,70.57
OUT_02680,57.76
OUT_02681,62.71
OUT_02682,60.92
OUT_02683,66.03
OUT_02684,628.35
OUT_02685,50.63
OUT_02686,188.78
OUT_02687,67.22
OUT_02688,204.65
OUT_02689,56.97
OUT_02690,193.79
OUT_02691,658.78
OUT_02692,191.7
OUT_02693,53.9
OUT_02694,61.36
OUT_02695,55.44
OUT_02696,187.57
OUT_02697,189.41
OUT_02698,188.02
OUT_02699,191.8
OUT_02700,45.33
OUT_02701,620.6
OUT_02702,64.7
OUT_02703,194.08
OUT_02704,44.32
OUT_02705,50.23
OUT_02706,67.49
OUT_02707,63.21
OUT_02708,72.19
OUT_02709,47.37
OUT_02710,204.22
OUT_02711,53.5
OUT_02712,47.51
OUT_02713,78.31
OUT_02714,196.32
OUT_02715,61.32
OUT_02716,55.94
OUT_02717,623.16
OUT_02718,63.77
OUT_02719,51.51
OUT_02720,38.93
OUT_02721,1650.53
OUT_02722,195.71
OUT_02723,59.78
OUT_02724,55.97
OUT_02725,56.75
OUT_02726,61.63
OUT_02727,62.48
OUT_02728,644.88
OUT_02729,51.41
OUT_02730,58.23
OUT_02731,193.82
OUT_02732,64.58
OUT_02733,75.28
OUT_02734,620.2
OUT_02735,52.16
OUT_02736,190.48
OUT_02737,195.48
OUT_02738,50.25
OUT_02739,192.13
OUT_02740,195.75
OUT_02741,50.22
OUT_02742,63.24
OUT_02743,59.86
OUT_02744,191.91
OUT_02745,68.59
OUT_02746,192.35
OUT_02747,63.41
OUT_02748,60.19
OUT_02749,56.75
OUT_02750,69.83
OUT_02751,669.78
OUT_02752,61.33
OUT_02753,192.74
OUT_02754,64.99
OUT_02755,1619.82
OUT_02756,61.03
OUT_02757,65.11
OUT_02758,1692.69
OUT_02759,59.97
OUT_02760,627.98
OUT_02761,64.69
OUT_02762,67.62
OUT_02763,64.67
OUT_02764,68.02
OUT_02765,631.89
OUT_02766,183.82
OUT_02767,193.3
OUT_02768,58.91
OUT_02769,65.62
OUT_02770,194.16
OUT_02771,65.18
OUT_02772,61.5
OUT_02773,184.19
OUT_02774,190.47
OUT_02775,203.46
OUT_02776,687.69
OUT_02777,65.87
OUT_02778,57.57
OUT_02779,67.66
OUT_02780,192.72
OUT_02781,195.6
OUT_02782,697.02
OUT_02783,1716.52
OUT_02784,193.04
OUT_02785,47.79
OUT_02786,64.82
OUT_02787,60.38
OUT_02788,209.99
OUT_02789,56.06
OUT_02790,49.69
OUT_02791,183.95
OUT_02792,631.99
OUT_02793,192.66
OUT_02794,65.71
OUT_02795,62.83
OUT_02796,45.1
OUT_02797,189.05
OUT_02798,193.59
OUT_02799,60.91
OUT_02800,197.53
OUT_02801,47.62
OUT_02802,60.05
OUT_02803,50.89
OUT_02804,55.17
OUT_02805,39.62
OUT_02806,169.32
OUT_02807,209.79
OUT_02808,293.19
OUT_02809,64.83
OUT_02810,192.81
OUT_02811,71.72
OUT_02812,58.85
OUT_02813,57.8
OUT_02814,61.61
OUT_02815,40.57
OUT_02816,71.43
OUT_02817,186.9
OUT_02818,191.67
OUT_02819,194.53
OUT_02820,668.61
OUT_02821,192.99
OUT_02822,68.23
OUT_02823,54.89
OUT_02824,187.9
OUT_02825,34.91
OUT_02826,101.54
OUT_02827,193.63
OUT_02828,58.18
OUT_02829,659.23
OUT_02830,192.17
OUT_02831,58.2
OUT_02832,625.13
OUT_02833,217.23
OUT_02834,192.67
OUT_02835,53.04
OUT_02836,1719.14
OUT_02837,66.7
OUT_02838,187.09
OUT_02839,65.62
OUT_02840,632.76
OUT_02841,1687.2
OUT_02842,202.46
OUT_02843,49.76
OUT_02844,54.08
OUT_02845,65.67
OUT_02846,193.42
OUT_02847,42.02
OUT_02848,35.14
OUT_02849,198.02
OUT_02850,55.48
OUT_02851,38.63
OUT_02852,194.82
OUT_02853,193.52
OUT_02854,1682.87
OUT_02855,57.7
OUT_02856,53.99
OUT_02857,192.62
OUT_02858,662.21
OUT_02859,61.42
OUT_02860,1694.16
OUT_02861,61.48
OUT_02862,49.17
OUT_02863,187.38
OUT_02864,194.84
OUT_02865,1686.29
OUT_02866,68.24
OUT_02867,64.86
OUT_02868,40.57
OUT_02869,57.18
OUT_02870,72.41
OUT_02871,67.3
OUT_02872,72.69
OUT_02873,197.94
OUT_02874,194.1
OUT_02875,192.42
OUT_02876,185.33
OUT_02877,57.68
OUT_02878,228.24
OUT_02879,48.59
OUT_02880,63.35
OUT_02881,69.4
OUT_02882,58.14
OUT_02883,1591.1
OUT_02884,44.78
OUT_02885,64.8
OUT_02886,52.15
OUT_02887,192.38
OUT_02888,54.08
OUT_02889,65.39
OUT_02890,696.9
OUT_02891,60.78
OUT_02892,1688.49
OUT_02893,67.83
OUT_02894,54.15
OUT_02895,643.73
OUT_02896,655.68
OUT_02897,201.1
OUT_02898,58.28
OUT_02899,51.44
OUT_02900,187.1
OUT_02901,200.13
OUT_02902,194.42
OUT_02903,56.34
OUT_02904,61.6
OUT_02905,56.99
OUT_02906,672.04
OUT_02907,55.24
OUT_02908,63.39
OUT_02909,207.12
OUT_02910,193.28
OUT_02911,1648.66
OUT_02912,54.12
OUT_02913,194.95
OUT_02914,55.47
OUT_02915,61.6
OUT_02916,45.11
OUT_02917,61.43
OUT_02918,58.91
OUT_02919,640.92
OUT_02920,185.0
OUT_02921,55.96
OUT_02922,627.97
OUT_02923,191.8
OUT_02924,192.21
OUT_02925,187.38
OUT_02926,60.38
OUT_02927,60.28
OUT_02928,48.73
OUT_02929,65.13
OUT_02930,722.93
OUT_02931,45.04
OUT_02932,178.81
OUT_02933,60.67
OUT_02934,55.5
OUT_02935,63.06
OUT_02936,1733.51
OUT_02937,50.26
OUT_02938,56.84
OUT_02939,193.78
OUT_02940,66.96
OUT_02941,1680.75
OUT_02942,66.68
OUT_02943,65.3
OUT_02944,57.13
OUT_02945,54.05
OUT_02946,53.37
OUT_02947,68.68
OUT_02948,53.05
OUT_02949,209.92
OUT_02950,1700.67
OUT_02951,55.81
OUT_02952,192.05
OUT_02953,192.38
OUT_02954,194.82
OUT_02955,65.21
OUT_02956,678.2
OUT_02957,45.62
OUT_02958,200.1
OUT_02959,193.99
OUT_02960,157.45
OUT_02961,57.19
OUT_02962,1705.27
OUT_02963,324.31
OUT_02964,1669.39
OUT_02965,59.69
OUT_02966,610.62
OUT_02967,49.7
OUT_02968,68.2
OUT_02969,684.84
OUT_02970,652.43
OUT_02971,194.17
OUT_02972,239.83
OUT_02973,193.47
OUT_02974,632.36
OUT_02975,55.96
OUT_02976,55.65
OUT_02977,195.5
OUT_02978,199.1
OUT_02979,51.55
OUT_02980,65.22
OUT_02981,55.86
OUT_02982,58.45
OUT_02983,195.4
OUT_02984,93.93
OUT_02985,192.0
OUT_02986,187.85
OUT_02987,47.87
OUT_02988,55.98
OUT_02989,189.72
OUT_02990,192.36
OUT_02991,49.41
OUT_02992,68.32
OUT_02993,193.71
OUT_02994,646.4
OUT_02995,65.78
OUT_02996,648.36
OUT_02997,674.94
OUT_02998,65.32
OUT_02999,47.32
OUT_03000,195.7
OUT_03001,189.33
OUT_03002,423.86
OUT_03003,61.61
OUT_03004,689.0
OUT_03005,57.59
OUT_03006,190.79
OUT_03007,64.95
OUT_03008,62.88
OUT_03009,192.95
OUT_03010,60.98
OUT_03011,56.91
OUT_03012,66.42
OUT_03013,197.25
OUT_03014,206.81
OUT_03015,179.6
OUT_03016,55.49
OUT_03017,169.08
OUT_03018,643.75
OUT_03019,204.26
OUT_03020,1649.22
OUT_03021,660.27
OUT_03022,68.08
OUT_03023,67.15
OUT_03024,191.29
OUT_03025,67.73
OUT_03026,38.32
OUT_03027,60.53
OUT_03028,190.71
OUT_03029,58.48
OUT_03030,64.86
OUT_03031,189.01
OUT_03032,62.56
OUT_03033,69.46
OUT_03034,65.98
OUT_03035,67.55
OUT_03036,690.75
OUT_03037,1645.82
OUT_03038,626.35
OUT_03039,190.03
OUT_03040,646.14
OUT_03041,188.93
OUT_03042,54.64
OUT_03043,193.47
OUT_03044,48.52
OUT_03045,69.22
OUT_03046,63.2
OUT_03047,61.47
OUT_03048,194.76
OUT_03049,55.5
OUT_03050,58.51
OUT_03051,73.23
OUT_03052,626.79
OUT_03053,404.36
OUT_03054,60.56
OUT_03055,193.92
OUT_03056,642.66
OUT_03057,73.06
OUT_03058,48.95
OUT_03059,193.64
OUT_03060,67.49
OUT_03061,711.18
OUT_03062,58.41
OUT_03063,63.25
OUT_03064,1690.67
OUT_03065,1661.15
OUT_03066,54.19
OUT_03067,70.64
OUT_03068,43.93
OUT_03069,174.79
OUT_03070,718.43
OUT_03071,67.67
OUT_03072,193.16
OUT_03073,62.89
OUT_03074,197.25
OUT_03075,1715.37
OUT_03076,197.89
OUT_03077,1676.05
OUT_03078,1661.96
OUT_03079,42.45
OUT_03080,58.3
OUT_03081,197.5
OUT_03082,76.14
OUT_03083,67.92
OUT_03084,611.43
OUT_03085,47.57
OUT_03086,47.24
OUT_03087,59.23
OUT_03088,633.5
OUT_03089,186.73
OUT_03090,193.89
OUT_03091,56.46
OUT_03092,44.65
OUT_03093,687.82
OUT_03094,68.31
OUT_03095,62.79
OUT_03096,61.67
OUT_03097,688.18
OUT_03098,64.93
OUT_03099,629.07
OUT_03100,59.81
OUT_03101,56.07
OUT_03102,195.06
OUT_03103,188.59
OUT_03104,62.9
OUT_03105,48.82
OUT_03106,48.8
OUT_03107,45.6
OUT_03108,50.17
OUT_03109,58.05
OUT_03110,61.04
OUT_03111,60.85
OUT_03112,191.47
OUT_03113,193.87
OUT_03114,53.97
OUT_03115,66.43
OUT_03116,190.39
OUT_03117,55.74
OUT_03118,60.45
OUT_03119,62.63
OUT_03120,55.74
OUT_03121,35.08
OUT_03122,56.98
OUT_03123,55.6
OUT_03124,64.66
OUT_03125,192.15
OUT_03126,52.92
OUT_03127,61.34
OUT_03128,43.4
OUT_03129,652.93
OUT_03130,58.9
OUT_03131,1641.05
OUT_03132,78.35
OUT_03133,66.4
OUT_03134,659.53
OUT_03135,60.9
OUT_03136,193.63
OUT_03137,56.92
OUT_03138,55.32
OUT_03139,189.2
OUT_03140,60.18
OUT_03141,67.33
OUT_03142,191.67
OUT_03143,62.75
OUT_03144,69.77
OUT_03145,49.91
OUT_03146,195.28
OUT_03147,197.46
OUT_03148,1675.08
OUT_03149,55.66
OUT_03150,194.75
OUT_03151,46.48
OUT_03152,61.87
OUT_03153,211.04
OUT_03154,622.46
OUT_03155,194.06
OUT_03156,187.64
OUT_03157,653.44
OUT_03158,63.42
OUT_03159,48.73
OUT_03160,190.11
OUT_03161,186.92
OUT_03162,72.4
OUT_03163,64.92
OUT_03164,658.44
OUT_03165,215.64
OUT_03166,66.23
OUT_03167,1666.96
OUT_03168,64.54
OUT_03169,47.19
OUT_03170,191.85
OUT_03171,188.08
OUT_03172,41.7
OUT_03173,67.5
OUT_03174,71.34
OUT_03175,192.45
OUT_03176,55.43
OUT_03177,65.53
OUT_03178,49.05
OUT_03179,199.82
OUT_03180,56.01
OUT_03181,69.15
OUT_03182,53.14
OUT_03183,647.17
OUT_03184,195.17
OUT_03185,63.88
OUT_03186,197.24
OUT_03187,66.35
OUT_03188,52.19
OUT_03189,194.23
OUT_03190,65.02
OUT_03191,663.41
OUT_03192,51.6
OUT_03193,55.34
OUT_03194,186.49
OUT_03195,55.87
OUT_03196,192.46
OUT_03197,61.73
OUT_03198,64.67
OUT_03199,191.79
OUT_03200,193.0
OUT_03201,184.74
OUT_03202,64.93
OUT_03203,63.33
OUT_03204,192.41
OUT_03205,61.36
OUT_03206,194.27
OUT_03207,54.14
OUT_03208,1602.91
OUT_03209,62.65
OUT_03210,67.32
OUT_03211,189.93
OUT_03212,61.6
OUT_03213,186.26
OUT_03214,195.82
OUT_03215,192.54
OUT_03216,60.6
OUT_03217,198.17
OUT_03218,194.51
OUT_03219,74.27
OUT_03220,194.02
OUT_03221,188.7
OUT_03222,195.74
OUT_03223,60.2
OUT_03224,194.95
OUT_03225,42.47
OUT_03226,51.56
OUT_03227,188.76
OUT_03228,1029.49
OUT_03229,1713.43
OUT_03230,47.47
OUT_03231,189.74
OUT_03232,43.25
OUT_03233,646.93
OUT_03234,186.82
OUT_03235,72.42
OUT_03236,55.59
OUT_03237,51.6
OUT_03238,61.67
OUT_03239,60.15
OUT_03240,192.09
OUT_03241,55.5
OUT_03242,641.11
OUT_03243,44.87
OUT_03244,55.48
OUT_03245,190.88
OUT_03246,62.74
OUT_03247,66.13
OUT_03248,387.94
OUT_03249,71.67
OUT_03250,62.96
OUT_03251,639.81
OUT_03252,657.49
OUT_03253,66.43
OUT_03254,54.31
OUT_03255,210.89
OUT_03256,193.66
OUT_03257,61.59
OUT_03258,184.38
OUT_03259,205.66
OUT_03260,645.03
OUT_03261,55.98
OUT_03262,188.41
OUT_03263,58.37
OUT_03264,1652.19
OUT_03265,213.36
OUT_03266,55.01
OUT_03267,62.88
OUT_03268,188.42
OUT_03269,191.8
OUT_03270,58.52
OUT_03271,653.23
OUT_03272,186.89
OUT_03273,621.55
OUT_03274,1658.43
OUT_03275,60.61
OUT_03276,47.23
OUT_03277,64.89
OUT_03278,58.91
OUT_03279,63.34
OUT_03280,72.66
OUT_03281,1622.25
OUT_03282,185.02
OUT_03283,628.58
OUT_03284,61.34
OUT_03285,47.24
OUT_03286,67.48
OUT_03287,1538.86
OUT_03288,192.82
OUT_03289,65.97
OUT_03290,63.66
OUT_03291,67.08
OUT_03292,49.04
OUT_03293,187.73
OUT_03294,70.11
OUT_03295,57.27
OUT_03296,1644.77
OUT_03297,646.59
OUT_03298,57.01
OUT_03299,187.76
OUT_03300,192.54
OUT_03301,193.8
OUT_03302,629.6
OUT_03303,67.98
OUT_03304,63.44
OUT_03305,58.31
OUT_03306,67.13
OUT_03307,70.63
OUT_03308,201.0
OUT_03309,56.76
OUT_03310,49.11
OUT_03311,58.21
OUT_03312,681.48
OUT_03313,61.74
OUT_03314,63.29
OUT_03315,1682.49
OUT_03316,676.98
OUT_03317,49.42
OUT_03318,72.2
OUT_03319,194.91
OUT_03320,54.44
OUT_03321,190.76
OUT_03322,201.6
OUT_03323,196.33
OUT_03324,655.56
OUT_03325,1689.64
OUT_03326,70.26
OUT_03327,653.7
OUT_03328,734.77
OUT_03329,187.9
OUT_03330,1631.04
OUT_03331,64.79
OUT_03332,53.51
OUT_03333,665.59
OUT_03334,641.84
OUT_03335,209.16
OUT_03336,196.47
OUT_03337,195.46
OUT_03338,62.71
OUT_03339,59.86
OUT_03340,188.36
OUT_03341,635.77
OUT_03342,60.63
OUT_03343,63.17
OUT_03344,638.77
OUT_03345,648.66
OUT_03346,1629.47
OUT_03347,67.8
OUT_03348,54.53
OUT_03349,194.72
OUT_03350,192.68
OUT_03351,66.02
OUT_03352,192.84
OUT_03353,1695.32
OUT_03354,62.34
OUT_03355,45.18
OUT_03356,51.43
OUT_03357,194.85
OUT_03358,1711.78
OUT_03359,662.78
OUT_03360,56.91
OUT_03361,192.3
OUT_03362,66.76
OUT_03363,71.81
OUT_03364,61.38
OUT_03365,65.82
OUT_03366,189.5
OUT_03367,196.46
OUT_03368,669.19
OUT_03369,49.52
OUT_03370,203.06
OUT_03371,189.52
OUT_03372,63.29
OUT_03373,201.1
OUT_03374,57.3
OUT_03375,67.21
OUT_03376,54.15
OUT_03377,195.14
OUT_03378,49.13
OUT_03379,193.88
OUT_03380,47.02
OUT_03381,1658.97
OUT_03382,61.48
OUT_03383,638.67
OUT_03384,63.27
OUT_03385,55.5
OUT_03386,73.25
OUT_03387,625.08
OUT_03388,610.43
OUT_03389,51.04
OUT_03390,65.77
OUT_03391,693.06
OUT_03392,65.91
OUT_03393,195.7
OUT_03394,75.36
OUT_03395,636.75
OUT_03396,178.86
OUT_03397,60.71
OUT_03398,57.84
OUT_03399,62.65
OUT_03400,194.2
OUT_03401,190.76
OUT_03402,1621.15
OUT_03403,60.23
OUT_03404,64.86
OUT_03405,59.7
OUT_03406,674.06
OUT_03407,192.09
OUT_03408,56.96
OUT_03409,192.22
OUT_03410,56.47
OUT_03411,1667.34
OUT_03412,45.21
OUT_03413,629.96
OUT_03414,653.62
OUT_03415,1684.74
OUT_03416,58.3
OUT_03417,76.11
OUT_03418,648.21
OUT_03419,62.89
OUT_03420,68.76
OUT_03421,55.43
OUT_03422,58.82
OUT_03423,635.46
OUT_03424,664.93
OUT_03425,194.97
OUT_03426,62.88
OUT_03427,170.5
OUT_03428,64.75
OUT_03429,53.58
OUT_03430,191.37
OUT_03431,58.97
OUT_03432,49.72
OUT_03433,64.96
OUT_03434,192.7
OUT_03435,52.87
OUT_03436,641.37
OUT_03437,45.42
OUT_03438,191.29
OUT_03439,189.1
OUT_03440,48.54
OUT_03441,54.98
OUT_03442,193.8
OUT_03443,673.11
OUT_03444,676.93
OUT_03445,187.77
OUT_03446,659.83
OUT_03447,73.09
OUT_03448,185.47
OUT_03449,50.69
OUT_03450,297.83
OUT_03451,649.18
OUT_03452,64.7
OUT_03453,194.44
OUT_03454,36.73
OUT_03455,63.1
OUT_03456,61.56
OUT_03457,193.96
OUT_03458,1672.71
OUT_03459,68.04
OUT_03460,64.93
OUT_03461,67.31
OUT_03462,63.3
OUT_03463,59.12
OUT_03464,62.87
OUT_03465,205.03
OUT_03466,201.61
OUT_03467,668.8
OUT_03468,227.01
OUT_03469,57.87
OUT_03470,58.31
OUT_03471,51.35
OUT_03472,65.36
OUT_03473,61.32
OUT_03474,72.47
OUT_03475,66.31
OUT_03476,193.49
OUT_03477,192.39
OUT_03478,57.65
OUT_03479,72.82
OUT_03480,194.98
OUT_03481,51.62
OUT_03482,616.41
OUT_03483,63.6
OUT_03484,1704.84
OUT_03485,63.59
OUT_03486,62.85
OUT_03487,61.58
OUT_03488,47.01
OUT_03489,192.41
OUT_03490,64.21
OUT_03491,194.09
OUT_03492,706.45
OUT_03493,1724.86
OUT_03494,190.56
OUT_03495,55.5
OUT_03496,52.25
OUT_03497,194.75
OUT_03498,188.02
OUT_03499,189.81
OUT_03500,55.56
OUT_03501,193.7
OUT_03502,65.23
OUT_03503,194.84
OUT_03504,56.27
OUT_03505,238.14
OUT_03506,199.22
OUT_03507,62.77
OUT_03508,636.83
OUT_03509,58.82
OUT_03510,49.76
OUT_03511,52.94
OUT_03512,43.14
OUT_03513,652.92
OUT_03514,49.81
OUT_03515,64.39
OUT_03516,55.87
OUT_03517,67.42
OUT_03518,193.13
OUT_03519,677.06
OUT_03520,55.56
OUT_03521,190.32
OUT_03522,76.5
OUT_03523,52.98
OUT_03524,207.05
OUT_03525,47.27
OUT_03526,56.04
OUT_03527,38.16
OUT_03528,58.14
OUT_03529,193.12
OUT_03530,47.11
OUT_03531,189.61
OUT_03532,50.22
OUT_03533,678.11
OUT_03534,200.35
OUT_03535,62.77
OUT_03536,52.97
OUT_03537,193.78
OUT_03538,61.38
OUT_03539,51.54
OUT_03540,54.13
OUT_03541,191.58
OUT_03542,194.87
OUT_03543,63.95
OUT_03544,60.38
OUT_03545,194.71
OUT_03546,62.74
OUT_03547,192.9
OUT_03548,55.34
OUT_03549,1677.3
OUT_03550,192.38
OUT_03551,668.72
OUT_03552,184.46
OUT_03553,60.59
OUT_03554,209.45
OUT_03555,636.1
OUT_03556,1599.36
OUT_03557,67.11
OUT_03558,201.89
OUT_03559,1640.39
OUT_03560,189.43
OUT_03561,184.97
OUT_03562,63.53
OUT_03563,211.46
OUT_03564,201.32
OUT_03565,194.08
OUT_03566,64.61
OUT_03567,186.29
OUT_03568,53.94
OUT_03569,653.64
OUT_03570,1670.81
OUT_03571,690.05
OUT_03572,635.68
OUT_03573,70.64
OUT_03574,196.24
OUT_03575,672.61
OUT_03576,55.83
OUT_03577,1632.02
OUT_03578,200.85
OUT_03579,690.47
OUT_03580,61.81
OUT_03581,67.48
OUT_03582,195.2
OUT_03583,69.49
OUT_03584,65.35
OUT_03585,51.02
OUT_03586,64.67
OUT_03587,202.52
OUT_03588,62.84
OUT_03589,57.2
OUT_03590,58.41
OUT_03591,1644.0
OUT_03592,60.37
OUT_03593,70.19
OUT_03594,191.51
OUT_03595,187.71
OUT_03596,195.29
OUT_03597,681.82
OUT_03598,691.01
OUT_03599,65.2
OUT_03600,60.99
OUT_03601,191.1
OUT_03602,192.83
OUT_03603,44.54
OUT_03604,194.31
OUT_03605,70.33
OUT_03606,720.56
OUT_03607,192.35
OUT_03608,93.05
OUT_03609,64.98
OUT_03610,69.27
OUT_03611,62.28
OUT_03612,40.04
OUT_03613,48.24
OUT_03614,64.62
OUT_03615,684.29
OUT_03616,665.98
OUT_03617,70.45
OUT_03618,70.45
OUT_03619,194.35
OUT_03620,226.97
OUT_03621,51.67
OUT_03622,633.35
OUT_03623,193.05
OUT_03624,58.48
OUT_03625,56.79
OUT_03626,62.69
OUT_03627,50.87
OUT_03628,55.98
OUT_03629,662.65
OUT_03630,217.06
OUT_03631,657.65
OUT_03632,67.51
OUT_03633,57.14
OUT_03634,638.63
OUT_03635,1682.5
OUT_03636,58.8
OUT_03637,193.77
OUT_03638,55.96
OUT_03639,45.64
OUT_03640,65.89
OUT_03641,197.06
OUT_03642,63.67
OUT_03643,189.73
OUT_03644,669.56
OUT_03645,191.94
OUT_03646,50.8
OUT_03647,64.99
OUT_03648,193.01
OUT_03649,186.01
OUT_03650,62.84
OUT_03651,642.14
OUT_03652,62.57
OUT_03653,1679.38
OUT_03654,67.23
OUT_03655,188.55
OUT_03656,53.01
OUT_03657,60.23
OUT_03658,55.92
OUT_03659,54.02
OUT_03660,62.77
OUT_03661,61.29
OUT_03662,42.46
OUT_03663,191.56
OUT_03664,184.16
OUT_03665,685.11
OUT_03666,60.55
OUT_03667,723.01
OUT_03668,194.18
OUT_03669,669.57
OUT_03670,70.13
OUT_03671,191.54
OUT_03672,60.66
OUT_03673,64.66
OUT_03674,191.07
OUT_03675,99.15
OUT_03676,1719.08
OUT_03677,57.78
OUT_03678,185.21
OUT_03679,53.97
OUT_03680,1683.57
OUT_03681,46.37
OUT_03682,47.01
OUT_03683,50.25
OUT_03684,60.4
OUT_03685,64.83
OUT_03686,1685.24
OUT_03687,39.38
OUT_03688,56.97
OUT_03689,58.18
OUT_03690,85.17
OUT_03691,62.7
OUT_03692,51.46
OUT_03693,60.22
OUT_03694,55.34
OUT_03695,193.26
OUT_03696,62.78
OUT_03697,185.69
OUT_03698,185.6
OUT_03699,697.41
OUT_03700,178.94
OUT_03701,637.22
OUT_03702,64.86
OUT_03703,194.29
OUT_03704,194.16
OUT_03705,52.06
OUT_03706,53.96
OUT_03707,44.8
OUT_03708,51.56
OUT_03709,656.57
OUT_03710,191.78
OUT_03711,63.33
OUT_03712,59.72
OUT_03713,63.04
OUT_03714,192.33
OUT_03715,191.34
OUT_03716,63.54
OUT_03717,35.12
OUT_03718,192.59
OUT_03719,1706.36
OUT_03720,64.69
OUT_03721,189.63
OUT_03722,57.17
OUT_03723,695.01
OUT_03724,1574.3
OUT_03725,66.07
OUT_03726,192.96
OUT_03727,54.08
OUT_03728,61.54
OUT_03729,211.57
OUT_03730,190.82
OUT_03731,192.87
OUT_03732,57.56
OUT_03733,49.8
OUT_03734,180.4
OUT_03735,191.31
OUT_03736,207.58
OUT_03737,67.56
OUT_03738,186.45
OUT_03739,672.82
OUT_03740,56.78
OUT_03741,1678.39
OUT_03742,64.2
OUT_03743,195.14
OUT_03744,67.07
OUT_03745,58.03
OUT_03746,184.75
OUT_03747,56.22
OUT_03748,189.93
OUT_03749,68.38
OUT_03750,70.74
OUT_03751,65.5
OUT_03752,66.01
OUT_03753,58.22
OUT_03754,630.84
OUT_03755,70.64
OUT_03756,192.36
OUT_03757,1668.91
OUT_03758,62.8
OUT_03759,63.37
OUT_03760,193.85
OUT_03761,55.6
OUT_03762,192.12
OUT_03763,62.85
OUT_03764,613.0
OUT_03765,41.99
OUT_03766,1663.06
OUT_03767,194.73
OUT_03768,72.45
OUT_03769,196.12
OUT_03770,184.98
OUT_03771,190.51
OUT_03772,632.84
OUT_03773,686.24
OUT_03774,45.08
OUT_03775,63.09
OUT_03776,51.62
OUT_03777,67.42
OUT_03778,35.12
OUT_03779,55.46
OUT_03780,78.22
OUT_03781,192.3
OUT_03782,187.49
OUT_03783,62.84
OUT_03784,54.19
OUT_03785,53.98
OUT_03786,1694.58
OUT_03787,184.73
OUT_03788,61.4
OUT_03789,193.43
OUT_03790,62.41
OUT_03791,645.1
OUT_03792,178.82
OUT_03793,64.82
OUT_03794,71.91
OUT_03795,186.79
OUT_03796,661.55
OUT_03797,64.68
OUT_03798,192.93
OUT_03799,191.21
OUT_03800,668.97
OUT_03801,202.55
OUT_03802,191.82
OUT_03803,672.72
OUT_03804,195.21
OUT_03805,66.43
OUT_03806,64.68
OUT_03807,62.73
OUT_03808,77.57
OUT_03809,67.32
OUT_03810,72.36
OUT_03811,59.03
OUT_03812,51.24
OUT_03813,57.16
OUT_03814,1652.13
OUT_03815,633.79
OUT_03816,50.65
OUT_03817,50.78
OUT_03818,73.82
OUT_03819,189.06
OUT_03820,67.33
OUT_03821,62.59
OUT_03822,56.94
OUT_03823,186.12
OUT_03824,676.8
OUT_03825,190.15
OUT_03826,62.8
OUT_03827,55.43
OUT_03828,619.56
OUT_03829,1688.35
OUT_03830,63.13
OUT_03831,193.62
OUT_03832,186.08
OUT_03833,603.79
OUT_03834,61.3
OUT_03835,57.2
OUT_03836,58.13
OUT_03837,68.15
OUT_03838,65.89
OUT_03839,56.82
OUT_03840,694.7
OUT_03841,627.16
OUT_03842,183.47
OUT_03843,215.39
OUT_03844,654.92
OUT_03845,65.01
OUT_03846,191.66
OUT_03847,718.62
OUT_03848,203.06
OUT_03849,676.95
OUT_03850,638.16
OUT_03851,38.63
OUT_03852,55.53
OUT_03853,186.17
OUT_03854,114.37
OUT_03855,57.22
OUT_03856,191.71
OUT_03857,64.95
OUT_03858,62.92
OUT_03859,61.54
OUT_03860,197.21
OUT_03861,699.46
OUT_03862,70.46
OUT_03863,665.45
OUT_03864,628.01
OUT_03865,61.68
OUT_03866,1646.18
OUT_03867,64.56
OUT_03868,56.69
OUT_03869,178.91
OUT_03870,52.87
OUT_03871,60.87
OUT_03872,53.52
OUT_03873,194.49
OUT_03874,63.5
OUT_03875,188.62
OUT_03876,652.02
OUT_03877,206.94
OUT_03878,638.48
OUT_03879,71.97
OUT_03880,51.63
OUT_03881,59.97
OUT_03882,60.43
OUT_03883,67.09
OUT_03884,62.19
OUT_03885,1664.71
OUT_03886,244.83
OUT_03887,62.87
OUT_03888,67.28
OUT_03889,200.09
OUT_03890,698.0
OUT_03891,187.1
OUT_03892,72.59
OUT_03893,623.09
OUT_03894,55.6
OUT_03895,654.13
OUT_03896,65.01
OUT_03897,191.75
OUT_03898,203.25
OUT_03899,192.19
OUT_03900,681.42
OUT_03901,68.34
OUT_03902,647.03
OUT_03903,65.59
OUT_03904,51.3
OUT_03905,190.55
OUT_03906,649.32
OUT_03907,192.16
OUT_03908,70.5
OUT_03909,189.59
OUT_03910,641.04
OUT_03911,1704.16
OUT_03912,66.0
OUT_03913,43.1
OUT_03914,56.85
OUT_03915,65.06
OUT_03916,698.52
OUT_03917,56.7
OUT_03918,684.96
OUT_03919,69.43
OUT_03920,652.57
OUT_03921,64.84
OUT_03922,194.13
OUT_03923,1674.49
OUT_03924,85.52
OUT_03925,67.23
OUT_03926,644.69
OUT_03927,633.68
OUT_03928,1660.67
OUT_03929,59.1
OUT_03930,190.24
OUT_03931,193.08
OUT_03932,197.5
OUT_03933,61.54
OUT_03934,196.66
OUT_03935,184.87
OUT_03936,60.27
OUT_03937,189.28
OUT_03938,42.55
OUT_03939,680.48
OUT_03940,187.09
OUT_03941,58.38
OUT_03942,198.3
OUT_03943,47.81
OUT_03944,1679.45
OUT_03945,62.64
OUT_03946,67.63
OUT_03947,193.1
OUT_03948,61.6
OUT_03949,68.05
OUT_03950,58.18
OUT_03951,45.06
OUT_03952,64.68
OUT_03953,188.48
OUT_03954,1667.61
OUT_03955,228.87
OUT_03956,58.84
OUT_03957,1594.59
OUT_03958,191.97
OUT_03959,1688.8
OUT_03960,655.91
OUT_03961,67.54
OUT_03962,53.02
OUT_03963,194.77
OUT_03964,190.16
OUT_03965,682.47
OUT_03966,61.52
OUT_03967,1668.38
OUT_03968,64.72
OUT_03969,57.58
OUT_03970,54.86
OUT_03971,53.54
OUT_03972,628.73
OUT_03973,60.8
OUT_03974,194.27
OUT_03975,311.16
OUT_03976,48.92
OUT_03977,58.91
OUT_03978,67.9
OUT_03979,184.56
OUT_03980,677.04
OUT_03981,206.01
OUT_03982,650.84
OUT_03983,1674.33
OUT_03984,61.29
OUT_03985,384.07
OUT_03986,696.09
OUT_03987,55.95
OUT_03988,624.15
OUT_03989,66.96
OUT_03990,61.51
OUT_03991,648.73
OUT_03992,196.95
OUT_03993,198.6
OUT_03994,659.82
OUT_03995,70.25
OUT_03996,65.96
OUT_03997,194.65
OUT_03998,65.13
OUT_03999,1703.08
OUT_04000,64.98
OUT_04001,55.9
OUT_04002,64.39
OUT_04003,63.41
OUT_04004,53.94
OUT_04005,646.95
OUT_04006,193.71
OUT_04007,184.12
OUT_04008,38.63
OUT_04009,660.15
OUT_04010,67.14
OUT_04011,191.49
OUT_04012,56.96
OUT_04013,636.54
OUT_04014,61.43
OUT_04015,62.79
OUT_04016,57.82
OUT_04017,193.87
OUT_04018,194.84
OUT_04019,61.68
OUT_04020,44.82
OUT_04021,652.34
OUT_04022,53.59
OUT_04023,189.48
OUT_04024,51.39
OUT_04025,195.89
OUT_04026,654.1
OUT_04027,1696.33
OUT_04028,72.54
OUT_04029,63.39
OUT_04030,62.93
OUT_04031,187.07
OUT_04032,190.9
OUT_04033,192.72
OUT_04034,199.65
OUT_04035,61.69
OUT_04036,70.76
OUT_04037,191.46
OUT_04038,58.42
OUT_04039,193.9
OUT_04040,62.86
OUT_04041,55.83
OUT_04042,60.03
OUT_04043,57.08
OUT_04044,627.1
OUT_04045,193.29
OUT_04046,193.09
OUT_04047,64.94
OUT_04048,675.56
OUT_04049,37.98
OUT_04050,668.31
OUT_04051,61.21
OUT_04052,666.38
OUT_04053,56.05
OUT_04054,66.0
OUT_04055,45.09
OUT_04056,1638.07
OUT_04057,197.76
OUT_04058,35.64
OUT_04059,655.33
OUT_04060,200.6
OUT_04061,650.19
OUT_04062,635.79
OUT_04063,638.6
OUT_04064,648.92
OUT_04065,54.6
OUT_04066,61.21
OUT_04067,193.64
OUT_04068,620.59
OUT_04069,184.69
OUT_04070,194.1
OUT_04071,644.77
OUT_04072,62.72
OUT_04073,67.27
OUT_04074,65.72
OUT_04075,191.99
OUT_04076,193.17
OUT_04077,65.48
OUT_04078,61.43
OUT_04079,72.8
OUT_04080,197.77
OUT_04081,43.13
OUT_04082,65.16
OUT_04083,279.79
OUT_04084,56.99
OUT_04085,45.1
OUT_04086,79.34
OUT_04087,193.22
OUT_04088,195.49
OUT_04089,58.35
OUT_04090,188.82
OUT_04091,60.17
OUT_04092,193.95
OUT_04093,60.31
OUT_04094,191.5
OUT_04095,72.17
OUT_04096,55.37
OUT_04097,652.99
OUT_04098,187.57
OUT_04099,192.32
OUT_04100,45.09
OUT_04101,60.86
OUT_04102,653.12
OUT_04103,65.19
OUT_04104,58.22
OUT_04105,193.48
OUT_04106,197.49
OUT_04107,200.72
OUT_04108,639.27
OUT_04109,67.08
OUT_04110,190.99
OUT_04111,643.78
OUT_04112,65.61
OUT_04113,51.96
OUT_04114,190.66
OUT_04115,192.97
OUT_04116,68.33
OUT_04117,55.51
OUT_04118,66.12
OUT_04119,632.53
OUT_04120,1665.56
OUT_04121,194.03
OUT_04122,193.31
OUT_04123,266.53
OUT_04124,66.95
OUT_04125,60.16
OUT_04126,191.08
OUT_04127,52.74
OUT_04128,1665.53
OUT_04129,61.65
OUT_04130,67.48
OUT_04131,651.73
OUT_04132,70.33
OUT_04133,193.31
OUT_04134,52.94
OUT_04135,202.18
OUT_04136,1700.5
OUT_04137,194.57
OUT_04138,67.32
OUT_04139,617.44
OUT_04140,51.1
OUT_04141,65.16
OUT_04142,641.11
OUT_04143,589.51
OUT_04144,67.02
OUT_04145,55.87
OUT_04146,45.2
OUT_04147,51.9
OUT_04148,50.24
OUT_04149,55.96
OUT_04150,185.41
OUT_04151,198.7
OUT_04152,57.12
OUT_04153,61.7
OUT_04154,677.89
OUT_04155,620.58
OUT_04156,62.83
OUT_04157,62.6
OUT_04158,54.26
OUT_04159,57.72
OUT_04160,74.18
OUT_04161,1665.87
OUT_04162,58.16
OUT_04163,38.22
OUT_04164,59.63
OUT_04165,631.09
OUT_04166,65.91
OUT_04167,75.53
OUT_04168,52.64
OUT_04169,59.02
OUT_04170,147.43
OUT_04171,1700.77
OUT_04172,70.07
OUT_04173,193.49
OUT_04174,643.83
OUT_04175,67.18
OUT_04176,195.36
OUT_04177,56.38
OUT_04178,68.09
OUT_04179,66.96
OUT_04180,193.15
OUT_04181,185.3
OUT_04182,50.25
OUT_04183,65.8
OUT_04184,49.09
OUT_04185,188.24
OUT_04186,51.04
OUT_04187,194.49
OUT_04188,39.04
OUT_04189,194.88
OUT_04190,637.58
OUT_04191,56.9
OUT_04192,75.44
OUT_04193,665.98
OUT_04194,710.1
OUT_04195,61.3
OUT_04196,664.52
OUT_04197,42.46
OUT_04198,193.57
OUT_04199,1660.68
OUT_04200,189.07
OUT_04201,61.25
OUT_04202,51.01
OUT_04203,192.6
OUT_04204,57.78
OUT_04205,186.44
OUT_04206,1561.27
OUT_04207,193.24
OUT_04208,59.99
OUT_04209,63.26
OUT_04210,137.16
OUT_04211,65.04
OUT_04212,194.01
OUT_04213,67.61
OUT_04214,195.76
OUT_04215,186.89
OUT_04216,189.38
OUT_04217,651.3
OUT_04218,50.92
OUT_04219,45.45
OUT_04220,76.66
OUT_04221,629.93
OUT_04222,60.35
OUT_04223,67.36
OUT_04224,179.04
OUT_04225,60.8
OUT_04226,650.03
OUT_04227,189.6
OUT_04228,60.43
OUT_04229,188.71
OUT_04230,73.14
OUT_04231,196.17
OUT_04232,652.22
OUT_04233,630.23
OUT_04234,67.07
OUT_04235,62.74
OUT_04236,186.81
OUT_04237,1676.37
OUT_04238,186.55
OUT_04239,1557.51
OUT_04240,91.4
OUT_04241,194.25
OUT_04242,58.11
OUT_04243,63.67
OUT_04244,46.81
OUT_04245,194.06
OUT_04246,56.28
OUT_04247,57.9
OUT_04248,59.95
OUT_04249,192.16
OUT_04250,659.35
OUT_04251,1627.33
OUT_04252,54.26
OUT_04253,57.15
OUT_04254,667.47
OUT_04255,53.32
OUT_04256,194.96
OUT_04257,55.47
OUT_04258,190.84
OUT_04259,637.37
OUT_04260,1699.94
OUT_04261,685.81
OUT_04262,60.41
OUT_04263,198.58
OUT_04264,64.72
OUT_04265,35.08
OUT_04266,70.35
OUT_04267,58.46
OUT_04268,61.6
OUT_04269,604.09
OUT_04270,194.11
OUT_04271,222.99
OUT_04272,186.04
OUT_04273,43.25
OUT_04274,191.92
OUT_04275,56.82
OUT_04276,191.64
OUT_04277,51.46
OUT_04278,47.54
OUT_04279,68.99
OUT_04280,195.48
OUT_04281,196.22
OUT_04282,658.19
OUT_04283,192.79
OUT_04284,57.81
OUT_04285,61.3
OUT_04286,191.32
OUT_04287,191.71
OUT_04288,60.65
OUT_04289,72.61
OUT_04290,62.95
OUT_04291,195.31
OUT_04292,69.11
OUT_04293,663.5
OUT_04294,193.0
OUT_04295,1659.41
OUT_04296,67.05
OUT_04297,60.56
OUT_04298,190.2
OUT_04299,188.52
OUT_04300,51.91
OUT_04301,68.72
OUT_04302,61.21
OUT_04303,63.55
OUT_04304,635.33
OUT_04305,192.72
OUT_04306,61.26
OUT_04307,56.94
OUT_04308,65.5
OUT_04309,699.07
OUT_04310,65.13
OUT_04311,79.44
OUT_04312,662.24
OUT_04313,57.09
OUT_04314,59.25
OUT_04315,54.19
OUT_04316,58.31
OUT_04317,192.08
OUT_04318,183.83
OUT_04319,64.7
OUT_04320,700.96
OUT_04321,66.39
OUT_04322,636.02
OUT_04323,34.91
OUT_04324,192.87
OUT_04325,65.29
OUT_04326,193.62
OUT_04327,62.99
OUT_04328,637.11
OUT_04329,47.52
OUT_04330,191.78
OUT_04331,152.48
OUT_04332,69.23
OUT_04333,190.11
OUT_04334,193.1
OUT_04335,684.1
OUT_04336,64.65
OUT_04337,58.81
OUT_04338,59.19
OUT_04339,64.89
OUT_04340,41.53
OUT_04341,61.75
OUT_04342,635.13
OUT_04343,52.96
OUT_04344,47.1
OUT_04345,61.39
OUT_04346,60.39
OUT_04347,663.45
OUT_04348,64.83
OUT_04349,693.07
OUT_04350,194.7
OUT_04351,623.13
OUT_04352,186.5
OUT_04353,190.16
OUT_04354,53.01
OUT_04355,50.98
OUT_04356,667.7
OUT_04357,659.47
OUT_04358,191.92
OUT_04359,1671.6
OUT_04360,196.26
OUT_04361,192.03
OUT_04362,65.65
OUT_04363,65.16
OUT_04364,63.64
OUT_04365,50.53
OUT_04366,70.36
OUT_04367,49.42
OUT_04368,1700.06
OUT_04369,193.66
OUT_04370,192.38
OUT_04371,55.51
OUT_04372,43.42
OUT_04373,192.07
OUT_04374,62.87
OUT_04375,64.92
OUT_04376,64.69
OUT_04377,49.53
OUT_04378,68.28
OUT_04379,41.97
OUT_04380,58.4
OUT_04381,35.09
OUT_04382,631.75
OUT_04383,43.32
OUT_04384,55.43
OUT_04385,660.91
OUT_04386,64.72
OUT_04387,194.55
OUT_04388,192.38
OUT_04389,51.0
OUT_04390,191.4
OUT_04391,190.07
OUT_04392,193.63
OUT_04393,1574.82
OUT_04394,64.63
OUT_04395,55.97
OUT_04396,57.06
OUT_04397,62.67
OUT_04398,57.56
OUT_04399,655.76
OUT_04400,651.75
OUT_04401,56.01
OUT_04402,611.62
OUT_04403,54.13
OUT_04404,709.62
OUT_04405,626.38
OUT_04406,69.95
OUT_04407,185.8
OUT_04408,56.79
OUT_04409,1638.62
OUT_04410,70.45
OUT_04411,57.85
OUT_04412,61.21
OUT_04413,658.75
OUT_04414,652.59
OUT_04415,624.96
OUT_04416,64.94
OUT_04417,196.56
OUT_04418,191.9
OUT_04419,58.24
OUT_04420,67.25
OUT_04421,54.81
OUT_04422,711.15
OUT_04423,188.97
OUT_04424,189.87
OUT_04425,69.54
OUT_04426,55.97
OUT_04427,55.95
OUT_04428,46.94
OUT_04429,195.22
OUT_04430,197.34
OUT_04431,49.74
OUT_04432,178.92
OUT_04433,694.87
OUT_04434,193.04
OUT_04435,649.9
OUT_04436,647.56
OUT_04437,632.03
OUT_04438,647.96
OUT_04439,705.8
OUT_04440,186.41
OUT_04441,57.63
OUT_04442,615.12
OUT_04443,54.11
OUT_04444,188.71
OUT_04445,56.79
OUT_04446,195.15
OUT_04447,50.24
OUT_04448,193.84
OUT_04449,683.0
OUT_04450,192.35
OUT_04451,196.76
OUT_04452,55.9
OUT_04453,145.56
OUT_04454,189.09
OUT_04455,57.9
OUT_04456,58.88
OUT_04457,193.52
OUT_04458,195.74
OUT_04459,62.85
OUT_04460,193.77
OUT_04461,64.86
OUT_04462,65.42
OUT_04463,61.48
OUT_04464,58.8
OUT_04465,193.06
OUT_04466,193.5
OUT_04467,185.77
OUT_04468,68.61
OUT_04469,51.21
OUT_04470,44.57
OUT_04471,700.88
OUT_04472,194.87
OUT_04473,52.95
OUT_04474,179.31
OUT_04475,61.72
OUT_04476,199.09
OUT_04477,70.16
OUT_04478,625.33
OUT_04479,197.32
OUT_04480,622.29
OUT_04481,54.11
OUT_04482,190.55
OUT_04483,74.13
OUT_04484,194.69
OUT_04485,67.8
OUT_04486,55.34
OUT_04487,634.9
OUT_04488,70.36
OUT_04489,680.34
OUT_04490,60.42
OUT_04491,47.37
OUT_04492,700.26
OUT_04493,67.2
OUT_04494,62.48
OUT_04495,63.14
OUT_04496,56.91
OUT_04497,188.97
OUT_04498,195.66
OUT_04499,65.54
OUT_04500,1671.71
OUT_04501,63.89
OUT_04502,186.42
OUT_04503,49.59
OUT_04504,55.49
OUT_04505,55.48
OUT_04506,191.89
OUT_04507,622.99
OUT_04508,56.84
OUT_04509,596.73
OUT_04510,190.64
OUT_04511,47.52
OUT_04512,47.58
OUT_04513,60.31
OUT_04514,664.1
OUT_04515,194.67
OUT_04516,193.32
OUT_04517,186.38
OUT_04518,147.18
OUT_04519,49.34
OUT_04520,664.52
OUT_04521,67.44
OUT_04522,65.16
OUT_04523,717.85
OUT_04524,43.47
OUT_04525,192.39
OUT_04526,692.83
OUT_04527,55.56
OUT_04528,635.98
OUT_04529,68.27
OUT_04530,47.62
OUT_04531,61.55
OUT_04532,65.73
OUT_04533,665.44
OUT_04534,49.76
OUT_04535,193.6
OUT_04536,208.14
OUT_04537,71.71
OUT_04538,57.0
OUT_04539,65.79
OUT_04540,197.96
OUT_04541,192.44
OUT_04542,54.2
OUT_04543,52.09
OUT_04544,192.54
OUT_04545,67.35
OUT_04546,58.88
OUT_04547,189.72
OUT_04548,61.55
OUT_04549,58.3
OUT_04550,62.96
OUT_04551,195.15
OUT_04552,201.42
OUT_04553,192.45
OUT_04554,65.19
OUT_04555,66.39
OUT_04556,694.2
OUT_04557,55.57
OUT_04558,191.35
OUT_04559,65.18
OUT_04560,663.7
OUT_04561,274.19
OUT_04562,51.63
OUT_04563,57.46
OUT_04564,53.58
OUT_04565,196.91
OUT_04566,191.59
OUT_04567,67.44
OUT_04568,638.36
OUT_04569,1669.01
OUT_04570,59.71
OUT_04571,203.24
OUT_04572,61.72
OUT_04573,193.74
OUT_04574,65.2
OUT_04575,189.51
OUT_04576,655.3
OUT_04577,63.4
OUT_04578,65.68
OUT_04579,44.67
OUT_04580,193.42
OUT_04581,177.9
OUT_04582,64.63
OUT_04583,184.06
OUT_04584,62.7
OUT_04585,64.93
OUT_04586,197.98
OUT_04587,61.36
OUT_04588,57.08
OUT_04589,45.22
OUT_04590,206.93
OUT_04591,61.31
OUT_04592,188.02
OUT_04593,1669.46
OUT_04594,702.44
OUT_04595,193.5
OUT_04596,71.59
OUT_04597,61.45
OUT_04598,638.08
OUT_04599,193.35
OUT_04600,61.46
OUT_04601,47.84
OUT_04602,55.5
OUT_04603,201.04
OUT_04604,94.24
OUT_04605,45.06
OUT_04606,666.83
OUT_04607,186.65
OUT_04608,49.28
OUT_04609,1689.78
OUT_04610,704.04
OUT_04611,688.16
OUT_04612,649.57
OUT_04613,664.78
OUT_04614,58.3
OUT_04615,672.75
OUT_04616,38.64
OUT_04617,186.86
OUT_04618,226.98
OUT_04619,196.7
OUT_04620,629.87
OUT_04621,187.47
OUT_04622,51.57
OUT_04623,65.32
OUT_04624,61.59
OUT_04625,76.57
OUT_04626,699.86
OUT_04627,306.13
OUT_04628,192.76
OUT_04629,190.18
OUT_04630,188.59
OUT_04631,61.53
OUT_04632,65.55
OUT_04633,188.93
OUT_04634,195.22
OUT_04635,61.46
OUT_04636,70.09
OUT_04637,61.68
OUT_04638,47.14
OUT_04639,61.64
OUT_04640,1726.39
OUT_04641,192.67
OUT_04642,57.14
OUT_04643,52.49
OUT_04644,721.51
OUT_04645,67.95
OUT_04646,56.7
OUT_04647,58.03
OUT_04648,190.44
OUT_04649,60.36
OUT_04650,54.13
OUT_04651,606.37
OUT_04652,56.82
OUT_04653,62.82
OUT_04654,57.62
OUT_04655,52.56
OUT_04656,57.68
OUT_04657,54.41
OUT_04658,53.51
OUT_04659,68.8
OUT_04660,45.36
OUT_04661,187.51
OUT_04662,65.22
OUT_04663,64.73
OUT_04664,645.65
OUT_04665,50.28
OUT_04666,104.53
OUT_04667,622.88
OUT_04668,50.11
OUT_04669,198.2
OUT_04670,57.12
OUT_04671,169.22
OUT_04672,169.29
OUT_04673,58.78
OUT_04674,61.34
OUT_04675,193.08
OUT_04676,682.47
OUT_04677,57.7
OUT_04678,1669.24
OUT_04679,663.16
OUT_04680,61.36
OUT_04681,201.19
OUT_04682,45.15
OUT_04683,195.33
OUT_04684,67.11
OUT_04685,194.02
OUT_04686,190.7
OUT_04687,60.35
OUT_04688,53.85
OUT_04689,60.75
OUT_04690,77.06
OUT_04691,56.14
OUT_04692,62.65
OUT_04693,63.65
OUT_04694,628.97
OUT_04695,209.09
OUT_04696,67.67
OUT_04697,194.19
OUT_04698,73.01
OUT_04699,195.55
OUT_04700,192.96
OUT_04701,633.06
OUT_04702,191.77
OUT_04703,650.86
OUT_04704,654.09
OUT_04705,55.99
OUT_04706,617.06
OUT_04707,186.04
OUT_04708,51.48
OUT_04709,61.44
OUT_04710,192.47
OUT_04711,60.43
OUT_04712,60.84
OUT_04713,633.43
OUT_04714,647.16
OUT_04715,65.66
OUT_04716,189.53
OUT_04717,64.65
OUT_04718,666.93
OUT_04719,70.16
OUT_04720,79.4
OUT_04721,196.53
OUT_04722,59.98
OUT_04723,190.53
OUT_04724,633.08
OUT_04725,60.31
OUT_04726,193.42
OUT_04727,67.24
OUT_04728,192.95
OUT_04729,192.55
OUT_04730,60.33
OUT_04731,178.65
OUT_04732,66.24
OUT_04733,620.25
OUT_04734,713.78
OUT_04735,62.8
OUT_04736,195.16
OUT_04737,636.07
OUT_04738,56.89
OUT_04739,53.07
OUT_04740,39.06
OUT_04741,66.05
OUT_04742,662.11
OUT_04743,180.78
OUT_04744,192.54
OUT_04745,58.95
OUT_04746,622.04
OUT_04747,186.75
OUT_04748,59.95
OUT_04749,38.23
OUT_04750,39.73
OUT_04751,653.76
OUT_04752,1638.64
OUT_04753,192.04
OUT_04754,190.43
OUT_04755,180.22
OUT_04756,188.9
OUT_04757,58.55
OUT_04758,655.59
OUT_04759,69.17
OUT_04760,68.39
OUT_04761,187.7
OUT_04762,67.27
OUT_04763,56.0
OUT_04764,60.88
OUT_04765,190.92
OUT_04766,607.94
OUT_04767,61.29
OUT_04768,704.71
OUT_04769,60.84
OUT_04770,67.51
OUT_04771,42.44
OUT_04772,710.31
OUT_04773,55.49
OUT_04774,193.51
OUT_04775,63.04
OUT_04776,198.86
OUT_04777,55.51
OUT_04778,64.02
OUT_04779,190.12
OUT_04780,66.57
OUT_04781,194.62
OUT_04782,194.62
OUT_04783,189.23
OUT_04784,186.92
OUT_04785,191.67
OUT_04786,179.73
OUT_04787,56.79
OUT_04788,193.96
OUT_04789,73.19
OUT_04790,1673.81
OUT_04791,645.44
OUT_04792,61.25
OUT_04793,60.13
OUT_04794,66.75
OUT_04795,729.6
OUT_04796,187.18
OUT_04797,65.76
OUT_04798,639.79
OUT_04799,66.25
OUT_04800,64.9
OUT_04801,57.05
OUT_04802,64.98
OUT_04803,70.52
OUT_04804,667.7
OUT_04805,53.01
OUT_04806,60.3
OUT_04807,189.33
OUT_04808,688.42
OUT_04809,65.39
OUT_04810,193.64
OUT_04811,677.17
OUT_04812,1654.47
OUT_04813,84.88
OUT_04814,712.98
OUT_04815,54.17
OUT_04816,62.49
OUT_04817,69.12
OUT_04818,197.18
OUT_04819,1674.26
OUT_04820,79.06
OUT_04821,65.45
OUT_04822,64.73
OUT_04823,207.02
OUT_04824,64.8
OUT_04825,61.72
OUT_04826,65.34
OUT_04827,57.7
OUT_04828,47.06
OUT_04829,62.98
OUT_04830,651.69
OUT_04831,64.91
OUT_04832,182.99
OUT_04833,195.37
OUT_04834,59.6
OUT_04835,1731.08
OUT_04836,192.62
OUT_04837,62.95
OUT_04838,51.55
OUT_04839,51.95
OUT_04840,57.13
OUT_04841,66.28
OUT_04842,62.9
OUT_04843,59.83
OUT_04844,669.75
OUT_04845,55.62
OUT_04846,77.78
OUT_04847,60.4
OUT_04848,192.16
OUT_04849,183.98
OUT_04850,69.59
OUT_04851,190.15
OUT_04852,193.42
OUT_04853,1676.79
OUT_04854,624.52
OUT_04855,70.01
OUT_04856,193.57
OUT_04857,636.54
OUT_04858,77.67
OUT_04859,189.43
OUT_04860,188.85
OUT_04861,188.96
OUT_04862,185.47
OUT_04863,56.01
OUT_04864,192.7
OUT_04865,184.05
OUT_04866,192.67
OUT_04867,53.11
OUT_04868,172.38
OUT_04869,625.25
OUT_04870,67.39
OUT_04871,70.27
OUT_04872,189.37
OUT_04873,656.06
OUT_04874,46.95
OUT_04875,62.99
OUT_04876,193.27
OUT_04877,74.08
OUT_04878,58.53
OUT_04879,1652.26
OUT_04880,67.84
OUT_04881,70.36
OUT_04882,191.7
OUT_04883,69.41
OUT_04884,64.67
OUT_04885,652.59
OUT_04886,191.86
OUT_04887,642.28
OUT_04888,64.0
OUT_04889,62.94
OUT_04890,48.5
OUT_04891,199.7
OUT_04892,630.03
OUT_04893,187.38
OUT_04894,53.01
OUT_04895,65.33
OUT_04896,55.9
OUT_04897,42.34
OUT_04898,631.68
OUT_04899,191.28
OUT_04900,58.18
OUT_04901,192.08
OUT_04902,53.13
OUT_04903,261.88
OUT_04904,190.2
OUT_04905,65.19
OUT_04906,60.02
OUT_04907,64.85
OUT_04908,58.05
OUT_04909,50.89
OUT_04910,191.59
OUT_04911,61.34
OUT_04912,168.58
OUT_04913,623.25
OUT_04914,189.31
OUT_04915,61.49
OUT_04916,55.51
OUT_04917,197.13
OUT_04918,63.81
OUT_04919,1643.35
OUT_04920,189.7
OUT_04921,69.31
OUT_04922,193.95
OUT_04923,65.03
OUT_04924,638.68
OUT_04925,683.06
OUT_04926,46.68
OUT_04927,194.8
OUT_04928,190.88
OUT_04929,211.77
OUT_04930,67.49
OUT_04931,67.65
OUT_04932,193.95
OUT_04933,47.8
OUT_04934,67.42
OUT_04935,62.42
OUT_04936,196.21
OUT_04937,193.73
OUT_04938,46.9
OUT_04939,62.24
OUT_04940,71.19
OUT_04941,630.14
OUT_04942,668.37
OUT_04943,57.78
OUT_04944,657.67
OUT_04945,194.44
OUT_04946,56.78
OUT_04947,640.12
OUT_04948,51.63
OUT_04949,188.62
OUT_04950,213.01
OUT_04951,56.76
OUT_04952,198.75
OUT_04953,643.82
OUT_04954,185.59
OUT_04955,49.65
OUT_04956,64.53
OUT_04957,62.54
OUT_04958,55.92
OUT_04959,192.39
OUT_04960,60.48
OUT_04961,50.77
OUT_04962,1668.76
OUT_04963,197.57
OUT_04964,56.48
OUT_04965,51.4
OUT_04966,64.9
OUT_04967,57.74
OUT_04968,193.87
OUT_04969,191.82
OUT_04970,58.52
OUT_04971,688.05
OUT_04972,184.88
OUT_04973,656.66
OUT_04974,206.1
OUT_04975,64.97
OUT_04976,63.01
OUT_04977,58.19
OUT_04978,188.69
OUT_04979,1659.58
OUT_04980,193.08
OUT_04981,62.51
OUT_04982,183.27
OUT_04983,633.85
OUT_04984,53.03
OUT_04985,675.67
OUT_04986,195.76
OUT_04987,62.71
OUT_04988,69.99
OUT_04989,67.79
OUT_04990,193.93
OUT_04991,45.38
OUT_04992,671.3
OUT_04993,62.57
OUT_04994,200.61
OUT_04995,55.46
OUT_04996,190.17
OUT_04997,64.53
OUT_04998,56.96
OUT_04999,315.99
OUT_05000,67.48
OUT_05001,62.9
OUT_05002,64.9
OUT_05003,54.12
OUT_05004,55.95
OUT_05005,193.27
OUT_05006,35.07
OUT_05007,1484.54
OUT_05008,62.72
OUT_05009,55.52
OUT_05010,72.5
OUT_05011,188.34
OUT_05012,56.8
OUT_05013,35.21
OUT_05014,200.61
OUT_05015,182.96
OUT_05016,195.26
OUT_05017,67.3
OUT_05018,186.21
OUT_05019,35.1
OUT_05020,62.54
OUT_05021,193.39
OUT_05022,44.56
OUT_05023,60.85
OUT_05024,195.6
OUT_05025,64.31
OUT_05026,186.61
OUT_05027,56.3
OUT_05028,50.01
OUT_05029,185.87
OUT_05030,57.25
OUT_05031,59.64
OUT_05032,67.1
OUT_05033,70.25
OUT_05034,188.92
OUT_05035,51.53
OUT_05036,55.65
OUT_05037,65.27
OUT_05038,45.16
OUT_05039,55.36
OUT_05040,65.65
OUT_05041,60.49
OUT_05042,63.14
OUT_05043,64.91
OUT_05044,192.31
OUT_05045,631.87
OUT_05046,682.86
OUT_05047,62.64
OUT_05048,61.72
OUT_05049,61.4
OUT_05050,1597.93
OUT_05051,61.36
OUT_05052,655.37
OUT_05053,64.59
OUT_05054,60.4
OUT_05055,62.81
OUT_05056,192.78
OUT_05057,196.58
OUT_05058,65.2
OUT_05059,185.07
OUT_05060,58.93
OUT_05061,44.84
OUT_05062,64.99
OUT_05063,64.73
OUT_05064,201.21
OUT_05065,196.28
OUT_05066,193.19
OUT_05067,75.36
OUT_05068,51.44
OUT_05069,66.09
OUT_05070,193.25
OUT_05071,1578.22
OUT_05072,69.96
OUT_05073,188.24
OUT_05074,60.65
OUT_05075,63.15
OUT_05076,56.4
OUT_05077,67.33
OUT_05078,232.87
OUT_05079,667.77
OUT_05080,193.66
OUT_05081,59.92
OUT_05082,184.33
OUT_05083,186.1
OUT_05084,203.05
OUT_05085,185.01
OUT_05086,41.85
OUT_05087,185.67
OUT_05088,64.94
OUT_05089,172.54
OUT_05090,194.13
OUT_05091,652.73
OUT_05092,1674.76
OUT_05093,185.83
OUT_05094,186.1
OUT_05095,1690.71
OUT_05096,60.23
OUT_05097,630.69
OUT_05098,61.38
OUT_05099,64.56
OUT_05100,67.06
OUT_05101,623.56
OUT_05102,197.97
OUT_05103,64.47
OUT_05104,685.16
OUT_05105,48.77
OUT_05106,67.41
OUT_05107,188.01
OUT_05108,60.35
OUT_05109,57.25
OUT_05110,61.13
OUT_05111,61.8
OUT_05112,193.78
OUT_05113,65.95
OUT_05114,64.95
OUT_05115,670.6
OUT_05116,155.42
OUT_05117,59.88
OUT_05118,186.66
OUT_05119,62.77
OUT_05120,1698.95
OUT_05121,67.68
OUT_05122,674.26
OUT_05123,189.98
OUT_05124,195.96
OUT_05125,56.94
OUT_05126,55.47
OUT_05127,56.08
OUT_05128,187.62
OUT_05129,188.64
OUT_05130,666.22
OUT_05131,189.69
OUT_05132,56.81
OUT_05133,1660.17
OUT_05134,191.84
OUT_05135,61.74
OUT_05136,195.03
OUT_05137,51.81
OUT_05138,65.0
OUT_05139,61.24
OUT_05140,46.11
OUT_05141,194.38
OUT_05142,642.67
OUT_05143,185.12
OUT_05144,65.38
OUT_05145,60.79
OUT_05146,70.53
OUT_05147,184.96
OUT_05148,60.18
OUT_05149,183.95
OUT_05150,195.42
OUT_05151,64.92
OUT_05152,72.05
OUT_05153,74.17
OUT_05154,65.33
OUT_05155,196.21
OUT_05156,1655.21
OUT_05157,1570.22
OUT_05158,55.67
OUT_05159,192.01
OUT_05160,55.4
OUT_05161,616.94
OUT_05162,690.01
OUT_05163,193.92
OUT_05164,51.45
OUT_05165,58.28
OUT_05166,619.76
OUT_05167,198.53
OUT_05168,666.38
OUT_05169,64.7
OUT_05170,669.36
OUT_05171,67.51
OUT_05172,45.11
OUT_05173,60.4
OUT_05174,196.08
OUT_05175,623.01
OUT_05176,666.7
OUT_05177,62.67
OUT_05178,633.62
OUT_05179,46.87
OUT_05180,65.67
OUT_05181,1649.91
OUT_05182,70.21
OUT_05183,185.04
OUT_05184,46.84
OUT_05185,684.27
OUT_05186,641.17
OUT_05187,195.47
OUT_05188,694.61
OUT_05189,62.59
OUT_05190,38.8
OUT_05191,57.51
OUT_05192,194.3
OUT_05193,47.63
OUT_05194,190.89
OUT_05195,189.62
OUT_05196,61.26
OUT_05197,656.82
OUT_05198,1561.98
OUT_05199,189.38
OUT_05200,57.66
OUT_05201,691.6
OUT_05202,56.72
OUT_05203,193.1
OUT_05204,1692.12
OUT_05205,1626.58
OUT_05206,67.29
OUT_05207,134.67
OUT_05208,65.7
OUT_05209,60.35
OUT_05210,70.34
OUT_05211,192.59
OUT_05212,62.85
OUT_05213,53.03
OUT_05214,65.08
OUT_05215,65.08
OUT_05216,623.74
OUT_05217,44.55
OUT_05218,191.22
OUT_05219,63.38
OUT_05220,194.88
OUT_05221,41.66
OUT_05222,713.19
OUT_05223,68.09
OUT_05224,57.75
OUT_05225,182.44
OUT_05226,60.72
OUT_05227,51.76
OUT_05228,61.39
OUT_05229,55.37
OUT_05230,1695.98
OUT_05231,630.13
OUT_05232,196.63
OUT_05233,635.41
OUT_05234,209.26
OUT_05235,58.05
OUT_05236,47.31
OUT_05237,193.23
OUT_05238,39.46
OUT_05239,188.73
OUT_05240,199.03
OUT_05241,63.12
OUT_05242,51.46
OUT_05243,186.13
OUT_05244,195.3
OUT_05245,58.31
OUT_05246,50.99
OUT_05247,57.16
OUT_05248,192.02
OUT_05249,211.79
OUT_05250,1618.91
OUT_05251,49.7
OUT_05252,63.46
OUT_05253,201.37
OUT_05254,64.99
OUT_05255,676.53
OUT_05256,656.81
OUT_05257,667.83
OUT_05258,44.26
OUT_05259,655.6
OUT_05260,190.56
OUT_05261,57.58
OUT_05262,60.97
OUT_05263,67.05
OUT_05264,625.93
OUT_05265,366.27
OUT_05266,64.78
OUT_05267,194.71
OUT_05268,56.13
OUT_05269,1676.99
OUT_05270,202.24
OUT_05271,636.63
OUT_05272,654.44
OUT_05273,56.94
OUT_05274,186.82
OUT_05275,67.04
OUT_05276,61.8
OUT_05277,55.94
OUT_05278,64.64
OUT_05279,41.55
OUT_05280,1703.57
OUT_05281,194.2
OUT_05282,184.77
OUT_05283,194.52
OUT_05284,60.81
OUT_05285,64.87
OUT_05286,632.4
OUT_05287,670.41
OUT_05288,68.47
OUT_05289,194.02
OUT_05290,191.68
OUT_05291,43.4
OUT_05292,628.96
OUT_05293,55.37
OUT_05294,55.39
OUT_05295,219.52
OUT_05296,44.87
OUT_05297,1661.29
OUT_05298,62.73
OUT_05299,643.43
OUT_05300,191.73
OUT_05301,197.54
OUT_05302,679.96
OUT_05303,63.55
OUT_05304,54.77
OUT_05305,197.05
OUT_05306,62.79
OUT_05307,63.44
OUT_05308,64.92
OUT_05309,61.36
OUT_05310,69.96
OUT_05311,183.38
OUT_05312,60.54
OUT_05313,72.04
OUT_05314,195.46
OUT_05315,39.05
OUT_05316,206.14
OUT_05317,67.01
OUT_05318,679.23
OUT_05319,192.64
OUT_05320,192.18
OUT_05321,193.26
OUT_05322,38.63
OUT_05323,47.48
OUT_05324,191.94
OUT_05325,680.22
OUT_05326,58.28
OUT_05327,57.88
OUT_05328,193.06
OUT_05329,642.82
OUT_05330,62.85
OUT_05331,82.19
OUT_05332,651.91
OUT_05333,682.46
OUT_05334,46.26
OUT_05335,184.91
OUT_05336,191.78
OUT_05337,197.01
OUT_05338,57.13
OUT_05339,68.06
OUT_05340,688.15
OUT_05341,52.92
OUT_05342,178.12
OUT_05343,201.82
OUT_05344,194.96
OUT_05345,63.51
OUT_05346,65.79
OUT_05347,66.74
OUT_05348,71.75
OUT_05349,620.36
OUT_05350,195.26
OUT_05351,688.13
OUT_05352,192.2
OUT_05353,56.59
OUT_05354,178.36
OUT_05355,1687.7
OUT_05356,62.7
OUT_05357,700.12
OUT_05358,657.44
OUT_05359,69.6
OUT_05360,192.62
OUT_05361,51.68
OUT_05362,185.73
OUT_05363,57.71
OUT_05364,67.39
OUT_05365,56.94
OUT_05366,1667.75
OUT_05367,200.59
OUT_05368,56.64
OUT_05369,184.46
OUT_05370,70.48
OUT_05371,60.59
OUT_05372,193.61
OUT_05373,204.93
OUT_05374,61.17
OUT_05375,631.35
OUT_05376,63.48
OUT_05377,672.97
OUT_05378,42.44
OUT_05379,190.94
OUT_05380,53.77
OUT_05381,46.7
OUT_05382,59.09
OUT_05383,41.85
OUT_05384,641.32
OUT_05385,194.94
OUT_05386,61.29
OUT_05387,1707.26
OUT_05388,65.05
OUT_05389,57.58
OUT_05390,54.8
OUT_05391,47.97
OUT_05392,195.96
OUT_05393,195.05
OUT_05394,49.12
OUT_05395,64.94
OUT_05396,502.55
OUT_05397,68.49
OUT_05398,63.92
OUT_05399,62.64
OUT_05400,61.57
OUT_05401,196.03
OUT_05402,195.15
OUT_05403,655.22
OUT_05404,201.25
OUT_05405,187.69
OUT_05406,190.52
OUT_05407,638.73
OUT_05408,55.23
OUT_05409,214.05
OUT_05410,622.4
OUT_05411,73.02
OUT_05412,669.01
OUT_05413,65.61
OUT_05414,57.26
OUT_05415,188.88
OUT_05416,199.24
OUT_05417,64.29
OUT_05418,661.95
OUT_05419,188.47
OUT_05420,55.47
OUT_05421,74.62
OUT_05422,68.89
OUT_05423,61.48
OUT_05424,196.67
OUT_05425,62.23
OUT_05426,1667.97
OUT_05427,636.47
OUT_05428,729.18
OUT_05429,66.24
OUT_05430,1686.92
OUT_05431,193.73
OUT_05432,70.0
OUT_05433,59.67
OUT_05434,56.01
OUT_05435,190.54
OUT_05436,55.54
OUT_05437,64.93
OUT_05438,61.42
OUT_05439,183.31
OUT_05440,65.77
OUT_05441,60.7
OUT_05442,648.28
OUT_05443,193.16
OUT_05444,55.95
OUT_05445,191.62
OUT_05446,60.84
OUT_05447,194.25
OUT_05448,625.12
OUT_05449,47.52
OUT_05450,189.34
OUT_05451,193.37
OUT_05452,659.56
OUT_05453,1677.9
OUT_05454,184.37
OUT_05455,53.38
OUT_05456,192.26
OUT_05457,64.79
OUT_05458,191.97
OUT_05459,634.22
OUT_05460,60.29
OUT_05461,193.4
OUT_05462,190.84
OUT_05463,52.87
OUT_05464,60.49
OUT_05465,1664.06
OUT_05466,301.91
OUT_05467,62.85
OUT_05468,72.37
OUT_05469,52.94
OUT_05470,1711.6
OUT_05471,63.38
OUT_05472,65.25
OUT_05473,191.4
OUT_05474,65.04
OUT_05475,60.12
OUT_05476,55.76
OUT_05477,55.98
OUT_05478,633.99
OUT_05479,55.55
OUT_05480,64.71
OUT_05481,56.09
OUT_05482,725.07
OUT_05483,646.63
OUT_05484,67.29
OUT_05485,1652.28
OUT_05486,693.71
OUT_05487,206.5
OUT_05488,194.95
OUT_05489,44.58
OUT_05490,646.41
OUT_05491,64.97
OUT_05492,190.38
OUT_05493,690.89
OUT_05494,195.47
OUT_05495,656.83
OUT_05496,73.44
OUT_05497,645.38
OUT_05498,60.32
OUT_05499,62.82
OUT_05500,184.34
OUT_05501,640.64
OUT_05502,62.85
OUT_05503,42.24
OUT_05504,187.55
OUT_05505,149.32
OUT_05506,189.55
OUT_05507,44.3
OUT_05508,637.97
OUT_05509,194.47
OUT_05510,60.03
OUT_05511,685.33
OUT_05512,194.13
OUT_05513,55.47
OUT_05514,650.63
OUT_05515,64.9
OUT_05516,191.38
OUT_05517,47.27
OUT_05518,63.34
OUT_05519,60.53
OUT_05520,55.39
OUT_05521,63.23
OUT_05522,202.98
OUT_05523,628.4
OUT_05524,59.88
OUT_05525,185.75
OUT_05526,52.86
OUT_05527,51.24
OUT_05528,64.79
OUT_05529,67.75
OUT_05530,193.78
OUT_05531,75.66
OUT_05532,184.87
OUT_05533,62.23
OUT_05534,65.79
OUT_05535,195.59
OUT_05536,192.59
OUT_05537,652.87
OUT_05538,187.59
OUT_05539,52.78
OUT_05540,681.06
OUT_05541,57.16
OUT_05542,643.92
OUT_05543,634.09
OUT_05544,55.63
OUT_05545,195.66
OUT_05546,44.84
OUT_05547,64.95
OUT_05548,56.3
OUT_05549,49.57
OUT_05550,54.19
OUT_05551,619.15
OUT_05552,643.46
OUT_05553,194.06
OUT_05554,55.53
OUT_05555,665.3
OUT_05556,60.79
OUT_05557,49.11
OUT_05558,47.87
OUT_05559,64.98
OUT_05560,187.82
OUT_05561,55.91
OUT_05562,192.49
OUT_05563,190.43
OUT_05564,1553.29
OUT_05565,656.17
OUT_05566,58.21
OUT_05567,67.11
OUT_05568,184.92
OUT_05569,644.04
OUT_05570,62.65
OUT_05571,628.93
OUT_05572,56.16
OUT_05573,176.66
OUT_05574,61.54
OUT_05575,644.77
OUT_05576,652.53
OUT_05577,620.35
OUT_05578,1697.47
OUT_05579,647.1
OUT_05580,191.02
OUT_05581,60.1
OUT_05582,60.54
OUT_05583,55.89
OUT_05584,173.94
OUT_05585,189.84
OUT_05586,189.84
OUT_05587,190.59
OUT_05588,192.05
OUT_05589,64.96
OUT_05590,190.65
OUT_05591,190.96
OUT_05592,1675.07
OUT_05593,687.64
OUT_05594,196.85
OUT_05595,53.88
OUT_05596,64.86
OUT_05597,1651.65
OUT_05598,198.97
OUT_05599,61.3
OUT_05600,61.17
OUT_05601,45.74
OUT_05602,52.96
OUT_05603,58.88
OUT_05604,660.89
OUT_05605,58.17
OUT_05606,1638.29
OUT_05607,191.78
OUT_05608,189.06
OUT_05609,192.27
OUT_05610,65.48
OUT_05611,47.44
OUT_05612,67.81
OUT_05613,689.0
OUT_05614,66.17
OUT_05615,184.67
OUT_05616,190.73
OUT_05617,55.46
OUT_05618,184.12
OUT_05619,613.13
OUT_05620,704.73
OUT_05621,678.18
OUT_05622,39.44
OUT_05623,60.2
OUT_05624,68.25
OUT_05625,35.18
OUT_05626,648.28
OUT_05627,53.28
OUT_05628,65.8
OUT_05629,55.88
OUT_05630,196.1
OUT_05631,78.23
OUT_05632,189.8
OUT_05633,194.04
OUT_05634,57.3
OUT_05635,50.91
OUT_05636,57.08
OUT_05637,46.55
OUT_05638,216.59
OUT_05639,604.46
OUT_05640,638.94
OUT_05641,57.12
OUT_05642,65.16
OUT_05643,62.95
OUT_05644,191.26
OUT_05645,183.91
OUT_05646,66.97
OUT_05647,193.12
OUT_05648,63.33
OUT_05649,41.04
OUT_05650,40.85
OUT_05651,189.28
OUT_05652,199.72
OUT_05653,58.91
OUT_05654,45.22
OUT_05655,634.02
OUT_05656,195.79
OUT_05657,612.92
OUT_05658,700.54
OUT_05659,60.34
OUT_05660,55.58
OUT_05661,192.46
OUT_05662,70.4
OUT_05663,64.91
OUT_05664,627.33
OUT_05665,64.9
OUT_05666,65.6
OUT_05667,189.93
OUT_05668,40.44
OUT_05669,56.06
OUT_05670,216.4
OUT_05671,214.68
OUT_05672,58.34
OUT_05673,60.07
OUT_05674,72.15
OUT_05675,44.52
OUT_05676,187.32
OUT_05677,192.91
OUT_05678,54.62
OUT_05679,194.3
OUT_05680,57.61
OUT_05681,60.46
OUT_05682,672.97
OUT_05683,61.16
OUT_05684,194.08
OUT_05685,185.11
OUT_05686,58.39
OUT_05687,64.63
OUT_05688,193.99
OUT_05689,196.17
OUT_05690,193.34
OUT_05691,642.82
OUT_05692,643.99
OUT_05693,187.98
OUT_05694,1714.51
OUT_05695,44.52
OUT_05696,57.59
OUT_05697,65.08
OUT_05698,193.62
OUT_05699,1667.56
OUT_05700,65.83
OUT_05701,56.43
OUT_05702,57.01
OUT_05703,690.0
OUT_05704,61.57
OUT_05705,61.77
OUT_05706,65.11
OUT_05707,66.07
OUT_05708,64.78
OUT_05709,179.14
OUT_05710,64.96
OUT_05711,651.24
OUT_05712,65.15
OUT_05713,64.44
OUT_05714,190.07
OUT_05715,53.86
OUT_05716,687.36
OUT_05717,65.0
OUT_05718,658.37
OUT_05719,193.98
OUT_05720,56.51
OUT_05721,67.19
OUT_05722,191.18
OUT_05723,63.15
OUT_05724,55.5
OUT_05725,54.25
OUT_05726,193.74
OUT_05727,1587.37
OUT_05728,69.63
OUT_05729,65.88
OUT_05730,57.14
OUT_05731,65.46
OUT_05732,671.65
OUT_05733,649.8
OUT_05734,55.46
OUT_05735,62.78
OUT_05736,191.33
OUT_05737,63.13
OUT_05738,61.53
OUT_05739,189.15
OUT_05740,189.75
OUT_05741,47.39
OUT_05742,184.92
OUT_05743,1635.41
OUT_05744,192.71
OUT_05745,62.71
OUT_05746,55.39
OUT_05747,65.25
OUT_05748,59.97
OUT_05749,187.77
OUT_05750,200.2
OUT_05751,74.1
OUT_05752,198.33
OUT_05753,49.53
OUT_05754,189.8
OUT_05755,58.48
OUT_05756,200.44
OUT_05757,1721.49
OUT_05758,193.55
OUT_05759,64.73
OUT_05760,61.4
OUT_05761,191.22
OUT_05762,193.08
OUT_05763,51.49
OUT_05764,192.02
OUT_05765,189.76
OUT_05766,64.6
OUT_05767,60.93
OUT_05768,69.78
OUT_05769,192.68
OUT_05770,194.04
OUT_05771,65.77
OUT_05772,178.29
OUT_05773,203.15
OUT_05774,200.55
OUT_05775,62.14
OUT_05776,1706.1
OUT_05777,672.49
OUT_05778,174.79
OUT_05779,70.0
OUT_05780,60.01
OUT_05781,74.69
OUT_05782,136.86
OUT_05783,191.89
OUT_05784,58.34
OUT_05785,70.34
OUT_05786,653.18
OUT_05787,56.97
OUT_05788,58.88
OUT_05789,37.96
OUT_05790,191.69
OUT_05791,55.49
OUT_05792,192.04
OUT_05793,63.98
OUT_05794,114.97
OUT_05795,62.82
OUT_05796,61.36
OUT_05797,189.45
OUT_05798,194.23
OUT_05799,67.98
OUT_05800,185.83
OUT_05801,191.58
OUT_05802,193.81
OUT_05803,680.18
OUT_05804,650.69
OUT_05805,52.85
OUT_05806,191.01
OUT_05807,56.96
OUT_05808,62.73
OUT_05809,229.81
OUT_05810,60.7
OUT_05811,187.8
OUT_05812,62.77
OUT_05813,671.75
OUT_05814,638.81
OUT_05815,193.69
OUT_05816,235.25
OUT_05817,73.15
OUT_05818,185.82
OUT_05819,53.61
OUT_05820,60.2
OUT_05821,46.95
OUT_05822,182.88
OUT_05823,60.29
OUT_05824,603.88
OUT_05825,1694.66
OUT_05826,56.37
OUT_05827,54.11
OUT_05828,65.02
OUT_05829,190.93
OUT_05830,220.27
OUT_05831,193.49
OUT_05832,65.07
OUT_05833,65.13
OUT_05834,185.68
OUT_05835,46.97
OUT_05836,191.07
OUT_05837,189.59
OUT_05838,1679.59
OUT_05839,52.88
OUT_05840,51.56
OUT_05841,55.37
OUT_05842,65.12
OUT_05843,649.46
OUT_05844,61.57
OUT_05845,190.79
OUT_05846,693.81
OUT_05847,628.35
OUT_05848,56.05
OUT_05849,693.97
OUT_05850,194.37
OUT_05851,61.59
OUT_05852,635.82
OUT_05853,60.43
OUT_05854,652.15
OUT_05855,185.09
OUT_05856,186.91
OUT_05857,57.06
OUT_05858,60.77
OUT_05859,66.23
OUT_05860,65.72
OUT_05861,64.91
OUT_05862,55.97
OUT_05863,50.48
OUT_05864,63.06
OUT_05865,35.19
OUT_05866,58.02
OUT_05867,185.98
OUT_05868,205.96
OUT_05869,64.93
OUT_05870,637.84
OUT_05871,193.34
OUT_05872,47.33
OUT_05873,188.39
OUT_05874,67.12
OUT_05875,192.99
OUT_05876,65.08
OUT_05877,185.62
OUT_05878,65.43
OUT_05879,670.49
OUT_05880,63.81
OUT_05881,55.56
OUT_05882,197.87
OUT_05883,190.92
OUT_05884,247.51
OUT_05885,191.65
OUT_05886,188.53
OUT_05887,206.0
OUT_05888,60.53
OUT_05889,187.8
OUT_05890,632.39
OUT_05891,62.82
OUT_05892,667.13
OUT_05893,193.06
OUT_05894,659.25
OUT_05895,47.02
OUT_05896,53.92
OUT_05897,44.97
OUT_05898,61.43
OUT_05899,657.32
OUT_05900,193.46
OUT_05901,66.97
OUT_05902,200.4
OUT_05903,1696.6
OUT_05904,57.17
OUT_05905,59.95
OUT_05906,53.44
OUT_05907,194.17
OUT_05908,45.02
OUT_05909,637.39
OUT_05910,50.57
OUT_05911,50.35
OUT_05912,61.71
OUT_05913,64.98
OUT_05914,64.03
OUT_05915,188.67
OUT_05916,195.95
OUT_05917,53.02
OUT_05918,196.09
OUT_05919,50.68
OUT_05920,67.19
OUT_05921,60.24
OUT_05922,186.22
OUT_05923,42.21
OUT_05924,193.69
OUT_05925,194.27
OUT_05926,60.74
OUT_05927,1681.18
OUT_05928,57.65
OUT_05929,192.83
OUT_05930,74.11
OUT_05931,63.38
OUT_05932,182.54
OUT_05933,169.97
OUT_05934,63.32
OUT_05935,49.49
OUT_05936,1679.52
OUT_05937,629.18
OUT_05938,1668.97
OUT_05939,193.69
OUT_05940,1645.64
OUT_05941,61.3
OUT_05942,50.69
OUT_05943,645.6
OUT_05944,57.0
OUT_05945,65.5
OUT_05946,92.81
OUT_05947,1600.65
OUT_05948,672.12
OUT_05949,193.36
OUT_05950,62.79
OUT_05951,59.69
OUT_05952,67.12
OUT_05953,62.53
OUT_05954,43.14
OUT_05955,63.7
OUT_05956,638.75
OUT_05957,77.68
OUT_05958,208.76
OUT_05959,66.32
OUT_05960,663.36
OUT_05961,65.54
OUT_05962,193.72
OUT_05963,47.72
OUT_05964,35.19
OUT_05965,189.14
OUT_05966,189.71
OUT_05967,42.34
OUT_05968,56.21
OUT_05969,186.05
OUT_05970,204.54
OUT_05971,191.84
OUT_05972,60.45
OUT_05973,190.19
OUT_05974,70.8
OUT_05975,217.19
OUT_05976,55.49
OUT_05977,58.22
OUT_05978,202.68
OUT_05979,186.18
OUT_05980,64.66
OUT_05981,1675.61
OUT_05982,220.42
OUT_05983,69.05
OUT_05984,627.81
OUT_05985,47.77
OUT_05986,118.48
OUT_05987,62.64
OUT_05988,189.42
OUT_05989,54.48
OUT_05990,66.13
OUT_05991,49.67
OUT_05992,642.77
OUT_05993,47.2
OUT_05994,64.7
OUT_05995,70.66
OUT_05996,62.63
OUT_05997,51.51
OUT_05998,198.48
OUT_05999,61.57
OUT_06000,53.08
OUT_06001,56.47
OUT_06002,193.3
OUT_06003,55.38
OUT_06004,56.01
OUT_06005,187.26
OUT_06006,214.53
OUT_06007,82.11
OUT_06008,203.85
OUT_06009,191.85
OUT_06010,56.75
OUT_06011,67.37
OUT_06012,642.47
OUT_06013,597.1
OUT_06014,193.08
OUT_06015,65.64
OUT_06016,650.4
OUT_06017,61.68
OUT_06018,61.41
OUT_06019,38.89
OUT_06020,192.24
OUT_06021,74.58
OUT_06022,63.57
OUT_06023,1686.26
OUT_06024,69.51
OUT_06025,188.43
OUT_06026,710.91
OUT_06027,191.27
OUT_06028,68.99
OUT_06029,59.07
OUT_06030,1623.72
OUT_06031,39.75
OUT_06032,644.59
OUT_06033,1673.25
OUT_06034,186.85
OUT_06035,42.44
OUT_06036,53.1
OUT_06037,196.84
OUT_06038,194.06
OUT_06039,189.85
OUT_06040,192.22
OUT_06041,645.28
OUT_06042,192.7
OUT_06043,49.72
OUT_06044,1689.91
OUT_06045,60.45
OUT_06046,61.57
OUT_06047,635.89
OUT_06048,60.3
OUT_06049,688.22
OUT_06050,642.25
OUT_06051,61.66
OUT_06052,190.06
OUT_06053,197.43
OUT_06054,61.29
OUT_06055,197.1
OUT_06056,53.89
OUT_06057,199.73
OUT_06058,60.66
OUT_06059,193.67
OUT_06060,61.49
OUT_06061,187.95
OUT_06062,647.8
OUT_06063,190.07
OUT_06064,193.36
OUT_06065,192.21
OUT_06066,73.32
OUT_06067,55.37
OUT_06068,67.39
OUT_06069,64.86
OUT_06070,62.63
OUT_06071,59.51
OUT_06072,664.51
OUT_06073,61.51
OUT_06074,55.42
OUT_06075,199.59
OUT_06076,74.92
OUT_06077,58.22
OUT_06078,35.88
OUT_06079,203.3
OUT_06080,51.83
OUT_06081,1498.08
OUT_06082,684.74
OUT_06083,1689.7
OUT_06084,64.96
OUT_06085,63.13
OUT_06086,661.76
OUT_06087,208.21
OUT_06088,680.02
OUT_06089,60.15
OUT_06090,191.98
OUT_06091,67.11
OUT_06092,50.34
OUT_06093,1666.57
OUT_06094,194.22
OUT_06095,51.61
OUT_06096,693.6
OUT_06097,675.31
OUT_06098,57.39
OUT_06099,61.37
OUT_06100,659.57
OUT_06101,195.89
OUT_06102,194.25
OUT_06103,683.18
OUT_06104,370.9
OUT_06105,64.7
OUT_06106,197.39
OUT_06107,617.67
OUT_06108,43.37
OUT_06109,674.52
OUT_06110,61.34
OUT_06111,47.81
OUT_06112,188.64
OUT_06113,61.28
OUT_06114,192.58
OUT_06115,184.47
OUT_06116,63.58
OUT_06117,38.43
OUT_06118,72.81
OUT_06119,1479.55
OUT_06120,49.77
OUT_06121,61.14
OUT_06122,61.47
OUT_06123,193.17
OUT_06124,196.26
OUT_06125,71.94
OUT_06126,47.19
OUT_06127,188.95
OUT_06128,191.23
OUT_06129,58.33
OUT_06130,184.51
OUT_06131,66.96
OUT_06132,49.57
OUT_06133,65.15
OUT_06134,184.08
OUT_06135,616.5
OUT_06136,669.07
OUT_06137,190.93
OUT_06138,65.64
OUT_06139,50.47
OUT_06140,67.29
OUT_06141,65.01
OUT_06142,633.57
OUT_06143,70.05
OUT_06144,200.34
OUT_06145,194.69
OUT_06146,62.73
OUT_06147,191.22
OUT_06148,199.23
OUT_06149,194.22
OUT_06150,177.73
OUT_06151,1692.76
OUT_06152,56.99
OUT_06153,76.94
OUT_06154,69.85
OUT_06155,660.53
OUT_06156,56.86
OUT_06157,622.29
OUT_06158,189.9
OUT_06159,1679.36
OUT_06160,190.69
OUT_06161,194.91
OUT_06162,189.53
OUT_06163,51.22
OUT_06164,53.01
OUT_06165,187.82
OUT_06166,71.24
OUT_06167,191.57
OUT_06168,649.19
OUT_06169,48.86
OUT_06170,642.38
OUT_06171,55.42
OUT_06172,1672.44
OUT_06173,58.21
OUT_06174,197.13
OUT_06175,60.31
OUT_06176,196.56
OUT_06177,57.06
OUT_06178,57.8
OUT_06179,63.63
OUT_06180,53.01
OUT_06181,192.37
OUT_06182,666.45
OUT_06183,65.77
OUT_06184,58.91
OUT_06185,196.4
OUT_06186,649.34
OUT_06187,57.43
OUT_06188,50.72
OUT_06189,1642.22
OUT_06190,57.17
OUT_06191,50.23
OUT_06192,190.0
OUT_06193,196.07
OUT_06194,57.2
OUT_06195,64.85
OUT_06196,58.35
OUT_06197,200.4
OUT_06198,61.54
OUT_06199,77.15
OUT_06200,191.59
OUT_06201,59.49
OUT_06202,64.68
OUT_06203,626.05
OUT_06204,47.92
OUT_06205,1664.57
OUT_06206,200.38
OUT_06207,61.47
OUT_06208,51.04
OUT_06209,188.32
OUT_06210,1551.25
OUT_06211,54.51
OUT_06212,198.31
OUT_06213,70.72
OUT_06214,200.3
OUT_06215,672.02
OUT_06216,49.07
OUT_06217,192.09
OUT_06218,184.73
OUT_06219,62.49
OUT_06220,50.85
OUT_06221,46.96
OUT_06222,56.05
OUT_06223,70.24
OUT_06224,193.95
OUT_06225,50.26
OUT_06226,64.9
OUT_06227,210.9
OUT_06228,638.82
OUT_06229,193.28
OUT_06230,58.27
OUT_06231,67.81
OUT_06232,652.5
OUT_06233,199.1
OUT_06234,67.42
OUT_06235,49.67
OUT_06236,192.57
OUT_06237,196.04
OUT_06238,192.39
OUT_06239,61.44
OUT_06240,57.22
OUT_06241,42.23
OUT_06242,668.8
OUT_06243,68.53
OUT_06244,199.08
OUT_06245,58.52
OUT_06246,662.61
OUT_06247,69.43
OUT_06248,63.65
OUT_06249,64.21
OUT_06250,386.7
OUT_06251,190.47
OUT_06252,626.16
OUT_06253,65.51
OUT_06254,57.67
OUT_06255,699.8
OUT_06256,51.01
OUT_06257,647.7
OUT_06258,52.99
OUT_06259,214.91
OUT_06260,62.99
OUT_06261,188.21
OUT_06262,664.87
OUT_06263,62.9
OUT_06264,1648.19
OUT_06265,46.43
OUT_06266,185.27
OUT_06267,56.3
OUT_06268,63.07
OUT_06269,54.11
OUT_06270,62.62
OUT_06271,673.21
OUT_06272,186.66
OUT_06273,64.81
OUT_06274,56.86
OUT_06275,192.39
OUT_06276,201.38
OUT_06277,189.03
OUT_06278,1703.81
OUT_06279,652.54
OUT_06280,194.12
OUT_06281,183.94
OUT_06282,54.15
OUT_06283,60.45
OUT_06284,667.74
OUT_06285,62.86
OUT_06286,67.31
OUT_06287,43.82
OUT_06288,66.23
OUT_06289,628.01
OUT_06290,47.0
OUT_06291,69.39
OUT_06292,78.78
OUT_06293,190.73
OUT_06294,48.39
OUT_06295,60.1
OUT_06296,192.84
OUT_06297,53.81
OUT_06298,62.99
OUT_06299,209.17
OUT_06300,193.24
OUT_06301,184.32
OUT_06302,68.2
OUT_06303,61.71
OUT_06304,1667.72
OUT_06305,51.64
OUT_06306,61.27
OUT_06307,55.47
OUT_06308,197.07
OUT_06309,64.96
OUT_06310,64.96
OUT_06311,185.71
OUT_06312,62.93
OUT_06313,56.72
OUT_06314,69.83
OUT_06315,656.28
OUT_06316,189.14
OUT_06317,63.1
OUT_06318,51.73
OUT_06319,185.04
OUT_06320,191.26
OUT_06321,1649.74
OUT_06322,63.85
OUT_06323,648.59
OUT_06324,45.1
OUT_06325,65.11
OUT_06326,189.87
OUT_06327,698.69
OUT_06328,187.86
OUT_06329,65.22
OUT_06330,61.54
OUT_06331,193.42
OUT_06332,626.21
OUT_06333,61.34
OUT_06334,54.53
OUT_06335,54.11
OUT_06336,649.08
OUT_06337,60.15
OUT_06338,58.46
OUT_06339,213.33
OUT_06340,686.68
OUT_06341,178.95
OUT_06342,192.21
OUT_06343,56.17
OUT_06344,51.04
OUT_06345,41.49
OUT_06346,63.97
OUT_06347,192.61
OUT_06348,188.99
OUT_06349,189.83
OUT_06350,187.26
OUT_06351,192.8
OUT_06352,192.49
OUT_06353,188.76
OUT_06354,52.49
OUT_06355,76.07
OUT_06356,1674.3
OUT_06357,62.62
OUT_06358,1710.08
OUT_06359,194.12
OUT_06360,54.17
OUT_06361,622.37
OUT_06362,46.96
OUT_06363,62.86
OUT_06364,68.73
OUT_06365,179.29
OUT_06366,63.61
OUT_06367,649.45
OUT_06368,49.15
OUT_06369,228.79
OUT_06370,635.6
OUT_06371,70.7
OUT_06372,201.0
OUT_06373,1426.73
OUT_06374,65.11
OUT_06375,638.22
OUT_06376,181.1
OUT_06377,194.3
OUT_06378,54.86
OUT_06379,192.65
OUT_06380,50.23
OUT_06381,1680.5
OUT_06382,423.46
OUT_06383,72.36
OUT_06384,63.33
OUT_06385,57.21
OUT_06386,668.1
OUT_06387,1687.78
OUT_06388,69.57
OUT_06389,67.44
OUT_06390,178.84
OUT_06391,56.05
OUT_06392,1696.46
OUT_06393,47.83
OUT_06394,55.92
OUT_06395,60.45
OUT_06396,60.47
OUT_06397,55.52
OUT_06398,62.49
OUT_06399,185.83
OUT_06400,190.0
OUT_06401,42.44
OUT_06402,642.13
OUT_06403,685.26
OUT_06404,643.88
OUT_06405,191.64
OUT_06406,687.61
OUT_06407,55.7
OUT_06408,48.25
OUT_06409,38.63
OUT_06410,1579.0
OUT_06411,47.24
OUT_06412,41.15
OUT_06413,192.59
OUT_06414,1649.9
OUT_06415,155.16
OUT_06416,186.5
OUT_06417,1686.99
OUT_06418,67.08
OUT_06419,67.64
OUT_06420,1375.29
OUT_06421,55.47
OUT_06422,52.9
OUT_06423,64.97
OUT_06424,188.65
OUT_06425,63.25
OUT_06426,72.7
OUT_06427,669.08
OUT_06428,70.17
OUT_06429,55.48
OUT_06430,182.88
OUT_06431,197.63
OUT_06432,644.17
OUT_06433,180.95
OUT_06434,183.08
OUT_06435,54.1
OUT_06436,632.36
OUT_06437,64.06
OUT_06438,66.6
OUT_06439,1659.23
OUT_06440,203.28
OUT_06441,187.72
OUT_06442,191.57
OUT_06443,62.97
OUT_06444,72.7
OUT_06445,191.67
OUT_06446,61.22
OUT_06447,55.9
OUT_06448,54.57
OUT_06449,57.19
OUT_06450,54.29
OUT_06451,60.58
OUT_06452,53.01
OUT_06453,60.0
OUT_06454,193.59
OUT_06455,65.96
OUT_06456,75.99
OUT_06457,61.53
OUT_06458,67.42
OUT_06459,45.18
OUT_06460,189.49
OUT_06461,72.35
OUT_06462,683.31
OUT_06463,64.54
OUT_06464,67.97
OUT_06465,194.05
OUT_06466,653.65
OUT_06467,191.03
OUT_06468,55.58
OUT_06469,54.52
OUT_06470,54.79
OUT_06471,195.76
OUT_06472,716.94
OUT_06473,184.56
OUT_06474,62.57
OUT_06475,178.85
OUT_06476,189.11
OUT_06477,63.8
OUT_06478,58.1
OUT_06479,61.56
OUT_06480,190.07
OUT_06481,198.98
OUT_06482,67.13
OUT_06483,59.2
OUT_06484,68.33
OUT_06485,64.58
OUT_06486,64.91
OUT_06487,185.37
OUT_06488,72.71
OUT_06489,56.47
OUT_06490,658.81
OUT_06491,47.37
OUT_06492,195.09
OUT_06493,191.45
OUT_06494,64.77
OUT_06495,58.64
OUT_06496,197.87
OUT_06497,61.44
OUT_06498,63.37
OUT_06499,1691.9
OUT_06500,62.73
OUT_06501,617.13
OUT_06502,647.95
OUT_06503,50.86
OUT_06504,56.3
OUT_06505,56.98
OUT_06506,66.94
OUT_06507,638.73
OUT_06508,55.86
OUT_06509,190.67
OUT_06510,55.83
OUT_06511,61.38
OUT_06512,200.51
OUT_06513,60.7
OUT_06514,191.82
OUT_06515,192.6
OUT_06516,68.27
OUT_06517,60.02
OUT_06518,641.49
OUT_06519,193.19
OUT_06520,46.95
OUT_06521,49.49
OUT_06522,188.35
OUT_06523,195.33
OUT_06524,57.96
OUT_06525,50.9
OUT_06526,192.33
OUT_06527,54.3
OUT_06528,44.52
OUT_06529,643.4
OUT_06530,47.23
OUT_06531,187.6
OUT_06532,193.28
OUT_06533,61.44
OUT_06534,175.26
OUT_06535,631.92
OUT_06536,195.91
OUT_06537,63.36
OUT_06538,669.01
OUT_06539,62.56
OUT_06540,655.78
OUT_06541,51.26
OUT_06542,55.59
OUT_06543,189.67
OUT_06544,51.46
OUT_06545,633.24
OUT_06546,61.24
OUT_06547,61.29
OUT_06548,55.43
OUT_06549,50.93
OUT_06550,194.49
OUT_06551,188.05
OUT_06552,173.95
OUT_06553,193.22
OUT_06554,64.9
OUT_06555,294.41
OUT_06556,1633.63
OUT_06557,194.55
OUT_06558,168.61
OUT_06559,645.73
OUT_06560,47.88
OUT_06561,192.67
OUT_06562,65.57
OUT_06563,70.2
OUT_06564,55.32
OUT_06565,634.27
OUT_06566,58.47
OUT_06567,58.67
OUT_06568,194.84
OUT_06569,58.6
OUT_06570,60.3
OUT_06571,192.01
OUT_06572,61.29
OUT_06573,44.31
OUT_06574,629.77
OUT_06575,191.87
OUT_06576,62.66
OUT_06577,77.39
OUT_06578,72.18
OUT_06579,696.9
OUT_06580,65.07
OUT_06581,62.66
OUT_06582,67.07
OUT_06583,57.74
OUT_06584,47.62
OUT_06585,55.43
OUT_06586,192.69
OUT_06587,613.76
OUT_06588,49.9
OUT_06589,1659.13
OUT_06590,673.58
OUT_06591,72.76
OUT_06592,61.53
OUT_06593,184.04
OUT_06594,61.59
OUT_06595,59.67
OUT_06596,198.29
OUT_06597,62.88
OUT_06598,63.7
OUT_06599,667.69
OUT_06600,195.46
OUT_06601,60.67
OUT_06602,57.02
OUT_06603,186.46
OUT_06604,193.97
OUT_06605,67.62
OUT_06606,53.88
OUT_06607,51.17
OUT_06608,694.29
OUT_06609,187.75
OUT_06610,68.45
OUT_06611,57.07
OUT_06612,194.07
OUT_06613,668.26
OUT_06614,60.48
OUT_06615,686.66
OUT_06616,190.35
OUT_06617,192.27
OUT_06618,60.52
OUT_06619,67.74
OUT_06620,61.45
OUT_06621,74.51
OUT_06622,64.7
OUT_06623,49.24
OUT_06624,198.0
OUT_06625,1681.11
OUT_06626,191.42
OUT_06627,51.73
OUT_06628,184.87
OUT_06629,722.32
OUT_06630,248.4
OUT_06631,688.83
OUT_06632,62.82
OUT_06633,62.85
OUT_06634,186.96
OUT_06635,60.61
OUT_06636,57.06
OUT_06637,194.06
OUT_06638,53.98
OUT_06639,68.55
OUT_06640,62.82
OUT_06641,65.2
OUT_06642,61.26
OUT_06643,56.22
OUT_06644,66.86
OUT_06645,686.14
OUT_06646,188.6
OUT_06647,194.99
OUT_06648,627.11
OUT_06649,192.73
OUT_06650,48.32
OUT_06651,197.47
OUT_06652,51.89
OUT_06653,61.35
OUT_06654,58.44
OUT_06655,654.72
OUT_06656,65.09
OUT_06657,194.97
OUT_06658,1690.11
OUT_06659,64.5
OUT_06660,1743.65
OUT_06661,64.88
OUT_06662,193.41
OUT_06663,1647.48
OUT_06664,191.0
OUT_06665,60.43
OUT_06666,189.4
OUT_06667,58.17
OUT_06668,199.7
OUT_06669,48.54
OUT_06670,53.4
OUT_06671,62.94
OUT_06672,76.18
OUT_06673,58.09
OUT_06674,68.55
OUT_06675,56.44
OUT_06676,65.12
OUT_06677,641.19
OUT_06678,183.97
OUT_06679,214.67
OUT_06680,61.18
OUT_06681,59.29
OUT_06682,689.99
OUT_06683,45.11
OUT_06684,193.7
OUT_06685,61.65
OUT_06686,198.97
OUT_06687,64.52
OUT_06688,63.06
OUT_06689,63.07
OUT_06690,159.13
OUT_06691,51.49
OUT_06692,198.14
OUT_06693,64.93
OUT_06694,193.18
OUT_06695,193.77
OUT_06696,623.17
OUT_06697,55.41
OUT_06698,632.44
OUT_06699,1667.42
OUT_06700,61.32
OUT_06701,190.86
OUT_06702,194.95
OUT_06703,192.64
OUT_06704,202.67
OUT_06705,39.36
OUT_06706,202.01
OUT_06707,198.52
OUT_06708,60.44
OUT_06709,67.0
OUT_06710,193.77
OUT_06711,656.54
OUT_06712,55.45
OUT_06713,61.56
OUT_06714,60.3
OUT_06715,62.56
OUT_06716,49.64
OUT_06717,193.56
OUT_06718,659.24
OUT_06719,60.66
OUT_06720,734.14
OUT_06721,192.04
OUT_06722,55.5
OUT_06723,54.46
OUT_06724,693.69
OUT_06725,663.17
OUT_06726,186.22
OUT_06727,193.42
OUT_06728,51.45
OUT_06729,57.8
OUT_06730,64.91
OUT_06731,61.32
OUT_06732,43.41
OUT_06733,1677.1
OUT_06734,135.74
OUT_06735,56.03
OUT_06736,632.06
OUT_06737,54.51
OUT_06738,47.0
OUT_06739,191.6
OUT_06740,65.21
OUT_06741,192.52
OUT_06742,51.44
OUT_06743,68.06
OUT_06744,664.98
OUT_06745,194.61
OUT_06746,190.84
OUT_06747,649.31
OUT_06748,55.45
OUT_06749,193.9
OUT_06750,39.07
OUT_06751,174.75
OUT_06752,56.34
OUT_06753,192.39
OUT_06754,63.01
OUT_06755,56.1
OUT_06756,53.06
OUT_06757,58.16
OUT_06758,199.09
OUT_06759,50.87
OUT_06760,676.0
OUT_06761,69.97
OUT_06762,55.96
OUT_06763,705.69
OUT_06764,643.34
OUT_06765,202.11
OUT_06766,194.2
OUT_06767,190.71
OUT_06768,61.34
OUT_06769,61.46
OUT_06770,51.41
OUT_06771,51.51
OUT_06772,64.49
OUT_06773,194.01
OUT_06774,184.15
OUT_06775,188.62
OUT_06776,56.76
OUT_06777,659.04
OUT_06778,62.62
OUT_06779,63.57
OUT_06780,60.09
OUT_06781,66.16
OUT_06782,55.99
OUT_06783,55.41
OUT_06784,198.36
OUT_06785,190.34
OUT_06786,65.18
OUT_06787,51.11
OUT_06788,47.02
OUT_06789,61.42
OUT_06790,191.59
OUT_06791,58.89
OUT_06792,196.79
OUT_06793,197.63
OUT_06794,64.92
OUT_06795,184.05
OUT_06796,35.18
OUT_06797,645.07
OUT_06798,575.42
OUT_06799,55.87
OUT_06800,192.93
OUT_06801,45.62
OUT_06802,190.81
OUT_06803,200.6
OUT_06804,51.09
OUT_06805,64.88
OUT_06806,66.42
OUT_06807,54.0
OUT_06808,193.64
OUT_06809,65.3
OUT_06810,1509.31
OUT_06811,64.74
OUT_06812,67.87
OUT_06813,60.18
OUT_06814,48.34
OUT_06815,669.82
OUT_06816,194.25
OUT_06817,691.09
OUT_06818,1688.29
OUT_06819,191.28
OUT_06820,62.85
OUT_06821,194.19
OUT_06822,58.43
OUT_06823,195.56
OUT_06824,64.95
OUT_06825,192.17
OUT_06826,651.15
OUT_06827,49.89
OUT_06828,54.09
OUT_06829,56.18
OUT_06830,706.89
OUT_06831,185.33
OUT_06832,195.32
OUT_06833,185.04
OUT_06834,193.69
OUT_06835,58.62
OUT_06836,73.23
OUT_06837,186.92
OUT_06838,69.53
OUT_06839,619.39
OUT_06840,205.77
OUT_06841,189.96
OUT_06842,61.31
OUT_06843,712.38
OUT_06844,62.66
OUT_06845,186.34
OUT_06846,67.37
OUT_06847,63.04
OUT_06848,61.35
OUT_06849,194.57
OUT_06850,44.62
OUT_06851,202.33
OUT_06852,65.02
OUT_06853,63.63
OUT_06854,58.25
OUT_06855,192.61
OUT_06856,183.83
OUT_06857,61.19
OUT_06858,55.53
OUT_06859,50.16
OUT_06860,647.64
OUT_06861,64.99
OUT_06862,73.34
OUT_06863,689.8
OUT_06864,61.21
OUT_06865,193.92
OUT_06866,194.39
OUT_06867,615.3
OUT_06868,65.95
OUT_06869,61.31
OUT_06870,61.53
OUT_06871,57.04
OUT_06872,59.04
OUT_06873,69.2
OUT_06874,60.43
OUT_06875,42.46
OUT_06876,62.85
OUT_06877,78.26
OUT_06878,73.13
OUT_06879,672.45
OUT_06880,633.98
OUT_06881,695.17
OUT_06882,669.97
OUT_06883,65.25
OUT_06884,190.12
OUT_06885,58.18
OUT_06886,190.61
OUT_06887,64.83
OUT_06888,659.09
OUT_06889,55.97
OUT_06890,56.14
OUT_06891,193.78
OUT_06892,58.79
OUT_06893,177.54
OUT_06894,300.02
OUT_06895,70.14
OUT_06896,72.43
OUT_06897,196.57
OUT_06898,64.99
OUT_06899,62.62
OUT_06900,57.76
OUT_06901,193.09
OUT_06902,55.91
OUT_06903,51.58
OUT_06904,188.7
OUT_06905,191.14
OUT_06906,679.42
OUT_06907,58.49
OUT_06908,57.92
OUT_06909,55.87
OUT_06910,191.79
OUT_06911,56.0
OUT_06912,42.81
OUT_06913,67.33
OUT_06914,199.01
OUT_06915,611.97
OUT_06916,58.28
OUT_06917,57.49
OUT_06918,61.54
OUT_06919,73.7
OUT_06920,53.69
OUT_06921,61.19
OUT_06922,642.84
OUT_06923,65.29
OUT_06924,72.23
OUT_06925,62.18
OUT_06926,61.58
OUT_06927,69.15
OUT_06928,72.14
OUT_06929,64.53
OUT_06930,195.31
OUT_06931,51.65
OUT_06932,191.19
OUT_06933,198.18
OUT_06934,63.59
OUT_06935,65.04
OUT_06936,191.67
OUT_06937,72.33
OUT_06938,640.25
OUT_06939,192.95
OUT_06940,1690.66
OUT_06941,190.36
OUT_06942,193.74
OUT_06943,189.96
OUT_06944,67.38
OUT_06945,53.0
OUT_06946,67.37
OUT_06947,192.0
OUT_06948,631.36
OUT_06949,179.58
OUT_06950,61.34
OUT_06951,65.91
OUT_06952,672.25
OUT_06953,47.04
OUT_06954,57.44
OUT_06955,65.61
OUT_06956,189.95
OUT_06957,67.84
OUT_06958,45.15
OUT_06959,46.45
OUT_06960,62.81
OUT_06961,54.23
OUT_06962,51.43
OUT_06963,191.72
OUT_06964,60.33
OUT_06965,46.49
OUT_06966,65.21
OUT_06967,194.61
OUT_06968,67.16
OUT_06969,55.64
OUT_06970,38.2
OUT_06971,47.11
OUT_06972,67.34
OUT_06973,65.44
OUT_06974,204.46
OUT_06975,64.94
OUT_06976,684.65
OUT_06977,193.12
OUT_06978,56.25
OUT_06979,58.83
OUT_06980,58.74
OUT_06981,1691.9
OUT_06982,60.59
OUT_06983,63.17
OUT_06984,191.29
OUT_06985,1692.19
OUT_06986,60.29
OUT_06987,47.77
OUT_06988,196.06
OUT_06989,194.21
OUT_06990,675.81
OUT_06991,72.82
OUT_06992,47.95
OUT_06993,65.15
OUT_06994,61.57
OUT_06995,67.55
OUT_06996,647.35
OUT_06997,195.8
OUT_06998,56.84
OUT_06999,194.35
OUT_07000,728.27
OUT_07001,185.95
OUT_07002,683.18
OUT_07003,193.08
OUT_07004,63.35
OUT_07005,35.19
OUT_07006,62.98
OUT_07007,185.84
OUT_07008,1644.5
OUT_07009,196.66
OUT_07010,194.54
OUT_07011,64.45
OUT_07012,611.94
OUT_07013,1641.29
OUT_07014,195.54
OUT_07015,55.88
OUT_07016,1670.44
OUT_07017,56.95
OUT_07018,187.99
OUT_07019,54.12
OUT_07020,619.91
OUT_07021,202.12
OUT_07022,47.81
OUT_07023,60.48
OUT_07024,196.66
OUT_07025,65.66
OUT_07026,1641.33
OUT_07027,1653.94
OUT_07028,56.07
OUT_07029,654.95
OUT_07030,62.84
OUT_07031,678.53
OUT_07032,192.82
OUT_07033,191.08
OUT_07034,62.86
OUT_07035,49.77
OUT_07036,64.96
OUT_07037,189.48
OUT_07038,55.61
OUT_07039,67.93
OUT_07040,201.14
OUT_07041,66.63
OUT_07042,192.17
OUT_07043,57.84
OUT_07044,186.49
OUT_07045,179.89
OUT_07046,193.12
OUT_07047,54.0
OUT_07048,643.44
OUT_07049,51.05
OUT_07050,187.44
OUT_07051,195.43
OUT_07052,48.79
OUT_07053,65.17
OUT_07054,187.0
OUT_07055,50.36
OUT_07056,714.04
OUT_07057,625.69
OUT_07058,183.13
OUT_07059,53.94
OUT_07060,75.72
OUT_07061,650.99
OUT_07062,212.07
OUT_07063,49.06
OUT_07064,188.82
OUT_07065,660.47
OUT_07066,70.41
OUT_07067,194.56
OUT_07068,1698.26
OUT_07069,67.81
OUT_07070,201.0
OUT_07071,57.92
OUT_07072,67.65
OUT_07073,67.48
OUT_07074,65.5
OUT_07075,57.52
OUT_07076,71.03
OUT_07077,56.0
OUT_07078,194.29
OUT_07079,55.82
OUT_07080,1631.81
OUT_07081,203.15
OUT_07082,54.37
OUT_07083,70.51
OUT_07084,52.82
OUT_07085,193.77
OUT_07086,48.83
OUT_07087,51.6
OUT_07088,192.48
OUT_07089,1620.48
OUT_07090,195.05
OUT_07091,195.13
OUT_07092,62.87
OUT_07093,663.64
OUT_07094,193.73
OUT_07095,41.71
OUT_07096,189.54
OUT_07097,189.22
OUT_07098,57.64
OUT_07099,194.45
OUT_07100,75.12
OUT_07101,678.96
OUT_07102,60.23
OUT_07103,65.93
OUT_07104,56.05
OUT_07105,188.23
OUT_07106,66.03
OUT_07107,60.31
OUT_07108,676.37
OUT_07109,55.95
OUT_07110,67.85
OUT_07111,200.43
OUT_07112,264.05
OUT_07113,195.41
OUT_07114,197.74
OUT_07115,192.54
OUT_07116,67.13
OUT_07117,61.15
OUT_07118,64.07
OUT_07119,190.22
OUT_07120,190.71
OUT_07121,715.73
OUT_07122,633.43
OUT_07123,57.68
OUT_07124,697.89
OUT_07125,59.0
OUT_07126,186.98
OUT_07127,64.92
OUT_07128,44.79
OUT_07129,206.38
OUT_07130,48.51
OUT_07131,59.99
OUT_07132,220.63
OUT_07133,61.94
OUT_07134,58.87
OUT_07135,1703.82
OUT_07136,55.91
OUT_07137,60.26
OUT_07138,678.31
OUT_07139,67.45
OUT_07140,69.99
OUT_07141,664.52
OUT_07142,64.69
OUT_07143,68.34
OUT_07144,676.56
OUT_07145,49.06
OUT_07146,64.6
OUT_07147,688.65
OUT_07148,711.57
OUT_07149,188.16
OUT_07150,613.24
OUT_07151,62.94
OUT_07152,62.77
OUT_07153,58.7
OUT_07154,51.65
OUT_07155,198.41
OUT_07156,671.76
OUT_07157,193.29
OUT_07158,44.82
OUT_07159,62.07
OUT_07160,66.23
OUT_07161,1713.6
OUT_07162,35.19
OUT_07163,61.35
OUT_07164,62.98
OUT_07165,73.93
OUT_07166,185.03
OUT_07167,50.85
OUT_07168,63.53
OUT_07169,191.02
OUT_07170,62.59
OUT_07171,60.76
OUT_07172,64.86
OUT_07173,57.89
OUT_07174,55.78
OUT_07175,65.02
OUT_07176,64.7
OUT_07177,1642.76
OUT_07178,194.21
OUT_07179,65.91
OUT_07180,55.73
OUT_07181,194.0
OUT_07182,44.84
OUT_07183,681.68
OUT_07184,194.37
OUT_07185,63.31
OUT_07186,49.09
OUT_07187,661.25
OUT_07188,49.87
OUT_07189,69.65
OUT_07190,49.52
OUT_07191,65.19
OUT_07192,66.87
OUT_07193,198.97
OUT_07194,653.1
OUT_07195,630.36
OUT_07196,191.79
OUT_07197,60.95
OUT_07198,74.37
OUT_07199,190.86
OUT_07200,64.92
OUT_07201,197.18
OUT_07202,62.99
OUT_07203,193.79
OUT_07204,69.07
OUT_07205,61.73
OUT_07206,62.92
OUT_07207,194.44
OUT_07208,54.14
OUT_07209,192.9
OUT_07210,62.62
OUT_07211,57.41
OUT_07212,194.42
OUT_07213,41.04
OUT_07214,683.73
OUT_07215,1670.96
OUT_07216,60.21
OUT_07217,59.24
OUT_07218,193.76
OUT_07219,665.85
OUT_07220,72.55
OUT_07221,62.81
OUT_07222,60.11
OUT_07223,44.57
OUT_07224,38.64
OUT_07225,1698.72
OUT_07226,45.21
OUT_07227,667.38
OUT_07228,61.53
OUT_07229,35.13
OUT_07230,68.35
OUT_07231,57.19
OUT_07232,194.95
OUT_07233,1654.48
OUT_07234,56.17
OUT_07235,187.09
OUT_07236,66.41
OUT_07237,56.08
OUT_07238,79.82
OUT_07239,212.26
OUT_07240,65.23
OUT_07241,68.44
OUT_07242,67.11
OUT_07243,189.3
OUT_07244,67.38
OUT_07245,192.6
OUT_07246,67.42
OUT_07247,193.77
OUT_07248,64.81
OUT_07249,61.03
OUT_07250,1579.23
OUT_07251,192.59
OUT_07252,192.93
OUT_07253,61.54
OUT_07254,64.95
OUT_07255,54.04
OUT_07256,191.05
OUT_07257,188.82
OUT_07258,622.42
OUT_07259,662.71
OUT_07260,61.42
OUT_07261,67.38
OUT_07262,196.37
OUT_07263,701.36
OUT_07264,53.93
OUT_07265,53.19
OUT_07266,680.13
OUT_07267,70.32
OUT_07268,191.65
OUT_07269,206.86
OUT_07270,58.27
OUT_07271,64.75
OUT_07272,215.48
OUT_07273,643.97
OUT_07274,634.64
OUT_07275,70.3
OUT_07276,1687.41
OUT_07277,64.86
OUT_07278,49.09
OUT_07279,65.9
OUT_07280,217.26
OUT_07281,663.35
OUT_07282,183.38
OUT_07283,63.28
OUT_07284,193.99
OUT_07285,1688.66
OUT_07286,191.18
OUT_07287,62.77
OUT_07288,56.82
OUT_07289,646.45
OUT_07290,49.75
OUT_07291,64.77
OUT_07292,68.04
OUT_07293,62.68
OUT_07294,74.9
OUT_07295,64.96
OUT_07296,194.27
OUT_07297,68.07
OUT_07298,655.36
OUT_07299,64.66
OUT_07300,646.03
OUT_07301,65.74
OUT_07302,194.06
OUT_07303,72.07
OUT_07304,49.79
OUT_07305,665.0
OUT_07306,54.08
OUT_07307,685.92
OUT_07308,49.45
OUT_07309,60.52
OUT_07310,70.53
OUT_07311,184.02
OUT_07312,56.93
OUT_07313,63.46
OUT_07314,624.5
OUT_07315,196.01
OUT_07316,1651.13
OUT_07317,650.27
OUT_07318,194.28
OUT_07319,46.69
OUT_07320,61.63
OUT_07321,1670.56
OUT_07322,195.56
OUT_07323,49.07
OUT_07324,639.08
OUT_07325,60.19
OUT_07326,47.51
OUT_07327,667.65
OUT_07328,192.33
OUT_07329,185.02
OUT_07330,200.22
OUT_07331,672.17
OUT_07332,51.71
OUT_07333,199.21
OUT_07334,216.21
OUT_07335,695.68
OUT_07336,65.76
OUT_07337,67.55
OUT_07338,44.52
OUT_07339,98.11
OUT_07340,67.81
OUT_07341,698.65
OUT_07342,65.73
OUT_07343,190.86
OUT_07344,72.53
OUT_07345,72.73
OUT_07346,49.54
OUT_07347,194.44
OUT_07348,195.29
OUT_07349,625.31
OUT_07350,58.41
OUT_07351,187.9
OUT_07352,70.45
OUT_07353,57.05
OUT_07354,647.62
OUT_07355,60.4
OUT_07356,189.11
OUT_07357,194.21
OUT_07358,75.61
OUT_07359,56.4
OUT_07360,55.5
OUT_07361,46.68
OUT_07362,196.04
OUT_07363,65.96
OUT_07364,202.51
OUT_07365,47.26
OUT_07366,62.88
OUT_07367,653.52
OUT_07368,656.91
OUT_07369,68.98
OUT_07370,51.87
OUT_07371,189.64
OUT_07372,64.14
OUT_07373,55.47
OUT_07374,687.19
OUT_07375,61.33
OUT_07376,207.94
OUT_07377,47.81
OUT_07378,635.45
OUT_07379,53.0
OUT_07380,644.66
OUT_07381,57.23
OUT_07382,190.38
OUT_07383,185.98
OUT_07384,68.23
OUT_07385,65.71
OUT_07386,653.46
OUT_07387,56.91
OUT_07388,1697.5
OUT_07389,58.44
OUT_07390,641.41
OUT_07391,1682.55
OUT_07392,38.18
OUT_07393,645.78
OUT_07394,67.09
OUT_07395,61.4
OUT_07396,189.8
OUT_07397,44.54
OUT_07398,49.53
OUT_07399,69.86
OUT_07400,209.28
OUT_07401,65.75
OUT_07402,187.71
OUT_07403,64.7
OUT_07404,70.46
OUT_07405,54.56
OUT_07406,55.41
OUT_07407,60.37
OUT_07408,1647.59
OUT_07409,64.9
OUT_07410,192.56
OUT_07411,55.49
OUT_07412,56.6
OUT_07413,194.1
OUT_07414,189.86
OUT_07415,192.68
OUT_07416,191.54
OUT_07417,1716.16
OUT_07418,676.91
OUT_07419,57.38
OUT_07420,199.07
OUT_07421,60.49
OUT_07422,684.38
OUT_07423,204.12
OUT_07424,67.54
OUT_07425,188.78
OUT_07426,212.79
OUT_07427,60.46
OUT_07428,185.25
OUT_07429,191.72
OUT_07430,56.99
OUT_07431,61.45
OUT_07432,668.65
OUT_07433,65.27
OUT_07434,67.76
OUT_07435,64.99
OUT_07436,65.16
OUT_07437,55.51
OUT_07438,57.27
OUT_07439,35.16
OUT_07440,189.72
OUT_07441,70.14
OUT_07442,60.56
OUT_07443,724.57
OUT_07444,179.39
OUT_07445,60.37
OUT_07446,68.35
OUT_07447,195.31
OUT_07448,189.67
OUT_07449,34.91
OUT_07450,53.9
OUT_07451,631.12
OUT_07452,196.05
OUT_07453,193.2
OUT_07454,51.13
OUT_07455,183.3
OUT_07456,733.77
OUT_07457,55.64
OUT_07458,196.02
OUT_07459,75.1
OUT_07460,57.07
OUT_07461,38.61
OUT_07462,194.46
OUT_07463,192.3
OUT_07464,206.13
OUT_07465,64.83
OUT_07466,647.59
OUT_07467,184.86
OUT_07468,52.89
OUT_07469,612.94
OUT_07470,61.48
OUT_07471,186.87
OUT_07472,638.56
OUT_07473,64.96
OUT_07474,1646.12
OUT_07475,182.76
OUT_07476,67.06
OUT_07477,50.94
OUT_07478,68.14
OUT_07479,55.77
OUT_07480,662.33
OUT_07481,189.25
OUT_07482,56.92
OUT_07483,654.0
OUT_07484,194.6
OUT_07485,143.7
OUT_07486,191.46
OUT_07487,189.72
OUT_07488,186.15
OUT_07489,192.79
OUT_07490,643.69
OUT_07491,183.87
OUT_07492,1686.34
OUT_07493,197.67
OUT_07494,193.4
OUT_07495,192.84
OUT_07496,58.82
OUT_07497,195.09
OUT_07498,187.2
OUT_07499,198.64
OUT_07500,55.59
OUT_07501,194.49
OUT_07502,58.99
OUT_07503,189.91
OUT_07504,1686.4
OUT_07505,635.26
OUT_07506,61.28
OUT_07507,53.0
OUT_07508,56.29
OUT_07509,44.1
OUT_07510,74.48
OUT_07511,63.07
OUT_07512,193.94
OUT_07513,188.82
OUT_07514,61.58
OUT_07515,715.64
OUT_07516,61.56
OUT_07517,55.52
OUT_07518,57.7
OUT_07519,1706.88
OUT_07520,194.27
OUT_07521,55.34
OUT_07522,193.58
OUT_07523,57.81
OUT_07524,184.91
OUT_07525,65.93
OUT_07526,65.0
OUT_07527,56.29
OUT_07528,56.4
OUT_07529,56.79
OUT_07530,195.1
OUT_07531,60.46
OUT_07532,194.83
OUT_07533,168.64
OUT_07534,58.96
OUT_07535,186.23
OUT_07536,625.01
OUT_07537,58.4
OUT_07538,55.62
OUT_07539,188.61
OUT_07540,58.2
OUT_07541,55.34
OUT_07542,62.73
OUT_07543,66.68
OUT_07544,64.84
OUT_07545,198.49
OUT_07546,1702.75
OUT_07547,184.13
OUT_07548,55.43
OUT_07549,50.48
OUT_07550,63.65
OUT_07551,56.75
OUT_07552,195.03
OUT_07553,1674.31
OUT_07554,64.82
OUT_07555,65.75
OUT_07556,58.14
OUT_07557,652.39
OUT_07558,43.04
OUT_07559,61.12
OUT_07560,65.59
OUT_07561,189.74
OUT_07562,48.36
OUT_07563,184.72
OUT_07564,65.7
OUT_07565,67.22
OUT_07566,76.9
OUT_07567,64.55
OUT_07568,66.3
OUT_07569,64.97
OUT_07570,57.0
OUT_07571,187.15
OUT_07572,70.39
OUT_07573,53.9
OUT_07574,618.5
OUT_07575,54.11
OUT_07576,192.37
OUT_07577,59.53
OUT_07578,642.71
OUT_07579,56.7
OUT_07580,67.17
OUT_07581,647.61
OUT_07582,49.17
OUT_07583,65.06
OUT_07584,57.78
OUT_07585,64.68
OUT_07586,191.43
OUT_07587,602.85
OUT_07588,44.56
OUT_07589,60.45
OUT_07590,649.75
OUT_07591,691.71
OUT_07592,57.0
OUT_07593,195.49
OUT_07594,64.95
OUT_07595,56.9
OUT_07596,60.09
OUT_07597,63.06
OUT_07598,214.22
OUT_07599,55.99
OUT_07600,706.55
OUT_07601,72.35
OUT_07602,65.03
OUT_07603,65.01
OUT_07604,1696.24
OUT_07605,700.54
OUT_07606,74.36
OUT_07607,60.77
OUT_07608,56.74
OUT_07609,194.7
OUT_07610,54.19
OUT_07611,187.6
OUT_07612,43.14
OUT_07613,67.65
OUT_07614,60.54
OUT_07615,194.75
OUT_07616,57.2
OUT_07617,721.01
OUT_07618,63.78
OUT_07619,193.71
OUT_07620,195.55
OUT_07621,190.41
OUT_07622,189.59
OUT_07623,60.74
OUT_07624,61.3
OUT_07625,639.65
OUT_07626,40.67
OUT_07627,656.8
OUT_07628,65.91
OUT_07629,642.28
OUT_07630,60.2
OUT_07631,68.95
OUT_07632,63.46
OUT_07633,667.12
OUT_07634,63.53
OUT_07635,700.79
OUT_07636,682.32
OUT_07637,60.75
OUT_07638,213.79
OUT_07639,1680.73
OUT_07640,56.94
OUT_07641,183.96
OUT_07642,63.55
OUT_07643,203.15
OUT_07644,55.78
OUT_07645,55.55
OUT_07646,191.68
OUT_07647,70.64
OUT_07648,61.02
OUT_07649,188.78
OUT_07650,193.33
OUT_07651,67.49
OUT_07652,77.65
OUT_07653,55.8
OUT_07654,186.11
OUT_07655,1679.82
OUT_07656,47.81
OUT_07657,64.79
OUT_07658,1684.28
OUT_07659,185.25
OUT_07660,62.85
OUT_07661,184.02
OUT_07662,198.19
OUT_07663,55.57
OUT_07664,191.44
OUT_07665,61.28
OUT_07666,64.83
OUT_07667,195.39
OUT_07668,64.95
OUT_07669,40.07
OUT_07670,60.43
OUT_07671,666.02
OUT_07672,55.36
OUT_07673,57.87
OUT_07674,632.92
OUT_07675,55.43
OUT_07676,67.95
OUT_07677,631.05
OUT_07678,654.28
OUT_07679,675.76
OUT_07680,56.86
OUT_07681,194.05
OUT_07682,679.95
OUT_07683,55.96
OUT_07684,194.69
OUT_07685,708.9
OUT_07686,74.8
OUT_07687,1704.87
OUT_07688,1669.43
OUT_07689,192.15
OUT_07690,55.46
OUT_07691,72.45
OUT_07692,49.6
OUT_07693,192.97
OUT_07694,61.36
OUT_07695,70.27
OUT_07696,61.27
OUT_07697,62.83
OUT_07698,52.89
OUT_07699,56.03
OUT_07700,56.0
OUT_07701,65.13
OUT_07702,675.64
OUT_07703,1680.06
OUT_07704,649.97
OUT_07705,204.62
OUT_07706,193.69
OUT_07707,55.55
OUT_07708,194.37
OUT_07709,191.53
OUT_07710,55.59
OUT_07711,58.8
OUT_07712,194.38
OUT_07713,191.87
OUT_07714,187.73
OUT_07715,195.05
OUT_07716,44.84
OUT_07717,64.69
OUT_07718,186.02
OUT_07719,65.08
OUT_07720,1675.75
OUT_07721,190.54
OUT_07722,658.24
OUT_07723,49.07
OUT_07724,192.83
OUT_07725,188.73
OUT_07726,57.04
OUT_07727,70.51
OUT_07728,64.94
OUT_07729,57.14
OUT_07730,198.41
OUT_07731,54.1
OUT_07732,188.66
OUT_07733,61.41
OUT_07734,695.37
OUT_07735,65.13
OUT_07736,1559.03
OUT_07737,63.44
OUT_07738,65.26
OUT_07739,192.0
OUT_07740,192.85
OUT_07741,60.06
OUT_07742,632.08
OUT_07743,60.02
OUT_07744,64.63
OUT_07745,46.95
OUT_07746,645.08
OUT_07747,189.59
OUT_07748,62.87
OUT_07749,185.35
OUT_07750,184.07
OUT_07751,76.67
OUT_07752,64.92
OUT_07753,191.85
OUT_07754,64.58
OUT_07755,191.27
OUT_07756,66.2
OUT_07757,50.88
OUT_07758,56.07
OUT_07759,55.95
OUT_07760,190.48
OUT_07761,55.88
OUT_07762,1695.93
OUT_07763,199.85
OUT_07764,68.11
OUT_07765,1644.4
OUT_07766,61.6
OUT_07767,62.34
OUT_07768,58.29
OUT_07769,633.85
OUT_07770,62.72
OUT_07771,183.56
OUT_07772,644.52
OUT_07773,183.95
OUT_07774,235.6
OUT_07775,693.68
OUT_07776,61.88
OUT_07777,67.1
OUT_07778,58.32
OUT_07779,70.27
OUT_07780,61.73
OUT_07781,201.18
OUT_07782,186.88
OUT_07783,58.8
OUT_07784,587.18
OUT_07785,196.73
OUT_07786,611.23
OUT_07787,671.5
OUT_07788,63.61
OUT_07789,51.76
OUT_07790,193.06
OUT_07791,630.92
OUT_07792,662.61
OUT_07793,677.65
OUT_07794,57.2
OUT_07795,657.87
OUT_07796,1677.29
OUT_07797,64.54
OUT_07798,194.08
OUT_07799,45.62
OUT_07800,45.1
OUT_07801,678.76
OUT_07802,49.31
OUT_07803,60.07
OUT_07804,58.6
OUT_07805,38.19
OUT_07806,196.75
OUT_07807,62.74
OUT_07808,67.4
OUT_07809,202.63
OUT_07810,1661.52
OUT_07811,58.26
OUT_07812,63.67
OUT_07813,61.37
OUT_07814,67.61
OUT_07815,1663.21
OUT_07816,62.86
OUT_07817,612.47
OUT_07818,44.56
OUT_07819,182.64
OUT_07820,59.11
OUT_07821,49.06
OUT_07822,59.26
OUT_07823,657.66
OUT_07824,57.1
OUT_07825,201.51
OUT_07826,58.46
OUT_07827,193.42
OUT_07828,61.77
OUT_07829,55.95
OUT_07830,641.37
OUT_07831,189.63
OUT_07832,680.74
OUT_07833,177.62
OUT_07834,196.75
OUT_07835,60.47
OUT_07836,201.22
OUT_07837,1669.46
OUT_07838,191.12
OUT_07839,54.08
OUT_07840,186.8
OUT_07841,61.42
OUT_07842,62.69
OUT_07843,64.94
OUT_07844,63.37
OUT_07845,681.82
OUT_07846,177.67
OUT_07847,195.76
OUT_07848,58.45
OUT_07849,72.12
OUT_07850,65.17
OUT_07851,51.63
OUT_07852,45.19
OUT_07853,59.83
OUT_07854,55.93
OUT_07855,205.58
OUT_07856,194.42
OUT_07857,197.48
OUT_07858,719.36
OUT_07859,637.14
OUT_07860,193.8
OUT_07861,200.38
OUT_07862,52.28
OUT_07863,193.74
OUT_07864,198.15
OUT_07865,44.84
OUT_07866,56.74
OUT_07867,658.56
OUT_07868,61.54
OUT_07869,184.07
OUT_07870,205.38
OUT_07871,60.54
OUT_07872,48.83
OUT_07873,61.44
OUT_07874,56.94
OUT_07875,632.65
OUT_07876,1611.54
OUT_07877,1679.84
OUT_07878,61.04
OUT_07879,625.79
OUT_07880,1682.34
OUT_07881,66.22
OUT_07882,56.91
OUT_07883,656.96
OUT_07884,196.04
OUT_07885,56.06
OUT_07886,190.69
OUT_07887,55.5
OUT_07888,195.24
OUT_07889,55.52
OUT_07890,60.38
OUT_07891,69.38
OUT_07892,70.53
OUT_07893,650.39
OUT_07894,60.82
OUT_07895,57.76
OUT_07896,1662.35
OUT_07897,704.45
OUT_07898,189.29
OUT_07899,189.35
OUT_07900,64.84
OUT_07901,640.87
OUT_07902,67.36
OUT_07903,59.88
OUT_07904,67.09
OUT_07905,57.07
OUT_07906,56.6
OUT_07907,55.9
OUT_07908,658.38
OUT_07909,205.28
OUT_07910,188.41
OUT_07911,651.04
OUT_07912,101.47
OUT_07913,58.13
OUT_07914,44.83
OUT_07915,192.26
OUT_07916,1659.43
OUT_07917,60.77
OUT_07918,60.39
OUT_07919,69.43
OUT_07920,187.77
OUT_07921,44.65
OUT_07922,65.75
OUT_07923,1581.45
OUT_07924,624.17
OUT_07925,1669.68
OUT_07926,67.92
OUT_07927,74.38
OUT_07928,47.21
OUT_07929,65.02
OUT_07930,680.89
OUT_07931,65.5
OUT_07932,177.55
OUT_07933,58.31
OUT_07934,55.89
OUT_07935,702.27
OUT_07936,58.88
OUT_07937,69.8
OUT_07938,680.27
OUT_07939,188.04
OUT_07940,49.06
OUT_07941,193.47
OUT_07942,67.11
OUT_07943,189.91
OUT_07944,70.2
OUT_07945,192.1
OUT_07946,52.7
OUT_07947,192.6
OUT_07948,185.26
OUT_07949,720.88
OUT_07950,64.54
OUT_07951,65.06
OUT_07952,64.62
OUT_07953,54.28
OUT_07954,192.74
OUT_07955,180.61
OUT_07956,178.16
OUT_07957,194.15
OUT_07958,60.87
OUT_07959,57.66
OUT_07960,55.95
OUT_07961,61.21
OUT_07962,193.24
OUT_07963,67.5
OUT_07964,35.11
OUT_07965,188.09
OUT_07966,183.76
OUT_07967,642.35
OUT_07968,57.65
OUT_07969,194.74
OUT_07970,616.87
OUT_07971,676.2
OUT_07972,193.71
OUT_07973,51.6
OUT_07974,188.13
OUT_07975,55.36
OUT_07976,58.17
OUT_07977,47.49
OUT_07978,195.89
OUT_07979,66.23
OUT_07980,1694.5
OUT_07981,68.53
OUT_07982,69.43
OUT_07983,38.62
OUT_07984,64.67
OUT_07985,632.84
OUT_07986,55.87
OUT_07987,63.34
OUT_07988,67.53
OUT_07989,64.86
OUT_07990,70.19
OUT_07991,680.82
OUT_07992,56.7
OUT_07993,652.85
OUT_07994,53.54
OUT_07995,50.56
OUT_07996,45.33
OUT_07997,192.99
OUT_07998,67.94
OUT_07999,72.75
OUT_08000,70.23
OUT_08001,708.51
OUT_08002,192.54
OUT_08003,66.59
OUT_08004,48.79
OUT_08005,64.9
OUT_08006,55.99
OUT_08007,72.97
OUT_08008,196.39
OUT_08009,52.99
OUT_08010,187.88
OUT_08011,61.44
OUT_08012,55.67
OUT_08013,193.62
OUT_08014,197.49
OUT_08015,620.94
OUT_08016,62.46
OUT_08017,65.09
OUT_08018,63.11
OUT_08019,194.0
OUT_08020,45.07
OUT_08021,55.59
OUT_08022,190.92
OUT_08023,168.96
OUT_08024,57.78
OUT_08025,631.67
OUT_08026,202.61
OUT_08027,66.97
OUT_08028,52.98
OUT_08029,667.6
OUT_08030,634.79
OUT_08031,70.39
OUT_08032,1702.45
OUT_08033,1679.64
OUT_08034,56.9
OUT_08035,195.55
OUT_08036,59.18
OUT_08037,649.06
OUT_08038,195.38
OUT_08039,700.59
OUT_08040,47.52
OUT_08041,624.79
OUT_08042,205.94
OUT_08043,70.51
OUT_08044,53.01
OUT_08045,1664.26
OUT_08046,63.09
OUT_08047,1655.77
OUT_08048,65.25
OUT_08049,62.84
OUT_08050,638.87
OUT_08051,70.47
OUT_08052,193.99
OUT_08053,51.65
OUT_08054,72.57
OUT_08055,634.76
OUT_08056,56.35
OUT_08057,186.59
OUT_08058,190.65
OUT_08059,618.99
OUT_08060,62.91
OUT_08061,56.9
OUT_08062,687.8
OUT_08063,188.32
OUT_08064,50.23
OUT_08065,208.39
OUT_08066,655.23
OUT_08067,690.71
OUT_08068,58.31
OUT_08069,193.05
OUT_08070,197.17
OUT_08071,61.7
OUT_08072,179.69
OUT_08073,63.03
OUT_08074,67.29
OUT_08075,198.65
OUT_08076,189.27
OUT_08077,61.58
OUT_08078,193.86
OUT_08079,1655.43
OUT_08080,185.87
OUT_08081,56.79
OUT_08082,184.65
OUT_08083,683.82
OUT_08084,59.01
OUT_08085,56.86
OUT_08086,81.04
OUT_08087,51.18
OUT_08088,191.63
OUT_08089,62.73
OUT_08090,1697.84
OUT_08091,221.53
OUT_08092,75.74
OUT_08093,185.3
OUT_08094,57.55
OUT_08095,65.05
OUT_08096,73.03
OUT_08097,632.03
OUT_08098,192.01
OUT_08099,608.45
OUT_08100,1652.69
OUT_08101,60.37
OUT_08102,192.82
OUT_08103,61.22
OUT_08104,57.07
OUT_08105,187.16
OUT_08106,60.28
OUT_08107,185.99
OUT_08108,55.76
OUT_08109,1678.05
OUT_08110,49.32
OUT_08111,193.22
OUT_08112,594.17
OUT_08113,63.68
OUT_08114,669.16
OUT_08115,67.52
OUT_08116,181.61
OUT_08117,51.39
OUT_08118,645.18
OUT_08119,69.61
OUT_08120,638.62
OUT_08121,73.28
OUT_08122,58.38
OUT_08123,190.51
OUT_08124,61.59
OUT_08125,191.51
OUT_08126,650.4
OUT_08127,632.51
OUT_08128,616.98
OUT_08129,672.18
OUT_08130,64.71
OUT_08131,642.56
OUT_08132,56.97
OUT_08133,72.64
OUT_08134,188.63
OUT_08135,179.88
OUT_08136,37.98
OUT_08137,188.58
OUT_08138,618.96
OUT_08139,169.1
OUT_08140,650.31
OUT_08141,65.49
OUT_08142,62.69
OUT_08143,195.15
OUT_08144,45.05
OUT_08145,626.3
OUT_08146,65.9
OUT_08147,53.11
OUT_08148,194.58
OUT_08149,61.77
OUT_08150,58.44
OUT_08151,192.59
OUT_08152,57.18
OUT_08153,193.17
OUT_08154,193.57
OUT_08155,58.93
OUT_08156,159.45
OUT_08157,57.58
OUT_08158,672.81
OUT_08159,1668.99
OUT_08160,635.76
OUT_08161,71.99
OUT_08162,60.92
OUT_08163,58.24
OUT_08164,55.55
OUT_08165,181.61
OUT_08166,62.73
OUT_08167,193.64
OUT_08168,56.87
OUT_08169,57.24
OUT_08170,65.08
OUT_08171,56.02
OUT_08172,186.78
OUT_08173,192.88
OUT_08174,57.44
OUT_08175,673.64
OUT_08176,49.12
OUT_08177,649.24
OUT_08178,186.85
OUT_08179,663.01
OUT_08180,64.82
OUT_08181,169.47
OUT_08182,192.8
OUT_08183,71.59
OUT_08184,61.03
OUT_08185,42.47
OUT_08186,635.18
OUT_08187,661.41
OUT_08188,194.29
OUT_08189,40.05
OUT_08190,207.4
OUT_08191,53.03
OUT_08192,198.64
OUT_08193,60.43
OUT_08194,46.94
OUT_08195,702.68
OUT_08196,187.26
OUT_08197,39.63
OUT_08198,192.39
OUT_08199,190.15
OUT_08200,61.6
OUT_08201,1681.98
OUT_08202,51.38
OUT_08203,59.81
OUT_08204,57.58
OUT_08205,51.86
OUT_08206,612.14
OUT_08207,53.04
OUT_08208,190.32
OUT_08209,191.32
OUT_08210,65.15
OUT_08211,55.84
OUT_08212,55.91
OUT_08213,65.35
OUT_08214,55.44
OUT_08215,195.52
OUT_08216,700.27
OUT_08217,629.31
OUT_08218,1663.11
OUT_08219,189.84
OUT_08220,43.48
OUT_08221,657.75
OUT_08222,669.82
OUT_08223,78.71
OUT_08224,57.24
OUT_08225,644.71
OUT_08226,1680.61
OUT_08227,630.51
OUT_08228,661.46
OUT_08229,66.96
OUT_08230,216.34
OUT_08231,1661.86
OUT_08232,56.84
OUT_08233,656.93
OUT_08234,635.84
OUT_08235,76.03
OUT_08236,47.76
OUT_08237,660.47
OUT_08238,195.17
OUT_08239,197.08
OUT_08240,55.95
OUT_08241,676.46
OUT_08242,69.62
OUT_08243,628.7
OUT_08244,64.94
OUT_08245,52.9
OUT_08246,62.89
OUT_08247,203.76
OUT_08248,71.55
OUT_08249,67.17
OUT_08250,64.7
OUT_08251,198.35
OUT_08252,60.79
OUT_08253,48.45
OUT_08254,187.31
OUT_08255,401.51
OUT_08256,35.63
OUT_08257,185.05
OUT_08258,195.85
OUT_08259,195.44
OUT_08260,610.92
OUT_08261,659.22
OUT_08262,187.2
OUT_08263,64.67
OUT_08264,196.91
OUT_08265,46.73
OUT_08266,54.33
OUT_08267,190.51
OUT_08268,58.31
OUT_08269,58.13
OUT_08270,189.82
OUT_08271,713.21
OUT_08272,197.78
OUT_08273,645.04
OUT_08274,44.52
OUT_08275,633.95
OUT_08276,60.02
OUT_08277,188.51
OUT_08278,1433.28
OUT_08279,201.76
OUT_08280,703.6
OUT_08281,651.48
OUT_08282,43.23
OUT_08283,58.18
OUT_08284,55.97
OUT_08285,55.43
OUT_08286,204.4
OUT_08287,196.95
OUT_08288,197.58
OUT_08289,63.76
OUT_08290,55.85
OUT_08291,70.01
OUT_08292,697.02
OUT_08293,61.2
OUT_08294,194.14
OUT_08295,63.96
OUT_08296,1695.0
OUT_08297,60.43
OUT_08298,1707.86
OUT_08299,52.97
OUT_08300,192.89
OUT_08301,54.45
OUT_08302,61.22
OUT_08303,218.16
OUT_08304,1667.36
OUT_08305,644.02
OUT_08306,58.49
OUT_08307,676.09
OUT_08308,201.65
OUT_08309,184.05
OUT_08310,192.34
OUT_08311,73.88
OUT_08312,51.43
OUT_08313,656.71
OUT_08314,72.97
OUT_08315,56.97
OUT_08316,55.78
OUT_08317,61.7
OUT_08318,64.86
OUT_08319,192.65
OUT_08320,192.64
OUT_08321,195.86
OUT_08322,64.55
OUT_08323,195.62
OUT_08324,57.9
OUT_08325,193.73
OUT_08326,192.25
OUT_08327,659.32
OUT_08328,204.34
OUT_08329,183.46
OUT_08330,680.67
OUT_08331,653.89
OUT_08332,704.59
OUT_08333,58.35
OUT_08334,67.06
OUT_08335,150.78
OUT_08336,42.75
OUT_08337,62.67
OUT_08338,197.59
OUT_08339,58.32
OUT_08340,194.19
OUT_08341,55.48
OUT_08342,184.82
OUT_08343,64.89
OUT_08344,44.62
OUT_08345,55.59
OUT_08346,195.91
OUT_08347,620.78
OUT_08348,636.31
OUT_08349,43.11
OUT_08350,65.69
OUT_08351,188.16
OUT_08352,53.56
OUT_08353,72.69
OUT_08354,67.3
OUT_08355,691.44
OUT_08356,188.43
OUT_08357,185.6
OUT_08358,186.71
OUT_08359,64.73
OUT_08360,714.55
OUT_08361,231.42
OUT_08362,695.51
OUT_08363,61.25
OUT_08364,64.88
OUT_08365,61.56
OUT_08366,62.59
OUT_08367,48.87
OUT_08368,56.0
OUT_08369,63.09
OUT_08370,67.16
OUT_08371,194.8
OUT_08372,45.69
OUT_08373,66.74
OUT_08374,48.55
OUT_08375,51.7
OUT_08376,56.94
OUT_08377,189.15
OUT_08378,196.28
OUT_08379,47.9
OUT_08380,191.82
OUT_08381,65.85
OUT_08382,646.61
OUT_08383,53.49
OUT_08384,57.29
OUT_08385,64.64
OUT_08386,189.41
OUT_08387,179.21
OUT_08388,192.41
OUT_08389,64.6
OUT_08390,185.38
OUT_08391,63.29
OUT_08392,63.48
OUT_08393,58.19
OUT_08394,55.72
OUT_08395,48.52
OUT_08396,194.67
OUT_08397,74.75
OUT_08398,192.82
OUT_08399,72.24
OUT_08400,691.29
OUT_08401,61.31
OUT_08402,1672.93
OUT_08403,67.08
OUT_08404,61.58
OUT_08405,64.73
OUT_08406,218.76
OUT_08407,70.02
OUT_08408,629.06
OUT_08409,64.68
OUT_08410,56.96
OUT_08411,199.13
OUT_08412,63.49
OUT_08413,187.91
OUT_08414,193.62
OUT_08415,69.43
OUT_08416,43.14
OUT_08417,55.91
OUT_08418,61.21
OUT_08419,56.89
OUT_08420,54.06
OUT_08421,186.56
OUT_08422,334.54
OUT_08423,63.77
OUT_08424,50.59
OUT_08425,38.18
OUT_08426,69.54
OUT_08427,609.59
OUT_08428,60.44
OUT_08429,56.37
OUT_08430,56.02
OUT_08431,67.15
OUT_08432,1669.17
OUT_08433,56.87
OUT_08434,69.87
OUT_08435,58.32
OUT_08436,189.58
OUT_08437,661.64
OUT_08438,645.69
OUT_08439,54.13
OUT_08440,55.62
OUT_08441,60.55
OUT_08442,1678.63
OUT_08443,193.62
OUT_08444,190.64
OUT_08445,62.92
OUT_08446,194.15
OUT_08447,53.91
OUT_08448,192.8
OUT_08449,625.84
OUT_08450,62.44
OUT_08451,192.63
OUT_08452,1625.44
OUT_08453,53.49
OUT_08454,69.93
OUT_08455,651.23
OUT_08456,56.95
OUT_08457,664.97
OUT_08458,615.1
OUT_08459,189.03
OUT_08460,64.89
OUT_08461,188.92
OUT_08462,62.29
OUT_08463,194.15
OUT_08464,628.26
OUT_08465,188.0
OUT_08466,185.05
OUT_08467,56.07
OUT_08468,210.74
OUT_08469,188.74
OUT_08470,188.86
OUT_08471,44.87
OUT_08472,194.27
OUT_08473,203.73
OUT_08474,655.31
OUT_08475,63.09
OUT_08476,67.33
OUT_08477,664.01
OUT_08478,46.43
OUT_08479,160.16
OUT_08480,186.91
OUT_08481,65.77
OUT_08482,194.32
OUT_08483,58.88
OUT_08484,1477.12
OUT_08485,1680.25
OUT_08486,61.01
OUT_08487,54.34
OUT_08488,65.56
OUT_08489,686.76
OUT_08490,189.76
OUT_08491,198.02
OUT_08492,193.53
OUT_08493,638.17
OUT_08494,57.54
OUT_08495,47.56
OUT_08496,668.37
OUT_08497,62.45
OUT_08498,55.74
OUT_08499,61.95
OUT_08500,54.19
OUT_08501,70.18
OUT_08502,618.27
OUT_08503,49.62
OUT_08504,195.33
OUT_08505,50.37
OUT_08506,680.1
OUT_08507,65.02
OUT_08508,187.59
OUT_08509,55.76
OUT_08510,44.58
OUT_08511,38.63
OUT_08512,636.46
OUT_08513,55.58
OUT_08514,56.0
OUT_08515,193.32
OUT_08516,66.92
OUT_08517,627.97
OUT_08518,192.45
OUT_08519,58.25
OUT_08520,55.55
OUT_08521,68.52
OUT_08522,64.68
OUT_08523,191.89
OUT_08524,239.18
OUT_08525,193.08
OUT_08526,1626.29
OUT_08527,73.88
OUT_08528,55.75
OUT_08529,49.47
OUT_08530,187.81
OUT_08531,68.39
OUT_08532,189.18
OUT_08533,51.57
OUT_08534,58.34
OUT_08535,56.75
OUT_08536,61.24
OUT_08537,636.54
OUT_08538,35.08
OUT_08539,193.3
OUT_08540,624.03
OUT_08541,195.2
OUT_08542,61.02
OUT_08543,390.74
OUT_08544,648.26
OUT_08545,61.29
OUT_08546,53.88
OUT_08547,58.52
OUT_08548,46.68
OUT_08549,1762.81
OUT_08550,628.14
OUT_08551,65.73
OUT_08552,650.95
OUT_08553,184.68
OUT_08554,48.5
OUT_08555,711.08
OUT_08556,193.9
OUT_08557,58.22
OUT_08558,66.21
OUT_08559,613.87
OUT_08560,191.8
OUT_08561,188.55
OUT_08562,53.53
OUT_08563,193.16
OUT_08564,674.76
OUT_08565,690.22
OUT_08566,190.24
OUT_08567,71.27
OUT_08568,657.16
OUT_08569,73.91
OUT_08570,56.99
OUT_08571,66.92
OUT_08572,66.96
OUT_08573,199.0
OUT_08574,192.6
OUT_08575,264.02
OUT_08576,80.06
OUT_08577,178.15
OUT_08578,194.96
OUT_08579,58.29
OUT_08580,55.3
OUT_08581,185.81
OUT_08582,194.95
OUT_08583,1631.94
OUT_08584,55.59
OUT_08585,59.81
OUT_08586,55.47
OUT_08587,52.84
OUT_08588,191.31
OUT_08589,65.16
OUT_08590,194.67
OUT_08591,51.37
OUT_08592,194.23
OUT_08593,60.3
OUT_08594,64.89
OUT_08595,186.77
OUT_08596,193.94
OUT_08597,48.78
OUT_08598,62.7
OUT_08599,65.76
OUT_08600,59.78
OUT_08601,60.03
OUT_08602,192.94
OUT_08603,697.91
OUT_08604,45.04
OUT_08605,71.94
OUT_08606,663.71
OUT_08607,67.02
OUT_08608,195.57
OUT_08609,62.83
OUT_08610,55.92
OUT_08611,190.07
OUT_08612,60.45
OUT_08613,187.42
OUT_08614,1469.57
OUT_08615,65.25
OUT_08616,70.31
OUT_08617,70.39
OUT_08618,239.7
OUT_08619,663.29
OUT_08620,45.74
OUT_08621,62.87
OUT_08622,64.9
OUT_08623,190.25
OUT_08624,67.02
OUT_08625,1627.83
OUT_08626,183.93
OUT_08627,61.4
OUT_08628,57.17
OUT_08629,64.97
OUT_08630,656.46
OUT_08631,652.51
OUT_08632,64.9
OUT_08633,46.19
OUT_08634,49.03
OUT_08635,65.73
OUT_08636,1700.96
OUT_08637,53.54
OUT_08638,199.66
OUT_08639,61.68
OUT_08640,192.82
OUT_08641,193.35
OUT_08642,669.65
OUT_08643,203.96
OUT_08644,60.19
OUT_08645,72.38
OUT_08646,62.21
OUT_08647,663.06
OUT_08648,186.45
OUT_08649,56.84
OUT_08650,196.43
OUT_08651,1642.42
OUT_08652,650.78
OUT_08653,614.09
OUT_08654,60.78
OUT_08655,188.19
OUT_08656,185.74
OUT_08657,192.54
OUT_08658,683.81
OUT_08659,57.82
OUT_08660,1707.69
OUT_08661,51.31
OUT_08662,60.09
OUT_08663,60.41
OUT_08664,51.1
OUT_08665,680.21
OUT_08666,1681.0
OUT_08667,61.24
OUT_08668,56.36
OUT_08669,64.76
OUT_08670,643.74
OUT_08671,65.24
OUT_08672,62.59
OUT_08673,693.86
OUT_08674,193.62
OUT_08675,70.14
OUT_08676,1687.32
OUT_08677,63.62
OUT_08678,58.39
OUT_08679,191.41
OUT_08680,195.52
OUT_08681,45.64
OUT_08682,647.06
OUT_08683,62.65
OUT_08684,54.11
OUT_08685,63.15
OUT_08686,202.06
OUT_08687,72.52
OUT_08688,68.14
OUT_08689,61.34
OUT_08690,57.76
OUT_08691,192.52
OUT_08692,147.66
OUT_08693,190.38
OUT_08694,217.11
OUT_08695,659.48
OUT_08696,74.95
OUT_08697,63.47
OUT_08698,197.45
OUT_08699,214.35
OUT_08700,191.38
OUT_08701,194.94
OUT_08702,199.39
OUT_08703,64.88
OUT_08704,628.31
OUT_08705,188.03
OUT_08706,67.45
OUT_08707,41.89
OUT_08708,641.72
OUT_08709,51.15
OUT_08710,67.13
OUT_08711,51.49
OUT_08712,63.45
OUT_08713,66.68
OUT_08714,198.43
OUT_08715,66.26
OUT_08716,1677.59
OUT_08717,193.49
OUT_08718,57.52
OUT_08719,190.25
OUT_08720,67.13
OUT_08721,702.42
OUT_08722,187.71
OUT_08723,198.85
OUT_08724,45.35
OUT_08725,61.46
OUT_08726,58.36
OUT_08727,62.88
OUT_08728,194.61
OUT_08729,62.47
OUT_08730,63.26
OUT_08731,68.23
OUT_08732,49.7
OUT_08733,53.9
OUT_08734,67.15
OUT_08735,194.05
OUT_08736,636.11
OUT_08737,58.21
OUT_08738,186.78
OUT_08739,1656.63
OUT_08740,60.37
OUT_08741,62.63
OUT_08742,63.56
OUT_08743,69.46
OUT_08744,55.94
OUT_08745,168.98
OUT_08746,60.43
OUT_08747,65.15
OUT_08748,49.19
OUT_08749,200.78
OUT_08750,192.23
OUT_08751,193.97
OUT_08752,67.93
OUT_08753,652.42
OUT_08754,54.19
OUT_08755,61.51
OUT_08756,672.25
OUT_08757,55.94
OUT_08758,58.46
OUT_08759,652.77
OUT_08760,72.17
OUT_08761,644.27
OUT_08762,72.64
OUT_08763,203.42
OUT_08764,627.95
OUT_08765,56.9
OUT_08766,58.39
OUT_08767,621.02
OUT_08768,60.42
OUT_08769,63.38
OUT_08770,194.24
OUT_08771,192.48
OUT_08772,185.42
OUT_08773,60.77
OUT_08774,62.62
OUT_08775,188.59
OUT_08776,634.84
OUT_08777,64.7
OUT_08778,60.91
OUT_08779,64.35
OUT_08780,644.98
OUT_08781,178.97
OUT_08782,191.78
OUT_08783,651.85
OUT_08784,193.33
OUT_08785,636.83
OUT_08786,65.44
OUT_08787,191.27
OUT_08788,54.05
OUT_08789,635.99
OUT_08790,61.44
OUT_08791,193.02
OUT_08792,58.21
OUT_08793,61.62
OUT_08794,191.39
OUT_08795,63.13
OUT_08796,74.4
OUT_08797,65.85
OUT_08798,59.1
OUT_08799,63.78
OUT_08800,63.54
OUT_08801,188.96
OUT_08802,47.25
OUT_08803,193.71
OUT_08804,55.94
OUT_08805,1677.73
OUT_08806,38.9
OUT_08807,193.77
OUT_08808,183.98
OUT_08809,51.24
OUT_08810,54.11
OUT_08811,65.23
OUT_08812,55.36
OUT_08813,72.22
OUT_08814,70.22
OUT_08815,654.2
OUT_08816,60.99
OUT_08817,194.38
OUT_08818,192.64
OUT_08819,192.23
OUT_08820,63.25
OUT_08821,196.78
OUT_08822,195.68
OUT_08823,185.52
OUT_08824,64.8
OUT_08825,70.65
OUT_08826,672.63
OUT_08827,1647.42
OUT_08828,55.48
OUT_08829,51.46
OUT_08830,61.19
OUT_08831,1678.49
OUT_08832,75.03
OUT_08833,62.73
OUT_08834,99.77
OUT_08835,1675.48
OUT_08836,56.64
OUT_08837,184.1
OUT_08838,207.03
OUT_08839,62.72
OUT_08840,637.92
OUT_08841,637.58
OUT_08842,55.53
OUT_08843,679.65
OUT_08844,194.06
OUT_08845,187.42
OUT_08846,197.58
OUT_08847,185.02
OUT_08848,192.26
OUT_08849,200.31
OUT_08850,671.23
OUT_08851,73.15
OUT_08852,61.35
OUT_08853,662.31
OUT_08854,64.93
OUT_08855,666.59
OUT_08856,65.33
OUT_08857,193.49
OUT_08858,187.45
OUT_08859,60.63
OUT_08860,658.58
OUT_08861,39.79
OUT_08862,40.55
OUT_08863,51.55
OUT_08864,57.13
OUT_08865,189.22
OUT_08866,60.59
OUT_08867,55.79
OUT_08868,66.07
OUT_08869,176.72
OUT_08870,64.6
OUT_08871,641.31
OUT_08872,1636.36
OUT_08873,64.84
OUT_08874,62.43
OUT_08875,193.02
OUT_08876,61.31
OUT_08877,656.58
OUT_08878,148.96
OUT_08879,194.54
OUT_08880,64.98
OUT_08881,65.54
OUT_08882,65.5
OUT_08883,621.98
OUT_08884,630.75
OUT_08885,62.62
OUT_08886,630.11
OUT_08887,190.53
OUT_08888,55.96
OUT_08889,34.89
OUT_08890,62.62
OUT_08891,627.82
OUT_08892,194.54
OUT_08893,186.2
OUT_08894,70.73
OUT_08895,709.04
OUT_08896,72.21
OUT_08897,195.63
OUT_08898,636.82
OUT_08899,190.87
OUT_08900,54.33
OUT_08901,60.31
OUT_08902,189.33
OUT_08903,44.6
OUT_08904,70.63
OUT_08905,41.71
OUT_08906,200.8
OUT_08907,193.03
OUT_08908,58.26
OUT_08909,55.51
OUT_08910,612.05
OUT_08911,62.92
OUT_08912,193.21
OUT_08913,692.61
OUT_08914,638.8
OUT_08915,65.29
OUT_08916,48.57
OUT_08917,67.1
OUT_08918,195.39
OUT_08919,60.43
OUT_08920,58.38
OUT_08921,668.22
OUT_08922,188.2
OUT_08923,43.18
OUT_08924,193.04
OUT_08925,673.69
OUT_08926,73.76
OUT_08927,239.96
OUT_08928,654.88
OUT_08929,1678.33
OUT_08930,67.11
OUT_08931,61.31
OUT_08932,72.18
OUT_08933,194.17
OUT_08934,224.79
OUT_08935,188.13
OUT_08936,61.55
OUT_08937,64.82
OUT_08938,662.22
OUT_08939,63.01
OUT_08940,49.57
OUT_08941,59.62
OUT_08942,73.57
OUT_08943,61.19
OUT_08944,614.79
OUT_08945,61.32
OUT_08946,641.43
OUT_08947,637.5
OUT_08948,55.91
OUT_08949,195.02
OUT_08950,193.63
OUT_08951,70.3
OUT_08952,58.24
OUT_08953,46.97
OUT_08954,61.46
OUT_08955,43.12
OUT_08956,53.96
OUT_08957,55.5
OUT_08958,705.91
OUT_08959,189.56
OUT_08960,54.39
OUT_08961,57.15
OUT_08962,65.16
OUT_08963,43.24
OUT_08964,662.58
OUT_08965,688.48
OUT_08966,186.82
OUT_08967,61.42
OUT_08968,180.02
OUT_08969,628.15
OUT_08970,192.53
OUT_08971,70.31
OUT_08972,65.9
OUT_08973,61.23
OUT_08974,196.51
OUT_08975,65.42
OUT_08976,63.37
OUT_08977,60.14
OUT_08978,673.09
OUT_08979,679.16
OUT_08980,66.04
OUT_08981,70.33
OUT_08982,51.07
OUT_08983,197.53
OUT_08984,72.53
OUT_08985,67.5
OUT_08986,647.02
OUT_08987,194.21
OUT_08988,69.85
OUT_08989,67.01
OUT_08990,58.23
OUT_08991,192.43
OUT_08992,672.69
OUT_08993,59.92
OUT_08994,194.65
OUT_08995,1669.3
OUT_08996,51.51
OUT_08997,176.64
OUT_08998,203.66
OUT_08999,196.97
OUT_09000,67.1
OUT_09001,54.33
OUT_09002,70.25
OUT_09003,63.49
OUT_09004,68.27
OUT_09005,67.56
OUT_09006,1725.88
OUT_09007,1726.46
OUT_09008,60.57
OUT_09009,50.44
OUT_09010,733.14
OUT_09011,755.41
OUT_09012,1712.42
OUT_09013,70.22
OUT_09014,719.27
OUT_09015,1729.29
OUT_09016,70.65
OUT_09017,63.18
OUT_09018,75.09
OUT_09019,70.54
OUT_09020,46.71
OUT_09021,72.92
OUT_09022,224.46
OUT_09023,59.19
OUT_09024,1728.98
OUT_09025,202.45
OUT_09026,65.69
OUT_09027,65.82
OUT_09028,204.98
OUT_09029,51.95
OUT_09030,64.92
OUT_09031,67.05
OUT_09032,209.37
OUT_09033,67.37
OUT_09034,229.31
OUT_09035,202.8
OUT_09036,1729.27
OUT_09037,63.07
OUT_09038,209.01
OUT_09039,654.7
OUT_09040,62.87
OUT_09041,204.49
OUT_09042,724.97
OUT_09043,710.47
OUT_09044,205.75
OUT_09045,223.61
OUT_09046,62.9
OUT_09047,683.3
OUT_09048,715.44
OUT_09049,41.32
OUT_09050,665.7
OUT_09051,744.48
OUT_09052,67.95
OUT_09053,210.12
OUT_09054,204.96
OUT_09055,57.77
OUT_09056,193.45
OUT_09057,197.95
OUT_09058,707.49
OUT_09059,72.91
OUT_09060,69.93
OUT_09061,69.73
OUT_09062,75.75
OUT_09063,70.96
OUT_09064,740.81
OUT_09065,205.59
OUT_09066,35.36
OUT_09067,59.12
OUT_09068,763.08
OUT_09069,216.68
OUT_09070,750.21
OUT_09071,754.22
OUT_09072,1733.85
OUT_09073,210.24
OUT_09074,751.95
OUT_09075,76.02
OUT_09076,204.41
OUT_09077,70.26
OUT_09078,204.26
OUT_09079,196.41
OUT_09080,66.06
OUT_09081,754.13
OUT_09082,72.51
OUT_09083,202.33
OUT_09084,62.82
OUT_09085,67.69
OUT_09086,63.12
OUT_09087,57.74
OUT_09088,73.57
OUT_09089,672.05
OUT_09090,211.66
OUT_09091,203.47
OUT_09092,65.05
OUT_09093,709.7
OUT_09094,205.14
OUT_09095,217.13
OUT_09096,195.29
OUT_09097,745.05
OUT_09098,72.96
OUT_09099,205.31
OUT_09100,214.47
OUT_09101,215.17
OUT_09102,204.07
OUT_09103,65.9
OUT_09104,728.24
OUT_09105,67.74
OUT_09106,209.84
OUT_09107,65.17
OUT_09108,192.36
OUT_09109,72.52
OUT_09110,679.75
OUT_09111,1719.84
OUT_09112,204.16
OUT_09113,76.61
OUT_09114,210.38
OUT_09115,57.36
OUT_09116,73.99
OUT_09117,203.27
OUT_09118,57.17
OUT_09119,193.52
OUT_09120,664.92
OUT_09121,76.15
OUT_09122,750.24
OUT_09123,203.22
OUT_09124,67.38
OUT_09125,57.16
OUT_09126,70.72
OUT_09127,68.18
OUT_09128,213.11
OUT_09129,61.15
OUT_09130,63.23
OUT_09131,238.8
OUT_09132,62.95
OUT_09133,68.53
OUT_09134,744.45
OUT_09135,67.53
OUT_09136,76.06
OUT_09137,67.26
OUT_09138,69.79
OUT_09139,205.22
OUT_09140,68.39
OUT_09141,76.02
OUT_09142,206.77
OUT_09143,209.91
OUT_09144,72.72
OUT_09145,61.49
OUT_09146,218.78
OUT_09147,66.58
OUT_09148,67.13
OUT_09149,60.59
OUT_09150,65.28
OUT_09151,744.76
OUT_09152,67.85
OUT_09153,67.42
OUT_09154,211.35
OUT_09155,62.99
OUT_09156,66.03
OUT_09157,65.37
OUT_09158,198.66
OUT_09159,203.9
OUT_09160,38.5
OUT_09161,55.56
OUT_09162,65.9
OUT_09163,61.39
OUT_09164,202.84
OUT_09165,202.34
OUT_09166,62.79
OUT_09167,200.83
OUT_09168,75.96
OUT_09169,65.22
OUT_09170,696.7
OUT_09171,68.58
OUT_09172,198.5
OUT_09173,67.66
OUT_09174,201.56
OUT_09175,203.94
OUT_09176,57.16
OUT_09177,61.53
OUT_09178,77.83
OUT_09179,59.17
OUT_09180,207.5
OUT_09181,203.98
OUT_09182,229.99
OUT_09183,685.55
OUT_09184,60.68
OUT_09185,646.55
OUT_09186,714.02
OUT_09187,201.26
OUT_09188,201.14
OUT_09189,72.56
OUT_09190,203.97
OUT_09191,742.36
OUT_09192,209.28
OUT_09193,51.55
OUT_09194,70.27
OUT_09195,67.32
OUT_09196,59.89
OUT_09197,204.45
OUT_09198,724.28
OUT_09199,67.12
OUT_09200,691.93
OUT_09201,207.21
OUT_09202,60.59
OUT_09203,55.74
OUT_09204,202.72
OUT_09205,58.69
OUT_09206,67.48
OUT_09207,752.72
OUT_09208,56.69
OUT_09209,63.02
OUT_09210,209.91
OUT_09211,209.91
OUT_09212,72.87
OUT_09213,213.26
OUT_09214,1703.11
OUT_09215,723.54
OUT_09216,1726.83
OUT_09217,762.67
OUT_09218,54.37
OUT_09219,191.79
OUT_09220,198.82
OUT_09221,1732.91
OUT_09222,67.31
OUT_09223,72.5
OUT_09224,192.76
OUT_09225,60.72
OUT_09226,72.68
OUT_09227,63.09
OUT_09228,56.28
OUT_09229,210.49
OUT_09230,73.11
OUT_09231,57.79
OUT_09232,714.59
OUT_09233,700.99
OUT_09234,73.35
OUT_09235,61.35
OUT_09236,750.24
OUT_09237,73.62
OUT_09238,214.45
OUT_09239,67.4
OUT_09240,66.08
OUT_09241,193.17
OUT_09242,72.35
OUT_09243,739.54
OUT_09244,213.71
OUT_09245,70.66
OUT_09246,53.16
OUT_09247,61.54
OUT_09248,53.24
OUT_09249,70.27
OUT_09250,202.82
OUT_09251,62.99
OUT_09252,65.95
OUT_09253,205.4
OUT_09254,68.06
OUT_09255,206.95
OUT_09256,198.66
OUT_09257,1744.32
OUT_09258,67.25
OUT_09259,739.44
OUT_09260,68.09
OUT_09261,61.11
OUT_09262,715.07
OUT_09263,714.84
OUT_09264,45.36
OUT_09265,701.02
OUT_09266,56.1
OUT_09267,205.51
OUT_09268,46.81
OUT_09269,72.92
OUT_09270,72.91
OUT_09271,209.92
OUT_09272,210.72
OUT_09273,68.71
OUT_09274,1716.27
OUT_09275,1728.75
OUT_09276,67.44
OUT_09277,203.62
OUT_09278,72.56
OUT_09279,59.05
OUT_09280,70.4
OUT_09281,57.64
OUT_09282,58.32
OUT_09283,204.87
OUT_09284,188.52
OUT_09285,58.56
OUT_09286,202.33
OUT_09287,60.71
OUT_09288,642.04
OUT_09289,75.73
OUT_09290,67.12
OUT_09291,218.57
OUT_09292,65.92
OUT_09293,198.52
OUT_09294,205.51
OUT_09295,61.6
OUT_09296,65.97
OUT_09297,701.81
OUT_09298,61.71
OUT_09299,64.99
OUT_09300,66.78
OUT_09301,205.43
OUT_09302,202.54
OUT_09303,1722.4
OUT_09304,762.67
OUT_09305,72.41
OUT_09306,71.22
OUT_09307,746.67
OUT_09308,48.81
OUT_09309,62.86
OUT_09310,1722.78
OUT_09311,57.67
OUT_09312,72.47
OUT_09313,70.55
OUT_09314,210.7
OUT_09315,203.86
OUT_09316,205.12
OUT_09317,753.1
OUT_09318,647.62
OUT_09319,204.17
OUT_09320,739.46
OUT_09321,60.17
OUT_09322,72.9
OUT_09323,1697.7
OUT_09324,187.33
OUT_09325,39.9
OUT_09326,72.37
OUT_09327,62.91
OUT_09328,70.9
OUT_09329,47.13
OUT_09330,70.46
OUT_09331,199.6
OUT_09332,760.33
OUT_09333,62.68
OUT_09334,62.94
OUT_09335,55.7
OUT_09336,773.77
OUT_09337,65.95
OUT_09338,66.98
OUT_09339,74.49
OUT_09340,704.92
OUT_09341,70.82
OUT_09342,718.49
OUT_09343,195.42
OUT_09344,55.71
OUT_09345,62.89
OUT_09346,67.39
OUT_09347,199.02
OUT_09348,70.99
OUT_09349,203.29
OUT_09350,68.43
OUT_09351,203.75
OUT_09352,57.02
OUT_09353,68.33
OUT_09354,729.73
OUT_09355,201.47
OUT_09356,60.94
OUT_09357,668.07
OUT_09358,61.11
OUT_09359,72.56
OUT_09360,47.27
OUT_09361,62.96
OUT_09362,74.75
OUT_09363,68.63
OUT_09364,35.34
OUT_09365,732.54
OUT_09366,58.46
OUT_09367,62.9
OUT_09368,74.5
OUT_09369,1722.95
OUT_09370,190.14
OUT_09371,74.52
OUT_09372,209.27
OUT_09373,209.74
OUT_09374,60.35
OUT_09375,67.11
OUT_09376,65.05
OUT_09377,758.41
OUT_09378,61.56
OUT_09379,195.23
OUT_09380,205.81
OUT_09381,72.51
OUT_09382,202.15
OUT_09383,211.75
OUT_09384,67.77
OUT_09385,210.29
OUT_09386,210.26
OUT_09387,72.61
OUT_09388,199.45
OUT_09389,58.41
OUT_09390,1744.46
OUT_09391,205.08
OUT_09392,51.89
OUT_09393,73.62
OUT_09394,193.94
OUT_09395,60.55
OUT_09396,202.22
OUT_09397,199.61
OUT_09398,199.4
OUT_09399,215.43
OUT_09400,745.26
OUT_09401,206.17
OUT_09402,63.41
OUT_09403,67.78
OUT_09404,208.21
OUT_09405,203.09
OUT_09406,61.54
OUT_09407,728.53
OUT_09408,68.36
OUT_09409,68.33
OUT_09410,733.83
OUT_09411,190.15
OUT_09412,63.75
OUT_09413,63.06
OUT_09414,206.41
OUT_09415,70.6
OUT_09416,48.88
OUT_09417,203.58
OUT_09418,209.17
OUT_09419,72.09
OUT_09420,67.86
OUT_09421,72.68
OUT_09422,1720.26
OUT_09423,193.37
OUT_09424,222.31
OUT_09425,202.5
OUT_09426,41.67
OUT_09427,194.15
OUT_09428,65.44
OUT_09429,210.06
OUT_09430,210.39
OUT_09431,60.59
OUT_09432,58.15
OUT_09433,65.25
OUT_09434,68.21
OUT_09435,68.22
OUT_09436,210.43
OUT_09437,68.21
OUT_09438,70.76
OUT_09439,207.11
OUT_09440,66.04
OUT_09441,68.01
OUT_09442,204.3
OUT_09443,75.02
OUT_09444,73.21
OUT_09445,1714.25
OUT_09446,203.75
OUT_09447,205.88
OUT_09448,714.48
OUT_09449,55.62
OUT_09450,679.4
OUT_09451,77.7
OUT_09452,67.4
OUT_09453,75.1
OUT_09454,77.46
OUT_09455,195.61
OUT_09456,70.17
OUT_09457,62.67
OUT_09458,194.56
OUT_09459,60.41
OUT_09460,72.46
OUT_09461,197.25
OUT_09462,63.41
OUT_09463,722.48
OUT_09464,68.16
OUT_09465,64.86
OUT_09466,203.48
OUT_09467,68.18
OUT_09468,68.12
OUT_09469,654.4
OUT_09470,209.71
OUT_09471,209.33
OUT_09472,67.77
OUT_09473,60.69
OUT_09474,61.14
OUT_09475,67.02
OUT_09476,743.81
OUT_09477,750.82
OUT_09478,67.29
OUT_09479,197.82
OUT_09480,203.59
OUT_09481,209.94
OUT_09482,1724.63
OUT_09483,67.32
OUT_09484,679.66
OUT_09485,40.34
OUT_09486,55.33
OUT_09487,742.15
OUT_09488,44.81
OUT_09489,70.62
OUT_09490,67.45
OUT_09491,728.79
OUT_09492,211.69
OUT_09493,65.14
OUT_09494,67.37
OUT_09495,205.58
OUT_09496,62.85
OUT_09497,59.67
OUT_09498,195.47
OUT_09499,61.49
OUT_09500,45.1
OUT_09501,1720.69
OUT_09502,62.9
OUT_09503,67.36
OUT_09504,64.81
OUT_09505,204.49
OUT_09506,62.73
OUT_09507,202.52
OUT_09508,212.13
OUT_09509,758.48
OUT_09510,202.72
OUT_09511,65.15
OUT_09512,56.49
OUT_09513,65.35
OUT_09514,65.07
OUT_09515,730.5
OUT_09516,69.23
OUT_09517,67.36
OUT_09518,208.84
OUT_09519,685.62
OUT_09520,200.5
OUT_09521,76.28
OUT_09522,58.48
OUT_09523,1719.0
OUT_09524,200.01
OUT_09525,209.78
OUT_09526,72.04
OUT_09527,70.52
OUT_09528,75.18
OUT_09529,204.05
OUT_09530,52.8
OUT_09531,62.65
OUT_09532,43.09
OUT_09533,1732.42
OUT_09534,68.2
OUT_09535,63.11
OUT_09536,72.98
OUT_09537,202.18
OUT_09538,70.68
OUT_09539,73.3
OUT_09540,726.39
OUT_09541,202.16
OUT_09542,203.36
OUT_09543,202.37
OUT_09544,70.12
OUT_09545,205.48
OUT_09546,63.37
OUT_09547,209.28
OUT_09548,691.91
OUT_09549,46.7
OUT_09550,209.67
OUT_09551,207.57
OUT_09552,744.72
OUT_09553,203.33
OUT_09554,69.39
OUT_09555,64.84
OUT_09556,67.47
OUT_09557,67.28
OUT_09558,61.55
OUT_09559,212.86
OUT_09560,63.64
OUT_09561,51.9
OUT_09562,61.6
OUT_09563,48.48
OUT_09564,58.65
OUT_09565,72.63
OUT_09566,64.92
OUT_09567,211.68
OUT_09568,668.06
OUT_09569,212.87
OUT_09570,720.15
OUT_09571,60.26
OUT_09572,204.32
OUT_09573,204.21
OUT_09574,61.61
OUT_09575,53.03
OUT_09576,672.27
OUT_09577,63.57
OUT_09578,212.14
OUT_09579,701.86
OUT_09580,70.54
OUT_09581,743.99
OUT_09582,1734.84
OUT_09583,691.81
OUT_09584,62.82
OUT_09585,698.53
OUT_09586,1719.79
OUT_09587,66.01
OUT_09588,202.54
OUT_09589,206.86
OUT_09590,224.66
OUT_09591,197.09
OUT_09592,1712.43
OUT_09593,72.48
OUT_09594,202.71
OUT_09595,207.93
OUT_09596,76.63
OUT_09597,203.69
OUT_09598,62.35
OUT_09599,57.98
OUT_09600,757.52
OUT_09601,67.14
OUT_09602,67.65
OUT_09603,742.08
OUT_09604,62.84
OUT_09605,234.4
OUT_09606,198.11
OUT_09607,724.7
OUT_09608,1717.7
OUT_09609,65.73
OUT_09610,205.58
OUT_09611,74.52
OUT_09612,78.38
OUT_09613,55.56
OUT_09614,659.98
OUT_09615,206.44
OUT_09616,51.07
OUT_09617,67.47
OUT_09618,200.7
OUT_09619,62.61
OUT_09620,204.69
OUT_09621,51.73
OUT_09622,206.61
OUT_09623,53.66
OUT_09624,66.03
OUT_09625,59.72
OUT_09626,204.0
OUT_09627,212.93
OUT_09628,73.2
OUT_09629,196.0
OUT_09630,63.95
OUT_09631,196.27
OUT_09632,65.72
OUT_09633,205.36
OUT_09634,1699.57
OUT_09635,201.31
OUT_09636,739.51
OUT_09637,726.17
OUT_09638,70.19
OUT_09639,72.55
OUT_09640,70.65
OUT_09641,57.03
OUT_09642,63.05
OUT_09643,205.26
OUT_09644,65.01
OUT_09645,70.47
OUT_09646,67.43
OUT_09647,205.08
OUT_09648,670.68
OUT_09649,196.69
OUT_09650,67.08
OUT_09651,61.75
OUT_09652,72.57
OUT_09653,209.58
OUT_09654,205.74
OUT_09655,65.15
OUT_09656,718.04
OUT_09657,60.58
OUT_09658,65.1
OUT_09659,63.67
OUT_09660,203.39
OUT_09661,204.21
OUT_09662,44.83
OUT_09663,72.64
OUT_09664,57.97
OUT_09665,207.92
OUT_09666,62.2
OUT_09667,208.5
OUT_09668,210.37
OUT_09669,70.27
OUT_09670,205.96
OUT_09671,201.05
OUT_09672,70.62
OUT_09673,192.66
OUT_09674,47.08
OUT_09675,62.8
OUT_09676,246.01
OUT_09677,77.44
OUT_09678,70.26
OUT_09679,56.14
OUT_09680,203.34
OUT_09681,60.35
OUT_09682,735.08
OUT_09683,204.1
OUT_09684,62.94
OUT_09685,67.41
OUT_09686,69.84
OUT_09687,63.6
OUT_09688,209.76
OUT_09689,63.08
OUT_09690,70.52
OUT_09691,67.75
OUT_09692,64.71
OUT_09693,204.57
OUT_09694,724.23
OUT_09695,193.03
OUT_09696,70.29
OUT_09697,209.0
OUT_09698,210.89
OUT_09699,68.18
OUT_09700,61.05
OUT_09701,67.17
OUT_09702,64.95
OUT_09703,67.42
OUT_09704,48.86
OUT_09705,198.93
OUT_09706,69.93
OUT_09707,1738.35
OUT_09708,72.68
OUT_09709,38.45
OUT_09710,1698.58
OUT_09711,210.45
OUT_09712,202.25
OUT_09713,73.53
OUT_09714,67.34
OUT_09715,1708.09
OUT_09716,705.06
OUT_09717,733.25
OUT_09718,669.71
OUT_09719,751.62
OUT_09720,73.53
OUT_09721,204.11
OUT_09722,67.49
OUT_09723,202.58
OUT_09724,61.15
OUT_09725,70.45
OUT_09726,67.72
OUT_09727,1719.58
OUT_09728,72.54
OUT_09729,70.71
OUT_09730,62.99
OUT_09731,1733.83
OUT_09732,67.59
OUT_09733,67.58
OUT_09734,61.67
OUT_09735,65.15
OUT_09736,208.61
OUT_09737,70.76
OUT_09738,70.79
OUT_09739,63.55
OUT_09740,67.68
OUT_09741,55.66
OUT_09742,209.65
OUT_09743,72.62
OUT_09744,72.59
OUT_09745,72.88
OUT_09746,47.1
OUT_09747,64.72
OUT_09748,748.62
OUT_09749,60.19
OUT_09750,1732.73
OUT_09751,44.02
OUT_09752,67.35
OUT_09753,67.18
OUT_09754,202.42
OUT_09755,715.19
OUT_09756,201.42
OUT_09757,60.58
OUT_09758,201.8
OUT_09759,61.68
OUT_09760,70.25
OUT_09761,69.48
OUT_09762,758.35
OUT_09763,743.6
OUT_09764,201.82
OUT_09765,73.14
OUT_09766,205.81
OUT_09767,72.89
OUT_09768,745.49
OUT_09769,67.86
OUT_09770,205.98
OUT_09771,63.61
OUT_09772,689.64
OUT_09773,207.2
OUT_09774,748.88
OUT_09775,45.12
OUT_09776,63.33
OUT_09777,204.9
OUT_09778,1702.76
OUT_09779,204.71
OUT_09780,1712.62
OUT_09781,62.96
OUT_09782,208.67
OUT_09783,745.71
OUT_09784,209.78
OUT_09785,62.88
OUT_09786,198.86
OUT_09787,738.74
OUT_09788,718.05
OUT_09789,61.56
OUT_09790,62.86
OUT_09791,65.13
OUT_09792,759.75
OUT_09793,70.49
OUT_09794,45.61
OUT_09795,717.56
OUT_09796,72.91
OUT_09797,67.8
OUT_09798,389.57
OUT_09799,199.9
OUT_09800,76.12
OUT_09801,67.82
OUT_09802,199.77
OUT_09803,73.53
OUT_09804,55.56
OUT_09805,67.47
OUT_09806,658.13
OUT_09807,203.87
OUT_09808,739.09
OUT_09809,65.07
OUT_09810,67.57
OUT_09811,726.05
OUT_09812,1710.81
OUT_09813,655.23
OUT_09814,56.16
OUT_09815,230.14
OUT_09816,69.17
OUT_09817,1715.9
OUT_09818,58.68
OUT_09819,67.33
OUT_09820,73.58
OUT_09821,71.17
OUT_09822,65.78
OUT_09823,202.95
OUT_09824,61.62
OUT_09825,76.42
OUT_09826,74.51
OUT_09827,194.06
OUT_09828,210.68
OUT_09829,697.41
OUT_09830,195.05
OUT_09831,39.92
OUT_09832,65.11
OUT_09833,58.41
OUT_09834,74.98
OUT_09835,201.9
OUT_09836,62.86
OUT_09837,1742.62
OUT_09838,62.95
OUT_09839,72.54
OUT_09840,740.38
OUT_09841,72.92
OUT_09842,76.4
OUT_09843,59.0
OUT_09844,68.56
OUT_09845,78.48
OUT_09846,68.39
OUT_09847,202.14
OUT_09848,192.09
OUT_09849,72.56
OUT_09850,56.43
OUT_09851,208.28
OUT_09852,210.64
OUT_09853,72.81
OUT_09854,54.14
OUT_09855,75.27
OUT_09856,49.13
OUT_09857,206.46
OUT_09858,54.65
OUT_09859,726.87
OUT_09860,67.59
OUT_09861,748.93
OUT_09862,203.75
OUT_09863,193.45
OUT_09864,75.05
OUT_09865,67.38
OUT_09866,68.22
OUT_09867,208.65
OUT_09868,766.01
OUT_09869,61.86
OUT_09870,203.25
OUT_09871,198.97
OUT_09872,73.64
OUT_09873,63.94
OUT_09874,755.24
OUT_09875,68.33
OUT_09876,201.62
OUT_09877,739.78
OUT_09878,55.68
OUT_09879,72.35
OUT_09880,68.09
OUT_09881,200.69
OUT_09882,195.52
OUT_09883,200.77
OUT_09884,77.61
OUT_09885,69.64
OUT_09886,67.88
OUT_09887,195.26
OUT_09888,69.32
OUT_09889,61.01
OUT_09890,199.86
OUT_09891,69.96
OUT_09892,41.33
OUT_09893,202.22
OUT_09894,76.05
OUT_09895,72.68
OUT_09896,198.76
OUT_09897,62.71
OUT_09898,65.08
OUT_09899,51.69
OUT_09900,202.17
OUT_09901,45.58
OUT_09902,65.51
OUT_09903,1709.45
OUT_09904,39.9
OUT_09905,61.56
OUT_09906,70.79
OUT_09907,210.06
OUT_09908,214.17
OUT_09909,72.63
OUT_09910,64.95
OUT_09911,659.25
OUT_09912,695.06
OUT_09913,206.24
OUT_09914,717.91
OUT_09915,204.1
OUT_09916,200.11
OUT_09917,204.52
OUT_09918,56.0
OUT_09919,76.52
OUT_09920,73.04
OUT_09921,72.69
OUT_09922,1737.93
OUT_09923,61.57
OUT_09924,205.82
OUT_09925,204.26
OUT_09926,72.98
OUT_09927,208.61
OUT_09928,59.37
OUT_09929,205.01
OUT_09930,204.14
OUT_09931,73.15
OUT_09932,395.06
OUT_09933,1726.99
OUT_09934,750.36
OUT_09935,732.23
OUT_09936,72.35
OUT_09937,780.38
OUT_09938,58.58
OUT_09939,198.19
OUT_09940,70.2
OUT_09941,57.78
OUT_09942,62.97
OUT_09943,196.58
OUT_09944,61.14
OUT_09945,61.53
OUT_09946,744.6
OUT_09947,205.04
OUT_09948,77.3
OUT_09949,62.86
OUT_09950,69.76
OUT_09951,67.57
OUT_09952,732.93
OUT_09953,212.02
OUT_09954,47.0
OUT_09955,67.93
OUT_09956,202.62
OUT_09957,196.4
OUT_09958,72.57
OUT_09959,196.42
OUT_09960,79.48
OUT_09961,749.56
OUT_09962,69.97
OUT_09963,710.78
OUT_09964,184.97
OUT_09965,65.15
OUT_09966,746.92
OUT_09967,73.91
OUT_09968,193.57
OUT_09969,67.54
OUT_09970,68.31
OUT_09971,51.56
OUT_09972,218.31
OUT_09973,76.11
OUT_09974,59.37
OUT_09975,61.44
OUT_09976,57.97
OUT_09977,731.13
OUT_09978,204.88
OUT_09979,735.29
OUT_09980,69.06
OUT_09981,71.13
OUT_09982,1726.7
OUT_09983,72.08
OUT_09984,199.39
OUT_09985,210.23
OUT_09986,211.2
OUT_09987,651.17
OUT_09988,209.93
OUT_09989,750.6
OUT_09990,200.81
OUT_09991,62.84
OUT_09992,62.97
OUT_09993,67.07
OUT_09994,72.99
OUT_09995,57.22
OUT_09996,204.47
OUT_09997,192.89
OUT_09998,202.69
OUT_09999,47.51
OUT_10000,187.39
OUT_10001,59.15
OUT_10002,209.42
OUT_10003,200.76
OUT_10004,76.17
OUT_10005,61.57
OUT_10006,694.31
OUT_10007,1732.38
OUT_10008,42.29
OUT_10009,215.35
OUT_10010,67.77
OUT_10011,693.91
OUT_10012,58.51
OUT_10013,73.32
OUT_10014,67.53
OUT_10015,51.55
OUT_10016,75.84
OUT_10017,238.34
OUT_10018,61.51
OUT_10019,205.06
OUT_10020,67.39
OUT_10021,211.08
OUT_10022,196.32
OUT_10023,1717.67
OUT_10024,74.94
OUT_10025,204.8
OUT_10026,195.17
OUT_10027,62.45
OUT_10028,66.01
OUT_10029,40.34
OUT_10030,204.94
OUT_10031,70.51
OUT_10032,66.04
OUT_10033,77.62
OUT_10034,731.87
OUT_10035,72.65
OUT_10036,217.22
OUT_10037,204.93
OUT_10038,201.43
OUT_10039,61.48
OUT_10040,201.25
OUT_10041,751.61
OUT_10042,719.68
OUT_10043,204.25
OUT_10044,55.68
OUT_10045,66.83
OUT_10046,202.43
OUT_10047,67.14
OUT_10048,733.04
OUT_10049,65.48
OUT_10050,75.06
OUT_10051,1723.13
OUT_10052,63.9
OUT_10053,55.49
OUT_10054,60.53
OUT_10055,750.09
OUT_10056,70.71
OUT_10057,208.44
OUT_10058,666.62
OUT_10059,70.03
OUT_10060,752.12
OUT_10061,65.09
OUT_10062,72.64
OUT_10063,197.43
OUT_10064,238.6
OUT_10065,64.95
OUT_10066,70.42
OUT_10067,205.86
OUT_10068,221.25
OUT_10069,187.62
OUT_10070,61.07
OUT_10071,77.62
OUT_10072,62.76
OUT_10073,72.52
OUT_10074,205.49
OUT_10075,56.13
OUT_10076,721.83
OUT_10077,67.28
OUT_10078,197.51
OUT_10079,44.63
OUT_10080,74.54
OUT_10081,64.82
OUT_10082,202.68
OUT_10083,202.83
OUT_10084,70.43
OUT_10085,73.04
OUT_10086,198.16
OUT_10087,66.02
OUT_10088,753.94
OUT_10089,203.01
OUT_10090,697.66
OUT_10091,210.78
OUT_10092,63.05
OUT_10093,74.96
OUT_10094,60.9
OUT_10095,194.51
OUT_10096,704.62
OUT_10097,59.19
OUT_10098,64.88
OUT_10099,61.12
OUT_10100,67.68
OUT_10101,206.47
OUT_10102,63.04
OUT_10103,201.5
OUT_10104,756.93
OUT_10105,1704.95
OUT_10106,49.5
OUT_10107,745.86
OUT_10108,740.43
OUT_10109,55.7
OUT_10110,215.78
OUT_10111,203.24
OUT_10112,47.78
OUT_10113,60.77
OUT_10114,204.69
OUT_10115,67.2
OUT_10116,1703.91
OUT_10117,65.93
OUT_10118,72.43
OUT_10119,204.19
OUT_10120,210.71
OUT_10121,197.4
OUT_10122,70.26
OUT_10123,208.27
OUT_10124,736.17
OUT_10125,63.19
OUT_10126,55.26
OUT_10127,249.5
OUT_10128,215.81
OUT_10129,72.65
OUT_10130,695.52
OUT_10131,1736.6
OUT_10132,189.23
OUT_10133,194.55
OUT_10134,710.16
OUT_10135,41.78
OUT_10136,67.37
OUT_10137,62.92
OUT_10138,72.89
OUT_10139,204.7
OUT_10140,775.34
OUT_10141,199.41
OUT_10142,1729.14
OUT_10143,63.01
OUT_10144,183.99
OUT_10145,203.86
OUT_10146,211.34
OUT_10147,71.0
OUT_10148,205.67
OUT_10149,188.89
OUT_10150,64.92
OUT_10151,63.12
OUT_10152,70.55
OUT_10153,199.36
OUT_10154,195.92
OUT_10155,204.04
OUT_10156,61.53
OUT_10157,748.15
OUT_10158,76.53
OUT_10159,758.54
OUT_10160,192.62
OUT_10161,204.52
OUT_10162,70.0
OUT_10163,170.16
OUT_10164,715.02
OUT_10165,718.79
OUT_10166,73.36
OUT_10167,697.73
OUT_10168,718.27
OUT_10169,66.0
OUT_10170,70.19
OUT_10171,197.45
OUT_10172,86.52
OUT_10173,199.14
OUT_10174,1696.0
OUT_10175,193.12
OUT_10176,63.11
OUT_10177,223.72
OUT_10178,713.57
OUT_10179,69.41
OUT_10180,193.08
OUT_10181,731.93
OUT_10182,204.99
OUT_10183,714.79
OUT_10184,681.35
OUT_10185,730.73
OUT_10186,72.96
OUT_10187,197.72
OUT_10188,214.17
OUT_10189,62.63
OUT_10190,712.44
OUT_10191,66.04
OUT_10192,209.63
OUT_10193,699.87
OUT_10194,67.44
OUT_10195,197.89
OUT_10196,694.23
OUT_10197,57.23
OUT_10198,70.61
OUT_10199,210.13
OUT_10200,54.44
OUT_10201,75.05
OUT_10202,186.46
OUT_10203,63.57
OUT_10204,196.1
OUT_10205,63.65
OUT_10206,712.12
OUT_10207,204.05
OUT_10208,772.56
OUT_10209,205.56
OUT_10210,204.2
OUT_10211,208.05
OUT_10212,198.25
OUT_10213,1719.43
OUT_10214,201.25
OUT_10215,1720.86
OUT_10216,71.23
OUT_10217,223.51
OUT_10218,739.53
OUT_10219,61.54
OUT_10220,75.07
OUT_10221,51.42
OUT_10222,212.7
OUT_10223,56.73
OUT_10224,57.19
OUT_10225,65.64
OUT_10226,204.87
OUT_10227,728.66
OUT_10228,55.46
OUT_10229,693.95
OUT_10230,56.04
OUT_10231,723.03
OUT_10232,51.83
OUT_10233,193.1
OUT_10234,208.11
OUT_10235,752.88
OUT_10236,71.25
OUT_10237,196.21
OUT_10238,207.0
OUT_10239,202.46
OUT_10240,52.75
OUT_10241,59.96
OUT_10242,202.13
OUT_10243,697.66
OUT_10244,1719.97
OUT_10245,72.99
OUT_10246,209.12
OUT_10247,210.85
OUT_10248,733.29
OUT_10249,206.11
OUT_10250,731.71
OUT_10251,73.1
OUT_10252,75.68
OUT_10253,210.93
OUT_10254,701.71
OUT_10255,55.61
OUT_10256,194.91
OUT_10257,51.55
OUT_10258,71.05
OUT_10259,728.42
OUT_10260,759.56
OUT_10261,64.96
OUT_10262,770.12
OUT_10263,210.44
OUT_10264,65.94
OUT_10265,203.48
OUT_10266,203.42
OUT_10267,222.96
OUT_10268,728.86
OUT_10269,74.95
OUT_10270,41.38
OUT_10271,72.89
OUT_10272,62.97
OUT_10273,67.62
OUT_10274,775.93
OUT_10275,205.85
OUT_10276,42.19
OUT_10277,60.71
OUT_10278,67.09
OUT_10279,203.42
OUT_10280,64.73
OUT_10281,57.16
OUT_10282,737.75
OUT_10283,764.56
OUT_10284,210.2
OUT_10285,64.02
OUT_10286,215.16
OUT_10287,77.63
OUT_10288,196.77
OUT_10289,56.92
OUT_10290,63.12
OUT_10291,739.83
OUT_10292,198.03
OUT_10293,67.88
OUT_10294,1716.38
OUT_10295,65.18
OUT_10296,209.51
OUT_10297,204.89
OUT_10298,193.06
OUT_10299,1718.53
OUT_10300,54.08
OUT_10301,202.68
OUT_10302,717.67
OUT_10303,716.54
OUT_10304,204.88
OUT_10305,78.01
OUT_10306,68.29
OUT_10307,74.48
OUT_10308,714.43
OUT_10309,64.93
OUT_10310,744.06
OUT_10311,204.3
OUT_10312,202.58
OUT_10313,83.76
OUT_10314,195.15
OUT_10315,73.63
OUT_10316,712.98
OUT_10317,204.63
OUT_10318,198.52
OUT_10319,203.51
OUT_10320,63.01
OUT_10321,65.73
OUT_10322,64.92
OUT_10323,187.5
OUT_10324,47.8
OUT_10325,204.8
OUT_10326,67.42
OUT_10327,745.95
OUT_10328,195.13
OUT_10329,57.7
OUT_10330,73.56
OUT_10331,73.57
OUT_10332,66.14
OUT_10333,63.11
OUT_10334,765.65
OUT_10335,693.69
OUT_10336,215.99
OUT_10337,71.19
OUT_10338,62.97
OUT_10339,67.77
OUT_10340,218.95
OUT_10341,69.66
OUT_10342,205.09
OUT_10343,1734.47
OUT_10344,63.11
OUT_10345,205.69
OUT_10346,734.93
OUT_10347,57.36
OUT_10348,67.38
OUT_10349,743.33
OUT_10350,715.09
OUT_10351,57.47
OUT_10352,680.19
OUT_10353,47.43
OUT_10354,74.6
OUT_10355,732.22
OUT_10356,60.76
OUT_10357,67.79
OUT_10358,199.4
OUT_10359,68.21
OUT_10360,230.41
OUT_10361,200.94
OUT_10362,203.09
OUT_10363,207.49
OUT_10364,194.71
OUT_10365,206.25
OUT_10366,205.11
OUT_10367,65.34
OUT_10368,72.42
OUT_10369,72.61
OUT_10370,204.08
OUT_10371,39.21
OUT_10372,728.93
OUT_10373,67.16
OUT_10374,702.81
OUT_10375,716.02
OUT_10376,64.99
OUT_10377,65.63
OUT_10378,67.54
OUT_10379,67.34
OUT_10380,201.31
OUT_10381,735.02
OUT_10382,695.7
OUT_10383,72.0
OUT_10384,70.39
OUT_10385,199.93
OUT_10386,66.08
OUT_10387,197.86
OUT_10388,196.0
OUT_10389,61.42
OUT_10390,197.23
OUT_10391,1726.41
OUT_10392,65.2
OUT_10393,58.48
OUT_10394,193.65
OUT_10395,70.28
OUT_10396,711.47
OUT_10397,1736.09
OUT_10398,55.77
OUT_10399,749.54
OUT_10400,204.85
OUT_10401,231.55
OUT_10402,210.56
OUT_10403,198.23
OUT_10404,51.66
OUT_10405,57.06
OUT_10406,72.95
OUT_10407,685.67
OUT_10408,74.59
OUT_10409,78.92
OUT_10410,73.31
OUT_10411,70.64
OUT_10412,702.57
OUT_10413,57.16
OUT_10414,48.79
OUT_10415,201.51
OUT_10416,63.68
OUT_10417,59.09
OUT_10418,208.92
OUT_10419,65.78
OUT_10420,74.57
OUT_10421,67.34
OUT_10422,77.8
OUT_10423,725.29
OUT_10424,67.44
OUT_10425,62.03
OUT_10426,58.54
OUT_10427,44.83
OUT_10428,700.39
OUT_10429,196.65
OUT_10430,57.69
OUT_10431,730.0
OUT_10432,692.8
OUT_10433,730.56
OUT_10434,754.47
OUT_10435,68.3
OUT_10436,56.75
OUT_10437,65.01
OUT_10438,754.82
OUT_10439,61.56
OUT_10440,213.91
OUT_10441,204.35
OUT_10442,74.93
OUT_10443,74.59
OUT_10444,215.21
OUT_10445,202.32
OUT_10446,215.21
OUT_10447,226.0
OUT_10448,710.15
OUT_10449,204.93
OUT_10450,204.96
OUT_10451,77.57
OUT_10452,75.01
OUT_10453,77.2
OUT_10454,72.71
OUT_10455,69.77
OUT_10456,704.35
OUT_10457,752.19
OUT_10458,194.34
OUT_10459,739.76
OUT_10460,205.09
OUT_10461,67.78
OUT_10462,67.52
OUT_10463,70.93
OUT_10464,67.74
OUT_10465,67.11
OUT_10466,48.71
OUT_10467,202.07
OUT_10468,196.6
OUT_10469,203.18
OUT_10470,75.99
OUT_10471,67.51
OUT_10472,209.5
OUT_10473,206.11
OUT_10474,72.98
OUT_10475,67.34
OUT_10476,204.09
OUT_10477,80.88
OUT_10478,75.01
OUT_10479,680.66
OUT_10480,65.86
OUT_10481,61.63
OUT_10482,764.83
OUT_10483,196.05
OUT_10484,203.45
OUT_10485,56.94
OUT_10486,65.9
OUT_10487,47.3
OUT_10488,68.12
OUT_10489,744.61
OUT_10490,205.36
OUT_10491,65.01
OUT_10492,67.78
OUT_10493,693.14
OUT_10494,742.24
OUT_10495,77.21
OUT_10496,211.28
OUT_10497,41.74
OUT_10498,205.59
OUT_10499,67.46
OUT_10500,59.14
OUT_10501,729.51
OUT_10502,49.33
OUT_10503,730.07
OUT_10504,1728.74
OUT_10505,742.9
OUT_10506,74.82
OUT_10507,1726.93
OUT_10508,1730.38
OUT_10509,198.78
OUT_10510,749.81
OUT_10511,44.81
OUT_10512,69.69
OUT_10513,63.4
OUT_10514,209.72
OUT_10515,73.21
OUT_10516,663.8
OUT_10517,73.17
OUT_10518,65.39
OUT_10519,75.0
OUT_10520,750.49
OUT_10521,751.81
OUT_10522,743.95
OUT_10523,70.42
OUT_10524,212.1
OUT_10525,204.08
OUT_10526,73.21
OUT_10527,69.39
OUT_10528,205.35
OUT_10529,201.46
OUT_10530,723.92
OUT_10531,54.71
OUT_10532,70.12
OUT_10533,762.84
OUT_10534,60.99
OUT_10535,192.74
OUT_10536,62.95
OUT_10537,208.76
OUT_10538,65.79
OUT_10539,55.53
OUT_10540,54.58
OUT_10541,729.51
OUT_10542,207.6
OUT_10543,199.57
OUT_10544,195.58
OUT_10545,1684.42
OUT_10546,68.19
OUT_10547,196.81
OUT_10548,70.29
OUT_10549,206.29
OUT_10550,722.42
OUT_10551,55.05
OUT_10552,61.49
OUT_10553,181.0
OUT_10554,208.33
OUT_10555,61.64
OUT_10556,67.63
OUT_10557,205.0
OUT_10558,67.39
OUT_10559,64.83
OUT_10560,73.72
OUT_10561,61.74
OUT_10562,67.68
OUT_10563,57.16
OUT_10564,735.16
OUT_10565,230.63
OUT_10566,205.29
OUT_10567,202.62
OUT_10568,67.77
OUT_10569,732.83
OUT_10570,208.32
OUT_10571,210.76
OUT_10572,212.95
OUT_10573,63.76
OUT_10574,194.43
OUT_10575,61.57
OUT_10576,241.9
OUT_10577,65.63
OUT_10578,71.21
OUT_10579,210.29
OUT_10580,203.71
OUT_10581,197.99
OUT_10582,70.57
OUT_10583,753.33
OUT_10584,61.63
OUT_10585,65.12
OUT_10586,199.03
OUT_10587,197.47
OUT_10588,55.66
OUT_10589,208.24
OUT_10590,50.56
OUT_10591,67.33
OUT_10592,225.52
OUT_10593,645.88
OUT_10594,204.31
OUT_10595,62.82
OUT_10596,67.45
OUT_10597,206.46
OUT_10598,743.7
OUT_10599,54.02
OUT_10600,696.02
OUT_10601,197.68
OUT_10602,51.8
OUT_10603,60.2
OUT_10604,202.71
OUT_10605,67.3
OUT_10606,49.88
OUT_10607,76.39
OUT_10608,191.67
OUT_10609,55.64
OUT_10610,202.27
OUT_10611,195.26
OUT_10612,53.98
OUT_10613,233.13
OUT_10614,218.74
OUT_10615,71.5
OUT_10616,209.85
OUT_10617,690.98
OUT_10618,67.33
OUT_10619,66.05
OUT_10620,67.44
OUT_10621,209.0
OUT_10622,200.14
OUT_10623,67.89
OUT_10624,201.77
OUT_10625,67.64
OUT_10626,207.79
OUT_10627,67.31
OUT_10628,51.65
OUT_10629,68.66
OUT_10630,673.47
OUT_10631,63.0
OUT_10632,688.47
OUT_10633,659.21
OUT_10634,72.44
OUT_10635,56.14
OUT_10636,715.9
OUT_10637,68.42
OUT_10638,64.73
OUT_10639,194.22
OUT_10640,62.99
OUT_10641,186.44
OUT_10642,1730.43
OUT_10643,46.71
OUT_10644,714.59
OUT_10645,230.04
OUT_10646,67.27
OUT_10647,62.9
OUT_10648,210.95
OUT_10649,54.62
OUT_10650,62.99
OUT_10651,73.5
OUT_10652,198.17
OUT_10653,1720.52
OUT_10654,74.38
OUT_10655,72.55
OUT_10656,67.54
OUT_10657,1741.25
OUT_10658,68.02
OUT_10659,202.54
OUT_10660,1717.6
OUT_10661,51.81
OUT_10662,65.74
OUT_10663,201.26
OUT_10664,205.74
OUT_10665,193.87
OUT_10666,210.16
OUT_10667,207.39
OUT_10668,58.65
OUT_10669,1731.93
OUT_10670,753.62
OUT_10671,199.81
OUT_10672,199.93
OUT_10673,70.2
OUT_10674,205.54
OUT_10675,67.34
OUT_10676,204.23
OUT_10677,76.85
OUT_10678,62.95
OUT_10679,209.99
OUT_10680,65.38
OUT_10681,62.76
OUT_10682,61.54
OUT_10683,739.63
OUT_10684,65.99
OUT_10685,210.62
OUT_10686,195.57
OUT_10687,62.9
OUT_10688,203.95
OUT_10689,202.37
OUT_10690,64.98
OUT_10691,209.67
OUT_10692,212.09
OUT_10693,72.5
OUT_10694,206.17
OUT_10695,74.39
OUT_10696,735.53
OUT_10697,63.79
OUT_10698,48.58
OUT_10699,1729.42
OUT_10700,69.96
OUT_10701,62.85
OUT_10702,70.25
OUT_10703,36.09
OUT_10704,55.79
OUT_10705,1720.09
OUT_10706,72.54
OUT_10707,62.89
OUT_10708,1704.66
OUT_10709,196.44
OUT_10710,1709.52
OUT_10711,705.34
OUT_10712,35.28
OUT_10713,60.16
OUT_10714,215.11
OUT_10715,200.86
OUT_10716,204.1
OUT_10717,730.79
OUT_10718,67.4
OUT_10719,1745.0
OUT_10720,191.33
OUT_10721,202.56
OUT_10722,209.5
OUT_10723,203.1
OUT_10724,64.92
OUT_10725,64.92
OUT_10726,55.61
OUT_10727,204.17
OUT_10728,1491.71
OUT_10729,71.46
OUT_10730,1704.06
OUT_10731,68.08
OUT_10732,52.98
OUT_10733,65.72
OUT_10734,214.45
OUT_10735,205.1
OUT_10736,68.4
OUT_10737,204.85
OUT_10738,76.44
OUT_10739,67.23
OUT_10740,57.08
OUT_10741,39.92
OUT_10742,66.03
OUT_10743,74.75
OUT_10744,61.41
OUT_10745,67.35
OUT_10746,65.1
OUT_10747,746.32
OUT_10748,77.23
OUT_10749,67.39
OUT_10750,67.49
OUT_10751,51.5
OUT_10752,206.45
OUT_10753,65.12
OUT_10754,73.0
OUT_10755,65.94
OUT_10756,67.57
OUT_10757,73.66
OUT_10758,1718.09
OUT_10759,55.68
OUT_10760,760.49
OUT_10761,206.15
OUT_10762,198.52
OUT_10763,206.57
OUT_10764,200.0
OUT_10765,60.41
OUT_10766,63.0
OUT_10767,47.76
OUT_10768,192.95
OUT_10769,35.37
OUT_10770,750.14
OUT_10771,65.63
OUT_10772,62.95
OUT_10773,203.63
OUT_10774,51.29
OUT_10775,202.88
OUT_10776,747.0
OUT_10777,57.89
OUT_10778,73.0
OUT_10779,697.85
OUT_10780,206.07
OUT_10781,1732.4
OUT_10782,209.21
OUT_10783,212.61
OUT_10784,47.1
OUT_10785,64.98
OUT_10786,57.6
OUT_10787,65.11
OUT_10788,731.0
OUT_10789,58.58
OUT_10790,236.93
OUT_10791,70.92
OUT_10792,202.1
OUT_10793,683.89
OUT_10794,1762.04
OUT_10795,61.71
OUT_10796,203.38
OUT_10797,61.05
OUT_10798,1703.78
OUT_10799,65.96
OUT_10800,72.78
OUT_10801,728.41
OUT_10802,65.19
OUT_10803,687.15
OUT_10804,1724.51
OUT_10805,731.42
OUT_10806,72.31
OUT_10807,58.27
OUT_10808,64.72
OUT_10809,67.6
OUT_10810,210.48
OUT_10811,55.39
OUT_10812,74.4
OUT_10813,57.19
OUT_10814,79.25
OUT_10815,212.87
OUT_10816,202.47
OUT_10817,210.15
OUT_10818,1738.01
OUT_10819,210.24
OUT_10820,76.45
OUT_10821,204.14
OUT_10822,57.66
OUT_10823,44.92
OUT_10824,60.19
OUT_10825,195.44
OUT_10826,756.0
OUT_10827,693.69
OUT_10828,1734.06
OUT_10829,103.28
OUT_10830,67.43
OUT_10831,57.35
OUT_10832,86.45
OUT_10833,203.09
OUT_10834,1722.36
OUT_10835,76.24
OUT_10836,62.88
OUT_10837,66.04
OUT_10838,196.74
OUT_10839,210.88
OUT_10840,74.72
OUT_10841,758.28
OUT_10842,201.66
OUT_10843,60.61
OUT_10844,206.0
OUT_10845,727.67
OUT_10846,56.36
OUT_10847,62.95
OUT_10848,60.19
OUT_10849,1695.41
OUT_10850,70.53
OUT_10851,39.34
OUT_10852,195.81
OUT_10853,50.98
OUT_10854,759.59
OUT_10855,67.7
OUT_10856,69.79
OUT_10857,208.07
OUT_10858,67.64
OUT_10859,700.92
OUT_10860,67.35
OUT_10861,194.02
OUT_10862,67.13
OUT_10863,65.03
OUT_10864,196.8
OUT_10865,224.43
OUT_10866,59.3
OUT_10867,205.97
OUT_10868,72.32
OUT_10869,56.04
OUT_10870,73.57
OUT_10871,203.91
OUT_10872,737.07
OUT_10873,56.1
OUT_10874,58.96
OUT_10875,672.86
OUT_10876,731.6
OUT_10877,194.61
OUT_10878,67.45
OUT_10879,199.88
OUT_10880,206.03
OUT_10881,58.48
OUT_10882,654.46
OUT_10883,723.59
OUT_10884,77.61
OUT_10885,64.96
OUT_10886,68.33
OUT_10887,752.64
OUT_10888,57.25
OUT_10889,61.66
OUT_10890,230.66
OUT_10891,670.76
OUT_10892,61.59
OUT_10893,61.58
OUT_10894,720.96
OUT_10895,67.43
OUT_10896,67.65
OUT_10897,41.31
OUT_10898,74.58
OUT_10899,67.9
OUT_10900,64.87
OUT_10901,61.03
OUT_10902,655.15
OUT_10903,728.5
OUT_10904,70.2
OUT_10905,67.2
OUT_10906,67.18
OUT_10907,65.81
OUT_10908,62.37
OUT_10909,49.86
OUT_10910,710.41
OUT_10911,47.8
OUT_10912,63.0
OUT_10913,202.38
OUT_10914,728.99
OUT_10915,67.64
OUT_10916,204.92
OUT_10917,210.7
OUT_10918,53.41
OUT_10919,67.1
OUT_10920,68.14
OUT_10921,726.36
OUT_10922,203.32
OUT_10923,725.35
OUT_10924,730.35
OUT_10925,1708.4
OUT_10926,52.79
OUT_10927,67.77
OUT_10928,67.49
OUT_10929,734.5
OUT_10930,729.2
OUT_10931,73.53
OUT_10932,718.26
OUT_10933,197.87
OUT_10934,65.81
OUT_10935,729.28
OUT_10936,48.36
OUT_10937,67.53
OUT_10938,741.34
OUT_10939,208.87
OUT_10940,750.62
OUT_10941,725.31
OUT_10942,73.5
OUT_10943,665.92
OUT_10944,65.12
OUT_10945,72.98
OUT_10946,67.56
OUT_10947,67.45
OUT_10948,61.82
OUT_10949,58.7
OUT_10950,59.03
OUT_10951,63.48
OUT_10952,759.13
OUT_10953,203.89
OUT_10954,1716.88
OUT_10955,57.13
OUT_10956,77.62
OUT_10957,674.67
OUT_10958,43.93
OUT_10959,752.82
OUT_10960,203.36
OUT_10961,65.15
OUT_10962,1743.7
OUT_10963,1717.19
OUT_10964,1736.58
OUT_10965,60.07
OUT_10966,1717.98
OUT_10967,715.46
OUT_10968,745.34
OUT_10969,54.53
OUT_10970,205.11
OUT_10971,61.68
OUT_10972,67.41
OUT_10973,62.99
OUT_10974,198.58
OUT_10975,196.6
OUT_10976,56.13
OUT_10977,61.59
OUT_10978,69.18
OUT_10979,70.64
OUT_10980,688.42
OUT_10981,70.88
OUT_10982,186.98
OUT_10983,205.18
OUT_10984,55.71
OUT_10985,202.92
OUT_10986,70.2
OUT_10987,203.73
OUT_10988,226.37
OUT_10989,743.28
OUT_10990,737.54
OUT_10991,75.06
OUT_10992,71.17
OUT_10993,712.4
OUT_10994,72.95
OUT_10995,61.66
OUT_10996,1707.09
OUT_10997,1706.6
OUT_10998,70.29
OUT_10999,741.31
OUT_11000,67.84
OUT_11001,210.43
OUT_11002,51.79
OUT_11003,1725.98
OUT_11004,67.19
OUT_11005,205.3
OUT_11006,211.01
OUT_11007,47.27
OUT_11008,745.07
OUT_11009,205.14
OUT_11010,205.57
OUT_11011,38.28
OUT_11012,54.58
OUT_11013,198.56
OUT_11014,60.86
OUT_11015,761.26
OUT_11016,67.14
OUT_11017,748.14
OUT_11018,56.08
OUT_11019,54.28
OUT_11020,69.99
OUT_11021,760.83
OUT_11022,100.05
OUT_11023,64.82
OUT_11024,71.15
OUT_11025,204.9
OUT_11026,62.9
OUT_11027,210.51
OUT_11028,193.76
OUT_11029,1717.63
OUT_11030,62.86
OUT_11031,72.52
OUT_11032,64.96
OUT_11033,211.85
OUT_11034,202.51
OUT_11035,73.53
OUT_11036,203.48
OUT_11037,73.07
OUT_11038,198.98
OUT_11039,696.62
OUT_11040,62.83
OUT_11041,72.56
OUT_11042,205.5
OUT_11043,729.93
OUT_11044,69.94
OUT_11045,194.04
OUT_11046,202.72
OUT_11047,73.69
OUT_11048,211.26
OUT_11049,205.95
OUT_11050,202.68
OUT_11051,205.71
OUT_11052,746.91
OUT_11053,70.27
OUT_11054,204.49
OUT_11055,209.7
OUT_11056,1722.91
OUT_11057,208.97
OUT_11058,73.05
OUT_11059,58.6
OUT_11060,196.16
OUT_11061,65.0
OUT_11062,64.85
OUT_11063,727.36
OUT_11064,208.92
OUT_11065,46.84
OUT_11066,73.18
OUT_11067,62.52
OUT_11068,733.26
OUT_11069,690.44
OUT_11070,202.03
OUT_11071,57.56
OUT_11072,68.38
OUT_11073,68.08
OUT_11074,55.14
OUT_11075,51.76
OUT_11076,205.57
OUT_11077,753.12
OUT_11078,67.63
OUT_11079,63.44
OUT_11080,69.37
OUT_11081,199.74
OUT_11082,67.51
OUT_11083,188.44
OUT_11084,194.37
OUT_11085,72.94
OUT_11086,70.55
OUT_11087,57.18
OUT_11088,67.02
OUT_11089,207.23
OUT_11090,729.96
OUT_11091,74.55
OUT_11092,200.81
OUT_11093,67.37
OUT_11094,1715.09
OUT_11095,58.56
OUT_11096,54.02
OUT_11097,204.86
OUT_11098,735.54
OUT_11099,62.84
OUT_11100,77.34
OUT_11101,735.4
OUT_11102,68.25
OUT_11103,46.84
OUT_11104,68.0
OUT_11105,724.52
OUT_11106,708.39
OUT_11107,204.16
OUT_11108,1717.78
OUT_11109,200.39
OUT_11110,207.57
OUT_11111,65.95
OUT_11112,734.27
OUT_11113,204.02
OUT_11114,210.66
OUT_11115,63.41
OUT_11116,35.39
OUT_11117,206.94
OUT_11118,67.45
OUT_11119,212.05
OUT_11120,694.11
OUT_11121,61.6
OUT_11122,72.65
OUT_11123,691.04
OUT_11124,761.16
OUT_11125,200.17
OUT_11126,65.48
OUT_11127,67.43
OUT_11128,1726.9
OUT_11129,67.74
OUT_11130,60.49
OUT_11131,731.59
OUT_11132,203.61
OUT_11133,216.9
OUT_11134,67.72
OUT_11135,63.76
OUT_11136,67.42
OUT_11137,63.86
OUT_11138,187.35
OUT_11139,209.46
OUT_11140,730.0
OUT_11141,203.89
OUT_11142,58.9
OUT_11143,1710.77
OUT_11144,94.33
OUT_11145,202.76
OUT_11146,67.3
OUT_11147,67.41
OUT_11148,68.06
OUT_11149,49.31
OUT_11150,722.82
OUT_11151,200.54
OUT_11152,727.52
OUT_11153,202.66
OUT_11154,54.69
OUT_11155,66.86
OUT_11156,59.26
OUT_11157,208.97
OUT_11158,191.96
OUT_11159,61.65
OUT_11160,204.18
OUT_11161,68.51
OUT_11162,72.78
OUT_11163,198.43
OUT_11164,42.07
OUT_11165,1723.55
OUT_11166,60.21
OUT_11167,209.65
OUT_11168,1723.05
OUT_11169,73.16
OUT_11170,56.01
OUT_11171,73.51
OUT_11172,205.97
OUT_11173,68.14
OUT_11174,64.67
OUT_11175,206.67
OUT_11176,202.94
OUT_11177,734.16
OUT_11178,67.51
OUT_11179,205.23
OUT_11180,48.57
OUT_11181,72.97
OUT_11182,669.61
OUT_11183,221.59
OUT_11184,62.89
OUT_11185,70.42
OUT_11186,210.68
OUT_11187,759.45
OUT_11188,73.94
OUT_11189,209.5
OUT_11190,51.79
OUT_11191,75.14
OUT_11192,220.14
OUT_11193,67.88
OUT_11194,70.9
OUT_11195,229.42
OUT_11196,67.46
OUT_11197,204.31
OUT_11198,203.47
OUT_11199,689.07
OUT_11200,47.8
OUT_11201,208.85
OUT_11202,61.64
OUT_11203,65.03
OUT_11204,1712.2
OUT_11205,67.1
OUT_11206,55.76
OUT_11207,62.95
OUT_11208,734.28
OUT_11209,64.98
OUT_11210,58.26
OUT_11211,73.65
OUT_11212,219.28
OUT_11213,209.48
OUT_11214,1722.92
OUT_11215,61.49
OUT_11216,58.65
OUT_11217,1733.11
OUT_11218,199.22
OUT_11219,752.1
OUT_11220,63.2
OUT_11221,44.83
OUT_11222,1721.49
OUT_11223,50.68
OUT_11224,72.53
OUT_11225,1711.27
OUT_11226,74.58
OUT_11227,63.83
OUT_11228,55.75
OUT_11229,193.41
OUT_11230,62.94
OUT_11231,209.13
OUT_11232,1728.24
OUT_11233,716.31
OUT_11234,62.89
OUT_11235,39.63
OUT_11236,209.67
OUT_11237,65.97
OUT_11238,60.54
OUT_11239,713.1
OUT_11240,209.75
OUT_11241,70.45
OUT_11242,54.28
OUT_11243,44.16
OUT_11244,72.91
OUT_11245,197.75
OUT_11246,66.04
OUT_11247,72.98
OUT_11248,67.35
OUT_11249,195.75
OUT_11250,218.77
OUT_11251,1722.72
OUT_11252,68.38
OUT_11253,755.98
OUT_11254,194.16
OUT_11255,204.44
OUT_11256,202.98
OUT_11257,70.99
OUT_11258,60.15
OUT_11259,72.97
OUT_11260,709.09
OUT_11261,1689.36
OUT_11262,63.35
OUT_11263,60.99
OUT_11264,67.93
OUT_11265,738.67
OUT_11266,69.52
OUT_11267,58.54
OUT_11268,209.8
OUT_11269,1728.55
OUT_11270,102.8
OUT_11271,64.82
OUT_11272,58.1
OUT_11273,205.19
OUT_11274,59.56
OUT_11275,63.63
OUT_11276,191.39
OUT_11277,61.49
OUT_11278,65.14
OUT_11279,63.66
OUT_11280,756.2
OUT_11281,61.62
OUT_11282,67.83
OUT_11283,65.92
OUT_11284,70.49
OUT_11285,70.01
OUT_11286,210.5
OUT_11287,62.77
OUT_11288,772.72
OUT_11289,67.65
OUT_11290,200.4
OUT_11291,768.38
OUT_11292,67.82
OUT_11293,208.13
OUT_11294,43.89
OUT_11295,62.95
OUT_11296,763.37
OUT_11297,192.45
OUT_11298,222.62
OUT_11299,44.92
OUT_11300,74.56
OUT_11301,67.55
OUT_11302,66.39
OUT_11303,730.05
OUT_11304,67.31
OUT_11305,1730.41
OUT_11306,208.06
OUT_11307,1714.08
OUT_11308,204.73
OUT_11309,738.36
OUT_11310,203.49
OUT_11311,62.8
OUT_11312,67.36
OUT_11313,65.04
OUT_11314,638.88
OUT_11315,210.58
OUT_11316,1731.06
OUT_11317,745.04
OUT_11318,724.98
OUT_11319,65.24
OUT_11320,47.26
OUT_11321,210.04
OUT_11322,733.26
OUT_11323,224.77
OUT_11324,64.69
OUT_11325,64.97
OUT_11326,211.18
OUT_11327,68.21
OUT_11328,705.09
OUT_11329,63.12
OUT_11330,713.94
OUT_11331,203.88
OUT_11332,62.96
OUT_11333,210.19
OUT_11334,76.44
OUT_11335,56.16
OUT_11336,211.15
OUT_11337,202.21
OUT_11338,194.01
OUT_11339,58.46
OUT_11340,194.16
OUT_11341,73.06
OUT_11342,207.91
OUT_11343,70.2
OUT_11344,65.11
OUT_11345,46.73
OUT_11346,209.82
OUT_11347,209.74
OUT_11348,67.31
OUT_11349,56.2
OUT_11350,187.83
OUT_11351,59.12
OUT_11352,209.11
OUT_11353,65.48
OUT_11354,737.71
OUT_11355,72.51
OUT_11356,67.53
OUT_11357,204.31
OUT_11358,72.87
OUT_11359,1701.88
OUT_11360,210.98
OUT_11361,198.62
OUT_11362,206.06
OUT_11363,60.69
OUT_11364,64.72
OUT_11365,193.76
OUT_11366,63.84
OUT_11367,71.03
OUT_11368,1733.06
OUT_11369,63.82
OUT_11370,67.79
OUT_11371,201.35
OUT_11372,705.38
OUT_11373,213.26
OUT_11374,74.62
OUT_11375,217.12
OUT_11376,199.09
OUT_11377,61.55
OUT_11378,205.63
OUT_11379,88.6
OUT_11380,67.42
OUT_11381,194.74
OUT_11382,68.06
OUT_11383,202.15
OUT_11384,208.5
OUT_11385,205.95
OUT_11386,202.32
OUT_11387,65.49
OUT_11388,210.75
OUT_11389,67.63
OUT_11390,48.09
OUT_11391,67.62
OUT_11392,748.85
OUT_11393,73.78
OUT_11394,733.97
OUT_11395,197.33
OUT_11396,203.64
OUT_11397,754.84
OUT_11398,204.45
OUT_11399,73.68
OUT_11400,57.2
OUT_11401,201.9
OUT_11402,75.99
OUT_11403,1705.79
OUT_11404,71.14
OUT_11405,67.38
OUT_11406,724.77
OUT_11407,65.68
OUT_11408,65.19
OUT_11409,194.29
OUT_11410,204.58
OUT_11411,70.58
OUT_11412,55.89
OUT_11413,716.98
OUT_11414,63.97
OUT_11415,59.18
OUT_11416,777.39
OUT_11417,67.98
OUT_11418,68.45
OUT_11419,69.77
OUT_11420,188.51
OUT_11421,732.72
OUT_11422,200.92
OUT_11423,205.16
OUT_11424,195.22
OUT_11425,71.29
OUT_11426,1732.3
OUT_11427,207.05
OUT_11428,209.76
OUT_11429,74.71
OUT_11430,68.18
OUT_11431,208.94
OUT_11432,203.21
OUT_11433,70.8
OUT_11434,707.19
OUT_11435,63.22
OUT_11436,72.36
OUT_11437,704.74
OUT_11438,723.18
OUT_11439,206.92
OUT_11440,73.07
OUT_11441,62.82
OUT_11442,50.84
OUT_11443,62.86
OUT_11444,70.47
OUT_11445,59.31
OUT_11446,201.78
OUT_11447,683.57
OUT_11448,55.75
OUT_11449,206.31
OUT_11450,57.18
OUT_11451,69.38
OUT_11452,77.63
OUT_11453,210.32
OUT_11454,196.7
OUT_11455,208.65
OUT_11456,70.41
OUT_11457,217.4
OUT_11458,1728.31
OUT_11459,67.27
OUT_11460,1731.43
OUT_11461,63.68
OUT_11462,65.08
OUT_11463,46.98
OUT_11464,202.73
OUT_11465,1729.3
OUT_11466,70.56
OUT_11467,61.4
OUT_11468,204.65
OUT_11469,72.39
OUT_11470,40.02
OUT_11471,212.01
OUT_11472,73.0
OUT_11473,209.84
OUT_11474,79.0
OUT_11475,707.65
OUT_11476,61.55
OUT_11477,63.12
OUT_11478,61.01
OUT_11479,201.92
OUT_11480,40.69
OUT_11481,50.04
OUT_11482,197.94
OUT_11483,212.35
OUT_11484,204.9
OUT_11485,58.93
OUT_11486,214.07
OUT_11487,203.17
OUT_11488,221.5
OUT_11489,203.77
OUT_11490,203.01
OUT_11491,210.83
OUT_11492,212.75
OUT_11493,210.6
OUT_11494,67.1
OUT_11495,203.99
OUT_11496,65.16
OUT_11497,1734.97
OUT_11498,67.38
OUT_11499,65.33
OUT_11500,705.98
OUT_11501,39.49
OUT_11502,714.65
OUT_11503,192.63
OUT_11504,780.89
OUT_11505,71.22
OUT_11506,205.09
OUT_11507,67.64
OUT_11508,202.59
OUT_11509,51.89
OUT_11510,193.48
OUT_11511,198.85
OUT_11512,678.36
OUT_11513,205.52
OUT_11514,60.07
OUT_11515,749.56
OUT_11516,65.84
OUT_11517,209.8
OUT_11518,76.51
OUT_11519,52.13
OUT_11520,200.77
OUT_11521,77.58
OUT_11522,200.85
OUT_11523,1739.26
OUT_11524,60.76
OUT_11525,60.38
OUT_11526,61.76
OUT_11527,74.96
OUT_11528,61.56
OUT_11529,67.57
OUT_11530,47.29
OUT_11531,205.61
OUT_11532,747.44
OUT_11533,47.31
OUT_11534,707.44
OUT_11535,205.39
OUT_11536,199.44
OUT_11537,73.2
OUT_11538,68.59
OUT_11539,191.71
OUT_11540,721.34
OUT_11541,190.41
OUT_11542,87.26
OUT_11543,70.48
OUT_11544,54.33
OUT_11545,697.89
OUT_11546,62.8
OUT_11547,715.07
OUT_11548,63.09
OUT_11549,203.99
OUT_11550,58.36
OUT_11551,68.58
OUT_11552,62.89
OUT_11553,64.92
OUT_11554,48.04
OUT_11555,56.19
OUT_11556,74.54
OUT_11557,194.9
OUT_11558,67.5
OUT_11559,740.22
OUT_11560,208.12
OUT_11561,66.0
OUT_11562,63.02
OUT_11563,704.22
OUT_11564,79.3
OUT_11565,205.62
OUT_11566,55.17
OUT_11567,704.55
OUT_11568,73.3
OUT_11569,785.48
OUT_11570,68.16
OUT_11571,198.79
OUT_11572,74.49
OUT_11573,197.5
OUT_11574,199.54
OUT_11575,67.88
OUT_11576,201.76
OUT_11577,54.43
OUT_11578,191.61
OUT_11579,63.01
OUT_11580,74.49
OUT_11581,63.0
OUT_11582,67.76
OUT_11583,195.32
OUT_11584,726.31
OUT_11585,211.98
OUT_11586,67.67
OUT_11587,205.13
OUT_11588,1150.98
OUT_11589,212.63
OUT_11590,1713.65
OUT_11591,67.38
OUT_11592,61.6
OUT_11593,54.13
OUT_11594,65.25
OUT_11595,60.48
OUT_11596,63.19
OUT_11597,69.36
OUT_11598,212.76
OUT_11599,661.49
OUT_11600,51.78
OUT_11601,1721.98
OUT_11602,65.01
OUT_11603,81.69
OUT_11604,70.55
OUT_11605,1725.94
OUT_11606,214.66
OUT_11607,205.56
OUT_11608,68.24
OUT_11609,61.8
OUT_11610,73.35
OUT_11611,743.11
OUT_11612,70.24
OUT_11613,728.39
OUT_11614,66.97
OUT_11615,190.72
OUT_11616,210.56
OUT_11617,197.35
OUT_11618,209.11
OUT_11619,1730.38
OUT_11620,67.36
OUT_11621,74.35
OUT_11622,744.89
OUT_11623,67.79
OUT_11624,48.71
OUT_11625,70.13
OUT_11626,56.26
OUT_11627,73.12
OUT_11628,181.62
OUT_11629,70.59
OUT_11630,709.62
OUT_11631,207.95
OUT_11632,193.4
OUT_11633,738.97
OUT_11634,67.92
OUT_11635,67.43
OUT_11636,1725.83
OUT_11637,723.65
OUT_11638,72.73
OUT_11639,72.5
OUT_11640,204.04
OUT_11641,62.38
OUT_11642,736.8
OUT_11643,1730.37
OUT_11644,1722.08
OUT_11645,63.33
OUT_11646,733.69
OUT_11647,66.79
OUT_11648,208.98
OUT_11649,67.63
OUT_11650,35.37
OUT_11651,63.33
OUT_11652,768.79
OUT_11653,62.31
OUT_11654,47.08
OUT_11655,57.04
OUT_11656,57.19
OUT_11657,85.7
OUT_11658,73.58
OUT_11659,73.57
OUT_11660,62.91
OUT_11661,65.77
OUT_11662,673.21
OUT_11663,65.82
OUT_11664,67.64
OUT_11665,1716.39
OUT_11666,678.46
OUT_11667,203.12
OUT_11668,203.78
OUT_11669,55.19
OUT_11670,42.19
OUT_11671,52.77
OUT_11672,722.62
OUT_11673,197.65
OUT_11674,743.82
OUT_11675,58.42
OUT_11676,212.21
OUT_11677,67.19
OUT_11678,67.46
OUT_11679,63.04
OUT_11680,711.92
OUT_11681,195.08
OUT_11682,57.12
OUT_11683,724.82
OUT_11684,66.04
OUT_11685,67.28
OUT_11686,726.37
OUT_11687,76.05
OUT_11688,765.92
OUT_11689,199.48
OUT_11690,76.15
OUT_11691,46.61
OUT_11692,781.13
OUT_11693,205.63
OUT_11694,70.42
OUT_11695,65.62
OUT_11696,701.69
OUT_11697,1748.23
OUT_11698,58.37
OUT_11699,197.22
OUT_11700,62.53
OUT_11701,61.06
OUT_11702,216.89
OUT_11703,70.66
OUT_11704,752.9
OUT_11705,70.58
OUT_11706,69.95
OUT_11707,208.45
OUT_11708,70.95
OUT_11709,73.53
OUT_11710,63.39
OUT_11711,213.5
OUT_11712,67.71
OUT_11713,203.92
OUT_11714,67.59
OUT_11715,205.14
OUT_11716,210.2
OUT_11717,722.07
OUT_11718,204.69
OUT_11719,195.31
OUT_11720,1739.75
OUT_11721,202.17
OUT_11722,73.65
OUT_11723,65.79
OUT_11724,72.94
OUT_11725,65.77
OUT_11726,69.65
OUT_11727,184.09
OUT_11728,73.01
OUT_11729,58.03
OUT_11730,72.57
OUT_11731,73.59
OUT_11732,67.47
OUT_11733,768.43
OUT_11734,70.56
OUT_11735,55.68
OUT_11736,45.08
OUT_11737,64.88
OUT_11738,56.18
OUT_11739,51.82
OUT_11740,56.19
OUT_11741,72.93
OUT_11742,210.23
OUT_11743,205.25
OUT_11744,49.31
OUT_11745,45.12
OUT_11746,735.17
OUT_11747,208.95
OUT_11748,59.76
OUT_11749,209.29
OUT_11750,205.24
OUT_11751,67.31
OUT_11752,63.94
OUT_11753,210.12
OUT_11754,54.53
OUT_11755,788.8
OUT_11756,39.23
OUT_11757,699.78
OUT_11758,41.65
OUT_11759,62.96
OUT_11760,67.12
OUT_11761,214.9
OUT_11762,747.62
OUT_11763,215.05
OUT_11764,204.98
OUT_11765,62.66
OUT_11766,64.94
OUT_11767,1731.35
OUT_11768,54.3
OUT_11769,725.55
OUT_11770,1734.24
OUT_11771,199.2
OUT_11772,207.46
OUT_11773,67.57
OUT_11774,65.22
OUT_11775,203.95
OUT_11776,66.48
OUT_11777,50.03
OUT_11778,72.57
OUT_11779,58.25
OUT_11780,756.33
OUT_11781,65.09
OUT_11782,67.73
OUT_11783,203.13
OUT_11784,207.49
OUT_11785,65.36
OUT_11786,51.98
OUT_11787,73.94
OUT_11788,1726.4
OUT_11789,714.53
OUT_11790,182.71
OUT_11791,668.22
OUT_11792,205.17
OUT_11793,68.2
OUT_11794,72.5
OUT_11795,48.81
OUT_11796,199.12
OUT_11797,773.95
OUT_11798,204.74
OUT_11799,204.25
OUT_11800,204.9
OUT_11801,200.04
OUT_11802,72.64
OUT_11803,82.66
OUT_11804,1713.0
OUT_11805,67.78
OUT_11806,61.52
OUT_11807,209.58
OUT_11808,203.32
OUT_11809,63.02
OUT_11810,63.12
OUT_11811,61.92
OUT_11812,61.53
OUT_11813,195.57
OUT_11814,204.73
OUT_11815,73.12
OUT_11816,695.2
OUT_11817,199.84
OUT_11818,65.88
OUT_11819,722.04
OUT_11820,728.56
OUT_11821,65.13
OUT_11822,60.66
OUT_11823,744.85
OUT_11824,209.42
OUT_11825,189.37
OUT_11826,65.18
OUT_11827,73.53
OUT_11828,63.82
OUT_11829,67.16
OUT_11830,55.62
OUT_11831,66.76
OUT_11832,67.93
OUT_11833,209.1
OUT_11834,209.26
OUT_11835,42.7
OUT_11836,81.2
OUT_11837,197.51
OUT_11838,194.42
OUT_11839,70.5
OUT_11840,45.6
OUT_11841,54.37
OUT_11842,194.62
OUT_11843,1723.82
OUT_11844,64.98
OUT_11845,669.31
OUT_11846,67.33
OUT_11847,202.55
OUT_11848,732.77
OUT_11849,52.35
OUT_11850,58.17
OUT_11851,69.89
OUT_11852,732.47
OUT_11853,1729.48
OUT_11854,56.07
OUT_11855,214.02
OUT_11856,205.08
OUT_11857,763.84
OUT_11858,196.07
OUT_11859,706.78
OUT_11860,53.64
OUT_11861,213.03
OUT_11862,208.88
OUT_11863,72.81
OUT_11864,48.77
OUT_11865,61.42
OUT_11866,211.24
OUT_11867,72.82
OUT_11868,696.59
OUT_11869,56.18
OUT_11870,211.02
OUT_11871,66.86
OUT_11872,205.03
OUT_11873,67.49
OUT_11874,73.02
OUT_11875,207.41
OUT_11876,195.15
OUT_11877,69.82
OUT_11878,67.06
OUT_11879,204.74
OUT_11880,64.92
OUT_11881,207.85
OUT_11882,197.25
OUT_11883,718.82
OUT_11884,55.77
OUT_11885,196.74
OUT_11886,205.1
OUT_11887,55.68
OUT_11888,73.6
OUT_11889,207.18
OUT_11890,64.99
OUT_11891,45.57
OUT_11892,48.04
OUT_11893,67.3
OUT_11894,765.24
OUT_11895,61.3
OUT_11896,61.45
OUT_11897,690.63
OUT_11898,676.68
OUT_11899,72.96
OUT_11900,708.0
OUT_11901,59.19
OUT_11902,56.55
OUT_11903,53.64
OUT_11904,64.89
OUT_11905,73.41
OUT_11906,65.2
OUT_11907,56.1
OUT_11908,76.02
OUT_11909,706.48
OUT_11910,203.16
OUT_11911,717.31
OUT_11912,237.66
OUT_11913,72.69
OUT_11914,212.56
OUT_11915,56.11
OUT_11916,63.67
OUT_11917,76.22
OUT_11918,48.59
OUT_11919,38.39
OUT_11920,750.05
OUT_11921,57.56
OUT_11922,762.83
OUT_11923,67.9
OUT_11924,68.04
OUT_11925,68.54
OUT_11926,55.43
OUT_11927,75.94
OUT_11928,69.86
OUT_11929,755.04
OUT_11930,62.98
OUT_11931,66.02
OUT_11932,63.1
OUT_11933,56.27
OUT_11934,236.69
OUT_11935,73.3
OUT_11936,70.64
OUT_11937,55.62
OUT_11938,75.0
OUT_11939,202.43
OUT_11940,228.81
OUT_11941,65.83
OUT_11942,216.01
OUT_11943,759.31
OUT_11944,680.07
OUT_11945,63.71
OUT_11946,63.98
OUT_11947,204.76
OUT_11948,63.17
OUT_11949,1733.24
OUT_11950,1718.48
OUT_11951,759.72
OUT_11952,71.3
OUT_11953,64.86
OUT_11954,206.97
OUT_11955,60.69
OUT_11956,56.6
OUT_11957,67.38
OUT_11958,710.36
OUT_11959,67.35
OUT_11960,728.99
OUT_11961,730.51
OUT_11962,206.36
OUT_11963,739.26
OUT_11964,72.98
OUT_11965,199.72
OUT_11966,70.59
OUT_11967,49.37
OUT_11968,662.96
OUT_11969,739.44
OUT_11970,731.75
OUT_11971,72.98
OUT_11972,205.86
OUT_11973,64.96
OUT_11974,67.49
OUT_11975,202.26
OUT_11976,736.41
OUT_11977,70.6
OUT_11978,208.18
OUT_11979,75.74
OUT_11980,70.46
OUT_11981,1704.73
OUT_11982,62.78
OUT_11983,204.0
OUT_11984,63.06
OUT_11985,55.92
OUT_11986,202.93
OUT_11987,204.37
OUT_11988,194.31
OUT_11989,199.17
OUT_11990,60.57
OUT_11991,217.41
OUT_11992,207.73
OUT_11993,207.78
OUT_11994,67.6
OUT_11995,193.77
OUT_11996,210.49
OUT_11997,67.08
OUT_11998,201.44
OUT_11999,66.54
OUT_12000,212.32
OUT_12001,67.45
OUT_12002,210.69
OUT_12003,204.99
OUT_12004,1719.3
OUT_12005,56.17
OUT_12006,204.6
OUT_12007,202.13
OUT_12008,745.29
OUT_12009,62.89
OUT_12010,53.28
OUT_12011,55.11
OUT_12012,732.34
OUT_12013,195.05
OUT_12014,50.34
OUT_12015,1723.66
OUT_12016,63.02
OUT_12017,67.68
OUT_12018,65.13
OUT_12019,58.48
OUT_12020,35.34
OUT_12021,197.32
OUT_12022,202.32
OUT_12023,70.32
OUT_12024,74.6
OUT_12025,76.83
OUT_12026,1735.76
OUT_12027,67.69
OUT_12028,210.17
OUT_12029,76.57
OUT_12030,731.74
OUT_12031,57.12
OUT_12032,208.75
OUT_12033,193.81
OUT_12034,50.97
OUT_12035,216.66
OUT_12036,727.65
OUT_12037,68.33
OUT_12038,73.29
OUT_12039,72.97
OUT_12040,73.59
OUT_12041,248.58
OUT_12042,193.39
OUT_12043,189.95
OUT_12044,62.95
OUT_12045,205.45
OUT_12046,73.04
OUT_12047,60.69
OUT_12048,65.03
OUT_12049,736.84
OUT_12050,61.59
OUT_12051,40.27
OUT_12052,68.2
OUT_12053,67.42
OUT_12054,207.74
OUT_12055,752.26
OUT_12056,72.83
OUT_12057,63.92
OUT_12058,708.4
OUT_12059,58.52
OUT_12060,1728.42
OUT_12061,57.06
OUT_12062,215.65
OUT_12063,210.97
OUT_12064,203.76
OUT_12065,68.39
OUT_12066,62.09
OUT_12067,57.05
OUT_12068,73.99
OUT_12069,62.89
OUT_12070,208.99
OUT_12071,662.63
OUT_12072,56.09
OUT_12073,74.53
OUT_12074,737.93
OUT_12075,73.42
OUT_12076,54.81
OUT_12077,65.91
OUT_12078,61.51
OUT_12079,57.46
OUT_12080,54.14
OUT_12081,731.01
OUT_12082,195.49
OUT_12083,723.61
OUT_12084,198.86
OUT_12085,54.8
OUT_12086,70.97
OUT_12087,65.07
OUT_12088,72.69
OUT_12089,51.03
OUT_12090,196.16
OUT_12091,698.69
OUT_12092,56.16
OUT_12093,61.77
OUT_12094,62.81
OUT_12095,193.8
OUT_12096,201.96
OUT_12097,65.85
OUT_12098,199.27
OUT_12099,62.98
OUT_12100,67.56
OUT_12101,65.26
OUT_12102,72.96
OUT_12103,48.19
OUT_12104,63.87
OUT_12105,67.83
OUT_12106,51.19
OUT_12107,70.26
OUT_12108,1719.9
OUT_12109,212.26
OUT_12110,192.9
OUT_12111,63.68
OUT_12112,44.1
OUT_12113,697.53
OUT_12114,46.6
OUT_12115,725.07
OUT_12116,202.11
OUT_12117,62.91
OUT_12118,200.34
OUT_12119,65.97
OUT_12120,205.67
OUT_12121,203.02
OUT_12122,73.11
OUT_12123,210.44
OUT_12124,203.36
OUT_12125,203.0
OUT_12126,63.15
OUT_12127,65.17
OUT_12128,206.43
OUT_12129,67.42
OUT_12130,61.65
OUT_12131,1720.69
OUT_12132,63.73
OUT_12133,67.41
OUT_12134,198.31
OUT_12135,55.56
OUT_12136,191.33
OUT_12137,204.92
OUT_12138,754.91
OUT_12139,732.49
OUT_12140,72.71
OUT_12141,1726.85
OUT_12142,1721.55
OUT_12143,72.3
OUT_12144,74.97
OUT_12145,721.34
OUT_12146,73.02
OUT_12147,48.59
OUT_12148,681.21
OUT_12149,70.47
OUT_12150,68.38
OUT_12151,69.67
OUT_12152,743.0
OUT_12153,213.06
OUT_12154,255.17
OUT_12155,62.95
OUT_12156,72.23
OUT_12157,203.66
OUT_12158,82.15
OUT_12159,1708.19
OUT_12160,210.31
OUT_12161,60.15
OUT_12162,1722.2
OUT_12163,55.77
OUT_12164,64.98
OUT_12165,67.68
OUT_12166,57.16
OUT_12167,54.78
OUT_12168,72.68
OUT_12169,69.5
OUT_12170,210.27
OUT_12171,63.47
OUT_12172,204.37
OUT_12173,211.45
OUT_12174,209.6
OUT_12175,73.12
OUT_12176,188.54
OUT_12177,69.71
OUT_12178,65.33
OUT_12179,76.41
OUT_12180,67.95
OUT_12181,72.96
OUT_12182,204.8
OUT_12183,62.96
OUT_12184,211.49
OUT_12185,210.65
OUT_12186,70.62
OUT_12187,209.52
OUT_12188,72.38
OUT_12189,203.71
OUT_12190,54.21
OUT_12191,67.34
OUT_12192,62.86
OUT_12193,73.02
OUT_12194,216.1
OUT_12195,70.56
OUT_12196,56.04
OUT_12197,250.0
OUT_12198,211.01
OUT_12199,76.35
OUT_12200,755.73
OUT_12201,54.08
OUT_12202,65.56
OUT_12203,717.27
OUT_12204,68.69
OUT_12205,1727.09
OUT_12206,1721.16
OUT_12207,220.77
OUT_12208,203.85
OUT_12209,65.6
OUT_12210,73.48
OUT_12211,70.51
OUT_12212,71.06
OUT_12213,67.57
OUT_12214,199.99
OUT_12215,717.89
OUT_12216,194.27
OUT_12217,68.51
OUT_12218,51.82
OUT_12219,77.59
OUT_12220,707.26
OUT_12221,35.38
OUT_12222,74.33
OUT_12223,236.22
OUT_12224,739.71
OUT_12225,40.03
OUT_12226,76.59
OUT_12227,44.7
OUT_12228,69.09
OUT_12229,67.39
OUT_12230,73.11
OUT_12231,41.31
OUT_12232,76.79
OUT_12233,60.94
OUT_12234,68.55
OUT_12235,204.86
OUT_12236,77.61
OUT_12237,748.3
OUT_12238,70.28
OUT_12239,209.58
OUT_12240,65.3
OUT_12241,59.36
OUT_12242,755.86
OUT_12243,72.55
OUT_12244,209.29
OUT_12245,65.15
OUT_12246,77.48
OUT_12247,72.56
OUT_12248,200.15
OUT_12249,1698.83
OUT_12250,776.92
OUT_12251,61.49
OUT_12252,67.36
OUT_12253,193.37
OUT_12254,61.57
OUT_12255,732.52
OUT_12256,730.97
OUT_12257,44.85
OUT_12258,1700.84
OUT_12259,206.94
OUT_12260,65.19
OUT_12261,69.27
OUT_12262,205.12
OUT_12263,1724.9
OUT_12264,1722.39
OUT_12265,198.96
OUT_12266,67.73
OUT_12267,200.69
OUT_12268,1741.87
OUT_12269,74.55
OUT_12270,198.17
OUT_12271,68.16
OUT_12272,203.28
OUT_12273,179.93
OUT_12274,67.28
OUT_12275,203.37
OUT_12276,65.24
OUT_12277,1734.34
OUT_12278,70.45
OUT_12279,201.21
OUT_12280,203.1
OUT_12281,204.86
OUT_12282,209.28
OUT_12283,742.7
OUT_12284,61.12
OUT_12285,212.14
OUT_12286,70.76
OUT_12287,76.41
OUT_12288,72.9
OUT_12289,73.55
OUT_12290,72.52
OUT_12291,724.24
OUT_12292,195.68
OUT_12293,73.17
OUT_12294,203.55
OUT_12295,762.39
OUT_12296,65.04
OUT_12297,204.78
OUT_12298,195.26
OUT_12299,69.45
OUT_12300,40.46
OUT_12301,716.95
OUT_12302,67.26
OUT_12303,66.98
OUT_12304,74.96
OUT_12305,67.57
OUT_12306,1700.39
OUT_12307,67.73
OUT_12308,194.88
OUT_12309,68.61
OUT_12310,214.07
OUT_12311,205.63
OUT_12312,204.02
OUT_12313,61.48
OUT_12314,210.48
OUT_12315,76.4
OUT_12316,63.22
OUT_12317,65.36
OUT_12318,67.36
OUT_12319,65.9
OUT_12320,70.25
OUT_12321,72.56
OUT_12322,65.76
OUT_12323,66.88
OUT_12324,186.41
OUT_12325,209.89
OUT_12326,70.62
OUT_12327,736.25
OUT_12328,197.06
OUT_12329,65.86
OUT_12330,67.45
OUT_12331,746.92
OUT_12332,205.48
OUT_12333,204.3
OUT_12334,1692.05
OUT_12335,212.89
OUT_12336,67.82
OUT_12337,73.11
OUT_12338,211.91
OUT_12339,78.2
OUT_12340,199.89
OUT_12341,73.6
OUT_12342,61.54
OUT_12343,681.94
OUT_12344,188.45
OUT_12345,1748.54
OUT_12346,747.43
OUT_12347,207.79
OUT_12348,1706.04
OUT_12349,204.12
OUT_12350,62.63
OUT_12351,73.51
OUT_12352,57.57
OUT_12353,56.08
OUT_12354,60.61
OUT_12355,202.69
OUT_12356,57.15
OUT_12357,62.97
OUT_12358,71.71
OUT_12359,61.9
OUT_12360,713.91
OUT_12361,68.22
OUT_12362,55.81
OUT_12363,55.66
OUT_12364,70.53
OUT_12365,52.37
OUT_12366,70.64
OUT_12367,196.25
OUT_12368,1725.49
OUT_12369,717.38
OUT_12370,203.51
OUT_12371,685.23
OUT_12372,1717.39
OUT_12373,188.74
OUT_12374,205.76
OUT_12375,216.13
OUT_12376,697.45
OUT_12377,68.79
OUT_12378,218.12
OUT_12379,70.98
OUT_12380,57.49
OUT_12381,698.77
OUT_12382,55.75
OUT_12383,63.89
OUT_12384,756.26
OUT_12385,65.01
OUT_12386,72.98
OUT_12387,200.78
OUT_12388,674.24
OUT_12389,208.21
OUT_12390,111.36
OUT_12391,209.12
OUT_12392,65.98
OUT_12393,201.78
OUT_12394,706.47
OUT_12395,73.17
OUT_12396,691.32
OUT_12397,61.44
OUT_12398,1709.21
OUT_12399,217.0
OUT_12400,1743.94
OUT_12401,772.14
OUT_12402,206.46
OUT_12403,72.47
OUT_12404,48.27
OUT_12405,52.75
OUT_12406,209.95
OUT_12407,61.97
OUT_12408,72.5
OUT_12409,206.84
OUT_12410,203.95
OUT_12411,61.65
OUT_12412,206.93
OUT_12413,208.55
OUT_12414,760.81
OUT_12415,205.07
OUT_12416,210.67
OUT_12417,762.5
OUT_12418,208.18
OUT_12419,62.95
OUT_12420,200.5
OUT_12421,202.61
OUT_12422,65.13
OUT_12423,205.31
OUT_12424,718.59
OUT_12425,1720.33
OUT_12426,67.66
OUT_12427,77.28
OUT_12428,76.4
OUT_12429,203.36
OUT_12430,201.95
OUT_12431,73.31
OUT_12432,71.73
OUT_12433,60.66
OUT_12434,206.72
OUT_12435,204.34
OUT_12436,757.34
OUT_12437,66.78
OUT_12438,61.64
OUT_12439,72.59
OUT_12440,692.1
OUT_12441,68.21
OUT_12442,204.98
OUT_12443,38.89
OUT_12444,749.56
OUT_12445,1741.07
OUT_12446,203.87
OUT_12447,56.82
OUT_12448,205.36
OUT_12449,77.52
OUT_12450,204.86
OUT_12451,72.39
OUT_12452,60.59
OUT_12453,49.3
OUT_12454,74.98
OUT_12455,54.28
OUT_12456,686.29
OUT_12457,72.46
OUT_12458,68.36
OUT_12459,208.72
OUT_12460,734.52
OUT_12461,63.08
OUT_12462,70.58
OUT_12463,741.21
OUT_12464,204.78
OUT_12465,54.2
OUT_12466,51.28
OUT_12467,57.47
OUT_12468,70.05
OUT_12469,718.89
OUT_12470,194.35
OUT_12471,51.17
OUT_12472,44.81
OUT_12473,200.83
OUT_12474,69.58
OUT_12475,57.19
OUT_12476,208.94
OUT_12477,70.32
OUT_12478,72.56
OUT_12479,200.88
OUT_12480,748.15
OUT_12481,55.72
OUT_12482,764.97
OUT_12483,667.88
OUT_12484,1732.2
OUT_12485,725.36
OUT_12486,76.94
OUT_12487,59.22
OUT_12488,721.21
OUT_12489,48.66
OUT_12490,64.83
OUT_12491,63.75
OUT_12492,1720.02
OUT_12493,58.2
OUT_12494,1726.84
OUT_12495,209.01
OUT_12496,201.07
OUT_12497,63.2
OUT_12498,201.76
OUT_12499,67.31
OUT_12500,66.86
OUT_12501,203.19
OUT_12502,731.3
OUT_12503,200.87
OUT_12504,60.22
OUT_12505,67.47
OUT_12506,38.83
OUT_12507,741.8
OUT_12508,203.78
OUT_12509,742.47
OUT_12510,51.66
OUT_12511,51.89
OUT_12512,208.96
OUT_12513,206.08
OUT_12514,1723.98
OUT_12515,198.28
OUT_12516,61.29
OUT_12517,73.63
OUT_12518,730.46
OUT_12519,69.75
OUT_12520,70.02
OUT_12521,70.39
OUT_12522,746.38
OUT_12523,206.75
OUT_12524,61.81
OUT_12525,67.34
OUT_12526,63.29
OUT_12527,72.29
OUT_12528,70.51
OUT_12529,735.11
OUT_12530,766.94
OUT_12531,767.62
OUT_12532,67.65
OUT_12533,55.85
OUT_12534,63.73
OUT_12535,76.47
OUT_12536,732.7
OUT_12537,66.49
OUT_12538,208.47
OUT_12539,75.81
OUT_12540,65.21
OUT_12541,72.52
OUT_12542,201.5
OUT_12543,58.47
OUT_12544,211.28
OUT_12545,71.81
OUT_12546,66.04
OUT_12547,72.38
OUT_12548,69.67
OUT_12549,73.08
OUT_12550,72.68
OUT_12551,73.38
OUT_12552,661.17
OUT_12553,202.52
OUT_12554,62.91
OUT_12555,62.86
OUT_12556,63.02
OUT_12557,72.77
OUT_12558,56.02
OUT_12559,47.26
OUT_12560,68.44
OUT_12561,1725.38
OUT_12562,750.88
OUT_12563,702.24
OUT_12564,211.78
OUT_12565,55.78
OUT_12566,67.38
OUT_12567,67.32
OUT_12568,61.45
OUT_12569,736.21
OUT_12570,214.18
OUT_12571,58.16
OUT_12572,724.76
OUT_12573,76.05
OUT_12574,67.64
OUT_12575,198.6
OUT_12576,72.41
OUT_12577,57.18
OUT_12578,204.86
OUT_12579,213.16
OUT_12580,721.44
OUT_12581,758.7
OUT_12582,737.34
OUT_12583,65.72
OUT_12584,67.3
OUT_12585,72.98
OUT_12586,61.45
OUT_12587,750.89
OUT_12588,1733.91
OUT_12589,57.78
OUT_12590,62.7
OUT_12591,208.87
OUT_12592,1733.8
OUT_12593,205.12
OUT_12594,713.37
OUT_12595,212.51
OUT_12596,747.54
OUT_12597,39.78
OUT_12598,734.46
OUT_12599,72.43
OUT_12600,203.41
OUT_12601,67.3
OUT_12602,63.79
OUT_12603,752.33
OUT_12604,199.51
OUT_12605,193.55
OUT_12606,205.04
OUT_12607,205.66
OUT_12608,74.51
OUT_12609,65.77
OUT_12610,60.11
OUT_12611,228.21
OUT_12612,58.27
OUT_12613,76.19
OUT_12614,73.99
OUT_12615,209.81
OUT_12616,76.77
OUT_12617,42.05
OUT_12618,189.26
OUT_12619,67.03
OUT_12620,61.59
OUT_12621,702.97
OUT_12622,62.95
OUT_12623,724.87
OUT_12624,1712.78
OUT_12625,1720.36
OUT_12626,70.3
OUT_12627,63.95
OUT_12628,217.72
OUT_12629,763.16
OUT_12630,201.6
OUT_12631,67.39
OUT_12632,730.45
OUT_12633,56.49
OUT_12634,65.15
OUT_12635,214.43
OUT_12636,67.56
OUT_12637,70.13
OUT_12638,1738.51
OUT_12639,67.39
OUT_12640,67.18
OUT_12641,721.85
OUT_12642,1718.11
OUT_12643,203.97
OUT_12644,208.56
OUT_12645,72.55
OUT_12646,82.06
OUT_12647,66.04
OUT_12648,65.75
OUT_12649,56.02
OUT_12650,59.12
OUT_12651,51.9
OUT_12652,204.94
OUT_12653,209.0
OUT_12654,717.17
OUT_12655,60.89
OUT_12656,64.82
OUT_12657,57.83
OUT_12658,1736.17
OUT_12659,64.88
OUT_12660,197.54
OUT_12661,50.08
OUT_12662,65.14
OUT_12663,65.51
OUT_12664,205.0
OUT_12665,58.32
OUT_12666,698.81
OUT_12667,52.63
OUT_12668,193.75
OUT_12669,65.23
OUT_12670,209.33
OUT_12671,76.38
OUT_12672,714.56
OUT_12673,68.35
OUT_12674,67.35
OUT_12675,1728.72
OUT_12676,55.75
OUT_12677,198.8
OUT_12678,225.96
OUT_12679,56.99
OUT_12680,64.88
OUT_12681,59.83
OUT_12682,728.69
OUT_12683,1725.12
OUT_12684,78.89
OUT_12685,62.43
OUT_12686,67.7
OUT_12687,70.67
OUT_12688,63.61
OUT_12689,207.47
OUT_12690,208.28
OUT_12691,1715.41
OUT_12692,201.56
OUT_12693,210.16
OUT_12694,61.47
OUT_12695,68.62
OUT_12696,68.32
OUT_12697,734.06
OUT_12698,196.88
OUT_12699,52.01
OUT_12700,67.53
OUT_12701,60.18
OUT_12702,708.59
OUT_12703,65.5
OUT_12704,681.31
OUT_12705,736.89
OUT_12706,211.67
OUT_12707,208.92
OUT_12708,72.64
OUT_12709,202.59
OUT_12710,45.66
OUT_12711,35.37
OUT_12712,201.11
OUT_12713,58.41
OUT_12714,202.89
OUT_12715,73.02
OUT_12716,204.0
OUT_12717,190.32
OUT_12718,70.63
OUT_12719,196.87
OUT_12720,74.93
OUT_12721,62.94
OUT_12722,201.98
OUT_12723,51.71
OUT_12724,59.29
OUT_12725,72.01
OUT_12726,68.6
OUT_12727,57.18
OUT_12728,1740.5
OUT_12729,194.35
OUT_12730,720.81
OUT_12731,210.02
OUT_12732,57.87
OUT_12733,72.54
OUT_12734,710.78
OUT_12735,234.5
OUT_12736,67.41
OUT_12737,65.09
OUT_12738,70.94
OUT_12739,69.74
OUT_12740,748.25
OUT_12741,58.13
OUT_12742,1735.24
OUT_12743,218.42
OUT_12744,207.87
OUT_12745,749.3
OUT_12746,72.28
OUT_12747,66.03
OUT_12748,76.64
OUT_12749,65.78
OUT_12750,218.21
OUT_12751,69.68
OUT_12752,67.3
OUT_12753,211.91
OUT_12754,737.63
OUT_12755,211.99
OUT_12756,70.23
OUT_12757,50.58
OUT_12758,62.95
OUT_12759,62.6
OUT_12760,62.96
OUT_12761,68.36
OUT_12762,77.18
OUT_12763,193.85
OUT_12764,67.42
OUT_12765,49.32
OUT_12766,39.9
OUT_12767,73.52
OUT_12768,57.57
OUT_12769,711.64
OUT_12770,54.39
OUT_12771,62.95
OUT_12772,67.29
OUT_12773,56.08
OUT_12774,75.06
OUT_12775,66.67
OUT_12776,65.82
OUT_12777,206.37
OUT_12778,65.0
OUT_12779,67.26
OUT_12780,67.09
OUT_12781,76.1
OUT_12782,218.17
OUT_12783,698.95
OUT_12784,180.19
OUT_12785,205.64
OUT_12786,72.32
OUT_12787,63.45
OUT_12788,206.62
OUT_12789,223.15
OUT_12790,207.77
OUT_12791,70.08
OUT_12792,196.36
OUT_12793,204.91
OUT_12794,72.54
OUT_12795,53.15
OUT_12796,65.54
OUT_12797,62.86
OUT_12798,54.27
OUT_12799,59.29
OUT_12800,67.44
OUT_12801,211.24
OUT_12802,62.97
OUT_12803,68.54
OUT_12804,700.99
OUT_12805,68.59
OUT_12806,203.32
OUT_12807,759.96
OUT_12808,74.77
OUT_12809,187.51
OUT_12810,210.89
OUT_12811,200.81
OUT_12812,70.42
OUT_12813,205.65
OUT_12814,204.97
OUT_12815,709.07
OUT_12816,217.11
OUT_12817,205.45
OUT_12818,67.46
OUT_12819,75.0
OUT_12820,679.63
OUT_12821,202.64
OUT_12822,38.91
OUT_12823,48.62
OUT_12824,71.05
OUT_12825,72.55
OUT_12826,62.99
OUT_12827,72.57
OUT_12828,70.23
OUT_12829,68.02
OUT_12830,55.84
OUT_12831,47.82
OUT_12832,205.91
OUT_12833,206.49
OUT_12834,1737.25
OUT_12835,65.25
OUT_12836,213.47
OUT_12837,62.76
OUT_12838,60.59
OUT_12839,70.55
OUT_12840,72.51
OUT_12841,47.21
OUT_12842,644.81
OUT_12843,203.66
OUT_12844,206.73
OUT_12845,213.12
OUT_12846,67.23
OUT_12847,67.3
OUT_12848,1725.0
OUT_12849,208.27
OUT_12850,68.29
OUT_12851,203.24
OUT_12852,72.63
OUT_12853,72.35
OUT_12854,67.49
OUT_12855,1731.73
OUT_12856,65.11
OUT_12857,729.16
OUT_12858,69.82
OUT_12859,58.77
OUT_12860,65.23
OUT_12861,215.14
OUT_12862,205.92
OUT_12863,688.94
OUT_12864,73.26
OUT_12865,1711.01
OUT_12866,64.13
OUT_12867,213.17
OUT_12868,62.84
OUT_12869,61.73
OUT_12870,58.46
OUT_12871,72.72
OUT_12872,68.66
OUT_12873,1714.91
OUT_12874,1718.8
OUT_12875,744.72
OUT_12876,201.39
OUT_12877,61.49
OUT_12878,67.68
OUT_12879,204.77
OUT_12880,62.81
OUT_12881,181.12
OUT_12882,1716.66
OUT_12883,211.85
OUT_12884,65.21
OUT_12885,203.78
OUT_12886,193.01
OUT_12887,72.35
OUT_12888,65.82
OUT_12889,204.78
OUT_12890,1711.69
OUT_12891,201.87
OUT_12892,204.24
OUT_12893,56.97
OUT_12894,67.47
OUT_12895,61.74
OUT_12896,198.42
OUT_12897,62.95
OUT_12898,54.39
OUT_12899,73.51
OUT_12900,725.9
OUT_12901,67.72
OUT_12902,58.93
OUT_12903,62.94
OUT_12904,202.21
OUT_12905,742.85
OUT_12906,748.04
OUT_12907,731.83
OUT_12908,75.06
OUT_12909,194.62
OUT_12910,57.78
OUT_12911,673.81
OUT_12912,70.5
OUT_12913,192.94
OUT_12914,75.69
OUT_12915,201.27
OUT_12916,53.68
OUT_12917,70.54
OUT_12918,203.74
OUT_12919,64.69
OUT_12920,57.19
OUT_12921,221.92
OUT_12922,72.97
OUT_12923,733.9
OUT_12924,209.84
OUT_12925,202.91
OUT_12926,715.32
OUT_12927,53.16
OUT_12928,67.17
OUT_12929,55.75
OUT_12930,196.81
OUT_12931,70.13
OUT_12932,1723.06
OUT_12933,214.64
OUT_12934,197.19
OUT_12935,738.11
OUT_12936,60.26
OUT_12937,61.48
OUT_12938,57.41
OUT_12939,1682.94
OUT_12940,64.86
OUT_12941,734.86
OUT_12942,198.78
OUT_12943,74.56
OUT_12944,201.45
OUT_12945,208.29
OUT_12946,210.27
OUT_12947,67.89
OUT_12948,63.07
OUT_12949,724.6
OUT_12950,199.55
OUT_12951,238.99
OUT_12952,46.71
OUT_12953,740.27
OUT_12954,57.98
OUT_12955,65.95
OUT_12956,62.41
OUT_12957,59.28
OUT_12958,202.29
OUT_12959,69.72
OUT_12960,203.86
OUT_12961,752.1
OUT_12962,66.02
OUT_12963,204.22
OUT_12964,51.61
OUT_12965,730.74
OUT_12966,63.44
OUT_12967,67.15
OUT_12968,42.23
OUT_12969,1730.9
OUT_12970,197.33
OUT_12971,689.09
OUT_12972,197.68
OUT_12973,57.68
OUT_12974,1717.0
OUT_12975,67.28
OUT_12976,730.79
OUT_12977,728.75
OUT_12978,1714.09
OUT_12979,204.05
OUT_12980,66.06
OUT_12981,63.75
OUT_12982,210.85
OUT_12983,63.92
OUT_12984,70.54
OUT_12985,730.5
OUT_12986,725.51
OUT_12987,1700.71
OUT_12988,42.34
OUT_12989,57.16
OUT_12990,196.17
OUT_12991,728.45
OUT_12992,205.87
OUT_12993,757.14
OUT_12994,211.35
OUT_12995,70.5
OUT_12996,205.42
OUT_12997,209.67
OUT_12998,65.13
OUT_12999,64.8
OUT_13000,203.76
OUT_13001,64.88
OUT_13002,69.49
OUT_13003,57.02
OUT_13004,193.69
OUT_13005,68.32
OUT_13006,63.1
OUT_13007,48.78
OUT_13008,1671.24
OUT_13009,54.31
OUT_13010,653.58
OUT_13011,60.72
OUT_13012,72.67
OUT_13013,65.15
OUT_13014,46.99
OUT_13015,201.39
OUT_13016,64.91
OUT_13017,661.94
OUT_13018,199.17
OUT_13019,676.43
OUT_13020,199.57
OUT_13021,72.55
OUT_13022,64.95
OUT_13023,1691.69
OUT_13024,63.1
OUT_13025,65.93
OUT_13026,622.36
OUT_13027,187.32
OUT_13028,64.99
OUT_13029,220.42
OUT_13030,65.82
OUT_13031,65.15
OUT_13032,625.58
OUT_13033,51.11
OUT_13034,49.21
OUT_13035,1658.27
OUT_13036,195.81
OUT_13037,68.11
OUT_13038,61.66
OUT_13039,201.08
OUT_13040,65.18
OUT_13041,72.85
OUT_13042,65.14
OUT_13043,64.64
OUT_13044,199.36
OUT_13045,57.95
OUT_13046,63.77
OUT_13047,66.61
OUT_13048,62.86
OUT_13049,65.63
OUT_13050,54.13
OUT_13051,67.34
OUT_13052,669.26
OUT_13053,194.86
OUT_13054,65.14
OUT_13055,1636.3
OUT_13056,195.87
OUT_13057,660.46
OUT_13058,38.83
OUT_13059,65.06
OUT_13060,71.03
OUT_13061,61.64
OUT_13062,57.45
OUT_13063,637.54
OUT_13064,65.14
OUT_13065,66.0
OUT_13066,193.94
OUT_13067,55.69
OUT_13068,61.48
OUT_13069,57.46
OUT_13070,61.58
OUT_13071,40.01
OUT_13072,662.67
OUT_13073,76.54
OUT_13074,62.8
OUT_13075,188.35
OUT_13076,193.22
OUT_13077,62.06
OUT_13078,71.14
OUT_13079,60.58
OUT_13080,67.73
OUT_13081,56.97
OUT_13082,60.18
OUT_13083,51.63
OUT_13084,65.12
OUT_13085,61.52
OUT_13086,57.63
OUT_13087,59.03
OUT_13088,673.09
OUT_13089,61.69
OUT_13090,91.84
OUT_13091,193.27
OUT_13092,199.43
OUT_13093,195.02
OUT_13094,59.08
OUT_13095,200.07
OUT_13096,195.26
OUT_13097,642.63
OUT_13098,67.11
OUT_13099,40.7
OUT_13100,70.37
OUT_13101,197.16
OUT_13102,56.43
OUT_13103,62.71
OUT_13104,197.08
OUT_13105,638.2
OUT_13106,65.3
OUT_13107,55.5
OUT_13108,68.02
OUT_13109,198.41
OUT_13110,70.28
OUT_13111,199.52
OUT_13112,70.33
OUT_13113,1696.95
OUT_13114,62.34
OUT_13115,63.67
OUT_13116,187.03
OUT_13117,45.81
OUT_13118,1630.42
OUT_13119,197.33
OUT_13120,198.06
OUT_13121,67.45
OUT_13122,72.46
OUT_13123,54.3
OUT_13124,58.14
OUT_13125,206.21
OUT_13126,74.7
OUT_13127,61.5
OUT_13128,646.51
OUT_13129,195.27
OUT_13130,195.37
OUT_13131,72.18
OUT_13132,67.41
OUT_13133,58.36
OUT_13134,65.32
OUT_13135,662.94
OUT_13136,69.7
OUT_13137,64.92
OUT_13138,65.17
OUT_13139,70.46
OUT_13140,1664.65
OUT_13141,193.56
OUT_13142,73.89
OUT_13143,74.71
OUT_13144,654.59
OUT_13145,45.04
OUT_13146,61.52
OUT_13147,58.03
OUT_13148,194.52
OUT_13149,671.91
OUT_13150,196.12
OUT_13151,187.84
OUT_13152,195.7
OUT_13153,191.16
OUT_13154,68.31
OUT_13155,60.32
OUT_13156,67.81
OUT_13157,200.75
OUT_13158,666.72
OUT_13159,69.63
OUT_13160,74.76
OUT_13161,65.99
OUT_13162,76.63
OUT_13163,61.68
OUT_13164,60.62
OUT_13165,195.15
OUT_13166,67.8
OUT_13167,210.85
OUT_13168,633.69
OUT_13169,58.01
OUT_13170,195.3
OUT_13171,200.59
OUT_13172,193.87
OUT_13173,676.13
OUT_13174,70.7
OUT_13175,54.34
OUT_13176,62.55
OUT_13177,204.11
OUT_13178,67.74
OUT_13179,61.54
OUT_13180,202.8
OUT_13181,56.99
OUT_13182,72.87
OUT_13183,59.38
OUT_13184,196.39
OUT_13185,195.79
OUT_13186,197.98
OUT_13187,58.24
OUT_13188,197.51
OUT_13189,196.58
OUT_13190,74.34
OUT_13191,57.01
OUT_13192,43.35
OUT_13193,54.23
OUT_13194,211.49
OUT_13195,70.88
OUT_13196,63.17
OUT_13197,68.29
OUT_13198,195.8
OUT_13199,64.76
OUT_13200,56.16
OUT_13201,200.74
OUT_13202,73.28
OUT_13203,201.3
OUT_13204,63.37
OUT_13205,84.24
OUT_13206,652.01
OUT_13207,65.15
OUT_13208,58.36
OUT_13209,74.58
OUT_13210,193.15
OUT_13211,62.72
OUT_13212,57.93
OUT_13213,196.11
OUT_13214,38.83
OUT_13215,54.48
OUT_13216,65.09
OUT_13217,64.93
OUT_13218,65.16
OUT_13219,49.88
OUT_13220,673.91
OUT_13221,64.94
OUT_13222,65.46
OUT_13223,197.05
OUT_13224,74.09
OUT_13225,68.2
OUT_13226,62.9
OUT_13227,200.2
OUT_13228,720.54
OUT_13229,59.19
OUT_13230,1670.22
OUT_13231,683.97
OUT_13232,1664.75
OUT_13233,55.58
OUT_13234,1660.68
OUT_13235,70.25
OUT_13236,67.29
OUT_13237,1667.61
OUT_13238,653.8
OUT_13239,56.95
OUT_13240,1668.18
OUT_13241,194.77
OUT_13242,67.36
OUT_13243,197.42
OUT_13244,63.12
OUT_13245,62.78
OUT_13246,190.12
OUT_13247,63.1
OUT_13248,65.1
OUT_13249,61.33
OUT_13250,55.74
OUT_13251,58.39
OUT_13252,698.68
OUT_13253,49.29
OUT_13254,1661.14
OUT_13255,63.1
OUT_13256,635.42
OUT_13257,60.18
OUT_13258,197.88
OUT_13259,76.5
OUT_13260,70.55
OUT_13261,63.05
OUT_13262,63.73
OUT_13263,58.72
OUT_13264,201.98
OUT_13265,61.45
OUT_13266,1698.97
OUT_13267,73.05
OUT_13268,71.12
OUT_13269,686.15
OUT_13270,653.07
OUT_13271,680.75
OUT_13272,622.03
OUT_13273,64.93
OUT_13274,78.31
OUT_13275,57.7
OUT_13276,57.25
OUT_13277,202.52
OUT_13278,53.19
OUT_13279,185.86
OUT_13280,197.81
OUT_13281,691.51
OUT_13282,56.23
OUT_13283,49.47
OUT_13284,690.78
OUT_13285,675.42
OUT_13286,195.28
OUT_13287,65.15
OUT_13288,658.36
OUT_13289,702.79
OUT_13290,66.22
OUT_13291,64.9
OUT_13292,193.91
OUT_13293,198.89
OUT_13294,192.53
OUT_13295,63.02
OUT_13296,1625.65
OUT_13297,191.48
OUT_13298,189.77
OUT_13299,57.97
OUT_13300,65.54
OUT_13301,73.35
OUT_13302,194.97
OUT_13303,199.44
OUT_13304,66.03
OUT_13305,61.78
OUT_13306,49.45
OUT_13307,61.4
OUT_13308,56.23
OUT_13309,195.03
OUT_13310,70.45
OUT_13311,202.1
OUT_13312,77.8
OUT_13313,57.18
OUT_13314,1699.05
OUT_13315,64.86
OUT_13316,56.95
OUT_13317,69.56
OUT_13318,639.89
OUT_13319,698.37
OUT_13320,724.22
OUT_13321,67.7
OUT_13322,61.03
OUT_13323,64.85
OUT_13324,188.75
OUT_13325,61.57
OUT_13326,73.02
OUT_13327,68.17
OUT_13328,62.87
OUT_13329,56.09
OUT_13330,57.22
OUT_13331,63.33
OUT_13332,67.14
OUT_13333,1675.71
OUT_13334,195.45
OUT_13335,1706.21
OUT_13336,50.94
OUT_13337,58.74
OUT_13338,659.19
OUT_13339,666.98
OUT_13340,58.97
OUT_13341,57.45
OUT_13342,64.99
OUT_13343,615.52
OUT_13344,61.51
OUT_13345,60.69
OUT_13346,55.56
OUT_13347,1630.17
OUT_13348,53.16
OUT_13349,67.55
OUT_13350,680.63
OUT_13351,196.95
OUT_13352,198.67
OUT_13353,199.29
OUT_13354,64.87
OUT_13355,185.35
OUT_13356,50.0
OUT_13357,67.3
OUT_13358,53.7
OUT_13359,73.05
OUT_13360,195.23
OUT_13361,64.23
OUT_13362,50.32
OUT_13363,65.82
OUT_13364,193.1
OUT_13365,62.87
OUT_13366,201.97
OUT_13367,67.46
OUT_13368,196.52
OUT_13369,203.7
OUT_13370,707.34
OUT_13371,63.79
OUT_13372,61.69
OUT_13373,58.52
OUT_13374,64.86
OUT_13375,60.9
OUT_13376,242.6
OUT_13377,205.49
OUT_13378,66.86
OUT_13379,1669.79
OUT_13380,191.11
OUT_13381,63.0
OUT_13382,72.9
OUT_13383,67.92
OUT_13384,192.41
OUT_13385,195.02
OUT_13386,66.39
OUT_13387,179.15
OUT_13388,195.23
OUT_13389,196.51
OUT_13390,683.27
OUT_13391,183.64
OUT_13392,680.32
OUT_13393,66.31
OUT_13394,68.89
OUT_13395,632.51
OUT_13396,65.16
OUT_13397,60.13
OUT_13398,65.1
OUT_13399,62.81
OUT_13400,67.94
OUT_13401,191.9
OUT_13402,203.79
OUT_13403,1663.4
OUT_13404,67.46
OUT_13405,194.27
OUT_13406,55.95
OUT_13407,71.03
OUT_13408,68.08
OUT_13409,189.9
OUT_13410,670.26
OUT_13411,67.52
OUT_13412,1649.99
OUT_13413,200.21
OUT_13414,660.32
OUT_13415,61.02
OUT_13416,195.15
OUT_13417,659.79
OUT_13418,67.47
OUT_13419,44.77
OUT_13420,40.25
OUT_13421,67.78
OUT_13422,61.46
OUT_13423,65.14
OUT_13424,65.0
OUT_13425,66.38
OUT_13426,69.72
OUT_13427,63.73
OUT_13428,64.91
OUT_13429,74.06
OUT_13430,665.13
OUT_13431,63.1
OUT_13432,61.68
OUT_13433,60.84
OUT_13434,70.29
OUT_13435,60.52
OUT_13436,63.09
OUT_13437,63.1
OUT_13438,58.54
OUT_13439,72.4
OUT_13440,664.87
OUT_13441,70.62
OUT_13442,671.81
OUT_13443,195.85
OUT_13444,63.07
OUT_13445,62.99
OUT_13446,663.56
OUT_13447,198.81
OUT_13448,689.5
OUT_13449,61.56
OUT_13450,193.07
OUT_13451,61.63
OUT_13452,65.98
OUT_13453,640.27
OUT_13454,72.56
OUT_13455,209.4
OUT_13456,73.1
OUT_13457,195.15
OUT_13458,677.48
OUT_13459,45.04
OUT_13460,74.62
OUT_13461,70.08
OUT_13462,207.32
OUT_13463,57.6
OUT_13464,195.5
OUT_13465,70.42
OUT_13466,56.23
OUT_13467,74.02
OUT_13468,695.39
OUT_13469,645.05
OUT_13470,196.46
OUT_13471,63.53
OUT_13472,199.37
OUT_13473,66.49
OUT_13474,67.36
OUT_13475,35.33
OUT_13476,181.04
OUT_13477,658.69
OUT_13478,190.52
OUT_13479,53.77
OUT_13480,58.53
OUT_13481,1673.6
OUT_13482,198.48
OUT_13483,52.87
OUT_13484,188.44
OUT_13485,628.8
OUT_13486,60.7
OUT_13487,63.61
OUT_13488,195.04
OUT_13489,199.97
OUT_13490,202.5
OUT_13491,66.27
OUT_13492,55.56
OUT_13493,59.25
OUT_13494,60.56
OUT_13495,67.68
OUT_13496,648.5
OUT_13497,57.09
OUT_13498,196.48
OUT_13499,195.52
OUT_13500,190.89
OUT_13501,229.95
OUT_13502,67.71
OUT_13503,61.49
OUT_13504,644.11
OUT_13505,664.68
OUT_13506,694.47
OUT_13507,185.38
OUT_13508,62.81
OUT_13509,194.67
OUT_13510,74.34
OUT_13511,61.23
OUT_13512,76.7
OUT_13513,72.86
OUT_13514,1673.64
OUT_13515,195.58
OUT_13516,646.63
OUT_13517,195.07
OUT_13518,63.01
OUT_13519,66.26
OUT_13520,681.04
OUT_13521,70.09
OUT_13522,661.44
OUT_13523,50.87
OUT_13524,194.11
OUT_13525,60.56
OUT_13526,677.04
OUT_13527,718.26
OUT_13528,65.89
OUT_13529,56.16
OUT_13530,652.53
OUT_13531,194.94
OUT_13532,61.55
OUT_13533,194.28
OUT_13534,1653.75
OUT_13535,65.81
OUT_13536,702.14
OUT_13537,72.52
OUT_13538,63.23
OUT_13539,200.37
OUT_13540,1675.81
OUT_13541,60.14
OUT_13542,76.66
OUT_13543,204.03
OUT_13544,199.31
OUT_13545,199.79
OUT_13546,193.97
OUT_13547,192.47
OUT_13548,72.02
OUT_13549,195.98
OUT_13550,64.92
OUT_13551,190.87
OUT_13552,67.34
OUT_13553,60.49
OUT_13554,198.29
OUT_13555,71.21
OUT_13556,682.88
OUT_13557,72.35
OUT_13558,58.29
OUT_13559,56.13
OUT_13560,1669.2
OUT_13561,62.68
OUT_13562,668.4
OUT_13563,654.06
OUT_13564,75.25
OUT_13565,67.27
OUT_13566,61.86
OUT_13567,49.46
OUT_13568,198.99
OUT_13569,63.24
OUT_13570,45.33
OUT_13571,47.13
OUT_13572,57.36
OUT_13573,62.95
OUT_13574,712.59
OUT_13575,689.24
OUT_13576,55.78
OUT_13577,65.17
OUT_13578,63.47
OUT_13579,649.86
OUT_13580,188.14
OUT_13581,67.26
OUT_13582,202.45
OUT_13583,45.04
OUT_13584,72.1
OUT_13585,59.0
OUT_13586,94.37
OUT_13587,66.26
OUT_13588,48.77
OUT_13589,56.99
OUT_13590,204.67
OUT_13591,61.58
OUT_13592,200.86
OUT_13593,63.52
OUT_13594,50.82
OUT_13595,654.79
OUT_13596,622.58
OUT_13597,47.21
OUT_13598,62.96
OUT_13599,1645.11
OUT_13600,56.93
OUT_13601,70.52
OUT_13602,195.16
OUT_13603,650.34
OUT_13604,67.67
OUT_13605,196.97
OUT_13606,47.63
OUT_13607,195.78
OUT_13608,197.57
OUT_13609,39.61
OUT_13610,74.48
OUT_13611,634.52
OUT_13612,57.65
OUT_13613,1570.13
OUT_13614,180.69
OUT_13615,41.7
OUT_13616,67.45
OUT_13617,185.27
OUT_13618,1667.93
OUT_13619,193.27
OUT_13620,684.97
OUT_13621,60.1
OUT_13622,191.88
OUT_13623,191.71
OUT_13624,196.53
OUT_13625,196.67
OUT_13626,201.7
OUT_13627,212.29
OUT_13628,57.79
OUT_13629,73.81
OUT_13630,65.12
OUT_13631,193.26
OUT_13632,72.3
OUT_13633,179.64
OUT_13634,650.66
OUT_13635,65.67
OUT_13636,61.59
OUT_13637,56.04
OUT_13638,192.71
OUT_13639,1678.26
OUT_13640,204.9
OUT_13641,199.01
OUT_13642,680.43
OUT_13643,54.8
OUT_13644,693.57
OUT_13645,654.09
OUT_13646,48.76
OUT_13647,1676.25
OUT_13648,1664.0
OUT_13649,667.66
OUT_13650,67.76
OUT_13651,194.57
OUT_13652,57.19
OUT_13653,38.83
OUT_13654,202.1
OUT_13655,65.08
OUT_13656,65.14
OUT_13657,201.72
OUT_13658,50.52
OUT_13659,61.66
OUT_13660,194.51
OUT_13661,35.31
OUT_13662,198.43
OUT_13663,195.82
OUT_13664,635.03
OUT_13665,1684.62
OUT_13666,55.97
OUT_13667,79.79
OUT_13668,195.71
OUT_13669,74.01
OUT_13670,673.8
OUT_13671,179.59
OUT_13672,200.2
OUT_13673,60.94
OUT_13674,56.55
OUT_13675,62.99
OUT_13676,61.66
OUT_13677,651.63
OUT_13678,625.29
OUT_13679,60.75
OUT_13680,75.15
OUT_13681,64.96
OUT_13682,61.58
OUT_13683,193.47
OUT_13684,193.26
OUT_13685,65.16
OUT_13686,65.1
OUT_13687,193.87
OUT_13688,67.1
OUT_13689,65.22
OUT_13690,57.15
OUT_13691,197.63
OUT_13692,50.77
OUT_13693,196.18
OUT_13694,1681.01
OUT_13695,72.67
OUT_13696,196.56
OUT_13697,195.31
OUT_13698,71.77
OUT_13699,206.99
OUT_13700,67.43
OUT_13701,57.79
OUT_13702,198.95
OUT_13703,66.09
OUT_13704,54.14
OUT_13705,60.48
OUT_13706,70.17
OUT_13707,61.59
OUT_13708,61.54
OUT_13709,66.12
OUT_13710,76.14
OUT_13711,72.88
OUT_13712,61.38
OUT_13713,68.31
OUT_13714,69.87
OUT_13715,709.03
OUT_13716,668.91
OUT_13717,201.89
OUT_13718,656.71
OUT_13719,192.84
OUT_13720,63.06
OUT_13721,199.71
OUT_13722,198.49
OUT_13723,196.29
OUT_13724,71.01
OUT_13725,75.1
OUT_13726,194.05
OUT_13727,66.12
OUT_13728,65.04
OUT_13729,65.92
OUT_13730,61.68
OUT_13731,63.09
OUT_13732,200.49
OUT_13733,62.71
OUT_13734,653.2
OUT_13735,56.52
OUT_13736,658.79
OUT_13737,657.35
OUT_13738,69.96
OUT_13739,67.32
OUT_13740,53.2
OUT_13741,64.7
OUT_13742,661.81
OUT_13743,67.51
OUT_13744,64.87
OUT_13745,58.01
OUT_13746,66.71
OUT_13747,195.64
OUT_13748,67.79
OUT_13749,65.67
OUT_13750,202.88
OUT_13751,78.26
OUT_13752,195.14
OUT_13753,1683.83
OUT_13754,67.27
OUT_13755,195.42
OUT_13756,64.9
OUT_13757,670.19
OUT_13758,620.75
OUT_13759,73.8
OUT_13760,193.41
OUT_13761,687.5
OUT_13762,623.89
OUT_13763,653.75
OUT_13764,61.46
OUT_13765,63.83
OUT_13766,57.14
OUT_13767,197.78
OUT_13768,197.1
OUT_13769,49.52
OUT_13770,49.12
OUT_13771,58.51
OUT_13772,72.77
OUT_13773,192.38
OUT_13774,54.89
OUT_13775,51.16
OUT_13776,200.71
OUT_13777,195.41
OUT_13778,62.98
OUT_13779,56.57
OUT_13780,638.69
OUT_13781,63.31
OUT_13782,72.66
OUT_13783,76.52
OUT_13784,72.76
OUT_13785,50.38
OUT_13786,193.41
OUT_13787,76.33
OUT_13788,73.71
OUT_13789,193.14
OUT_13790,233.15
OUT_13791,697.18
OUT_13792,65.91
OUT_13793,187.2
OUT_13794,69.38
OUT_13795,62.83
OUT_13796,195.89
OUT_13797,57.94
OUT_13798,60.59
OUT_13799,65.17
OUT_13800,646.84
OUT_13801,1653.53
OUT_13802,659.46
OUT_13803,63.67
OUT_13804,62.61
OUT_13805,58.23
OUT_13806,197.02
OUT_13807,191.37
OUT_13808,1675.02
OUT_13809,60.26
OUT_13810,47.34
OUT_13811,198.93
OUT_13812,650.6
OUT_13813,1708.36
OUT_13814,75.3
OUT_13815,649.04
OUT_13816,78.62
OUT_13817,187.1
OUT_13818,196.31
OUT_13819,211.94
OUT_13820,67.14
OUT_13821,670.77
OUT_13822,57.0
OUT_13823,193.4
OUT_13824,56.96
OUT_13825,52.84
OUT_13826,192.99
OUT_13827,194.07
OUT_13828,1687.94
OUT_13829,186.25
OUT_13830,60.22
OUT_13831,191.77
OUT_13832,54.04
OUT_13833,198.82
OUT_13834,198.34
OUT_13835,198.45
OUT_13836,62.99
OUT_13837,65.15
OUT_13838,63.89
OUT_13839,195.25
OUT_13840,194.58
OUT_13841,63.64
OUT_13842,52.53
OUT_13843,201.59
OUT_13844,71.48
OUT_13845,58.5
OUT_13846,77.75
OUT_13847,192.55
OUT_13848,68.17
OUT_13849,53.73
OUT_13850,63.02
OUT_13851,690.52
OUT_13852,64.94
OUT_13853,59.35
OUT_13854,56.61
OUT_13855,49.21
OUT_13856,63.69
OUT_13857,691.24
OUT_13858,630.36
OUT_13859,57.18
OUT_13860,59.53
OUT_13861,70.54
OUT_13862,67.38
OUT_13863,63.81
OUT_13864,70.28
OUT_13865,61.16
OUT_13866,70.35
OUT_13867,76.32
OUT_13868,68.28
OUT_13869,49.07
OUT_13870,64.74
OUT_13871,195.52
OUT_13872,67.39
OUT_13873,198.69
OUT_13874,35.28
OUT_13875,672.17
OUT_13876,194.86
OUT_13877,640.13
OUT_13878,194.3
OUT_13879,201.58
OUT_13880,1674.8
OUT_13881,198.3
OUT_13882,56.98
OUT_13883,1686.2
OUT_13884,661.1
OUT_13885,73.59
OUT_13886,66.83
OUT_13887,63.07
OUT_13888,62.84
OUT_13889,64.91
OUT_13890,56.83
OUT_13891,192.12
OUT_13892,57.1
OUT_13893,63.26
OUT_13894,195.33
OUT_13895,49.3
OUT_13896,196.22
OUT_13897,188.52
OUT_13898,62.94
OUT_13899,73.98
OUT_13900,201.06
OUT_13901,65.21
OUT_13902,196.0
OUT_13903,77.64
OUT_13904,667.04
OUT_13905,1669.82
OUT_13906,70.99
OUT_13907,194.59
OUT_13908,1676.84
OUT_13909,65.39
OUT_13910,72.56
OUT_13911,56.05
OUT_13912,654.89
OUT_13913,200.23
OUT_13914,214.18
OUT_13915,194.36
OUT_13916,188.01
OUT_13917,196.2
OUT_13918,201.56
OUT_13919,187.06
OUT_13920,73.1
OUT_13921,1666.01
OUT_13922,67.64
OUT_13923,62.45
OUT_13924,205.42
OUT_13925,656.81
OUT_13926,190.36
OUT_13927,67.53
OUT_13928,57.39
OUT_13929,62.49
OUT_13930,61.58
OUT_13931,207.78
OUT_13932,200.41
OUT_13933,195.68
OUT_13934,64.92
OUT_13935,190.84
OUT_13936,60.89
OUT_13937,653.32
OUT_13938,195.42
OUT_13939,65.18
OUT_13940,200.78
OUT_13941,61.58
OUT_13942,59.36
OUT_13943,683.54
OUT_13944,626.14
OUT_13945,64.93
OUT_13946,193.86
OUT_13947,197.97
OUT_13948,66.21
OUT_13949,66.08
OUT_13950,647.86
OUT_13951,193.13
OUT_13952,70.75
OUT_13953,196.32
OUT_13954,1663.65
OUT_13955,68.21
OUT_13956,646.71
OUT_13957,65.15
OUT_13958,195.28
OUT_13959,193.04
OUT_13960,49.09
OUT_13961,196.11
OUT_13962,63.5
OUT_13963,661.72
OUT_13964,66.52
OUT_13965,194.49
OUT_13966,57.16
OUT_13967,59.33
OUT_13968,56.2
OUT_13969,200.08
OUT_13970,711.31
OUT_13971,70.5
OUT_13972,645.77
OUT_13973,197.53
OUT_13974,74.32
OUT_13975,670.62
OUT_13976,65.6
OUT_13977,653.84
OUT_13978,67.37
OUT_13979,187.51
OUT_13980,203.5
OUT_13981,1667.71
OUT_13982,1687.78
OUT_13983,70.27
OUT_13984,75.85
OUT_13985,62.84
OUT_13986,1675.03
OUT_13987,67.49
OUT_13988,197.64
OUT_13989,55.91
OUT_13990,62.97
OUT_13991,199.53
OUT_13992,668.82
OUT_13993,68.31
OUT_13994,195.48
OUT_13995,77.98
OUT_13996,1694.25
OUT_13997,67.28
OUT_13998,1665.82
OUT_13999,66.25
OUT_14000,65.75
OUT_14001,52.87
OUT_14002,67.1
OUT_14003,68.52
OUT_14004,67.28
OUT_14005,195.22
OUT_14006,62.89
OUT_14007,184.2
OUT_14008,192.83
OUT_14009,197.58
OUT_14010,67.31
OUT_14011,199.09
OUT_14012,46.65
OUT_14013,73.33
OUT_14014,707.55
OUT_14015,685.32
OUT_14016,68.93
OUT_14017,191.85
OUT_14018,43.49
OUT_14019,194.21
OUT_14020,49.78
OUT_14021,195.27
OUT_14022,77.25
OUT_14023,1669.09
OUT_14024,628.32
OUT_14025,651.71
OUT_14026,67.2
OUT_14027,72.75
OUT_14028,79.84
OUT_14029,649.13
OUT_14030,655.66
OUT_14031,196.31
OUT_14032,649.34
OUT_14033,666.22
OUT_14034,1697.03
OUT_14035,65.17
OUT_14036,647.0
OUT_14037,650.11
OUT_14038,63.0
OUT_14039,195.83
OUT_14040,197.65
OUT_14041,58.71
OUT_14042,58.36
OUT_14043,61.41
OUT_14044,47.74
OUT_14045,190.94
OUT_14046,47.77
OUT_14047,199.71
OUT_14048,67.61
OUT_14049,58.13
OUT_14050,1689.07
OUT_14051,205.31
OUT_14052,65.18
OUT_14053,74.33
OUT_14054,70.45
OUT_14055,58.63
OUT_14056,196.41
OUT_14057,662.97
OUT_14058,194.76
OUT_14059,59.25
OUT_14060,194.01
OUT_14061,193.65
OUT_14062,657.54
OUT_14063,1618.85
OUT_14064,65.16
OUT_14065,661.38
OUT_14066,73.05
OUT_14067,67.44
OUT_14068,187.05
OUT_14069,57.28
OUT_14070,197.22
OUT_14071,59.29
OUT_14072,187.92
OUT_14073,65.14
OUT_14074,629.01
OUT_14075,61.29
OUT_14076,635.52
OUT_14077,63.25
OUT_14078,199.98
OUT_14079,65.73
OUT_14080,192.55
OUT_14081,49.45
OUT_14082,675.34
OUT_14083,65.17
OUT_14084,67.66
OUT_14085,175.57
OUT_14086,690.96
OUT_14087,65.76
OUT_14088,198.49
OUT_14089,714.97
OUT_14090,640.11
OUT_14091,64.98
OUT_14092,51.61
OUT_14093,1674.51
OUT_14094,66.74
OUT_14095,194.58
OUT_14096,65.0
OUT_14097,46.86
OUT_14098,193.87
OUT_14099,203.14
OUT_14100,47.72
OUT_14101,61.91
OUT_14102,194.19
OUT_14103,67.54
OUT_14104,64.88
OUT_14105,65.12
OUT_14106,185.76
OUT_14107,67.49
OUT_14108,62.98
OUT_14109,697.21
OUT_14110,199.88
OUT_14111,652.94
OUT_14112,65.19
OUT_14113,67.58
OUT_14114,677.3
OUT_14115,65.17
OUT_14116,66.69
OUT_14117,196.85
OUT_14118,1613.87
OUT_14119,192.22
OUT_14120,46.67
OUT_14121,70.22
OUT_14122,51.12
OUT_14123,56.05
OUT_14124,55.76
OUT_14125,57.22
OUT_14126,195.35
OUT_14127,647.5
OUT_14128,58.66
OUT_14129,64.88
OUT_14130,60.44
OUT_14131,662.64
OUT_14132,213.54
OUT_14133,632.36
OUT_14134,72.67
OUT_14135,186.23
OUT_14136,65.51
OUT_14137,53.71
OUT_14138,61.29
OUT_14139,1641.68
OUT_14140,56.92
OUT_14141,57.14
OUT_14142,194.37
OUT_14143,67.76
OUT_14144,192.7
OUT_14145,137.11
OUT_14146,194.79
OUT_14147,186.21
OUT_14148,67.3
OUT_14149,65.12
OUT_14150,70.37
OUT_14151,54.37
OUT_14152,204.91
OUT_14153,51.56
OUT_14154,191.07
OUT_14155,65.39
OUT_14156,198.59
OUT_14157,72.67
OUT_14158,60.69
OUT_14159,199.77
OUT_14160,51.12
OUT_14161,62.91
OUT_14162,190.83
OUT_14163,62.85
OUT_14164,194.93
OUT_14165,195.07
OUT_14166,194.42
OUT_14167,50.75
OUT_14168,72.78
OUT_14169,193.78
OUT_14170,194.44
OUT_14171,61.81
OUT_14172,195.22
OUT_14173,194.31
OUT_14174,54.93
OUT_14175,666.4
OUT_14176,65.85
OUT_14177,60.61
OUT_14178,66.65
OUT_14179,194.62
OUT_14180,75.31
OUT_14181,51.78
OUT_14182,188.93
OUT_14183,73.3
OUT_14184,67.42
OUT_14185,64.9
OUT_14186,638.67
OUT_14187,66.03
OUT_14188,61.54
OUT_14189,197.56
OUT_14190,69.6
OUT_14191,645.01
OUT_14192,649.05
OUT_14193,72.41
OUT_14194,59.74
OUT_14195,622.39
OUT_14196,60.35
OUT_14197,654.44
OUT_14198,58.31
OUT_14199,67.74
OUT_14200,1672.56
OUT_14201,75.05
OUT_14202,65.1
OUT_14203,196.87
OUT_14204,67.11
OUT_14205,61.47
OUT_14206,58.63
OUT_14207,193.78
OUT_14208,1671.97
OUT_14209,203.01
OUT_14210,194.72
OUT_14211,75.76
OUT_14212,201.45
OUT_14213,65.21
OUT_14214,51.22
OUT_14215,201.48
OUT_14216,77.96
OUT_14217,1627.36
OUT_14218,65.31
OUT_14219,67.34
OUT_14220,58.39
OUT_14221,191.73
OUT_14222,1701.14
OUT_14223,63.45
OUT_14224,68.28
OUT_14225,617.84
OUT_14226,620.76
OUT_14227,73.81
OUT_14228,197.18
OUT_14229,184.82
OUT_14230,68.34
OUT_14231,661.9
OUT_14232,61.44
OUT_14233,201.32
OUT_14234,70.09
OUT_14235,39.59
OUT_14236,205.05
OUT_14237,196.24
OUT_14238,202.47
OUT_14239,66.08
OUT_14240,1656.12
OUT_14241,655.34
OUT_14242,632.12
OUT_14243,205.29
OUT_14244,70.75
OUT_14245,63.14
OUT_14246,58.27
OUT_14247,196.08
OUT_14248,207.63
OUT_14249,194.73
OUT_14250,56.01
OUT_14251,677.42
OUT_14252,199.86
OUT_14253,195.06
OUT_14254,67.81
OUT_14255,61.73
OUT_14256,43.39
OUT_14257,194.56
OUT_14258,198.81
OUT_14259,57.96
OUT_14260,187.21
OUT_14261,56.21
OUT_14262,647.48
OUT_14263,193.15
OUT_14264,68.2
OUT_14265,194.31
OUT_14266,196.39
OUT_14267,185.27
OUT_14268,186.8
OUT_14269,195.9
OUT_14270,71.97
OUT_14271,199.49
OUT_14272,195.76
OUT_14273,194.88
OUT_14274,1662.81
OUT_14275,192.87
OUT_14276,56.79
OUT_14277,191.58
OUT_14278,57.17
OUT_14279,58.49
OUT_14280,644.93
OUT_14281,1648.89
OUT_14282,666.55
OUT_14283,194.17
OUT_14284,68.33
OUT_14285,57.47
OUT_14286,67.49
OUT_14287,203.67
OUT_14288,64.72
OUT_14289,64.99
OUT_14290,198.01
OUT_14291,193.97
OUT_14292,649.51
OUT_14293,61.76
OUT_14294,1670.07
OUT_14295,57.73
OUT_14296,64.9
OUT_14297,631.16
OUT_14298,206.91
OUT_14299,196.83
OUT_14300,632.03
OUT_14301,62.98
OUT_14302,67.55
OUT_14303,202.38
OUT_14304,65.15
OUT_14305,646.89
OUT_14306,64.98
OUT_14307,72.8
OUT_14308,65.17
OUT_14309,65.12
OUT_14310,205.95
OUT_14311,60.42
OUT_14312,61.68
OUT_14313,51.18
OUT_14314,193.77
OUT_14315,70.39
OUT_14316,201.65
OUT_14317,70.51
OUT_14318,650.11
OUT_14319,197.75
OUT_14320,75.5
OUT_14321,60.55
OUT_14322,193.9
OUT_14323,662.46
OUT_14324,64.76
OUT_14325,62.91
OUT_14326,195.26
OUT_14327,67.2
OUT_14328,670.62
OUT_14329,53.04
OUT_14330,51.87
OUT_14331,72.68
OUT_14332,195.41
OUT_14333,70.64
OUT_14334,659.96
OUT_14335,61.67
OUT_14336,682.78
OUT_14337,1670.96
OUT_14338,192.61
OUT_14339,61.27
OUT_14340,190.43
OUT_14341,193.27
OUT_14342,209.33
OUT_14343,197.33
OUT_14344,65.16
OUT_14345,63.01
OUT_14346,635.07
OUT_14347,65.19
OUT_14348,70.36
OUT_14349,205.2
OUT_14350,663.1
OUT_14351,641.04
OUT_14352,660.14
OUT_14353,64.88
OUT_14354,65.89
OUT_14355,645.52
OUT_14356,198.04
OUT_14357,656.27
OUT_14358,72.56
OUT_14359,655.38
OUT_14360,58.55
OUT_14361,659.1
OUT_14362,67.75
OUT_14363,195.49
OUT_14364,657.03
OUT_14365,192.62
OUT_14366,61.76
OUT_14367,1677.81
OUT_14368,199.44
OUT_14369,57.07
OUT_14370,195.42
OUT_14371,67.35
OUT_14372,60.65
OUT_14373,685.48
OUT_14374,680.06
OUT_14375,190.41
OUT_14376,641.22
OUT_14377,61.6
OUT_14378,63.88
OUT_14379,202.79
OUT_14380,198.19
OUT_14381,194.19
OUT_14382,67.9
OUT_14383,196.01
OUT_14384,672.18
OUT_14385,42.13
OUT_14386,185.31
OUT_14387,68.46
OUT_14388,195.58
OUT_14389,195.1
OUT_14390,196.88
OUT_14391,656.07
OUT_14392,67.86
OUT_14393,185.95
OUT_14394,59.3
OUT_14395,73.57
OUT_14396,198.14
OUT_14397,56.2
OUT_14398,186.15
OUT_14399,57.08
OUT_14400,57.67
OUT_14401,58.12
OUT_14402,57.2
OUT_14403,58.58
OUT_14404,54.36
OUT_14405,63.02
OUT_14406,68.04
OUT_14407,35.32
OUT_14408,216.36
OUT_14409,67.65
OUT_14410,45.06
OUT_14411,62.99
OUT_14412,73.28
OUT_14413,63.32
OUT_14414,207.56
OUT_14415,678.83
OUT_14416,64.87
OUT_14417,59.18
OUT_14418,51.75
OUT_14419,61.55
OUT_14420,65.81
OUT_14421,38.39
OUT_14422,57.02
OUT_14423,614.97
OUT_14424,185.98
OUT_14425,62.72
OUT_14426,59.25
OUT_14427,68.35
OUT_14428,53.21
OUT_14429,642.38
OUT_14430,184.78
OUT_14431,62.83
OUT_14432,47.51
OUT_14433,670.16
OUT_14434,49.81
OUT_14435,196.84
OUT_14436,1592.34
OUT_14437,63.55
OUT_14438,680.19
OUT_14439,68.39
OUT_14440,179.37
OUT_14441,717.01
OUT_14442,672.26
OUT_14443,39.56
OUT_14444,192.86
OUT_14445,67.56
OUT_14446,70.45
OUT_14447,74.99
OUT_14448,76.76
OUT_14449,56.04
OUT_14450,642.15
OUT_14451,211.64
OUT_14452,54.2
OUT_14453,1667.2
OUT_14454,192.62
OUT_14455,61.08
OUT_14456,72.65
OUT_14457,205.34
OUT_14458,197.15
OUT_14459,188.5
OUT_14460,58.37
OUT_14461,196.16
OUT_14462,195.41
OUT_14463,200.88
OUT_14464,70.9
OUT_14465,67.22
OUT_14466,65.29
OUT_14467,679.0
OUT_14468,1699.77
OUT_14469,195.93
OUT_14470,194.72
OUT_14471,195.16
OUT_14472,215.38
OUT_14473,66.73
OUT_14474,55.77
OUT_14475,48.01
OUT_14476,612.55
OUT_14477,72.37
OUT_14478,62.86
OUT_14479,195.99
OUT_14480,65.26
OUT_14481,69.7
OUT_14482,671.63
OUT_14483,193.23
OUT_14484,67.75
OUT_14485,633.47
OUT_14486,49.41
OUT_14487,67.81
OUT_14488,196.71
OUT_14489,60.75
OUT_14490,198.51
OUT_14491,73.01
OUT_14492,61.88
OUT_14493,1669.44
OUT_14494,197.61
OUT_14495,194.5
OUT_14496,59.56
OUT_14497,57.18
OUT_14498,47.69
OUT_14499,40.03
OUT_14500,67.32
OUT_14501,55.7
OUT_14502,652.58
OUT_14503,51.25
OUT_14504,65.97
OUT_14505,709.6
OUT_14506,67.21
OUT_14507,76.4
OUT_14508,1664.58
OUT_14509,48.01
OUT_14510,198.24
OUT_14511,61.66
OUT_14512,63.58
OUT_14513,661.93
OUT_14514,1684.01
OUT_14515,192.28
OUT_14516,194.13
OUT_14517,62.85
OUT_14518,205.03
OUT_14519,683.33
OUT_14520,195.48
OUT_14521,220.25
OUT_14522,195.04
OUT_14523,69.87
OUT_14524,647.24
OUT_14525,1683.58
OUT_14526,645.62
OUT_14527,65.19
OUT_14528,63.38
OUT_14529,195.87
OUT_14530,207.38
OUT_14531,202.72
OUT_14532,64.92
OUT_14533,65.14
OUT_14534,56.0
OUT_14535,196.74
OUT_14536,633.79
OUT_14537,191.78
OUT_14538,232.89
OUT_14539,53.13
OUT_14540,195.27
OUT_14541,65.41
OUT_14542,55.64
OUT_14543,74.72
OUT_14544,57.4
OUT_14545,67.81
OUT_14546,74.37
OUT_14547,1683.85
OUT_14548,55.63
OUT_14549,47.13
OUT_14550,47.63
OUT_14551,1480.22
OUT_14552,60.52
OUT_14553,667.2
OUT_14554,61.49
OUT_14555,191.0
OUT_14556,669.54
OUT_14557,197.72
OUT_14558,658.71
OUT_14559,49.67
OUT_14560,64.89
OUT_14561,191.73
OUT_14562,54.77
OUT_14563,65.16
OUT_14564,193.44
OUT_14565,68.1
OUT_14566,674.41
OUT_14567,70.4
OUT_14568,193.83
OUT_14569,71.41
OUT_14570,66.36
OUT_14571,185.53
OUT_14572,196.7
OUT_14573,194.99
OUT_14574,55.67
OUT_14575,85.99
OUT_14576,195.53
OUT_14577,649.9
OUT_14578,64.9
OUT_14579,67.8
OUT_14580,72.57
OUT_14581,55.77
OUT_14582,54.67
OUT_14583,55.69
OUT_14584,663.51
OUT_14585,56.1
OUT_14586,1668.99
OUT_14587,55.74
OUT_14588,628.14
OUT_14589,191.54
OUT_14590,199.35
OUT_14591,65.91
OUT_14592,39.25
OUT_14593,55.88
OUT_14594,202.03
OUT_14595,67.51
OUT_14596,67.76
OUT_14597,56.13
OUT_14598,64.67
OUT_14599,65.38
OUT_14600,656.69
OUT_14601,678.92
OUT_14602,1691.5
OUT_14603,197.61
OUT_14604,65.18
OUT_14605,64.61
OUT_14606,203.69
OUT_14607,199.71
OUT_14608,679.35
OUT_14609,44.77
OUT_14610,60.32
OUT_14611,192.74
OUT_14612,658.53
OUT_14613,185.43
OUT_14614,191.15
OUT_14615,1677.77
OUT_14616,67.33
OUT_14617,62.9
OUT_14618,62.86
OUT_14619,645.84
OUT_14620,70.8
OUT_14621,56.08
OUT_14622,195.54
OUT_14623,187.2
OUT_14624,59.27
OUT_14625,49.28
OUT_14626,196.11
OUT_14627,64.05
OUT_14628,195.41
OUT_14629,193.45
OUT_14630,1653.71
OUT_14631,684.27
OUT_14632,67.18
OUT_14633,75.93
OUT_14634,64.91
OUT_14635,669.9
OUT_14636,197.06
OUT_14637,67.38
OUT_14638,191.82
OUT_14639,195.18
OUT_14640,68.21
OUT_14641,197.02
OUT_14642,39.58
OUT_14643,64.91
OUT_14644,198.68
OUT_14645,652.78
OUT_14646,66.84
OUT_14647,65.41
OUT_14648,55.51
OUT_14649,194.33
OUT_14650,70.15
OUT_14651,197.16
OUT_14652,69.28
OUT_14653,65.55
OUT_14654,61.35
OUT_14655,62.28
OUT_14656,68.1
OUT_14657,65.96
OUT_14658,63.1
OUT_14659,70.76
OUT_14660,67.47
OUT_14661,56.04
OUT_14662,658.8
OUT_14663,1692.95
OUT_14664,693.0
OUT_14665,63.04
OUT_14666,65.3
OUT_14667,54.24
OUT_14668,70.42
OUT_14669,63.22
OUT_14670,193.92
OUT_14671,1704.56
OUT_14672,671.28
OUT_14673,194.13
OUT_14674,195.32
OUT_14675,57.83
OUT_14676,65.52
OUT_14677,59.5
OUT_14678,67.34
OUT_14679,193.42
OUT_14680,194.34
OUT_14681,689.84
OUT_14682,75.09
OUT_14683,655.47
OUT_14684,58.36
OUT_14685,196.26
OUT_14686,193.96
OUT_14687,193.06
OUT_14688,195.0
OUT_14689,62.86
OUT_14690,194.04
OUT_14691,76.83
OUT_14692,35.29
OUT_14693,196.99
OUT_14694,646.51
OUT_14695,60.34
OUT_14696,130.5
OUT_14697,59.16
OUT_14698,659.85
OUT_14699,672.25
OUT_14700,68.25
OUT_14701,67.34
OUT_14702,57.09
OUT_14703,63.06
OUT_14704,58.1
OUT_14705,195.98
OUT_14706,67.87
OUT_14707,51.75
OUT_14708,661.29
OUT_14709,646.65
OUT_14710,193.56
OUT_14711,61.36
OUT_14712,644.85
OUT_14713,56.05
OUT_14714,194.04
OUT_14715,70.36
OUT_14716,57.96
OUT_14717,57.17
OUT_14718,67.4
OUT_14719,231.71
OUT_14720,1682.66
OUT_14721,208.16
OUT_14722,194.85
OUT_14723,199.53
OUT_14724,195.13
OUT_14725,650.48
OUT_14726,195.06
OUT_14727,57.75
OUT_14728,190.99
OUT_14729,55.81
OUT_14730,193.53
OUT_14731,61.52
OUT_14732,65.22
OUT_14733,67.62
OUT_14734,57.87
OUT_14735,197.95
OUT_14736,196.21
OUT_14737,56.11
OUT_14738,191.61
OUT_14739,213.58
OUT_14740,45.31
OUT_14741,650.41
OUT_14742,70.67
OUT_14743,657.17
OUT_14744,57.62
OUT_14745,192.72
OUT_14746,65.67
OUT_14747,67.46
OUT_14748,67.81
OUT_14749,633.61
OUT_14750,195.59
OUT_14751,187.29
OUT_14752,666.99
OUT_14753,184.82
OUT_14754,690.42
OUT_14755,187.48
OUT_14756,195.86
OUT_14757,684.63
OUT_14758,185.28
OUT_14759,198.94
OUT_14760,699.46
OUT_14761,68.31
OUT_14762,216.73
OUT_14763,67.62
OUT_14764,63.65
OUT_14765,190.96
OUT_14766,200.93
OUT_14767,681.56
OUT_14768,195.82
OUT_14769,49.41
OUT_14770,205.11
OUT_14771,1659.49
OUT_14772,69.93
OUT_14773,679.18
OUT_14774,680.42
OUT_14775,65.68
OUT_14776,62.85
OUT_14777,195.8
OUT_14778,642.08
OUT_14779,66.05
OUT_14780,60.62
OUT_14781,67.61
OUT_14782,686.4
OUT_14783,195.46
OUT_14784,65.19
OUT_14785,66.19
OUT_14786,58.51
OUT_14787,643.69
OUT_14788,65.27
OUT_14789,67.51
OUT_14790,68.01
OUT_14791,192.34
OUT_14792,66.3
OUT_14793,56.62
OUT_14794,61.72
OUT_14795,56.12
OUT_14796,55.76
OUT_14797,70.35
OUT_14798,201.33
OUT_14799,640.98
OUT_14800,656.07
OUT_14801,74.79
OUT_14802,198.79
OUT_14803,194.98
OUT_14804,57.19
OUT_14805,63.08
OUT_14806,61.48
OUT_14807,60.27
OUT_14808,65.9
OUT_14809,1661.22
OUT_14810,196.92
OUT_14811,201.64
OUT_14812,65.15
OUT_14813,50.9
OUT_14814,185.52
OUT_14815,60.58
OUT_14816,49.75
OUT_14817,64.93
OUT_14818,716.56
OUT_14819,65.58
OUT_14820,666.04
OUT_14821,61.88
OUT_14822,1708.51
OUT_14823,673.61
OUT_14824,50.64
OUT_14825,198.36
OUT_14826,55.69
OUT_14827,54.64
OUT_14828,68.09
OUT_14829,51.27
OUT_14830,1688.02
OUT_14831,62.51
OUT_14832,57.35
OUT_14833,1694.39
OUT_14834,665.98
OUT_14835,63.04
OUT_14836,195.65
OUT_14837,57.45
OUT_14838,63.5
OUT_14839,180.14
OUT_14840,67.28
OUT_14841,64.85
OUT_14842,196.85
OUT_14843,204.97
OUT_14844,65.66
OUT_14845,67.59
OUT_14846,660.33
OUT_14847,192.98
OUT_14848,67.4
OUT_14849,74.42
OUT_14850,69.29
OUT_14851,63.84
OUT_14852,65.05
OUT_14853,200.24
OUT_14854,72.44
OUT_14855,76.47
OUT_14856,664.36
OUT_14857,203.17
OUT_14858,206.25
OUT_14859,685.3
OUT_14860,61.68
OUT_14861,70.71
OUT_14862,199.3
OUT_14863,188.85
OUT_14864,633.59
OUT_14865,195.78
OUT_14866,60.28
OUT_14867,67.38
OUT_14868,634.23
OUT_14869,674.1
OUT_14870,193.19
OUT_14871,186.49
OUT_14872,1670.97
OUT_14873,60.17
OUT_14874,1687.73
OUT_14875,1702.15
OUT_14876,643.84
OUT_14877,63.47
OUT_14878,190.14
OUT_14879,65.43
OUT_14880,67.28
OUT_14881,635.49
OUT_14882,669.26
OUT_14883,196.9
OUT_14884,660.79
OUT_14885,629.23
OUT_14886,53.18
OUT_14887,194.9
OUT_14888,65.16
OUT_14889,195.89
OUT_14890,66.28
OUT_14891,68.22
OUT_14892,58.23
OUT_14893,69.64
OUT_14894,194.14
OUT_14895,65.48
OUT_14896,67.33
OUT_14897,208.25
OUT_14898,74.03
OUT_14899,51.66
OUT_14900,62.28
OUT_14901,194.77
OUT_14902,190.28
OUT_14903,48.95
OUT_14904,198.3
OUT_14905,194.29
OUT_14906,56.97
OUT_14907,62.82
OUT_14908,199.82
OUT_14909,60.17
OUT_14910,62.87
OUT_14911,681.88
OUT_14912,60.68
OUT_14913,191.68
OUT_14914,685.88
OUT_14915,67.56
OUT_14916,191.56
OUT_14917,54.37
OUT_14918,61.02
OUT_14919,65.29
OUT_14920,61.58
OUT_14921,70.5
OUT_14922,1708.68
OUT_14923,188.85
OUT_14924,199.39
OUT_14925,193.6
OUT_14926,193.8
OUT_14927,199.84
OUT_14928,691.42
OUT_14929,194.22
OUT_14930,671.08
OUT_14931,58.42
OUT_14932,56.12
OUT_14933,73.82
OUT_14934,194.59
OUT_14935,194.48
OUT_14936,201.24
OUT_14937,646.21
OUT_14938,195.24
OUT_14939,68.36
OUT_14940,652.01
OUT_14941,627.37
OUT_14942,67.08
OUT_14943,63.19
OUT_14944,65.93
OUT_14945,51.77
OUT_14946,636.91
OUT_14947,679.29
OUT_14948,67.91
OUT_14949,54.11
OUT_14950,74.9
OUT_14951,62.9
OUT_14952,63.58
OUT_14953,198.97
OUT_14954,197.69
OUT_14955,61.49
OUT_14956,185.27
OUT_14957,64.99
OUT_14958,631.1
OUT_14959,1655.88
OUT_14960,199.82
OUT_14961,64.9
OUT_14962,190.94
OUT_14963,189.16
OUT_14964,74.12
OUT_14965,192.87
OUT_14966,76.34
OUT_14967,194.17
OUT_14968,196.82
OUT_14969,67.27
OUT_14970,64.99
OUT_14971,196.08
OUT_14972,180.4
OUT_14973,51.2
OUT_14974,676.13
OUT_14975,66.01
OUT_14976,189.69
OUT_14977,194.65
OUT_14978,65.01
OUT_14979,73.52
OUT_14980,50.83
OUT_14981,687.61
OUT_14982,195.09
OUT_14983,201.79
OUT_14984,73.26
OUT_14985,69.6
OUT_14986,672.23
OUT_14987,194.79
OUT_14988,190.89
OUT_14989,199.14
OUT_14990,195.35
OUT_14991,661.01
OUT_14992,652.28
OUT_14993,659.39
OUT_14994,646.78
OUT_14995,60.66
OUT_14996,70.47
OUT_14997,65.26
OUT_14998,198.18
OUT_14999,72.53
OUT_15000,61.36
OUT_15001,194.93
OUT_15002,61.48
OUT_15003,81.49
OUT_15004,189.68
OUT_15005,1663.23
OUT_15006,194.11
OUT_15007,1679.8
OUT_15008,192.64
OUT_15009,53.65
OUT_15010,62.85
OUT_15011,59.03
OUT_15012,191.22
OUT_15013,191.78
OUT_15014,72.41
OUT_15015,64.9
OUT_15016,58.5
OUT_15017,56.04
OUT_15018,45.33
OUT_15019,198.41
OUT_15020,637.75
OUT_15021,68.04
OUT_15022,187.35
OUT_15023,64.91
OUT_15024,197.28
OUT_15025,643.66
OUT_15026,60.63
OUT_15027,209.71
OUT_15028,195.21
OUT_15029,62.86
OUT_15030,67.52
OUT_15031,66.09
OUT_15032,64.99
OUT_15033,196.2
OUT_15034,65.11
OUT_15035,206.11
OUT_15036,58.5
OUT_15037,65.18
OUT_15038,195.14
OUT_15039,170.67
OUT_15040,63.23
OUT_15041,656.66
OUT_15042,668.41
OUT_15043,193.94
OUT_15044,67.31
OUT_15045,57.04
OUT_15046,682.05
OUT_15047,1692.5
OUT_15048,61.96
OUT_15049,664.36
OUT_15050,57.12
OUT_15051,662.65
OUT_15052,659.74
OUT_15053,623.4
OUT_15054,194.22
OUT_15055,1699.42
OUT_15056,61.23
OUT_15057,1642.54
OUT_15058,70.53
OUT_15059,62.97
OUT_15060,65.01
OUT_15061,680.73
OUT_15062,194.85
OUT_15063,638.72
OUT_15064,61.56
OUT_15065,655.59
OUT_15066,62.8
OUT_15067,200.7
OUT_15068,67.55
OUT_15069,60.56
OUT_15070,217.59
OUT_15071,65.34
OUT_15072,202.36
OUT_15073,75.71
OUT_15074,66.09
OUT_15075,51.8
OUT_15076,647.64
OUT_15077,53.18
OUT_15078,706.52
OUT_15079,67.55
OUT_15080,63.22
OUT_15081,688.34
OUT_15082,697.24
OUT_15083,685.78
OUT_15084,65.67
OUT_15085,196.4
OUT_15086,49.82
OUT_15087,58.46
OUT_15088,57.23
OUT_15089,1668.96
OUT_15090,64.9
OUT_15091,662.57
OUT_15092,194.63
OUT_15093,661.06
OUT_15094,74.09
OUT_15095,64.11
OUT_15096,193.99
OUT_15097,61.45
OUT_15098,693.93
OUT_15099,64.77
OUT_15100,197.92
OUT_15101,193.27
OUT_15102,65.4
OUT_15103,669.94
OUT_15104,189.68
OUT_15105,70.79
OUT_15106,67.34
OUT_15107,65.34
OUT_15108,635.86
OUT_15109,69.66
OUT_15110,61.52
OUT_15111,194.7
OUT_15112,64.93
OUT_15113,73.44
OUT_15114,658.71
OUT_15115,196.86
OUT_15116,197.15
OUT_15117,70.26
OUT_15118,55.73
OUT_15119,35.42
OUT_15120,61.68
OUT_15121,61.17
OUT_15122,652.84
OUT_15123,65.12
OUT_15124,51.49
OUT_15125,638.92
OUT_15126,55.71
OUT_15127,44.69
OUT_15128,65.22
OUT_15129,190.61
OUT_15130,68.02
OUT_15131,57.02
OUT_15132,679.53
OUT_15133,68.11
OUT_15134,195.18
OUT_15135,676.92
OUT_15136,72.61
OUT_15137,64.62
OUT_15138,66.39
OUT_15139,199.22
OUT_15140,73.08
OUT_15141,54.68
OUT_15142,72.51
OUT_15143,64.88
OUT_15144,68.27
OUT_15145,1635.6
OUT_15146,199.06
OUT_15147,639.36
OUT_15148,190.77
OUT_15149,194.43
OUT_15150,58.49
OUT_15151,68.21
OUT_15152,67.8
OUT_15153,194.54
OUT_15154,641.46
OUT_15155,197.66
OUT_15156,682.09
OUT_15157,71.01
OUT_15158,675.32
OUT_15159,663.18
OUT_15160,1687.35
OUT_15161,193.12
OUT_15162,51.86
OUT_15163,636.26
OUT_15164,77.15
OUT_15165,187.25
OUT_15166,205.7
OUT_15167,190.86
OUT_15168,645.54
OUT_15169,56.82
OUT_15170,198.78
OUT_15171,60.95
OUT_15172,62.83
OUT_15173,193.69
OUT_15174,56.86
OUT_15175,51.83
OUT_15176,194.66
OUT_15177,196.89
OUT_15178,66.57
OUT_15179,1681.45
OUT_15180,55.52
OUT_15181,196.43
OUT_15182,67.76
OUT_15183,666.82
OUT_15184,662.76
OUT_15185,666.6
OUT_15186,74.02
OUT_15187,193.83
OUT_15188,51.67
OUT_15189,193.34
OUT_15190,65.29
OUT_15191,87.2
OUT_15192,64.89
OUT_15193,200.24
OUT_15194,194.32
OUT_15195,61.54
OUT_15196,258.71
OUT_15197,50.34
OUT_15198,673.31
OUT_15199,192.21
OUT_15200,195.2
OUT_15201,86.28
OUT_15202,630.96
OUT_15203,196.44
OUT_15204,200.24
OUT_15205,61.28
OUT_15206,55.5
OUT_15207,72.55
OUT_15208,666.15
OUT_15209,60.18
OUT_15210,49.46
OUT_15211,68.27
OUT_15212,637.17
OUT_15213,65.21
OUT_15214,197.25
OUT_15215,201.31
OUT_15216,197.94
OUT_15217,67.46
OUT_15218,190.97
OUT_15219,192.35
OUT_15220,202.72
OUT_15221,61.54
OUT_15222,689.82
OUT_15223,65.91
OUT_15224,195.83
OUT_15225,73.13
OUT_15226,61.53
OUT_15227,62.9
OUT_15228,656.41
OUT_15229,55.97
OUT_15230,63.08
OUT_15231,193.14
OUT_15232,1665.41
OUT_15233,194.42
OUT_15234,65.95
OUT_15235,1712.72
OUT_15236,617.05
OUT_15237,60.54
OUT_15238,1682.51
OUT_15239,64.97
OUT_15240,197.88
OUT_15241,57.63
OUT_15242,61.64
OUT_15243,186.0
OUT_15244,67.54
OUT_15245,57.14
OUT_15246,682.07
OUT_15247,70.73
OUT_15248,65.98
OUT_15249,672.89
OUT_15250,636.51
OUT_15251,152.82
OUT_15252,1657.03
OUT_15253,195.64
OUT_15254,52.32
OUT_15255,654.88
OUT_15256,668.12
OUT_15257,65.2
OUT_15258,67.81
OUT_15259,640.7
OUT_15260,718.4
OUT_15261,65.3
OUT_15262,66.01
OUT_15263,199.22
OUT_15264,186.82
OUT_15265,57.92
OUT_15266,1657.23
OUT_15267,659.47
OUT_15268,67.5
OUT_15269,74.67
OUT_15270,40.32
OUT_15271,72.81
OUT_15272,656.19
OUT_15273,191.63
OUT_15274,192.57
OUT_15275,46.69
OUT_15276,68.19
OUT_15277,194.38
OUT_15278,53.26
OUT_15279,65.55
OUT_15280,194.3
OUT_15281,62.59
OUT_15282,186.57
OUT_15283,1663.87
OUT_15284,74.69
OUT_15285,1689.76
OUT_15286,63.24
OUT_15287,203.66
OUT_15288,49.04
OUT_15289,195.68
OUT_15290,184.37
OUT_15291,651.13
OUT_15292,61.72
OUT_15293,51.05
OUT_15294,1684.65
OUT_15295,52.34
OUT_15296,65.0
OUT_15297,61.71
OUT_15298,191.05
OUT_15299,665.06
OUT_15300,195.46
OUT_15301,195.24
OUT_15302,67.87
OUT_15303,194.69
OUT_15304,202.19
OUT_15305,70.32
OUT_15306,61.44
OUT_15307,69.56
OUT_15308,196.97
OUT_15309,69.81
OUT_15310,194.74
OUT_15311,194.4
OUT_15312,35.31
OUT_15313,194.24
OUT_15314,57.22
OUT_15315,1667.14
OUT_15316,653.76
OUT_15317,662.76
OUT_15318,200.11
OUT_15319,198.59
OUT_15320,187.49
OUT_15321,53.13
OUT_15322,662.71
OUT_15323,208.85
OUT_15324,197.19
OUT_15325,72.96
OUT_15326,61.79
OUT_15327,650.07
OUT_15328,57.23
OUT_15329,671.8
OUT_15330,73.05
OUT_15331,195.34
OUT_15332,74.19
OUT_15333,625.83
OUT_15334,193.77
OUT_15335,681.4
OUT_15336,60.72
OUT_15337,620.77
OUT_15338,58.54
OUT_15339,44.04
OUT_15340,689.31
OUT_15341,212.79
OUT_15342,1705.75
OUT_15343,196.15
OUT_15344,694.87
OUT_15345,65.85
OUT_15346,194.13
OUT_15347,69.83
OUT_15348,65.14
OUT_15349,213.85
OUT_15350,65.39
OUT_15351,196.15
OUT_15352,197.04
OUT_15353,1669.31
OUT_15354,55.72
OUT_15355,67.42
OUT_15356,1648.5
OUT_15357,70.69
OUT_15358,639.71
OUT_15359,55.94
OUT_15360,67.42
OUT_15361,201.71
OUT_15362,195.96
OUT_15363,195.14
OUT_15364,194.77
OUT_15365,63.67
OUT_15366,58.37
OUT_15367,65.13
OUT_15368,58.45
OUT_15369,196.81
OUT_15370,196.0
OUT_15371,66.33
OUT_15372,1666.4
OUT_15373,160.07
OUT_15374,53.58
OUT_15375,199.1
OUT_15376,630.99
OUT_15377,205.05
OUT_15378,70.83
OUT_15379,191.76
OUT_15380,56.04
OUT_15381,196.53
OUT_15382,194.13
OUT_15383,65.45
OUT_15384,70.62
OUT_15385,68.04
OUT_15386,67.65
OUT_15387,193.12
OUT_15388,70.24
OUT_15389,66.02
OUT_15390,668.32
OUT_15391,192.85
OUT_15392,191.0
OUT_15393,60.11
OUT_15394,61.58
OUT_15395,63.49
OUT_15396,64.92
OUT_15397,643.55
OUT_15398,665.08
OUT_15399,682.26
OUT_15400,662.8
OUT_15401,67.41
OUT_15402,196.5
OUT_15403,67.5
OUT_15404,40.72
OUT_15405,67.65
OUT_15406,64.72
OUT_15407,193.62
OUT_15408,47.54
OUT_15409,193.12
OUT_15410,186.73
OUT_15411,195.69
OUT_15412,624.71
OUT_15413,68.05
OUT_15414,66.83
OUT_15415,1659.94
OUT_15416,199.07
OUT_15417,632.89
OUT_15418,646.51
OUT_15419,194.86
OUT_15420,189.94
OUT_15421,70.6
OUT_15422,58.44
OUT_15423,189.94
OUT_15424,629.71
OUT_15425,194.98
OUT_15426,60.85
OUT_15427,62.92
OUT_15428,1657.29
OUT_15429,188.24
OUT_15430,65.19
OUT_15431,196.82
OUT_15432,63.22
OUT_15433,62.92
OUT_15434,65.23
OUT_15435,660.78
OUT_15436,72.58
OUT_15437,207.93
OUT_15438,194.54
OUT_15439,175.44
OUT_15440,67.64
OUT_15441,70.79
OUT_15442,640.93
OUT_15443,72.24
OUT_15444,198.72
OUT_15445,62.93
OUT_15446,193.14
OUT_15447,201.0
OUT_15448,68.03
OUT_15449,645.68
OUT_15450,189.39
OUT_15451,652.65
OUT_15452,193.26
OUT_15453,72.26
OUT_15454,198.74
OUT_15455,637.39
OUT_15456,67.61
OUT_15457,60.72
OUT_15458,665.63
OUT_15459,74.44
OUT_15460,196.13
OUT_15461,672.5
OUT_15462,665.86
OUT_15463,200.45
OUT_15464,193.48
OUT_15465,73.49
OUT_15466,643.85
OUT_15467,200.76
OUT_15468,1664.63
OUT_15469,157.59
OUT_15470,645.54
OUT_15471,47.74
OUT_15472,683.84
OUT_15473,55.62
OUT_15474,198.12
OUT_15475,67.32
OUT_15476,68.18
OUT_15477,191.25
OUT_15478,70.72
OUT_15479,50.27
OUT_15480,660.47
OUT_15481,667.47
OUT_15482,56.08
OUT_15483,207.12
OUT_15484,192.72
OUT_15485,258.42
OUT_15486,68.3
OUT_15487,659.9
OUT_15488,75.48
OUT_15489,647.34
OUT_15490,64.86
OUT_15491,62.88
OUT_15492,68.98
OUT_15493,672.88
OUT_15494,189.16
OUT_15495,67.47
OUT_15496,1676.83
OUT_15497,659.02
OUT_15498,636.01
OUT_15499,72.71
OUT_15500,53.16
OUT_15501,67.49
OUT_15502,657.34
OUT_15503,42.67
OUT_15504,678.79
OUT_15505,194.62
OUT_15506,682.49
OUT_15507,201.03
OUT_15508,68.28
OUT_15509,685.89
OUT_15510,65.09
OUT_15511,1676.61
OUT_15512,655.12
OUT_15513,1663.97
OUT_15514,1674.0
OUT_15515,61.57
OUT_15516,190.24
OUT_15517,638.68
OUT_15518,180.21
OUT_15519,211.26
OUT_15520,74.92
OUT_15521,656.23
OUT_15522,660.99
OUT_15523,195.19
OUT_15524,197.42
OUT_15525,58.57
OUT_15526,201.46
OUT_15527,203.83
OUT_15528,637.6
OUT_15529,57.04
OUT_15530,61.73
OUT_15531,67.5
OUT_15532,667.32
OUT_15533,54.12
OUT_15534,1655.37
OUT_15535,200.81
OUT_15536,56.26
OUT_15537,194.23
OUT_15538,657.07
OUT_15539,70.46
OUT_15540,73.07
OUT_15541,64.64
OUT_15542,69.55
OUT_15543,690.51
OUT_15544,73.89
OUT_15545,194.72
OUT_15546,63.68
OUT_15547,213.01
OUT_15548,667.95
OUT_15549,195.76
OUT_15550,77.37
OUT_15551,202.23
OUT_15552,1690.39
OUT_15553,64.66
OUT_15554,63.0
OUT_15555,56.15
OUT_15556,65.83
OUT_15557,68.21
OUT_15558,67.46
OUT_15559,54.3
OUT_15560,196.28
OUT_15561,48.82
OUT_15562,1670.24
OUT_15563,59.37
OUT_15564,67.5
OUT_15565,640.67
OUT_15566,65.35
OUT_15567,64.98
OUT_15568,67.38
OUT_15569,67.43
OUT_15570,49.27
OUT_15571,72.39
OUT_15572,65.4
OUT_15573,63.1
OUT_15574,199.28
OUT_15575,72.68
OUT_15576,64.06
OUT_15577,35.27
OUT_15578,626.05
OUT_15579,204.71
OUT_15580,201.41
OUT_15581,195.71
OUT_15582,205.83
OUT_15583,1717.73
OUT_15584,667.06
OUT_15585,63.0
OUT_15586,191.46
OUT_15587,198.57
OUT_15588,72.85
OUT_15589,68.26
OUT_15590,35.22
OUT_15591,57.44
OUT_15592,1666.27
OUT_15593,647.36
OUT_15594,67.49
OUT_15595,192.98
OUT_15596,708.97
OUT_15597,64.94
OUT_15598,1674.02
OUT_15599,61.49
OUT_15600,196.42
OUT_15601,681.43
OUT_15602,67.42
OUT_15603,186.18
OUT_15604,191.6
OUT_15605,65.1
OUT_15606,204.22
OUT_15607,663.46
OUT_15608,195.42
OUT_15609,197.94
OUT_15610,63.43
OUT_15611,66.13
OUT_15612,60.19
OUT_15613,1612.53
OUT_15614,62.67
OUT_15615,197.9
OUT_15616,64.74
OUT_15617,71.14
OUT_15618,65.14
OUT_15619,191.75
OUT_15620,65.32
OUT_15621,195.33
OUT_15622,65.17
OUT_15623,191.79
OUT_15624,691.71
OUT_15625,199.3
OUT_15626,687.94
OUT_15627,1675.23
OUT_15628,1638.29
OUT_15629,666.16
OUT_15630,44.77
OUT_15631,38.42
OUT_15632,67.33
OUT_15633,58.57
OUT_15634,193.42
OUT_15635,66.9
OUT_15636,38.39
OUT_15637,1675.41
OUT_15638,196.73
OUT_15639,74.81
OUT_15640,67.33
OUT_15641,62.9
OUT_15642,63.07
OUT_15643,50.84
OUT_15644,51.12
OUT_15645,57.0
OUT_15646,194.29
OUT_15647,62.93
OUT_15648,196.58
OUT_15649,172.04
OUT_15650,1636.77
OUT_15651,186.26
OUT_15652,72.52
OUT_15653,63.85
OUT_15654,66.12
OUT_15655,66.02
OUT_15656,41.43
OUT_15657,63.7
OUT_15658,65.04
OUT_15659,194.57
OUT_15660,62.94
OUT_15661,63.3
OUT_15662,194.16
OUT_15663,58.43
OUT_15664,713.7
OUT_15665,1673.48
OUT_15666,189.33
OUT_15667,667.34
OUT_15668,191.53
OUT_15669,698.56
OUT_15670,194.69
OUT_15671,68.1
OUT_15672,197.51
OUT_15673,696.53
OUT_15674,687.16
OUT_15675,199.57
OUT_15676,57.03
OUT_15677,196.01
OUT_15678,203.16
OUT_15679,63.5
OUT_15680,641.22
OUT_15681,58.01
OUT_15682,60.59
OUT_15683,63.05
OUT_15684,63.12
OUT_15685,207.88
OUT_15686,70.7
OUT_15687,65.94
OUT_15688,1691.4
OUT_15689,60.82
OUT_15690,202.0
OUT_15691,195.56
OUT_15692,53.28
OUT_15693,676.02
OUT_15694,196.12
OUT_15695,76.31
OUT_15696,196.76
OUT_15697,1666.25
OUT_15698,62.43
OUT_15699,72.67
OUT_15700,195.32
OUT_15701,195.19
OUT_15702,654.95
OUT_15703,70.72
OUT_15704,65.14
OUT_15705,76.81
OUT_15706,192.08
OUT_15707,658.88
OUT_15708,704.86
OUT_15709,55.62
OUT_15710,70.34
OUT_15711,60.63
OUT_15712,195.17
OUT_15713,72.38
OUT_15714,64.91
OUT_15715,70.49
OUT_15716,192.05
OUT_15717,1677.35
OUT_15718,68.33
OUT_15719,630.53
OUT_15720,62.9
OUT_15721,65.15
OUT_15722,203.9
OUT_15723,49.56
OUT_15724,654.86
OUT_15725,67.11
OUT_15726,67.67
OUT_15727,193.53
OUT_15728,1665.75
OUT_15729,659.6
OUT_15730,204.68
OUT_15731,637.22
OUT_15732,51.8
OUT_15733,663.7
OUT_15734,72.67
OUT_15735,65.1
OUT_15736,198.62
OUT_15737,194.78
OUT_15738,197.36
OUT_15739,659.91
OUT_15740,193.21
OUT_15741,67.92
OUT_15742,72.78
OUT_15743,64.74
OUT_15744,62.96
OUT_15745,672.59
OUT_15746,690.6
OUT_15747,45.08
OUT_15748,639.57
OUT_15749,61.54
OUT_15750,706.11
OUT_15751,686.24
OUT_15752,64.82
OUT_15753,69.22
OUT_15754,192.7
OUT_15755,667.64
OUT_15756,635.53
OUT_15757,195.45
OUT_15758,235.01
OUT_15759,38.89
OUT_15760,192.56
OUT_15761,42.66
OUT_15762,221.52
OUT_15763,195.13
OUT_15764,193.09
OUT_15765,56.99
OUT_15766,67.5
OUT_15767,65.9
OUT_15768,57.22
OUT_15769,148.68
OUT_15770,65.88
OUT_15771,60.85
OUT_15772,191.9
OUT_15773,195.2
OUT_15774,195.81
OUT_15775,72.38
OUT_15776,65.1
OUT_15777,196.69
OUT_15778,197.97
OUT_15779,194.9
OUT_15780,660.32
OUT_15781,193.94
OUT_15782,1644.99
OUT_15783,202.23
OUT_15784,56.43
OUT_15785,49.34
OUT_15786,65.1
OUT_15787,677.37
OUT_15788,195.44
OUT_15789,62.97
OUT_15790,1689.51
OUT_15791,57.71
OUT_15792,201.21
OUT_15793,1654.06
OUT_15794,201.54
OUT_15795,203.31
OUT_15796,73.49
OUT_15797,674.35
OUT_15798,193.26
OUT_15799,678.76
OUT_15800,700.79
OUT_15801,696.93
OUT_15802,1685.96
OUT_15803,63.14
OUT_15804,58.82
OUT_15805,67.47
OUT_15806,96.06
OUT_15807,57.42
OUT_15808,192.4
OUT_15809,195.05
OUT_15810,55.48
OUT_15811,60.98
OUT_15812,196.14
OUT_15813,66.03
OUT_15814,667.97
OUT_15815,61.13
OUT_15816,67.5
OUT_15817,60.98
OUT_15818,67.57
OUT_15819,67.58
OUT_15820,65.14
OUT_15821,58.37
OUT_15822,61.16
OUT_15823,42.02
OUT_15824,60.63
OUT_15825,639.81
OUT_15826,193.34
OUT_15827,62.99
OUT_15828,679.03
OUT_15829,199.29
OUT_15830,199.84
OUT_15831,49.77
OUT_15832,206.77
OUT_15833,50.6
OUT_15834,659.49
OUT_15835,47.21
OUT_15836,61.91
OUT_15837,1690.54
OUT_15838,645.56
OUT_15839,648.59
OUT_15840,658.46
OUT_15841,219.96
OUT_15842,59.3
OUT_15843,191.87
OUT_15844,41.27
OUT_15845,652.51
OUT_15846,196.29
OUT_15847,1681.65
OUT_15848,669.2
OUT_15849,670.32
OUT_15850,47.45
OUT_15851,54.2
OUT_15852,705.95
OUT_15853,1684.28
OUT_15854,186.34
OUT_15855,57.98
OUT_15856,67.34
OUT_15857,73.04
OUT_15858,70.52
OUT_15859,194.45
OUT_15860,67.72
OUT_15861,1695.71
OUT_15862,663.02
OUT_15863,67.73
OUT_15864,65.08
OUT_15865,194.12
OUT_15866,187.23
OUT_15867,203.71
OUT_15868,68.21
OUT_15869,203.28
OUT_15870,49.29
OUT_15871,1652.7
OUT_15872,195.68
OUT_15873,56.33
OUT_15874,640.99
OUT_15875,67.62
OUT_15876,70.3
OUT_15877,1672.23
OUT_15878,193.9
OUT_15879,66.02
OUT_15880,184.74
OUT_15881,60.91
OUT_15882,623.2
OUT_15883,60.51
OUT_15884,66.78
OUT_15885,57.09
OUT_15886,674.16
OUT_15887,59.07
OUT_15888,72.88
OUT_15889,73.39
OUT_15890,1675.5
OUT_15891,63.5
OUT_15892,61.11
OUT_15893,58.87
OUT_15894,63.56
OUT_15895,690.16
OUT_15896,62.97
OUT_15897,70.88
OUT_15898,65.35
OUT_15899,628.59
OUT_15900,208.92
OUT_15901,201.27
OUT_15902,65.22
OUT_15903,65.34
OUT_15904,72.45
OUT_15905,194.47
OUT_15906,1668.1
OUT_15907,62.88
OUT_15908,209.77
OUT_15909,194.5
OUT_15910,71.95
OUT_15911,191.86
OUT_15912,658.12
OUT_15913,60.16
OUT_15914,64.86
OUT_15915,57.17
OUT_15916,67.19
OUT_15917,51.41
OUT_15918,59.3
OUT_15919,723.11
OUT_15920,194.93
OUT_15921,676.15
OUT_15922,643.88
OUT_15923,63.11
OUT_15924,198.56
OUT_15925,63.44
OUT_15926,716.67
OUT_15927,57.12
OUT_15928,57.04
OUT_15929,195.69
OUT_15930,654.38
OUT_15931,668.6
OUT_15932,74.24
OUT_15933,57.15
OUT_15934,683.06
OUT_15935,196.56
OUT_15936,53.19
OUT_15937,70.16
OUT_15938,57.26
OUT_15939,61.44
OUT_15940,63.21
OUT_15941,63.26
OUT_15942,696.04
OUT_15943,70.22
OUT_15944,72.68
OUT_15945,210.66
OUT_15946,35.4
OUT_15947,65.15
OUT_15948,47.77
OUT_15949,62.85
OUT_15950,72.8
OUT_15951,1650.1
OUT_15952,659.54
OUT_15953,193.98
OUT_15954,146.59
OUT_15955,699.0
OUT_15956,63.13
OUT_15957,60.49
OUT_15958,622.86
OUT_15959,205.39
OUT_15960,72.67
OUT_15961,199.67
OUT_15962,185.7
OUT_15963,61.39
OUT_15964,59.01
OUT_15965,65.32
OUT_15966,200.62
OUT_15967,66.24
OUT_15968,689.15
OUT_15969,62.46
OUT_15970,59.02
OUT_15971,1674.27
OUT_15972,194.02
OUT_15973,196.17
OUT_15974,193.7
OUT_15975,212.31
OUT_15976,67.79
OUT_15977,64.92
OUT_15978,219.11
OUT_15979,642.46
OUT_15980,74.62
OUT_15981,65.9
OUT_15982,51.58
OUT_15983,35.29
OUT_15984,61.61
OUT_15985,658.75
OUT_15986,207.44
OUT_15987,70.88
OUT_15988,61.46
OUT_15989,655.6
OUT_15990,186.52
OUT_15991,62.85
OUT_15992,56.07
OUT_15993,201.66
OUT_15994,194.45
OUT_15995,66.04
OUT_15996,650.75
OUT_15997,47.78
OUT_15998,202.86
OUT_15999,59.3
OUT_16000,663.42
OUT_16001,200.39
OUT_16002,43.83
OUT_16003,189.13
OUT_16004,645.04
OUT_16005,59.14
OUT_16006,193.37
OUT_16007,70.11
OUT_16008,200.2
OUT_16009,61.7
OUT_16010,67.44
OUT_16011,70.24
OUT_16012,67.9
OUT_16013,56.05
OUT_16014,65.09
OUT_16015,45.06
OUT_16016,673.18
OUT_16017,70.25
OUT_16018,62.99
OUT_16019,199.36
OUT_16020,201.8
OUT_16021,54.33
OUT_16022,66.18
OUT_16023,195.09
OUT_16024,51.13
OUT_16025,191.09
OUT_16026,197.92
OUT_16027,67.53
OUT_16028,65.62
OUT_16029,199.51
OUT_16030,68.09
OUT_16031,195.56
OUT_16032,74.69
OUT_16033,47.26
OUT_16034,659.1
OUT_16035,196.77
OUT_16036,198.67
OUT_16037,69.96
OUT_16038,63.11
OUT_16039,67.47
OUT_16040,67.3
OUT_16041,1653.19
OUT_16042,202.2
OUT_16043,665.6
OUT_16044,51.71
OUT_16045,197.31
OUT_16046,194.62
OUT_16047,64.54
OUT_16048,195.51
OUT_16049,631.14
OUT_16050,73.5
OUT_16051,63.37
OUT_16052,75.22
OUT_16053,63.19
OUT_16054,191.95
OUT_16055,655.93
OUT_16056,65.91
OUT_16057,72.39
OUT_16058,196.81
OUT_16059,68.32
OUT_16060,61.01
OUT_16061,57.58
OUT_16062,207.96
OUT_16063,202.17
OUT_16064,648.47
OUT_16065,72.42
OUT_16066,63.15
OUT_16067,51.84
OUT_16068,61.58
OUT_16069,203.17
OUT_16070,65.38
OUT_16071,1670.4
OUT_16072,64.91
OUT_16073,64.95
OUT_16074,65.42
OUT_16075,1668.21
OUT_16076,65.16
OUT_16077,199.38
OUT_16078,191.66
OUT_16079,190.21
OUT_16080,67.76
OUT_16081,46.39
OUT_16082,194.44
OUT_16083,674.69
OUT_16084,195.28
OUT_16085,1706.7
OUT_16086,652.84
OUT_16087,193.38
OUT_16088,653.58
OUT_16089,57.03
OUT_16090,74.31
OUT_16091,67.32
OUT_16092,65.2
OUT_16093,192.54
OUT_16094,1654.32
OUT_16095,65.7
OUT_16096,57.62
OUT_16097,684.83
OUT_16098,54.77
OUT_16099,195.49
OUT_16100,63.2
OUT_16101,61.66
OUT_16102,185.71
OUT_16103,185.47
OUT_16104,193.19
OUT_16105,195.83
OUT_16106,197.07
OUT_16107,199.47
OUT_16108,1658.72
OUT_16109,57.08
OUT_16110,67.85
OUT_16111,57.27
OUT_16112,196.22
OUT_16113,669.27
OUT_16114,635.31
OUT_16115,72.83
OUT_16116,706.88
OUT_16117,57.16
OUT_16118,67.37
OUT_16119,59.3
OUT_16120,66.22
OUT_16121,67.04
OUT_16122,49.42
OUT_16123,654.97
OUT_16124,195.0
OUT_16125,62.48
OUT_16126,188.27
OUT_16127,61.02
OUT_16128,196.81
OUT_16129,68.46
OUT_16130,190.23
OUT_16131,62.98
OUT_16132,72.66
OUT_16133,73.4
OUT_16134,67.55
OUT_16135,667.16
OUT_16136,663.88
OUT_16137,63.13
OUT_16138,63.08
OUT_16139,63.47
OUT_16140,212.43
OUT_16141,68.24
OUT_16142,650.44
OUT_16143,678.23
OUT_16144,624.59
OUT_16145,43.29
OUT_16146,692.76
OUT_16147,199.07
OUT_16148,48.48
OUT_16149,57.05
OUT_16150,633.03
OUT_16151,67.72
OUT_16152,65.95
OUT_16153,653.67
OUT_16154,196.21
OUT_16155,57.15
OUT_16156,196.09
OUT_16157,51.18
OUT_16158,197.64
OUT_16159,67.73
OUT_16160,62.82
OUT_16161,194.01
OUT_16162,205.84
OUT_16163,67.36
OUT_16164,628.39
OUT_16165,59.37
OUT_16166,61.42
OUT_16167,66.41
OUT_16168,77.3
OUT_16169,1662.17
OUT_16170,677.32
OUT_16171,194.02
OUT_16172,638.81
OUT_16173,201.04
OUT_16174,47.19
OUT_16175,67.39
OUT_16176,659.68
OUT_16177,191.9
OUT_16178,59.38
OUT_16179,233.83
OUT_16180,1667.41
OUT_16181,194.65
OUT_16182,61.61
OUT_16183,1644.61
OUT_16184,649.83
OUT_16185,637.92
OUT_16186,67.41
OUT_16187,72.17
OUT_16188,40.39
OUT_16189,197.0
OUT_16190,674.95
OUT_16191,68.15
OUT_16192,196.03
OUT_16193,201.87
OUT_16194,636.65
OUT_16195,1687.72
OUT_16196,196.13
OUT_16197,65.27
OUT_16198,61.6
OUT_16199,1660.75
OUT_16200,44.77
OUT_16201,682.71
OUT_16202,64.88
OUT_16203,57.95
OUT_16204,193.31
OUT_16205,64.9
OUT_16206,64.9
OUT_16207,189.11
OUT_16208,56.15
OUT_16209,638.87
OUT_16210,65.74
OUT_16211,50.66
OUT_16212,67.26
OUT_16213,63.11
OUT_16214,70.36
OUT_16215,613.84
OUT_16216,634.02
OUT_16217,194.67
OUT_16218,64.85
OUT_16219,685.32
OUT_16220,68.5
OUT_16221,65.17
OUT_16222,56.15
OUT_16223,1644.2
OUT_16224,70.83
OUT_16225,194.04
OUT_16226,35.31
OUT_16227,61.78
OUT_16228,1670.03
OUT_16229,1679.72
OUT_16230,195.44
OUT_16231,65.21
OUT_16232,64.87
OUT_16233,61.54
OUT_16234,193.91
OUT_16235,195.91
OUT_16236,61.88
OUT_16237,199.12
OUT_16238,1716.08
OUT_16239,44.77
OUT_16240,199.58
OUT_16241,56.0
OUT_16242,191.43
OUT_16243,646.42
OUT_16244,657.63
OUT_16245,671.43
OUT_16246,55.69
OUT_16247,57.94
OUT_16248,197.41
OUT_16249,64.92
OUT_16250,60.15
OUT_16251,67.65
OUT_16252,641.25
OUT_16253,56.23
OUT_16254,660.86
OUT_16255,645.35
OUT_16256,196.13
OUT_16257,75.72
OUT_16258,680.39
OUT_16259,62.11
OUT_16260,68.3
OUT_16261,193.13
OUT_16262,56.16
OUT_16263,50.33
OUT_16264,57.39
OUT_16265,61.63
OUT_16266,65.68
OUT_16267,73.99
OUT_16268,55.52
OUT_16269,191.74
OUT_16270,69.9
OUT_16271,712.05
OUT_16272,196.12
OUT_16273,634.44
OUT_16274,74.13
OUT_16275,660.74
OUT_16276,45.29
OUT_16277,57.5
OUT_16278,187.17
OUT_16279,192.63
OUT_16280,51.54
OUT_16281,56.92
OUT_16282,70.37
OUT_16283,208.55
OUT_16284,654.41
OUT_16285,60.69
OUT_16286,67.17
OUT_16287,198.99
OUT_16288,185.63
OUT_16289,69.48
OUT_16290,61.49
OUT_16291,57.47
OUT_16292,194.86
OUT_16293,190.19
OUT_16294,65.34
OUT_16295,67.32
OUT_16296,195.0
OUT_16297,198.45
OUT_16298,62.85
OUT_16299,191.02
OUT_16300,684.98
OUT_16301,66.22
OUT_16302,654.09
OUT_16303,1662.1
OUT_16304,1640.15
OUT_16305,61.72
OUT_16306,60.25
OUT_16307,59.23
OUT_16308,65.32
OUT_16309,276.43
OUT_16310,194.81
OUT_16311,697.4
OUT_16312,67.69
OUT_16313,56.73
OUT_16314,1681.02
OUT_16315,685.74
OUT_16316,65.23
OUT_16317,673.72
OUT_16318,665.7
OUT_16319,64.74
OUT_16320,57.14
OUT_16321,194.15
OUT_16322,665.69
OUT_16323,207.66
OUT_16324,64.84
OUT_16325,44.74
OUT_16326,651.59
OUT_16327,191.66
OUT_16328,679.33
OUT_16329,1658.05
OUT_16330,679.44
OUT_16331,1693.41
OUT_16332,67.35
OUT_16333,65.89
OUT_16334,647.11
OUT_16335,190.37
OUT_16336,1656.58
OUT_16337,67.71
OUT_16338,66.23
OUT_16339,49.34
OUT_16340,62.85
OUT_16341,196.18
OUT_16342,44.95
OUT_16343,658.73
OUT_16344,54.44
OUT_16345,51.75
OUT_16346,45.06
OUT_16347,61.49
OUT_16348,200.28
OUT_16349,653.44
OUT_16350,65.4
OUT_16351,647.29
OUT_16352,70.48
OUT_16353,67.92
OUT_16354,65.78
OUT_16355,70.38
OUT_16356,65.1
OUT_16357,67.42
OUT_16358,46.98
OUT_16359,198.9
OUT_16360,57.72
OUT_16361,63.78
OUT_16362,695.2
OUT_16363,51.74
OUT_16364,676.17
OUT_16365,65.71
OUT_16366,63.31
OUT_16367,196.13
OUT_16368,63.19
OUT_16369,61.75
OUT_16370,193.75
OUT_16371,61.59
OUT_16372,72.48
OUT_16373,57.02
OUT_16374,68.41
OUT_16375,210.62
OUT_16376,67.08
OUT_16377,57.1
OUT_16378,72.71
OUT_16379,56.0
OUT_16380,74.9
OUT_16381,61.73
OUT_16382,677.2
OUT_16383,648.08
OUT_16384,203.27
OUT_16385,63.54
OUT_16386,63.7
OUT_16387,195.91
OUT_16388,1705.47
OUT_16389,630.58
OUT_16390,204.76
OUT_16391,66.11
OUT_16392,54.2
OUT_16393,78.13
OUT_16394,641.49
OUT_16395,54.33
OUT_16396,72.55
OUT_16397,662.15
OUT_16398,201.02
OUT_16399,60.58
OUT_16400,67.55
OUT_16401,64.95
OUT_16402,197.39
OUT_16403,692.29
OUT_16404,190.43
OUT_16405,61.6
OUT_16406,70.79
OUT_16407,192.5
OUT_16408,68.05
OUT_16409,196.57
OUT_16410,55.55
OUT_16411,196.07
OUT_16412,74.23
OUT_16413,652.62
OUT_16414,658.49
OUT_16415,70.08
OUT_16416,61.7
OUT_16417,656.64
OUT_16418,73.55
OUT_16419,193.03
OUT_16420,49.85
OUT_16421,210.45
OUT_16422,69.43
OUT_16423,195.11
OUT_16424,655.44
OUT_16425,193.32
OUT_16426,655.73
OUT_16427,48.55
OUT_16428,61.76
OUT_16429,196.05
OUT_16430,57.82
OUT_16431,65.74
OUT_16432,39.88
OUT_16433,184.41
OUT_16434,67.09
OUT_16435,655.7
OUT_16436,194.56
OUT_16437,1700.64
OUT_16438,80.85
OUT_16439,192.29
OUT_16440,67.77
OUT_16441,1681.44
OUT_16442,56.13
OUT_16443,67.46
OUT_16444,196.23
OUT_16445,65.63
OUT_16446,51.61
OUT_16447,61.92
OUT_16448,202.62
OUT_16449,192.17
OUT_16450,59.16
OUT_16451,653.26
OUT_16452,195.39
OUT_16453,60.06
OUT_16454,207.24
OUT_16455,198.19
OUT_16456,63.11
OUT_16457,193.26
OUT_16458,65.2
OUT_16459,653.49
OUT_16460,1672.28
OUT_16461,208.33
OUT_16462,65.12
OUT_16463,195.48
OUT_16464,59.64
OUT_16465,187.49
OUT_16466,57.43
OUT_16467,650.64
OUT_16468,196.18
OUT_16469,62.8
OUT_16470,646.34
OUT_16471,65.24
OUT_16472,57.14
OUT_16473,35.3
OUT_16474,63.12
OUT_16475,63.12
OUT_16476,61.49
OUT_16477,188.47
OUT_16478,194.27
OUT_16479,203.18
OUT_16480,185.28
OUT_16481,78.51
OUT_16482,62.2
OUT_16483,196.63
OUT_16484,194.63
OUT_16485,60.52
OUT_16486,67.5
OUT_16487,193.45
OUT_16488,1673.64
OUT_16489,191.69
OUT_16490,49.5
OUT_16491,85.02
OUT_16492,1696.33
OUT_16493,62.77
OUT_16494,195.05
OUT_16495,74.95
OUT_16496,194.32
OUT_16497,633.29
OUT_16498,61.01
OUT_16499,199.99
OUT_16500,58.64
OUT_16501,195.29
OUT_16502,649.84
OUT_16503,69.94
OUT_16504,72.47
OUT_16505,64.44
OUT_16506,54.68
OUT_16507,67.99
OUT_16508,61.5
OUT_16509,59.05
OUT_16510,67.68
OUT_16511,641.87
OUT_16512,63.29
OUT_16513,195.22
OUT_16514,199.46
OUT_16515,193.21
OUT_16516,194.58
OUT_16517,187.29
OUT_16518,57.19
OUT_16519,72.71
OUT_16520,1671.89
OUT_16521,207.38
OUT_16522,65.18
OUT_16523,67.52
OUT_16524,206.31
OUT_16525,190.09
OUT_16526,62.26
OUT_16527,61.13
OUT_16528,55.17
OUT_16529,199.84
OUT_16530,676.88
OUT_16531,660.31
OUT_16532,65.99
OUT_16533,190.49
OUT_16534,78.08
OUT_16535,61.81
OUT_16536,632.89
OUT_16537,191.38
OUT_16538,1680.2
OUT_16539,196.01
OUT_16540,634.92
OUT_16541,76.1
OUT_16542,194.6
OUT_16543,198.0
OUT_16544,190.35
OUT_16545,57.1
OUT_16546,65.58
OUT_16547,56.15
OUT_16548,1705.64
OUT_16549,54.48
OUT_16550,73.07
OUT_16551,194.05
OUT_16552,74.53
OUT_16553,187.24
OUT_16554,60.6
OUT_16555,64.8
OUT_16556,65.9
OUT_16557,58.43
OUT_16558,195.29
OUT_16559,205.06
OUT_16560,65.46
OUT_16561,65.12
OUT_16562,66.04
OUT_16563,68.61
OUT_16564,60.15
OUT_16565,58.45
OUT_16566,54.04
OUT_16567,68.54
OUT_16568,63.67
OUT_16569,195.29
OUT_16570,1657.9
OUT_16571,68.16
OUT_16572,72.59
OUT_16573,1634.15
OUT_16574,35.26
OUT_16575,67.9
OUT_16576,647.76
OUT_16577,56.1
OUT_16578,194.41
OUT_16579,194.51
OUT_16580,61.47
OUT_16581,66.48
OUT_16582,61.73
OUT_16583,659.7
OUT_16584,56.97
OUT_16585,71.98
OUT_16586,615.75
OUT_16587,72.35
OUT_16588,196.26
OUT_16589,64.89
OUT_16590,667.04
OUT_16591,65.22
OUT_16592,194.63
OUT_16593,659.09
OUT_16594,69.29
OUT_16595,63.22
OUT_16596,1680.19
OUT_16597,1641.13
OUT_16598,697.41
OUT_16599,65.91
OUT_16600,44.79
OUT_16601,196.15
OUT_16602,626.08
OUT_16603,58.01
OUT_16604,63.09
OUT_16605,1689.92
OUT_16606,68.14
OUT_16607,196.53
OUT_16608,69.01
OUT_16609,195.86
OUT_16610,48.49
OUT_16611,70.55
OUT_16612,184.72
OUT_16613,47.44
OUT_16614,65.02
OUT_16615,54.61
OUT_16616,195.86
OUT_16617,196.73
OUT_16618,70.29
OUT_16619,194.4
OUT_16620,200.8
OUT_16621,63.1
OUT_16622,186.59
OUT_16623,638.44
OUT_16624,56.63
OUT_16625,70.61
OUT_16626,57.17
OUT_16627,67.96
OUT_16628,57.41
OUT_16629,51.63
OUT_16630,47.56
OUT_16631,190.16
OUT_16632,195.7
OUT_16633,681.99
OUT_16634,54.31
OUT_16635,76.27
OUT_16636,62.68
OUT_16637,64.99
OUT_16638,64.93
OUT_16639,1679.88
OUT_16640,187.29
OUT_16641,627.3
OUT_16642,190.32
OUT_16643,184.87
OUT_16644,209.09
OUT_16645,195.99
OUT_16646,197.58
OUT_16647,180.68
OUT_16648,56.14
OUT_16649,684.03
OUT_16650,72.46
OUT_16651,67.33
OUT_16652,203.95
OUT_16653,48.77
OUT_16654,678.17
OUT_16655,65.4
OUT_16656,667.32
OUT_16657,624.53
OUT_16658,60.42
OUT_16659,694.09
OUT_16660,66.19
OUT_16661,65.12
OUT_16662,199.21
OUT_16663,62.99
OUT_16664,66.13
OUT_16665,194.68
OUT_16666,46.65
OUT_16667,62.81
OUT_16668,65.59
OUT_16669,70.89
OUT_16670,602.64
OUT_16671,49.83
OUT_16672,65.87
OUT_16673,197.0
OUT_16674,63.57
OUT_16675,625.24
OUT_16676,689.16
OUT_16677,61.7
OUT_16678,38.87
OUT_16679,70.79
OUT_16680,200.43
OUT_16681,70.8
OUT_16682,68.28
OUT_16683,86.82
OUT_16684,65.14
OUT_16685,202.38
OUT_16686,57.35
OUT_16687,665.41
OUT_16688,1606.08
OUT_16689,58.63
OUT_16690,632.15
OUT_16691,66.71
OUT_16692,189.64
OUT_16693,64.0
OUT_16694,193.45
OUT_16695,78.28
OUT_16696,51.7
OUT_16697,60.23
OUT_16698,207.78
OUT_16699,67.89
OUT_16700,54.06
OUT_16701,61.76
OUT_16702,201.61
OUT_16703,670.07
OUT_16704,74.12
OUT_16705,199.27
OUT_16706,66.16
OUT_16707,673.11
OUT_16708,61.66
OUT_16709,77.61
OUT_16710,66.12
OUT_16711,688.33
OUT_16712,666.93
OUT_16713,70.45
OUT_16714,64.92
OUT_16715,55.62
OUT_16716,210.22
OUT_16717,206.15
OUT_16718,67.57
OUT_16719,201.07
OUT_16720,39.58
OUT_16721,195.42
OUT_16722,65.11
OUT_16723,69.53
OUT_16724,636.84
OUT_16725,195.81
OUT_16726,196.76
OUT_16727,65.7
OUT_16728,712.39
OUT_16729,52.86
OUT_16730,70.33
OUT_16731,197.18
OUT_16732,201.26
OUT_16733,65.02
OUT_16734,62.83
OUT_16735,60.87
OUT_16736,54.38
OUT_16737,187.37
OUT_16738,639.35
OUT_16739,206.8
OUT_16740,214.0
OUT_16741,645.77
OUT_16742,674.38
OUT_16743,67.71
OUT_16744,61.68
OUT_16745,193.42
OUT_16746,201.21
OUT_16747,185.38
OUT_16748,62.36
OUT_16749,649.3
OUT_16750,56.13
OUT_16751,65.96
OUT_16752,55.7
OUT_16753,666.91
OUT_16754,61.44
OUT_16755,63.33
OUT_16756,61.52
OUT_16757,184.8
OUT_16758,58.46
OUT_16759,65.09
OUT_16760,191.64
OUT_16761,56.14
OUT_16762,190.62
OUT_16763,44.77
OUT_16764,62.91
OUT_16765,58.23
OUT_16766,196.38
OUT_16767,54.2
OUT_16768,186.29
OUT_16769,627.54
OUT_16770,195.51
OUT_16771,44.79
OUT_16772,60.03
OUT_16773,53.07
OUT_16774,51.59
OUT_16775,661.09
OUT_16776,189.85
OUT_16777,170.35
OUT_16778,200.67
OUT_16779,59.25
OUT_16780,69.72
OUT_16781,51.11
OUT_16782,53.81
OUT_16783,202.43
OUT_16784,190.82
OUT_16785,639.45
OUT_16786,679.2
OUT_16787,660.08
OUT_16788,47.48
OUT_16789,61.49
OUT_16790,195.32
OUT_16791,638.89
OUT_16792,69.77
OUT_16793,194.76
OUT_16794,199.05
OUT_16795,56.08
OUT_16796,193.17
OUT_16797,61.67
OUT_16798,65.06
OUT_16799,63.04
OUT_16800,49.86
OUT_16801,56.14
OUT_16802,61.51
OUT_16803,61.24
OUT_16804,697.59
OUT_16805,62.91
OUT_16806,706.7
OUT_16807,195.89
OUT_16808,633.5
OUT_16809,1677.31
OUT_16810,185.58
OUT_16811,57.46
OUT_16812,664.94
OUT_16813,625.52
OUT_16814,63.09
OUT_16815,645.63
OUT_16816,76.24
OUT_16817,197.9
OUT_16818,199.01
OUT_16819,68.18
OUT_16820,668.27
OUT_16821,207.86
OUT_16822,66.22
OUT_16823,67.43
OUT_16824,213.95
OUT_16825,55.54
OUT_16826,85.35
OUT_16827,1655.87
OUT_16828,191.82
OUT_16829,66.38
OUT_16830,677.3
OUT_16831,72.55
OUT_16832,631.2
OUT_16833,186.31
OUT_16834,192.3
OUT_16835,63.41
OUT_16836,53.72
OUT_16837,61.47
OUT_16838,649.25
OUT_16839,202.12
OUT_16840,675.7
OUT_16841,611.82
OUT_16842,61.5
OUT_16843,70.14
OUT_16844,194.55
OUT_16845,65.17
OUT_16846,67.34
OUT_16847,61.6
OUT_16848,1670.82
OUT_16849,67.41
OUT_16850,54.58
OUT_16851,634.39
OUT_16852,196.34
OUT_16853,67.15
OUT_16854,65.16
OUT_16855,203.09
OUT_16856,195.12
OUT_16857,199.69
OUT_16858,637.72
OUT_16859,64.85
OUT_16860,196.02
OUT_16861,189.29
OUT_16862,69.62
OUT_16863,672.6
OUT_16864,1669.23
OUT_16865,74.72
OUT_16866,195.66
OUT_16867,58.56
OUT_16868,681.86
OUT_16869,61.55
OUT_16870,194.86
OUT_16871,78.06
OUT_16872,706.78
OUT_16873,200.43
OUT_16874,193.91
OUT_16875,196.86
OUT_16876,612.46
OUT_16877,67.63
OUT_16878,67.04
OUT_16879,60.7
OUT_16880,701.23
OUT_16881,61.44
OUT_16882,186.81
OUT_16883,60.92
OUT_16884,619.36
OUT_16885,55.76
OUT_16886,63.0
OUT_16887,53.12
OUT_16888,206.09
OUT_16889,194.29
OUT_16890,60.1
OUT_16891,676.05
OUT_16892,38.11
OUT_16893,203.57
OUT_16894,197.06
OUT_16895,73.2
OUT_16896,65.21
OUT_16897,69.95
OUT_16898,61.83
OUT_16899,663.62
OUT_16900,658.21
OUT_16901,72.91
OUT_16902,197.48
OUT_16903,76.42
OUT_16904,61.65
OUT_16905,187.26
OUT_16906,62.86
OUT_16907,63.57
OUT_16908,633.09
OUT_16909,629.53
OUT_16910,67.54
OUT_16911,74.85
OUT_16912,69.85
OUT_16913,195.2
OUT_16914,70.55
OUT_16915,75.01
OUT_16916,57.63
OUT_16917,70.39
OUT_16918,55.74
OUT_16919,58.05
OUT_16920,196.21
OUT_16921,191.24
OUT_16922,60.15
OUT_16923,197.01
OUT_16924,660.03
OUT_16925,675.15
OUT_16926,64.91
OUT_16927,201.37
OUT_16928,190.77
OUT_16929,72.3
OUT_16930,197.98
OUT_16931,65.04
OUT_16932,200.82
OUT_16933,51.78
OUT_16934,195.49
OUT_16935,1702.28
OUT_16936,200.19
OUT_16937,648.02
OUT_16938,65.31
OUT_16939,64.75
OUT_16940,47.97
OUT_16941,64.67
OUT_16942,200.05
OUT_16943,47.03
OUT_16944,186.13
OUT_16945,67.28
OUT_16946,1652.09
OUT_16947,65.3
OUT_16948,58.14
OUT_16949,52.79
OUT_16950,72.84
OUT_16951,60.27
OUT_16952,67.22
OUT_16953,55.76
OUT_16954,67.62
OUT_16955,47.5
OUT_16956,49.51
OUT_16957,58.4
OUT_16958,679.39
OUT_16959,1671.15
OUT_16960,67.34
OUT_16961,194.77
OUT_16962,61.07
OUT_16963,65.0
OUT_16964,56.11
OUT_16965,194.23
OUT_16966,67.29
OUT_16967,202.57
OUT_16968,191.11
OUT_16969,194.0
OUT_16970,195.0
OUT_16971,666.93
OUT_16972,62.87
OUT_16973,62.89
OUT_16974,196.51
OUT_16975,194.86
OUT_16976,70.13
OUT_16977,702.66
OUT_16978,70.42
OUT_16979,57.8
OUT_16980,61.27
OUT_16981,58.5
OUT_16982,66.24
OUT_16983,198.5
OUT_16984,51.25
OUT_16985,192.84
OUT_16986,1666.11
OUT_16987,197.28
OUT_16988,200.54
OUT_16989,194.55
OUT_16990,1656.09
OUT_16991,201.67
OUT_16992,54.17
OUT_16993,57.04
OUT_16994,195.19
OUT_16995,55.59
OUT_16996,195.58
OUT_16997,195.11
OUT_16998,55.97
OUT_16999,196.62
OUT_17000,62.85
OUT_17001,81.28
OUT_17002,269.42
OUT_17003,56.81
OUT_17004,250.57
OUT_17005,254.74
OUT_17006,265.75
OUT_17007,262.69
OUT_17008,934.19
OUT_17009,2102.73
OUT_17010,2071.59
OUT_17011,61.23
OUT_17012,53.32
OUT_17013,67.89
OUT_17014,2053.72
OUT_17015,251.12
OUT_17016,64.67
OUT_17017,71.15
OUT_17018,73.84
OUT_17019,278.83
OUT_17020,46.71
OUT_17021,985.17
OUT_17022,45.23
OUT_17023,81.95
OUT_17024,78.79
OUT_17025,919.97
OUT_17026,65.15
OUT_17027,80.05
OUT_17028,972.14
OUT_17029,76.61
OUT_17030,76.59
OUT_17031,76.67
OUT_17032,72.69
OUT_17033,76.19
OUT_17034,253.56
OUT_17035,76.17
OUT_17036,71.86
OUT_17037,254.03
OUT_17038,83.68
OUT_17039,263.63
OUT_17040,67.04
OUT_17041,218.73
OUT_17042,73.69
OUT_17043,44.45
OUT_17044,917.12
OUT_17045,79.94
OUT_17046,72.67
OUT_17047,983.63
OUT_17048,77.62
OUT_17049,2097.36
OUT_17050,249.81
OUT_17051,65.28
OUT_17052,76.97
OUT_17053,261.26
OUT_17054,255.32
OUT_17055,85.34
OUT_17056,246.43
OUT_17057,252.31
OUT_17058,936.11
OUT_17059,248.32
OUT_17060,60.51
OUT_17061,239.91
OUT_17062,80.44
OUT_17063,72.79
OUT_17064,252.62
OUT_17065,81.28
OUT_17066,868.51
OUT_17067,2128.11
OUT_17068,255.57
OUT_17069,246.27
OUT_17070,245.01
OUT_17071,2093.76
OUT_17072,83.19
OUT_17073,256.93
OUT_17074,256.18
OUT_17075,62.59
OUT_17076,85.38
OUT_17077,67.43
OUT_17078,936.12
OUT_17079,81.44
OUT_17080,267.46
OUT_17081,75.5
OUT_17082,2084.76
OUT_17083,77.57
OUT_17084,72.42
OUT_17085,946.06
OUT_17086,76.81
OUT_17087,962.92
OUT_17088,1036.73
OUT_17089,63.04
OUT_17090,66.64
OUT_17091,48.78
OUT_17092,943.51
OUT_17093,74.8
OUT_17094,85.64
OUT_17095,251.93
OUT_17096,85.68
OUT_17097,77.7
OUT_17098,246.56
OUT_17099,252.39
OUT_17100,254.86
OUT_17101,874.38
OUT_17102,255.94
OUT_17103,57.85
OUT_17104,245.54
OUT_17105,73.81
OUT_17106,67.14
OUT_17107,235.1
OUT_17108,68.08
OUT_17109,74.82
OUT_17110,903.12
OUT_17111,251.9
OUT_17112,76.79
OUT_17113,62.77
OUT_17114,85.44
OUT_17115,67.15
OUT_17116,64.47
OUT_17117,72.51
OUT_17118,73.16
OUT_17119,259.13
OUT_17120,86.12
OUT_17121,915.76
OUT_17122,245.18
OUT_17123,920.35
OUT_17124,815.74
OUT_17125,273.31
OUT_17126,61.72
OUT_17127,85.65
OUT_17128,87.26
OUT_17129,929.81
OUT_17130,76.61
OUT_17131,2063.88
OUT_17132,81.75
OUT_17133,65.83
OUT_17134,69.89
OUT_17135,243.16
OUT_17136,244.86
OUT_17137,260.8
OUT_17138,80.57
OUT_17139,71.66
OUT_17140,254.64
OUT_17141,239.15
OUT_17142,232.79
OUT_17143,273.7
OUT_17144,241.48
OUT_17145,40.48
OUT_17146,67.18
OUT_17147,61.85
OUT_17148,253.1
OUT_17149,237.59
OUT_17150,73.64
OUT_17151,78.56
OUT_17152,274.2
OUT_17153,2057.22
OUT_17154,85.63
OUT_17155,86.78
OUT_17156,77.08
OUT_17157,250.36
OUT_17158,240.19
OUT_17159,239.91
OUT_17160,929.39
OUT_17161,230.39
OUT_17162,952.52
OUT_17163,69.92
OUT_17164,85.07
OUT_17165,76.98
OUT_17166,76.4
OUT_17167,873.54
OUT_17168,62.99
OUT_17169,64.91
OUT_17170,53.91
OUT_17171,85.9
OUT_17172,929.22
OUT_17173,253.22
OUT_17174,38.62
OUT_17175,2066.7
OUT_17176,77.08
OUT_17177,239.63
OUT_17178,948.83
OUT_17179,221.2
OUT_17180,69.36
OUT_17181,76.03
OUT_17182,83.5
OUT_17183,905.28
OUT_17184,56.52
OUT_17185,92.46
OUT_17186,239.58
OUT_17187,2109.52
OUT_17188,73.41
OUT_17189,267.77
OUT_17190,85.91
OUT_17191,71.73
OUT_17192,853.67
OUT_17193,252.29
OUT_17194,253.31
OUT_17195,73.8
OUT_17196,67.45
OUT_17197,80.19
OUT_17198,265.37
OUT_17199,85.52
OUT_17200,251.11
OUT_17201,253.31
OUT_17202,241.43
OUT_17203,81.67
OUT_17204,252.29
OUT_17205,62.68
OUT_17206,276.91
OUT_17207,890.28
OUT_17208,922.04
OUT_17209,75.9
OUT_17210,66.22
OUT_17211,76.34
OUT_17212,89.94
OUT_17213,76.45
OUT_17214,242.58
OUT_17215,269.24
OUT_17216,2101.8
OUT_17217,77.05
OUT_17218,96.15
OUT_17219,116.9
OUT_17220,65.68
OUT_17221,77.88
OUT_17222,255.11
OUT_17223,73.94
OUT_17224,255.07
OUT_17225,218.17
OUT_17226,57.58
OUT_17227,87.37
OUT_17228,72.66
OUT_17229,73.93
OUT_17230,66.57
OUT_17231,904.09
OUT_17232,900.17
OUT_17233,240.39
OUT_17234,256.56
OUT_17235,72.54
OUT_17236,80.25
OUT_17237,69.48
OUT_17238,70.5
OUT_17239,235.19
OUT_17240,241.57
OUT_17241,251.47
OUT_17242,255.25
OUT_17243,76.37
OUT_17244,81.96
OUT_17245,247.6
OUT_17246,261.92
OUT_17247,256.9
OUT_17248,254.7
OUT_17249,70.3
OUT_17250,256.39
OUT_17251,61.36
OUT_17252,50.29
OUT_17253,254.53
OUT_17254,70.3
OUT_17255,73.08
OUT_17256,73.72
OUT_17257,253.66
OUT_17258,78.5
OUT_17259,239.78
OUT_17260,235.84
OUT_17261,69.66
OUT_17262,73.94
OUT_17263,924.47
OUT_17264,79.89
OUT_17265,82.99
OUT_17266,73.73
OUT_17267,81.39
OUT_17268,80.49
OUT_17269,255.69
OUT_17270,945.94
OUT_17271,70.17
OUT_17272,266.07
OUT_17273,274.54
OUT_17274,76.84
OUT_17275,262.69
OUT_17276,255.64
OUT_17277,255.09
OUT_17278,72.53
OUT_17279,72.68
OUT_17280,2098.24
OUT_17281,67.98
OUT_17282,243.84
OUT_17283,85.31
OUT_17284,90.95
OUT_17285,254.99
OUT_17286,85.33
OUT_17287,73.82
OUT_17288,86.06
OUT_17289,250.47
OUT_17290,53.52
OUT_17291,76.51
OUT_17292,71.49
OUT_17293,252.4
OUT_17294,85.38
OUT_17295,76.46
OUT_17296,62.5
OUT_17297,63.34
OUT_17298,77.12
OUT_17299,77.18
OUT_17300,64.84
OUT_17301,957.27
OUT_17302,266.0
OUT_17303,256.2
OUT_17304,853.9
OUT_17305,257.58
OUT_17306,85.85
OUT_17307,269.64
OUT_17308,254.18
OUT_17309,58.38
OUT_17310,84.2
OUT_17311,75.15
OUT_17312,930.17
OUT_17313,70.32
OUT_17314,886.79
OUT_17315,903.5
OUT_17316,73.05
OUT_17317,236.82
OUT_17318,934.87
OUT_17319,57.65
OUT_17320,244.35
OUT_17321,1053.34
OUT_17322,256.7
OUT_17323,257.26
OUT_17324,908.59
OUT_17325,256.37
OUT_17326,2125.51
OUT_17327,79.98
OUT_17328,249.11
OUT_17329,914.54
OUT_17330,77.92
OUT_17331,59.96
OUT_17332,75.88
OUT_17333,70.2
OUT_17334,921.88
OUT_17335,76.39
OUT_17336,75.69
OUT_17337,79.49
OUT_17338,251.81
OUT_17339,252.41
OUT_17340,77.1
OUT_17341,74.7
OUT_17342,254.91
OUT_17343,253.38
OUT_17344,74.67
OUT_17345,885.98
OUT_17346,81.3
OUT_17347,73.74
OUT_17348,887.29
OUT_17349,80.1
OUT_17350,956.88
OUT_17351,86.15
OUT_17352,80.13
OUT_17353,66.16
OUT_17354,909.27
OUT_17355,65.73
OUT_17356,75.82
OUT_17357,78.69
OUT_17358,69.53
OUT_17359,68.74
OUT_17360,67.06
OUT_17361,85.59
OUT_17362,247.1
OUT_17363,66.88
OUT_17364,258.65
OUT_17365,76.35
OUT_17366,912.6
OUT_17367,72.66
OUT_17368,84.63
OUT_17369,64.55
OUT_17370,69.54
OUT_17371,2104.87
OUT_17372,910.76
OUT_17373,255.62
OUT_17374,874.77
OUT_17375,89.4
OUT_17376,46.03
OUT_17377,60.59
OUT_17378,882.56
OUT_17379,69.51
OUT_17380,77.33
OUT_17381,81.42
OUT_17382,72.91
OUT_17383,81.65
OUT_17384,51.95
OUT_17385,257.91
OUT_17386,251.47
OUT_17387,75.93
OUT_17388,77.83
OUT_17389,2085.2
OUT_17390,73.51
OUT_17391,77.09
OUT_17392,857.05
OUT_17393,71.57
OUT_17394,241.87
OUT_17395,62.62
OUT_17396,259.98
OUT_17397,249.0
OUT_17398,49.21
OUT_17399,79.11
OUT_17400,245.35
OUT_17401,78.59
OUT_17402,250.6
OUT_17403,245.7
OUT_17404,277.49
OUT_17405,918.49
OUT_17406,76.9
OUT_17407,85.22
OUT_17408,953.2
OUT_17409,64.93
OUT_17410,84.55
OUT_17411,48.86
OUT_17412,73.79
OUT_17413,257.56
OUT_17414,253.71
OUT_17415,253.67
OUT_17416,881.59
OUT_17417,67.08
OUT_17418,256.61
OUT_17419,249.64
OUT_17420,253.03
OUT_17421,76.76
OUT_17422,943.03
OUT_17423,925.02
OUT_17424,2095.93
OUT_17425,2076.3
OUT_17426,89.16
OUT_17427,85.97
OUT_17428,72.76
OUT_17429,73.64
OUT_17430,867.8
OUT_17431,85.65
OUT_17432,239.14
OUT_17433,924.3
OUT_17434,85.52
OUT_17435,958.14
OUT_17436,915.65
OUT_17437,2128.15
OUT_17438,73.78
OUT_17439,65.73
OUT_17440,896.33
OUT_17441,85.78
OUT_17442,58.62
OUT_17443,250.29
OUT_17444,51.94
OUT_17445,72.11
OUT_17446,251.05
OUT_17447,816.73
OUT_17448,68.35
OUT_17449,85.37
OUT_17450,238.46
OUT_17451,248.04
OUT_17452,85.4
OUT_17453,254.61
OUT_17454,82.39
OUT_17455,50.26
OUT_17456,72.57
OUT_17457,916.95
OUT_17458,70.38
OUT_17459,932.8
OUT_17460,250.91
OUT_17461,67.07
OUT_17462,75.72
OUT_17463,240.95
OUT_17464,258.55
OUT_17465,81.55
OUT_17466,64.4
OUT_17467,87.07
OUT_17468,265.57
OUT_17469,74.41
OUT_17470,81.72
OUT_17471,252.23
OUT_17472,71.65
OUT_17473,240.66
OUT_17474,970.34
OUT_17475,70.34
OUT_17476,254.82
OUT_17477,926.47
OUT_17478,927.3
OUT_17479,82.11
OUT_17480,72.69
OUT_17481,72.51
OUT_17482,82.07
OUT_17483,240.2
OUT_17484,249.42
OUT_17485,85.91
OUT_17486,68.26
OUT_17487,72.82
OUT_17488,62.09
OUT_17489,85.11
OUT_17490,85.31
OUT_17491,257.16
OUT_17492,932.89
OUT_17493,73.73
OUT_17494,935.98
OUT_17495,956.02
OUT_17496,74.94
OUT_17497,71.73
OUT_17498,80.84
OUT_17499,63.04
OUT_17500,251.49
OUT_17501,264.15
OUT_17502,259.49
OUT_17503,72.39
OUT_17504,73.67
OUT_17505,88.44
OUT_17506,901.55
OUT_17507,77.33
OUT_17508,927.94
OUT_17509,57.67
OUT_17510,87.51
OUT_17511,60.82
OUT_17512,73.84
OUT_17513,70.3
OUT_17514,67.61
OUT_17515,72.46
OUT_17516,275.05
OUT_17517,77.95
OUT_17518,69.57
OUT_17519,258.7
OUT_17520,245.41
OUT_17521,260.06
OUT_17522,934.01
OUT_17523,85.74
OUT_17524,953.23
OUT_17525,81.46
OUT_17526,264.46
OUT_17527,247.66
OUT_17528,254.29
OUT_17529,70.18
OUT_17530,890.36
OUT_17531,60.95
OUT_17532,910.72
OUT_17533,76.08
OUT_17534,73.83
OUT_17535,255.34
OUT_17536,51.24
OUT_17537,73.65
OUT_17538,244.07
OUT_17539,50.6
OUT_17540,938.51
OUT_17541,67.08
OUT_17542,249.97
OUT_17543,58.5
OUT_17544,78.39
OUT_17545,85.68
OUT_17546,76.08
OUT_17547,77.64
OUT_17548,62.26
OUT_17549,2102.43
OUT_17550,242.62
OUT_17551,65.77
OUT_17552,83.0
OUT_17553,91.5
OUT_17554,261.27
OUT_17555,53.65
OUT_17556,164.73
OUT_17557,73.53
OUT_17558,88.91
OUT_17559,255.1
OUT_17560,60.97
OUT_17561,71.02
OUT_17562,52.35
OUT_17563,86.13
OUT_17564,58.86
OUT_17565,114.24
OUT_17566,270.05
OUT_17567,272.37
OUT_17568,246.65
OUT_17569,63.23
OUT_17570,63.05
OUT_17571,44.51
OUT_17572,240.73
OUT_17573,85.55
OUT_17574,905.93
OUT_17575,67.04
OUT_17576,67.28
OUT_17577,254.23
OUT_17578,67.17
OUT_17579,255.08
OUT_17580,60.81
OUT_17581,918.03
OUT_17582,82.56
OUT_17583,239.49
OUT_17584,967.56
OUT_17585,958.37
OUT_17586,77.68
OUT_17587,273.18
OUT_17588,73.69
OUT_17589,264.32
OUT_17590,81.38
OUT_17591,74.49
OUT_17592,83.07
OUT_17593,60.06
OUT_17594,80.07
OUT_17595,87.0
OUT_17596,948.45
OUT_17597,85.29
OUT_17598,2104.05
OUT_17599,46.8
OUT_17600,85.92
OUT_17601,889.49
OUT_17602,899.24
OUT_17603,265.98
OUT_17604,932.4
OUT_17605,246.37
OUT_17606,2075.33
OUT_17607,908.84
OUT_17608,76.76
OUT_17609,70.37
OUT_17610,208.96
OUT_17611,86.88
OUT_17612,73.73
OUT_17613,259.92
OUT_17614,255.41
OUT_17615,260.91
OUT_17616,78.4
OUT_17617,80.23
OUT_17618,2088.9
OUT_17619,250.79
OUT_17620,72.81
OUT_17621,933.84
OUT_17622,945.41
OUT_17623,87.66
OUT_17624,246.29
OUT_17625,257.4
OUT_17626,81.96
OUT_17627,119.67
OUT_17628,81.01
OUT_17629,924.89
OUT_17630,251.45
OUT_17631,74.28
OUT_17632,246.44
OUT_17633,96.19
OUT_17634,76.63
OUT_17635,80.32
OUT_17636,883.33
OUT_17637,79.14
OUT_17638,82.29
OUT_17639,72.59
OUT_17640,240.93
OUT_17641,49.63
OUT_17642,77.58
OUT_17643,54.17
OUT_17644,73.47
OUT_17645,247.6
OUT_17646,922.07
OUT_17647,81.18
OUT_17648,70.33
OUT_17649,80.01
OUT_17650,71.42
OUT_17651,901.2
OUT_17652,2097.8
OUT_17653,268.19
OUT_17654,240.11
OUT_17655,55.69
OUT_17656,922.99
OUT_17657,53.66
OUT_17658,53.46
OUT_17659,265.59
OUT_17660,1010.17
OUT_17661,910.32
OUT_17662,934.46
OUT_17663,50.82
OUT_17664,874.28
OUT_17665,68.72
OUT_17666,54.28
OUT_17667,922.52
OUT_17668,923.67
OUT_17669,74.65
OUT_17670,73.7
OUT_17671,254.17
OUT_17672,75.91
OUT_17673,920.28
OUT_17674,75.91
OUT_17675,246.85
OUT_17676,257.49
OUT_17677,898.6
OUT_17678,85.37
OUT_17679,241.04
OUT_17680,60.13
OUT_17681,76.81
OUT_17682,78.36
OUT_17683,251.96
OUT_17684,77.18
OUT_17685,267.6
OUT_17686,80.3
OUT_17687,2106.49
OUT_17688,255.14
OUT_17689,81.8
OUT_17690,55.61
OUT_17691,76.65
OUT_17692,74.94
OUT_17693,74.73
OUT_17694,972.72
OUT_17695,54.27
OUT_17696,259.3
OUT_17697,242.2
OUT_17698,2077.89
OUT_17699,255.17
OUT_17700,64.52
OUT_17701,76.04
OUT_17702,85.68
OUT_17703,246.9
OUT_17704,74.59
OUT_17705,61.46
OUT_17706,80.37
OUT_17707,956.48
OUT_17708,85.93
OUT_17709,261.03
OUT_17710,53.86
OUT_17711,82.61
OUT_17712,82.92
OUT_17713,76.81
OUT_17714,69.76
OUT_17715,77.05
OUT_17716,72.69
OUT_17717,945.15
OUT_17718,913.5
OUT_17719,79.17
OUT_17720,254.57
OUT_17721,251.08
OUT_17722,80.24
OUT_17723,76.04
OUT_17724,76.34
OUT_17725,72.08
OUT_17726,2080.04
OUT_17727,247.83
OUT_17728,65.78
OUT_17729,240.63
OUT_17730,85.25
OUT_17731,63.05
OUT_17732,254.03
OUT_17733,78.35
OUT_17734,87.15
OUT_17735,273.64
OUT_17736,954.81
OUT_17737,887.74
OUT_17738,940.59
OUT_17739,964.23
OUT_17740,229.71
OUT_17741,246.95
OUT_17742,258.89
OUT_17743,71.82
OUT_17744,251.11
OUT_17745,76.62
OUT_17746,64.47
OUT_17747,73.69
OUT_17748,81.56
OUT_17749,86.16
OUT_17750,74.86
OUT_17751,75.8
OUT_17752,960.12
OUT_17753,269.76
OUT_17754,2124.52
OUT_17755,254.71
OUT_17756,240.6
OUT_17757,76.99
OUT_17758,87.11
OUT_17759,79.73
OUT_17760,70.57
OUT_17761,908.92
OUT_17762,234.62
OUT_17763,263.52
OUT_17764,248.2
OUT_17765,72.91
OUT_17766,75.45
OUT_17767,74.69
OUT_17768,77.41
OUT_17769,2100.43
OUT_17770,917.37
OUT_17771,247.06
OUT_17772,88.84
OUT_17773,77.89
OUT_17774,75.68
OUT_17775,262.78
OUT_17776,876.27
OUT_17777,262.34
OUT_17778,906.88
OUT_17779,80.3
OUT_17780,235.73
OUT_17781,85.86
OUT_17782,250.75
OUT_17783,946.37
OUT_17784,80.28
OUT_17785,85.75
OUT_17786,255.5
OUT_17787,85.92
OUT_17788,84.29
OUT_17789,85.55
OUT_17790,69.53
OUT_17791,879.44
OUT_17792,243.6
OUT_17793,68.88
OUT_17794,80.83
OUT_17795,53.91
OUT_17796,72.52
OUT_17797,67.29
OUT_17798,72.72
OUT_17799,44.47
OUT_17800,947.76
OUT_17801,246.04
OUT_17802,263.56
OUT_17803,78.58
OUT_17804,77.42
OUT_17805,2100.21
OUT_17806,87.42
OUT_17807,72.6
OUT_17808,255.98
OUT_17809,230.8
OUT_17810,77.62
OUT_17811,241.69
OUT_17812,54.01
OUT_17813,73.89
OUT_17814,74.81
OUT_17815,904.24
OUT_17816,85.4
OUT_17817,55.28
OUT_17818,931.61
OUT_17819,62.08
OUT_17820,937.52
OUT_17821,77.64
OUT_17822,73.38
OUT_17823,69.5
OUT_17824,252.79
OUT_17825,58.8
OUT_17826,268.58
OUT_17827,1030.8
OUT_17828,81.78
OUT_17829,87.4
OUT_17830,929.63
OUT_17831,916.12
OUT_17832,69.41
OUT_17833,45.67
OUT_17834,274.41
OUT_17835,244.13
OUT_17836,2114.12
OUT_17837,83.86
OUT_17838,910.44
OUT_17839,915.43
OUT_17840,68.45
OUT_17841,76.89
OUT_17842,81.94
OUT_17843,2100.04
OUT_17844,256.64
OUT_17845,922.06
OUT_17846,251.18
OUT_17847,269.4
OUT_17848,85.24
OUT_17849,255.3
OUT_17850,79.99
OUT_17851,268.72
OUT_17852,250.2
OUT_17853,235.39
OUT_17854,2119.74
OUT_17855,904.46
OUT_17856,915.92
OUT_17857,85.3
OUT_17858,248.4
OUT_17859,242.87
OUT_17860,69.2
OUT_17861,67.06
OUT_17862,85.4
OUT_17863,84.91
OUT_17864,81.66
OUT_17865,76.35
OUT_17866,85.43
OUT_17867,252.97
OUT_17868,69.2
OUT_17869,253.42
OUT_17870,63.12
OUT_17871,260.0
OUT_17872,88.21
OUT_17873,84.83
OUT_17874,53.49
OUT_17875,264.78
OUT_17876,260.41
OUT_17877,67.14
OUT_17878,274.26
OUT_17879,87.29
OUT_17880,2088.62
OUT_17881,83.98
OUT_17882,252.83
OUT_17883,257.68
OUT_17884,930.37
OUT_17885,49.94
OUT_17886,266.91
OUT_17887,74.52
OUT_17888,83.87
OUT_17889,244.96
OUT_17890,76.07
OUT_17891,918.18
OUT_17892,83.22
OUT_17893,85.82
OUT_17894,53.93
OUT_17895,78.53
OUT_17896,69.38
OUT_17897,80.42
OUT_17898,81.04
OUT_17899,254.77
OUT_17900,85.29
OUT_17901,42.51
OUT_17902,913.09
OUT_17903,67.29
OUT_17904,72.96
OUT_17905,76.46
OUT_17906,913.97
OUT_17907,257.32
OUT_17908,85.65
OUT_17909,65.61
OUT_17910,2089.98
OUT_17911,64.31
OUT_17912,246.98
OUT_17913,71.26
OUT_17914,86.79
OUT_17915,61.96
OUT_17916,76.91
OUT_17917,48.3
OUT_17918,945.74
OUT_17919,53.79
OUT_17920,70.32
OUT_17921,85.57
OUT_17922,64.66
OUT_17923,2103.08
OUT_17924,85.74
OUT_17925,70.89
OUT_17926,255.07
OUT_17927,256.63
OUT_17928,73.56
OUT_17929,53.15
OUT_17930,80.17
OUT_17931,78.87
OUT_17932,85.47
OUT_17933,916.76
OUT_17934,241.68
OUT_17935,244.94
OUT_17936,931.22
OUT_17937,254.73
OUT_17938,71.86
OUT_17939,70.45
OUT_17940,73.8
OUT_17941,78.51
OUT_17942,85.6
OUT_17943,81.82
OUT_17944,938.85
OUT_17945,76.92
OUT_17946,72.1
OUT_17947,918.78
OUT_17948,90.42
OUT_17949,76.25
OUT_17950,55.25
OUT_17951,80.57
OUT_17952,81.7
OUT_17953,53.8
OUT_17954,69.45
OUT_17955,949.12
OUT_17956,254.95
OUT_17957,235.85
OUT_17958,67.28
OUT_17959,66.19
OUT_17960,70.46
OUT_17961,63.37
OUT_17962,43.75
OUT_17963,258.99
OUT_17964,248.49
OUT_17965,68.53
OUT_17966,75.98
OUT_17967,905.44
OUT_17968,65.62
OUT_17969,79.54
OUT_17970,64.87
OUT_17971,73.94
OUT_17972,247.29
OUT_17973,913.25
OUT_17974,74.2
OUT_17975,883.91
OUT_17976,73.74
OUT_17977,71.31
OUT_17978,79.68
OUT_17979,909.21
OUT_17980,78.42
OUT_17981,79.96
OUT_17982,44.22
OUT_17983,2118.87
OUT_17984,73.82
OUT_17985,76.94
OUT_17986,944.3
OUT_17987,947.91
OUT_17988,897.52
OUT_17989,2096.56
OUT_17990,89.89
OUT_17991,247.6
OUT_17992,71.61
OUT_17993,78.85
OUT_17994,256.32
OUT_17995,953.2
OUT_17996,81.8
OUT_17997,80.65
OUT_17998,74.86
OUT_17999,79.4
OUT_18000,85.8
OUT_18001,69.08
OUT_18002,87.04
OUT_18003,67.19
OUT_18004,257.38
OUT_18005,67.12
OUT_18006,882.93
OUT_18007,88.82
OUT_18008,119.62
OUT_18009,81.53
OUT_18010,90.96
OUT_18011,929.98
OUT_18012,905.27
OUT_18013,77.43
OUT_18014,80.0
OUT_18015,251.54
OUT_18016,85.67
OUT_18017,1028.21
OUT_18018,877.32
OUT_18019,72.51
OUT_18020,242.07
OUT_18021,81.22
OUT_18022,2109.34
OUT_18023,2106.29
OUT_18024,69.44
OUT_18025,279.63
OUT_18026,246.07
OUT_18027,255.31
OUT_18028,239.21
OUT_18029,2079.76
OUT_18030,72.7
OUT_18031,247.64
OUT_18032,73.83
OUT_18033,235.79
OUT_18034,240.07
OUT_18035,938.12
OUT_18036,961.83
OUT_18037,47.43
OUT_18038,75.92
OUT_18039,56.45
OUT_18040,261.1
OUT_18041,85.85
OUT_18042,69.07
OUT_18043,87.23
OUT_18044,259.8
OUT_18045,235.97
OUT_18046,253.93
OUT_18047,68.24
OUT_18048,76.18
OUT_18049,89.67
OUT_18050,919.97
OUT_18051,247.1
OUT_18052,70.61
OUT_18053,251.65
OUT_18054,62.14
OUT_18055,2112.0
OUT_18056,77.19
OUT_18057,85.58
OUT_18058,253.21
OUT_18059,70.45
OUT_18060,882.55
OUT_18061,244.14
OUT_18062,242.9
OUT_18063,74.77
OUT_18064,72.75
OUT_18065,77.46
OUT_18066,61.75
OUT_18067,270.7
OUT_18068,265.57
OUT_18069,73.68
OUT_18070,85.12
OUT_18071,2103.81
OUT_18072,1011.56
OUT_18073,253.58
OUT_18074,72.51
OUT_18075,260.55
OUT_18076,66.77
OUT_18077,76.84
OUT_18078,248.73
OUT_18079,88.43
OUT_18080,90.25
OUT_18081,81.98
OUT_18082,74.9
OUT_18083,84.86
OUT_18084,86.12
OUT_18085,260.59
OUT_18086,919.7
OUT_18087,276.35
OUT_18088,70.14
OUT_18089,55.77
OUT_18090,249.94
OUT_18091,241.1
OUT_18092,247.68
OUT_18093,254.16
OUT_18094,252.69
OUT_18095,245.2
OUT_18096,91.18
OUT_18097,40.89
OUT_18098,54.17
OUT_18099,924.45
OUT_18100,246.96
OUT_18101,72.54
OUT_18102,257.17
OUT_18103,87.58
OUT_18104,267.48
OUT_18105,63.09
OUT_18106,258.05
OUT_18107,76.93
OUT_18108,240.04
OUT_18109,76.83
OUT_18110,906.75
OUT_18111,76.89
OUT_18112,71.91
OUT_18113,61.3
OUT_18114,77.67
OUT_18115,85.81
OUT_18116,50.76
OUT_18117,270.5
OUT_18118,67.32
OUT_18119,62.41
OUT_18120,65.67
OUT_18121,80.16
OUT_18122,70.23
OUT_18123,257.91
OUT_18124,55.28
OUT_18125,2082.24
OUT_18126,77.45
OUT_18127,61.57
OUT_18128,2048.39
OUT_18129,80.27
OUT_18130,911.62
OUT_18131,259.52
OUT_18132,80.06
OUT_18133,72.73
OUT_18134,84.87
OUT_18135,85.47
OUT_18136,242.12
OUT_18137,71.68
OUT_18138,41.72
OUT_18139,83.75
OUT_18140,80.56
OUT_18141,913.78
OUT_18142,76.2
OUT_18143,81.48
OUT_18144,255.8
OUT_18145,250.5
OUT_18146,265.03
OUT_18147,88.14
OUT_18148,74.16
OUT_18149,936.57
OUT_18150,914.19
OUT_18151,75.86
OUT_18152,243.89
OUT_18153,220.77
OUT_18154,252.64
OUT_18155,252.16
OUT_18156,249.96
OUT_18157,969.69
OUT_18158,901.76
OUT_18159,63.37
OUT_18160,982.57
OUT_18161,58.27
OUT_18162,69.59
OUT_18163,887.9
OUT_18164,64.66
OUT_18165,55.73
OUT_18166,2101.42
OUT_18167,931.02
OUT_18168,72.64
OUT_18169,78.48
OUT_18170,923.5
OUT_18171,76.38
OUT_18172,925.57
OUT_18173,249.82
OUT_18174,258.2
OUT_18175,252.02
OUT_18176,50.81
OUT_18177,75.31
OUT_18178,80.21
OUT_18179,265.28
OUT_18180,86.07
OUT_18181,80.06
OUT_18182,85.86
OUT_18183,256.1
OUT_18184,72.66
OUT_18185,256.75
OUT_18186,251.91
OUT_18187,1037.05
OUT_18188,60.95
OUT_18189,252.96
OUT_18190,76.7
OUT_18191,951.38
OUT_18192,249.41
OUT_18193,76.07
OUT_18194,251.46
OUT_18195,253.83
OUT_18196,64.96
OUT_18197,72.15
OUT_18198,40.63
OUT_18199,85.66
OUT_18200,241.04
OUT_18201,84.89
OUT_18202,246.31
OUT_18203,936.26
OUT_18204,268.69
OUT_18205,63.4
OUT_18206,73.67
OUT_18207,926.69
OUT_18208,269.03
OUT_18209,2080.08
OUT_18210,912.86
OUT_18211,247.68
OUT_18212,60.2
OUT_18213,43.83
OUT_18214,80.9
OUT_18215,259.98
OUT_18216,212.87
OUT_18217,274.36
OUT_18218,951.1
OUT_18219,73.74
OUT_18220,862.78
OUT_18221,246.09
OUT_18222,254.42
OUT_18223,879.26
OUT_18224,248.47
OUT_18225,72.52
OUT_18226,933.45
OUT_18227,273.82
OUT_18228,78.03
OUT_18229,75.87
OUT_18230,71.92
OUT_18231,78.69
OUT_18232,73.77
OUT_18233,63.24
OUT_18234,936.12
OUT_18235,75.81
OUT_18236,87.38
OUT_18237,70.33
OUT_18238,86.29
OUT_18239,65.48
OUT_18240,905.11
OUT_18241,2104.05
OUT_18242,947.92
OUT_18243,85.72
OUT_18244,80.22
OUT_18245,243.71
OUT_18246,247.58
OUT_18247,78.78
OUT_18248,239.22
OUT_18249,235.49
OUT_18250,76.67
OUT_18251,74.76
OUT_18252,85.91
OUT_18253,77.29
OUT_18254,855.01
OUT_18255,60.2
OUT_18256,76.68
OUT_18257,913.68
OUT_18258,77.58
OUT_18259,74.74
OUT_18260,87.13
OUT_18261,81.85
OUT_18262,70.94
OUT_18263,934.17
OUT_18264,928.55
OUT_18265,254.44
OUT_18266,76.34
OUT_18267,947.7
OUT_18268,65.47
OUT_18269,51.36
OUT_18270,80.23
OUT_18271,80.25
OUT_18272,59.37
OUT_18273,85.79
OUT_18274,254.43
OUT_18275,948.12
OUT_18276,84.88
OUT_18277,78.24
OUT_18278,91.46
OUT_18279,2097.48
OUT_18280,50.39
OUT_18281,253.99
OUT_18282,97.66
OUT_18283,52.18
OUT_18284,77.06
OUT_18285,234.59
OUT_18286,907.93
OUT_18287,252.38
OUT_18288,74.64
OUT_18289,249.58
OUT_18290,932.54
OUT_18291,876.29
OUT_18292,80.28
OUT_18293,925.54
OUT_18294,72.83
OUT_18295,77.04
OUT_18296,930.03
OUT_18297,235.91
OUT_18298,75.0
OUT_18299,253.93
OUT_18300,253.04
OUT_18301,64.93
OUT_18302,76.8
OUT_18303,48.81
OUT_18304,85.9
OUT_18305,935.29
OUT_18306,264.38
OUT_18307,75.73
OUT_18308,254.71
OUT_18309,256.64
OUT_18310,237.28
OUT_18311,70.5
OUT_18312,77.73
OUT_18313,260.53
OUT_18314,899.78
OUT_18315,77.53
OUT_18316,80.15
OUT_18317,246.92
OUT_18318,67.13
OUT_18319,244.6
OUT_18320,85.35
OUT_18321,913.31
OUT_18322,242.83
OUT_18323,259.54
OUT_18324,245.34
OUT_18325,82.27
OUT_18326,63.89
OUT_18327,40.67
OUT_18328,73.24
OUT_18329,76.6
OUT_18330,898.8
OUT_18331,886.8
OUT_18332,80.37
OUT_18333,69.47
OUT_18334,896.12
OUT_18335,240.91
OUT_18336,80.25
OUT_18337,913.11
OUT_18338,2095.14
OUT_18339,246.45
OUT_18340,77.09
OUT_18341,271.46
OUT_18342,249.17
OUT_18343,262.49
OUT_18344,224.96
OUT_18345,77.85
OUT_18346,262.38
OUT_18347,63.66
OUT_18348,67.8
OUT_18349,79.05
OUT_18350,77.42
OUT_18351,69.58
OUT_18352,2103.46
OUT_18353,68.38
OUT_18354,261.92
OUT_18355,69.54
OUT_18356,64.56
OUT_18357,74.51
OUT_18358,894.42
OUT_18359,85.38
OUT_18360,85.23
OUT_18361,252.64
OUT_18362,253.7
OUT_18363,269.83
OUT_18364,81.67
OUT_18365,256.94
OUT_18366,279.28
OUT_18367,67.12
OUT_18368,907.59
OUT_18369,258.21
OUT_18370,82.17
OUT_18371,81.79
OUT_18372,87.21
OUT_18373,53.49
OUT_18374,81.79
OUT_18375,77.41
OUT_18376,87.5
OUT_18377,2095.8
OUT_18378,241.29
OUT_18379,76.65
OUT_18380,269.98
OUT_18381,78.7
OUT_18382,865.54
OUT_18383,997.82
OUT_18384,72.68
OUT_18385,74.78
OUT_18386,83.04
OUT_18387,938.26
OUT_18388,63.05
OUT_18389,74.75
OUT_18390,77.31
OUT_18391,252.09
OUT_18392,906.94
OUT_18393,76.82
OUT_18394,243.87
OUT_18395,69.97
OUT_18396,74.75
OUT_18397,81.57
OUT_18398,960.02
OUT_18399,261.23
OUT_18400,75.84
OUT_18401,76.92
OUT_18402,71.46
OUT_18403,279.63
OUT_18404,82.35
OUT_18405,254.3
OUT_18406,83.95
OUT_18407,912.48
OUT_18408,2096.15
OUT_18409,250.76
OUT_18410,254.36
OUT_18411,247.1
OUT_18412,73.82
OUT_18413,965.45
OUT_18414,265.48
OUT_18415,76.63
OUT_18416,244.09
OUT_18417,60.22
OUT_18418,77.57
OUT_18419,75.83
OUT_18420,252.15
OUT_18421,252.24
OUT_18422,256.79
OUT_18423,78.46
OUT_18424,67.36
OUT_18425,256.81
OUT_18426,72.54
OUT_18427,257.07
OUT_18428,85.88
OUT_18429,270.91
OUT_18430,76.0
OUT_18431,258.51
OUT_18432,85.19
OUT_18433,77.12
OUT_18434,81.58
OUT_18435,73.77
OUT_18436,72.72
OUT_18437,77.23
OUT_18438,72.71
OUT_18439,253.31
OUT_18440,912.05
OUT_18441,78.6
OUT_18442,76.7
OUT_18443,75.43
OUT_18444,242.86
OUT_18445,80.29
OUT_18446,263.74
OUT_18447,957.57
OUT_18448,55.48
OUT_18449,255.33
OUT_18450,73.82
OUT_18451,76.53
OUT_18452,2114.39
OUT_18453,76.04
OUT_18454,942.24
OUT_18455,85.37
OUT_18456,72.5
OUT_18457,64.47
OUT_18458,68.73
OUT_18459,261.29
OUT_18460,87.15
OUT_18461,248.75
OUT_18462,91.49
OUT_18463,76.76
OUT_18464,76.62
OUT_18465,67.09
OUT_18466,75.87
OUT_18467,85.8
OUT_18468,2078.35
OUT_18469,247.79
OUT_18470,65.1
OUT_18471,73.93
OUT_18472,47.34
OUT_18473,874.09
OUT_18474,81.58
OUT_18475,69.8
OUT_18476,232.32
OUT_18477,2080.26
OUT_18478,57.38
OUT_18479,2104.77
OUT_18480,76.99
OUT_18481,897.43
OUT_18482,259.41
OUT_18483,81.43
OUT_18484,78.88
OUT_18485,256.1
OUT_18486,877.86
OUT_18487,46.51
OUT_18488,82.04
OUT_18489,74.55
OUT_18490,81.78
OUT_18491,951.08
OUT_18492,72.68
OUT_18493,79.86
OUT_18494,72.73
OUT_18495,90.62
OUT_18496,62.83
OUT_18497,268.58
OUT_18498,85.86
OUT_18499,69.84
OUT_18500,85.21
OUT_18501,2102.49
OUT_18502,912.52
OUT_18503,76.51
OUT_18504,926.1
OUT_18505,237.78
OUT_18506,251.37
OUT_18507,898.1
OUT_18508,258.22
OUT_18509,69.22
OUT_18510,86.38
OUT_18511,2085.58
OUT_18512,85.95
OUT_18513,76.56
OUT_18514,71.29
OUT_18515,73.78
OUT_18516,101.76
OUT_18517,80.13
OUT_18518,243.29
OUT_18519,58.43
OUT_18520,72.54
OUT_18521,250.45
OUT_18522,878.7
OUT_18523,949.87
OUT_18524,269.27
OUT_18525,55.6
OUT_18526,73.79
OUT_18527,288.45
OUT_18528,73.98
OUT_18529,74.99
OUT_18530,81.23
OUT_18531,250.18
OUT_18532,907.76
OUT_18533,73.89
OUT_18534,38.49
OUT_18535,86.93
OUT_18536,94.66
OUT_18537,856.52
OUT_18538,273.73
OUT_18539,271.68
OUT_18540,84.13
OUT_18541,252.24
OUT_18542,869.36
OUT_18543,77.3
OUT_18544,87.28
OUT_18545,935.94
OUT_18546,239.75
OUT_18547,257.23
OUT_18548,251.07
OUT_18549,266.32
OUT_18550,83.62
OUT_18551,69.55
OUT_18552,85.44
OUT_18553,74.52
OUT_18554,251.56
OUT_18555,251.33
OUT_18556,938.86
OUT_18557,85.19
OUT_18558,52.5
OUT_18559,250.2
OUT_18560,48.82
OUT_18561,69.45
OUT_18562,257.13
OUT_18563,55.73
OUT_18564,83.91
OUT_18565,54.75
OUT_18566,72.74
OUT_18567,267.13
OUT_18568,53.37
OUT_18569,239.73
OUT_18570,73.39
OUT_18571,64.52
OUT_18572,856.0
OUT_18573,253.85
OUT_18574,73.88
OUT_18575,232.26
OUT_18576,264.97
OUT_18577,239.48
OUT_18578,256.93
OUT_18579,258.74
OUT_18580,79.95
OUT_18581,254.7
OUT_18582,255.49
OUT_18583,75.26
OUT_18584,233.45
OUT_18585,77.85
OUT_18586,71.74
OUT_18587,255.13
OUT_18588,50.15
OUT_18589,916.45
OUT_18590,84.81
OUT_18591,77.61
OUT_18592,85.47
OUT_18593,249.96
OUT_18594,50.79
OUT_18595,76.06
OUT_18596,82.19
OUT_18597,245.79
OUT_18598,83.29
OUT_18599,76.43
OUT_18600,69.29
OUT_18601,82.04
OUT_18602,279.31
OUT_18603,74.94
OUT_18604,908.15
OUT_18605,77.29
OUT_18606,78.51
OUT_18607,924.89
OUT_18608,254.65
OUT_18609,65.63
OUT_18610,67.07
OUT_18611,304.77
OUT_18612,80.28
OUT_18613,75.1
OUT_18614,841.11
OUT_18615,69.54
OUT_18616,72.32
OUT_18617,255.18
OUT_18618,85.89
OUT_18619,253.96
OUT_18620,76.04
OUT_18621,80.29
OUT_18622,239.87
OUT_18623,997.77
OUT_18624,73.69
OUT_18625,76.29
OUT_18626,255.07
OUT_18627,255.69
OUT_18628,244.01
OUT_18629,81.61
OUT_18630,937.03
OUT_18631,932.46
OUT_18632,260.49
OUT_18633,77.04
OUT_18634,74.57
OUT_18635,255.54
OUT_18636,259.66
OUT_18637,937.91
OUT_18638,85.7
OUT_18639,83.15
OUT_18640,82.85
OUT_18641,240.34
OUT_18642,67.09
OUT_18643,86.19
OUT_18644,58.19
OUT_18645,70.67
OUT_18646,249.55
OUT_18647,265.14
OUT_18648,936.86
OUT_18649,247.68
OUT_18650,85.82
OUT_18651,73.7
OUT_18652,255.16
OUT_18653,82.09
OUT_18654,86.53
OUT_18655,70.53
OUT_18656,73.6
OUT_18657,80.2
OUT_18658,246.09
OUT_18659,941.34
OUT_18660,917.34
OUT_18661,74.43
OUT_18662,240.44
OUT_18663,251.3
OUT_18664,53.15
OUT_18665,62.44
OUT_18666,73.72
OUT_18667,853.35
OUT_18668,239.16
OUT_18669,241.66
OUT_18670,242.79
OUT_18671,2101.44
OUT_18672,69.52
OUT_18673,79.15
OUT_18674,881.39
OUT_18675,898.03
OUT_18676,246.99
OUT_18677,76.4
OUT_18678,246.86
OUT_18679,253.03
OUT_18680,252.87
OUT_18681,85.79
OUT_18682,2068.27
OUT_18683,73.79
OUT_18684,922.87
OUT_18685,85.81
OUT_18686,47.29
OUT_18687,67.22
OUT_18688,256.24
OUT_18689,934.06
OUT_18690,78.07
OUT_18691,71.99
OUT_18692,69.51
OUT_18693,245.84
OUT_18694,72.12
OUT_18695,70.48
OUT_18696,245.08
OUT_18697,64.43
OUT_18698,73.94
OUT_18699,77.19
OUT_18700,258.17
OUT_18701,921.16
OUT_18702,247.81
OUT_18703,254.69
OUT_18704,76.42
OUT_18705,74.86
OUT_18706,81.05
OUT_18707,948.5
OUT_18708,79.8
OUT_18709,73.56
OUT_18710,80.97
OUT_18711,67.28
OUT_18712,257.12
OUT_18713,74.66
OUT_18714,900.19
OUT_18715,913.94
OUT_18716,85.92
OUT_18717,82.79
OUT_18718,80.58
OUT_18719,251.68
OUT_18720,80.28
OUT_18721,78.8
OUT_18722,75.99
OUT_18723,87.37
OUT_18724,66.36
OUT_18725,80.27
OUT_18726,57.81
OUT_18727,248.57
OUT_18728,233.26
OUT_18729,272.73
OUT_18730,65.16
OUT_18731,85.35
OUT_18732,920.74
OUT_18733,69.74
OUT_18734,82.12
OUT_18735,265.89
OUT_18736,276.82
OUT_18737,2072.48
OUT_18738,2069.31
OUT_18739,254.91
OUT_18740,906.4
OUT_18741,258.56
OUT_18742,76.5
OUT_18743,75.84
OUT_18744,85.88
OUT_18745,863.5
OUT_18746,77.7
OUT_18747,87.78
OUT_18748,252.56
OUT_18749,42.48
OUT_18750,73.88
OUT_18751,878.87
OUT_18752,75.01
OUT_18753,82.14
OUT_18754,941.06
OUT_18755,253.18
OUT_18756,74.44
OUT_18757,73.96
OUT_18758,75.02
OUT_18759,73.52
OUT_18760,73.75
OUT_18761,945.98
OUT_18762,261.17
OUT_18763,77.28
OUT_18764,64.68
OUT_18765,72.45
OUT_18766,267.14
OUT_18767,914.47
OUT_18768,945.24
OUT_18769,73.62
OUT_18770,82.2
OUT_18771,87.15
OUT_18772,919.43
OUT_18773,61.55
OUT_18774,254.98
OUT_18775,256.44
OUT_18776,85.69
OUT_18777,285.96
OUT_18778,85.63
OUT_18779,239.57
OUT_18780,63.21
OUT_18781,255.37
OUT_18782,243.31
OUT_18783,80.24
OUT_18784,81.63
OUT_18785,80.09
OUT_18786,73.84
OUT_18787,53.9
OUT_18788,2089.95
OUT_18789,259.11
OUT_18790,246.47
OUT_18791,923.22
OUT_18792,64.83
OUT_18793,2101.11
OUT_18794,78.5
OUT_18795,254.54
OUT_18796,2100.81
OUT_18797,73.84
OUT_18798,62.85
OUT_18799,245.72
OUT_18800,252.55
OUT_18801,247.72
OUT_18802,2109.69
OUT_18803,50.67
OUT_18804,74.98
OUT_18805,2074.08
OUT_18806,74.65
OUT_18807,85.78
OUT_18808,79.68
OUT_18809,80.51
OUT_18810,73.9
OUT_18811,81.68
OUT_18812,62.83
OUT_18813,85.56
OUT_18814,238.34
OUT_18815,849.83
OUT_18816,73.57
OUT_18817,60.62
OUT_18818,80.16
OUT_18819,962.2
OUT_18820,74.9
OUT_18821,238.52
OUT_18822,82.29
OUT_18823,272.05
OUT_18824,99.44
OUT_18825,910.34
OUT_18826,250.37
OUT_18827,2086.0
OUT_18828,72.53
OUT_18829,233.97
OUT_18830,71.71
OUT_18831,138.28
OUT_18832,270.65
OUT_18833,253.62
OUT_18834,77.63
OUT_18835,957.15
OUT_18836,74.18
OUT_18837,85.95
OUT_18838,977.68
OUT_18839,80.2
OUT_18840,253.32
OUT_18841,69.45
OUT_18842,67.93
OUT_18843,242.3
OUT_18844,2091.98
OUT_18845,68.52
OUT_18846,77.07
OUT_18847,40.61
OUT_18848,255.47
OUT_18849,80.16
OUT_18850,2101.01
OUT_18851,56.41
OUT_18852,942.08
OUT_18853,255.64
OUT_18854,72.6
OUT_18855,904.56
OUT_18856,87.02
OUT_18857,71.43
OUT_18858,921.54
OUT_18859,83.3
OUT_18860,254.56
OUT_18861,83.22
OUT_18862,263.4
OUT_18863,925.02
OUT_18864,231.98
OUT_18865,89.18
OUT_18866,823.62
OUT_18867,253.04
OUT_18868,54.78
OUT_18869,83.03
OUT_18870,251.51
OUT_18871,80.37
OUT_18872,241.22
OUT_18873,259.65
OUT_18874,940.07
OUT_18875,80.2
OUT_18876,252.34
OUT_18877,2109.56
OUT_18878,77.02
OUT_18879,61.25
OUT_18880,81.66
OUT_18881,40.58
OUT_18882,255.85
OUT_18883,242.44
OUT_18884,276.37
OUT_18885,911.0
OUT_18886,64.66
OUT_18887,63.2
OUT_18888,255.62
OUT_18889,78.66
OUT_18890,263.19
OUT_18891,64.57
OUT_18892,261.37
OUT_18893,75.0
OUT_18894,255.36
OUT_18895,75.91
OUT_18896,940.6
OUT_18897,254.12
OUT_18898,87.24
OUT_18899,53.26
OUT_18900,233.34
OUT_18901,64.76
OUT_18902,261.0
OUT_18903,861.73
OUT_18904,269.22
OUT_18905,265.28
OUT_18906,67.13
OUT_18907,53.34
OUT_18908,80.23
OUT_18909,943.46
OUT_18910,251.9
OUT_18911,954.19
OUT_18912,906.07
OUT_18913,929.04
OUT_18914,261.19
OUT_18915,254.32
OUT_18916,60.81
OUT_18917,51.65
OUT_18918,77.69
OUT_18919,874.24
OUT_18920,58.96
OUT_18921,262.37
OUT_18922,243.27
OUT_18923,53.11
OUT_18924,254.64
OUT_18925,255.47
OUT_18926,72.73
OUT_18927,83.27
OUT_18928,80.13
OUT_18929,242.11
OUT_18930,915.31
OUT_18931,75.25
OUT_18932,70.18
OUT_18933,246.33
OUT_18934,2128.2
OUT_18935,65.65
OUT_18936,72.54
OUT_18937,70.42
OUT_18938,246.32
OUT_18939,955.6
OUT_18940,70.13
OUT_18941,943.35
OUT_18942,233.88
OUT_18943,83.04
OUT_18944,234.25
OUT_18945,255.37
OUT_18946,74.97
OUT_18947,53.56
OUT_18948,257.19
OUT_18949,75.93
OUT_18950,889.67
OUT_18951,259.73
OUT_18952,249.31
OUT_18953,74.03
OUT_18954,85.52
OUT_18955,51.65
OUT_18956,925.54
OUT_18957,85.33
OUT_18958,941.0
OUT_18959,71.04
OUT_18960,61.17
OUT_18961,55.61
OUT_18962,257.5
OUT_18963,72.66
OUT_18964,51.73
OUT_18965,242.76
OUT_18966,238.03
OUT_18967,77.61
OUT_18968,263.51
OUT_18969,72.86
OUT_18970,254.62
OUT_18971,76.75
OUT_18972,246.57
OUT_18973,252.37
OUT_18974,63.1
OUT_18975,253.19
OUT_18976,53.93
OUT_18977,87.15
OUT_18978,73.77
OUT_18979,263.98
OUT_18980,50.38
OUT_18981,88.11
OUT_18982,930.41
OUT_18983,907.79
OUT_18984,75.98
OUT_18985,2094.67
OUT_18986,924.97
OUT_18987,77.71
OUT_18988,253.97
OUT_18989,85.35
OUT_18990,72.63
OUT_18991,85.57
OUT_18992,931.67
OUT_18993,78.37
OUT_18994,248.37
OUT_18995,1459.01
OUT_18996,240.33
OUT_18997,82.06
OUT_18998,929.74
OUT_18999,85.3
OUT_19000,84.86
OUT_19001,42.44
OUT_19002,258.27
OUT_19003,75.71
OUT_19004,938.56
OUT_19005,76.32
OUT_19006,251.99
OUT_19007,82.59
OUT_19008,71.68
OUT_19009,79.91
OUT_19010,67.21
OUT_19011,80.07
OUT_19012,2092.04
OUT_19013,256.53
OUT_19014,69.59
OUT_19015,72.66
OUT_19016,47.05
OUT_19017,76.8
OUT_19018,941.45
OUT_19019,75.94
OUT_19020,62.75
OUT_19021,60.28
OUT_19022,73.69
OUT_19023,267.36
OUT_19024,2104.01
OUT_19025,1004.96
OUT_19026,263.36
OUT_19027,254.2
OUT_19028,919.63
OUT_19029,251.05
OUT_19030,2079.31
OUT_19031,74.77
OUT_19032,78.9
OUT_19033,237.14
OUT_19034,254.7
OUT_19035,58.37
OUT_19036,85.69
OUT_19037,75.9
OUT_19038,936.48
OUT_19039,2106.0
OUT_19040,2110.36
OUT_19041,257.2
OUT_19042,240.99
OUT_19043,894.27
OUT_19044,234.93
OUT_19045,918.89
OUT_19046,245.69
OUT_19047,79.08
OUT_19048,67.04
OUT_19049,922.57
OUT_19050,246.2
OUT_19051,876.03
OUT_19052,263.61
OUT_19053,85.46
OUT_19054,254.79
OUT_19055,73.8
OUT_19056,63.15
OUT_19057,77.28
OUT_19058,248.58
OUT_19059,87.2
OUT_19060,249.34
OUT_19061,261.14
OUT_19062,249.22
OUT_19063,264.25
OUT_19064,242.08
OUT_19065,76.01
OUT_19066,85.71
OUT_19067,67.78
OUT_19068,2113.82
OUT_19069,252.91
OUT_19070,80.14
OUT_19071,70.67
OUT_19072,236.34
OUT_19073,246.62
OUT_19074,73.47
OUT_19075,934.52
OUT_19076,254.08
OUT_19077,77.84
OUT_19078,70.52
OUT_19079,87.27
OUT_19080,67.66
OUT_19081,86.96
OUT_19082,77.54
OUT_19083,87.35
OUT_19084,55.69
OUT_19085,251.92
OUT_19086,63.37
OUT_19087,72.52
OUT_19088,79.87
OUT_19089,244.41
OUT_19090,231.92
OUT_19091,2119.4
OUT_19092,851.93
OUT_19093,80.72
OUT_19094,933.59
OUT_19095,85.41
OUT_19096,75.94
OUT_19097,87.8
OUT_19098,79.85
OUT_19099,73.92
OUT_19100,246.53
OUT_19101,81.21
OUT_19102,67.01
OUT_19103,249.98
OUT_19104,256.14
OUT_19105,243.32
OUT_19106,67.19
OUT_19107,75.0
OUT_19108,68.29
OUT_19109,54.19
OUT_19110,260.26
OUT_19111,67.45
OUT_19112,76.0
OUT_19113,87.67
OUT_19114,263.94
OUT_19115,907.52
OUT_19116,253.62
OUT_19117,63.26
OUT_19118,72.63
OUT_19119,225.79
OUT_19120,241.68
OUT_19121,2100.64
OUT_19122,251.11
OUT_19123,56.31
OUT_19124,70.7
OUT_19125,887.95
OUT_19126,2082.63
OUT_19127,85.94
OUT_19128,68.75
OUT_19129,246.15
OUT_19130,243.26
OUT_19131,256.21
OUT_19132,250.33
OUT_19133,899.88
OUT_19134,253.47
OUT_19135,258.7
OUT_19136,69.13
OUT_19137,266.02
OUT_19138,76.66
OUT_19139,256.54
OUT_19140,71.83
OUT_19141,86.62
OUT_19142,921.92
OUT_19143,85.12
OUT_19144,91.58
OUT_19145,64.63
OUT_19146,258.28
OUT_19147,81.81
OUT_19148,75.21
OUT_19149,60.88
OUT_19150,84.74
OUT_19151,2094.56
OUT_19152,255.1
OUT_19153,233.14
OUT_19154,893.34
OUT_19155,80.49
OUT_19156,88.25
OUT_19157,61.2
OUT_19158,85.61
OUT_19159,933.96
OUT_19160,259.05
OUT_19161,242.63
OUT_19162,63.86
OUT_19163,240.71
OUT_19164,246.28
OUT_19165,87.73
OUT_19166,73.77
OUT_19167,246.67
OUT_19168,53.8
OUT_19169,273.59
OUT_19170,77.5
OUT_19171,63.35
OUT_19172,72.89
OUT_19173,80.08
OUT_19174,85.42
OUT_19175,76.0
OUT_19176,255.3
OUT_19177,927.37
OUT_19178,65.58
OUT_19179,67.43
OUT_19180,74.53
OUT_19181,64.82
OUT_19182,251.29
OUT_19183,64.29
OUT_19184,79.91
OUT_19185,241.67
OUT_19186,975.66
OUT_19187,2079.9
OUT_19188,74.81
OUT_19189,80.36
OUT_19190,240.78
OUT_19191,70.68
OUT_19192,65.43
OUT_19193,72.36
OUT_19194,254.1
OUT_19195,242.45
OUT_19196,255.2
OUT_19197,79.23
OUT_19198,64.56
OUT_19199,69.72
OUT_19200,69.45
OUT_19201,2098.01
OUT_19202,77.92
OUT_19203,63.92
OUT_19204,917.66
OUT_19205,75.88
OUT_19206,247.07
OUT_19207,239.9
OUT_19208,238.98
OUT_19209,251.91
OUT_19210,240.9
OUT_19211,904.22
OUT_19212,77.37
OUT_19213,61.05
OUT_19214,914.22
OUT_19215,72.66
OUT_19216,260.75
OUT_19217,254.32
OUT_19218,73.73
OUT_19219,60.75
OUT_19220,80.56
OUT_19221,59.78
OUT_19222,81.82
OUT_19223,67.38
OUT_19224,43.79
OUT_19225,256.41
OUT_19226,76.83
OUT_19227,242.12
OUT_19228,73.76
OUT_19229,252.38
OUT_19230,926.5
OUT_19231,67.26
OUT_19232,249.31
OUT_19233,242.71
OUT_19234,74.5
OUT_19235,941.3
OUT_19236,254.59
OUT_19237,76.9
OUT_19238,71.97
OUT_19239,77.54
OUT_19240,256.29
OUT_19241,76.23
OUT_19242,78.28
OUT_19243,240.96
OUT_19244,258.29
OUT_19245,84.63
OUT_19246,253.42
OUT_19247,78.64
OUT_19248,278.28
OUT_19249,254.64
OUT_19250,74.37
OUT_19251,77.36
OUT_19252,856.11
OUT_19253,235.32
OUT_19254,81.59
OUT_19255,243.02
OUT_19256,72.34
OUT_19257,257.92
OUT_19258,2080.52
OUT_19259,62.09
OUT_19260,72.76
OUT_19261,250.27
OUT_19262,77.48
OUT_19263,269.05
OUT_19264,56.98
OUT_19265,254.93
OUT_19266,253.97
OUT_19267,63.23
OUT_19268,232.75
OUT_19269,80.62
OUT_19270,76.76
OUT_19271,264.82
OUT_19272,77.14
OUT_19273,960.32
OUT_19274,85.53
OUT_19275,2121.26
OUT_19276,67.77
OUT_19277,84.92
OUT_19278,917.75
OUT_19279,72.46
OUT_19280,73.59
OUT_19281,82.06
OUT_19282,892.48
OUT_19283,240.62
OUT_19284,923.39
OUT_19285,250.77
OUT_19286,74.07
OUT_19287,77.4
OUT_19288,61.46
OUT_19289,227.17
OUT_19290,85.52
OUT_19291,956.09
OUT_19292,55.95
OUT_19293,66.48
OUT_19294,253.1
OUT_19295,265.92
OUT_19296,257.39
OUT_19297,72.74
OUT_19298,932.69
OUT_19299,76.7
OUT_19300,936.27
OUT_19301,81.78
OUT_19302,85.75
OUT_19303,2089.89
OUT_19304,82.03
OUT_19305,76.02
OUT_19306,77.75
OUT_19307,2107.78
OUT_19308,866.04
OUT_19309,48.91
OUT_19310,2095.08
OUT_19311,2098.65
OUT_19312,2096.19
OUT_19313,65.08
OUT_19314,85.51
OUT_19315,87.12
OUT_19316,255.89
OUT_19317,74.7
OUT_19318,916.05
OUT_19319,253.3
OUT_19320,940.14
OUT_19321,64.57
OUT_19322,80.35
OUT_19323,906.82
OUT_19324,245.66
OUT_19325,922.95
OUT_19326,85.64
OUT_19327,76.87
OUT_19328,81.81
OUT_19329,73.24
OUT_19330,69.6
OUT_19331,241.86
OUT_19332,911.35
OUT_19333,919.83
OUT_19334,75.03
OUT_19335,77.03
OUT_19336,74.9
OUT_19337,62.65
OUT_19338,70.97
OUT_19339,852.04
OUT_19340,64.35
OUT_19341,924.84
OUT_19342,952.77
OUT_19343,53.26
OUT_19344,954.96
OUT_19345,256.13
OUT_19346,54.17
OUT_19347,64.45
OUT_19348,2132.09
OUT_19349,255.32
OUT_19350,904.05
OUT_19351,63.24
OUT_19352,62.19
OUT_19353,248.95
OUT_19354,71.04
OUT_19355,881.5
OUT_19356,911.61
OUT_19357,897.17
OUT_19358,264.88
OUT_19359,79.82
OUT_19360,912.71
OUT_19361,73.6
OUT_19362,248.28
OUT_19363,256.14
OUT_19364,85.78
OUT_19365,2100.47
OUT_19366,2062.26
OUT_19367,256.77
OUT_19368,958.69
OUT_19369,76.76
OUT_19370,78.48
OUT_19371,77.29
OUT_19372,259.16
OUT_19373,74.09
OUT_19374,77.52
OUT_19375,51.1
OUT_19376,67.17
OUT_19377,85.56
OUT_19378,61.59
OUT_19379,84.84
OUT_19380,65.12
OUT_19381,252.32
OUT_19382,925.05
OUT_19383,244.48
OUT_19384,90.67
OUT_19385,73.74
OUT_19386,65.91
OUT_19387,72.76
OUT_19388,254.2
OUT_19389,80.16
OUT_19390,60.13
OUT_19391,77.09
OUT_19392,73.94
OUT_19393,283.69
OUT_19394,257.22
OUT_19395,86.28
OUT_19396,77.07
OUT_19397,942.08
OUT_19398,99.23
OUT_19399,92.85
OUT_19400,76.14
OUT_19401,895.57
OUT_19402,61.56
OUT_19403,254.64
OUT_19404,62.16
OUT_19405,872.38
OUT_19406,87.3
OUT_19407,993.21
OUT_19408,49.18
OUT_19409,254.73
OUT_19410,79.99
OUT_19411,56.84
OUT_19412,53.4
OUT_19413,77.25
OUT_19414,73.9
OUT_19415,248.71
OUT_19416,911.6
OUT_19417,910.4
OUT_19418,253.52
OUT_19419,66.97
OUT_19420,261.01
OUT_19421,49.28
OUT_19422,76.9
OUT_19423,255.61
OUT_19424,80.62
OUT_19425,239.98
OUT_19426,85.75
OUT_19427,75.57
OUT_19428,61.28
OUT_19429,48.95
OUT_19430,59.88
OUT_19431,251.87
OUT_19432,73.55
OUT_19433,70.85
OUT_19434,2077.24
OUT_19435,66.69
OUT_19436,234.73
OUT_19437,254.8
OUT_19438,85.59
OUT_19439,70.99
OUT_19440,245.71
OUT_19441,67.08
OUT_19442,56.76
OUT_19443,247.92
OUT_19444,81.47
OUT_19445,247.23
OUT_19446,73.69
OUT_19447,81.03
OUT_19448,61.11
OUT_19449,935.54
OUT_19450,64.47
OUT_19451,261.68
OUT_19452,246.44
OUT_19453,59.05
OUT_19454,81.27
OUT_19455,66.92
OUT_19456,70.34
OUT_19457,71.48
OUT_19458,230.61
OUT_19459,248.44
OUT_19460,239.75
OUT_19461,48.93
OUT_19462,952.99
OUT_19463,916.63
OUT_19464,51.69
OUT_19465,86.16
OUT_19466,75.88
OUT_19467,255.83
OUT_19468,78.38
OUT_19469,64.8
OUT_19470,68.64
OUT_19471,250.95
OUT_19472,254.13
OUT_19473,948.43
OUT_19474,81.14
OUT_19475,44.47
OUT_19476,258.92
OUT_19477,69.68
OUT_19478,260.88
OUT_19479,84.58
OUT_19480,65.37
OUT_19481,251.47
OUT_19482,257.51
OUT_19483,64.43
OUT_19484,75.97
OUT_19485,67.56
OUT_19486,75.71
OUT_19487,265.79
OUT_19488,77.25
OUT_19489,82.65
OUT_19490,81.82
OUT_19491,76.1
OUT_19492,238.9
OUT_19493,911.73
OUT_19494,63.2
OUT_19495,896.23
OUT_19496,38.4
OUT_19497,85.77
OUT_19498,51.26
OUT_19499,46.7
OUT_19500,85.78
OUT_19501,77.51
OUT_19502,939.78
OUT_19503,69.22
OUT_19504,74.47
OUT_19505,70.74
OUT_19506,236.93
OUT_19507,58.13
OUT_19508,73.56
OUT_19509,237.81
OUT_19510,86.38
OUT_19511,272.97
OUT_19512,212.14
OUT_19513,261.39
OUT_19514,930.61
OUT_19515,67.31
OUT_19516,85.61
OUT_19517,66.03
OUT_19518,85.27
OUT_19519,915.01
OUT_19520,62.01
OUT_19521,925.12
OUT_19522,73.59
OUT_19523,53.08
OUT_19524,86.29
OUT_19525,58.25
OUT_19526,74.63
OUT_19527,73.77
OUT_19528,85.52
OUT_19529,76.39
OUT_19530,76.04
OUT_19531,240.97
OUT_19532,67.33
OUT_19533,85.81
OUT_19534,67.34
OUT_19535,883.0
OUT_19536,65.26
OUT_19537,848.94
OUT_19538,235.53
OUT_19539,281.36
OUT_19540,263.21
OUT_19541,237.35
OUT_19542,77.61
OUT_19543,87.91
OUT_19544,848.61
OUT_19545,83.49
OUT_19546,274.92
OUT_19547,249.73
OUT_19548,2106.99
OUT_19549,248.58
OUT_19550,257.19
OUT_19551,267.18
OUT_19552,947.0
OUT_19553,77.49
OUT_19554,1001.01
OUT_19555,85.93
OUT_19556,946.61
OUT_19557,85.6
OUT_19558,87.34
OUT_19559,67.57
OUT_19560,932.02
OUT_19561,253.55
OUT_19562,248.32
OUT_19563,74.53
OUT_19564,64.69
OUT_19565,245.9
OUT_19566,80.9
OUT_19567,70.01
OUT_19568,246.79
OUT_19569,75.96
OUT_19570,922.45
OUT_19571,255.38
OUT_19572,240.81
OUT_19573,69.47
OUT_19574,2111.96
OUT_19575,80.48
OUT_19576,258.33
OUT_19577,233.75
OUT_19578,73.66
OUT_19579,73.94
OUT_19580,69.97
OUT_19581,81.22
OUT_19582,85.8
OUT_19583,249.92
OUT_19584,259.89
OUT_19585,255.89
OUT_19586,76.84
OUT_19587,923.38
OUT_19588,2097.78
OUT_19589,246.6
OUT_19590,239.87
OUT_19591,60.13
OUT_19592,241.02
OUT_19593,165.62
OUT_19594,252.39
OUT_19595,2102.53
OUT_19596,49.0
OUT_19597,267.96
OUT_19598,67.13
OUT_19599,906.94
OUT_19600,248.52
OUT_19601,72.6
OUT_19602,918.62
OUT_19603,63.25
OUT_19604,70.92
OUT_19605,898.27
OUT_19606,41.74
OUT_19607,73.9
OUT_19608,77.35
OUT_19609,86.42
OUT_19610,73.77
OUT_19611,248.16
OUT_19612,67.52
OUT_19613,928.19
OUT_19614,953.1
OUT_19615,869.9
OUT_19616,69.3
OUT_19617,242.53
OUT_19618,59.2
OUT_19619,67.02
OUT_19620,91.95
OUT_19621,43.88
OUT_19622,72.66
OUT_19623,254.28
OUT_19624,65.79
OUT_19625,864.71
OUT_19626,72.82
OUT_19627,244.37
OUT_19628,966.55
OUT_19629,254.5
OUT_19630,58.36
OUT_19631,74.58
OUT_19632,259.78
OUT_19633,239.88
OUT_19634,2070.49
OUT_19635,72.17
OUT_19636,909.91
OUT_19637,2130.91
OUT_19638,74.26
OUT_19639,64.45
OUT_19640,57.43
OUT_19641,905.97
OUT_19642,227.12
OUT_19643,259.73
OUT_19644,894.28
OUT_19645,72.59
OUT_19646,2094.94
OUT_19647,55.48
OUT_19648,2089.68
OUT_19649,64.55
OUT_19650,81.51
OUT_19651,76.96
OUT_19652,911.85
OUT_19653,264.4
OUT_19654,253.62
OUT_19655,53.23
OUT_19656,253.37
OUT_19657,244.48
OUT_19658,54.37
OUT_19659,80.75
OUT_19660,969.03
OUT_19661,932.79
OUT_19662,66.98
OUT_19663,85.92
OUT_19664,81.55
OUT_19665,244.56
OUT_19666,915.21
OUT_19667,76.94
OUT_19668,253.49
OUT_19669,255.58
OUT_19670,244.2
OUT_19671,240.54
OUT_19672,989.99
OUT_19673,68.2
OUT_19674,256.94
OUT_19675,253.52
OUT_19676,256.71
OUT_19677,248.44
OUT_19678,256.23
OUT_19679,76.85
OUT_19680,254.06
OUT_19681,255.28
OUT_19682,50.99
OUT_19683,66.87
OUT_19684,268.04
OUT_19685,75.96
OUT_19686,77.07
OUT_19687,253.87
OUT_19688,64.58
OUT_19689,82.87
OUT_19690,67.45
OUT_19691,898.2
OUT_19692,80.44
OUT_19693,74.84
OUT_19694,48.23
OUT_19695,243.61
OUT_19696,938.66
OUT_19697,245.3
OUT_19698,80.66
OUT_19699,76.67
OUT_19700,120.23
OUT_19701,70.49
OUT_19702,60.5
OUT_19703,908.15
OUT_19704,266.35
OUT_19705,87.5
OUT_19706,77.88
OUT_19707,81.76
OUT_19708,235.88
OUT_19709,920.72
OUT_19710,88.86
OUT_19711,78.56
OUT_19712,67.06
OUT_19713,76.7
OUT_19714,77.6
OUT_19715,238.12
OUT_19716,258.27
OUT_19717,81.1
OUT_19718,67.67
OUT_19719,85.67
OUT_19720,72.59
OUT_19721,73.94
OUT_19722,74.78
OUT_19723,73.82
OUT_19724,73.61
OUT_19725,259.57
OUT_19726,70.44
OUT_19727,77.0
OUT_19728,924.5
OUT_19729,949.71
OUT_19730,922.58
OUT_19731,73.64
OUT_19732,76.89
OUT_19733,73.7
OUT_19734,250.78
OUT_19735,76.77
OUT_19736,76.85
OUT_19737,63.65
OUT_19738,253.36
OUT_19739,84.18
OUT_19740,63.41
OUT_19741,62.26
OUT_19742,255.1
OUT_19743,931.07
OUT_19744,939.05
OUT_19745,250.42
OUT_19746,74.66
OUT_19747,85.85
OUT_19748,61.77
OUT_19749,64.55
OUT_19750,243.07
OUT_19751,78.57
OUT_19752,81.66
OUT_19753,262.11
OUT_19754,64.85
OUT_19755,884.41
OUT_19756,255.78
OUT_19757,929.04
OUT_19758,260.07
OUT_19759,85.82
OUT_19760,76.17
OUT_19761,240.78
OUT_19762,81.75
OUT_19763,44.47
OUT_19764,47.06
OUT_19765,77.62
OUT_19766,74.93
OUT_19767,86.03
OUT_19768,82.56
OUT_19769,2105.73
OUT_19770,89.95
OUT_19771,77.02
OUT_19772,935.55
OUT_19773,61.33
OUT_19774,930.96
OUT_19775,70.83
OUT_19776,209.21
OUT_19777,246.07
OUT_19778,76.85
OUT_19779,75.04
OUT_19780,246.08
OUT_19781,80.37
OUT_19782,42.61
OUT_19783,77.08
OUT_19784,66.99
OUT_19785,254.01
OUT_19786,251.08
OUT_19787,254.55
OUT_19788,934.7
OUT_19789,69.1
OUT_19790,72.72
OUT_19791,88.24
OUT_19792,87.3
OUT_19793,73.58
OUT_19794,238.75
OUT_19795,85.52
OUT_19796,80.55
OUT_19797,70.25
OUT_19798,85.95
OUT_19799,86.92
OUT_19800,253.18
OUT_19801,241.3
OUT_19802,2085.98
OUT_19803,923.56
OUT_19804,241.12
OUT_19805,914.9
OUT_19806,890.75
OUT_19807,71.29
OUT_19808,915.92
OUT_19809,255.94
OUT_19810,258.2
OUT_19811,87.21
OUT_19812,81.44
OUT_19813,73.98
OUT_19814,75.88
OUT_19815,78.39
OUT_19816,68.98
OUT_19817,918.81
OUT_19818,62.57
OUT_19819,70.62
OUT_19820,73.79
OUT_19821,248.54
OUT_19822,72.59
OUT_19823,236.71
OUT_19824,79.16
OUT_19825,51.08
OUT_19826,252.0
OUT_19827,2103.11
OUT_19828,900.69
OUT_19829,67.07
OUT_19830,251.44
OUT_19831,242.83
OUT_19832,78.72
OUT_19833,234.3
OUT_19834,243.56
OUT_19835,73.77
OUT_19836,77.05
OUT_19837,940.03
OUT_19838,81.73
OUT_19839,85.92
OUT_19840,76.79
OUT_19841,85.41
OUT_19842,251.69
OUT_19843,244.67
OUT_19844,77.88
OUT_19845,74.07
OUT_19846,77.12
OUT_19847,85.2
OUT_19848,56.47
OUT_19849,83.21
OUT_19850,2121.3
OUT_19851,81.02
OUT_19852,2080.74
OUT_19853,246.45
OUT_19854,86.42
OUT_19855,62.37
OUT_19856,929.75
OUT_19857,69.43
OUT_19858,65.11
OUT_19859,940.59
OUT_19860,67.32
OUT_19861,72.33
OUT_19862,74.73
OUT_19863,254.26
OUT_19864,85.89
OUT_19865,2091.73
OUT_19866,66.81
OUT_19867,261.38
OUT_19868,68.79
OUT_19869,75.6
OUT_19870,78.25
OUT_19871,257.69
OUT_19872,71.66
OUT_19873,78.74
OUT_19874,252.21
OUT_19875,244.25
OUT_19876,256.42
OUT_19877,255.78
OUT_19878,254.31
OUT_19879,73.69
OUT_19880,82.02
OUT_19881,67.36
OUT_19882,72.63
OUT_19883,52.54
OUT_19884,78.05
OUT_19885,259.01
OUT_19886,72.7
OUT_19887,266.37
OUT_19888,77.55
OUT_19889,82.5
OUT_19890,82.04
OUT_19891,44.22
OUT_19892,255.71
OUT_19893,238.45
OUT_19894,955.04
OUT_19895,76.78
OUT_19896,942.96
OUT_19897,53.76
OUT_19898,885.5
OUT_19899,252.94
OUT_19900,64.47
OUT_19901,76.02
OUT_19902,79.92
OUT_19903,73.66
OUT_19904,80.24
OUT_19905,67.24
OUT_19906,74.47
OUT_19907,231.0
OUT_19908,69.58
OUT_19909,72.83
OUT_19910,50.03
OUT_19911,53.32
OUT_19912,931.39
OUT_19913,80.03
OUT_19914,72.61
OUT_19915,75.45
OUT_19916,67.14
OUT_19917,61.24
OUT_19918,68.85
OUT_19919,69.54
OUT_19920,80.57
OUT_19921,251.03
OUT_19922,69.54
OUT_19923,254.61
OUT_19924,78.15
OUT_19925,244.12
OUT_19926,72.79
OUT_19927,74.07
OUT_19928,263.95
OUT_19929,249.48
OUT_19930,78.19
OUT_19931,270.75
OUT_19932,85.71
OUT_19933,71.73
OUT_19934,874.44
OUT_19935,1000.94
OUT_19936,73.9
OUT_19937,256.33
OUT_19938,64.57
OUT_19939,80.29
OUT_19940,932.01
OUT_19941,924.48
OUT_19942,77.42
OUT_19943,944.48
OUT_19944,85.64
OUT_19945,73.85
OUT_19946,79.63
OUT_19947,914.43
OUT_19948,82.02
OUT_19949,76.66
OUT_19950,72.66
OUT_19951,911.63
OUT_19952,69.54
OUT_19953,234.76
OUT_19954,885.31
OUT_19955,83.98
OUT_19956,76.02
OUT_19957,890.55
OUT_19958,77.63
OUT_19959,901.59
OUT_19960,920.3
OUT_19961,65.38
OUT_19962,263.71
OUT_19963,80.17
OUT_19964,247.86
OUT_19965,266.27
OUT_19966,72.64
OUT_19967,70.48
OUT_19968,75.97
OUT_19969,73.72
OUT_19970,253.08
OUT_19971,264.69
OUT_19972,74.05
OUT_19973,76.14
OUT_19974,73.8
OUT_19975,259.18
OUT_19976,71.69
OUT_19977,2117.48
OUT_19978,931.21
OUT_19979,243.11
OUT_19980,72.61
OUT_19981,77.6
OUT_19982,74.31
OUT_19983,81.22
OUT_19984,256.55
OUT_19985,900.12
OUT_19986,247.21
OUT_19987,76.94
OUT_19988,73.84
OUT_19989,76.96
OUT_19990,76.43
OUT_19991,959.78
OUT_19992,248.3
OUT_19993,246.94
OUT_19994,253.01
OUT_19995,248.52
OUT_19996,236.34
OUT_19997,85.62
OUT_19998,252.94
OUT_19999,70.65
OUT_20000,70.0
